Speed (linear);Time;Acceleration (linear);;;;;;;;;;;;;;;;;;;;;;;;
88,42076854;0,003507154;4,460498606;;;;;;;;;;;;;;;;;;;;;;;;
77,38587469;0,00817706;-17,63783919;;;;;;;;;;;;;;;;;;;;;;;;
77,08935334;0,012865088;-17,65757826;;;;;;;;;;;;;;;;;;;;;;;;
76,79134813;0,017571471;-17,67650044;;;;;;;;;;;;;;;;;;;;;;;;
76,49185553;0,022296447;-17,69460831;;;;;;;;;;;;;;;;;;;;;;;;
76,19087181;0,027040255;-17,71190441;;;;;;;;;;;;;;;;;;;;;;;;
75,88839303;0,031803142;-17,72839127;;;;;;;;;;;;;;;;;;;;;;;;
75,58441509;0,036585356;-17,74407145;;;;;;;;;;;;;;;;;;;;;;;;
75,27893366;0,041387153;-17,75894748;;;;;;;;;;;;;;;;;;;;;;;;
74,97194421;0,046208789;-17,77302189;;;;;;;;;;;;;;;;;;;;;;;;
74,663442;0,05105053;-17,78629722;;;;;;;;;;;;;;;;;;;;;;;;
74,35342209;0,055912644;-17,79877601;;;;;;;;;;;;;;;;;;;;;;;;
74,0418793;0,060795402;-17,81046079;;;;;;;;;;;;;;;;;;;;;;;;
73,72880823;0,065699086;-17,82135409;;;;;;;;;;;;;;;;;;;;;;;;
73,41420324;0,070623977;-17,83145845;;;;;;;;;;;;;;;;;;;;;;;;
73,09805845;0,075570366;-17,8407764;;;;;;;;;;;;;;;;;;;;;;;;
72,78036774;0,080538547;-17,84931049;;;;;;;;;;;;;;;;;;;;;;;;
72,46112475;0,085528822;-17,85706325;;;;;;;;;;;;;;;;;;;;;;;;
72,14032283;0,090541496;-17,86403722;;;;;;;;;;;;;;;;;;;;;;;;
71,81795509;0,095576882;-17,87023496;;;;;;;;;;;;;;;;;;;;;;;;
71,49401434;0,1006353;-17,87565901;;;;;;;;;;;;;;;;;;;;;;;;
71,16849313;0,105717076;-17,88031192;;;;;;;;;;;;;;;;;;;;;;;;
70,8413837;0,110822541;-17,88419626;;;;;;;;;;;;;;;;;;;;;;;;
70,51267802;0,115952034;-17,88731458;;;;;;;;;;;;;;;;;;;;;;;;
70,1823677;0,121105903;-17,88966946;;;;;;;;;;;;;;;;;;;;;;;;
69,85044409;0,1262845;-17,89126347;;;;;;;;;;;;;;;;;;;;;;;;
69,51689818;0,131488186;-17,89209918;;;;;;;;;;;;;;;;;;;;;;;;
69,18172061;0,136717332;-17,89217918;;;;;;;;;;;;;;;;;;;;;;;;
68,84490171;0,141970372;-16,55947542;;;;;;;;;;;;;;;;;;;;;;;;
68,5317464;0,147247388;-16,39061354;;;;;;;;;;;;;;;;;;;;;;;;
68,22036968;0,152548454;-16,21773821;;;;;;;;;;;;;;;;;;;;;;;;
67,91087302;0,157873632;-16,0404919;;;;;;;;;;;;;;;;;;;;;;;;
67,60336647;0,163222976;-15,85847732;;;;;;;;;;;;;;;;;;;;;;;;
67,29796964;0,168596527;-15,67125159;;;;;;;;;;;;;;;;;;;;;;;;
66,99481271;0,173994311;-15,47831917;;;;;;;;;;;;;;;;;;;;;;;;
66,69403767;0,17941634;-15,27912352;;;;;;;;;;;;;;;;;;;;;;;;
66,39579977;0,184862612;-15,07303691;;;;;;;;;;;;;;;;;;;;;;;;
66,10026911;0,190333102;-14,85934812;;;;;;;;;;;;;;;;;;;;;;;;
65,80763262;0,195827767;-14,6372473;;;;;;;;;;;;;;;;;;;;;;;;
65,51809623;0,20134654;-14,40580722;;;;;;;;;;;;;;;;;;;;;;;;
65,23188765;0,206889328;-14,16395986;;;;;;;;;;;;;;;;;;;;;;;;
64,94925946;0,212456009;-13,91046674;;;;;;;;;;;;;;;;;;;;;;;;
64,67049299;0,218046427;-13,64388089;;;;;;;;;;;;;;;;;;;;;;;;
64,39590301;0,223660388;-13,36249737;;;;;;;;;;;;;;;;;;;;;;;;
64,12584346;0,229297657;-13,06428788;;;;;;;;;;;;;;;;;;;;;;;;
63,86071462;0,234957948;-12,7468126;;;;;;;;;;;;;;;;;;;;;;;;
63,60097222;0,24064092;-12,40709893;;;;;;;;;;;;;;;;;;;;;;;;
63,34713913;0,246346166;-12,04147011;;;;;;;;;;;;;;;;;;;;;;;;
63,09982075;0,252073203;-11,64529613;;;;;;;;;;;;;;;;;;;;;;;;
62,85972578;0,257821459;-11,21261821;;;;;;;;;;;;;;;;;;;;;;;;
62,627695;0,263590251;-10,73555796;;;;;;;;;;;;;;;;;;;;;;;;
62,40474266;0,269378766;-10,20333598;;;;;;;;;;;;;;;;;;;;;;;;
62,19211888;0,275186022;-9,600525707;;;;;;;;;;;;;;;;;;;;;;;;
61,99140911;0,281010821;-8,903647608;;;;;;;;;;;;;;;;;;;;;;;;
61,80470606;0,286851664;-8,073611846;;;;;;;;;;;;;;;;;;;;;;;;
61,63494195;0,292706593;-7,035281225;;;;;;;;;;;;;;;;;;;;;;;;
61,48665409;0,298572802;-5,598303367;;;;;;;;;;;;;;;;;;;;;;;;
61,36842715;0,304442968;-1,958084216;;;;;;;;;;;;;;;;;;;;;;;;
61,32704774;0,310316471;-1,647356477;;;;;;;;;;;;;;;;;;;;;;;;
61,29221503;0,316189974;0;;;;;;;;;;;;;;;;;;;;;;;;
61,25738233;0,322063477;-1,64735591;;;;;;;;;;;;;;;;;;;;;;;;
61,24186309;0,32794032;-0,733540169;;;;;;;;;;;;;;;;;;;;;;;;
61,2314922;0,333818652;-0,490071562;;;;;;;;;;;;;;;;;;;;;;;;
61,22466366;0,339697979;-0,322624678;;;;;;;;;;;;;;;;;;;;;;;;
61,22053673;0,345577962;-0,194961616;;;;;;;;;;;;;;;;;;;;;;;;
61,21857728;0,351458342;-0,092560343;;;;;;;;;;;;;;;;;;;;;;;;
61,21841087;0,35733891;-0,007860915;;;;;;;;;;;;;;;;;;;;;;;;
61,21975857;0,363219494;0,063660752;;;;;;;;;;;;;;;;;;;;;;;;
61,22240397;0,369099948;0,124961917;;;;;;;;;;;;;;;;;;;;;;;;
61,22617408;0,374980149;0,178097964;;;;;;;;;;;;;;;;;;;;;;;;
61,23092751;0,380859987;0,22456352;;;;;;;;;;;;;;;;;;;;;;;;
61,23654668;0,386739369;0,265483838;;;;;;;;;;;;;;;;;;;;;;;;
61,24293243;0,392618211;0,30172968;;;;;;;;;;;;;;;;;;;;;;;;
61,25000021;0,39849644;0,333990053;;;;;;;;;;;;;;;;;;;;;;;;
61,25767719;0,404373991;0,362820254;;;;;;;;;;;;;;;;;;;;;;;;
61,2659002;0,410250806;0,388674771;;;;;;;;;;;;;;;;;;;;;;;;
61,27461405;0,416126831;0,411930473;;;;;;;;;;;;;;;;;;;;;;;;
61,28377025;0,422002021;0,43290339;;;;;;;;;;;;;;;;;;;;;;;;
61,29332599;0,427876334;0,451861111;;;;;;;;;;;;;;;;;;;;;;;;
61,30324332;0,43374973;0,469032134;;;;;;;;;;;;;;;;;;;;;;;;
61,31348843;0,439622176;0,48461302;;;;;;;;;;;;;;;;;;;;;;;;
61,32403115;0,445493641;0,498773971;;;;;;;;;;;;;;;;;;;;;;;;
61,33484445;0,451364097;0,511663213;;;;;;;;;;;;;;;;;;;;;;;;
61,34590407;0,457233517;0,523410501;;;;;;;;;;;;;;;;;;;;;;;;
61,35718816;0,46310188;0,534129946;;;;;;;;;;;;;;;;;;;;;;;;
61,368677;0,468969163;0,543922311;;;;;;;;;;;;;;;;;;;;;;;;
61,38035281;0,474835348;0,552876904;;;;;;;;;;;;;;;;;;;;;;;;
61,39219944;0,480700417;0,561073147;;;;;;;;;;;;;;;;;;;;;;;;
61,46499896;0,486564354;3,448551413;;;;;;;;;;;;;;;;;;;;;;;;
61,57063691;0,492421346;5,010058745;;;;;;;;;;;;;;;;;;;;;;;;
61,70000696;0,498268289;6,146139487;;;;;;;;;;;;;;;;;;;;;;;;
61,84802493;0,504102972;7,046843555;;;;;;;;;;;;;;;;;;;;;;;;
62,01133117;0,509923691;7,793340279;;;;;;;;;;;;;;;;;;;;;;;;
62,18750354;0,515729082;8,429539301;;;;;;;;;;;;;;;;;;;;;;;;
62,3746995;0,521518026;8,982445519;;;;;;;;;;;;;;;;;;;;;;;;
62,56155157;0,527289597;8,992933469;;;;;;;;;;;;;;;;;;;;;;;;
62,74712998;0,53304393;8,958389815;;;;;;;;;;;;;;;;;;;;;;;;
62,93143372;0,538781244;8,923249168;;;;;;;;;;;;;;;;;;;;;;;;
63,11447845;0,544501756;8,8883232;;;;;;;;;;;;;;;;;;;;;;;;
63,29627949;0,550205677;8,853609493;;;;;;;;;;;;;;;;;;;;;;;;
63,47685189;0,555893215;8,819105678;;;;;;;;;;;;;;;;;;;;;;;;
63,65621039;0,561564574;8,784809428;;;;;;;;;;;;;;;;;;;;;;;;
63,83436945;0,567219953;8,750718459;;;;;;;;;;;;;;;;;;;;;;;;
64,01134328;0,572859548;8,716830533;;;;;;;;;;;;;;;;;;;;;;;;
64,18714577;0,578483551;8,683143448;;;;;;;;;;;;;;;;;;;;;;;;
64,3617906;0,584092151;8,649655045;;;;;;;;;;;;;;;;;;;;;;;;
64,53529116;0,589685532;8,616363203;;;;;;;;;;;;;;;;;;;;;;;;
64,70766061;0,595263875;8,583265841;;;;;;;;;;;;;;;;;;;;;;;;
64,87891186;0,600827358;8,550360911;;;;;;;;;;;;;;;;;;;;;;;;
64,78979686;0,606413853;-17,33683061;;;;;;;;;;;;;;;;;;;;;;;;
64,44112928;0,612031183;-17,49298323;;;;;;;;;;;;;;;;;;;;;;;;
64,08737935;0,61768012;-17,63202254;;;;;;;;;;;;;;;;;;;;;;;;
63,72881152;0,623361332;-17,70217416;;;;;;;;;;;;;;;;;;;;;;;;
63,36676023;0,629075362;-17,69236579;;;;;;;;;;;;;;;;;;;;;;;;
63,00281927;0,634822766;-17,68182198;;;;;;;;;;;;;;;;;;;;;;;;
62,63697078;0,640604116;-17,67054547;;;;;;;;;;;;;;;;;;;;;;;;
62,26919621;0,646419997;-17,65853906;;;;;;;;;;;;;;;;;;;;;;;;
61,89947634;0,652271011;-17,64580552;;;;;;;;;;;;;;;;;;;;;;;;
61,52779122;0,658157778;-17,63234766;;;;;;;;;;;;;;;;;;;;;;;;
61,1541202;0,66408093;-17,61816827;;;;;;;;;;;;;;;;;;;;;;;;
60,77844183;0,670041123;-17,60327018;;;;;;;;;;;;;;;;;;;;;;;;
60,40073387;0,676039026;-17,5876562;;;;;;;;;;;;;;;;;;;;;;;;
60,02097324;0,682075331;-17,57132919;;;;;;;;;;;;;;;;;;;;;;;;
59,63913601;0,688150747;-17,55429198;;;;;;;;;;;;;;;;;;;;;;;;
59,25519733;0,694266007;-17,53654743;;;;;;;;;;;;;;;;;;;;;;;;
58,8691314;0,700421862;-17,51809841;;;;;;;;;;;;;;;;;;;;;;;;
58,48091147;0,706619087;-17,4989478;;;;;;;;;;;;;;;;;;;;;;;;
58,09050973;0,712858483;-17,47909848;;;;;;;;;;;;;;;;;;;;;;;;
57,6978973;0,719140871;-17,45855336;;;;;;;;;;;;;;;;;;;;;;;;
57,30304419;0,725467103;-17,43731534;;;;;;;;;;;;;;;;;;;;;;;;
56,90591923;0,731838052;-17,41538734;;;;;;;;;;;;;;;;;;;;;;;;
56,50649003;0,738254624;-17,39277229;;;;;;;;;;;;;;;;;;;;;;;;
56,10472291;0,744717752;-17,36947313;;;;;;;;;;;;;;;;;;;;;;;;
55,70058285;0,751228401;-17,34549281;;;;;;;;;;;;;;;;;;;;;;;;
55,2940334;0,757787565;-17,32083429;;;;;;;;;;;;;;;;;;;;;;;;
54,88503666;0,764396277;-17,29550053;;;;;;;;;;;;;;;;;;;;;;;;
54,47355315;0,771031464;-9,099462699;;;;;;;;;;;;;;;;;;;;;;;;
54,25619727;0,777693238;-9,029273758;;;;;;;;;;;;;;;;;;;;;;;;
54,03965371;0,784381708;-8,957476938;;;;;;;;;;;;;;;;;;;;;;;;
53,82397119;0,791096973;-8,883947405;;;;;;;;;;;;;;;;;;;;;;;;
53,60920217;0,797839127;-8,808548366;;;;;;;;;;;;;;;;;;;;;;;;
53,39540326;0,804608253;-8,731129538;;;;;;;;;;;;;;;;;;;;;;;;
53,18263562;0,811404429;-8,651525371;;;;;;;;;;;;;;;;;;;;;;;;
52,97096538;0,81822772;-8,569552971;;;;;;;;;;;;;;;;;;;;;;;;
52,76046419;0,825078181;-8,485009646;;;;;;;;;;;;;;;;;;;;;;;;
52,55120978;0,831955854;-8,397670012;;;;;;;;;;;;;;;;;;;;;;;;
52,34328664;0,838860767;-8,307282544;;;;;;;;;;;;;;;;;;;;;;;;
52,1367868;0,845792935;-8,213565442;;;;;;;;;;;;;;;;;;;;;;;;
51,93181069;0,852752352;-8,116201638;;;;;;;;;;;;;;;;;;;;;;;;
51,72846816;0,859738997;-8,01483272;;;;;;;;;;;;;;;;;;;;;;;;
51,52687972;0,866752825;-7,909051472;;;;;;;;;;;;;;;;;;;;;;;;
51,32717791;0,873793768;-7,798392623;;;;;;;;;;;;;;;;;;;;;;;;
51,12950895;0,880861734;-7,682321269;;;;;;;;;;;;;;;;;;;;;;;;
50,93403477;0,887956597;-7,56021818;;;;;;;;;;;;;;;;;;;;;;;;
50,7409354;0,895078201;-7,431360953;;;;;;;;;;;;;;;;;;;;;;;;
50,55041185;0,90222635;-7,294899439;;;;;;;;;;;;;;;;;;;;;;;;
50,36268976;0,909400805;-7,149823203;;;;;;;;;;;;;;;;;;;;;;;;
50,17802384;0,91660128;-6,994917602;;;;;;;;;;;;;;;;;;;;;;;;
49,99670362;0,92382743;-6,828703221;;;;;;;;;;;;;;;;;;;;;;;;
49,81906078;0,931079155;-6,730375899;;;;;;;;;;;;;;;;;;;;;;;;
49,64335616;0,938356446;-6,656783441;;;;;;;;;;;;;;;;;;;;;;;;
49,46896011;0,945659272;-6,579562001;;;;;;;;;;;;;;;;;;;;;;;;
49,29598227;0,952987585;-6,49831817;;;;;;;;;;;;;;;;;;;;;;;;
49,12454413;0,96034131;-6,412598731;;;;;;;;;;;;;;;;;;;;;;;;
48,95478078;0,967720349;-6,321877915;;;;;;;;;;;;;;;;;;;;;;;;
48,786843;0,975124572;-6,225541006;;;;;;;;;;;;;;;;;;;;;;;;
48,62089994;0,982553817;-6,122862923;;;;;;;;;;;;;;;;;;;;;;;;
48,45714223;0,990007884;-6,01297979;;;;;;;;;;;;;;;;;;;;;;;;
48,29578609;0,997486526;-5,894850441;;;;;;;;;;;;;;;;;;;;;;;;
48,13707837;1,004989449;-5,767203183;;;;;;;;;;;;;;;;;;;;;;;;
47,9813032;1,012516296;-5,62846025;;;;;;;;;;;;;;;;;;;;;;;;
47,82879079;1,020066643;-5,476627388;;;;;;;;;;;;;;;;;;;;;;;;
47,67992922;1,027639981;-5,309126613;;;;;;;;;;;;;;;;;;;;;;;;
47,5351811;1,035235702;-5,122531765;;;;;;;;;;;;;;;;;;;;;;;;
47,39510754;1,042853072;-4,912127366;;;;;;;;;;;;;;;;;;;;;;;;
47,26040457;1,050491201;-4,671120687;;;;;;;;;;;;;;;;;;;;;;;;
47,13196153;1,058148989;-4,389100804;;;;;;;;;;;;;;;;;;;;;;;;
47,01096263;1,065825045;-4,048616623;;;;;;;;;;;;;;;;;;;;;;;;
46,89908396;1,073517526;-3,615948311;;;;;;;;;;;;;;;;;;;;;;;;
46,79894776;1,081223737;-3,005765189;;;;;;;;;;;;;;;;;;;;;;;;
46,71556073;1,088934668;-1,029930302;;;;;;;;;;;;;;;;;;;;;;;;
46,68697053;1,096645599;0;;;;;;;;;;;;;;;;;;;;;;;;
46,65838034;1,10435653;-1,029930302;;;;;;;;;;;;;;;;;;;;;;;;
46,64628467;1,112072186;-0,435466102;;;;;;;;;;;;;;;;;;;;;;;;
46,62941885;1,119789842;-0,607043198;;;;;;;;;;;;;;;;;;;;;;;;
46,60951499;1,12751029;-0,716130687;;;;;;;;;;;;;;;;;;;;;;;;
46,58865939;1,135234035;-0,750053429;;;;;;;;;;;;;;;;;;;;;;;;
46,56773399;1,142961237;-0,752227384;;;;;;;;;;;;;;;;;;;;;;;;
46,54680587;1,150691912;-0,751986863;;;;;;;;;;;;;;;;;;;;;;;;
46,52587516;1,158426062;-0,751742155;;;;;;;;;;;;;;;;;;;;;;;;
46,50494184;1,166163692;-0,751497589;;;;;;;;;;;;;;;;;;;;;;;;
46,48400591;1,173904805;-0,75125314;;;;;;;;;;;;;;;;;;;;;;;;
46,46306737;1,181649404;-0,751008809;;;;;;;;;;;;;;;;;;;;;;;;
46,4421262;1,189397494;-0,750764597;;;;;;;;;;;;;;;;;;;;;;;;
46,4211824;1,197149077;-0,750520501;;;;;;;;;;;;;;;;;;;;;;;;
46,40023596;1,204904157;-0,750276524;;;;;;;;;;;;;;;;;;;;;;;;
46,37928688;1,212662738;-0,750032664;;;;;;;;;;;;;;;;;;;;;;;;
46,35833515;1,220424824;-0,749788922;;;;;;;;;;;;;;;;;;;;;;;;
46,33738076;1,228190418;-0,749545297;;;;;;;;;;;;;;;;;;;;;;;;
46,3164237;1,235959523;-0,74930179;;;;;;;;;;;;;;;;;;;;;;;;
46,29546397;1,243732144;-0,7490584;;;;;;;;;;;;;;;;;;;;;;;;
46,27450156;1,251508284;-0,748815127;;;;;;;;;;;;;;;;;;;;;;;;
46,25353647;1,259287946;-0,748571972;;;;;;;;;;;;;;;;;;;;;;;;
46,23256868;1,267071135;-0,748328933;;;;;;;;;;;;;;;;;;;;;;;;
46,2115982;1,274857854;-0,748086012;;;;;;;;;;;;;;;;;;;;;;;;
46,26344018;1,282648106;1,848534566;;;;;;;;;;;;;;;;;;;;;;;;
46,3417166;1,290429628;2,794241251;;;;;;;;;;;;;;;;;;;;;;;;
46,43870458;1,298198007;3,468047485;;;;;;;;;;;;;;;;;;;;;;;;
46,55033659;1,305950161;4,000035494;;;;;;;;;;;;;;;;;;;;;;;;
46,67399541;1,313683725;4,44163552;;;;;;;;;;;;;;;;;;;;;;;;
46,80781988;1,321396799;4,81953906;;;;;;;;;;;;;;;;;;;;;;;;
46,95040375;1,329087822;5,149722276;;;;;;;;;;;;;;;;;;;;;;;;
47,10064028;1,336755488;5,44264317;;;;;;;;;;;;;;;;;;;;;;;;
47,25763255;1,344398696;5,705583799;;;;;;;;;;;;;;;;;;;;;;;;
47,42063752;1,352016513;5,943849724;;;;;;;;;;;;;;;;;;;;;;;;
47,58902897;1,359608144;6,161442806;;;;;;;;;;;;;;;;;;;;;;;;
47,76227183;1,367172913;6,361465365;;;;;;;;;;;;;;;;;;;;;;;;
47,93990374;1,374710243;6,54637633;;;;;;;;;;;;;;;;;;;;;;;;
48,12152147;1,382219645;6,718160747;;;;;;;;;;;;;;;;;;;;;;;;
48,30677051;1,389700705;6,878445989;;;;;;;;;;;;;;;;;;;;;;;;
48,49533714;1,397153076;7,028583852;;;;;;;;;;;;;;;;;;;;;;;;
48,68694204;1,404576471;7,169710013;;;;;;;;;;;;;;;;;;;;;;;;
48,8813353;1,41197065;7,302788052;;;;;;;;;;;;;;;;;;;;;;;;
49,07829229;1,419335425;7,428642662;;;;;;;;;;;;;;;;;;;;;;;;
49,27761032;1,426670643;7,547985127;;;;;;;;;;;;;;;;;;;;;;;;
49,47910584;1,433976192;7,661433146;;;;;;;;;;;;;;;;;;;;;;;;
49,68261207;1,441251991;7,769526475;;;;;;;;;;;;;;;;;;;;;;;;
49,9647006;1,448497986;10,81396227;;;;;;;;;;;;;;;;;;;;;;;;
50,28463763;1,455703073;12,33453548;;;;;;;;;;;;;;;;;;;;;;;;
50,6004324;1,462862317;12,25279736;;;;;;;;;;;;;;;;;;;;;;;;
50,91218788;1,469976881;12,17203892;;;;;;;;;;;;;;;;;;;;;;;;
51,22000296;1,477047879;12,09223686;;;;;;;;;;;;;;;;;;;;;;;;
51,5239726;1,484076384;12,01336878;;;;;;;;;;;;;;;;;;;;;;;;
51,82418811;1,491063422;11,93541317;;;;;;;;;;;;;;;;;;;;;;;;
52,12073729;1,498009986;11,85834932;;;;;;;;;;;;;;;;;;;;;;;;
52,41370467;1,504917025;11,78215732;;;;;;;;;;;;;;;;;;;;;;;;
52,70317164;1,511785458;11,70681797;;;;;;;;;;;;;;;;;;;;;;;;
52,98921661;1,518616166;11,63231278;;;;;;;;;;;;;;;;;;;;;;;;
53,2719152;1,525410002;11,55862392;;;;;;;;;;;;;;;;;;;;;;;;
53,55134032;1,532167784;11,48573418;;;;;;;;;;;;;;;;;;;;;;;;
53,82756236;1,538890305;11,41362696;;;;;;;;;;;;;;;;;;;;;;;;
54,10064928;1,545578328;11,34228623;;;;;;;;;;;;;;;;;;;;;;;;
54,37066671;1,552232592;11,27169649;;;;;;;;;;;;;;;;;;;;;;;;
54,63767812;1,558853809;11,20184275;;;;;;;;;;;;;;;;;;;;;;;;
54,90164577;1,565442669;11,12853333;;;;;;;;;;;;;;;;;;;;;;;;
55,16262352;1,57199985;11,05563885;;;;;;;;;;;;;;;;;;;;;;;;
55,42067211;1,578526008;10,98351639;;;;;;;;;;;;;;;;;;;;;;;;
55,67585031;1,585021779;10,91215099;;;;;;;;;;;;;;;;;;;;;;;;
55,92821503;1,591487778;10,84152813;;;;;;;;;;;;;;;;;;;;;;;;
56,17782138;1,5979246;10,77163379;;;;;;;;;;;;;;;;;;;;;;;;
56,42472275;1,604332823;10,70245435;;;;;;;;;;;;;;;;;;;;;;;;
56,66897089;1,610713005;10,63397661;;;;;;;;;;;;;;;;;;;;;;;;
56,91061599;1,617065688;10,56618778;;;;;;;;;;;;;;;;;;;;;;;;
57,14970674;1,623391397;10,49907542;;;;;;;;;;;;;;;;;;;;;;;;
57,38629037;1,629690642;10,43262749;;;;;;;;;;;;;;;;;;;;;;;;
57,62041275;1,635963918;10,36683228;;;;;;;;;;;;;;;;;;;;;;;;
57,8521184;1,642211703;10,30167841;;;;;;;;;;;;;;;;;;;;;;;;
58,08145058;1,648434466;10,23715483;;;;;;;;;;;;;;;;;;;;;;;;
58,30845134;1,654632658;10,1732508;;;;;;;;;;;;;;;;;;;;;;;;
58,53316152;1,66080672;10,10995588;;;;;;;;;;;;;;;;;;;;;;;;
58,75562087;1,66695708;10,0472599;;;;;;;;;;;;;;;;;;;;;;;;
58,97586802;1,673084154;9,985152982;;;;;;;;;;;;;;;;;;;;;;;;
59,19393425;1,679188345;9,92333728;;;;;;;;;;;;;;;;;;;;;;;;
59,40983546;1,685270049;9,861143712;;;;;;;;;;;;;;;;;;;;;;;;
59,62360801;1,691329652;9,799530936;;;;;;;;;;;;;;;;;;;;;;;;
59,8352873;1,697367529;9,738489665;;;;;;;;;;;;;;;;;;;;;;;;
60,04490778;1,703384045;9,678010854;;;;;;;;;;;;;;;;;;;;;;;;
60,25250306;1,709379558;9,618085686;;;;;;;;;;;;;;;;;;;;;;;;
60,45810584;1,715354414;9,558705567;;;;;;;;;;;;;;;;;;;;;;;;
60,66174803;1,72130895;9,499862114;;;;;;;;;;;;;;;;;;;;;;;;
60,86346074;1,727243497;9,441547154;;;;;;;;;;;;;;;;;;;;;;;;
61,06327428;1,733158376;9,383752712;;;;;;;;;;;;;;;;;;;;;;;;
61,26121824;1,7390539;9,326471005;;;;;;;;;;;;;;;;;;;;;;;;
61,45732149;1,744930375;9,269694436;;;;;;;;;;;;;;;;;;;;;;;;
61,6516122;1,750788098;9,213415588;;;;;;;;;;;;;;;;;;;;;;;;
61,84411787;1,756627362;9,157627218;;;;;;;;;;;;;;;;;;;;;;;;
62,03486535;1,762448449;9,102322251;;;;;;;;;;;;;;;;;;;;;;;;
62,22388086;1,768251637;9,047493773;;;;;;;;;;;;;;;;;;;;;;;;
62,41155899;1,774037197;9,010849803;;;;;;;;;;;;;;;;;;;;;;;;
62,59817277;1,779805359;8,986772317;;;;;;;;;;;;;;;;;;;;;;;;
62,78349908;1,785556326;8,951457456;;;;;;;;;;;;;;;;;;;;;;;;
62,96755384;1,791290317;8,916359249;;;;;;;;;;;;;;;;;;;;;;;;
63,15035262;1,797007547;8,881475241;;;;;;;;;;;;;;;;;;;;;;;;
63,3319107;1,802708228;8,846803024;;;;;;;;;;;;;;;;;;;;;;;;
63,51224306;1,808392566;8,812340238;;;;;;;;;;;;;;;;;;;;;;;;
63,69136439;1,814060764;8,778084564;;;;;;;;;;;;;;;;;;;;;;;;
63,8692891;1,819713022;8,744033727;;;;;;;;;;;;;;;;;;;;;;;;
64,04603133;1,825349534;8,710185496;;;;;;;;;;;;;;;;;;;;;;;;
64,22160494;1,830970491;8,676537679;;;;;;;;;;;;;;;;;;;;;;;;
64,39602354;1,836576081;8,643088124;;;;;;;;;;;;;;;;;;;;;;;;
64,56930047;1,842166489;8,609834717;;;;;;;;;;;;;;;;;;;;;;;;
64,74144886;1,847741893;8,576775384;;;;;;;;;;;;;;;;;;;;;;;;
64,91248156;1,853302473;8,543908085;;;;;;;;;;;;;;;;;;;;;;;;
65,08241121;1,858848402;8,511230818;;;;;;;;;;;;;;;;;;;;;;;;
65,25125021;1,864379851;8,478741615;;;;;;;;;;;;;;;;;;;;;;;;
65,41901074;1,869896986;8,446438543;;;;;;;;;;;;;;;;;;;;;;;;
65,58570476;1,875399974;8,414319701;;;;;;;;;;;;;;;;;;;;;;;;
65,75134404;1,880888975;8,382383222;;;;;;;;;;;;;;;;;;;;;;;;
65,91594011;1,886364148;8,350627267;;;;;;;;;;;;;;;;;;;;;;;;
66,07950433;1,891825649;8,319050033;;;;;;;;;;;;;;;;;;;;;;;;
66,24204783;1,897273632;8,287649744;;;;;;;;;;;;;;;;;;;;;;;;
66,40358158;1,902708247;8,256424654;;;;;;;;;;;;;;;;;;;;;;;;
66,56411634;1,908129641;8,225373045;;;;;;;;;;;;;;;;;;;;;;;;
66,72366271;1,913537961;8,194493229;;;;;;;;;;;;;;;;;;;;;;;;
66,8822311;1,918933348;8,163783543;;;;;;;;;;;;;;;;;;;;;;;;
67,03983174;1,924315943;8,133242352;;;;;;;;;;;;;;;;;;;;;;;;
67,19647469;1,929685885;8,102868048;;;;;;;;;;;;;;;;;;;;;;;;
67,35216985;1,935043309;8,072659047;;;;;;;;;;;;;;;;;;;;;;;;
67,50692696;1,940388349;8,04261379;;;;;;;;;;;;;;;;;;;;;;;;
67,66075561;1,945721135;8,012730743;;;;;;;;;;;;;;;;;;;;;;;;
67,8136652;1,951041796;7,983008396;;;;;;;;;;;;;;;;;;;;;;;;
67,96566503;1,956350461;7,953445262;;;;;;;;;;;;;;;;;;;;;;;;
68,1167642;1,961647253;7,924039877;;;;;;;;;;;;;;;;;;;;;;;;
68,2669717;1,966932296;7,894790799;;;;;;;;;;;;;;;;;;;;;;;;
68,41629637;1,97220571;7,865696607;;;;;;;;;;;;;;;;;;;;;;;;
68,5647469;1,977467614;7,836755903;;;;;;;;;;;;;;;;;;;;;;;;
68,71233186;1,982718125;7,80796731;;;;;;;;;;;;;;;;;;;;;;;;
68,85910283;1,98795736;7,781617077;;;;;;;;;;;;;;;;;;;;;;;;
69,00509687;1,993185427;7,756958735;;;;;;;;;;;;;;;;;;;;;;;;
69,15032105;1,998402433;7,732414189;;;;;;;;;;;;;;;;;;;;;;;;
69,29456978;2,003608482;7,696640138;;;;;;;;;;;;;;;;;;;;;;;;
69,43785327;2,008803694;7,661086055;;;;;;;;;;;;;;;;;;;;;;;;
69,58018603;2,013988187;7,625989068;;;;;;;;;;;;;;;;;;;;;;;;
69,72158244;2,019162073;7,591349125;;;;;;;;;;;;;;;;;;;;;;;;
69,86205669;2,024325467;7,557166024;;;;;;;;;;;;;;;;;;;;;;;;
70,00162283;2,029478479;7,523439419;;;;;;;;;;;;;;;;;;;;;;;;
70,14029474;2,034621217;7,49016882;;;;;;;;;;;;;;;;;;;;;;;;
70,27808616;2,039753787;7,457353596;;;;;;;;;;;;;;;;;;;;;;;;
70,41501064;2,044876294;7,424992982;;;;;;;;;;;;;;;;;;;;;;;;
70,55108162;2,049988841;7,393086077;;;;;;;;;;;;;;;;;;;;;;;;
70,68631236;2,055091526;7,361631852;;;;;;;;;;;;;;;;;;;;;;;;
70,82071597;2,06018445;7,330629149;;;;;;;;;;;;;;;;;;;;;;;;
70,9566057;2,065267709;7,425777594;;;;;;;;;;;;;;;;;;;;;;;;
71,09181411;2,070341232;7,402723603;;;;;;;;;;;;;;;;;;;;;;;;
71,22634694;2,075405106;7,379770849;;;;;;;;;;;;;;;;;;;;;;;;
71,36020985;2,080459416;7,356918572;;;;;;;;;;;;;;;;;;;;;;;;
71,49340844;2,085504244;7,334166024;;;;;;;;;;;;;;;;;;;;;;;;
71,62594821;2,090539673;7,311512465;;;;;;;;;;;;;;;;;;;;;;;;
71,75783461;2,095565785;7,288957163;;;;;;;;;;;;;;;;;;;;;;;;
71,88907301;2,100582658;7,266499397;;;;;;;;;;;;;;;;;;;;;;;;
72,01966871;2,105590374;7,244138455;;;;;;;;;;;;;;;;;;;;;;;;
72,14962693;2,110589008;7,221873631;;;;;;;;;;;;;;;;;;;;;;;;
72,27895285;2,115578639;7,199704231;;;;;;;;;;;;;;;;;;;;;;;;
72,40765156;2,120559342;7,177629568;;;;;;;;;;;;;;;;;;;;;;;;
72,53572809;2,125531192;7,155648962;;;;;;;;;;;;;;;;;;;;;;;;
72,66318742;2,130494264;7,133761743;;;;;;;;;;;;;;;;;;;;;;;;
72,79003445;2,135448629;7,111967247;;;;;;;;;;;;;;;;;;;;;;;;
72,91627403;2,140394361;7,09026482;;;;;;;;;;;;;;;;;;;;;;;;
73,04191094;2,145331531;7,068653815;;;;;;;;;;;;;;;;;;;;;;;;
73,16694991;2,150260208;7,047133592;;;;;;;;;;;;;;;;;;;;;;;;
73,2913956;2,155180462;7,025703518;;;;;;;;;;;;;;;;;;;;;;;;
73,41525263;2,160092362;7,004362969;;;;;;;;;;;;;;;;;;;;;;;;
73,53852554;2,164995975;6,983111326;;;;;;;;;;;;;;;;;;;;;;;;
73,66121884;2,169891368;6,96194798;;;;;;;;;;;;;;;;;;;;;;;;
73,78333698;2,174778608;6,940872326;;;;;;;;;;;;;;;;;;;;;;;;
73,90488433;2,179657758;6,919883768;;;;;;;;;;;;;;;;;;;;;;;;
74,02586524;2,184528884;6,898981714;;;;;;;;;;;;;;;;;;;;;;;;
74,146284;2,189392049;6,878165583;;;;;;;;;;;;;;;;;;;;;;;;
74,26614483;2,194247316;6,857434796;;;;;;;;;;;;;;;;;;;;;;;;
74,38545193;2,199094747;6,836788783;;;;;;;;;;;;;;;;;;;;;;;;
74,50420943;2,203934403;6,81622698;;;;;;;;;;;;;;;;;;;;;;;;
74,62242142;2,208766345;6,795748828;;;;;;;;;;;;;;;;;;;;;;;;
74,74009193;2,213590632;6,775353776;;;;;;;;;;;;;;;;;;;;;;;;
74,85722496;2,218407324;6,755041277;;;;;;;;;;;;;;;;;;;;;;;;
74,97382446;2,223216479;6,734810791;;;;;;;;;;;;;;;;;;;;;;;;
75,08987717;2,228018155;6,713669828;;;;;;;;;;;;;;;;;;;;;;;;
75,20538621;2,232812409;6,692561422;;;;;;;;;;;;;;;;;;;;;;;;
75,32035561;2,237599301;6,671541432;;;;;;;;;;;;;;;;;;;;;;;;
75,43478934;2,242378885;6,650609272;;;;;;;;;;;;;;;;;;;;;;;;
75,54869136;2,247151219;6,629764359;;;;;;;;;;;;;;;;;;;;;;;;
75,66206555;2,251916358;6,609006121;;;;;;;;;;;;;;;;;;;;;;;;
75,77491577;2,256674356;6,588333989;;;;;;;;;;;;;;;;;;;;;;;;
75,88724583;2,261425269;6,567747401;;;;;;;;;;;;;;;;;;;;;;;;
75,99905949;2,266169149;6,5472458;;;;;;;;;;;;;;;;;;;;;;;;
76,11036047;2,27090605;6,526828636;;;;;;;;;;;;;;;;;;;;;;;;
76,22115246;2,275636023;6,506495364;;;;;;;;;;;;;;;;;;;;;;;;
76,33143909;2,280359122;6,486245447;;;;;;;;;;;;;;;;;;;;;;;;
76,44122396;2,285075396;6,466078349;;;;;;;;;;;;;;;;;;;;;;;;
76,55051064;2,289784897;6,445993544;;;;;;;;;;;;;;;;;;;;;;;;
76,65930265;2,294487674;6,425990509;;;;;;;;;;;;;;;;;;;;;;;;
76,76760347;2,299183777;6,406068727;;;;;;;;;;;;;;;;;;;;;;;;
76,87541654;2,303873255;6,386227686;;;;;;;;;;;;;;;;;;;;;;;;
76,98274527;2,308556157;6,366466879;;;;;;;;;;;;;;;;;;;;;;;;
77,08959304;2,313232529;6,346785806;;;;;;;;;;;;;;;;;;;;;;;;
77,19596317;2,317902421;6,327183969;;;;;;;;;;;;;;;;;;;;;;;;
77,30185898;2,322565877;6,307660876;;;;;;;;;;;;;;;;;;;;;;;;
77,40728371;2,327222945;6,288216043;;;;;;;;;;;;;;;;;;;;;;;;
77,51224061;2,33187367;6,268848985;;;;;;;;;;;;;;;;;;;;;;;;
77,61673286;2,336518098;6,249559227;;;;;;;;;;;;;;;;;;;;;;;;
77,72076364;2,341156273;6,230346296;;;;;;;;;;;;;;;;;;;;;;;;
77,82433606;2,345788239;6,211209725;;;;;;;;;;;;;;;;;;;;;;;;
77,92745323;2,350414042;6,192149049;;;;;;;;;;;;;;;;;;;;;;;;
78,03011821;2,355033723;6,173163811;;;;;;;;;;;;;;;;;;;;;;;;
78,13233403;2,359647326;6,154253556;;;;;;;;;;;;;;;;;;;;;;;;
78,23410369;2,364254894;6,135417834;;;;;;;;;;;;;;;;;;;;;;;;
78,33543017;2,368856468;6,1166562;;;;;;;;;;;;;;;;;;;;;;;;
78,43631641;2,373452089;6,097968211;;;;;;;;;;;;;;;;;;;;;;;;
78,53676531;2,3780418;6,079353431;;;;;;;;;;;;;;;;;;;;;;;;
78,63677977;2,38262564;6,060811427;;;;;;;;;;;;;;;;;;;;;;;;
78,73636262;2,387203651;6,04234177;;;;;;;;;;;;;;;;;;;;;;;;
78,8355167;2,391775871;6,023944034;;;;;;;;;;;;;;;;;;;;;;;;
78,9342448;2,396342341;6,005617799;;;;;;;;;;;;;;;;;;;;;;;;
79,03254969;2,400903099;5,987362647;;;;;;;;;;;;;;;;;;;;;;;;
79,1304341;2,405458184;5,969178166;;;;;;;;;;;;;;;;;;;;;;;;
79,22790076;2,410007635;5,951063945;;;;;;;;;;;;;;;;;;;;;;;;
79,32495234;2,414551489;5,933019579;;;;;;;;;;;;;;;;;;;;;;;;
79,42159152;2,419089783;5,915044665;;;;;;;;;;;;;;;;;;;;;;;;
79,51782091;2,423622556;5,897138806;;;;;;;;;;;;;;;;;;;;;;;;
79,61364314;2,428149843;5,879301607;;;;;;;;;;;;;;;;;;;;;;;;
79,70906079;2,432671681;5,861532676;;;;;;;;;;;;;;;;;;;;;;;;
79,80407641;2,437188106;5,843831626;;;;;;;;;;;;;;;;;;;;;;;;
79,89869254;2,441699154;5,826198072;;;;;;;;;;;;;;;;;;;;;;;;
79,99291168;2,446204859;5,808631634;;;;;;;;;;;;;;;;;;;;;;;;
80,08673633;2,450705258;5,791131934;;;;;;;;;;;;;;;;;;;;;;;;
80,18016895;2,455200384;5,773698597;;;;;;;;;;;;;;;;;;;;;;;;
80,27321197;2,459690273;5,756331254;;;;;;;;;;;;;;;;;;;;;;;;
80,36586782;2,464174957;5,739029536;;;;;;;;;;;;;;;;;;;;;;;;
80,45813888;2,468654471;5,72179308;;;;;;;;;;;;;;;;;;;;;;;;
80,55002752;2,473128847;5,704621523;;;;;;;;;;;;;;;;;;;;;;;;
80,64153611;2,477598119;5,687514507;;;;;;;;;;;;;;;;;;;;;;;;
80,73266695;2,48206232;5,670471679;;;;;;;;;;;;;;;;;;;;;;;;
80,82342236;2,486521481;5,653492685;;;;;;;;;;;;;;;;;;;;;;;;
80,91380463;2,490975636;5,636577177;;;;;;;;;;;;;;;;;;;;;;;;
81,00381601;2,495424815;5,619724808;;;;;;;;;;;;;;;;;;;;;;;;
81,09345875;2,49986905;5,602935237;;;;;;;;;;;;;;;;;;;;;;;;
81,18273507;2,504308372;5,586208122;;;;;;;;;;;;;;;;;;;;;;;;
81,27164332;2,508742812;5,569301514;;;;;;;;;;;;;;;;;;;;;;;;
81,36018531;2,513172402;5,552432595;;;;;;;;;;;;;;;;;;;;;;;;
81,44836324;2,51759717;5,535627017;;;;;;;;;;;;;;;;;;;;;;;;
81,53617929;2,522017149;5,518884437;;;;;;;;;;;;;;;;;;;;;;;;
81,62363565;2,526432367;5,502204516;;;;;;;;;;;;;;;;;;;;;;;;
81,71073445;2,530842854;5,485586917;;;;;;;;;;;;;;;;;;;;;;;;
81,79747782;2,53524864;5,469031304;;;;;;;;;;;;;;;;;;;;;;;;
81,88386787;2,539649753;5,452537347;;;;;;;;;;;;;;;;;;;;;;;;
81,9699067;2,544046224;5,436104717;;;;;;;;;;;;;;;;;;;;;;;;
82,05559636;2,54843808;5,419733087;;;;;;;;;;;;;;;;;;;;;;;;
82,14093893;2,552825349;5,403422134;;;;;;;;;;;;;;;;;;;;;;;;
82,22593643;2,55720806;5,387171537;;;;;;;;;;;;;;;;;;;;;;;;
82,31059088;2,56158624;5,370980979;;;;;;;;;;;;;;;;;;;;;;;;
82,39490428;2,565959918;5,354850142;;;;;;;;;;;;;;;;;;;;;;;;
82,47891886;2,57032912;5,341337525;;;;;;;;;;;;;;;;;;;;;;;;
82,56263453;2,574693872;5,327760984;;;;;;;;;;;;;;;;;;;;;;;;
82,64606747;2,579054198;5,31515658;;;;;;;;;;;;;;;;;;;;;;;;
82,72922825;2,583410122;5,303172448;;;;;;;;;;;;;;;;;;;;;;;;
82,81211822;2,587761668;5,291221983;;;;;;;;;;;;;;;;;;;;;;;;
82,89473873;2,592108858;5,279305045;;;;;;;;;;;;;;;;;;;;;;;;
82,9770911;2,596451715;5,267421495;;;;;;;;;;;;;;;;;;;;;;;;
83,05917665;2,600790262;5,255571192;;;;;;;;;;;;;;;;;;;;;;;;
83,14099669;2,605124521;5,243754;;;;;;;;;;;;;;;;;;;;;;;;
83,22255252;2,609454515;5,231969781;;;;;;;;;;;;;;;;;;;;;;;;
83,30384543;2,613780265;5,220218399;;;;;;;;;;;;;;;;;;;;;;;;
83,38487669;2,618101794;5,208499718;;;;;;;;;;;;;;;;;;;;;;;;
83,46564758;2,622419124;5,196813605;;;;;;;;;;;;;;;;;;;;;;;;
83,54615935;2,626732276;5,185159926;;;;;;;;;;;;;;;;;;;;;;;;
83,62641326;2,631041271;5,173538548;;;;;;;;;;;;;;;;;;;;;;;;
83,70641055;2,635346131;5,16194934;;;;;;;;;;;;;;;;;;;;;;;;
83,78615245;2,639646877;5,150392171;;;;;;;;;;;;;;;;;;;;;;;;
83,86564018;2,643943529;5,138866911;;;;;;;;;;;;;;;;;;;;;;;;
83,94487497;2,64823611;5,12737343;;;;;;;;;;;;;;;;;;;;;;;;
84,02385801;2,652524638;5,115911601;;;;;;;;;;;;;;;;;;;;;;;;
84,1025905;2,656809136;5,104481297;;;;;;;;;;;;;;;;;;;;;;;;
84,18107363;2,661089622;5,093082389;;;;;;;;;;;;;;;;;;;;;;;;
84,25930859;2,665366118;5,081714753;;;;;;;;;;;;;;;;;;;;;;;;
84,33729653;2,669638643;5,070378264;;;;;;;;;;;;;;;;;;;;;;;;
84,41503863;2,673907217;5,059072798;;;;;;;;;;;;;;;;;;;;;;;;
84,49253603;2,67817186;5,04779823;;;;;;;;;;;;;;;;;;;;;;;;
84,56978989;2,682432591;5,036554439;;;;;;;;;;;;;;;;;;;;;;;;
84,64680135;2,686689431;5,025341303;;;;;;;;;;;;;;;;;;;;;;;;
84,72357152;2,690942397;5,0141587;;;;;;;;;;;;;;;;;;;;;;;;
84,80010154;2,69519151;5,00300651;;;;;;;;;;;;;;;;;;;;;;;;
84,87639251;2,699436788;4,991884614;;;;;;;;;;;;;;;;;;;;;;;;
84,95244555;2,70367825;4,980792893;;;;;;;;;;;;;;;;;;;;;;;;
85,02826175;2,707915915;4,969731229;;;;;;;;;;;;;;;;;;;;;;;;
85,10384221;2,712149801;4,958699504;;;;;;;;;;;;;;;;;;;;;;;;
85,17918799;2,716379927;4,947697602;;;;;;;;;;;;;;;;;;;;;;;;
85,25430019;2,720606312;4,936725407;;;;;;;;;;;;;;;;;;;;;;;;
85,32917987;2,724828973;4,925782804;;;;;;;;;;;;;;;;;;;;;;;;
85,40382809;2,729047928;4,914869679;;;;;;;;;;;;;;;;;;;;;;;;
85,4782459;2,733263196;4,903985917;;;;;;;;;;;;;;;;;;;;;;;;
85,55243434;2,737474794;4,893131406;;;;;;;;;;;;;;;;;;;;;;;;
85,62639447;2,741682739;4,882306033;;;;;;;;;;;;;;;;;;;;;;;;
85,7001273;2,74588705;4,871509686;;;;;;;;;;;;;;;;;;;;;;;;
85,77363386;2,750087744;4,860742255;;;;;;;;;;;;;;;;;;;;;;;;
85,84691518;2,754284838;4,850003629;;;;;;;;;;;;;;;;;;;;;;;;
85,91997226;2,758478349;4,839293699;;;;;;;;;;;;;;;;;;;;;;;;
85,9928061;2,762668295;4,828612356;;;;;;;;;;;;;;;;;;;;;;;;
86,0654177;2,766854692;4,81795949;;;;;;;;;;;;;;;;;;;;;;;;
86,13780806;2,771037556;4,807334995;;;;;;;;;;;;;;;;;;;;;;;;
86,20997815;2,775216906;4,796738763;;;;;;;;;;;;;;;;;;;;;;;;
86,28192895;2,779392757;4,786170688;;;;;;;;;;;;;;;;;;;;;;;;
86,35366144;2,783565125;4,775630665;;;;;;;;;;;;;;;;;;;;;;;;
86,42517657;2,787734028;4,765118587;;;;;;;;;;;;;;;;;;;;;;;;
86,49647531;2,79189948;4,754634351;;;;;;;;;;;;;;;;;;;;;;;;
86,56755861;2,7960615;4,744177852;;;;;;;;;;;;;;;;;;;;;;;;
86,6384274;2,800220101;4,733748987;;;;;;;;;;;;;;;;;;;;;;;;
86,70908264;2,804375302;4,723347653;;;;;;;;;;;;;;;;;;;;;;;;
86,77952525;2,808527116;4,712973749;;;;;;;;;;;;;;;;;;;;;;;;
86,84975615;2,81267556;4,702627172;;;;;;;;;;;;;;;;;;;;;;;;
86,91977628;2,816820649;4,692307822;;;;;;;;;;;;;;;;;;;;;;;;
86,98958654;2,820962399;4,682015598;;;;;;;;;;;;;;;;;;;;;;;;
87,05918784;2,825100826;4,671750401;;;;;;;;;;;;;;;;;;;;;;;;
87,12858109;2,829235943;4,66151213;;;;;;;;;;;;;;;;;;;;;;;;
87,19776718;2,833367768;4,651300689;;;;;;;;;;;;;;;;;;;;;;;;
87,266747;2,837496314;4,641115978;;;;;;;;;;;;;;;;;;;;;;;;
87,33552144;2,841621597;4,630957899;;;;;;;;;;;;;;;;;;;;;;;;
87,40409137;2,845743631;4,620826357;;;;;;;;;;;;;;;;;;;;;;;;
87,47245768;2,849862431;4,610721254;;;;;;;;;;;;;;;;;;;;;;;;
87,54062122;2,853978012;4,600642494;;;;;;;;;;;;;;;;;;;;;;;;
87,60858286;2,858090389;4,590589983;;;;;;;;;;;;;;;;;;;;;;;;
87,67634347;2,862199575;4,580563625;;;;;;;;;;;;;;;;;;;;;;;;
87,74390388;2,866305586;4,570563326;;;;;;;;;;;;;;;;;;;;;;;;
87,81126495;2,870408435;4,560588993;;;;;;;;;;;;;;;;;;;;;;;;
87,87842752;2,874508137;4,550640531;;;;;;;;;;;;;;;;;;;;;;;;
87,94539242;2,878604705;4,540717849;;;;;;;;;;;;;;;;;;;;;;;;
88,01216049;2,882698155;4,530820854;;;;;;;;;;;;;;;;;;;;;;;;
88,07873255;2,886788499;4,520949454;;;;;;;;;;;;;;;;;;;;;;;;
88,14510941;2,890875751;4,511103558;;;;;;;;;;;;;;;;;;;;;;;;
88,2112919;2,894959925;4,501283076;;;;;;;;;;;;;;;;;;;;;;;;
88,27728083;2,899041035;4,491487917;;;;;;;;;;;;;;;;;;;;;;;;
88,34307699;2,903119095;4,481717991;;;;;;;;;;;;;;;;;;;;;;;;
88,4086812;2,907194117;4,471973209;;;;;;;;;;;;;;;;;;;;;;;;
88,47409424;2,911266115;4,462253483;;;;;;;;;;;;;;;;;;;;;;;;
88,5393169;2,915335103;4,452558725;;;;;;;;;;;;;;;;;;;;;;;;
88,60434997;2,919401093;4,442888845;;;;;;;;;;;;;;;;;;;;;;;;
88,66919424;2,923464099;4,433243758;;;;;;;;;;;;;;;;;;;;;;;;
88,73385047;2,927524134;4,423623376;;;;;;;;;;;;;;;;;;;;;;;;
88,79831944;2,93158121;4,414027613;;;;;;;;;;;;;;;;;;;;;;;;
88,86260191;2,935635341;4,404456383;;;;;;;;;;;;;;;;;;;;;;;;
88,92669865;2,939686539;4,3949096;;;;;;;;;;;;;;;;;;;;;;;;
88,99061041;2,943734817;4,38538718;;;;;;;;;;;;;;;;;;;;;;;;
89,05433794;2,947780188;4,375889037;;;;;;;;;;;;;;;;;;;;;;;;
89,117882;2,951822663;4,366415089;;;;;;;;;;;;;;;;;;;;;;;;
89,18124332;2,955862257;4,35696525;;;;;;;;;;;;;;;;;;;;;;;;
89,24442265;2,95989898;4,347539439;;;;;;;;;;;;;;;;;;;;;;;;
89,30742072;2,963932845;4,338137571;;;;;;;;;;;;;;;;;;;;;;;;
89,37023826;2,967963865;4,328759565;;;;;;;;;;;;;;;;;;;;;;;;
89,43287599;2,971992052;4,319405339;;;;;;;;;;;;;;;;;;;;;;;;
89,49533465;2,976017417;4,310074811;;;;;;;;;;;;;;;;;;;;;;;;
89,55761494;2,980039973;4,3007679;;;;;;;;;;;;;;;;;;;;;;;;
89,61971757;2,984059732;4,291484526;;;;;;;;;;;;;;;;;;;;;;;;
89,68164326;2,988076705;4,282224608;;;;;;;;;;;;;;;;;;;;;;;;
89,74339272;2,992090905;4,272988067;;;;;;;;;;;;;;;;;;;;;;;;
89,80496663;2,996102342;4,263774823;;;;;;;;;;;;;;;;;;;;;;;;
89,86636571;3,000111029;4,254584796;;;;;;;;;;;;;;;;;;;;;;;;
89,92759064;3,004116977;4,245417909;;;;;;;;;;;;;;;;;;;;;;;;
89,9886421;3,008120198;4,236274083;;;;;;;;;;;;;;;;;;;;;;;;
90,04952079;3,012120703;4,227153241;;;;;;;;;;;;;;;;;;;;;;;;
90,11022405;3,016118503;4,217823764;;;;;;;;;;;;;;;;;;;;;;;;
90,17075048;3,02011361;4,208371662;;;;;;;;;;;;;;;;;;;;;;;;
90,23110078;3,024106036;4,198944222;;;;;;;;;;;;;;;;;;;;;;;;
90,29127565;3,028095791;4,18954136;;;;;;;;;;;;;;;;;;;;;;;;
90,35127582;3,032082887;4,180162989;;;;;;;;;;;;;;;;;;;;;;;;
90,41110196;3,036067336;4,170809025;;;;;;;;;;;;;;;;;;;;;;;;
90,47075478;3,040049147;4,161479384;;;;;;;;;;;;;;;;;;;;;;;;
90,53023497;3,044028334;4,152173982;;;;;;;;;;;;;;;;;;;;;;;;
90,58954321;3,048004906;4,142892735;;;;;;;;;;;;;;;;;;;;;;;;
90,64868019;3,051978874;4,13363556;;;;;;;;;;;;;;;;;;;;;;;;
90,70764658;3,055950251;4,124402374;;;;;;;;;;;;;;;;;;;;;;;;
90,76644306;3,059919045;4,115193097;;;;;;;;;;;;;;;;;;;;;;;;
90,8250703;3,063885268;4,106007645;;;;;;;;;;;;;;;;;;;;;;;;
90,88352896;3,067848932;4,096845937;;;;;;;;;;;;;;;;;;;;;;;;
90,94181972;3,071810046;4,087707893;;;;;;;;;;;;;;;;;;;;;;;;
90,99994322;3,07576862;4,078593431;;;;;;;;;;;;;;;;;;;;;;;;
91,05790012;3,079724667;4,069502473;;;;;;;;;;;;;;;;;;;;;;;;
91,11569109;3,083678195;4,060434937;;;;;;;;;;;;;;;;;;;;;;;;
91,17331675;3,087629216;4,051390745;;;;;;;;;;;;;;;;;;;;;;;;
91,23077777;3,09157774;4,042369817;;;;;;;;;;;;;;;;;;;;;;;;
91,28807477;3,095523777;4,033372076;;;;;;;;;;;;;;;;;;;;;;;;
91,3452084;3,099467337;4,024397443;;;;;;;;;;;;;;;;;;;;;;;;
91,40217929;3,10340843;4,01544584;;;;;;;;;;;;;;;;;;;;;;;;
91,45898807;3,107347067;4,006517189;;;;;;;;;;;;;;;;;;;;;;;;
91,51563537;3,111283257;3,997611415;;;;;;;;;;;;;;;;;;;;;;;;
91,5721218;3,115217012;3,98872844;;;;;;;;;;;;;;;;;;;;;;;;
91,628448;3,119148339;3,979868187;;;;;;;;;;;;;;;;;;;;;;;;
91,68461457;3,12307725;3,971030582;;;;;;;;;;;;;;;;;;;;;;;;
91,74062213;3,127003754;3,962215549;;;;;;;;;;;;;;;;;;;;;;;;
91,79647128;3,130927861;3,953423011;;;;;;;;;;;;;;;;;;;;;;;;
91,85216264;3,13484958;3,944652896;;;;;;;;;;;;;;;;;;;;;;;;
91,9076968;3,138768922;3,935905127;;;;;;;;;;;;;;;;;;;;;;;;
91,96307437;3,142685895;3,927179632;;;;;;;;;;;;;;;;;;;;;;;;
92,01829594;3,14660051;3,918476336;;;;;;;;;;;;;;;;;;;;;;;;
92,0733621;3,150512775;3,909795167;;;;;;;;;;;;;;;;;;;;;;;;
92,12827345;3,154422701;3,901136051;;;;;;;;;;;;;;;;;;;;;;;;
92,18303057;3,158330296;3,892498915;;;;;;;;;;;;;;;;;;;;;;;;
92,23763404;3,16223557;3,883883687;;;;;;;;;;;;;;;;;;;;;;;;
92,29208444;3,166138532;3,875290296;;;;;;;;;;;;;;;;;;;;;;;;
92,34638235;3,170039192;3,866718669;;;;;;;;;;;;;;;;;;;;;;;;
92,40052834;3,173937558;3,858168736;;;;;;;;;;;;;;;;;;;;;;;;
92,45452299;3,177833639;3,849640425;;;;;;;;;;;;;;;;;;;;;;;;
92,50836686;3,181727446;3,841133667;;;;;;;;;;;;;;;;;;;;;;;;
92,56206052;3,185618986;3,83264839;;;;;;;;;;;;;;;;;;;;;;;;
92,61560452;3,189508268;3,824184524;;;;;;;;;;;;;;;;;;;;;;;;
92,66899942;3,193395302;3,815742001;;;;;;;;;;;;;;;;;;;;;;;;
92,72224579;3,197280096;3,807320751;;;;;;;;;;;;;;;;;;;;;;;;
92,77534418;3,20116266;3,798920705;;;;;;;;;;;;;;;;;;;;;;;;
92,82829512;3,205043001;3,790541794;;;;;;;;;;;;;;;;;;;;;;;;
92,88109918;3,208921129;3,78218395;;;;;;;;;;;;;;;;;;;;;;;;
92,93375688;3,212797052;3,773847105;;;;;;;;;;;;;;;;;;;;;;;;
92,98626879;3,216670779;3,765531192;;;;;;;;;;;;;;;;;;;;;;;;
93,03863542;3,220542318;3,757236142;;;;;;;;;;;;;;;;;;;;;;;;
93,09085733;3,224411679;3,74896189;;;;;;;;;;;;;;;;;;;;;;;;
93,14293503;3,228278868;3,740708368;;;;;;;;;;;;;;;;;;;;;;;;
93,19486906;3,232143896;3,73247551;;;;;;;;;;;;;;;;;;;;;;;;
93,24665995;3,236006769;3,724263249;;;;;;;;;;;;;;;;;;;;;;;;
93,29830822;3,239867497;3,716071521;;;;;;;;;;;;;;;;;;;;;;;;
93,34981439;3,243726088;3,707900259;;;;;;;;;;;;;;;;;;;;;;;;
93,40117899;3,24758255;3,699749398;;;;;;;;;;;;;;;;;;;;;;;;
93,45240252;3,251436891;3,691618873;;;;;;;;;;;;;;;;;;;;;;;;
93,5034855;3,25528912;3,68350862;;;;;;;;;;;;;;;;;;;;;;;;
93,55442844;3,259139243;3,675418574;;;;;;;;;;;;;;;;;;;;;;;;
93,60523185;3,262987271;3,667348672;;;;;;;;;;;;;;;;;;;;;;;;
93,65589623;3,26683321;3,659298849;;;;;;;;;;;;;;;;;;;;;;;;
93,70642209;3,270677068;3,651269042;;;;;;;;;;;;;;;;;;;;;;;;
93,75680992;3,274518854;3,643259188;;;;;;;;;;;;;;;;;;;;;;;;
93,80706024;3,278358575;3,635269225;;;;;;;;;;;;;;;;;;;;;;;;
93,85717352;3,282196239;3,627299088;;;;;;;;;;;;;;;;;;;;;;;;
93,90715026;3,286031854;3,619348717;;;;;;;;;;;;;;;;;;;;;;;;
93,95699096;3,289865428;3,611418048;;;;;;;;;;;;;;;;;;;;;;;;
94,0066961;3,293696969;3,603507021;;;;;;;;;;;;;;;;;;;;;;;;
94,05626616;3,297526483;3,595615574;;;;;;;;;;;;;;;;;;;;;;;;
94,10570163;3,301353979;3,587743645;;;;;;;;;;;;;;;;;;;;;;;;
94,15500299;3,305179465;3,579891174;;;;;;;;;;;;;;;;;;;;;;;;
94,20417071;3,309002947;3,5720581;;;;;;;;;;;;;;;;;;;;;;;;
94,25320528;3,312824434;3,564244362;;;;;;;;;;;;;;;;;;;;;;;;
94,30210716;3,316643933;3,5564499;;;;;;;;;;;;;;;;;;;;;;;;
94,35087683;3,320461451;3,548674655;;;;;;;;;;;;;;;;;;;;;;;;
94,39951475;3,324276996;3,540918567;;;;;;;;;;;;;;;;;;;;;;;;
94,44802139;3,328090575;3,533181576;;;;;;;;;;;;;;;;;;;;;;;;
94,49639721;3,331902195;3,525463623;;;;;;;;;;;;;;;;;;;;;;;;
94,54464268;3,335711864;3,51776465;;;;;;;;;;;;;;;;;;;;;;;;
94,59275825;3,339519589;3,510084598;;;;;;;;;;;;;;;;;;;;;;;;
94,64074439;3,343325377;3,502423408;;;;;;;;;;;;;;;;;;;;;;;;
94,68860154;3,347129236;3,494781023;;;;;;;;;;;;;;;;;;;;;;;;
94,73633015;3,350931172;3,487157385;;;;;;;;;;;;;;;;;;;;;;;;
94,78393069;3,354731192;3,479552436;;;;;;;;;;;;;;;;;;;;;;;;
94,83140359;3,358529304;3,471966118;;;;;;;;;;;;;;;;;;;;;;;;
94,8787493;3,362325515;3,464398375;;;;;;;;;;;;;;;;;;;;;;;;
94,92596827;3,366119832;3,45684915;;;;;;;;;;;;;;;;;;;;;;;;
94,97306093;3,369912261;3,449318386;;;;;;;;;;;;;;;;;;;;;;;;
95,02002773;3,373702809;3,441806027;;;;;;;;;;;;;;;;;;;;;;;;
95,0668691;3,377491484;3,434312016;;;;;;;;;;;;;;;;;;;;;;;;
95,11358548;3,381278292;3,426836299;;;;;;;;;;;;;;;;;;;;;;;;
95,1601773;3,385063241;3,419378818;;;;;;;;;;;;;;;;;;;;;;;;
95,20664499;3,388846336;3,41193952;;;;;;;;;;;;;;;;;;;;;;;;
95,25298898;3,392627584;3,404518348;;;;;;;;;;;;;;;;;;;;;;;;
95,29920969;3,396406993;3,397115248;;;;;;;;;;;;;;;;;;;;;;;;
95,34530756;3,400184569;3,389730165;;;;;;;;;;;;;;;;;;;;;;;;
95,391283;3,403960319;3,382363044;;;;;;;;;;;;;;;;;;;;;;;;
95,43713643;3,407734249;3,375013832;;;;;;;;;;;;;;;;;;;;;;;;
95,48286828;3,411506365;3,367682474;;;;;;;;;;;;;;;;;;;;;;;;
95,52847896;3,415276675;3,360368917;;;;;;;;;;;;;;;;;;;;;;;;
95,57396887;3,419045185;3,353073106;;;;;;;;;;;;;;;;;;;;;;;;
95,61933845;3,422811901;3,345794989;;;;;;;;;;;;;;;;;;;;;;;;
95,66458809;3,426576829;3,338534513;;;;;;;;;;;;;;;;;;;;;;;;
95,70971821;3,430339977;3,331291624;;;;;;;;;;;;;;;;;;;;;;;;
95,7547292;3,434101351;3,32406627;;;;;;;;;;;;;;;;;;;;;;;;
95,79962149;3,437860956;3,316858398;;;;;;;;;;;;;;;;;;;;;;;;
95,84439546;3,4416188;3,309667957;;;;;;;;;;;;;;;;;;;;;;;;
95,88905152;3,445374888;3,302494894;;;;;;;;;;;;;;;;;;;;;;;;
95,93359008;3,449129227;3,295339157;;;;;;;;;;;;;;;;;;;;;;;;
95,97801151;3,452881823;3,288200695;;;;;;;;;;;;;;;;;;;;;;;;
96,02231624;3,456632682;3,281079456;;;;;;;;;;;;;;;;;;;;;;;;
96,06650463;3,460381811;3,27397539;;;;;;;;;;;;;;;;;;;;;;;;
96,11057709;3,464129215;3,266888445;;;;;;;;;;;;;;;;;;;;;;;;
96,15453401;3,4678749;3,25981857;;;;;;;;;;;;;;;;;;;;;;;;
96,19837578;3,471618873;3,252765715;;;;;;;;;;;;;;;;;;;;;;;;
96,24210277;3,47536114;3,24572983;;;;;;;;;;;;;;;;;;;;;;;;
96,28571538;3,479101707;3,238710865;;;;;;;;;;;;;;;;;;;;;;;;
96,32921399;3,482840579;3,231708768;;;;;;;;;;;;;;;;;;;;;;;;
96,37259898;3,486577763;3,224723492;;;;;;;;;;;;;;;;;;;;;;;;
96,41587072;3,490313265;3,217754986;;;;;;;;;;;;;;;;;;;;;;;;
96,4590296;3,49404709;3,210803201;;;;;;;;;;;;;;;;;;;;;;;;
96,50207599;3,497779245;3,203868087;;;;;;;;;;;;;;;;;;;;;;;;
96,54501026;3,501509734;3,196949597;;;;;;;;;;;;;;;;;;;;;;;;
96,5878328;3,505238565;3,19004768;;;;;;;;;;;;;;;;;;;;;;;;
96,63054396;3,508965743;3,183162289;;;;;;;;;;;;;;;;;;;;;;;;
96,67314411;3,512691273;3,176293376;;;;;;;;;;;;;;;;;;;;;;;;
96,71563363;3,516415161;3,169440891;;;;;;;;;;;;;;;;;;;;;;;;
96,75801288;3,520137413;3,162604788;;;;;;;;;;;;;;;;;;;;;;;;
96,80028222;3,523858036;3,155785018;;;;;;;;;;;;;;;;;;;;;;;;
96,84244201;3,527577033;3,148981533;;;;;;;;;;;;;;;;;;;;;;;;
96,88449262;3,531294411;3,142194287;;;;;;;;;;;;;;;;;;;;;;;;
96,92643441;3,535010176;3,135423232;;;;;;;;;;;;;;;;;;;;;;;;
96,96828462;3,538724333;3,129931743;;;;;;;;;;;;;;;;;;;;;;;;
97,01004052;3,542436887;3,124227191;;;;;;;;;;;;;;;;;;;;;;;;
97,0517024;3,546147843;3,118534127;;;;;;;;;;;;;;;;;;;;;;;;
97,09327052;3,549857207;3,112852522;;;;;;;;;;;;;;;;;;;;;;;;
97,13474516;3,553564982;3,107182349;;;;;;;;;;;;;;;;;;;;;;;;
97,17612659;3,557271173;3,101523579;;;;;;;;;;;;;;;;;;;;;;;;
97,21741508;3,560975787;3,095876184;;;;;;;;;;;;;;;;;;;;;;;;
97,2586109;3,564678827;3,090240136;;;;;;;;;;;;;;;;;;;;;;;;
97,29971432;3,568380299;3,084615408;;;;;;;;;;;;;;;;;;;;;;;;
97,34072561;3,572080207;3,079001971;;;;;;;;;;;;;;;;;;;;;;;;
97,38164503;3,575778556;3,073399798;;;;;;;;;;;;;;;;;;;;;;;;
97,42247285;3,579475352;3,067808862;;;;;;;;;;;;;;;;;;;;;;;;
97,46320933;3,583170598;3,062229134;;;;;;;;;;;;;;;;;;;;;;;;
97,2955069;3,586886339;-30,68096698;;;;;;;;;;;;;;;;;;;;;;;;
96,88509772;3,590617875;-30,52705487;;;;;;;;;;;;;;;;;;;;;;;;
96,47501161;3,594365328;-30,37246411;;;;;;;;;;;;;;;;;;;;;;;;
96,06526189;3,598128819;-30,21694217;;;;;;;;;;;;;;;;;;;;;;;;
95,6558656;3,601908472;-30,06017548;;;;;;;;;;;;;;;;;;;;;;;;
95,2468443;3,60570441;-29,90177045;;;;;;;;;;;;;;;;;;;;;;;;
94,83822537;3,609516756;-29,74122728;;;;;;;;;;;;;;;;;;;;;;;;
94,43004351;3,613345633;-29,57790303;;;;;;;;;;;;;;;;;;;;;;;;
94,02234295;3,617191163;-29,41095888;;;;;;;;;;;;;;;;;;;;;;;;
93,61518032;3,621053466;-29,23928296;;;;;;;;;;;;;;;;;;;;;;;;
93,20862879;3,62493266;-29,06137524;;;;;;;;;;;;;;;;;;;;;;;;
92,80278383;3,628828858;-28,8751711;;;;;;;;;;;;;;;;;;;;;;;;
92,39777166;3,632742167;-28,67776331;;;;;;;;;;;;;;;;;;;;;;;;
91,99376186;3,636672685;-28,46494891;;;;;;;;;;;;;;;;;;;;;;;;
91,59098671;3,640620496;-28,23046206;;;;;;;;;;;;;;;;;;;;;;;;
91,18977199;3,644585665;-27,96461461;;;;;;;;;;;;;;;;;;;;;;;;
90,79058809;3,648568224;-27,65175264;;;;;;;;;;;;;;;;;;;;;;;;
90,39413903;3,652568156;-27,26516816;;;;;;;;;;;;;;;;;;;;;;;;
90,00152727;3,656585651;-27,20405464;;;;;;;;;;;;;;;;;;;;;;;;
89,60807552;3,660620848;-27,06125258;;;;;;;;;;;;;;;;;;;;;;;;
89,21496452;3,664673889;-26,91852406;;;;;;;;;;;;;;;;;;;;;;;;
88,82219776;3,668744916;-26,77583753;;;;;;;;;;;;;;;;;;;;;;;;
88,42977921;3,672834073;-26,63315946;;;;;;;;;;;;;;;;;;;;;;;;
88,03771343;3,676941504;-26,49045408;;;;;;;;;;;;;;;;;;;;;;;;
87,64600558;3,681067359;-26,34768324;;;;;;;;;;;;;;;;;;;;;;;;
87,25466148;3,685211783;-26,20480614;;;;;;;;;;;;;;;;;;;;;;;;
86,86368765;3,689374928;-26,06177912;;;;;;;;;;;;;;;;;;;;;;;;
86,47309139;3,693556944;-25,91855541;;;;;;;;;;;;;;;;;;;;;;;;
86,08288085;3,697757984;-25,77508476;;;;;;;;;;;;;;;;;;;;;;;;
85,69306506;3,701978202;-25,63131316;;;;;;;;;;;;;;;;;;;;;;;;
85,30365405;3,706217753;-25,48718246;;;;;;;;;;;;;;;;;;;;;;;;
84,91465892;3,710476793;-25,34262992;;;;;;;;;;;;;;;;;;;;;;;;
84,52609194;3,714755479;-25,19758778;;;;;;;;;;;;;;;;;;;;;;;;
84,13796664;3,719053971;-25,05198267;;;;;;;;;;;;;;;;;;;;;;;;
83,75029793;3,723372429;-24,90573511;;;;;;;;;;;;;;;;;;;;;;;;
83,36310226;3,727711012;-24,75875873;;;;;;;;;;;;;;;;;;;;;;;;
82,9763977;3,732069882;-24,61095958;;;;;;;;;;;;;;;;;;;;;;;;
82,59020415;3,736449202;-24,46223525;;;;;;;;;;;;;;;;;;;;;;;;
82,20454351;3,740849135;-24,31247388;;;;;;;;;;;;;;;;;;;;;;;;
81,81943985;3,745269843;-24,16155304;;;;;;;;;;;;;;;;;;;;;;;;
81,43491963;3,74971149;-24,00933847;;;;;;;;;;;;;;;;;;;;;;;;
81,051012;3,75417424;-23,8556826;;;;;;;;;;;;;;;;;;;;;;;;
80,66774898;3,758658256;-23,70042286;;;;;;;;;;;;;;;;;;;;;;;;
80,28516588;3,763163702;-23,54337973;;;;;;;;;;;;;;;;;;;;;;;;
79,90330155;3,76769074;-23,38435452;;;;;;;;;;;;;;;;;;;;;;;;
79,52219887;3,772239531;-23,22312672;;;;;;;;;;;;;;;;;;;;;;;;
79,14190512;3,776810236;-23,05945098;;;;;;;;;;;;;;;;;;;;;;;;
78,76247253;3,781403012;-22,89305351;;;;;;;;;;;;;;;;;;;;;;;;
78,38395889;3,786018017;-22,72362793;;;;;;;;;;;;;;;;;;;;;;;;
78,00642819;3,790655402;-22,55083028;;;;;;;;;;;;;;;;;;;;;;;;
77,62995139;3,795315318;-22,37427316;;;;;;;;;;;;;;;;;;;;;;;;
77,25460732;3,799997911;-22,19351877;;;;;;;;;;;;;;;;;;;;;;;;
76,88048376;3,804703321;-22,00807051;;;;;;;;;;;;;;;;;;;;;;;;
76,50767858;3,809431683;-21,81736286;;;;;;;;;;;;;;;;;;;;;;;;
76,13630117;3,814183235;-21,7225584;;;;;;;;;;;;;;;;;;;;;;;;
75,76472408;3,818958172;-21,58625691;;;;;;;;;;;;;;;;;;;;;;;;
75,3936612;3,823756692;-21,44910823;;;;;;;;;;;;;;;;;;;;;;;;
75,0231349;3,828578992;-21,31102597;;;;;;;;;;;;;;;;;;;;;;;;
74,65316951;3,833425271;-21,17191679;;;;;;;;;;;;;;;;;;;;;;;;
74,28379143;3,838295729;-21,03167965;;;;;;;;;;;;;;;;;;;;;;;;
73,91502939;3,843190564;-20,890205;;;;;;;;;;;;;;;;;;;;;;;;
73,54691462;3,848109975;-20,74737383;;;;;;;;;;;;;;;;;;;;;;;;
73,17948107;3,853054163;-20,60305668;;;;;;;;;;;;;;;;;;;;;;;;
72,81276568;3,858023326;-20,45711239;;;;;;;;;;;;;;;;;;;;;;;;
72,44680867;3,863017662;-20,30938677;;;;;;;;;;;;;;;;;;;;;;;;
72,08165382;3,868037368;-20,15971107;;;;;;;;;;;;;;;;;;;;;;;;
71,71734887;3,873082639;-20,00790016;;;;;;;;;;;;;;;;;;;;;;;;
71,35394586;3,878153669;-19,85375056;;;;;;;;;;;;;;;;;;;;;;;;
70,99150162;3,883250647;-19,69703803;;;;;;;;;;;;;;;;;;;;;;;;
70,63007825;3,888373763;-19,53751491;;;;;;;;;;;;;;;;;;;;;;;;
70,26974365;3,893523199;-19,37490692;;;;;;;;;;;;;;;;;;;;;;;;
69,91057224;3,898699134;-19,2089095;;;;;;;;;;;;;;;;;;;;;;;;
69,55264557;3,903901743;-19,03918353;;;;;;;;;;;;;;;;;;;;;;;;
69,19605324;3,909131193;-18,86535021;;;;;;;;;;;;;;;;;;;;;;;;
68,84089379;3,914387643;-18,68698512;;;;;;;;;;;;;;;;;;;;;;;;
68,4872758;3,919671247;-18,50361107;;;;;;;;;;;;;;;;;;;;;;;;
68,13531913;3,924982144;-18,31468962;;;;;;;;;;;;;;;;;;;;;;;;
67,78515637;3,930320465;-18,11961086;;;;;;;;;;;;;;;;;;;;;;;;
67,43693449;3,935686326;-17,91768099;;;;;;;;;;;;;;;;;;;;;;;;
67,09081686;3,941079828;-17,70810733;;;;;;;;;;;;;;;;;;;;;;;;
66,7469855;3,946501054;-17,48997973;;;;;;;;;;;;;;;;;;;;;;;;
66,40564382;3,951950066;-17,26224772;;;;;;;;;;;;;;;;;;;;;;;;
66,06701991;3,957426903;-17,0236918;;;;;;;;;;;;;;;;;;;;;;;;
65,73137036;3,962931576;-16,7728873;;;;;;;;;;;;;;;;;;;;;;;;
65,39898505;3,968464063;-16,5081582;;;;;;;;;;;;;;;;;;;;;;;;
65,07019283;3,974024306;-16,22751729;;;;;;;;;;;;;;;;;;;;;;;;
64,74536864;3,97961243;-16,05762482;;;;;;;;;;;;;;;;;;;;;;;;
64,42233343;3,985228625;-15,92576177;;;;;;;;;;;;;;;;;;;;;;;;
64,10034158;3,990873076;-15,79186155;;;;;;;;;;;;;;;;;;;;;;;;
63,77945057;3,996545966;-15,65575753;;;;;;;;;;;;;;;;;;;;;;;;
63,45972239;4,002247471;-15,51726768;;;;;;;;;;;;;;;;;;;;;;;;
63,14122399;4,007977762;-15,37619282;;;;;;;;;;;;;;;;;;;;;;;;
62,82402774;4,013737006;-15,23231443;;;;;;;;;;;;;;;;;;;;;;;;
62,50821196;4,019525358;-15,0853922;;;;;;;;;;;;;;;;;;;;;;;;
62,19386151;4,02534297;-14,9351612;;;;;;;;;;;;;;;;;;;;;;;;
61,88106845;4,031189979;-14,78132849;;;;;;;;;;;;;;;;;;;;;;;;
61,56993279;4,037066517;-14,62356926;;;;;;;;;;;;;;;;;;;;;;;;
61,26056336;4,042972699;-14,46152222;;;;;;;;;;;;;;;;;;;;;;;;
60,95307876;4,04890863;-14,2947841;;;;;;;;;;;;;;;;;;;;;;;;
60,64760851;4,054874397;-14,12290323;;;;;;;;;;;;;;;;;;;;;;;;
60,34429429;4,060870071;-13,94537168;;;;;;;;;;;;;;;;;;;;;;;;
60,04329144;4,066895703;-13,7616159;;;;;;;;;;;;;;;;;;;;;;;;
59,74477068;4,072951322;-13,57098523;;;;;;;;;;;;;;;;;;;;;;;;
59,44892011;4,079036931;-13,37273782;;;;;;;;;;;;;;;;;;;;;;;;
59,15594757;4,085152507;-13,16602328;;;;;;;;;;;;;;;;;;;;;;;;
58,86608344;4,091297993;-12,94986076;;;;;;;;;;;;;;;;;;;;;;;;
58,57958398;4,097473296;-12,72311141;;;;;;;;;;;;;;;;;;;;;;;;
58,29673533;4,103678282;-12,4844429;;;;;;;;;;;;;;;;;;;;;;;;
58,01785848;4,10991277;-12,23228332;;;;;;;;;;;;;;;;;;;;;;;;
57,7433152;4,116176524;-11,96476022;;;;;;;;;;;;;;;;;;;;;;;;
57,47351564;4,122469249;-11,67961846;;;;;;;;;;;;;;;;;;;;;;;;
57,20892782;4,128790573;-11,37410713;;;;;;;;;;;;;;;;;;;;;;;;
56,9500899;4,135140045;-11,04481995;;;;;;;;;;;;;;;;;;;;;;;;
56,6976263;4,141517114;-10,68746333;;;;;;;;;;;;;;;;;;;;;;;;
56,45226942;4,147921111;-10,29650723;;;;;;;;;;;;;;;;;;;;;;;;
56,21488973;4,154351753;-10,06127242;;;;;;;;;;;;;;;;;;;;;;;;
55,98196814;4,160809102;-9,959942769;;;;;;;;;;;;;;;;;;;;;;;;
55,75043477;4,167293208;-9,855799711;;;;;;;;;;;;;;;;;;;;;;;;
55,52037298;4,173804111;-9,748603612;;;;;;;;;;;;;;;;;;;;;;;;
55,29187303;4,180341835;-9,638087989;;;;;;;;;;;;;;;;;;;;;;;;
55,06503285;4,186906392;-9,523955408;;;;;;;;;;;;;;;;;;;;;;;;
54,8399589;4,193497774;-9,405872552;;;;;;;;;;;;;;;;;;;;;;;;
54,61676717;4,200115958;-9,283464264;;;;;;;;;;;;;;;;;;;;;;;;
54,39558433;4,2067609;-9,15630628;;;;;;;;;;;;;;;;;;;;;;;;
54,1765491;4,213432531;-9,023916283;;;;;;;;;;;;;;;;;;;;;;;;
53,95981382;4,220130761;-8,885742801;;;;;;;;;;;;;;;;;;;;;;;;
53,74554634;4,226855468;-8,741151257;;;;;;;;;;;;;;;;;;;;;;;;
53,53393229;4,2336065;-8,589406242;;;;;;;;;;;;;;;;;;;;;;;;
53,3251778;4,240383671;-8,429648675;;;;;;;;;;;;;;;;;;;;;;;;
53,1195128;4,247186752;-8,26086594;;;;;;;;;;;;;;;;;;;;;;;;
52,91719515;4,254015473;-8,081852157;;;;;;;;;;;;;;;;;;;;;;;;
52,7185158;4,260869508;-7,891154292;;;;;;;;;;;;;;;;;;;;;;;;
52,52380531;4,267748474;-7,686997409;;;;;;;;;;;;;;;;;;;;;;;;
52,33344236;4,274651921;-7,467178242;;;;;;;;;;;;;;;;;;;;;;;;
52,147865;4,281579316;-7,228908946;;;;;;;;;;;;;;;;;;;;;;;;
51,96758597;4,288530033;-6,968579093;;;;;;;;;;;;;;;;;;;;;;;;
51,79321412;4,295503333;-6,681376552;;;;;;;;;;;;;;;;;;;;;;;;
51,62548564;4,302498336;-6,360648842;;;;;;;;;;;;;;;;;;;;;;;;
51,46531172;4,309513985;-5,996747192;;;;;;;;;;;;;;;;;;;;;;;;
51,31385586;4,31654899;-5,574723131;;;;;;;;;;;;;;;;;;;;;;;;
51,17267032;4,323601734;-5,069067189;;;;;;;;;;;;;;;;;;;;;;;;
51,04396733;4,330670083;-4,428835431;;;;;;;;;;;;;;;;;;;;;;;;
50,93127093;4,33775494;-4,652817173;;;;;;;;;;;;;;;;;;;;;;;;
50,81259857;4,344856323;-4,625398975;;;;;;;;;;;;;;;;;;;;;;;;
50,69435034;4,351974243;-4,596446241;;;;;;;;;;;;;;;;;;;;;;;;
50,57656864;4,359108706;-4,565790091;;;;;;;;;;;;;;;;;;;;;;;;
50,45930059;4,366259708;-4,53323825;;;;;;;;;;;;;;;;;;;;;;;;
50,34259869;4,373427236;-4,498570747;;;;;;;;;;;;;;;;;;;;;;;;
50,22652162;4,380611268;-4,461534584;;;;;;;;;;;;;;;;;;;;;;;;
50,11113511;4,38781177;-4,421837043;;;;;;;;;;;;;;;;;;;;;;;;
49,9965131;4,395028695;-4,379137178;;;;;;;;;;;;;;;;;;;;;;;;
49,88273904;4,402261982;-4,33303487;;;;;;;;;;;;;;;;;;;;;;;;
49,76990754;4,40951155;-4,283056526;;;;;;;;;;;;;;;;;;;;;;;;
49,65812642;4,416777303;-4,228636083;;;;;;;;;;;;;;;;;;;;;;;;
49,54751922;4,424059117;-4,169089284;;;;;;;;;;;;;;;;;;;;;;;;
49,43822849;4,431356845;-4,103578092;;;;;;;;;;;;;;;;;;;;;;;;
49,33042002;4,438670308;-4,031060177;;;;;;;;;;;;;;;;;;;;;;;;
49,22428839;4,445999288;-3,950215078;;;;;;;;;;;;;;;;;;;;;;;;
49,12006461;4,453343525;-3,859332364;;;;;;;;;;;;;;;;;;;;;;;;
49,01802675;4,460702702;-3,756134845;;;;;;;;;;;;;;;;;;;;;;;;
48,91851533;4,468076434;-3,637483836;;;;;;;;;;;;;;;;;;;;;;;;
48,82195675;4,475464246;-3,49885336;;;;;;;;;;;;;;;;;;;;;;;;
48,7289008;4,482865549;-3,333304043;;;;;;;;;;;;;;;;;;;;;;;;
48,64008595;4,490279583;-3,129212757;;;;;;;;;;;;;;;;;;;;;;;;
48,55656563;4,497705325;-2,864190384;;;;;;;;;;;;;;;;;;;;;;;;
48,47999816;4,50514126;-2,482120681;;;;;;;;;;;;;;;;;;;;;;;;
48,41355337;4,512581694;-1,09310521;;;;;;;;;;;;;;;;;;;;;;;;
48,38427394;4,520022128;0;;;;;;;;;;;;;;;;;;;;;;;;
48,3549945;4,527462562;-1,09310521;;;;;;;;;;;;;;;;;;;;;;;;
48,39687589;4,534907501;1,562634539;;;;;;;;;;;;;;;;;;;;;;;;
48,46391086;4,542345998;2,50330483;;;;;;;;;;;;;;;;;;;;;;;;
48,54865279;4,549774206;3,1689242;;;;;;;;;;;;;;;;;;;;;;;;
48,64726641;4,557189447;3,694103437;;;;;;;;;;;;;;;;;;;;;;;;
48,75730613;4,564589658;4,130502895;;;;;;;;;;;;;;;;;;;;;;;;
48,87704055;4,571973167;4,504573717;;;;;;;;;;;;;;;;;;;;;;;;
49,00516421;4,579338588;4,832025717;;;;;;;;;;;;;;;;;;;;;;;;
49,14065049;4,586684752;5,123092266;;;;;;;;;;;;;;;;;;;;;;;;
49,28266732;4,594010663;5,38487617;;;;;;;;;;;;;;;;;;;;;;;;
49,43052486;4,601315462;5,622541506;;;;;;;;;;;;;;;;;;;;;;;;
49,58364101;4,608598411;5,839978235;;;;;;;;;;;;;;;;;;;;;;;;
49,74151765;4,615858871;6,04019962;;;;;;;;;;;;;;;;;;;;;;;;
49,90372358;4,623096285;6,225593205;;;;;;;;;;;;;;;;;;;;;;;;
50,06988192;4,630310176;6,3980864;;;;;;;;;;;;;;;;;;;;;;;;
50,23966064;4,637500127;6,55925975;;;;;;;;;;;;;;;;;;;;;;;;
50,41276518;4,644665781;6,710426777;;;;;;;;;;;;;;;;;;;;;;;;
50,58893263;4,651806829;6,852691718;;;;;;;;;;;;;;;;;;;;;;;;
50,76792715;4,65892301;6,986992221;;;;;;;;;;;;;;;;;;;;;;;;
50,94953619;4,666014101;7,114131515;;;;;;;;;;;;;;;;;;;;;;;;
51,1335674;4,673079916;7,234803064;;;;;;;;;;;;;;;;;;;;;;;;
51,3198461;4,680120301;7,349609746;;;;;;;;;;;;;;;;;;;;;;;;
51,50821312;4,687135131;7,459078968;;;;;;;;;;;;;;;;;;;;;;;;
51,69852301;4,694124308;7,563674722;;;;;;;;;;;;;;;;;;;;;;;;
51,8906425;4,701087756;7,663807304;;;;;;;;;;;;;;;;;;;;;;;;
52,12758659;4,708025423;9,487022375;;;;;;;;;;;;;;;;;;;;;;;;
52,39304531;4,714931556;10,67725496;;;;;;;;;;;;;;;;;;;;;;;;
52,67864469;4,721802697;11,54584976;;;;;;;;;;;;;;;;;;;;;;;;
52,96497822;4,728636585;11,63862825;;;;;;;;;;;;;;;;;;;;;;;;
53,24795903;4,735433529;11,56487052;;;;;;;;;;;;;;;;;;;;;;;;
53,52766026;4,742194352;11,49191336;;;;;;;;;;;;;;;;;;;;;;;;
53,80415251;4,748919847;11,4197401;;;;;;;;;;;;;;;;;;;;;;;;
54,07750393;4,75561078;11,34833468;;;;;;;;;;;;;;;;;;;;;;;;
54,34778037;4,762267892;11,27768155;;;;;;;;;;;;;;;;;;;;;;;;
54,61504546;4,768891898;11,20776568;;;;;;;;;;;;;;;;;;;;;;;;
54,87927075;4,775483488;11,13478079;;;;;;;;;;;;;;;;;;;;;;;;
55,14050087;4,782043342;11,06181982;;;;;;;;;;;;;;;;;;;;;;;;
55,39879673;4,788572118;10,98963216;;;;;;;;;;;;;;;;;;;;;;;;
55,65421728;4,795070454;10,91820282;;;;;;;;;;;;;;;;;;;;;;;;
55,90681956;4,801538967;10,84751725;;;;;;;;;;;;;;;;;;;;;;;;
56,15665884;4,807978253;10,77756137;;;;;;;;;;;;;;;;;;;;;;;;
56,40378865;4,814388891;10,70832153;;;;;;;;;;;;;;;;;;;;;;;;
56,6482609;4,820771441;10,6397845;;;;;;;;;;;;;;;;;;;;;;;;
56,89012588;4,827126446;10,57193746;;;;;;;;;;;;;;;;;;;;;;;;
57,12943243;4,833454433;10,50476793;;;;;;;;;;;;;;;;;;;;;;;;
57,36622788;4,839755914;10,43826385;;;;;;;;;;;;;;;;;;;;;;;;
57,60055822;4,846031383;10,37241347;;;;;;;;;;;;;;;;;;;;;;;;
57,8324681;4,852281322;10,30720538;;;;;;;;;;;;;;;;;;;;;;;;
58,06200087;4,858506199;10,24262852;;;;;;;;;;;;;;;;;;;;;;;;
58,28919867;4,864706468;10,17867212;;;;;;;;;;;;;;;;;;;;;;;;
58,51410247;4,870882569;10,11532569;;;;;;;;;;;;;;;;;;;;;;;;
58,73675208;4,877034932;10,05257907;;;;;;;;;;;;;;;;;;;;;;;;
58,95718626;4,883163974;9,990422334;;;;;;;;;;;;;;;;;;;;;;;;
59,17543867;4,8892701;9,92866368;;;;;;;;;;;;;;;;;;;;;;;;
59,39152292;4,895353705;9,866420188;;;;;;;;;;;;;;;;;;;;;;;;
59,60547546;4,901415176;9,80475829;;;;;;;;;;;;;;;;;;;;;;;;
59,81733174;4,90745489;9,74366868;;;;;;;;;;;;;;;;;;;;;;;;
60,02712633;4,913473212;9,683142291;;;;;;;;;;;;;;;;;;;;;;;;
60,23489287;4,919470501;9,623170288;;;;;;;;;;;;;;;;;;;;;;;;
60,44066417;4,925447103;9,563744056;;;;;;;;;;;;;;;;;;;;;;;;
60,6444722;4,931403358;9,504855198;;;;;;;;;;;;;;;;;;;;;;;;
60,84634811;4,937339596;9,446495522;;;;;;;;;;;;;;;;;;;;;;;;
61,04632231;4,943256138;9,388657035;;;;;;;;;;;;;;;;;;;;;;;;
61,24442443;4,949153299;9,331331938;;;;;;;;;;;;;;;;;;;;;;;;
61,44068341;4,955031385;9,27451262;;;;;;;;;;;;;;;;;;;;;;;;
61,63512748;4,960890695;9,218191648;;;;;;;;;;;;;;;;;;;;;;;;
61,82778419;4,96673152;9,162361765;;;;;;;;;;;;;;;;;;;;;;;;
62,01868045;4,972554145;9,10701588;;;;;;;;;;;;;;;;;;;;;;;;
62,20784253;4,978358848;9,052147068;;;;;;;;;;;;;;;;;;;;;;;;
62,39560871;4,9841459;9,012754011;;;;;;;;;;;;;;;;;;;;;;;;
62,58233286;4,989915537;8,989789487;;;;;;;;;;;;;;;;;;;;;;;;
62,76776819;4,995667959;8,954456064;;;;;;;;;;;;;;;;;;;;;;;;
62,95193061;5,001403386;8,919339505;;;;;;;;;;;;;;;;;;;;;;;;
63,13483573;5,007122036;8,884437352;;;;;;;;;;;;;;;;;;;;;;;;
63,31649887;5,012824117;8,849747194;;;;;;;;;;;;;;;;;;;;;;;;
63,49693502;5,018509839;8,815266665;;;;;;;;;;;;;;;;;;;;;;;;
63,67615891;5,024179404;8,780993445;;;;;;;;;;;;;;;;;;;;;;;;
63,85418496;5,029833012;8,746925254;;;;;;;;;;;;;;;;;;;;;;;;
64,03102734;5,035470857;8,713059857;;;;;;;;;;;;;;;;;;;;;;;;
64,20669992;5,041093131;8,679395059;;;;;;;;;;;;;;;;;;;;;;;;
64,38121634;5,046700022;8,645928704;;;;;;;;;;;;;;;;;;;;;;;;
64,55458998;5,052291715;8,612658676;;;;;;;;;;;;;;;;;;;;;;;;
64,72683396;5,057868391;8,579582897;;;;;;;;;;;;;;;;;;;;;;;;
64,89796116;5,063430226;8,546699325;;;;;;;;;;;;;;;;;;;;;;;;
65,06798425;5,068977396;8,514005954;;;;;;;;;;;;;;;;;;;;;;;;
65,23691564;5,074510071;8,481500814;;;;;;;;;;;;;;;;;;;;;;;;
65,40476754;5,080028419;8,449181967;;;;;;;;;;;;;;;;;;;;;;;;
65,57155192;5,085532605;8,417047511;;;;;;;;;;;;;;;;;;;;;;;;
65,73728055;5,091022791;8,385095575;;;;;;;;;;;;;;;;;;;;;;;;
65,90196501;5,096499135;8,353324319;;;;;;;;;;;;;;;;;;;;;;;;
66,06561665;5,101961795;8,321731937;;;;;;;;;;;;;;;;;;;;;;;;
66,22824663;5,107410923;8,290316649;;;;;;;;;;;;;;;;;;;;;;;;
66,38986594;5,11284667;8,259076708;;;;;;;;;;;;;;;;;;;;;;;;
66,55048536;5,118269184;8,228010393;;;;;;;;;;;;;;;;;;;;;;;;
66,71011548;5,123678611;8,197116014;;;;;;;;;;;;;;;;;;;;;;;;
66,86876674;5,129075094;8,166391905;;;;;;;;;;;;;;;;;;;;;;;;
67,02644939;5,134458774;8,13583643;;;;;;;;;;;;;;;;;;;;;;;;
67,1831735;5,139829788;8,105447978;;;;;;;;;;;;;;;;;;;;;;;;
67,33894899;5,145188272;8,075224962;;;;;;;;;;;;;;;;;;;;;;;;
67,4937856;5,150534361;8,045165822;;;;;;;;;;;;;;;;;;;;;;;;
67,64769294;5,155868185;8,015269022;;;;;;;;;;;;;;;;;;;;;;;;
67,80068043;5,161189875;7,98553305;;;;;;;;;;;;;;;;;;;;;;;;
67,95275736;5,166499556;7,955956416;;;;;;;;;;;;;;;;;;;;;;;;
68,10393287;5,171797354;7,926537655;;;;;;;;;;;;;;;;;;;;;;;;
68,25421595;5,177083392;7,897275322;;;;;;;;;;;;;;;;;;;;;;;;
68,40361545;5,182357792;7,868167997;;;;;;;;;;;;;;;;;;;;;;;;
68,55214008;5,187620672;7,839214278;;;;;;;;;;;;;;;;;;;;;;;;
68,69979842;5,192872149;7,810412785;;;;;;;;;;;;;;;;;;;;;;;;
68,84663587;5,198112339;7,783721984;;;;;;;;;;;;;;;;;;;;;;;;
68,99269579;5,203341352;7,75905391;;;;;;;;;;;;;;;;;;;;;;;;
69,13798525;5,208559296;7,73449971;;;;;;;;;;;;;;;;;;;;;;;;
69,28251124;5,213766275;7,710058459;;;;;;;;;;;;;;;;;;;;;;;;
69,42628064;5,218962391;7,685729245;;;;;;;;;;;;;;;;;;;;;;;;
69,56930024;5,224147747;7,661511166;;;;;;;;;;;;;;;;;;;;;;;;
69,71157671;5,229322444;7,637403335;;;;;;;;;;;;;;;;;;;;;;;;
69,85311666;5,234486579;7,613404875;;;;;;;;;;;;;;;;;;;;;;;;
69,99392657;5,23964025;7,589514922;;;;;;;;;;;;;;;;;;;;;;;;
70,13401286;5,244783553;7,565732622;;;;;;;;;;;;;;;;;;;;;;;;
70,27338184;5,249916584;7,542057134;;;;;;;;;;;;;;;;;;;;;;;;
70,41203975;5,255039434;7,518487628;;;;;;;;;;;;;;;;;;;;;;;;
70,54999272;5,260152196;7,495023284;;;;;;;;;;;;;;;;;;;;;;;;
70,68724682;5,26525496;7,471663292;;;;;;;;;;;;;;;;;;;;;;;;
70,82380802;5,270347817;7,448406854;;;;;;;;;;;;;;;;;;;;;;;;
70,95968222;5,275430853;7,425253182;;;;;;;;;;;;;;;;;;;;;;;;
71,09487523;5,280504156;7,402201497;;;;;;;;;;;;;;;;;;;;;;;;
71,22939279;5,285567813;7,379251032;;;;;;;;;;;;;;;;;;;;;;;;
71,36324057;5,290621906;7,356401028;;;;;;;;;;;;;;;;;;;;;;;;
71,49642414;5,29566652;7,333650734;;;;;;;;;;;;;;;;;;;;;;;;
71,62894902;5,300701737;7,310999413;;;;;;;;;;;;;;;;;;;;;;;;
71,76082065;5,305727638;7,288446333;;;;;;;;;;;;;;;;;;;;;;;;
71,89204441;5,310744303;7,265990773;;;;;;;;;;;;;;;;;;;;;;;;
72,02262557;5,315751811;7,24363202;;;;;;;;;;;;;;;;;;;;;;;;
72,15256939;5,32075024;7,22136937;;;;;;;;;;;;;;;;;;;;;;;;
72,28188101;5,325739667;7,199202129;;;;;;;;;;;;;;;;;;;;;;;;
72,41056554;5,330720169;7,177129608;;;;;;;;;;;;;;;;;;;;;;;;
72,53862801;5,335691819;7,155151129;;;;;;;;;;;;;;;;;;;;;;;;
72,66607339;5,340654692;7,133266021;;;;;;;;;;;;;;;;;;;;;;;;
72,79290658;5,345608861;7,111473623;;;;;;;;;;;;;;;;;;;;;;;;
72,91913242;5,350554398;7,089773278;;;;;;;;;;;;;;;;;;;;;;;;
73,04475571;5,355491374;7,068164341;;;;;;;;;;;;;;;;;;;;;;;;
73,16978116;5,360419859;7,046646171;;;;;;;;;;;;;;;;;;;;;;;;
73,29421344;5,365339923;7,025218136;;;;;;;;;;;;;;;;;;;;;;;;
73,41805716;5,370251634;7,003879611;;;;;;;;;;;;;;;;;;;;;;;;
73,54131687;5,37515506;6,98262998;;;;;;;;;;;;;;;;;;;;;;;;
73,66399707;5,380050267;6,961468631;;;;;;;;;;;;;;;;;;;;;;;;
73,7861022;5,384937322;6,94039496;;;;;;;;;;;;;;;;;;;;;;;;
73,90763664;5,38981629;6,919408372;;;;;;;;;;;;;;;;;;;;;;;;
74,02860475;5,394687234;6,898508275;;;;;;;;;;;;;;;;;;;;;;;;
74,14901079;5,399550219;6,877694087;;;;;;;;;;;;;;;;;;;;;;;;
74,26885901;5,404405308;6,856965231;;;;;;;;;;;;;;;;;;;;;;;;
74,38815359;5,409252561;6,836321136;;;;;;;;;;;;;;;;;;;;;;;;
74,50689866;5,414092041;6,815761237;;;;;;;;;;;;;;;;;;;;;;;;
74,62509831;5,418923809;6,795284978;;;;;;;;;;;;;;;;;;;;;;;;
74,74275658;5,423747923;6,774891806;;;;;;;;;;;;;;;;;;;;;;;;
74,85987746;5,428564443;6,754581174;;;;;;;;;;;;;;;;;;;;;;;;
74,97646489;5,433373428;6,734352544;;;;;;;;;;;;;;;;;;;;;;;;
75,09250522;5,438174935;6,713189686;;;;;;;;;;;;;;;;;;;;;;;;
75,20800197;5,442969022;6,692083294;;;;;;;;;;;;;;;;;;;;;;;;
75,32295916;5,447755746;6,671065304;;;;;;;;;;;;;;;;;;;;;;;;
75,43738078;5,452535166;6,650135131;;;;;;;;;;;;;;;;;;;;;;;;
75,55127077;5,457307335;6,629292192;;;;;;;;;;;;;;;;;;;;;;;;
75,66463303;5,462072312;6,608535915;;;;;;;;;;;;;;;;;;;;;;;;
75,7774714;5,466830149;6,587865731;;;;;;;;;;;;;;;;;;;;;;;;
75,88978969;5,471580901;6,567281078;;;;;;;;;;;;;;;;;;;;;;;;
76,00159167;5,476324622;6,546781399;;;;;;;;;;;;;;;;;;;;;;;;
76,11288106;5,481061365;6,526366146;;;;;;;;;;;;;;;;;;;;;;;;
76,22366153;5,485791182;6,506034773;;;;;;;;;;;;;;;;;;;;;;;;
76,33393673;5,490514125;6,485786741;;;;;;;;;;;;;;;;;;;;;;;;
76,44371026;5,495230245;6,465621517;;;;;;;;;;;;;;;;;;;;;;;;
76,55298567;5,499939592;6,445538574;;;;;;;;;;;;;;;;;;;;;;;;
76,66176649;5,504642218;6,425537389;;;;;;;;;;;;;;;;;;;;;;;;
76,7700562;5,50933817;6,405617446;;;;;;;;;;;;;;;;;;;;;;;;
76,87785824;5,514027498;6,385778231;;;;;;;;;;;;;;;;;;;;;;;;
76,98517602;5,518710251;6,36601924;;;;;;;;;;;;;;;;;;;;;;;;
77,0920129;5,523386476;6,346339971;;;;;;;;;;;;;;;;;;;;;;;;
77,19837224;5,52805622;6,326739927;;;;;;;;;;;;;;;;;;;;;;;;
77,30425731;5,532719531;6,307218616;;;;;;;;;;;;;;;;;;;;;;;;
77,40967139;5,537376455;6,287775553;;;;;;;;;;;;;;;;;;;;;;;;
77,5146177;5,542027036;6,268410256;;;;;;;;;;;;;;;;;;;;;;;;
77,61909945;5,546671322;6,249122247;;;;;;;;;;;;;;;;;;;;;;;;
77,72311978;5,551309355;6,229911055;;;;;;;;;;;;;;;;;;;;;;;;
77,82668184;5,555941182;6,210776211;;;;;;;;;;;;;;;;;;;;;;;;
77,92978871;5,560566845;6,191717253;;;;;;;;;;;;;;;;;;;;;;;;
78,03244345;5,565186388;6,172733722;;;;;;;;;;;;;;;;;;;;;;;;
78,13464912;5,569799853;6,153825164;;;;;;;;;;;;;;;;;;;;;;;;
78,23640869;5,574407284;6,134991129;;;;;;;;;;;;;;;;;;;;;;;;
78,33772514;5,579008722;6,116231171;;;;;;;;;;;;;;;;;;;;;;;;
78,43860142;5,583604209;6,097544849;;;;;;;;;;;;;;;;;;;;;;;;
78,53904043;5,588193786;6,078931726;;;;;;;;;;;;;;;;;;;;;;;;
78,63904506;5,592777494;6,060391369;;;;;;;;;;;;;;;;;;;;;;;;
78,73861814;5,597355373;6,041923349;;;;;;;;;;;;;;;;;;;;;;;;
78,83776252;5,601927462;6,023527241;;;;;;;;;;;;;;;;;;;;;;;;
78,93648098;5,606493802;6,005202624;;;;;;;;;;;;;;;;;;;;;;;;
79,0347763;5,611054431;5,986949081;;;;;;;;;;;;;;;;;;;;;;;;
79,1326512;5,615609387;5,968766199;;;;;;;;;;;;;;;;;;;;;;;;
79,2301084;5,620158711;5,950653568;;;;;;;;;;;;;;;;;;;;;;;;
79,3271506;5,624702438;5,932610783;;;;;;;;;;;;;;;;;;;;;;;;
79,42378044;5,629240607;5,914637441;;;;;;;;;;;;;;;;;;;;;;;;
79,52000057;5,633773254;5,896733145;;;;;;;;;;;;;;;;;;;;;;;;
79,61581358;5,638300417;5,8788975;;;;;;;;;;;;;;;;;;;;;;;;
79,71122207;5,642822132;5,861130114;;;;;;;;;;;;;;;;;;;;;;;;
79,8062286;5,647338434;5,843430601;;;;;;;;;;;;;;;;;;;;;;;;
79,90083569;5,651849361;5,825798575;;;;;;;;;;;;;;;;;;;;;;;;
79,99504585;5,656354945;5,808233655;;;;;;;;;;;;;;;;;;;;;;;;
80,08886157;5,660855224;5,790735466;;;;;;;;;;;;;;;;;;;;;;;;
80,18228532;5,665350231;5,773303632;;;;;;;;;;;;;;;;;;;;;;;;
80,27531953;5,669840001;5,755937782;;;;;;;;;;;;;;;;;;;;;;;;
80,36796661;5,674324567;5,73863755;;;;;;;;;;;;;;;;;;;;;;;;
80,46022897;5,678803964;5,72140257;;;;;;;;;;;;;;;;;;;;;;;;
80,55210896;5,683278224;5,704232482;;;;;;;;;;;;;;;;;;;;;;;;
80,64360894;5,687747381;5,687126928;;;;;;;;;;;;;;;;;;;;;;;;
80,73473124;5,692211467;5,670085552;;;;;;;;;;;;;;;;;;;;;;;;
80,82547815;5,696670514;5,653108003;;;;;;;;;;;;;;;;;;;;;;;;
80,91585198;5,701124555;5,636193932;;;;;;;;;;;;;;;;;;;;;;;;
81,00585496;5,705573622;5,619342993;;;;;;;;;;;;;;;;;;;;;;;;
81,09548936;5,710017745;5,602554843;;;;;;;;;;;;;;;;;;;;;;;;
81,18475739;5,714456956;5,585829142;;;;;;;;;;;;;;;;;;;;;;;;
81,2736573;5,718891286;5,56891788;;;;;;;;;;;;;;;;;;;;;;;;
81,362191;5,723320766;5,552050402;;;;;;;;;;;;;;;;;;;;;;;;
81,45036069;5,727745425;5,535246258;;;;;;;;;;;;;;;;;;;;;;;;
81,53816856;5,732165295;5,518505105;;;;;;;;;;;;;;;;;;;;;;;;
81,62561677;5,736580405;5,501826602;;;;;;;;;;;;;;;;;;;;;;;;
81,71270748;5,740990786;5,485210414;;;;;;;;;;;;;;;;;;;;;;;;
81,79944281;5,745396465;5,468656205;;;;;;;;;;;;;;;;;;;;;;;;
81,88582486;5,749797473;5,452163643;;;;;;;;;;;;;;;;;;;;;;;;
81,97185574;5,754193838;5,435732401;;;;;;;;;;;;;;;;;;;;;;;;
82,05753751;5,75858559;5,419362152;;;;;;;;;;;;;;;;;;;;;;;;
82,14287221;5,762972755;5,403052573;;;;;;;;;;;;;;;;;;;;;;;;
82,2278619;5,767355363;5,386803343;;;;;;;;;;;;;;;;;;;;;;;;
82,31250859;5,771733441;5,370614143;;;;;;;;;;;;;;;;;;;;;;;;
82,39681427;5,776107017;5,354484659;;;;;;;;;;;;;;;;;;;;;;;;
82,48082205;5,780476118;5,341028936;;;;;;;;;;;;;;;;;;;;;;;;
82,56453096;5,784840769;5,327453369;;;;;;;;;;;;;;;;;;;;;;;;
82,6479577;5,789200995;5,314884242;;;;;;;;;;;;;;;;;;;;;;;;
82,73111232;5,793556819;5,302900875;;;;;;;;;;;;;;;;;;;;;;;;
82,81399617;5,797908266;5,290951173;;;;;;;;;;;;;;;;;;;;;;;;
82,89661058;5,802255357;5,279034994;;;;;;;;;;;;;;;;;;;;;;;;
82,97895688;5,806598116;5,2671522;;;;;;;;;;;;;;;;;;;;;;;;
83,06103639;5,810936565;5,25530265;;;;;;;;;;;;;;;;;;;;;;;;
83,14285042;5,815270727;5,243486208;;;;;;;;;;;;;;;;;;;;;;;;
83,22440027;5,819600625;5,231702736;;;;;;;;;;;;;;;;;;;;;;;;
83,30568722;5,823926279;5,219952097;;;;;;;;;;;;;;;;;;;;;;;;
83,38671256;5,828247713;5,208234157;;;;;;;;;;;;;;;;;;;;;;;;
83,46747755;5,832564947;5,196548782;;;;;;;;;;;;;;;;;;;;;;;;
83,54798346;5,836878004;5,184895837;;;;;;;;;;;;;;;;;;;;;;;;
83,62823153;5,841186906;5,173275191;;;;;;;;;;;;;;;;;;;;;;;;
83,70822301;5,845491672;5,161686711;;;;;;;;;;;;;;;;;;;;;;;;
83,78795913;5,849792325;5,150130267;;;;;;;;;;;;;;;;;;;;;;;;
83,86744111;5,854088885;5,13860573;;;;;;;;;;;;;;;;;;;;;;;;
83,94667017;5,858381373;5,127112969;;;;;;;;;;;;;;;;;;;;;;;;
84,02564751;5,86266981;5,115651857;;;;;;;;;;;;;;;;;;;;;;;;
84,10437433;5,866954216;5,104222266;;;;;;;;;;;;;;;;;;;;;;;;
84,18285182;5,871234612;5,09282407;;;;;;;;;;;;;;;;;;;;;;;;
84,26108115;5,875511017;5,081457142;;;;;;;;;;;;;;;;;;;;;;;;
84,3390635;5,879783452;5,070121359;;;;;;;;;;;;;;;;;;;;;;;;
84,41680004;5,884051937;5,058816595;;;;;;;;;;;;;;;;;;;;;;;;
84,4942919;5,888316491;5,047542727;;;;;;;;;;;;;;;;;;;;;;;;
84,57154025;5,892577134;5,036299633;;;;;;;;;;;;;;;;;;;;;;;;
84,64854621;5,896833885;5,025087191;;;;;;;;;;;;;;;;;;;;;;;;
84,72531092;5,901086764;5,013905279;;;;;;;;;;;;;;;;;;;;;;;;
84,80183551;5,905335789;5,002753778;;;;;;;;;;;;;;;;;;;;;;;;
84,87812107;5,90958098;4,991632568;;;;;;;;;;;;;;;;;;;;;;;;
84,95416872;5,913822356;4,980541531;;;;;;;;;;;;;;;;;;;;;;;;
85,02997956;5,918059935;4,969480547;;;;;;;;;;;;;;;;;;;;;;;;
85,10555468;5,922293736;4,9584495;;;;;;;;;;;;;;;;;;;;;;;;
85,18089515;5,926523777;4,947448274;;;;;;;;;;;;;;;;;;;;;;;;
85,25600206;5,930750077;4,936476752;;;;;;;;;;;;;;;;;;;;;;;;
85,33087648;5,934972653;4,925534819;;;;;;;;;;;;;;;;;;;;;;;;
85,40551945;5,939191525;4,914622361;;;;;;;;;;;;;;;;;;;;;;;;
85,47993204;5,943406709;4,903739264;;;;;;;;;;;;;;;;;;;;;;;;
85,5541153;5,947618224;4,892885416;;;;;;;;;;;;;;;;;;;;;;;;
85,62807025;5,951826087;4,882060703;;;;;;;;;;;;;;;;;;;;;;;;
85,70179794;5,956030316;4,871265014;;;;;;;;;;;;;;;;;;;;;;;;
85,77529938;5,960230928;4,860498237;;;;;;;;;;;;;;;;;;;;;;;;
85,84857559;5,96442794;4,849760264;;;;;;;;;;;;;;;;;;;;;;;;
85,92162759;5,96862137;4,839050984;;;;;;;;;;;;;;;;;;;;;;;;
85,99445638;5,972811235;4,828370288;;;;;;;;;;;;;;;;;;;;;;;;
86,06706295;5,976997551;4,817718067;;;;;;;;;;;;;;;;;;;;;;;;
86,1394483;5,981180336;4,807094215;;;;;;;;;;;;;;;;;;;;;;;;
86,2116134;5,985359606;4,796498623;;;;;;;;;;;;;;;;;;;;;;;;
86,28355924;5,989535377;4,785931186;;;;;;;;;;;;;;;;;;;;;;;;
86,35528678;5,993707667;4,775391798;;;;;;;;;;;;;;;;;;;;;;;;
86,426797;5,997876491;4,764880353;;;;;;;;;;;;;;;;;;;;;;;;
86,49809084;6,002041866;4,754396747;;;;;;;;;;;;;;;;;;;;;;;;
86,56916925;6,006203807;4,743940877;;;;;;;;;;;;;;;;;;;;;;;;
86,64003319;6,010362332;4,733512638;;;;;;;;;;;;;;;;;;;;;;;;
86,71068359;6,014517455;4,723111928;;;;;;;;;;;;;;;;;;;;;;;;
86,78112139;6,018669192;4,712738644;;;;;;;;;;;;;;;;;;;;;;;;
86,8513475;6,02281756;4,702392687;;;;;;;;;;;;;;;;;;;;;;;;
86,92136285;6,026962574;4,692073953;;;;;;;;;;;;;;;;;;;;;;;;
86,99116836;6,031104248;4,681782344;;;;;;;;;;;;;;;;;;;;;;;;
87,06076493;6,035242599;4,671517759;;;;;;;;;;;;;;;;;;;;;;;;
87,13015347;6,039377642;4,661280098;;;;;;;;;;;;;;;;;;;;;;;;
87,19933487;6,043509392;4,651069264;;;;;;;;;;;;;;;;;;;;;;;;
87,26831002;6,047637864;4,640885159;;;;;;;;;;;;;;;;;;;;;;;;
87,3370798;6,051763073;4,630727684;;;;;;;;;;;;;;;;;;;;;;;;
87,40564511;6,055885033;4,620596742;;;;;;;;;;;;;;;;;;;;;;;;
87,4740068;6,06000376;4,610492238;;;;;;;;;;;;;;;;;;;;;;;;
87,54216575;6,064119269;4,600414076;;;;;;;;;;;;;;;;;;;;;;;;
87,61012283;6,068231573;4,590362159;;;;;;;;;;;;;;;;;;;;;;;;
87,67787888;6,072340687;4,580336393;;;;;;;;;;;;;;;;;;;;;;;;
87,74543476;6,076446626;4,570336685;;;;;;;;;;;;;;;;;;;;;;;;
87,81279131;6,080549403;4,560362939;;;;;;;;;;;;;;;;;;;;;;;;
87,87994939;6,084649034;4,550415064;;;;;;;;;;;;;;;;;;;;;;;;
87,94690982;6,088745531;4,540492966;;;;;;;;;;;;;;;;;;;;;;;;
88,01367342;6,09283891;4,530596552;;;;;;;;;;;;;;;;;;;;;;;;
88,08024104;6,096929183;4,520725732;;;;;;;;;;;;;;;;;;;;;;;;
88,14661349;6,101016366;4,510880414;;;;;;;;;;;;;;;;;;;;;;;;
88,21279158;6,10510047;4,501060507;;;;;;;;;;;;;;;;;;;;;;;;
88,27877612;6,109181511;4,491265922;;;;;;;;;;;;;;;;;;;;;;;;
88,34456792;6,113259502;4,481496568;;;;;;;;;;;;;;;;;;;;;;;;
88,41016778;6,117334455;4,471752356;;;;;;;;;;;;;;;;;;;;;;;;
88,47557649;6,121406385;4,462033197;;;;;;;;;;;;;;;;;;;;;;;;
88,54079484;6,125475304;4,452339004;;;;;;;;;;;;;;;;;;;;;;;;
88,60582362;6,129541227;4,442669688;;;;;;;;;;;;;;;;;;;;;;;;
88,67066361;6,133604165;4,433025163;;;;;;;;;;;;;;;;;;;;;;;;
88,73531558;6,137664133;4,42340534;;;;;;;;;;;;;;;;;;;;;;;;
88,79978031;6,141721142;4,413810135;;;;;;;;;;;;;;;;;;;;;;;;
88,86405856;6,145775206;4,404239461;;;;;;;;;;;;;;;;;;;;;;;;
88,92815109;6,149826338;4,394693232;;;;;;;;;;;;;;;;;;;;;;;;
88,99205866;6,153874549;4,385171363;;;;;;;;;;;;;;;;;;;;;;;;
89,05578202;6,157919854;4,375673771;;;;;;;;;;;;;;;;;;;;;;;;
89,11932192;6,161962264;4,36620037;;;;;;;;;;;;;;;;;;;;;;;;
89,18267911;6,166001792;4,356751078;;;;;;;;;;;;;;;;;;;;;;;;
88,92906344;6,170068316;-27,41669909;;;;;;;;;;;;;;;;;;;;;;;;
88,52769705;6,174153327;-27,24274848;;;;;;;;;;;;;;;;;;;;;;;;
88,12706414;6,178256955;-27,06341456;;;;;;;;;;;;;;;;;;;;;;;;
87,72725469;6,182379326;-26,87752067;;;;;;;;;;;;;;;;;;;;;;;;
87,32837786;6,186520562;-26,68358345;;;;;;;;;;;;;;;;;;;;;;;;
86,930567;6,190680777;-26,47971022;;;;;;;;;;;;;;;;;;;;;;;;
86,53398635;6,194860077;-26,2634535;;;;;;;;;;;;;;;;;;;;;;;;
86,13884014;6,199058553;-26,03160074;;;;;;;;;;;;;;;;;;;;;;;;
85,74538509;6,203276285;-25,77986346;;;;;;;;;;;;;;;;;;;;;;;;
85,35394798;6,207513326;-25,5024061;;;;;;;;;;;;;;;;;;;;;;;;
84,96495089;6,211769704;-25,19111094;;;;;;;;;;;;;;;;;;;;;;;;
84,57894846;6,216045407;-24,83439185;;;;;;;;;;;;;;;;;;;;;;;;
84,19668434;6,220340367;-24,41520175;;;;;;;;;;;;;;;;;;;;;;;;
83,81918003;6,224654437;-23,90751988;;;;;;;;;;;;;;;;;;;;;;;;
83,44788066;6,228987354;-23,26977389;;;;;;;;;;;;;;;;;;;;;;;;
83,08490707;6,233338673;-22,43152142;;;;;;;;;;;;;;;;;;;;;;;;
82,73352288;6,237707654;-21,26343794;;;;;;;;;;;;;;;;;;;;;;;;
82,39908451;6,24209415;-20,83607872;;;;;;;;;;;;;;;;;;;;;;;;
82,07005392;6,246498214;-20,64841761;;;;;;;;;;;;;;;;;;;;;;;;
81,74268089;6,250919893;-20,45732127;;;;;;;;;;;;;;;;;;;;;;;;
81,41704036;6,255359229;-20,26250077;;;;;;;;;;;;;;;;;;;;;;;;
81,093213;6,259816258;-20,06363874;;;;;;;;;;;;;;;;;;;;;;;;
80,77128578;6,264291012;-19,86038571;;;;;;;;;;;;;;;;;;;;;;;;
80,45135256;6,268783514;-19,65235584;;;;;;;;;;;;;;;;;;;;;;;;
80,13351485;6,273293782;-19,43912191;;;;;;;;;;;;;;;;;;;;;;;;
79,81788255;6,277821823;-19,22020942;;;;;;;;;;;;;;;;;;;;;;;;
79,5045749;6,282367638;-18,99508967;;;;;;;;;;;;;;;;;;;;;;;;
79,19372152;6,286931216;-18,76317144;;;;;;;;;;;;;;;;;;;;;;;;
78,88546358;6,291512537;-18,52379115;;;;;;;;;;;;;;;;;;;;;;;;
78,57995522;6,296111568;-18,27620091;;;;;;;;;;;;;;;;;;;;;;;;
78,27736511;6,300728262;-18,01955405;;;;;;;;;;;;;;;;;;;;;;;;
77,97787835;6,305362558;-17,7528874;;;;;;;;;;;;;;;;;;;;;;;;
77,68169865;6,310014379;-17,47509936;;;;;;;;;;;;;;;;;;;;;;;;
77,38905094;6,314683629;-17,1849226;;;;;;;;;;;;;;;;;;;;;;;;
77,10018445;6,31937019;-16,8808895;;;;;;;;;;;;;;;;;;;;;;;;
76,81537646;6,324073925;-16,56128799;;;;;;;;;;;;;;;;;;;;;;;;
76,53493683;6,328794666;-16,22410427;;;;;;;;;;;;;;;;;;;;;;;;
76,25921357;6,333532218;-15,86694729;;;;;;;;;;;;;;;;;;;;;;;;
75,98859977;6,338286354;-15,48694734;;;;;;;;;;;;;;;;;;;;;;;;
75,72354239;6,343056806;-15,0806169;;;;;;;;;;;;;;;;;;;;;;;;
75,46455352;6,347843262;-14,64365499;;;;;;;;;;;;;;;;;;;;;;;;
75,21222517;6,352645359;-14,17066388;;;;;;;;;;;;;;;;;;;;;;;;
74,96724912;6,357462672;-13,65472429;;;;;;;;;;;;;;;;;;;;;;;;
74,73044439;6,362294706;-13,08673092;;;;;;;;;;;;;;;;;;;;;;;;
74,50279652;6,367140872;-12,45429664;;;;;;;;;;;;;;;;;;;;;;;;
74,28551636;6,372000475;-11,73981977;;;;;;;;;;;;;;;;;;;;;;;;
74,08013328;6,376872671;-10,91675719;;;;;;;;;;;;;;;;;;;;;;;;
73,88865439;6,381756419;-9,94148519;;;;;;;;;;;;;;;;;;;;;;;;
73,71386822;6,386651362;-9,566456966;;;;;;;;;;;;;;;;;;;;;;;;
73,54529008;6,391557541;-9,535876006;;;;;;;;;;;;;;;;;;;;;;;;
73,37686512;6,396474996;-9,505334794;;;;;;;;;;;;;;;;;;;;;;;;
73,2085937;6,40140377;-9,474830811;;;;;;;;;;;;;;;;;;;;;;;;
73,04047622;6,406343905;-9,444361461;;;;;;;;;;;;;;;;;;;;;;;;
72,87251313;6,411295441;-9,413924065;;;;;;;;;;;;;;;;;;;;;;;;
72,70470493;6,416258422;-9,383515857;;;;;;;;;;;;;;;;;;;;;;;;
72,53705218;6,42123289;-9,353133984;;;;;;;;;;;;;;;;;;;;;;;;
72,36955548;6,426218886;-9,322775496;;;;;;;;;;;;;;;;;;;;;;;;
72,20221551;6,431216454;-9,292437345;;;;;;;;;;;;;;;;;;;;;;;;
72,03503298;6,436225637;-9,26211638;;;;;;;;;;;;;;;;;;;;;;;;
71,86800869;6,441246478;-9,231809341;;;;;;;;;;;;;;;;;;;;;;;;
71,7011435;6,446279019;-9,201512857;;;;;;;;;;;;;;;;;;;;;;;;
71,53443833;6,451323304;-9,171223435;;;;;;;;;;;;;;;;;;;;;;;;
71,36789418;6,456379376;-9,14093746;;;;;;;;;;;;;;;;;;;;;;;;
71,20151211;6,46144728;-9,110651185;;;;;;;;;;;;;;;;;;;;;;;;
71,03529327;6,466527058;-9,080360727;;;;;;;;;;;;;;;;;;;;;;;;
70,86923889;6,471618754;-9,050062059;;;;;;;;;;;;;;;;;;;;;;;;
70,70335028;6,476722413;-9,019751002;;;;;;;;;;;;;;;;;;;;;;;;
70,53762885;6,481838078;-8,98942322;;;;;;;;;;;;;;;;;;;;;;;;
70,37207607;6,486965795;-8,95907421;;;;;;;;;;;;;;;;;;;;;;;;
70,20669355;6,492105606;-8,928699293;;;;;;;;;;;;;;;;;;;;;;;;
70,04148296;6,497257557;-8,898293609;;;;;;;;;;;;;;;;;;;;;;;;
69,87644611;6,502421691;-8,867852102;;;;;;;;;;;;;;;;;;;;;;;;
69,7115849;6,507598054;-8,837369512;;;;;;;;;;;;;;;;;;;;;;;;
69,54690135;6,51278669;-8,806840368;;;;;;;;;;;;;;;;;;;;;;;;
69,38239759;6,517987643;-8,776258969;;;;;;;;;;;;;;;;;;;;;;;;
69,21807589;6,523200959;-8,74561938;;;;;;;;;;;;;;;;;;;;;;;;
69,05393866;6,528426682;-8,714915414;;;;;;;;;;;;;;;;;;;;;;;;
68,88998841;6,533665063;-8,826602723;;;;;;;;;;;;;;;;;;;;;;;;
68,72353485;6,538916417;-8,981223353;;;;;;;;;;;;;;;;;;;;;;;;
68,55374595;6,544181065;-9,133594635;;;;;;;;;;;;;;;;;;;;;;;;
68,38063937;6,54945933;-9,283765041;;;;;;;;;;;;;;;;;;;;;;;;
68,20423155;6,554751538;-9,431778156;;;;;;;;;;;;;;;;;;;;;;;;
68,0245378;6,560058018;-9,577673246;;;;;;;;;;;;;;;;;;;;;;;;
67,84157234;6,565379105;-9,721485752;;;;;;;;;;;;;;;;;;;;;;;;
67,6553484;6,570715136;-9,863247707;;;;;;;;;;;;;;;;;;;;;;;;
67,46587826;6,576066452;-10,00298811;;;;;;;;;;;;;;;;;;;;;;;;
67,27317333;6,581433399;-10,14073324;;;;;;;;;;;;;;;;;;;;;;;;
67,07724413;6,586816327;-10,27650696;;;;;;;;;;;;;;;;;;;;;;;;
66,87810042;6,592215591;-10,41033091;;;;;;;;;;;;;;;;;;;;;;;;
66,67575116;6,597631552;-10,5422248;;;;;;;;;;;;;;;;;;;;;;;;
66,47020458;6,603064573;-10,67220654;;;;;;;;;;;;;;;;;;;;;;;;
66,26146819;6,608515027;-10,80029244;;;;;;;;;;;;;;;;;;;;;;;;
66,04954882;6,613983288;-10,92649735;;;;;;;;;;;;;;;;;;;;;;;;
65,83445262;6,61946974;-11,05083482;;;;;;;;;;;;;;;;;;;;;;;;
65,6161851;6,624974769;-11,1733172;;;;;;;;;;;;;;;;;;;;;;;;
65,39475113;6,63049877;-11,29395573;;;;;;;;;;;;;;;;;;;;;;;;
65,17015497;6,636042143;-11,41276071;;;;;;;;;;;;;;;;;;;;;;;;
64,94240026;6,641605298;-11,5297415;;;;;;;;;;;;;;;;;;;;;;;;
64,71149003;6,647188647;-11,64490666;;;;;;;;;;;;;;;;;;;;;;;;
64,47742673;6,652792614;-11,758264;;;;;;;;;;;;;;;;;;;;;;;;
64,24021223;6,658417627;-11,86982067;;;;;;;;;;;;;;;;;;;;;;;;
63,99984779;6,664064125;-11,97958318;;;;;;;;;;;;;;;;;;;;;;;;
63,7563341;6,669732553;-12,08755748;;;;;;;;;;;;;;;;;;;;;;;;
63,50967129;6,675423365;-12,19374901;;;;;;;;;;;;;;;;;;;;;;;;
63,25985886;6,681137026;-12,29816274;;;;;;;;;;;;;;;;;;;;;;;;
63,00689577;6,686873548;-12,15892586;;;;;;;;;;;;;;;;;;;;;;;;
62,75579597;6,692632933;-12,01531599;;;;;;;;;;;;;;;;;;;;;;;;
62,50667298;6,69841517;-11,86767287;;;;;;;;;;;;;;;;;;;;;;;;
62,25963484;6,704220236;-11,71564188;;;;;;;;;;;;;;;;;;;;;;;;
62,01479857;6,710048092;-11,55882652;;;;;;;;;;;;;;;;;;;;;;;;
61,77229115;6,715898682;-11,39678152;;;;;;;;;;;;;;;;;;;;;;;;
61,53225071;6,721771935;-11,22900453;;;;;;;;;;;;;;;;;;;;;;;;
61,2948279;6,727667757;-11,05492594;;;;;;;;;;;;;;;;;;;;;;;;
61,06018755;6,733586034;-10,87389619;;;;;;;;;;;;;;;;;;;;;;;;
60,82851051;6,739526629;-10,68516991;;;;;;;;;;;;;;;;;;;;;;;;
60,59999597;6,745489375;-10,48788589;;;;;;;;;;;;;;;;;;;;;;;;
60,37486419;6,751474078;-10,2810413;;;;;;;;;;;;;;;;;;;;;;;;
60,15335987;6,75748051;-10,06345809;;;;;;;;;;;;;;;;;;;;;;;;
59,93575618;6,763508403;-9,833738538;;;;;;;;;;;;;;;;;;;;;;;;
59,72235997;6,769557448;-9,590205196;;;;;;;;;;;;;;;;;;;;;;;;
59,51351824;6,775627289;-9,330817988;;;;;;;;;;;;;;;;;;;;;;;;
59,30962655;6,781717512;-9,053056844;;;;;;;;;;;;;;;;;;;;;;;;
59,11114008;6,787827638;-8,753750488;;;;;;;;;;;;;;;;;;;;;;;;
58,91858861;6,793957113;-8,428817554;;;;;;;;;;;;;;;;;;;;;;;;
58,73259739;6,800105293;-8,072857799;;;;;;;;;;;;;;;;;;;;;;;;
58,55391722;6,806271422;-7,6784708;;;;;;;;;;;;;;;;;;;;;;;;
58,38347004;6,812454607;-7,235039397;;;;;;;;;;;;;;;;;;;;;;;;
58,22242193;6,818653775;-6,72634886;;;;;;;;;;;;;;;;;;;;;;;;
58,07230997;6,824867604;-6,125287738;;;;;;;;;;;;;;;;;;;;;;;;
57,93528859;6,831094394;-5,379482981;;;;;;;;;;;;;;;;;;;;;;;;
57,81469971;6,837331736;-4,35560909;;;;;;;;;;;;;;;;;;;;;;;;
57,716897;6,843572671;-1,479271562;;;;;;;;;;;;;;;;;;;;;;;;
57,68366166;6,849813606;0;;;;;;;;;;;;;;;;;;;;;;;;
57,65042632;6,856054541;-1,479271562;;;;;;;;;;;;;;;;;;;;;;;;
57,64901326;6,862299075;-0,062857857;;;;;;;;;;;;;;;;;;;;;;;;
57,65001075;6,868543761;0,044370831;;;;;;;;;;;;;;;;;;;;;;;;
57,65296311;6,874788339;0,131329681;;;;;;;;;;;;;;;;;;;;;;;;
57,65753926;6,881032597;0,203571588;;;;;;;;;;;;;;;;;;;;;;;;
57,66348713;6,88727636;0,264613819;;;;;;;;;;;;;;;;;;;;;;;;
57,67060831;6,893519479;0,316845738;;;;;;;;;;;;;;;;;;;;;;;;
57,67874276;6,899761827;0,361974519;;;;;;;;;;;;;;;;;;;;;;;;
57,68775895;6,906003295;0,401267329;;;;;;;;;;;;;;;;;;;;;;;;
57,69754714;6,912243787;0,435693187;;;;;;;;;;;;;;;;;;;;;;;;
57,70801466;6,91848322;0,46601103;;;;;;;;;;;;;;;;;;;;;;;;
57,71908251;6,924721522;0,492826984;;;;;;;;;;;;;;;;;;;;;;;;
57,73068277;6,930958627;0,516633053;;;;;;;;;;;;;;;;;;;;;;;;
57,74275664;6,937194479;0,537834101;;;;;;;;;;;;;;;;;;;;;;;;
57,75525293;6,943429027;0,556767175;;;;;;;;;;;;;;;;;;;;;;;;
57,76812684;6,949662226;0,573715686;;;;;;;;;;;;;;;;;;;;;;;;
57,78133897;6,955894037;0,588920001;;;;;;;;;;;;;;;;;;;;;;;;
57,7948546;6,962124422;0,602585525;;;;;;;;;;;;;;;;;;;;;;;;
57,80864295;6,96835335;0,614888938;;;;;;;;;;;;;;;;;;;;;;;;
57,82267674;6,974580793;0,6259831;;;;;;;;;;;;;;;;;;;;;;;;
57,83693165;6,980806724;0,636000932;;;;;;;;;;;;;;;;;;;;;;;;
57,85138601;6,98703112;0,645058549;;;;;;;;;;;;;;;;;;;;;;;;
57,86602044;6,993253962;0,65325779;;;;;;;;;;;;;;;;;;;;;;;;
57,88081759;6,999475229;0,660688297;;;;;;;;;;;;;;;;;;;;;;;;
57,89576189;7,005694906;0,667429227;;;;;;;;;;;;;;;;;;;;;;;;
57,91083936;7,011912978;0,673550685;;;;;;;;;;;;;;;;;;;;;;;;
57,92603743;7,018129431;0,679114914;;;;;;;;;;;;;;;;;;;;;;;;
57,96979652;7,024344253;1,955856864;;;;;;;;;;;;;;;;;;;;;;;;
58,03192559;7,030554383;2,779019932;;;;;;;;;;;;;;;;;;;;;;;;
58,10825019;7,036757865;3,417641584;;;;;;;;;;;;;;;;;;;;;;;;
58,19625868;7,042953199;3,946002656;;;;;;;;;;;;;;;;;;;;;;;;
58,29422392;7,049139163;4,399081871;;;;;;;;;;;;;;;;;;;;;;;;
58,40086474;7,055314732;4,796715927;;;;;;;;;;;;;;;;;;;;;;;;
58,51518305;7,061479025;5,151457045;;;;;;;;;;;;;;;;;;;;;;;;
58,6363741;7,067631274;5,471849293;;;;;;;;;;;;;;;;;;;;;;;;
58,76377234;7,073770808;5,764020556;;;;;;;;;;;;;;;;;;;;;;;;
58,89681646;7,079897031;6,032542141;;;;;;;;;;;;;;;;;;;;;;;;
59,03502573;7,086009416;6,280930436;;;;;;;;;;;;;;;;;;;;;;;;
59,17798319;7,092107491;6,511957724;;;;;;;;;;;;;;;;;;;;;;;;
59,32532344;7,098190834;6,727854168;;;;;;;;;;;;;;;;;;;;;;;;
59,47672347;7,104259069;6,930444257;;;;;;;;;;;;;;;;;;;;;;;;
59,6318956;7,110311857;7,121242019;;;;;;;;;;;;;;;;;;;;;;;;
59,79058197;7,116348895;7,301519289;;;;;;;;;;;;;;;;;;;;;;;;
59,95255017;7,12236991;7,472355835;;;;;;;;;;;;;;;;;;;;;;;;
60,11758971;7,128374659;7,634676892;;;;;;;;;;;;;;;;;;;;;;;;
60,2855091;7,134362923;7,789281796;;;;;;;;;;;;;;;;;;;;;;;;
60,4561335;7,140334507;7,936866155;;;;;;;;;;;;;;;;;;;;;;;;
60,62930268;7,146289238;8,078039257;;;;;;;;;;;;;;;;;;;;;;;;
60,80486937;7,152226961;8,213337923;;;;;;;;;;;;;;;;;;;;;;;;
60,98269782;7,158147539;8,343237638;;;;;;;;;;;;;;;;;;;;;;;;
61,16266259;7,164050853;8,468161592;;;;;;;;;;;;;;;;;;;;;;;;
61,34464749;7,169936797;8,588488098;;;;;;;;;;;;;;;;;;;;;;;;
61,52854463;7,17580528;8,704556718;;;;;;;;;;;;;;;;;;;;;;;;
61,7142537;7,181656223;8,81667337;;;;;;;;;;;;;;;;;;;;;;;;
61,90333494;7,187489559;9,003864057;;;;;;;;;;;;;;;;;;;;;;;;
62,09354366;7,193305078;9,085303937;;;;;;;;;;;;;;;;;;;;;;;;
62,2820284;7,199102782;9,030621542;;;;;;;;;;;;;;;;;;;;;;;;
62,46938762;7,20488294;9,003944339;;;;;;;;;;;;;;;;;;;;;;;;
62,65560167;7,210645763;8,975831721;;;;;;;;;;;;;;;;;;;;;;;;
62,84053321;7,216391458;8,940584102;;;;;;;;;;;;;;;;;;;;;;;;
63,02419804;7,222120245;8,905552373;;;;;;;;;;;;;;;;;;;;;;;;
63,20661165;7,227832337;8,870734093;;;;;;;;;;;;;;;;;;;;;;;;
63,38778922;7,233527943;8,836126871;;;;;;;;;;;;;;;;;;;;;;;;
63,56774565;7,239207271;8,801728357;;;;;;;;;;;;;;;;;;;;;;;;
63,74649553;7,24487052;8,767536248;;;;;;;;;;;;;;;;;;;;;;;;
63,92405319;7,250517889;8,733548282;;;;;;;;;;;;;;;;;;;;;;;;
64,10043268;7,256149572;8,699762239;;;;;;;;;;;;;;;;;;;;;;;;
64,27564778;7,261765759;8,666175941;;;;;;;;;;;;;;;;;;;;;;;;
64,44971203;7,267366636;8,632787247;;;;;;;;;;;;;;;;;;;;;;;;
64,6226387;7,272952386;8,599594057;;;;;;;;;;;;;;;;;;;;;;;;
64,79444081;7,27852319;8,566594305;;;;;;;;;;;;;;;;;;;;;;;;
64,96513118;7,284079222;8,533785965;;;;;;;;;;;;;;;;;;;;;;;;
65,13472235;7,289620656;8,501167046;;;;;;;;;;;;;;;;;;;;;;;;
65,30322665;7,295147662;8,468735589;;;;;;;;;;;;;;;;;;;;;;;;
65,47065622;7,300660406;8,436489672;;;;;;;;;;;;;;;;;;;;;;;;
65,63702293;7,306159053;8,404427403;;;;;;;;;;;;;;;;;;;;;;;;
65,80233848;7,311643762;8,372546926;;;;;;;;;;;;;;;;;;;;;;;;
65,96661436;7,317114693;8,340846413;;;;;;;;;;;;;;;;;;;;;;;;
66,12986185;7,322571999;8,309324069;;;;;;;;;;;;;;;;;;;;;;;;
66,29209203;7,328015833;8,277978126;;;;;;;;;;;;;;;;;;;;;;;;
66,45331581;7,333446345;8,246806848;;;;;;;;;;;;;;;;;;;;;;;;
66,6135439;7,338863682;8,215808527;;;;;;;;;;;;;;;;;;;;;;;;
66,77278683;7,344267988;8,184981481;;;;;;;;;;;;;;;;;;;;;;;;
66,93105496;7,349659406;8,154324058;;;;;;;;;;;;;;;;;;;;;;;;
67,08835847;7,355038075;8,123834629;;;;;;;;;;;;;;;;;;;;;;;;
67,24470737;7,360404133;8,093511595;;;;;;;;;;;;;;;;;;;;;;;;
67,40011151;7,365757714;8,063353379;;;;;;;;;;;;;;;;;;;;;;;;
67,55458058;7,371098951;8,033358431;;;;;;;;;;;;;;;;;;;;;;;;
67,70812411;7,376427976;8,003525224;;;;;;;;;;;;;;;;;;;;;;;;
67,86075147;7,381744915;7,973852254;;;;;;;;;;;;;;;;;;;;;;;;
68,0124719;7,387049896;7,944338042;;;;;;;;;;;;;;;;;;;;;;;;
68,16329446;7,392343043;7,914981131;;;;;;;;;;;;;;;;;;;;;;;;
68,27162782;7,397642017;-17,50568285;;;;;;;;;;;;;;;;;;;;;;;;
67,93768407;7,402967305;-17,51104881;;;;;;;;;;;;;;;;;;;;;;;;
67,60197912;7,40831931;-17,51559105;;;;;;;;;;;;;;;;;;;;;;;;
67,26450237;7,413698447;-17,51931226;;;;;;;;;;;;;;;;;;;;;;;;
66,9252428;7,419105135;-17,52221514;;;;;;;;;;;;;;;;;;;;;;;;
66,584189;7,424539809;-17,5243024;;;;;;;;;;;;;;;;;;;;;;;;
66,24132909;7,430002909;-17,52557677;;;;;;;;;;;;;;;;;;;;;;;;
65,89665076;7,435494888;-17,52604097;;;;;;;;;;;;;;;;;;;;;;;;
65,55014123;7,441016209;-17,52569774;;;;;;;;;;;;;;;;;;;;;;;;
65,20178721;7,446567347;-17,52454983;;;;;;;;;;;;;;;;;;;;;;;;
64,85157495;7,452148786;-17,52259999;;;;;;;;;;;;;;;;;;;;;;;;
64,49949016;7,457761025;-17,519851;;;;;;;;;;;;;;;;;;;;;;;;
64,14551801;7,463404575;-17,51630563;;;;;;;;;;;;;;;;;;;;;;;;
63,78964312;7,469079957;-17,51196667;;;;;;;;;;;;;;;;;;;;;;;;
63,43184954;7,474787709;-17,50683692;;;;;;;;;;;;;;;;;;;;;;;;
63,0721207;7,480523453;-14,90717502;;;;;;;;;;;;;;;;;;;;;;;;
62,76430724;7,486287306;-14,75149494;;;;;;;;;;;;;;;;;;;;;;;;
62,4582156;7,492079375;-14,59184602;;;;;;;;;;;;;;;;;;;;;;;;
62,15395447;7,497899754;-14,42786696;;;;;;;;;;;;;;;;;;;;;;;;
61,85164212;7,503748524;-14,25915481;;;;;;;;;;;;;;;;;;;;;;;;
61,55140748;7,509625749;-14,08525854;;;;;;;;;;;;;;;;;;;;;;;;
61,25339141;7,515531479;-13,90567134;;;;;;;;;;;;;;;;;;;;;;;;
60,9577481;7,521465743;-13,71982131;;;;;;;;;;;;;;;;;;;;;;;;
60,66464678;7,527428548;-13,52706009;;;;;;;;;;;;;;;;;;;;;;;;
60,37427359;7,533419877;-13,32664902;;;;;;;;;;;;;;;;;;;;;;;;
60,08683397;7,539439686;-13,11774187;;;;;;;;;;;;;;;;;;;;;;;;
59,80255525;7,545487902;-12,89936323;;;;;;;;;;;;;;;;;;;;;;;;
59,52169;7,551564413;-12,67038126;;;;;;;;;;;;;;;;;;;;;;;;
59,24451982;7,557669071;-12,42947255;;;;;;;;;;;;;;;;;;;;;;;;
58,97136016;7,563801682;-12,17507654;;;;;;;;;;;;;;;;;;;;;;;;
58,70256614;7,569962001;-11,90533507;;;;;;;;;;;;;;;;;;;;;;;;
58,43853979;7,576149722;-11,61801097;;;;;;;;;;;;;;;;;;;;;;;;
58,17973935;7,582364473;-11,31037589;;;;;;;;;;;;;;;;;;;;;;;;
57,92669111;7,588605804;-10,97905171;;;;;;;;;;;;;;;;;;;;;;;;
57,68000509;7,594873171;-10,61977988;;;;;;;;;;;;;;;;;;;;;;;;
57,44039611;7,601165918;-10,22707347;;;;;;;;;;;;;;;;;;;;;;;;
57,20871309;7,607483261;-9,793669317;;;;;;;;;;;;;;;;;;;;;;;;
56,9859812;7,613824252;-9,309617744;;;;;;;;;;;;;;;;;;;;;;;;
56,77346529;7,620187737;-8,760662192;;;;;;;;;;;;;;;;;;;;;;;;
56,57277124;7,626572298;-8,125078158;;;;;;;;;;;;;;;;;;;;;;;;
56,38602103;7,632976147;-7,366659239;;;;;;;;;;;;;;;;;;;;;;;;
56,21619113;7,639396935;-6,415757812;;;;;;;;;;;;;;;;;;;;;;;;
56,06789195;7,645831268;-5,095941909;;;;;;;;;;;;;;;;;;;;;;;;
55,94985159;7,652269337;-1,400716079;;;;;;;;;;;;;;;;;;;;;;;;
55,91738713;7,658707406;0;;;;;;;;;;;;;;;;;;;;;;;;
55,88492266;7,665145475;-1,400716079;;;;;;;;;;;;;;;;;;;;;;;;
55,91754316;7,671587284;1,406631017;;;;;;;;;;;;;;;;;;;;;;;;
55,97571131;7,678025335;2,509737825;;;;;;;;;;;;;;;;;;;;;;;;
56,05191145;7,684456696;3,291170448;;;;;;;;;;;;;;;;;;;;;;;;
56,14234303;7,690879314;3,911159859;;;;;;;;;;;;;;;;;;;;;;;;
56,24459518;7,697291586;4,429533322;;;;;;;;;;;;;;;;;;;;;;;;
56,35696265;7,703692201;4,876591816;;;;;;;;;;;;;;;;;;;;;;;;
56,47815847;7,710080054;5,27023759;;;;;;;;;;;;;;;;;;;;;;;;
56,60716843;7,7164542;5,62210294;;;;;;;;;;;;;;;;;;;;;;;;
56,74316833;7,722813819;5,940253891;;;;;;;;;;;;;;;;;;;;;;;;
56,88547267;7,729158195;6,230554849;;;;;;;;;;;;;;;;;;;;;;;;
57,03350105;7,7354867;6,497426131;;;;;;;;;;;;;;;;;;;;;;;;
57,18675496;7,741798779;6,744295505;;;;;;;;;;;;;;;;;;;;;;;;
57,3448012;7,748093943;6,973882695;;;;;;;;;;;;;;;;;;;;;;;;
57,50725968;7,754371757;7,188386785;;;;;;;;;;;;;;;;;;;;;;;;
57,67379414;7,760631837;7,389614269;;;;;;;;;;;;;;;;;;;;;;;;
57,844105;7,76687384;7,579069252;;;;;;;;;;;;;;;;;;;;;;;;
58,01792379;7,773097464;7,758018662;;;;;;;;;;;;;;;;;;;;;;;;
58,19500859;7,779302443;7,927540455;;;;;;;;;;;;;;;;;;;;;;;;
58,37514043;7,785488541;8,088559949;;;;;;;;;;;;;;;;;;;;;;;;
58,55812026;7,79165555;8,241877674;;;;;;;;;;;;;;;;;;;;;;;;
58,74376651;7,797803288;8,388191046;;;;;;;;;;;;;;;;;;;;;;;;
58,93191298;7,803931598;8,528111462;;;;;;;;;;;;;;;;;;;;;;;;
59,1224071;7,810040342;8,662177936;;;;;;;;;;;;;;;;;;;;;;;;
59,31510841;7,816129404;8,79086811;;;;;;;;;;;;;;;;;;;;;;;;
59,0527319;7,822254574;-12,64598353;;;;;;;;;;;;;;;;;;;;;;;;
58,77388023;7,828408887;-12,56212762;;;;;;;;;;;;;;;;;;;;;;;;
58,49555966;7,834592427;-12,41983418;;;;;;;;;;;;;;;;;;;;;;;;
58,21908494;7,84080526;-12,27341267;;;;;;;;;;;;;;;;;;;;;;;;
57,94457533;7,84704744;-12,12248192;;;;;;;;;;;;;;;;;;;;;;;;
57,67216077;7,853319;-11,96661442;;;;;;;;;;;;;;;;;;;;;;;;
57,40198313;7,859619955;-11,80532861;;;;;;;;;;;;;;;;;;;;;;;;
57,1341977;7,865950296;-11,63807957;;;;;;;;;;;;;;;;;;;;;;;;
56,86897485;7,87230999;-11,46424749;;;;;;;;;;;;;;;;;;;;;;;;
56,6065021;7,878698974;-11,28312353;;;;;;;;;;;;;;;;;;;;;;;;
56,34698639;7,885117155;-11,09389192;;;;;;;;;;;;;;;;;;;;;;;;
56,090657;7,891564404;-10,89560745;;;;;;;;;;;;;;;;;;;;;;;;
55,8377689;7,898040551;-10,68716651;;;;;;;;;;;;;;;;;;;;;;;;
55,58860691;7,904545381;-10,46726932;;;;;;;;;;;;;;;;;;;;;;;;
55,3434908;7,911078627;-10,23436996;;;;;;;;;;;;;;;;;;;;;;;;
55,10278166;7,917639961;-9,986608923;;;;;;;;;;;;;;;;;;;;;;;;
54,86688993;7,924228988;-9,721720065;;;;;;;;;;;;;;;;;;;;;;;;
54,63628588;7,930845235;-9,436898982;;;;;;;;;;;;;;;;;;;;;;;;
54,41151321;7,937488134;-9,128611178;;;;;;;;;;;;;;;;;;;;;;;;
54,19320762;7,944157009;-8,792302362;;;;;;;;;;;;;;;;;;;;;;;;
53,98212248;7,950851051;-8,421941627;;;;;;;;;;;;;;;;;;;;;;;;
53,77916588;7,957569292;-8,009261304;;;;;;;;;;;;;;;;;;;;;;;;
53,58545656;7,96431056;-7,54240206;;;;;;;;;;;;;;;;;;;;;;;;
53,40241328;7,971073421;-7,003266819;;;;;;;;;;;;;;;;;;;;;;;;
53,23190965;7,977856074;-6,361645636;;;;;;;;;;;;;;;;;;;;;;;;
53,07657383;7,984656164;-5,559338835;;;;;;;;;;;;;;;;;;;;;;;;
52,94047943;7,9914703;-4,448898244;;;;;;;;;;;;;;;;;;;;;;;;
52,83134398;7,998290166;-1,807600682;;;;;;;;;;;;;;;;;;;;;;;;
52,78696465;8,005114052;-1,266205748;;;;;;;;;;;;;;;;;;;;;;;;
52,75585905;8,011937939;0;;;;;;;;;;;;;;;;;;;;;;;;
52,72475345;8,018761826;-1,266205748;;;;;;;;;;;;;;;;;;;;;;;;
52,72512207;8,025589738;0,014996544;;;;;;;;;;;;;;;;;;;;;;;;
52,73436441;8,032417603;0,376005802;;;;;;;;;;;;;;;;;;;;;;;;
52,74977463;8,039244271;0,627043349;;;;;;;;;;;;;;;;;;;;;;;;
52,76993727;8,046068945;0,820659365;;;;;;;;;;;;;;;;;;;;;;;;
52,79395118;8,052891011;0,977787684;;;;;;;;;;;;;;;;;;;;;;;;
52,82118255;8,059709974;1,109298993;;;;;;;;;;;;;;;;;;;;;;;;
52,85115748;8,066525421;1,221690623;;;;;;;;;;;;;;;;;;;;;;;;
52,88350667;8,073337003;1,319207149;;;;;;;;;;;;;;;;;;;;;;;;
52,91793363;8,080144419;1,404798038;;;;;;;;;;;;;;;;;;;;;;;;
52,95419484;8,086947406;1,480608191;;;;;;;;;;;;;;;;;;;;;;;;
52,99208675;8,093745734;1,548252867;;;;;;;;;;;;;;;;;;;;;;;;
53,03143681;8,100539201;1,608982606;;;;;;;;;;;;;;;;;;;;;;;;
53,072097;8,107327627;1,663787571;;;;;;;;;;;;;;;;;;;;;;;;
53,11393919;8,114110853;1,713466467;;;;;;;;;;;;;;;;;;;;;;;;
53,07392147;8,120909616;-5,030064931;;;;;;;;;;;;;;;;;;;;;;;;
52,95080788;8,127725557;-5,438694497;;;;;;;;;;;;;;;;;;;;;;;;
52,81735652;8,134560036;-5,82257333;;;;;;;;;;;;;;;;;;;;;;;;
52,6740972;8,141414378;-6,186156395;;;;;;;;;;;;;;;;;;;;;;;;
52,52144988;8,148289888;-6,532533001;;;;;;;;;;;;;;;;;;;;;;;;
52,35975771;8,155187852;-6,863945942;;;;;;;;;;;;;;;;;;;;;;;;
52,18930759;8,162109552;-7,182081998;;;;;;;;;;;;;;;;;;;;;;;;
52,0103436;8,169056265;-7,488245946;;;;;;;;;;;;;;;;;;;;;;;;
51,82307632;8,176029267;-7,78347051;;;;;;;;;;;;;;;;;;;;;;;;
51,62768935;8,183028646;-7,72105416;;;;;;;;;;;;;;;;;;;;;;;;
51,43313605;8,190054443;-7,646328851;;;;;;;;;;;;;;;;;;;;;;;;
51,23973846;8,197106687;-7,568822518;;;;;;;;;;;;;;;;;;;;;;;;
51,0475806;8,204185393;-7,488274827;;;;;;;;;;;;;;;;;;;;;;;;
50,85675434;8,211290558;-7,404392557;;;;;;;;;;;;;;;;;;;;;;;;
50,66736036;8,218422165;-7,3168439;;;;;;;;;;;;;;;;;;;;;;;;
50,47950929;8,225580173;-7,225251443;;;;;;;;;;;;;;;;;;;;;;;;
50,29332303;8,23276452;-7,129183464;;;;;;;;;;;;;;;;;;;;;;;;
50,10893632;8,23997512;-7,028143011;;;;;;;;;;;;;;;;;;;;;;;;
49,92649867;8,247211857;-6,921554031;;;;;;;;;;;;;;;;;;;;;;;;
49,74617659;8,254474584;-6,808743533;;;;;;;;;;;;;;;;;;;;;;;;
49,56815642;8,261763118;-6,688918297;;;;;;;;;;;;;;;;;;;;;;;;
49,39264775;8,269077235;-6,561133956;;;;;;;;;;;;;;;;;;;;;;;;
49,21988771;8,276416663;-6,424253156;;;;;;;;;;;;;;;;;;;;;;;;
49,05014648;8,283781075;-6,276887697;;;;;;;;;;;;;;;;;;;;;;;;
48,88373435;8,291170085;-6,117316461;;;;;;;;;;;;;;;;;;;;;;;;
48,72101108;8,298583228;-5,943365472;;;;;;;;;;;;;;;;;;;;;;;;
48,56239862;8,306019954;-5,752226269;;;;;;;;;;;;;;;;;;;;;;;;
48,40839879;8,313479606;-5,540168738;;;;;;;;;;;;;;;;;;;;;;;;
48,25961894;8,320961399;-5,302062075;;;;;;;;;;;;;;;;;;;;;;;;
48,1168108;8,328464379;-5,030519063;;;;;;;;;;;;;;;;;;;;;;;;
47,98093281;8,335987378;-4,71422201;;;;;;;;;;;;;;;;;;;;;;;;
47,8532585;8,343528922;-4,334202617;;;;;;;;;;;;;;;;;;;;;;;;
47,73558682;8,351087068;-3,85379593;;;;;;;;;;;;;;;;;;;;;;;;
47,63072763;8,358658994;-3,180052095;;;;;;;;;;;;;;;;;;;;;;;;
47,54404279;8,36623553;-1,060473019;;;;;;;;;;;;;;;;;;;;;;;;
47,51511783;8,373812066;0;;;;;;;;;;;;;;;;;;;;;;;;
47,48619288;8,381388602;-1,060472514;;;;;;;;;;;;;;;;;;;;;;;;
47,56518492;8,388969753;2,894314324;;;;;;;;;;;;;;;;;;;;;;;;
47,67228764;8,396538314;3,930833752;;;;;;;;;;;;;;;;;;;;;;;;
47,80010321;8,404089871;4,701590001;;;;;;;;;;;;;;;;;;;;;;;;
47,94436529;8,411621236;5,320788746;;;;;;;;;;;;;;;;;;;;;;;;
48,10221031;8,419129939;5,839335908;;;;;;;;;;;;;;;;;;;;;;;;
48,27155222;8,426614002;6,285278049;;;;;;;;;;;;;;;;;;;;;;;;
48,45079104;8,434071811;6,676030689;;;;;;;;;;;;;;;;;;;;;;;;
48,63865532;8,44150203;7,023281689;;;;;;;;;;;;;;;;;;;;;;;;
48,83410829;8,448903551;7,335316058;;;;;;;;;;;;;;;;;;;;;;;;
49,03628772;8,456275447;7,618250327;;;;;;;;;;;;;;;;;;;;;;;;
49,2444654;8,463616949;7,87674419;;;;;;;;;;;;;;;;;;;;;;;;
49,45801855;8,470927415;8,114437354;;;;;;;;;;;;;;;;;;;;;;;;
49,6764091;8,478206316;8,334231324;;;;;;;;;;;;;;;;;;;;;;;;
49,89916812;8,485453217;8,53847862;;;;;;;;;;;;;;;;;;;;;;;;
50,12588397;8,492667766;8,729114114;;;;;;;;;;;;;;;;;;;;;;;;
50,35619297;8,499849684;8,907748768;;;;;;;;;;;;;;;;;;;;;;;;
50,58977212;8,506998755;9,075738157;;;;;;;;;;;;;;;;;;;;;;;;
50,82633311;8,514114818;9,234233585;;;;;;;;;;;;;;;;;;;;;;;;
51,06561754;8,52119776;9,38422091;;;;;;;;;;;;;;;;;;;;;;;;
51,30739293;8,528247514;9,526550497;;;;;;;;;;;;;;;;;;;;;;;;
51,5514494;8,535264046;9,661960649;;;;;;;;;;;;;;;;;;;;;;;;
51,7975969;8,542247361;9,791096163;;;;;;;;;;;;;;;;;;;;;;;;
52,04566289;8,54919749;9,914523194;;;;;;;;;;;;;;;;;;;;;;;;
52,28932522;8,556114493;9,785160284;;;;;;;;;;;;;;;;;;;;;;;;
52,52778994;8,562999264;9,621264608;;;;;;;;;;;;;;;;;;;;;;;;
52,76102927;8,569852779;9,453353881;;;;;;;;;;;;;;;;;;;;;;;;
52,98901261;8,576675997;9,281354737;;;;;;;;;;;;;;;;;;;;;;;;
53,21170642;8,583469858;9,105189287;;;;;;;;;;;;;;;;;;;;;;;;
53,42907415;8,590235287;8,924774562;;;;;;;;;;;;;;;;;;;;;;;;
53,64107611;8,596973191;8,740021879;;;;;;;;;;;;;;;;;;;;;;;;
53,84766935;8,603684466;8,550836103;;;;;;;;;;;;;;;;;;;;;;;;
54,0488075;8,610369992;8,357114783;;;;;;;;;;;;;;;;;;;;;;;;
54,24444061;8,617030638;8,158747156;;;;;;;;;;;;;;;;;;;;;;;;
54,43451492;8,623667263;7,95561296;;;;;;;;;;;;;;;;;;;;;;;;
54,61897261;8,630280714;7,747581049;;;;;;;;;;;;;;;;;;;;;;;;
54,79775155;8,636871831;7,534507731;;;;;;;;;;;;;;;;;;;;;;;;
54,97078493;8,643441443;7,316234796;;;;;;;;;;;;;;;;;;;;;;;;
55,1380009;8,649990376;7,092587133;;;;;;;;;;;;;;;;;;;;;;;;
55,29932208;8,656519449;6,863369842;;;;;;;;;;;;;;;;;;;;;;;;
55,28771692;8,663056887;-9,359611368;;;;;;;;;;;;;;;;;;;;;;;;
55,06744054;8,669620903;-9,435387047;;;;;;;;;;;;;;;;;;;;;;;;
54,84447804;8,676212043;-9,511983249;;;;;;;;;;;;;;;;;;;;;;;;
54,61877672;8,682830872;-9,58937051;;;;;;;;;;;;;;;;;;;;;;;;
54,39028326;8,689477973;-9,667518491;;;;;;;;;;;;;;;;;;;;;;;;
54,15894374;8,696153949;-9,746395994;;;;;;;;;;;;;;;;;;;;;;;;
53,92470361;8,70285873;-9,598117434;;;;;;;;;;;;;;;;;;;;;;;;
53,69303184;8,709592368;-9,492424661;;;;;;;;;;;;;;;;;;;;;;;;
53,46292504;8,716354901;-9,383235676;;;;;;;;;;;;;;;;;;;;;;;;
53,23448905;8,723146349;-9,270225709;;;;;;;;;;;;;;;;;;;;;;;;
53,00783931;8,729966714;-9,15302919;;;;;;;;;;;;;;;;;;;;;;;;
52,78310213;8,736815975;-9,031232692;;;;;;;;;;;;;;;;;;;;;;;;
52,56041596;8,743694088;-8,904366256;;;;;;;;;;;;;;;;;;;;;;;;
52,33993309;8,750600984;-8,771892635;;;;;;;;;;;;;;;;;;;;;;;;
52,12182151;8,757536563;-8,633193803;;;;;;;;;;;;;;;;;;;;;;;;
51,90626721;8,764500691;-8,487553844;;;;;;;;;;;;;;;;;;;;;;;;
51,69347692;8,771493198;-8,334136957;;;;;;;;;;;;;;;;;;;;;;;;
51,48368149;8,778513871;-8,171958758;;;;;;;;;;;;;;;;;;;;;;;;
51,27713996;8,785562447;-7,999848216;;;;;;;;;;;;;;;;;;;;;;;;
51,07414482;8,79263861;-7,816396193;;;;;;;;;;;;;;;;;;;;;;;;
50,87502848;8,79974198;-7,619884338;;;;;;;;;;;;;;;;;;;;;;;;
50,6801718;8,806872102;-7,40818431;;;;;;;;;;;;;;;;;;;;;;;;
50,49001525;8,814028438;-7,178610616;;;;;;;;;;;;;;;;;;;;;;;;
50,30507408;8,821210345;-6,92769795;;;;;;;;;;;;;;;;;;;;;;;;
50,12595937;8,828417061;-6,650849371;;;;;;;;;;;;;;;;;;;;;;;;
49,95340857;8,835647671;-6,34174974;;;;;;;;;;;;;;;;;;;;;;;;
49,78833159;8,842901072;-5,99131825;;;;;;;;;;;;;;;;;;;;;;;;
49,63188481;8,850175916;-5,585659221;;;;;;;;;;;;;;;;;;;;;;;;
49,48559954;8,857470508;-5,101505564;;;;;;;;;;;;;;;;;;;;;;;;
49,3516313;8,864782627;-4,493893153;;;;;;;;;;;;;;;;;;;;;;;;
49,23333573;8,872109066;-3,648604677;;;;;;;;;;;;;;;;;;;;;;;;
49,13710312;8,879439918;-1,120710859;;;;;;;;;;;;;;;;;;;;;;;;
49,10752636;8,886770769;0;;;;;;;;;;;;;;;;;;;;;;;;
49,07794962;8,894101621;-1,120710348;;;;;;;;;;;;;;;;;;;;;;;;
49,12765283;8,901436891;1,882200475;;;;;;;;;;;;;;;;;;;;;;;;
49,190505;8,90876474;2,382545753;;;;;;;;;;;;;;;;;;;;;;;;
49,26377873;8,916083225;2,781151112;;;;;;;;;;;;;;;;;;;;;;;;
49,34570083;8,923390825;3,11403722;;;;;;;;;;;;;;;;;;;;;;;;
49,43500284;8,930686294;3,400208713;;;;;;;;;;;;;;;;;;;;;;;;
49,53072223;8,937968583;3,651148022;;;;;;;;;;;;;;;;;;;;;;;;
49,63209862;8,945236799;3,87441838;;;;;;;;;;;;;;;;;;;;;;;;
49,73851368;8,95249017;4,075310543;;;;;;;;;;;;;;;;;;;;;;;;
49,84945329;8,959728022;4,25769383;;;;;;;;;;;;;;;;;;;;;;;;
49,96448258;8,966949766;4,424496507;;;;;;;;;;;;;;;;;;;;;;;;
50,08322858;8,974154884;4,577995669;;;;;;;;;;;;;;;;;;;;;;;;
50,20536771;8,981342919;4,720001583;;;;;;;;;;;;;;;;;;;;;;;;
50,33061659;8,988513467;4,85197998;;;;;;;;;;;;;;;;;;;;;;;;
50,45872502;8,995666171;4,975136078;;;;;;;;;;;;;;;;;;;;;;;;
50,58947058;9,002800715;5,090474016;;;;;;;;;;;;;;;;;;;;;;;;
50,72265436;9,009916821;5,198839976;;;;;;;;;;;;;;;;;;;;;;;;
50,85809752;9,017014241;5,300954136;;;;;;;;;;;;;;;;;;;;;;;;
50,99563855;9,02409276;5,397434807;;;;;;;;;;;;;;;;;;;;;;;;
51,13513101;9,031152187;5,488816967;;;;;;;;;;;;;;;;;;;;;;;;
51,27644158;9,038192357;5,575566695;;;;;;;;;;;;;;;;;;;;;;;;
51,41944854;9,045213125;5,658092577;;;;;;;;;;;;;;;;;;;;;;;;
51,56404041;9,052214367;5,736754802;;;;;;;;;;;;;;;;;;;;;;;;
51,71011482;9,059195976;5,811872518;;;;;;;;;;;;;;;;;;;;;;;;
51,85757753;9,066157864;5,883729817;;;;;;;;;;;;;;;;;;;;;;;;
52,0063416;9,073099954;5,952580659;;;;;;;;;;;;;;;;;;;;;;;;
52,15153778;9,080022187;5,826483026;;;;;;;;;;;;;;;;;;;;;;;;
52,2935444;9,086925148;5,714400877;;;;;;;;;;;;;;;;;;;;;;;;
52,4324192;9,093809362;5,603592107;;;;;;;;;;;;;;;;;;;;;;;;
52,56822004;9,100675344;5,494110237;;;;;;;;;;;;;;;;;;;;;;;;
52,70100495;9,107523588;5,386007824;;;;;;;;;;;;;;;;;;;;;;;;
52,83083207;9,114354577;5,279336379;;;;;;;;;;;;;;;;;;;;;;;;
52,95775973;9,12116878;5,174146261;;;;;;;;;;;;;;;;;;;;;;;;
53,08184637;9,12796665;5,070486579;;;;;;;;;;;;;;;;;;;;;;;;
53,20315061;9,13474863;4,968405088;;;;;;;;;;;;;;;;;;;;;;;;
53,32173119;9,141515146;4,867948073;;;;;;;;;;;;;;;;;;;;;;;;
53,437647;9,148266615;4,769160237;;;;;;;;;;;;;;;;;;;;;;;;
53,55095704;9,155003439;4,672084579;;;;;;;;;;;;;;;;;;;;;;;;
53,6617204;9,161726008;4,57676227;;;;;;;;;;;;;;;;;;;;;;;;
53,76999627;9,168434701;4,48323253;;;;;;;;;;;;;;;;;;;;;;;;
53,87584389;9,175129884;4,391532498;;;;;;;;;;;;;;;;;;;;;;;;
53,97932253;9,181811914;4,301697102;;;;;;;;;;;;;;;;;;;;;;;;
54,08049149;9,188481135;4,213758936;;;;;;;;;;;;;;;;;;;;;;;;
54,17941;9,195137879;4,127748125;;;;;;;;;;;;;;;;;;;;;;;;
54,27613724;9,201782469;4,043692208;;;;;;;;;;;;;;;;;;;;;;;;
54,3707323;9,208415218;3,961616011;;;;;;;;;;;;;;;;;;;;;;;;
54,4632541;9,215036428;3,881541537;;;;;;;;;;;;;;;;;;;;;;;;
54,55376136;9,221646389;3,803487854;;;;;;;;;;;;;;;;;;;;;;;;
54,64231259;9,228245384;3,727470999;;;;;;;;;;;;;;;;;;;;;;;;
54,72896597;9,234833685;3,653503884;;;;;;;;;;;;;;;;;;;;;;;;
54,85420735;9,241411555;5,288835878;;;;;;;;;;;;;;;;;;;;;;;;
55,00592299;9,247974406;6,421482526;;;;;;;;;;;;;;;;;;;;;;;;
55,1780609;9,254519156;7,30602217;;;;;;;;;;;;;;;;;;;;;;;;
55,36667275;9,261043488;8,030274755;;;;;;;;;;;;;;;;;;;;;;;;
55,56894167;9,267545594;8,641170699;;;;;;;;;;;;;;;;;;;;;;;;
55,78274536;9,274024033;9,167318132;;;;;;;;;;;;;;;;;;;;;;;;
56,00642471;9,280477642;9,62766078;;;;;;;;;;;;;;;;;;;;;;;;
56,23864772;9,286905476;10,03547868;;;;;;;;;;;;;;;;;;;;;;;;
56,4783231;9,293306768;10,40047799;;;;;;;;;;;;;;;;;;;;;;;;
56,72199817;9,299680895;10,61910433;;;;;;;;;;;;;;;;;;;;;;;;
56,96308096;9,306027639;10,55146437;;;;;;;;;;;;;;;;;;;;;;;;
57,20161984;9,312347521;10,48449823;;;;;;;;;;;;;;;;;;;;;;;;
57,43766175;9,318641049;10,41819392;;;;;;;;;;;;;;;;;;;;;;;;
57,67125224;9,324908714;10,35253982;;;;;;;;;;;;;;;;;;;;;;;;
57,90243557;9,331150992;10,28752462;;;;;;;;;;;;;;;;;;;;;;;;
58,13125472;9,337368347;10,22313734;;;;;;;;;;;;;;;;;;;;;;;;
58,35775146;9,343561229;10,15936731;;;;;;;;;;;;;;;;;;;;;;;;
58,58196641;9,349730076;10,09620413;;;;;;;;;;;;;;;;;;;;;;;;
58,80393907;9,355875311;10,03363771;;;;;;;;;;;;;;;;;;;;;;;;
59,02370783;9,36199735;9,971658227;;;;;;;;;;;;;;;;;;;;;;;;
59,2412978;9,368096594;9,909696317;;;;;;;;;;;;;;;;;;;;;;;;
59,45673077;9,374173436;9,847630472;;;;;;;;;;;;;;;;;;;;;;;;
59,6700429;9,38022826;9,786143369;;;;;;;;;;;;;;;;;;;;;;;;
59,88126937;9,386261438;9,725225774;;;;;;;;;;;;;;;;;;;;;;;;
60,09044446;9,392273334;9,664868694;;;;;;;;;;;;;;;;;;;;;;;;
60,29760156;9,398264304;9,605063359;;;;;;;;;;;;;;;;;;;;;;;;
60,50277321;9,40423469;9,545801223;;;;;;;;;;;;;;;;;;;;;;;;
60,70599113;9,410184831;9,487073951;;;;;;;;;;;;;;;;;;;;;;;;
60,90728625;9,416115053;9,428873412;;;;;;;;;;;;;;;;;;;;;;;;
61,10668874;9,422025676;9,371191674;;;;;;;;;;;;;;;;;;;;;;;;
61,30422802;9,427917011;9,314020994;;;;;;;;;;;;;;;;;;;;;;;;
61,4999328;9,433789363;9,257353818;;;;;;;;;;;;;;;;;;;;;;;;
61,69383111;9,439643028;9,201182764;;;;;;;;;;;;;;;;;;;;;;;;
61,8859503;9,445478295;9,145500629;;;;;;;;;;;;;;;;;;;;;;;;
62,07631708;9,451295448;9,090300371;;;;;;;;;;;;;;;;;;;;;;;;
62,26495755;9,457094761;9,035575113;;;;;;;;;;;;;;;;;;;;;;;;
62,45241033;9,462876504;9,005971908;;;;;;;;;;;;;;;;;;;;;;;;
62,63874166;9,468640893;8,979043925;;;;;;;;;;;;;;;;;;;;;;;;
62,82378903;9,474388135;8,943776575;;;;;;;;;;;;;;;;;;;;;;;;
63,00756827;9,480118448;8,908725338;;;;;;;;;;;;;;;;;;;;;;;;
63,19009489;9,485832048;8,873887771;;;;;;;;;;;;;;;;;;;;;;;;
63,37138411;9,491529143;8,839261477;;;;;;;;;;;;;;;;;;;;;;;;
63,55145084;9,497209941;8,804844102;;;;;;;;;;;;;;;;;;;;;;;;
63,73030971;9,502874642;8,77063334;;;;;;;;;;;;;;;;;;;;;;;;
63,90797507;9,508523446;8,736626925;;;;;;;;;;;;;;;;;;;;;;;;
64,084461;9,514156546;8,702822633;;;;;;;;;;;;;;;;;;;;;;;;
64,2597813;9,519774132;8,669218281;;;;;;;;;;;;;;;;;;;;;;;;
64,43394952;9,525376392;8,635811727;;;;;;;;;;;;;;;;;;;;;;;;
64,60697897;9,530963509;8,602600865;;;;;;;;;;;;;;;;;;;;;;;;
64,7788827;9,536535662;8,569583629;;;;;;;;;;;;;;;;;;;;;;;;
64,94967351;9,542093029;8,536757987;;;;;;;;;;;;;;;;;;;;;;;;
65,11936401;9,547635782;8,504121944;;;;;;;;;;;;;;;;;;;;;;;;
65,28796653;9,553164091;8,47167354;;;;;;;;;;;;;;;;;;;;;;;;
65,45549321;9,558678124;8,439410849;;;;;;;;;;;;;;;;;;;;;;;;
65,62195597;9,564178045;8,407331978;;;;;;;;;;;;;;;;;;;;;;;;
65,78736652;9,569664013;8,375435066;;;;;;;;;;;;;;;;;;;;;;;;
65,95173636;9,575136189;8,343718282;;;;;;;;;;;;;;;;;;;;;;;;
66,11507679;9,580594726;8,312179828;;;;;;;;;;;;;;;;;;;;;;;;
66,27739892;9,586039777;8,280817936;;;;;;;;;;;;;;;;;;;;;;;;
66,43871367;9,591471493;8,249630865;;;;;;;;;;;;;;;;;;;;;;;;
66,59903175;9,596890021;8,218616904;;;;;;;;;;;;;;;;;;;;;;;;
66,75836373;9,602295505;8,18777437;;;;;;;;;;;;;;;;;;;;;;;;
66,91671998;9,607688087;8,157101608;;;;;;;;;;;;;;;;;;;;;;;;
67,07411068;9,613067909;8,126596988;;;;;;;;;;;;;;;;;;;;;;;;
67,23054588;9,618435106;8,096258906;;;;;;;;;;;;;;;;;;;;;;;;
67,38603542;9,623789815;8,066085785;;;;;;;;;;;;;;;;;;;;;;;;
67,54058903;9,629132168;8,036076071;;;;;;;;;;;;;;;;;;;;;;;;
67,69421623;9,634462297;8,006228235;;;;;;;;;;;;;;;;;;;;;;;;
67,84692642;9,639780328;7,976540773;;;;;;;;;;;;;;;;;;;;;;;;
67,99872885;9,64508639;7,947012203;;;;;;;;;;;;;;;;;;;;;;;;
68,14963259;9,650380607;7,917641064;;;;;;;;;;;;;;;;;;;;;;;;
68,29964661;9,655663101;7,88842592;;;;;;;;;;;;;;;;;;;;;;;;
68,4487797;9,660933992;7,859365356;;;;;;;;;;;;;;;;;;;;;;;;
68,59704054;9,666193399;7,830457977;;;;;;;;;;;;;;;;;;;;;;;;
68,74443766;9,671441439;7,80170241;;;;;;;;;;;;;;;;;;;;;;;;
68,89103842;9,676678226;7,776224565;;;;;;;;;;;;;;;;;;;;;;;;
69,03686381;9,68190387;7,751591144;;;;;;;;;;;;;;;;;;;;;;;;
69,18192087;9,687118475;7,727071315;;;;;;;;;;;;;;;;;;;;;;;;
69,32621655;9,692322147;7,702664157;;;;;;;;;;;;;;;;;;;;;;;;
69,46975772;9,697514987;7,67836876;;;;;;;;;;;;;;;;;;;;;;;;
69,61255112;9,702697098;7,654184229;;;;;;;;;;;;;;;;;;;;;;;;
69,7546034;9,70786858;7,630109677;;;;;;;;;;;;;;;;;;;;;;;;
69,89592114;9,713029529;7,606144234;;;;;;;;;;;;;;;;;;;;;;;;
70,03651081;9,718180044;7,582287036;;;;;;;;;;;;;;;;;;;;;;;;
70,17637877;9,72332022;7,558537236;;;;;;;;;;;;;;;;;;;;;;;;
70,31553133;9,728450152;7,534893995;;;;;;;;;;;;;;;;;;;;;;;;
70,45397468;9,733569931;7,511356486;;;;;;;;;;;;;;;;;;;;;;;;
70,59171495;9,73867965;7,487923891;;;;;;;;;;;;;;;;;;;;;;;;
70,72875817;9,743779398;7,464595406;;;;;;;;;;;;;;;;;;;;;;;;
70,86511028;9,748869266;7,441370234;;;;;;;;;;;;;;;;;;;;;;;;
71,00077717;9,75394934;7,418247591;;;;;;;;;;;;;;;;;;;;;;;;
71,13576462;9,759019707;7,395226702;;;;;;;;;;;;;;;;;;;;;;;;
71,27007835;9,764080452;7,3723068;;;;;;;;;;;;;;;;;;;;;;;;
71,40372399;9,76913166;7,349487131;;;;;;;;;;;;;;;;;;;;;;;;
71,53670711;9,774173414;7,326766948;;;;;;;;;;;;;;;;;;;;;;;;
71,66903319;9,779205796;7,304145514;;;;;;;;;;;;;;;;;;;;;;;;
71,80070767;9,784228886;7,281622101;;;;;;;;;;;;;;;;;;;;;;;;
71,93173588;9,789242764;7,259195992;;;;;;;;;;;;;;;;;;;;;;;;
72,06212309;9,794247509;7,236866474;;;;;;;;;;;;;;;;;;;;;;;;
72,19187453;9,799243199;7,214632848;;;;;;;;;;;;;;;;;;;;;;;;
72,32099534;9,804229909;7,192494421;;;;;;;;;;;;;;;;;;;;;;;;
72,44949058;9,809207717;7,170450508;;;;;;;;;;;;;;;;;;;;;;;;
72,57736527;9,814176696;7,148500432;;;;;;;;;;;;;;;;;;;;;;;;
72,70462437;9,81913692;7,126643526;;;;;;;;;;;;;;;;;;;;;;;;
72,83127276;9,824088462;7,10487913;;;;;;;;;;;;;;;;;;;;;;;;
72,95731526;9,829031394;7,08320659;;;;;;;;;;;;;;;;;;;;;;;;
73,08275664;9,833965786;7,061625262;;;;;;;;;;;;;;;;;;;;;;;;
73,20760161;9,838891708;7,040134509;;;;;;;;;;;;;;;;;;;;;;;;
73,33185481;9,84380923;7,018733701;;;;;;;;;;;;;;;;;;;;;;;;
73,45552083;9,84871842;6,997422216;;;;;;;;;;;;;;;;;;;;;;;;
73,57860422;9,853619345;6,976199437;;;;;;;;;;;;;;;;;;;;;;;;
73,70110946;9,858512072;6,955064757;;;;;;;;;;;;;;;;;;;;;;;;
73,82304095;9,863396666;6,934017573;;;;;;;;;;;;;;;;;;;;;;;;
73,94440309;9,868273192;6,913057292;;;;;;;;;;;;;;;;;;;;;;;;
74,0652002;9,873141715;6,892183325;;;;;;;;;;;;;;;;;;;;;;;;
74,18543653;9,878002297;6,871395091;;;;;;;;;;;;;;;;;;;;;;;;
74,30511631;9,882855002;6,850692015;;;;;;;;;;;;;;;;;;;;;;;;
74,42424371;9,88769989;6,830073528;;;;;;;;;;;;;;;;;;;;;;;;
74,54282285;9,892537024;6,809539068;;;;;;;;;;;;;;;;;;;;;;;;
74,6608578;9,897366463;6,789088079;;;;;;;;;;;;;;;;;;;;;;;;
74,77835258;9,902188266;6,76872001;;;;;;;;;;;;;;;;;;;;;;;;
74,89531117;9,907002494;6,748434318;;;;;;;;;;;;;;;;;;;;;;;;
75,01173255;9,911809203;6,727944343;;;;;;;;;;;;;;;;;;;;;;;;
75,12760752;9,916608452;6,706776022;;;;;;;;;;;;;;;;;;;;;;;;
75,24294012;9,921400299;6,685696516;;;;;;;;;;;;;;;;;;;;;;;;
75,35773439;9,926184801;6,664705234;;;;;;;;;;;;;;;;;;;;;;;;
75,47199428;9,930962015;6,643801591;;;;;;;;;;;;;;;;;;;;;;;;
75,58572373;9,935731996;6,622985008;;;;;;;;;;;;;;;;;;;;;;;;
75,69892662;9,940494801;6,602254914;;;;;;;;;;;;;;;;;;;;;;;;
75,81160679;9,945250482;6,581610741;;;;;;;;;;;;;;;;;;;;;;;;
75,92376802;9,949999095;6,561051931;;;;;;;;;;;;;;;;;;;;;;;;
76,03541407;9,954740694;6,540577927;;;;;;;;;;;;;;;;;;;;;;;;
76,14654866;9,95947533;6,520188183;;;;;;;;;;;;;;;;;;;;;;;;
76,25717543;9,964203055;6,499882154;;;;;;;;;;;;;;;;;;;;;;;;
76,36729803;9,968923923;6,479659305;;;;;;;;;;;;;;;;;;;;;;;;
76,47692004;9,973637982;6,459519103;;;;;;;;;;;;;;;;;;;;;;;;
76,58604501;9,978345285;6,439461023;;;;;;;;;;;;;;;;;;;;;;;;
76,69467645;9,98304588;6,419484543;;;;;;;;;;;;;;;;;;;;;;;;
76,80281782;9,987739817;6,399589149;;;;;;;;;;;;;;;;;;;;;;;;
76,91047256;9,992427145;6,37977433;;;;;;;;;;;;;;;;;;;;;;;;
77,01764407;9,997107912;6,360039582;;;;;;;;;;;;;;;;;;;;;;;;
77,1243357;10,00178217;6,340384404;;;;;;;;;;;;;;;;;;;;;;;;
77,23055078;10,00644995;6,320808301;;;;;;;;;;;;;;;;;;;;;;;;
77,3362926;10,01111132;6,301310785;;;;;;;;;;;;;;;;;;;;;;;;
77,44156441;10,01576632;6,281891369;;;;;;;;;;;;;;;;;;;;;;;;
77,54636942;10,02041498;6,262549573;;;;;;;;;;;;;;;;;;;;;;;;
77,65071083;10,02505737;6,243284922;;;;;;;;;;;;;;;;;;;;;;;;
77,75459178;10,02969351;6,224096945;;;;;;;;;;;;;;;;;;;;;;;;
77,85801539;10,03432346;6,204985176;;;;;;;;;;;;;;;;;;;;;;;;
77,96098475;10,03894726;6,185949153;;;;;;;;;;;;;;;;;;;;;;;;
78,06350291;10,04356496;6,166988419;;;;;;;;;;;;;;;;;;;;;;;;
78,1655729;10,04817659;6,148102521;;;;;;;;;;;;;;;;;;;;;;;;
78,26719771;10,0527822;6,129291009;;;;;;;;;;;;;;;;;;;;;;;;
78,36838029;10,05738182;6,110553441;;;;;;;;;;;;;;;;;;;;;;;;
78,46912358;10,06197551;6,091889376;;;;;;;;;;;;;;;;;;;;;;;;
78,56943049;10,06656331;6,073298378;;;;;;;;;;;;;;;;;;;;;;;;
78,66930387;10,07114524;6,054780015;;;;;;;;;;;;;;;;;;;;;;;;
78,76874658;10,07572136;6,03633386;;;;;;;;;;;;;;;;;;;;;;;;
78,86776143;10,0802917;6,017959489;;;;;;;;;;;;;;;;;;;;;;;;
78,9663512;10,0848563;5,999656481;;;;;;;;;;;;;;;;;;;;;;;;
79,06451866;10,08941521;5,981424422;;;;;;;;;;;;;;;;;;;;;;;;
79,16226654;10,09396845;5,9632629;;;;;;;;;;;;;;;;;;;;;;;;
79,25959753;10,09851607;5,945171505;;;;;;;;;;;;;;;;;;;;;;;;
79,35651433;10,10305811;5,927149833;;;;;;;;;;;;;;;;;;;;;;;;
79,45301957;10,1075946;5,909197484;;;;;;;;;;;;;;;;;;;;;;;;
79,5491159;10,11212558;5,89131406;;;;;;;;;;;;;;;;;;;;;;;;
79,6448059;10,11665108;5,873499168;;;;;;;;;;;;;;;;;;;;;;;;
79,74009215;10,12117115;5,855752418;;;;;;;;;;;;;;;;;;;;;;;;
79,83497721;10,12568582;5,838073422;;;;;;;;;;;;;;;;;;;;;;;;
79,92946359;10,13019512;5,820461798;;;;;;;;;;;;;;;;;;;;;;;;
80,02355381;10,13469909;5,802917166;;;;;;;;;;;;;;;;;;;;;;;;
80,11725034;10,13919777;5,78543915;;;;;;;;;;;;;;;;;;;;;;;;
80,21055563;10,14369118;5,768027377;;;;;;;;;;;;;;;;;;;;;;;;
80,30347212;10,14817937;5,750681476;;;;;;;;;;;;;;;;;;;;;;;;
80,39600221;10,15266236;5,733401082;;;;;;;;;;;;;;;;;;;;;;;;
80,4881483;10,1571402;5,71618583;;;;;;;;;;;;;;;;;;;;;;;;
80,57991274;10,16161291;5,699035361;;;;;;;;;;;;;;;;;;;;;;;;
80,67129787;10,16608052;5,681949318;;;;;;;;;;;;;;;;;;;;;;;;
80,76230603;10,17054307;5,664927346;;;;;;;;;;;;;;;;;;;;;;;;
80,8529395;10,1750006;5,647969095;;;;;;;;;;;;;;;;;;;;;;;;
80,94320056;10,17945313;5,631074216;;;;;;;;;;;;;;;;;;;;;;;;
81,03309147;10,18390069;5,614242365;;;;;;;;;;;;;;;;;;;;;;;;
81,12261447;10,18834332;5,5974732;;;;;;;;;;;;;;;;;;;;;;;;
81,21177079;10,19278105;5,58070493;;;;;;;;;;;;;;;;;;;;;;;;
81,30055934;10,1972139;5,563793132;;;;;;;;;;;;;;;;;;;;;;;;
81,08603261;10,20166559;-13,58987017;;;;;;;;;;;;;;;;;;;;;;;;
80,86824041;10,20612923;-13,47777853;;;;;;;;;;;;;;;;;;;;;;;;
80,65166458;10,21060482;-13,36433265;;;;;;;;;;;;;;;;;;;;;;;;
80,43633684;10,21509235;-13,24944924;;;;;;;;;;;;;;;;;;;;;;;;
80,22229051;10,21959181;-13,1330391;;;;;;;;;;;;;;;;;;;;;;;;
80,0095607;10,22410319;-13,01500655;;;;;;;;;;;;;;;;;;;;;;;;
79,79818436;10,22862647;-12,89524884;;;;;;;;;;;;;;;;;;;;;;;;
79,58820044;10,23316164;-12,77365532;;;;;;;;;;;;;;;;;;;;;;;;
79,37965004;10,23770867;-12,65010671;;;;;;;;;;;;;;;;;;;;;;;;
79,1725766;10,24226754;-12,52447409;;;;;;;;;;;;;;;;;;;;;;;;
78,96702601;10,24683821;-12,39661786;;;;;;;;;;;;;;;;;;;;;;;;
78,7630469;10,25142065;-12,26638648;;;;;;;;;;;;;;;;;;;;;;;;
78,56069077;10,25601483;-12,13361508;;;;;;;;;;;;;;;;;;;;;;;;
78,36001233;10,2606207;-11,99812378;;;;;;;;;;;;;;;;;;;;;;;;
78,1610697;10,26523822;-11,85971581;;;;;;;;;;;;;;;;;;;;;;;;
77,96392478;10,26986734;-11,71817527;;;;;;;;;;;;;;;;;;;;;;;;
77,76864357;10,27450799;-11,57326453;;;;;;;;;;;;;;;;;;;;;;;;
77,57529657;10,27916012;-11,42472107;;;;;;;;;;;;;;;;;;;;;;;;
77,38395926;10,28382365;-11,27225391;;;;;;;;;;;;;;;;;;;;;;;;
77,19471261;10,28849851;-11,11553908;;;;;;;;;;;;;;;;;;;;;;;;
77,00764366;10,29318462;-10,95421442;;;;;;;;;;;;;;;;;;;;;;;;
76,82284627;10,29788188;-10,78787303;;;;;;;;;;;;;;;;;;;;;;;;
76,64042186;10,30259019;-10,6160554;;;;;;;;;;;;;;;;;;;;;;;;
76,46048044;10,30730945;-10,43823952;;;;;;;;;;;;;;;;;;;;;;;;
76,28314167;10,31203954;-10,25382861;;;;;;;;;;;;;;;;;;;;;;;;
76,10853626;10,31678032;-10,06213548;;;;;;;;;;;;;;;;;;;;;;;;
75,93680758;10,32153193;-10,10972542;;;;;;;;;;;;;;;;;;;;;;;;
75,76387286;10,32629445;-10,13124015;;;;;;;;;;;;;;;;;;;;;;;;
75,59017188;10,33106799;-10,15330659;;;;;;;;;;;;;;;;;;;;;;;;
75,41568981;10,33585266;-10,1759243;;;;;;;;;;;;;;;;;;;;;;;;
75,24041169;10,34064854;-10,19909262;;;;;;;;;;;;;;;;;;;;;;;;
75,06432239;10,34545576;-10,22281069;;;;;;;;;;;;;;;;;;;;;;;;
74,88740663;10,35027442;-10,24707743;;;;;;;;;;;;;;;;;;;;;;;;
74,70964897;10,35510462;-10,27189155;;;;;;;;;;;;;;;;;;;;;;;;
74,53103383;10,35994648;-10,29725154;;;;;;;;;;;;;;;;;;;;;;;;
74,35154545;10,36480012;-10,32315569;;;;;;;;;;;;;;;;;;;;;;;;
74,17116795;10,36966565;-10,34960205;;;;;;;;;;;;;;;;;;;;;;;;
73,98988528;10,37454319;-10,37658845;;;;;;;;;;;;;;;;;;;;;;;;
73,80768123;10,37943287;-10,40411251;;;;;;;;;;;;;;;;;;;;;;;;
73,62453944;10,3843348;-10,4321716;;;;;;;;;;;;;;;;;;;;;;;;
73,4404434;10,38924911;-10,46076289;;;;;;;;;;;;;;;;;;;;;;;;
73,25537646;10,39417594;-10,4898833;;;;;;;;;;;;;;;;;;;;;;;;
73,06932179;10,39911541;-10,51952954;;;;;;;;;;;;;;;;;;;;;;;;
72,88226241;10,40406767;-10,54969805;;;;;;;;;;;;;;;;;;;;;;;;
72,69418122;10,40903284;-10,5803851;;;;;;;;;;;;;;;;;;;;;;;;
72,50506091;10,41401107;-10,61158666;;;;;;;;;;;;;;;;;;;;;;;;
72,31488407;10,41900249;-10,64329852;;;;;;;;;;;;;;;;;;;;;;;;
72,1236331;10,42400727;-10,67551621;;;;;;;;;;;;;;;;;;;;;;;;
71,93129025;10,42902554;-10,70823503;;;;;;;;;;;;;;;;;;;;;;;;
71,73783763;10,43405746;-10,74145004;;;;;;;;;;;;;;;;;;;;;;;;
71,54325718;10,43910319;-10,77515608;;;;;;;;;;;;;;;;;;;;;;;;
71,34753069;10,44416288;-10,80934773;;;;;;;;;;;;;;;;;;;;;;;;
71,15063977;10,44923669;-10,84401936;;;;;;;;;;;;;;;;;;;;;;;;
70,9525659;10,45432479;-10,87916509;;;;;;;;;;;;;;;;;;;;;;;;
70,75329039;10,45942735;-10,9147788;;;;;;;;;;;;;;;;;;;;;;;;
70,55279439;10,46454455;-10,95085416;;;;;;;;;;;;;;;;;;;;;;;;
70,35105888;10,46967655;-10,98738458;;;;;;;;;;;;;;;;;;;;;;;;
70,14806467;10,47482331;-10,85725139;;;;;;;;;;;;;;;;;;;;;;;;
69,94689781;10,47998484;-10,77067633;;;;;;;;;;;;;;;;;;;;;;;;
69,74676241;10,48516114;-10,68274842;;;;;;;;;;;;;;;;;;;;;;;;
69,54769266;10,49035222;-10,59338071;;;;;;;;;;;;;;;;;;;;;;;;
69,34972473;10,49555808;-10,50247946;;;;;;;;;;;;;;;;;;;;;;;;
69,15289692;10,50077871;-10,40994349;;;;;;;;;;;;;;;;;;;;;;;;
68,9572498;10,50601409;-10,31566327;;;;;;;;;;;;;;;;;;;;;;;;
68,76282645;10,51126423;-10,21952007;;;;;;;;;;;;;;;;;;;;;;;;
68,56967257;10,51652909;-10,12138484;;;;;;;;;;;;;;;;;;;;;;;;
68,3778368;10,52180866;-10,021117;;;;;;;;;;;;;;;;;;;;;;;;
68,18737092;10,52710291;-9,918563002;;;;;;;;;;;;;;;;;;;;;;;;
67,99833014;10,5324118;-9,813554689;;;;;;;;;;;;;;;;;;;;;;;;
67,81077341;10,53773529;-9,70590735;;;;;;;;;;;;;;;;;;;;;;;;
67,6247638;10,54307334;-9,595417458;;;;;;;;;;;;;;;;;;;;;;;;
67,44036889;10,54842589;-9,481859992;;;;;;;;;;;;;;;;;;;;;;;;
67,25766122;10,55379288;-9,36498525;;;;;;;;;;;;;;;;;;;;;;;;
67,07671884;10,55917424;-9,244515047;;;;;;;;;;;;;;;;;;;;;;;;
66,89762592;10,56456988;-9,120138116;;;;;;;;;;;;;;;;;;;;;;;;
66,72047341;10,56997973;-8,991504541;;;;;;;;;;;;;;;;;;;;;;;;
66,54535993;10,57540367;-8,858218911;;;;;;;;;;;;;;;;;;;;;;;;
66,37239265;10,5808416;-8,719831866;;;;;;;;;;;;;;;;;;;;;;;;
66,20168852;10,58629338;-8,575829511;;;;;;;;;;;;;;;;;;;;;;;;
66,03337552;10,59175889;-8,425620024;;;;;;;;;;;;;;;;;;;;;;;;
65,86759441;10,59723797;-8,268516477;;;;;;;;;;;;;;;;;;;;;;;;
65,70450059;10,60273044;-8,103714494;;;;;;;;;;;;;;;;;;;;;;;;
65,54426669;10,60823612;-7,930262688;;;;;;;;;;;;;;;;;;;;;;;;
65,38708549;10,61375478;-7,747022812;;;;;;;;;;;;;;;;;;;;;;;;
65,2331739;10,6192862;-7,552614889;;;;;;;;;;;;;;;;;;;;;;;;
65,08277791;10,6248301;-7,345339722;;;;;;;;;;;;;;;;;;;;;;;;
64,93617919;10,6303862;-7,123066263;;;;;;;;;;;;;;;;;;;;;;;;
64,79370403;10,63595427;-6,949978669;;;;;;;;;;;;;;;;;;;;;;;;
64,65439141;10,64153428;-6,89232516;;;;;;;;;;;;;;;;;;;;;;;;
64,51593797;10,64712622;-6,832857851;;;;;;;;;;;;;;;;;;;;;;;;
64,37838585;10,65273005;-6,771434617;;;;;;;;;;;;;;;;;;;;;;;;
64,24178037;10,65834574;-6,70789802;;;;;;;;;;;;;;;;;;;;;;;;
64,1061704;10,66397323;-6,642073018;;;;;;;;;;;;;;;;;;;;;;;;
63,97160873;10,66961249;-6,573764212;;;;;;;;;;;;;;;;;;;;;;;;
63,83815251;10,67526346;-6,502752519;;;;;;;;;;;;;;;;;;;;;;;;
63,70586379;10,68092608;-6,428791124;;;;;;;;;;;;;;;;;;;;;;;;
63,5748101;10,68660028;-6,351600508;;;;;;;;;;;;;;;;;;;;;;;;
63,44506519;10,69228599;-6,270862269;;;;;;;;;;;;;;;;;;;;;;;;
63,31670985;10,69798311;-6,186211387;;;;;;;;;;;;;;;;;;;;;;;;
63,18983296;10,70369154;-6,097226393;;;;;;;;;;;;;;;;;;;;;;;;
63,06453265;10,70941119;-6,003416727;;;;;;;;;;;;;;;;;;;;;;;;
62,94091786;10,71514193;-5,904206238;;;;;;;;;;;;;;;;;;;;;;;;
62,81911016;10,72088363;-5,798911263;;;;;;;;;;;;;;;;;;;;;;;;
62,69924606;10,72663613;-5,686710963;;;;;;;;;;;;;;;;;;;;;;;;
62,58147995;10,73239927;-5,566606287;;;;;;;;;;;;;;;;;;;;;;;;
62,46598795;10,73817285;-5,43736171;;;;;;;;;;;;;;;;;;;;;;;;
62,35297296;10,74395666;-5,297420048;;;;;;;;;;;;;;;;;;;;;;;;
62,24267152;10,74975046;-5,144773331;;;;;;;;;;;;;;;;;;;;;;;;
62,13536344;10,75555398;-4,976758441;;;;;;;;;;;;;;;;;;;;;;;;
62,03138577;10,76136688;-4,789715793;;;;;;;;;;;;;;;;;;;;;;;;
61,93115396;10,76718881;-4,578378785;;;;;;;;;;;;;;;;;;;;;;;;
61,83519601;10,77301932;-4,33467744;;;;;;;;;;;;;;;;;;;;;;;;
61,7442119;10,77885786;-4,045074759;;;;;;;;;;;;;;;;;;;;;;;;
61,65918943;10,78470376;-3,683356375;;;;;;;;;;;;;;;;;;;;;;;;
61,58167237;10,79055603;-3,182837419;;;;;;;;;;;;;;;;;;;;;;;;
61,51461583;10,79641162;-1,656367754;;;;;;;;;;;;;;;;;;;;;;;;
61,47969939;10,80226721;0;;;;;;;;;;;;;;;;;;;;;;;;
61,44478294;10,8081228;-1,656367754;;;;;;;;;;;;;;;;;;;;;;;;
61,4509077;10,81398172;0,290381831;;;;;;;;;;;;;;;;;;;;;;;;
61,46808776;10,81984005;0,8146064;;;;;;;;;;;;;;;;;;;;;;;;
61,49358752;10,82569675;1,209430402;;;;;;;;;;;;;;;;;;;;;;;;
61,52585913;10,83155102;1,53124755;;;;;;;;;;;;;;;;;;;;;;;;
61,56387324;10,83740222;1,804668691;;;;;;;;;;;;;;;;;;;;;;;;
61,6068827;10,8432498;2,043078192;;;;;;;;;;;;;;;;;;;;;;;;
61,65431428;10,84909331;2,254715917;;;;;;;;;;;;;;;;;;;;;;;;
61,70571094;10,85493232;2,445081258;;;;;;;;;;;;;;;;;;;;;;;;
61,76069784;10,86076646;2,618060245;;;;;;;;;;;;;;;;;;;;;;;;
61,81896091;10,86659541;2,776518409;;;;;;;;;;;;;;;;;;;;;;;;
61,88023242;10,87241886;2,9226398;;;;;;;;;;;;;;;;;;;;;;;;
61,83121426;10,87825531;-7,130707887;;;;;;;;;;;;;;;;;;;;;;;;
61,68138953;10,88410678;-7,521570817;;;;;;;;;;;;;;;;;;;;;;;;
61,5229453;10,88997415;-7,889261831;;;;;;;;;;;;;;;;;;;;;;;;
61,35630418;10,89585825;-8,236909813;;;;;;;;;;;;;;;;;;;;;;;;
61,18182368;10,90175991;-8,566896518;;;;;;;;;;;;;;;;;;;;;;;;
60,99981168;10,90767994;-8,881087201;;;;;;;;;;;;;;;;;;;;;;;;
60,8105371;10,91361914;-9,180977067;;;;;;;;;;;;;;;;;;;;;;;;
60,61423757;10,9195783;-9,467788316;;;;;;;;;;;;;;;;;;;;;;;;
60,41112509;10,92555823;-9,74253674;;;;;;;;;;;;;;;;;;;;;;;;
60,20139027;10,93155971;-10,0060788;;;;;;;;;;;;;;;;;;;;;;;;
59,98520566;10,93758353;-10,25914572;;;;;;;;;;;;;;;;;;;;;;;;
59,76272832;10,94363049;-10,5023688;;;;;;;;;;;;;;;;;;;;;;;;
59,53410188;10,94970137;-10,73629844;;;;;;;;;;;;;;;;;;;;;;;;
59,2994582;10,95579698;-10,96141882;;;;;;;;;;;;;;;;;;;;;;;;
59,05891877;10,96191736;-10,8498801;;;;;;;;;;;;;;;;;;;;;;;;
58,8198593;10,96806252;-10,72112005;;;;;;;;;;;;;;;;;;;;;;;;
58,58268047;10,97423245;-10,58839525;;;;;;;;;;;;;;;;;;;;;;;;
58,34749367;10,98042713;-10,45134579;;;;;;;;;;;;;;;;;;;;;;;;
58,11441995;10,98664651;-10,3095673;;;;;;;;;;;;;;;;;;;;;;;;
57,88359116;10,99289053;-10,16260326;;;;;;;;;;;;;;;;;;;;;;;;
57,65515131;10,99915911;-10,00993564;;;;;;;;;;;;;;;;;;;;;;;;
57,42925815;11,00545215;-9,850973316;;;;;;;;;;;;;;;;;;;;;;;;
57,20608502;11,01176951;-9,685037503;;;;;;;;;;;;;;;;;;;;;;;;
56,98582307;11,01811103;-9,511343307;;;;;;;;;;;;;;;;;;;;;;;;
56,76868397;11,02447653;-9,328976048;;;;;;;;;;;;;;;;;;;;;;;;
56,55490316;11,03086576;-9,136860381;;;;;;;;;;;;;;;;;;;;;;;;
56,34474387;11,03727848;-8,933719364;;;;;;;;;;;;;;;;;;;;;;;;
56,13850217;11,04371434;-8,718019161;;;;;;;;;;;;;;;;;;;;;;;;
55,9365133;11,050173;-8,487892673;;;;;;;;;;;;;;;;;;;;;;;;
55,73915997;11,05665401;-8,241031361;;;;;;;;;;;;;;;;;;;;;;;;
55,54688318;11,06315688;-7,974527357;;;;;;;;;;;;;;;;;;;;;;;;
55,36019693;11,06968101;-7,684634629;;;;;;;;;;;;;;;;;;;;;;;;
55,17970873;11,07622574;-7,366391708;;;;;;;;;;;;;;;;;;;;;;;;
55,00614916;11,08279024;-7,012992734;;;;;;;;;;;;;;;;;;;;;;;;
54,84041667;11,08937356;-6,614664137;;;;;;;;;;;;;;;;;;;;;;;;
54,68364943;11,09597454;-6,156466199;;;;;;;;;;;;;;;;;;;;;;;;
54,53735006;11,10259175;-5,613400754;;;;;;;;;;;;;;;;;;;;;;;;
54,40362796;11,10922332;-4,937157025;;;;;;;;;;;;;;;;;;;;;;;;
54,28575993;11,11586661;-4,004805837;;;;;;;;;;;;;;;;;;;;;;;;
54,18998155;11,1225138;-1,324907414;;;;;;;;;;;;;;;;;;;;;;;;
54,1582767;11,12916098;0;;;;;;;;;;;;;;;;;;;;;;;;
54,12657187;11,13580816;-1,324906881;;;;;;;;;;;;;;;;;;;;;;;;
54,23607251;11,14245924;4,573220866;;;;;;;;;;;;;;;;;;;;;;;;
54,38949923;11,14909689;6,420727434;;;;;;;;;;;;;;;;;;;;;;;;
54,57287334;11,15571581;7,695698962;;;;;;;;;;;;;;;;;;;;;;;;
54,7786661;11,1623125;8,665665616;;;;;;;;;;;;;;;;;;;;;;;;
55,00204538;11,1688844;9,441681131;;;;;;;;;;;;;;;;;;;;;;;;
55,23962362;11,17542961;10,08278508;;;;;;;;;;;;;;;;;;;;;;;;
55,48889453;11,18194667;10,62471511;;;;;;;;;;;;;;;;;;;;;;;;
55,74331812;11,18843446;10,89327482;;;;;;;;;;;;;;;;;;;;;;;;
55,99494308;11,19489263;10,82284729;;;;;;;;;;;;;;;;;;;;;;;;
56,24382405;11,20132178;10,75314461;;;;;;;;;;;;;;;;;;;;;;;;
56,49001397;11,20772249;10,68415328;;;;;;;;;;;;;;;;;;;;;;;;
56,73356418;11,21409529;10,61586021;;;;;;;;;;;;;;;;;;;;;;;;
56,97452446;11,22044074;10,54825269;;;;;;;;;;;;;;;;;;;;;;;;
57,2129431;11,22675936;10,48131841;;;;;;;;;;;;;;;;;;;;;;;;
57,44886697;11,23305164;10,4150454;;;;;;;;;;;;;;;;;;;;;;;;
57,68234156;11,23931808;10,34942205;;;;;;;;;;;;;;;;;;;;;;;;
57,91341107;11,24555916;10,28443707;;;;;;;;;;;;;;;;;;;;;;;;
58,14211843;11,25177534;10,22007949;;;;;;;;;;;;;;;;;;;;;;;;
58,36850534;11,25796706;10,15633866;;;;;;;;;;;;;;;;;;;;;;;;
58,59261238;11,26413477;10,09320419;;;;;;;;;;;;;;;;;;;;;;;;
58,81447897;11,27027889;10,03066601;;;;;;;;;;;;;;;;;;;;;;;;
59,03414348;11,27639983;9,968714303;;;;;;;;;;;;;;;;;;;;;;;;
59,25162965;11,282498;9,906720476;;;;;;;;;;;;;;;;;;;;;;;;
59,46696058;11,28857378;9,844682469;;;;;;;;;;;;;;;;;;;;;;;;
59,68017236;11,29462756;9,783222758;;;;;;;;;;;;;;;;;;;;;;;;
59,89130014;11,30065972;9,722332121;;;;;;;;;;;;;;;;;;;;;;;;
60,10037816;11,30667061;9,662001574;;;;;;;;;;;;;;;;;;;;;;;;
60,30743975;11,31266058;9,60222236;;;;;;;;;;;;;;;;;;;;;;;;
60,51251743;11,31863;9,542985942;;;;;;;;;;;;;;;;;;;;;;;;
60,71564288;11,32457918;9,484283995;;;;;;;;;;;;;;;;;;;;;;;;
60,91684698;11,33050846;9,426108399;;;;;;;;;;;;;;;;;;;;;;;;
61,11615987;11,33641815;9,368451229;;;;;;;;;;;;;;;;;;;;;;;;
61,31361094;11,34230858;9,311304753;;;;;;;;;;;;;;;;;;;;;;;;
61,50922886;11,34818003;9,254661424;;;;;;;;;;;;;;;;;;;;;;;;
61,70304163;11,35403281;9,19851387;;;;;;;;;;;;;;;;;;;;;;;;
61,89507657;11,35986721;9,142854894;;;;;;;;;;;;;;;;;;;;;;;;
62,08536036;11,3656835;9,087677465;;;;;;;;;;;;;;;;;;;;;;;;
62,27391907;11,37148197;9,032974711;;;;;;;;;;;;;;;;;;;;;;;;
62,46132273;11,37726288;9,004907543;;;;;;;;;;;;;;;;;;;;;;;;
62,64759248;11,38302645;8,977357674;;;;;;;;;;;;;;;;;;;;;;;;
62,83257904;11,38877288;8,942100683;;;;;;;;;;;;;;;;;;;;;;;;
63,01629821;11,39450239;8,907059688;;;;;;;;;;;;;;;;;;;;;;;;
63,1987655;11,4002152;8,872232247;;;;;;;;;;;;;;;;;;;;;;;;
63,3799961;11,40591151;8,837615966;;;;;;;;;;;;;;;;;;;;;;;;
63,56000492;11,41159154;8,803208493;;;;;;;;;;;;;;;;;;;;;;;;
63,73880657;11,41725548;8,769007524;;;;;;;;;;;;;;;;;;;;;;;;
63,91641539;11,42290353;8,735010795;;;;;;;;;;;;;;;;;;;;;;;;
64,09284543;11,42853588;8,701216084;;;;;;;;;;;;;;;;;;;;;;;;
64,2681105;11,43415273;8,667621211;;;;;;;;;;;;;;;;;;;;;;;;
64,44222414;11,43975427;8,634224033;;;;;;;;;;;;;;;;;;;;;;;;
64,61519963;11,44534067;8,601022449;;;;;;;;;;;;;;;;;;;;;;;;
64,78705001;11,45091211;8,568014392;;;;;;;;;;;;;;;;;;;;;;;;
64,95778808;11,45646878;8,535197833;;;;;;;;;;;;;;;;;;;;;;;;
65,12742643;11,46201084;8,50257078;;;;;;;;;;;;;;;;;;;;;;;;
65,29597739;11,46753846;8,470131274;;;;;;;;;;;;;;;;;;;;;;;;
65,46345308;11,47305182;8,437877389;;;;;;;;;;;;;;;;;;;;;;;;
65,62986542;11,47855107;8,405807234;;;;;;;;;;;;;;;;;;;;;;;;
65,79522609;11,48403638;8,37391895;;;;;;;;;;;;;;;;;;;;;;;;
65,9595466;11,4895079;8,342210708;;;;;;;;;;;;;;;;;;;;;;;;
66,12283824;11,49496579;8,310680712;;;;;;;;;;;;;;;;;;;;;;;;
66,2851121;11,5004102;8,279327193;;;;;;;;;;;;;;;;;;;;;;;;
66,44637908;11,50584129;8,248148413;;;;;;;;;;;;;;;;;;;;;;;;
66,60664992;11,51125919;8,217142663;;;;;;;;;;;;;;;;;;;;;;;;
66,76593515;11,51666406;8,186308261;;;;;;;;;;;;;;;;;;;;;;;;
66,92424514;11,52205603;8,155643551;;;;;;;;;;;;;;;;;;;;;;;;
67,08159006;11,52743524;8,125146906;;;;;;;;;;;;;;;;;;;;;;;;
67,23797995;11,53280184;8,094816724;;;;;;;;;;;;;;;;;;;;;;;;
67,39342466;11,53815596;8,064651428;;;;;;;;;;;;;;;;;;;;;;;;
67,54793388;11,54349773;8,034649466;;;;;;;;;;;;;;;;;;;;;;;;
67,70151716;11,54882727;8,00480931;;;;;;;;;;;;;;;;;;;;;;;;
67,85418387;11,55414473;7,975129456;;;;;;;;;;;;;;;;;;;;;;;;
68,00594324;11,55945023;7,945608424;;;;;;;;;;;;;;;;;;;;;;;;
68,15680437;11,56474388;7,916244754;;;;;;;;;;;;;;;;;;;;;;;;
68,30677619;11,57002582;7,887037012;;;;;;;;;;;;;;;;;;;;;;;;
68,4558675;11,57529616;7,857983782;;;;;;;;;;;;;;;;;;;;;;;;
68,60408697;11,58055502;7,829083672;;;;;;;;;;;;;;;;;;;;;;;;
68,75144313;11,58580252;7,800335308;;;;;;;;;;;;;;;;;;;;;;;;
68,89800677;11,59103878;7,775047815;;;;;;;;;;;;;;;;;;;;;;;;
69,04379537;11,59626389;7,750419829;;;;;;;;;;;;;;;;;;;;;;;;
69,18881598;11,60147798;7,725905391;;;;;;;;;;;;;;;;;;;;;;;;
69,33307555;11,60668113;7,701503581;;;;;;;;;;;;;;;;;;;;;;;;
69,47658092;11,61187346;7,677213489;;;;;;;;;;;;;;;;;;;;;;;;
69,61933884;11,61705506;7,65303422;;;;;;;;;;;;;;;;;;;;;;;;
69,76135597;11,62222603;7,628964889;;;;;;;;;;;;;;;;;;;;;;;;
69,90263886;11,62738648;7,605004624;;;;;;;;;;;;;;;;;;;;;;;;
70,04319398;11,6325365;7,581152565;;;;;;;;;;;;;;;;;;;;;;;;
70,1830277;11,63767619;7,557407863;;;;;;;;;;;;;;;;;;;;;;;;
70,32214632;11,64280564;7,53376968;;;;;;;;;;;;;;;;;;;;;;;;
70,46055602;11,64792493;7,51023719;;;;;;;;;;;;;;;;;;;;;;;;
70,59826293;11,65303417;7,486809576;;;;;;;;;;;;;;;;;;;;;;;;
70,73527307;11,65813345;7,463486033;;;;;;;;;;;;;;;;;;;;;;;;
70,87159239;11,66322285;7,440265766;;;;;;;;;;;;;;;;;;;;;;;;
71,00722676;11,66830246;7,417147991;;;;;;;;;;;;;;;;;;;;;;;;
71,14218196;11,67337236;7,394131933;;;;;;;;;;;;;;;;;;;;;;;;
71,27646372;11,67843265;7,371216826;;;;;;;;;;;;;;;;;;;;;;;;
71,41007766;11,68348341;7,348401915;;;;;;;;;;;;;;;;;;;;;;;;
71,54302933;11,68852471;7,325686456;;;;;;;;;;;;;;;;;;;;;;;;
71,67532424;11,69355665;7,303069711;;;;;;;;;;;;;;;;;;;;;;;;
71,80696779;11,6985793;7,280550952;;;;;;;;;;;;;;;;;;;;;;;;
71,93796532;11,70359274;7,258129463;;;;;;;;;;;;;;;;;;;;;;;;
72,06832212;11,70859705;7,235804532;;;;;;;;;;;;;;;;;;;;;;;;
72,19804338;11,71359231;7,213575459;;;;;;;;;;;;;;;;;;;;;;;;
72,32713425;11,7185786;7,191441552;;;;;;;;;;;;;;;;;;;;;;;;
72,4555998;11,72355598;7,169402127;;;;;;;;;;;;;;;;;;;;;;;;
72,58344505;11,72852454;7,147456508;;;;;;;;;;;;;;;;;;;;;;;;
72,71067492;11,73348435;7,125604026;;;;;;;;;;;;;;;;;;;;;;;;
72,83729432;11,73843548;7,103844023;;;;;;;;;;;;;;;;;;;;;;;;
72,96330806;11,743378;7,082175845;;;;;;;;;;;;;;;;;;;;;;;;
73,08872091;11,74831199;7,060598849;;;;;;;;;;;;;;;;;;;;;;;;
73,21353756;11,75323751;7,039112398;;;;;;;;;;;;;;;;;;;;;;;;
73,33776267;11,75815464;7,017715861;;;;;;;;;;;;;;;;;;;;;;;;
73,46140083;11,76306343;6,996408618;;;;;;;;;;;;;;;;;;;;;;;;
73,58445656;11,76796396;6,975190052;;;;;;;;;;;;;;;;;;;;;;;;
73,70693434;11,7728563;6,954059556;;;;;;;;;;;;;;;;;;;;;;;;
73,8288386;11,77774051;6,933016528;;;;;;;;;;;;;;;;;;;;;;;;
73,95017371;11,78261665;6,912060375;;;;;;;;;;;;;;;;;;;;;;;;
74,07094399;11,78748479;6,891190507;;;;;;;;;;;;;;;;;;;;;;;;
74,1911537;11,792345;6,870406345;;;;;;;;;;;;;;;;;;;;;;;;
74,31080705;11,79719733;6,849707314;;;;;;;;;;;;;;;;;;;;;;;;
74,42990823;11,80204185;6,829092845;;;;;;;;;;;;;;;;;;;;;;;;
74,54846133;11,80687861;6,808562376;;;;;;;;;;;;;;;;;;;;;;;;
74,66647044;11,81170769;6,788115352;;;;;;;;;;;;;;;;;;;;;;;;
74,78393958;11,81652913;6,767751222;;;;;;;;;;;;;;;;;;;;;;;;
74,90087271;11,821343;6,747469443;;;;;;;;;;;;;;;;;;;;;;;;
75,01726796;11,82614935;6,726933357;;;;;;;;;;;;;;;;;;;;;;;;
75,13311698;11,83094824;6,705769282;;;;;;;;;;;;;;;;;;;;;;;;
75,24842383;11,83573974;6,684693995;;;;;;;;;;;;;;;;;;;;;;;;
75,36319254;11,84052389;6,663706904;;;;;;;;;;;;;;;;;;;;;;;;
75,47742706;11,84530076;6,642807423;;;;;;;;;;;;;;;;;;;;;;;;
75,59113133;11,8500704;6,621994976;;;;;;;;;;;;;;;;;;;;;;;;
75,70430922;11,85483286;6,60126899;;;;;;;;;;;;;;;;;;;;;;;;
75,81696456;11,8595882;6,580628899;;;;;;;;;;;;;;;;;;;;;;;;
75,92910115;11,86433648;6,560074143;;;;;;;;;;;;;;;;;;;;;;;;
76,04072274;11,86907775;6,539604168;;;;;;;;;;;;;;;;;;;;;;;;
76,15183304;11,87381205;6,519218426;;;;;;;;;;;;;;;;;;;;;;;;
76,2624357;11,87853945;6,498916374;;;;;;;;;;;;;;;;;;;;;;;;
76,37253436;11,88325999;6,478697476;;;;;;;;;;;;;;;;;;;;;;;;
76,4821326;11,88797373;6,4585612;;;;;;;;;;;;;;;;;;;;;;;;
76,59123397;11,89268071;6,438507021;;;;;;;;;;;;;;;;;;;;;;;;
76,69984197;11,89738099;6,418534418;;;;;;;;;;;;;;;;;;;;;;;;
76,80796007;11,90207461;6,398642876;;;;;;;;;;;;;;;;;;;;;;;;
76,9155917;11,90676162;6,378831885;;;;;;;;;;;;;;;;;;;;;;;;
77,02274026;11,91144208;6,35910094;;;;;;;;;;;;;;;;;;;;;;;;
77,1294091;11,91611602;6,339449542;;;;;;;;;;;;;;;;;;;;;;;;
77,23560155;11,9207835;6,319877197;;;;;;;;;;;;;;;;;;;;;;;;
77,34132089;11,92544457;6,300383414;;;;;;;;;;;;;;;;;;;;;;;;
77,44657037;11,93009926;6,280967708;;;;;;;;;;;;;;;;;;;;;;;;
77,55135322;11,93474762;6,2616296;;;;;;;;;;;;;;;;;;;;;;;;
77,65567261;11,93938971;6,242368615;;;;;;;;;;;;;;;;;;;;;;;;
77,75953169;11,94402556;6,223184281;;;;;;;;;;;;;;;;;;;;;;;;
77,86293358;11,94865522;6,204076133;;;;;;;;;;;;;;;;;;;;;;;;
77,96588137;11,95327872;6,185043709;;;;;;;;;;;;;;;;;;;;;;;;
78,0683781;11,95789613;6,166086552;;;;;;;;;;;;;;;;;;;;;;;;
78,1704268;11,96250747;6,147204209;;;;;;;;;;;;;;;;;;;;;;;;
78,27203046;11,96711279;6,128396232;;;;;;;;;;;;;;;;;;;;;;;;
78,37319204;11,97171214;6,109662177;;;;;;;;;;;;;;;;;;;;;;;;
78,47391447;11,97630554;6,091001604;;;;;;;;;;;;;;;;;;;;;;;;
78,57420064;11,98089306;6,072414078;;;;;;;;;;;;;;;;;;;;;;;;
78,67405343;11,98547471;6,053899167;;;;;;;;;;;;;;;;;;;;;;;;
78,77347569;11,99005055;6,035456443;;;;;;;;;;;;;;;;;;;;;;;;
78,87247021;11,99462062;6,017085482;;;;;;;;;;;;;;;;;;;;;;;;
78,97103979;11,99918495;5,998785866;;;;;;;;;;;;;;;;;;;;;;;;
79,06918719;12,00374358;5,980557179;;;;;;;;;;;;;;;;;;;;;;;;
79,16691514;12,00829656;5,962399008;;;;;;;;;;;;;;;;;;;;;;;;
79,26422633;12,01284391;5,944310945;;;;;;;;;;;;;;;;;;;;;;;;
79,36112345;12,01738568;5,926292587;;;;;;;;;;;;;;;;;;;;;;;;
79,45760915;12,02192191;5,908343532;;;;;;;;;;;;;;;;;;;;;;;;
79,55368604;12,02645263;5,890463384;;;;;;;;;;;;;;;;;;;;;;;;
79,64935674;12,03097787;5,872651748;;;;;;;;;;;;;;;;;;;;;;;;
79,74462381;12,03549768;5,854908236;;;;;;;;;;;;;;;;;;;;;;;;
79,83948981;12,0400121;5,83723246;;;;;;;;;;;;;;;;;;;;;;;;
79,93395726;12,04452114;5,819624038;;;;;;;;;;;;;;;;;;;;;;;;
80,02802865;12,04902486;5,80208259;;;;;;;;;;;;;;;;;;;;;;;;
80,12170648;12,05352328;5,784607739;;;;;;;;;;;;;;;;;;;;;;;;
80,21499318;12,05801645;5,767199114;;;;;;;;;;;;;;;;;;;;;;;;
80,3078912;12,06250439;5,749856344;;;;;;;;;;;;;;;;;;;;;;;;
80,40040294;12,06698714;5,732579063;;;;;;;;;;;;;;;;;;;;;;;;
80,49253078;12,07146473;5,715366907;;;;;;;;;;;;;;;;;;;;;;;;
80,58427709;12,07593719;5,698219517;;;;;;;;;;;;;;;;;;;;;;;;
80,6756442;12,08040456;5,681136536;;;;;;;;;;;;;;;;;;;;;;;;
80,76663444;12,08486688;5,664117609;;;;;;;;;;;;;;;;;;;;;;;;
80,85725011;12,08932416;5,647162386;;;;;;;;;;;;;;;;;;;;;;;;
80,94749348;12,09377645;5,63027052;;;;;;;;;;;;;;;;;;;;;;;;
81,0373668;12,09822378;5,613441664;;;;;;;;;;;;;;;;;;;;;;;;
81,12687232;12,10266618;5,596675478;;;;;;;;;;;;;;;;;;;;;;;;
81,21601106;12,10710367;5,579897412;;;;;;;;;;;;;;;;;;;;;;;;
81,30478214;12,11153629;5,562988652;;;;;;;;;;;;;;;;;;;;;;;;
81,39318779;12,11596408;5,546143449;;;;;;;;;;;;;;;;;;;;;;;;
81,4812302;12,12038705;5,52936146;;;;;;;;;;;;;;;;;;;;;;;;
81,56891155;12,12480525;5,512642341;;;;;;;;;;;;;;;;;;;;;;;;
81,65623401;12,12921869;5,495985754;;;;;;;;;;;;;;;;;;;;;;;;
81,7431997;12,13362742;5,479391364;;;;;;;;;;;;;;;;;;;;;;;;
81,82981076;12,13803146;5,462858836;;;;;;;;;;;;;;;;;;;;;;;;
81,91606929;12,14243083;5,446387841;;;;;;;;;;;;;;;;;;;;;;;;
82,00197736;12,14682557;5,42997805;;;;;;;;;;;;;;;;;;;;;;;;
82,08753704;12,15121571;5,413629138;;;;;;;;;;;;;;;;;;;;;;;;
82,17275039;12,15560127;5,397340783;;;;;;;;;;;;;;;;;;;;;;;;
82,25761942;12,15998229;5,381112665;;;;;;;;;;;;;;;;;;;;;;;;
82,34214616;12,16435878;5,364944467;;;;;;;;;;;;;;;;;;;;;;;;
82,42634871;12,16873078;5,349860276;;;;;;;;;;;;;;;;;;;;;;;;
82,51025136;12,17309832;5,336256832;;;;;;;;;;;;;;;;;;;;;;;;
82,59385569;12,17746141;5,322696317;;;;;;;;;;;;;;;;;;;;;;;;
82,67718673;12,18182009;5,310672676;;;;;;;;;;;;;;;;;;;;;;;;
82,76024612;12,18617437;5,298701146;;;;;;;;;;;;;;;;;;;;;;;;
82,84303521;12,19052429;5,286763231;;;;;;;;;;;;;;;;;;;;;;;;
82,92555532;12,19486986;5,274858791;;;;;;;;;;;;;;;;;;;;;;;;
83,0078078;12,1992111;5,262987686;;;;;;;;;;;;;;;;;;;;;;;;
83,08979394;12,20354804;5,251149777;;;;;;;;;;;;;;;;;;;;;;;;
83,17151506;12,2078807;5,239344926;;;;;;;;;;;;;;;;;;;;;;;;
83,25297245;12,21220911;5,227572998;;;;;;;;;;;;;;;;;;;;;;;;
83,3341674;12,21653328;5,215833857;;;;;;;;;;;;;;;;;;;;;;;;
83,41510118;12,22085323;5,204127366;;;;;;;;;;;;;;;;;;;;;;;;
83,49577505;12,225169;5,192453393;;;;;;;;;;;;;;;;;;;;;;;;
83,57619029;12,2294806;5,180811805;;;;;;;;;;;;;;;;;;;;;;;;
83,65634812;12,23378804;5,169202468;;;;;;;;;;;;;;;;;;;;;;;;
83,73624979;12,23809136;5,157625252;;;;;;;;;;;;;;;;;;;;;;;;
83,81589654;12,24239058;5,146080027;;;;;;;;;;;;;;;;;;;;;;;;
83,89528957;12,2466857;5,134566661;;;;;;;;;;;;;;;;;;;;;;;;
83,97443011;12,25097677;5,123085028;;;;;;;;;;;;;;;;;;;;;;;;
84,05331935;12,25526379;5,111634998;;;;;;;;;;;;;;;;;;;;;;;;
84,13195849;12,25954678;5,100216445;;;;;;;;;;;;;;;;;;;;;;;;
84,21034871;12,26382577;5,088829243;;;;;;;;;;;;;;;;;;;;;;;;
84,28849119;12,26810078;5,077473265;;;;;;;;;;;;;;;;;;;;;;;;
84,36638709;12,27237183;5,066148387;;;;;;;;;;;;;;;;;;;;;;;;
84,44403758;12,27663893;5,054854486;;;;;;;;;;;;;;;;;;;;;;;;
84,52144381;12,28090211;5,043591438;;;;;;;;;;;;;;;;;;;;;;;;
84,59860692;12,28516138;5,03235912;;;;;;;;;;;;;;;;;;;;;;;;
84,67552804;12,28941677;5,021157412;;;;;;;;;;;;;;;;;;;;;;;;
84,75220831;12,2936683;5,009986193;;;;;;;;;;;;;;;;;;;;;;;;
84,82864884;12,29791597;4,998845341;;;;;;;;;;;;;;;;;;;;;;;;
84,90485074;12,30215982;4,987734739;;;;;;;;;;;;;;;;;;;;;;;;
84,98081512;12,30639986;4,976654268;;;;;;;;;;;;;;;;;;;;;;;;
85,05654306;12,31063611;4,96560381;;;;;;;;;;;;;;;;;;;;;;;;
85,13203566;12,31486859;4,954583247;;;;;;;;;;;;;;;;;;;;;;;;
85,20729401;12,31909732;4,943592464;;;;;;;;;;;;;;;;;;;;;;;;
85,28231916;12,32332231;4,932631344;;;;;;;;;;;;;;;;;;;;;;;;
85,35711219;12,32754358;4,921699774;;;;;;;;;;;;;;;;;;;;;;;;
85,43167415;12,33176116;4,910797639;;;;;;;;;;;;;;;;;;;;;;;;
85,50600609;12,33597505;4,899924825;;;;;;;;;;;;;;;;;;;;;;;;
85,58010907;12,34018528;4,889081219;;;;;;;;;;;;;;;;;;;;;;;;
85,6539841;12,34439187;4,87826671;;;;;;;;;;;;;;;;;;;;;;;;
85,72763223;12,34859482;4,867481186;;;;;;;;;;;;;;;;;;;;;;;;
85,80105447;12,35279417;4,856724536;;;;;;;;;;;;;;;;;;;;;;;;
85,87425185;12,35698992;4,84599665;;;;;;;;;;;;;;;;;;;;;;;;
85,94722535;12,3611821;4,835297419;;;;;;;;;;;;;;;;;;;;;;;;
86,019976;12,36537071;4,824626733;;;;;;;;;;;;;;;;;;;;;;;;
86,09250478;12,36955579;4,813984486;;;;;;;;;;;;;;;;;;;;;;;;
86,16481268;12,37373734;4,803370569;;;;;;;;;;;;;;;;;;;;;;;;
86,23690068;12,37791538;4,792784875;;;;;;;;;;;;;;;;;;;;;;;;
86,30876976;12,38208992;4,782227299;;;;;;;;;;;;;;;;;;;;;;;;
86,38042088;12,38626099;4,771697734;;;;;;;;;;;;;;;;;;;;;;;;
86,45185501;12,39042861;4,761196077;;;;;;;;;;;;;;;;;;;;;;;;
86,5230731;12,39459277;4,750722221;;;;;;;;;;;;;;;;;;;;;;;;
86,5940761;12,39875351;4,740276065;;;;;;;;;;;;;;;;;;;;;;;;
86,66486496;12,40291084;4,729857504;;;;;;;;;;;;;;;;;;;;;;;;
86,7354406;12,40706477;4,719466436;;;;;;;;;;;;;;;;;;;;;;;;
86,80580396;12,41121533;4,709102759;;;;;;;;;;;;;;;;;;;;;;;;
86,87595597;12,41536251;4,698766372;;;;;;;;;;;;;;;;;;;;;;;;
86,94589753;12,41950635;4,688457174;;;;;;;;;;;;;;;;;;;;;;;;
87,01562957;12,42364686;4,678175065;;;;;;;;;;;;;;;;;;;;;;;;
87,085153;12,42778405;4,667919945;;;;;;;;;;;;;;;;;;;;;;;;
87,1544687;12,43191793;4,657691716;;;;;;;;;;;;;;;;;;;;;;;;
87,22357757;12,43604853;4,647490278;;;;;;;;;;;;;;;;;;;;;;;;
87,29248051;12,44017585;4,637315534;;;;;;;;;;;;;;;;;;;;;;;;
87,3611784;12,44429992;4,627167387;;;;;;;;;;;;;;;;;;;;;;;;
87,42967211;12,44842074;4,617045739;;;;;;;;;;;;;;;;;;;;;;;;
87,49796252;12,45253834;4,606950495;;;;;;;;;;;;;;;;;;;;;;;;
87,56605049;12,45665272;4,596881559;;;;;;;;;;;;;;;;;;;;;;;;
87,63393688;12,4607639;4,586838836;;;;;;;;;;;;;;;;;;;;;;;;
87,70162254;12,4648719;4,57682223;;;;;;;;;;;;;;;;;;;;;;;;
87,76910834;12,46897673;4,566831649;;;;;;;;;;;;;;;;;;;;;;;;
87,83639511;12,4730784;4,556866998;;;;;;;;;;;;;;;;;;;;;;;;
87,90348369;12,47717693;4,546928184;;;;;;;;;;;;;;;;;;;;;;;;
87,97037491;12,48127233;4,537015115;;;;;;;;;;;;;;;;;;;;;;;;
88,03706961;12,48536461;4,527127699;;;;;;;;;;;;;;;;;;;;;;;;
88,1035686;12,4894538;4,517265843;;;;;;;;;;;;;;;;;;;;;;;;
88,16987271;12,4935399;4,507429458;;;;;;;;;;;;;;;;;;;;;;;;
88,23598275;12,49762293;4,497618453;;;;;;;;;;;;;;;;;;;;;;;;
88,30189952;12,5017029;4,487832737;;;;;;;;;;;;;;;;;;;;;;;;
88,36762383;12,50577982;4,478072221;;;;;;;;;;;;;;;;;;;;;;;;
88,43315648;12,50985371;4,468336817;;;;;;;;;;;;;;;;;;;;;;;;
88,49849826;12,51392458;4,458626434;;;;;;;;;;;;;;;;;;;;;;;;
88,56364996;12,51799245;4,448940986;;;;;;;;;;;;;;;;;;;;;;;;
88,62861236;12,52205732;4,439280385;;;;;;;;;;;;;;;;;;;;;;;;
88,69338624;12,52611921;4,429644543;;;;;;;;;;;;;;;;;;;;;;;;
88,75797238;12,53017814;4,420033374;;;;;;;;;;;;;;;;;;;;;;;;
88,82237154;12,53423411;4,410446792;;;;;;;;;;;;;;;;;;;;;;;;
88,88658449;12,53828715;4,400884711;;;;;;;;;;;;;;;;;;;;;;;;
88,95061199;12,54233725;4,391347046;;;;;;;;;;;;;;;;;;;;;;;;
89,0144548;12,54638444;4,381833711;;;;;;;;;;;;;;;;;;;;;;;;
89,07811366;12,55042873;4,372344623;;;;;;;;;;;;;;;;;;;;;;;;
89,14158932;12,55447013;4,362879697;;;;;;;;;;;;;;;;;;;;;;;;
89,20488252;12,55850864;4,35343885;;;;;;;;;;;;;;;;;;;;;;;;
89,26799401;12,5625443;4,344021998;;;;;;;;;;;;;;;;;;;;;;;;
89,3309245;12,5665771;4,334629061;;;;;;;;;;;;;;;;;;;;;;;;
89,39367474;12,57060706;4,325259954;;;;;;;;;;;;;;;;;;;;;;;;
89,45624545;12,57463419;4,315914596;;;;;;;;;;;;;;;;;;;;;;;;
89,51863734;12,5786585;4,306592906;;;;;;;;;;;;;;;;;;;;;;;;
89,58085113;12,58268001;4,297294804;;;;;;;;;;;;;;;;;;;;;;;;
89,64288754;12,58669873;4,288020207;;;;;;;;;;;;;;;;;;;;;;;;
89,70474727;12,59071466;4,278769037;;;;;;;;;;;;;;;;;;;;;;;;
89,76643102;12,59472783;4,269541214;;;;;;;;;;;;;;;;;;;;;;;;
89,8279395;12,59873824;4,260336659;;;;;;;;;;;;;;;;;;;;;;;;
89,88927339;12,6027459;4,251155291;;;;;;;;;;;;;;;;;;;;;;;;
89,95043339;12,60675082;4,241997034;;;;;;;;;;;;;;;;;;;;;;;;
90,01142019;12,61075303;4,232861809;;;;;;;;;;;;;;;;;;;;;;;;
90,07223447;12,61475252;4,223749539;;;;;;;;;;;;;;;;;;;;;;;;
90,13287154;12,61874931;4,214287356;;;;;;;;;;;;;;;;;;;;;;;;
90,19333204;12,62274342;4,204844484;;;;;;;;;;;;;;;;;;;;;;;;
90,25361668;12,62673484;4,195426242;;;;;;;;;;;;;;;;;;;;;;;;
90,31372616;12,6307236;4,186032545;;;;;;;;;;;;;;;;;;;;;;;;
90,37366119;12,63470971;4,176663309;;;;;;;;;;;;;;;;;;;;;;;;
90,43342246;12,63869317;4,167318447;;;;;;;;;;;;;;;;;;;;;;;;
90,49301066;12,642674;4,157997877;;;;;;;;;;;;;;;;;;;;;;;;
90,55242649;12,64665221;4,148701515;;;;;;;;;;;;;;;;;;;;;;;;
90,61167062;12,6506278;4,139429276;;;;;;;;;;;;;;;;;;;;;;;;
90,67074375;12,6546008;4,130181079;;;;;;;;;;;;;;;;;;;;;;;;
90,72964654;12,65857121;4,120956841;;;;;;;;;;;;;;;;;;;;;;;;
90,78837968;12,66253904;4,11175648;;;;;;;;;;;;;;;;;;;;;;;;
90,84694382;12,66650431;4,102579914;;;;;;;;;;;;;;;;;;;;;;;;
90,90533964;12,67046702;4,093427061;;;;;;;;;;;;;;;;;;;;;;;;
90,96356779;12,67442718;4,084297843;;;;;;;;;;;;;;;;;;;;;;;;
91,02162894;12,67838481;4,075192177;;;;;;;;;;;;;;;;;;;;;;;;
91,07952373;12,68233991;4,066109984;;;;;;;;;;;;;;;;;;;;;;;;
91,13725282;12,6862925;4,057051184;;;;;;;;;;;;;;;;;;;;;;;;
91,19481686;12,69024259;4,048015698;;;;;;;;;;;;;;;;;;;;;;;;
91,25221649;12,69419018;4,039003447;;;;;;;;;;;;;;;;;;;;;;;;
91,30945234;12,69813529;4,030014354;;;;;;;;;;;;;;;;;;;;;;;;
91,36652506;12,70207793;4,021048339;;;;;;;;;;;;;;;;;;;;;;;;
91,42343528;12,7060181;4,012105326;;;;;;;;;;;;;;;;;;;;;;;;
91,48018361;12,70995582;4,003185236;;;;;;;;;;;;;;;;;;;;;;;;
91,5367707;12,7138911;3,994287994;;;;;;;;;;;;;;;;;;;;;;;;
91,59319716;12,71782395;3,985413522;;;;;;;;;;;;;;;;;;;;;;;;
91,64946361;12,72175437;3,976561745;;;;;;;;;;;;;;;;;;;;;;;;
91,70557067;12,72568238;3,967732586;;;;;;;;;;;;;;;;;;;;;;;;
91,76151894;12,72960799;3,958925971;;;;;;;;;;;;;;;;;;;;;;;;
91,81730903;12,7335312;3,950141825;;;;;;;;;;;;;;;;;;;;;;;;
91,87294156;12,73745203;3,941380072;;;;;;;;;;;;;;;;;;;;;;;;
91,92841711;12,74137048;3,932640639;;;;;;;;;;;;;;;;;;;;;;;;
91,98373629;12,74528658;3,923923451;;;;;;;;;;;;;;;;;;;;;;;;
92,03889969;12,74920031;3,915228436;;;;;;;;;;;;;;;;;;;;;;;;
92,09390791;12,7531117;3,906555519;;;;;;;;;;;;;;;;;;;;;;;;
92,14876154;12,75702075;3,897904628;;;;;;;;;;;;;;;;;;;;;;;;
92,20346115;12,76092748;3,889275691;;;;;;;;;;;;;;;;;;;;;;;;
92,25800732;12,76483189;3,880668635;;;;;;;;;;;;;;;;;;;;;;;;
92,31240065;12,76873399;3,872083388;;;;;;;;;;;;;;;;;;;;;;;;
92,36664171;12,77263379;3,863519879;;;;;;;;;;;;;;;;;;;;;;;;
92,42073105;12,7765313;3,854978038;;;;;;;;;;;;;;;;;;;;;;;;
92,47466927;12,78042653;3,846457792;;;;;;;;;;;;;;;;;;;;;;;;
92,52845692;12,78431949;3,837959072;;;;;;;;;;;;;;;;;;;;;;;;
92,58209456;12,78821018;3,829481808;;;;;;;;;;;;;;;;;;;;;;;;
92,63558276;12,79209863;3,821025929;;;;;;;;;;;;;;;;;;;;;;;;
92,68892208;12,79598482;3,812591367;;;;;;;;;;;;;;;;;;;;;;;;
92,74211306;12,79986878;3,804178051;;;;;;;;;;;;;;;;;;;;;;;;
92,79515626;12,80375051;3,795785914;;;;;;;;;;;;;;;;;;;;;;;;
92,84805223;12,80763002;3,787414887;;;;;;;;;;;;;;;;;;;;;;;;
92,90080151;12,81150733;3,779064901;;;;;;;;;;;;;;;;;;;;;;;;
92,95340465;12,81538243;3,770735889;;;;;;;;;;;;;;;;;;;;;;;;
93,00586218;12,81925534;3,762427783;;;;;;;;;;;;;;;;;;;;;;;;
93,05817465;12,82312606;3,754140516;;;;;;;;;;;;;;;;;;;;;;;;
93,11034258;12,82699461;3,745874021;;;;;;;;;;;;;;;;;;;;;;;;
93,16236652;12,83086099;3,737628232;;;;;;;;;;;;;;;;;;;;;;;;
93,21424698;12,83472521;3,729403082;;;;;;;;;;;;;;;;;;;;;;;;
93,26598449;12,83858728;3,721198504;;;;;;;;;;;;;;;;;;;;;;;;
93,31757958;12,84244721;3,713014434;;;;;;;;;;;;;;;;;;;;;;;;
93,36903276;12,846305;3,704850807;;;;;;;;;;;;;;;;;;;;;;;;
93,42034456;12,85016067;3,696707556;;;;;;;;;;;;;;;;;;;;;;;;
93,47151549;12,85401422;3,688584617;;;;;;;;;;;;;;;;;;;;;;;;
93,52254606;12,85786566;3,680481925;;;;;;;;;;;;;;;;;;;;;;;;
93,57343677;12,861715;3,672399417;;;;;;;;;;;;;;;;;;;;;;;;
93,62418815;12,86556225;3,664337029;;;;;;;;;;;;;;;;;;;;;;;;
93,67480069;12,86940741;3,656294696;;;;;;;;;;;;;;;;;;;;;;;;
93,72527489;12,87325049;3,648272356;;;;;;;;;;;;;;;;;;;;;;;;
93,77561126;12,8770915;3,640269945;;;;;;;;;;;;;;;;;;;;;;;;
93,82581029;12,88093045;3,6322874;;;;;;;;;;;;;;;;;;;;;;;;
93,87587247;12,88476735;3,62432466;;;;;;;;;;;;;;;;;;;;;;;;
93,9257983;12,8886022;3,616381662;;;;;;;;;;;;;;;;;;;;;;;;
93,97558826;12,89243501;3,608458343;;;;;;;;;;;;;;;;;;;;;;;;
94,02524285;12,8962658;3,600554643;;;;;;;;;;;;;;;;;;;;;;;;
94,07476254;12,90009456;3,592670499;;;;;;;;;;;;;;;;;;;;;;;;
94,12414782;12,9039213;3,584805851;;;;;;;;;;;;;;;;;;;;;;;;
94,17339916;12,90774604;3,576960639;;;;;;;;;;;;;;;;;;;;;;;;
94,22251705;12,91156877;3,5691348;;;;;;;;;;;;;;;;;;;;;;;;
94,27150196;12,91538951;3,561328275;;;;;;;;;;;;;;;;;;;;;;;;
94,32035436;12,91920827;3,553541004;;;;;;;;;;;;;;;;;;;;;;;;
94,36907472;12,92302505;3,545772928;;;;;;;;;;;;;;;;;;;;;;;;
94,41766351;12,92683986;3,538023986;;;;;;;;;;;;;;;;;;;;;;;;
94,4661212;12,93065271;3,530294119;;;;;;;;;;;;;;;;;;;;;;;;
94,51444823;12,9344636;3,522583268;;;;;;;;;;;;;;;;;;;;;;;;
94,56264509;12,93827254;3,514891375;;;;;;;;;;;;;;;;;;;;;;;;
94,61071222;12,94207954;3,507218381;;;;;;;;;;;;;;;;;;;;;;;;
94,65865008;12,9458846;3,499564228;;;;;;;;;;;;;;;;;;;;;;;;
94,70645913;12,94968774;3,491928858;;;;;;;;;;;;;;;;;;;;;;;;
94,75413981;12,95348896;3,484312213;;;;;;;;;;;;;;;;;;;;;;;;
94,80169258;12,95728827;3,476714236;;;;;;;;;;;;;;;;;;;;;;;;
94,84911788;12,96108567;3,469134868;;;;;;;;;;;;;;;;;;;;;;;;
94,89641616;12,96488117;3,461574055;;;;;;;;;;;;;;;;;;;;;;;;
94,94358786;12,96867478;3,454031738;;;;;;;;;;;;;;;;;;;;;;;;
94,99063342;12,97246651;3,44650786;;;;;;;;;;;;;;;;;;;;;;;;
95,03755327;12,97625635;3,439002367;;;;;;;;;;;;;;;;;;;;;;;;
95,08434787;12,98004433;3,431515202;;;;;;;;;;;;;;;;;;;;;;;;
95,13101763;12,98383044;3,424046309;;;;;;;;;;;;;;;;;;;;;;;;
95,177563;12,9876147;3,416595632;;;;;;;;;;;;;;;;;;;;;;;;
95,22398439;12,9913971;3,409163116;;;;;;;;;;;;;;;;;;;;;;;;
95,27028225;12,99517766;3,401748706;;;;;;;;;;;;;;;;;;;;;;;;
95,31645699;12,99895638;3,394352348;;;;;;;;;;;;;;;;;;;;;;;;
95,36250904;13,00273328;3,386973986;;;;;;;;;;;;;;;;;;;;;;;;
95,40843882;13,00650834;3,379613567;;;;;;;;;;;;;;;;;;;;;;;;
95,45424675;13,01028159;3,372271035;;;;;;;;;;;;;;;;;;;;;;;;
95,49993325;13,01405304;3,364946338;;;;;;;;;;;;;;;;;;;;;;;;
95,54549874;13,01782267;3,357639421;;;;;;;;;;;;;;;;;;;;;;;;
95,59094362;13,02159051;3,350350232;;;;;;;;;;;;;;;;;;;;;;;;
95,63626831;13,02535656;3,343078715;;;;;;;;;;;;;;;;;;;;;;;;
95,68147322;13,02912082;3,33582482;;;;;;;;;;;;;;;;;;;;;;;;
95,72655876;13,0328833;3,328588492;;;;;;;;;;;;;;;;;;;;;;;;
95,77152533;13,03664401;3,32136968;;;;;;;;;;;;;;;;;;;;;;;;
95,81637334;13,04040296;3,314168331;;;;;;;;;;;;;;;;;;;;;;;;
95,86110319;13,04416015;3,306984392;;;;;;;;;;;;;;;;;;;;;;;;
95,90571527;13,04791558;3,299817812;;;;;;;;;;;;;;;;;;;;;;;;
95,95021;13,05166927;3,292668539;;;;;;;;;;;;;;;;;;;;;;;;
95,99458776;13,05542121;3,285536522;;;;;;;;;;;;;;;;;;;;;;;;
96,03884895;13,05917143;3,278421709;;;;;;;;;;;;;;;;;;;;;;;;
96,08299396;13,06291991;3,271324049;;;;;;;;;;;;;;;;;;;;;;;;
96,12702318;13,06666667;3,264243491;;;;;;;;;;;;;;;;;;;;;;;;
96,17093701;13,07041171;3,257179985;;;;;;;;;;;;;;;;;;;;;;;;
96,21473582;13,07415505;3,25013348;;;;;;;;;;;;;;;;;;;;;;;;
96,25842001;13,07789668;3,243103926;;;;;;;;;;;;;;;;;;;;;;;;
96,30198996;13,08163661;3,236091272;;;;;;;;;;;;;;;;;;;;;;;;
96,34544604;13,08537485;3,22909547;;;;;;;;;;;;;;;;;;;;;;;;
96,38878865;13,08911141;3,222116468;;;;;;;;;;;;;;;;;;;;;;;;
96,43201816;13,09284628;3,215154219;;;;;;;;;;;;;;;;;;;;;;;;
96,47513494;13,09657948;3,208208672;;;;;;;;;;;;;;;;;;;;;;;;
96,51813938;13,10031101;3,201279778;;;;;;;;;;;;;;;;;;;;;;;;
96,56103184;13,10404088;3,194367489;;;;;;;;;;;;;;;;;;;;;;;;
96,60381269;13,10776909;3,187471757;;;;;;;;;;;;;;;;;;;;;;;;
96,64648231;13,11149565;3,180592531;;;;;;;;;;;;;;;;;;;;;;;;
96,68904106;13,11522057;3,173729765;;;;;;;;;;;;;;;;;;;;;;;;
96,73148931;13,11894385;3,16688341;;;;;;;;;;;;;;;;;;;;;;;;
96,77382743;13,12266549;3,160053418;;;;;;;;;;;;;;;;;;;;;;;;
96,81605578;13,1263855;3,153239741;;;;;;;;;;;;;;;;;;;;;;;;
96,85817472;13,13010389;3,146442333;;;;;;;;;;;;;;;;;;;;;;;;
96,9001846;13,13382067;3,139661145;;;;;;;;;;;;;;;;;;;;;;;;
96,94208579;13,13753583;3,132896131;;;;;;;;;;;;;;;;;;;;;;;;
96,98390073;13,14124939;3,127798482;;;;;;;;;;;;;;;;;;;;;;;;
97,02562146;13,14496135;3,122098227;;;;;;;;;;;;;;;;;;;;;;;;
97,06724826;13,14867171;3,116409448;;;;;;;;;;;;;;;;;;;;;;;;
97,10878142;13,15238047;3,110732119;;;;;;;;;;;;;;;;;;;;;;;;
97,15022119;13,15608766;3,105066211;;;;;;;;;;;;;;;;;;;;;;;;
97,19156785;13,15979326;3,099411695;;;;;;;;;;;;;;;;;;;;;;;;
97,23282168;13,16349728;3,093768544;;;;;;;;;;;;;;;;;;;;;;;;
97,27398294;13,16719974;3,08813673;;;;;;;;;;;;;;;;;;;;;;;;
97,31505189;13,17090062;3,082516224;;;;;;;;;;;;;;;;;;;;;;;;
97,35602882;13,17459995;3,076907;;;;;;;;;;;;;;;;;;;;;;;;
97,39691397;13,17829772;3,07130903;;;;;;;;;;;;;;;;;;;;;;;;
97,43770763;13,18199393;3,065722286;;;;;;;;;;;;;;;;;;;;;;;;
97,47841005;13,1856886;3,060146741;;;;;;;;;;;;;;;;;;;;;;;;
97,51902149;13,18938173;3,054582367;;;;;;;;;;;;;;;;;;;;;;;;
97,55954222;13,19307331;3,049029138;;;;;;;;;;;;;;;;;;;;;;;;
97,59997249;13,19676337;3,043487025;;;;;;;;;;;;;;;;;;;;;;;;
97,64031257;13,20045189;3,037956003;;;;;;;;;;;;;;;;;;;;;;;;
97,68056272;13,20413889;3,032436044;;;;;;;;;;;;;;;;;;;;;;;;
97,7207232;13,20782438;3,026927121;;;;;;;;;;;;;;;;;;;;;;;;
97,76079425;13,21150835;3,021429207;;;;;;;;;;;;;;;;;;;;;;;;
97,80077614;13,2151908;3,015942276;;;;;;;;;;;;;;;;;;;;;;;;
97,84066912;13,21887176;3,010466302;;;;;;;;;;;;;;;;;;;;;;;;
97,88047344;13,22255121;3,005001257;;;;;;;;;;;;;;;;;;;;;;;;
97,92018936;13,22622916;2,999547115;;;;;;;;;;;;;;;;;;;;;;;;
97,95981713;13,22990563;2,99410385;;;;;;;;;;;;;;;;;;;;;;;;
97,999357;13,2335806;2,988671436;;;;;;;;;;;;;;;;;;;;;;;;
98,03880921;13,2372541;2,983249846;;;;;;;;;;;;;;;;;;;;;;;;
98,07817402;13,24092611;2,977839055;;;;;;;;;;;;;;;;;;;;;;;;
98,11745168;13,24459665;2,972439036;;;;;;;;;;;;;;;;;;;;;;;;
98,15664243;13,24826572;2,967049764;;;;;;;;;;;;;;;;;;;;;;;;
98,19574652;13,25193333;2,961671212;;;;;;;;;;;;;;;;;;;;;;;;
98,23476419;13,25559948;2,956303355;;;;;;;;;;;;;;;;;;;;;;;;
98,27369568;13,25926417;2,950946168;;;;;;;;;;;;;;;;;;;;;;;;
98,31254125;13,26292741;2,945599624;;;;;;;;;;;;;;;;;;;;;;;;
98,35130112;13,2665892;2,940263699;;;;;;;;;;;;;;;;;;;;;;;;
98,38997555;13,27024955;2,934938366;;;;;;;;;;;;;;;;;;;;;;;;
98,42856477;13,27390846;2,929623602;;;;;;;;;;;;;;;;;;;;;;;;
98,46706901;13,27756593;2,924319379;;;;;;;;;;;;;;;;;;;;;;;;
98,50548853;13,28122198;2,919025674;;;;;;;;;;;;;;;;;;;;;;;;
98,54382356;13,28487659;2,91374246;;;;;;;;;;;;;;;;;;;;;;;;
98,58207432;13,28852979;2,908469714;;;;;;;;;;;;;;;;;;;;;;;;
98,62024107;13,29218157;2,90320741;;;;;;;;;;;;;;;;;;;;;;;;
98,65832402;13,29583194;2,897955523;;;;;;;;;;;;;;;;;;;;;;;;
98,69632343;13,29948089;2,892714029;;;;;;;;;;;;;;;;;;;;;;;;
98,73423951;13,30312845;2,887482903;;;;;;;;;;;;;;;;;;;;;;;;
98,7720725;13,3067746;2,882262121;;;;;;;;;;;;;;;;;;;;;;;;
98,80982263;13,31041935;2,877051657;;;;;;;;;;;;;;;;;;;;;;;;
98,84749014;13,31406271;2,871851487;;;;;;;;;;;;;;;;;;;;;;;;
98,88507524;13,31770469;2,866661588;;;;;;;;;;;;;;;;;;;;;;;;
98,92257818;13,32134528;2,861481934;;;;;;;;;;;;;;;;;;;;;;;;
98,95999917;13,32498449;2,856312502;;;;;;;;;;;;;;;;;;;;;;;;
98,99733845;13,32862232;2,851153268;;;;;;;;;;;;;;;;;;;;;;;;
99,03459623;13,33225878;2,846004207;;;;;;;;;;;;;;;;;;;;;;;;
99,07177275;13,33589388;2,840865295;;;;;;;;;;;;;;;;;;;;;;;;
99,10886822;13,33952761;2,835736509;;;;;;;;;;;;;;;;;;;;;;;;
99,14588288;13,34315998;2,830617825;;;;;;;;;;;;;;;;;;;;;;;;
99,18281694;13,34679099;2,825509218;;;;;;;;;;;;;;;;;;;;;;;;
99,21967062;13,35042065;2,820410667;;;;;;;;;;;;;;;;;;;;;;;;
99,25644415;13,35404896;2,815322145;;;;;;;;;;;;;;;;;;;;;;;;
99,29313775;13,35767593;2,810243631;;;;;;;;;;;;;;;;;;;;;;;;
99,32975163;13,36130156;2,805175101;;;;;;;;;;;;;;;;;;;;;;;;
99,36628601;13,36492585;2,800116531;;;;;;;;;;;;;;;;;;;;;;;;
99,40274111;13,36854881;2,795067899;;;;;;;;;;;;;;;;;;;;;;;;
99,43911715;13,37217044;2,79002918;;;;;;;;;;;;;;;;;;;;;;;;
99,47541434;13,37579075;2,785000352;;;;;;;;;;;;;;;;;;;;;;;;
99,51163289;13,37940973;2,779981392;;;;;;;;;;;;;;;;;;;;;;;;
99,54777303;13,3830274;2,774972276;;;;;;;;;;;;;;;;;;;;;;;;
99,58383496;13,38664375;2,769972982;;;;;;;;;;;;;;;;;;;;;;;;
99,6198189;13,3902588;2,764983487;;;;;;;;;;;;;;;;;;;;;;;;
99,65572506;13,39387254;2,760003768;;;;;;;;;;;;;;;;;;;;;;;;
99,69155364;13,39748497;2,755033802;;;;;;;;;;;;;;;;;;;;;;;;
99,72730487;13,40109611;2,750073567;;;;;;;;;;;;;;;;;;;;;;;;
99,76297895;13,40470595;2,745123041;;;;;;;;;;;;;;;;;;;;;;;;
99,79857608;13,40831451;2,740182199;;;;;;;;;;;;;;;;;;;;;;;;
99,83409648;13,41192177;2,735251021;;;;;;;;;;;;;;;;;;;;;;;;
99,86954035;13,41552776;2,730329484;;;;;;;;;;;;;;;;;;;;;;;;
99,90490791;13,41913246;2,725417565;;;;;;;;;;;;;;;;;;;;;;;;
99,94019934;13,42273589;2,720515243;;;;;;;;;;;;;;;;;;;;;;;;
99,97541487;13,42633804;2,715622495;;;;;;;;;;;;;;;;;;;;;;;;
100,0105547;13,42993892;2,710739298;;;;;;;;;;;;;;;;;;;;;;;;
100,045619;13,43353854;2,705865632;;;;;;;;;;;;;;;;;;;;;;;;
100,080608;13,4371369;2,701001473;;;;;;;;;;;;;;;;;;;;;;;;
100,1155219;13,440734;2,696146801;;;;;;;;;;;;;;;;;;;;;;;;
100,150361;13,44432985;2,691301593;;;;;;;;;;;;;;;;;;;;;;;;
100,1851253;13,44792444;2,686465828;;;;;;;;;;;;;;;;;;;;;;;;
100,2198151;13,45151779;2,681639483;;;;;;;;;;;;;;;;;;;;;;;;
100,2544306;13,4551099;2,676822537;;;;;;;;;;;;;;;;;;;;;;;;
100,2889721;13,45870076;2,67201497;;;;;;;;;;;;;;;;;;;;;;;;
100,3234396;13,46229039;2,667216758;;;;;;;;;;;;;;;;;;;;;;;;
100,3578334;13,46587878;2,662427881;;;;;;;;;;;;;;;;;;;;;;;;
100,3921537;13,46946594;2,657648317;;;;;;;;;;;;;;;;;;;;;;;;
100,4264007;13,47305188;2,652878045;;;;;;;;;;;;;;;;;;;;;;;;
100,4605746;13,4766366;2,648117044;;;;;;;;;;;;;;;;;;;;;;;;
100,4946756;13,48022009;2,643365293;;;;;;;;;;;;;;;;;;;;;;;;
100,5287038;13,48380237;2,63862277;;;;;;;;;;;;;;;;;;;;;;;;
100,5626595;13,48738344;2,633889455;;;;;;;;;;;;;;;;;;;;;;;;
100,5965428;13,4909633;2,629165326;;;;;;;;;;;;;;;;;;;;;;;;
100,630354;13,49454195;2,624450362;;;;;;;;;;;;;;;;;;;;;;;;
100,6640932;13,4981194;2,619744544;;;;;;;;;;;;;;;;;;;;;;;;
100,6977606;13,50169565;2,615047849;;;;;;;;;;;;;;;;;;;;;;;;
100,7313565;13,5052707;2,610360257;;;;;;;;;;;;;;;;;;;;;;;;
100,7648809;13,50884456;2,605681748;;;;;;;;;;;;;;;;;;;;;;;;
100,7983342;13,51241724;2,6010123;;;;;;;;;;;;;;;;;;;;;;;;
100,8317164;13,51598873;2,596351894;;;;;;;;;;;;;;;;;;;;;;;;
100,8650278;13,51955903;2,591700509;;;;;;;;;;;;;;;;;;;;;;;;
100,8982685;13,52312816;2,587058124;;;;;;;;;;;;;;;;;;;;;;;;
100,9314388;13,52669611;2,582424719;;;;;;;;;;;;;;;;;;;;;;;;
100,9645388;13,53026288;2,577800274;;;;;;;;;;;;;;;;;;;;;;;;
100,9975687;13,53382849;2,573184768;;;;;;;;;;;;;;;;;;;;;;;;
101,0305286;13,53739294;2,568578181;;;;;;;;;;;;;;;;;;;;;;;;
101,0634189;13,54095621;2,563980494;;;;;;;;;;;;;;;;;;;;;;;;
101,0962396;13,54451833;2,559391686;;;;;;;;;;;;;;;;;;;;;;;;
101,1289909;13,5480793;2,554811736;;;;;;;;;;;;;;;;;;;;;;;;
101,161673;13,55163911;2,550240626;;;;;;;;;;;;;;;;;;;;;;;;
101,1942862;13,55519777;2,545678335;;;;;;;;;;;;;;;;;;;;;;;;
101,2268305;13,55875528;2,541124844;;;;;;;;;;;;;;;;;;;;;;;;
101,2593061;13,56231165;2,536580132;;;;;;;;;;;;;;;;;;;;;;;;
101,2917133;13,56586688;2,532044179;;;;;;;;;;;;;;;;;;;;;;;;
101,3240522;13,56942097;2,527516968;;;;;;;;;;;;;;;;;;;;;;;;
101,356323;13,57297393;2,522998476;;;;;;;;;;;;;;;;;;;;;;;;
101,3885258;13,57652575;2,518488686;;;;;;;;;;;;;;;;;;;;;;;;
101,4206609;13,58007645;2,513987577;;;;;;;;;;;;;;;;;;;;;;;;
101,4527284;13,58362602;2,509495131;;;;;;;;;;;;;;;;;;;;;;;;
101,4847285;13,58717447;2,505011327;;;;;;;;;;;;;;;;;;;;;;;;
101,5166613;13,59072181;2,500536147;;;;;;;;;;;;;;;;;;;;;;;;
101,5485271;13,59426802;2,496069571;;;;;;;;;;;;;;;;;;;;;;;;
101,5803259;13,59781313;2,491611579;;;;;;;;;;;;;;;;;;;;;;;;
101,6120581;13,60135712;2,487162154;;;;;;;;;;;;;;;;;;;;;;;;
101,6437237;13,6049;2,482721275;;;;;;;;;;;;;;;;;;;;;;;;
101,6753229;13,60844179;2,478288925;;;;;;;;;;;;;;;;;;;;;;;;
101,7068559;13,61198247;2,473865082;;;;;;;;;;;;;;;;;;;;;;;;
101,7383229;13,61552205;2,46944973;;;;;;;;;;;;;;;;;;;;;;;;
101,769724;13,61906054;2,465042848;;;;;;;;;;;;;;;;;;;;;;;;
101,8010594;13,62259794;2,460644419;;;;;;;;;;;;;;;;;;;;;;;;
101,8323293;13,62613425;2,456254422;;;;;;;;;;;;;;;;;;;;;;;;
101,8635338;13,62966947;2,451872841;;;;;;;;;;;;;;;;;;;;;;;;
101,8946731;13,63320361;2,447499655;;;;;;;;;;;;;;;;;;;;;;;;
101,9257473;13,63673667;2,443134846;;;;;;;;;;;;;;;;;;;;;;;;
101,9567567;13,64026866;2,438778397;;;;;;;;;;;;;;;;;;;;;;;;
101,9877015;13,64379957;2,434430287;;;;;;;;;;;;;;;;;;;;;;;;
102,0185816;13,6473294;2,430090499;;;;;;;;;;;;;;;;;;;;;;;;
102,0493974;13,65085817;2,425759015;;;;;;;;;;;;;;;;;;;;;;;;
102,080149;13,65438588;2,421435815;;;;;;;;;;;;;;;;;;;;;;;;
102,1108365;13,65791252;2,417120883;;;;;;;;;;;;;;;;;;;;;;;;
102,1414602;13,6614381;2,412814199;;;;;;;;;;;;;;;;;;;;;;;;
102,1720201;13,66496262;2,408515745;;;;;;;;;;;;;;;;;;;;;;;;
102,2025165;13,66848609;2,404225503;;;;;;;;;;;;;;;;;;;;;;;;
102,2329495;13,67200851;2,399943456;;;;;;;;;;;;;;;;;;;;;;;;
102,2633192;13,67552988;2,395669584;;;;;;;;;;;;;;;;;;;;;;;;
102,2936259;13,6790502;2,391403871;;;;;;;;;;;;;;;;;;;;;;;;
102,3238696;13,68256948;2,387146297;;;;;;;;;;;;;;;;;;;;;;;;
102,3540506;13,68608772;2,382896846;;;;;;;;;;;;;;;;;;;;;;;;
102,384169;13,68960493;2,3786555;;;;;;;;;;;;;;;;;;;;;;;;
102,4142249;13,69312109;2,37442224;;;;;;;;;;;;;;;;;;;;;;;;
102,4442185;13,69663623;2,370197048;;;;;;;;;;;;;;;;;;;;;;;;
102,47415;13,70015034;2,365979908;;;;;;;;;;;;;;;;;;;;;;;;
102,5040196;13,70366342;2,361770802;;;;;;;;;;;;;;;;;;;;;;;;
102,5338273;13,70717548;2,357569712;;;;;;;;;;;;;;;;;;;;;;;;
102,5635733;13,71068651;2,35337662;;;;;;;;;;;;;;;;;;;;;;;;
102,5932579;13,71419653;2,349191509;;;;;;;;;;;;;;;;;;;;;;;;
102,6228811;13,71770553;2,345014361;;;;;;;;;;;;;;;;;;;;;;;;
102,652443;13,72121352;2,34084516;;;;;;;;;;;;;;;;;;;;;;;;
102,681944;13,7247205;2,336683887;;;;;;;;;;;;;;;;;;;;;;;;
102,711384;13,72822648;2,332530526;;;;;;;;;;;;;;;;;;;;;;;;
102,7407633;13,73173144;2,328385059;;;;;;;;;;;;;;;;;;;;;;;;
102,770082;13,73523541;2,324247469;;;;;;;;;;;;;;;;;;;;;;;;
102,7993402;13,73873837;2,320117739;;;;;;;;;;;;;;;;;;;;;;;;
102,8285382;13,74224034;2,315995852;;;;;;;;;;;;;;;;;;;;;;;;
102,857676;13,74574131;2,311881791;;;;;;;;;;;;;;;;;;;;;;;;
102,8867538;13,7492413;2,307775538;;;;;;;;;;;;;;;;;;;;;;;;
102,9157718;13,75274029;2,303677077;;;;;;;;;;;;;;;;;;;;;;;;
102,9447301;13,75623829;2,299586391;;;;;;;;;;;;;;;;;;;;;;;;
102,9736271;13,75973532;2,295372295;;;;;;;;;;;;;;;;;;;;;;;;
103,0024631;13,76323136;2,29115988;;;;;;;;;;;;;;;;;;;;;;;;
103,0312381;13,76672642;2,286955724;;;;;;;;;;;;;;;;;;;;;;;;
103,0599523;13,77022051;2,282759808;;;;;;;;;;;;;;;;;;;;;;;;
103,0886058;13,77371362;2,278572114;;;;;;;;;;;;;;;;;;;;;;;;
103,1171988;13,77720576;2,274392623;;;;;;;;;;;;;;;;;;;;;;;;
103,1457314;13,78069693;2,270221317;;;;;;;;;;;;;;;;;;;;;;;;
103,1742039;13,78418714;2,266058178;;;;;;;;;;;;;;;;;;;;;;;;
103,2026163;13,78767638;2,261903187;;;;;;;;;;;;;;;;;;;;;;;;
103,2309688;13,79116467;2,257756327;;;;;;;;;;;;;;;;;;;;;;;;
103,2592615;13,79465199;2,253617579;;;;;;;;;;;;;;;;;;;;;;;;
103,2874947;13,79813836;2,249486924;;;;;;;;;;;;;;;;;;;;;;;;
103,3156684;13,80162378;2,245364346;;;;;;;;;;;;;;;;;;;;;;;;
103,3437828;13,80510825;2,241249826;;;;;;;;;;;;;;;;;;;;;;;;
103,3718381;13,80859177;2,237143346;;;;;;;;;;;;;;;;;;;;;;;;
103,3998344;13,81207434;2,233044887;;;;;;;;;;;;;;;;;;;;;;;;
103,4277718;13,81555597;2,228954434;;;;;;;;;;;;;;;;;;;;;;;;
103,4556505;13,81903666;2,224871967;;;;;;;;;;;;;;;;;;;;;;;;
103,4834707;13,82251641;2,220797468;;;;;;;;;;;;;;;;;;;;;;;;
103,5112324;13,82599523;2,216730921;;;;;;;;;;;;;;;;;;;;;;;;
103,5389359;13,82947311;2,212672307;;;;;;;;;;;;;;;;;;;;;;;;
103,5665813;13,83295006;2,208621609;;;;;;;;;;;;;;;;;;;;;;;;
103,5941687;13,83642609;2,204578809;;;;;;;;;;;;;;;;;;;;;;;;
103,6216983;13,83990119;2,200543891;;;;;;;;;;;;;;;;;;;;;;;;
103,6491702;13,84337536;2,196516835;;;;;;;;;;;;;;;;;;;;;;;;
103,5363957;13,8468656;-31,14984316;;;;;;;;;;;;;;;;;;;;;;;;
103,145003;13,85036913;-31,04640769;;;;;;;;;;;;;;;;;;;;;;;;
102,7534234;13,85388607;-30,94255553;;;;;;;;;;;;;;;;;;;;;;;;
102,36166;13,85741653;-30,83831012;;;;;;;;;;;;;;;;;;;;;;;;
101,9697157;13,86096062;-30,73369415;;;;;;;;;;;;;;;;;;;;;;;;
101,5775931;13,86451845;-30,62872965;;;;;;;;;;;;;;;;;;;;;;;;
101,1852947;13,86809013;-30,52343794;;;;;;;;;;;;;;;;;;;;;;;;
100,7928225;13,87167578;-30,41783973;;;;;;;;;;;;;;;;;;;;;;;;
100,4001786;13,87527552;-30,31195507;;;;;;;;;;;;;;;;;;;;;;;;
100,0073646;13,87888945;-30,20580342;;;;;;;;;;;;;;;;;;;;;;;;
99,61438198;13,88251771;-30,09940364;;;;;;;;;;;;;;;;;;;;;;;;
99,22123198;13,8861604;-29,99277404;;;;;;;;;;;;;;;;;;;;;;;;
98,82791563;13,88981766;-29,88593236;;;;;;;;;;;;;;;;;;;;;;;;
98,43443373;13,89348957;-29,72358544;;;;;;;;;;;;;;;;;;;;;;;;
98,04152095;13,89717624;-29,56597715;;;;;;;;;;;;;;;;;;;;;;;;
97,64912104;13,90087777;-29,40845517;;;;;;;;;;;;;;;;;;;;;;;;
97,25723907;13,90459425;-29,25098789;;;;;;;;;;;;;;;;;;;;;;;;
96,86588063;13,90832578;-29,09354183;;;;;;;;;;;;;;;;;;;;;;;;
96,47505181;13,91207247;-28,93608154;;;;;;;;;;;;;;;;;;;;;;;;
96,0847593;13,91583443;-28,77856942;;;;;;;;;;;;;;;;;;;;;;;;
95,69501039;13,91961174;-28,62096553;;;;;;;;;;;;;;;;;;;;;;;;
95,30581303;13,92340452;-28,46322739;;;;;;;;;;;;;;;;;;;;;;;;
94,91717586;13,92721287;-28,3053098;;;;;;;;;;;;;;;;;;;;;;;;
94,52910829;13,9310369;-28,14716454;;;;;;;;;;;;;;;;;;;;;;;;
94,14162053;13,9348767;-27,98874017;;;;;;;;;;;;;;;;;;;;;;;;
93,75472368;13,9387324;-27,82998169;;;;;;;;;;;;;;;;;;;;;;;;
93,36842977;13,94260408;-27,67083022;;;;;;;;;;;;;;;;;;;;;;;;
92,98275183;13,94649187;-27,51122268;;;;;;;;;;;;;;;;;;;;;;;;
92,597704;13,95039586;-27,35109134;;;;;;;;;;;;;;;;;;;;;;;;
92,2133016;13,95431617;-27,19036341;;;;;;;;;;;;;;;;;;;;;;;;
91,82956122;13,95825289;-27,02896054;;;;;;;;;;;;;;;;;;;;;;;;
91,44650082;13,96220615;-26,86679823;;;;;;;;;;;;;;;;;;;;;;;;
91,06413988;13,96617605;-26,70378526;;;;;;;;;;;;;;;;;;;;;;;;
90,68249948;13,97016269;-26,53982295;;;;;;;;;;;;;;;;;;;;;;;;
90,30160246;13,97416618;-26,37480442;;;;;;;;;;;;;;;;;;;;;;;;
89,92147361;13,97818663;-26,20861365;;;;;;;;;;;;;;;;;;;;;;;;
89,54213978;13,98222415;-26,04112453;;;;;;;;;;;;;;;;;;;;;;;;
89,16363009;13,98627885;-25,8721997;;;;;;;;;;;;;;;;;;;;;;;;
88,78597619;13,99035082;-25,7016893;;;;;;;;;;;;;;;;;;;;;;;;
88,4092124;13,99444018;-25,52942944;;;;;;;;;;;;;;;;;;;;;;;;
88,03337608;13,99854703;-25,35524061;;;;;;;;;;;;;;;;;;;;;;;;
87,65850782;14,00267146;-25,17892572;;;;;;;;;;;;;;;;;;;;;;;;
87,28465186;14,00681359;-25,00026791;;;;;;;;;;;;;;;;;;;;;;;;
86,91185638;14,01097351;-24,81902803;;;;;;;;;;;;;;;;;;;;;;;;
86,54017397;14,01515131;-24,6349417;;;;;;;;;;;;;;;;;;;;;;;;
86,16966208;14,0193471;-24,44771593;;;;;;;;;;;;;;;;;;;;;;;;
85,80038355;14,02356095;-24,25702515;;;;;;;;;;;;;;;;;;;;;;;;
85,43240721;14,02779297;-24,06250658;;;;;;;;;;;;;;;;;;;;;;;;
85,06580858;14,03204323;-23,86375484;;;;;;;;;;;;;;;;;;;;;;;;
84,70067066;14,03631182;-23,66031546;;;;;;;;;;;;;;;;;;;;;;;;
84,33708484;14,0405988;-23,45167735;;;;;;;;;;;;;;;;;;;;;;;;
83,97515189;14,04490419;-23,1686101;;;;;;;;;;;;;;;;;;;;;;;;
83,61605196;14,04922812;-23,02036144;;;;;;;;;;;;;;;;;;;;;;;;
83,25771413;14,05357069;-22,87129984;;;;;;;;;;;;;;;;;;;;;;;;
82,90016109;14,05793203;-22,7213486;;;;;;;;;;;;;;;;;;;;;;;;
82,5434171;14,06231226;-22,57042563;;;;;;;;;;;;;;;;;;;;;;;;
82,18750813;14,06671149;-22,41844289;;;;;;;;;;;;;;;;;;;;;;;;
81,83246196;14,07112985;-22,26530586;;;;;;;;;;;;;;;;;;;;;;;;
81,47830836;14,07556744;-22,11091294;;;;;;;;;;;;;;;;;;;;;;;;
81,12507921;14,08002438;-21,95515472;;;;;;;;;;;;;;;;;;;;;;;;
80,77280867;14,0845008;-21,79791322;;;;;;;;;;;;;;;;;;;;;;;;
80,42153341;14,08899679;-21,63906102;;;;;;;;;;;;;;;;;;;;;;;;
80,07129274;14,09351247;-21,47846029;;;;;;;;;;;;;;;;;;;;;;;;
79,7221289;14,09804796;-21,31596166;;;;;;;;;;;;;;;;;;;;;;;;
79,37408727;14,10260335;-21,15140301;;;;;;;;;;;;;;;;;;;;;;;;
79,02721667;14,10717876;-20,98460801;;;;;;;;;;;;;;;;;;;;;;;;
78,68156963;14,11177427;-20,81538456;;;;;;;;;;;;;;;;;;;;;;;;
78,33720274;14,11639;-20,64352294;;;;;;;;;;;;;;;;;;;;;;;;
77,99417706;14,12102604;-20,46879368;;;;;;;;;;;;;;;;;;;;;;;;
77,65255848;14,12568247;-20,29094522;;;;;;;;;;;;;;;;;;;;;;;;
77,31241824;14,13035938;-20,10970109;;;;;;;;;;;;;;;;;;;;;;;;
76,9738334;14,13505686;-19,92475675;;;;;;;;;;;;;;;;;;;;;;;;
76,63688751;14,13977498;-19,73577582;;;;;;;;;;;;;;;;;;;;;;;;
76,30167119;14,1445138;-19,54238581;;;;;;;;;;;;;;;;;;;;;;;;
75,96828295;14,14927338;-19,34417301;;;;;;;;;;;;;;;;;;;;;;;;
75,63683003;14,15405379;-19,14067654;;;;;;;;;;;;;;;;;;;;;;;;
75,30742937;14,15885505;-18,93138127;;;;;;;;;;;;;;;;;;;;;;;;
74,98020875;14,16367722;-18,71570945;;;;;;;;;;;;;;;;;;;;;;;;
74,65530809;14,16852029;-18,49301059;;;;;;;;;;;;;;;;;;;;;;;;
74,3328809;14,1733843;-18,26254942;;;;;;;;;;;;;;;;;;;;;;;;
74,01309609;14,17826922;-18,02349107;;;;;;;;;;;;;;;;;;;;;;;;
73,69613994;14,18317504;-17,77488314;;;;;;;;;;;;;;;;;;;;;;;;
73,38221854;14,18810172;-17,51563334;;;;;;;;;;;;;;;;;;;;;;;;
73,0715606;14,19304919;-17,24448185;;;;;;;;;;;;;;;;;;;;;;;;
72,76442082;14,19801738;-16,95996623;;;;;;;;;;;;;;;;;;;;;;;;
72,46108398;14,20300616;-16,66037688;;;;;;;;;;;;;;;;;;;;;;;;
72,16186988;14,2080154;-16,34369929;;;;;;;;;;;;;;;;;;;;;;;;
71,86713943;14,21304493;-16,00753826;;;;;;;;;;;;;;;;;;;;;;;;
71,57730217;14,21809517;-16,14496663;;;;;;;;;;;;;;;;;;;;;;;;
71,28377286;14,22316627;-16,06050796;;;;;;;;;;;;;;;;;;;;;;;;
70,99057311;14,22825837;-15,97601771;;;;;;;;;;;;;;;;;;;;;;;;
70,69770761;14,23337163;-15,89148139;;;;;;;;;;;;;;;;;;;;;;;;
70,40518142;14,2385062;-15,80688388;;;;;;;;;;;;;;;;;;;;;;;;
70,11299992;14,24366223;-15,72220942;;;;;;;;;;;;;;;;;;;;;;;;
69,82116889;14,24883987;-15,63744152;;;;;;;;;;;;;;;;;;;;;;;;
69,52969452;14,25403928;-15,55256298;;;;;;;;;;;;;;;;;;;;;;;;
69,2385834;14,25926062;-15,46755577;;;;;;;;;;;;;;;;;;;;;;;;
68,94784258;14,26450404;-15,38240105;;;;;;;;;;;;;;;;;;;;;;;;
68,65747958;14,2697697;-15,29707908;;;;;;;;;;;;;;;;;;;;;;;;
68,36750241;14,27505776;-15,21156915;;;;;;;;;;;;;;;;;;;;;;;;
68,07791963;14,28036838;-15,12584955;;;;;;;;;;;;;;;;;;;;;;;;
67,78874032;14,28570171;-15,03989747;;;;;;;;;;;;;;;;;;;;;;;;
67,49997418;14,29105793;-14,95368895;;;;;;;;;;;;;;;;;;;;;;;;
67,21163151;14,29643719;-14,86719879;;;;;;;;;;;;;;;;;;;;;;;;
66,9237233;14,30183965;-14,78040047;;;;;;;;;;;;;;;;;;;;;;;;
66,63626121;14,30726548;-14,69326603;;;;;;;;;;;;;;;;;;;;;;;;
66,34925765;14,31271485;-14,60576602;;;;;;;;;;;;;;;;;;;;;;;;
66,06272584;14,31818791;-14,51786933;;;;;;;;;;;;;;;;;;;;;;;;
65,7766798;14,32368484;-14,42954311;;;;;;;;;;;;;;;;;;;;;;;;
65,49113446;14,3292058;-14,34075262;;;;;;;;;;;;;;;;;;;;;;;;
65,20610571;14,33475094;-14,25146111;;;;;;;;;;;;;;;;;;;;;;;;
64,9216104;14,34032045;-14,16162962;;;;;;;;;;;;;;;;;;;;;;;;
64,63766648;14,34591449;-14,07121685;;;;;;;;;;;;;;;;;;;;;;;;
64,35429305;14,35153321;-13,98017894;;;;;;;;;;;;;;;;;;;;;;;;
64,07151039;14,35717678;-13,88846928;;;;;;;;;;;;;;;;;;;;;;;;
63,78934011;14,36284538;-13,79603829;;;;;;;;;;;;;;;;;;;;;;;;
63,50780518;14,36853915;-13,70283314;;;;;;;;;;;;;;;;;;;;;;;;
63,22693005;14,37425827;-13,60879749;;;;;;;;;;;;;;;;;;;;;;;;
62,94674078;14,3800029;-13,51387119;;;;;;;;;;;;;;;;;;;;;;;;
62,66726509;14,38577319;-13,41798991;;;;;;;;;;;;;;;;;;;;;;;;
62,38853254;14,39156931;-13,32108481;;;;;;;;;;;;;;;;;;;;;;;;
62,11057462;14,39739132;-13,18115677;;;;;;;;;;;;;;;;;;;;;;;;
61,83430761;14,40323931;-13,04850431;;;;;;;;;;;;;;;;;;;;;;;;
61,55960048;14,40911336;-12,91284205;;;;;;;;;;;;;;;;;;;;;;;;
61,28653817;14,41501352;-12,77392073;;;;;;;;;;;;;;;;;;;;;;;;
61,01521237;14,42093987;-12,63146505;;;;;;;;;;;;;;;;;;;;;;;;
60,74572214;14,42689243;-12,48516997;;;;;;;;;;;;;;;;;;;;;;;;
60,47817471;14,43287123;-12,33469639;;;;;;;;;;;;;;;;;;;;;;;;
60,21268637;14,4388763;-12,17966595;;;;;;;;;;;;;;;;;;;;;;;;
59,94938346;14,44490762;-12,01965485;;;;;;;;;;;;;;;;;;;;;;;;
59,68840357;14,45096518;-11,85418638;;;;;;;;;;;;;;;;;;;;;;;;
59,42989689;14,45704893;-11,68272179;;;;;;;;;;;;;;;;;;;;;;;;
59,17402775;14,46315881;-11,50464915;;;;;;;;;;;;;;;;;;;;;;;;
58,92097653;14,46929472;-11,31926952;;;;;;;;;;;;;;;;;;;;;;;;
58,67094179;14,47545656;-11,12577961;;;;;;;;;;;;;;;;;;;;;;;;
58,42414296;14,48164417;-10,92324986;;;;;;;;;;;;;;;;;;;;;;;;
58,18082341;14,48785736;-10,71059628;;;;;;;;;;;;;;;;;;;;;;;;
57,94125433;14,4940959;-10,48654373;;;;;;;;;;;;;;;;;;;;;;;;
57,70573945;14,50035954;-10,2495774;;;;;;;;;;;;;;;;;;;;;;;;
57,47462087;14,50664794;-9,997877198;;;;;;;;;;;;;;;;;;;;;;;;
57,24828661;14,51296071;-9,729227279;;;;;;;;;;;;;;;;;;;;;;;;
57,02718014;14,51929742;-9,440888057;;;;;;;;;;;;;;;;;;;;;;;;
56,81181312;14,52565754;-9,129409563;;;;;;;;;;;;;;;;;;;;;;;;
56,6027825;14,53204042;-8,790349463;;;;;;;;;;;;;;;;;;;;;;;;
56,40079433;14,53844536;-8,417828153;;;;;;;;;;;;;;;;;;;;;;;;
56,20669815;14,54487146;-8,003787878;;;;;;;;;;;;;;;;;;;;;;;;
56,02153885;14,55131768;-7,536670999;;;;;;;;;;;;;;;;;;;;;;;;
55,84663978;14,55778276;-6,998835746;;;;;;;;;;;;;;;;;;;;;;;;
55,6837468;14,56426512;-6,360809914;;;;;;;;;;;;;;;;;;;;;;;;
55,53530773;14,57076272;-5,565729239;;;;;;;;;;;;;;;;;;;;;;;;
55,40511786;14,57727262;-4,469067617;;;;;;;;;;;;;;;;;;;;;;;;
55,30038239;14,58378631;-1,372457473;;;;;;;;;;;;;;;;;;;;;;;;
55,26819923;14,5903;0;;;;;;;;;;;;;;;;;;;;;;;;
55,23601609;14,59681369;-1,372456935;;;;;;;;;;;;;;;;;;;;;;;;
55,25287949;14,60333118;0,718724618;;;;;;;;;;;;;;;;;;;;;;;;
55,2698905;14,60984668;0,72523704;;;;;;;;;;;;;;;;;;;;;;;;
55,28703366;14,61636017;0,731095829;;;;;;;;;;;;;;;;;;;;;;;;
55,30429519;14,62287164;0,736372781;;;;;;;;;;;;;;;;;;;;;;;;
55,32166285;14,62938108;0,741131132;;;;;;;;;;;;;;;;;;;;;;;;
55,33912568;14,63588848;0,745426709;;;;;;;;;;;;;;;;;;;;;;;;
55,35667392;14,64239382;0,749308899;;;;;;;;;;;;;;;;;;;;;;;;
55,37429884;14,6488971;0,752821468;;;;;;;;;;;;;;;;;;;;;;;;
55,39199261;14,65539832;0,756003272;;;;;;;;;;;;;;;;;;;;;;;;
55,40974824;14,66189745;0,758888853;;;;;;;;;;;;;;;;;;;;;;;;
55,42755947;14,6683945;0,761508959;;;;;;;;;;;;;;;;;;;;;;;;
55,44542067;14,67488947;0,763891;;;;;;;;;;;;;;;;;;;;;;;;
55,4633268;14,68138234;0,766059429;;;;;;;;;;;;;;;;;;;;;;;;
55,48127334;14,68787311;0,768036088;;;;;;;;;;;;;;;;;;;;;;;;
55,49925623;14,69436179;0,769840504;;;;;;;;;;;;;;;;;;;;;;;;
55,51727181;14,70084836;0,771490146;;;;;;;;;;;;;;;;;;;;;;;;
55,5353168;14,70733283;0,773000655;;;;;;;;;;;;;;;;;;;;;;;;
55,55338826;14,71381519;0,774386045;;;;;;;;;;;;;;;;;;;;;;;;
55,57148354;14,72029544;0,775658881;;;;;;;;;;;;;;;;;;;;;;;;
55,58960024;14,72677359;0,776830432;;;;;;;;;;;;;;;;;;;;;;;;
55,51122596;14,73327049;-4,284251051;;;;;;;;;;;;;;;;;;;;;;;;
55,41102227;14,73978015;-4,634850335;;;;;;;;;;;;;;;;;;;;;;;;
55,30240554;14,74630357;-4,966490388;;;;;;;;;;;;;;;;;;;;;;;;
55,18577092;14,75284173;-5,282885313;;;;;;;;;;;;;;;;;;;;;;;;
55,06142581;14,75939485;-5,331288769;;;;;;;;;;;;;;;;;;;;;;;;
54,93565411;14,76596308;-5,344466618;;;;;;;;;;;;;;;;;;;;;;;;
54,80928083;14,77254656;-5,358899958;;;;;;;;;;;;;;;;;;;;;;;;
54,68227194;14,77914546;-5,374643733;;;;;;;;;;;;;;;;;;;;;;;;
54,5545918;14,78575992;-5,391753895;;;;;;;;;;;;;;;;;;;;;;;;
54,42620303;14,79239011;-5,410287252;;;;;;;;;;;;;;;;;;;;;;;;
54,29706655;14,79903621;-5,430301299;;;;;;;;;;;;;;;;;;;;;;;;
54,16714146;14,80569839;-5,451854035;;;;;;;;;;;;;;;;;;;;;;;;
54,03638507;14,81237683;-5,475003758;;;;;;;;;;;;;;;;;;;;;;;;
53,9047528;14,81907174;-5,499808846;;;;;;;;;;;;;;;;;;;;;;;;
53,7721982;14,82578332;-5,526327525;;;;;;;;;;;;;;;;;;;;;;;;
53,63867289;14,83251177;-5,554617618;;;;;;;;;;;;;;;;;;;;;;;;
53,50412655;14,83925732;-5,584736287;;;;;;;;;;;;;;;;;;;;;;;;
53,3685069;14,8460202;-5,616739762;;;;;;;;;;;;;;;;;;;;;;;;
53,23175969;14,85280065;-5,650683062;;;;;;;;;;;;;;;;;;;;;;;;
53,09382868;14,85959892;-5,686619713;;;;;;;;;;;;;;;;;;;;;;;;
52,95465566;14,86641527;-5,724601461;;;;;;;;;;;;;;;;;;;;;;;;
52,81418045;14,87324998;-5,764677989;;;;;;;;;;;;;;;;;;;;;;;;
52,67234087;14,88010332;-5,806896635;;;;;;;;;;;;;;;;;;;;;;;;
52,52907281;14,88697561;-5,851302116;;;;;;;;;;;;;;;;;;;;;;;;
52,38431024;14,89386715;-5,897936264;;;;;;;;;;;;;;;;;;;;;;;;
52,2379852;14,90077826;-5,946837773;;;;;;;;;;;;;;;;;;;;;;;;
52,09002786;14,90770929;-5,998041963;;;;;;;;;;;;;;;;;;;;;;;;
51,94036657;14,91466058;-6,051580562;;;;;;;;;;;;;;;;;;;;;;;;
51,78892786;14,92163251;-6,107481502;;;;;;;;;;;;;;;;;;;;;;;;
51,63563652;14,92862546;-6,165768749;;;;;;;;;;;;;;;;;;;;;;;;
51,48041562;14,93563983;-6,226462145;;;;;;;;;;;;;;;;;;;;;;;;
51,32318659;14,94267611;-6,308797492;;;;;;;;;;;;;;;;;;;;;;;;
51,16338086;14,94973431;-6,251493323;;;;;;;;;;;;;;;;;;;;;;;;
51,0045335;14,95681441;-6,191573515;;;;;;;;;;;;;;;;;;;;;;;;
50,84672038;14,9639164;-6,128776097;;;;;;;;;;;;;;;;;;;;;;;;
50,69002498;14,97104024;-6,062803373;;;;;;;;;;;;;;;;;;;;;;;;
50,53453938;14,97818588;-5,993315192;;;;;;;;;;;;;;;;;;;;;;;;
50,3803655;14,98535325;-5,919920536;;;;;;;;;;;;;;;;;;;;;;;;
50,22761653;14,99254227;-5,842166869;;;;;;;;;;;;;;;;;;;;;;;;
50,07641865;14,99975281;-5,759526484;;;;;;;;;;;;;;;;;;;;;;;;
49,92691318;15,00698473;-5,671378757;;;;;;;;;;;;;;;;;;;;;;;;
49,77925918;15,01423788;-5,576986697;;;;;;;;;;;;;;;;;;;;;;;;
49,63363667;15,02151204;-5,475465377;;;;;;;;;;;;;;;;;;;;;;;;
49,49025079;15,02880697;-5,365738562;;;;;;;;;;;;;;;;;;;;;;;;
49,3493371;15,03612238;-5,246477627;;;;;;;;;;;;;;;;;;;;;;;;
49,21116857;15,04345793;-5,116013076;;;;;;;;;;;;;;;;;;;;;;;;
49,07606497;15,05081322;-4,972201972;;;;;;;;;;;;;;;;;;;;;;;;
48,94440592;15,05818775;-4,812221079;;;;;;;;;;;;;;;;;;;;;;;;
48,81664954;15,06558096;-4,632227481;;;;;;;;;;;;;;;;;;;;;;;;
48,69336031;15,07299214;-4,426765365;;;;;;;;;;;;;;;;;;;;;;;;
48,5752531;15,08042044;-4,187639308;;;;;;;;;;;;;;;;;;;;;;;;
48,46326765;15,08786481;-3,901515152;;;;;;;;;;;;;;;;;;;;;;;;
48,35870813;15,09532386;-3,54386828;;;;;;;;;;;;;;;;;;;;;;;;
48,26354617;15,10279564;-3,058643479;;;;;;;;;;;;;;;;;;;;;;;;
48,18127351;15,11027671;-2,220850059;;;;;;;;;;;;;;;;;;;;;;;;
48,12146191;15,11776232;-1,08207715;;;;;;;;;;;;;;;;;;;;;;;;
48,0923019;15,12524792;0;;;;;;;;;;;;;;;;;;;;;;;;
48,06314189;15,13273353;-1,08207715;;;;;;;;;;;;;;;;;;;;;;;;
48,06323143;15,14022367;0,003320716;;;;;;;;;;;;;;;;;;;;;;;;
48,07007993;15,14771381;0,253982505;;;;;;;;;;;;;;;;;;;;;;;;
48,0814298;15,15520287;0,420979113;;;;;;;;;;;;;;;;;;;;;;;;
48,09609868;15,16269017;0,544213753;;;;;;;;;;;;;;;;;;;;;;;;
48,11334191;15,17017519;0,639916553;;;;;;;;;;;;;;;;;;;;;;;;
48,13264398;15,17765752;0,7165794;;;;;;;;;;;;;;;;;;;;;;;;
48,15362678;15,18513685;0,779288514;;;;;;;;;;;;;;;;;;;;;;;;
48,17600197;15,19261292;0,831363065;;;;;;;;;;;;;;;;;;;;;;;;
48,1995434;15,20008552;0,875101781;;;;;;;;;;;;;;;;;;;;;;;;
48,22406997;15,20755447;0,912167651;;;;;;;;;;;;;;;;;;;;;;;;
48,24943428;15,21501962;0,943804442;;;;;;;;;;;;;;;;;;;;;;;;
48,27551486;15,22248085;0,970966987;;;;;;;;;;;;;;;;;;;;;;;;
48,30221053;15,22993805;0,994403809;;;;;;;;;;;;;;;;;;;;;;;;
48,32943634;15,23739112;1,014711808;;;;;;;;;;;;;;;;;;;;;;;;
48,35712043;15,24484;1,032373734;;;;;;;;;;;;;;;;;;;;;;;;
48,38520169;15,25228461;1,047784652;;;;;;;;;;;;;;;;;;;;;;;;
48,41362788;15,2597249;1,061271101;;;;;;;;;;;;;;;;;;;;;;;;
48,44235419;15,26716083;1,073105269;;;;;;;;;;;;;;;;;;;;;;;;
48,47134197;15,27459234;1,083515687;;;;;;;;;;;;;;;;;;;;;;;;
48,50055785;15,28201941;1,09269543;;;;;;;;;;;;;;;;;;;;;;;;
48,52997293;15,289442;1,100808492;;;;;;;;;;;;;;;;;;;;;;;;
48,5595621;15,2968601;1,107994823;;;;;;;;;;;;;;;;;;;;;;;;
48,58930349;15,30427367;1,114374338;;;;;;;;;;;;;;;;;;;;;;;;
48,61917807;15,31168271;1,120050153;;;;;;;;;;;;;;;;;;;;;;;;
48,67586877;15,3190872;2,126739948;;;;;;;;;;;;;;;;;;;;;;;;
48,75217964;15,32648306;2,866125168;;;;;;;;;;;;;;;;;;;;;;;;
48,84339697;15,33386735;3,431360729;;;;;;;;;;;;;;;;;;;;;;;;
48,94670147;15,34123784;3,893319929;;;;;;;;;;;;;;;;;;;;;;;;
49,06016483;15,34859278;4,285229361;;;;;;;;;;;;;;;;;;;;;;;;
49,18236426;15,35593071;4,625867628;;;;;;;;;;;;;;;;;;;;;;;;
49,3121973;15,3632504;4,927079826;;;;;;;;;;;;;;;;;;;;;;;;
49,44877987;15,37055083;5,196903526;;;;;;;;;;;;;;;;;;;;;;;;
49,59138494;15,37783109;5,44108518;;;;;;;;;;;;;;;;;;;;;;;;
49,73940281;15,38509042;5,663897815;;;;;;;;;;;;;;;;;;;;;;;;
49,89231435;15,39232814;5,868617651;;;;;;;;;;;;;;;;;;;;;;;;
50,04967192;15,39954368;6,057819075;;;;;;;;;;;;;;;;;;;;;;;;
50,2110856;15,40673653;6,233566105;;;;;;;;;;;;;;;;;;;;;;;;
50,37621276;15,41390626;6,397541588;;;;;;;;;;;;;;;;;;;;;;;;
50,54475012;15,42105249;6,551137246;;;;;;;;;;;;;;;;;;;;;;;;
50,71642753;15,4281749;6,695518166;;;;;;;;;;;;;;;;;;;;;;;;
50,891003;15,43527319;6,831670084;;;;;;;;;;;;;;;;;;;;;;;;
51,06825876;15,44234713;6,960434756;;;;;;;;;;;;;;;;;;;;;;;;
51,24799796;15,44939652;7,082536894;;;;;;;;;;;;;;;;;;;;;;;;
51,43004199;15,45642118;7,198604998;;;;;;;;;;;;;;;;;;;;;;;;
51,61422825;15,46342098;7,309187692;;;;;;;;;;;;;;;;;;;;;;;;
51,80040826;15,4703958;7,414766697;;;;;;;;;;;;;;;;;;;;;;;;
51,98844605;15,47734556;7,515767243;;;;;;;;;;;;;;;;;;;;;;;;
52,17781995;15,48427017;7,596646834;;;;;;;;;;;;;;;;;;;;;;;;
52,36448267;15,49116965;7,515165;;;;;;;;;;;;;;;;;;;;;;;;
52,54848814;15,49804454;7,434684571;;;;;;;;;;;;;;;;;;;;;;;;
52,72988961;15,50489536;7,355226354;;;;;;;;;;;;;;;;;;;;;;;;
52,90873971;15,51172261;7,276810031;;;;;;;;;;;;;;;;;;;;;;;;
53,08509039;15,51852678;7,199454153;;;;;;;;;;;;;;;;;;;;;;;;
53,25899301;15,52530834;7,123176139;;;;;;;;;;;;;;;;;;;;;;;;
53,43049828;15,53206776;7,047992269;;;;;;;;;;;;;;;;;;;;;;;;
53,5996563;15,53880549;6,973917686;;;;;;;;;;;;;;;;;;;;;;;;
53,76651656;15,54552195;6,900966396;;;;;;;;;;;;;;;;;;;;;;;;
53,93112793;15,55221756;6,829151265;;;;;;;;;;;;;;;;;;;;;;;;
54,09353869;15,55889275;6,758484023;;;;;;;;;;;;;;;;;;;;;;;;
54,2537965;15,56554788;6,688975267;;;;;;;;;;;;;;;;;;;;;;;;
54,41194842;15,57218336;6,620634468;;;;;;;;;;;;;;;;;;;;;;;;
54,56804092;15,57879956;6,55346997;;;;;;;;;;;;;;;;;;;;;;;;
54,72211986;15,58539683;6,487489004;;;;;;;;;;;;;;;;;;;;;;;;
54,87423049;15,59197552;6,422697695;;;;;;;;;;;;;;;;;;;;;;;;
55,02441747;15,59853598;6,359101071;;;;;;;;;;;;;;;;;;;;;;;;
55,17272485;15,60507853;6,296703074;;;;;;;;;;;;;;;;;;;;;;;;
55,31919607;15,61160349;6,235506577;;;;;;;;;;;;;;;;;;;;;;;;
55,46387398;15,61811118;6,175513396;;;;;;;;;;;;;;;;;;;;;;;;
55,60680079;15,62460189;6,116724308;;;;;;;;;;;;;;;;;;;;;;;;
55,74801813;15,63107591;6,059139066;;;;;;;;;;;;;;;;;;;;;;;;
55,88756699;15,63753354;6,002756425;;;;;;;;;;;;;;;;;;;;;;;;
56,0234738;15,64397505;5,860726134;;;;;;;;;;;;;;;;;;;;;;;;
56,15557244;15,65040093;5,710358565;;;;;;;;;;;;;;;;;;;;;;;;
56,28388162;15,65681169;5,559626235;;;;;;;;;;;;;;;;;;;;;;;;
56,40842027;15,66320783;5,408578987;;;;;;;;;;;;;;;;;;;;;;;;
56,52920754;15,66958986;5,257268166;;;;;;;;;;;;;;;;;;;;;;;;
56,64626292;15,67595825;5,105746726;;;;;;;;;;;;;;;;;;;;;;;;
56,75960621;15,68231348;4,954069352;;;;;;;;;;;;;;;;;;;;;;;;
56,86925763;15,68865602;4,802292583;;;;;;;;;;;;;;;;;;;;;;;;
56,97523783;15,69498633;4,650474962;;;;;;;;;;;;;;;;;;;;;;;;
57,077568;15,70130486;4,498677191;;;;;;;;;;;;;;;;;;;;;;;;
57,17626988;15,70761207;4,346962307;;;;;;;;;;;;;;;;;;;;;;;;
57,27136585;15,71390839;4,195395871;;;;;;;;;;;;;;;;;;;;;;;;
57,36287902;15,72019425;4,044046184;;;;;;;;;;;;;;;;;;;;;;;;
57,45083325;15,72647009;3,892984517;;;;;;;;;;;;;;;;;;;;;;;;
57,53525329;15,73273631;3,742285376;;;;;;;;;;;;;;;;;;;;;;;;
57,61616484;15,73899335;3,592026779;;;;;;;;;;;;;;;;;;;;;;;;
57,69359465;15,74524159;3,442290575;;;;;;;;;;;;;;;;;;;;;;;;
57,76757061;15,75148145;3,293162791;;;;;;;;;;;;;;;;;;;;;;;;
57,83812188;15,75771332;3,144734011;;;;;;;;;;;;;;;;;;;;;;;;
57,90527899;15,76393759;2,997099797;;;;;;;;;;;;;;;;;;;;;;;;
57,96907401;15,77015464;2,850361149;;;;;;;;;;;;;;;;;;;;;;;;
58,02954063;15,77636485;2,704625008;;;;;;;;;;;;;;;;;;;;;;;;
58,08671437;15,78256859;2,560004801;;;;;;;;;;;;;;;;;;;;;;;;
58,14063274;15,78876622;2,416621044;;;;;;;;;;;;;;;;;;;;;;;;
58,19133539;15,7949581;2,274601974;;;;;;;;;;;;;;;;;;;;;;;;
58,25789404;15,80114459;2,988531179;;;;;;;;;;;;;;;;;;;;;;;;
58,33716263;15,80732401;3,563288156;;;;;;;;;;;;;;;;;;;;;;;;
58,42708254;15,81349503;4,047586688;;;;;;;;;;;;;;;;;;;;;;;;
58,5261839;15,81965656;4,467749532;;;;;;;;;;;;;;;;;;;;;;;;
58,63335017;15,82580765;4,839531515;;;;;;;;;;;;;;;;;;;;;;;;
58,74769708;15,8319475;5,173257809;;;;;;;;;;;;;;;;;;;;;;;;
58,86850297;15,8380754;5,476132609;;;;;;;;;;;;;;;;;;;;;;;;
58,99516545;15,84419073;5,753418898;;;;;;;;;;;;;;;;;;;;;;;;
59,12717275;15,85029292;6,009099197;;;;;;;;;;;;;;;;;;;;;;;;
59,26408389;15,85638149;6,246272065;;;;;;;;;;;;;;;;;;;;;;;;
59,40551449;15,862456;6,467403223;;;;;;;;;;;;;;;;;;;;;;;;
59,55112624;15,86851604;6,674491676;;;;;;;;;;;;;;;;;;;;;;;;
59,700619;15,87456127;6,869183602;;;;;;;;;;;;;;;;;;;;;;;;
59,85372457;15,88059136;7,052852804;;;;;;;;;;;;;;;;;;;;;;;;
60,01020188;15,88660602;7,226659023;;;;;;;;;;;;;;;;;;;;;;;;
60,16983311;15,892605;7,391591124;;;;;;;;;;;;;;;;;;;;;;;;
60,33242049;15,89858806;7,548499719;;;;;;;;;;;;;;;;;;;;;;;;
60,49778376;15,904555;7,698122202;;;;;;;;;;;;;;;;;;;;;;;;
60,66575799;15,91050564;7,841102272;;;;;;;;;;;;;;;;;;;;;;;;
60,83619177;15,91643979;7,97800534;;;;;;;;;;;;;;;;;;;;;;;;
61,00894573;15,92235732;8,109330853;;;;;;;;;;;;;;;;;;;;;;;;
61,18389117;15,92825809;8,235522236;;;;;;;;;;;;;;;;;;;;;;;;
61,360909;15,934142;8,35697501;;;;;;;;;;;;;;;;;;;;;;;;
61,53988875;15,94000892;8,474043467;;;;;;;;;;;;;;;;;;;;;;;;
61,72072775;15,94585879;8,587046209;;;;;;;;;;;;;;;;;;;;;;;;
61,90333038;15,95169151;8,696270775;;;;;;;;;;;;;;;;;;;;;;;;
62,08760742;15,95750703;8,801977535;;;;;;;;;;;;;;;;;;;;;;;;
62,2703322;15,96330529;8,753815208;;;;;;;;;;;;;;;;;;;;;;;;
62,45303725;15,96908653;8,778629529;;;;;;;;;;;;;;;;;;;;;;;;
62,63572148;15,97485087;8,803383529;;;;;;;;;;;;;;;;;;;;;;;;
62,81838391;15,98059839;8,828080894;;;;;;;;;;;;;;;;;;;;;;;;
63,00102362;15,98632919;8,852725173;;;;;;;;;;;;;;;;;;;;;;;;
63,18359474;15,99204338;8,875128842;;;;;;;;;;;;;;;;;;;;;;;;
63,36492791;15,99774107;8,84049504;;;;;;;;;;;;;;;;;;;;;;;;
63,54503806;16,00342244;8,806070241;;;;;;;;;;;;;;;;;;;;;;;;
63,72393984;16,00908772;8,771852136;;;;;;;;;;;;;;;;;;;;;;;;
63,9016476;16,01473708;8,737838458;;;;;;;;;;;;;;;;;;;;;;;;
64,07817543;16,02037074;8,704026982;;;;;;;;;;;;;;;;;;;;;;;;
64,25353714;16,02598888;8,670415524;;;;;;;;;;;;;;;;;;;;;;;;
64,4277463;16,03159168;8,637001939;;;;;;;;;;;;;;;;;;;;;;;;
64,60081621;16,03717934;8,603784121;;;;;;;;;;;;;;;;;;;;;;;;
64,77275993;16,04275202;8,570760002;;;;;;;;;;;;;;;;;;;;;;;;
64,94359029;16,04830991;8,537927548;;;;;;;;;;;;;;;;;;;;;;;;
65,11331989;16,05385319;8,505284765;;;;;;;;;;;;;;;;;;;;;;;;
65,28196107;16,05938201;8,472829691;;;;;;;;;;;;;;;;;;;;;;;;
65,44952598;16,06489655;8,440560398;;;;;;;;;;;;;;;;;;;;;;;;
65,61602656;16,07039697;8,408474991;;;;;;;;;;;;;;;;;;;;;;;;
65,7814745;16,07588344;8,376571609;;;;;;;;;;;;;;;;;;;;;;;;
65,94588133;16,0813561;8,34484842;;;;;;;;;;;;;;;;;;;;;;;;
66,10925835;16,08681512;8,313303625;;;;;;;;;;;;;;;;;;;;;;;;
66,27161667;16,09226065;8,281935455;;;;;;;;;;;;;;;;;;;;;;;;
66,43296722;16,09769284;8,250742167;;;;;;;;;;;;;;;;;;;;;;;;
66,59332074;16,10311184;8,21972205;;;;;;;;;;;;;;;;;;;;;;;;
66,75268777;16,10851779;8,188873421;;;;;;;;;;;;;;;;;;;;;;;;
66,9110787;16,11391083;8,158194621;;;;;;;;;;;;;;;;;;;;;;;;
67,06850373;16,1192911;8,127684021;;;;;;;;;;;;;;;;;;;;;;;;
67,22497289;16,12465875;8,097340016;;;;;;;;;;;;;;;;;;;;;;;;
67,38049606;16,1300139;8,067161028;;;;;;;;;;;;;;;;;;;;;;;;
67,53508294;16,1353567;8,037145502;;;;;;;;;;;;;;;;;;;;;;;;
67,68874308;16,14068726;8,007291909;;;;;;;;;;;;;;;;;;;;;;;;
67,84148588;16,14600572;7,977598742;;;;;;;;;;;;;;;;;;;;;;;;
67,99332057;16,15131221;7,948064519;;;;;;;;;;;;;;;;;;;;;;;;
68,14175615;16,15660685;7,787521375;;;;;;;;;;;;;;;;;;;;;;;;
68,28500084;16,16188995;7,531593167;;;;;;;;;;;;;;;;;;;;;;;;
68,42290593;16,16716197;7,266087281;;;;;;;;;;;;;;;;;;;;;;;;
68,5553104;16,17242337;6,990353625;;;;;;;;;;;;;;;;;;;;;;;;
68,6820391;16,1776746;6,703646172;;;;;;;;;;;;;;;;;;;;;;;;
68,80290054;16,18291615;6,405100397;;;;;;;;;;;;;;;;;;;;;;;;
68,91768406;16,18814848;6,09370334;;;;;;;;;;;;;;;;;;;;;;;;
69,02615631;16,19337211;5,768253108;;;;;;;;;;;;;;;;;;;;;;;;
69,12805659;16,19858752;5,427302878;;;;;;;;;;;;;;;;;;;;;;;;
69,22309079;16,20379525;5,069081451;;;;;;;;;;;;;;;;;;;;;;;;
69,31092311;16,20899582;4,691377098;;;;;;;;;;;;;;;;;;;;;;;;
69,39116449;16,21418981;4,291361554;;;;;;;;;;;;;;;;;;;;;;;;
69,46335587;16,21937779;3,865311425;;;;;;;;;;;;;;;;;;;;;;;;
69,52694268;16,22456038;3,408142833;;;;;;;;;;;;;;;;;;;;;;;;
69,58123389;16,22973823;2,912578585;;;;;;;;;;;;;;;;;;;;;;;;
69,52768979;16,23492399;-5,722271878;;;;;;;;;;;;;;;;;;;;;;;;
69,42086219;16,24011715;-5,293107529;;;;;;;;;;;;;;;;;;;;;;;;
69,32190548;16,24531701;-4,766023003;;;;;;;;;;;;;;;;;;;;;;;;
69,232688;16,25052257;-4,05033347;;;;;;;;;;;;;;;;;;;;;;;;
69,15678464;16,25573103;-2,046932044;;;;;;;;;;;;;;;;;;;;;;;;
69,11840378;16,26093948;0;;;;;;;;;;;;;;;;;;;;;;;;
69,08002292;16,26614793;-2,046932044;;;;;;;;;;;;;;;;;;;;;;;;
69,06534074;16,27135928;-0,782596626;;;;;;;;;;;;;;;;;;;;;;;;
69,05512977;16,27657174;-0,544154282;;;;;;;;;;;;;;;;;;;;;;;;
69,04836433;16,28178496;-0,360485283;;;;;;;;;;;;;;;;;;;;;;;;
69,0444144;16,2869987;-0,210444164;;;;;;;;;;;;;;;;;;;;;;;;
69,04284436;16,29221273;-0,083644068;;;;;;;;;;;;;;;;;;;;;;;;
69,0433311;16,29742689;0,025930314;;;;;;;;;;;;;;;;;;;;;;;;
69,04562359;16,302641;0,122130633;;;;;;;;;;;;;;;;;;;;;;;;
69,04952024;16,30785495;0,207597456;;;;;;;;;;;;;;;;;;;;;;;;
69,05485505;16,3130686;0,284233252;;;;;;;;;;;;;;;;;;;;;;;;
69,0614887;16,31828184;0,35346152;;;;;;;;;;;;;;;;;;;;;;;;
69,06930244;16,32349459;0,416379572;;;;;;;;;;;;;;;;;;;;;;;;
69,07819372;16,32870675;0,473853884;;;;;;;;;;;;;;;;;;;;;;;;
69,08807311;16,33391823;0,526582375;;;;;;;;;;;;;;;;;;;;;;;;
69,09886191;16,33912897;0,575136644;;;;;;;;;;;;;;;;;;;;;;;;
69,1104903;16,3443389;0,619991517;;;;;;;;;;;;;;;;;;;;;;;;
69,122896;16,34954795;0,661546276;;;;;;;;;;;;;;;;;;;;;;;;
69,13602308;16,35475606;0,700140256;;;;;;;;;;;;;;;;;;;;;;;;
69,1498211;16,35996319;0,736064548;;;;;;;;;;;;;;;;;;;;;;;;
69,16424433;16,36516928;0,769570916;;;;;;;;;;;;;;;;;;;;;;;;
69,1792512;16,37037428;0,800878712;;;;;;;;;;;;;;;;;;;;;;;;
69,19480375;16,37557815;0,830180306;;;;;;;;;;;;;;;;;;;;;;;;
69,21086721;16,38078085;0,8576454;;;;;;;;;;;;;;;;;;;;;;;;
69,22740968;16,38598235;0,883424498;;;;;;;;;;;;;;;;;;;;;;;;
69,24440174;16,3911826;0,907651728;;;;;;;;;;;;;;;;;;;;;;;;
69,26181628;16,39638158;0,930447146;;;;;;;;;;;;;;;;;;;;;;;;
69,27962821;16,40157925;0,951918651;;;;;;;;;;;;;;;;;;;;;;;;
69,29781428;16,40677558;0,972163572;;;;;;;;;;;;;;;;;;;;;;;;
69,3163529;16,41197055;0,991270002;;;;;;;;;;;;;;;;;;;;;;;;
69,335224;16,41716413;1,009317926;;;;;;;;;;;;;;;;;;;;;;;;
69,35440889;16,42235629;1,026380176;;;;;;;;;;;;;;;;;;;;;;;;
69,38482116;16,42754702;1,627488318;;;;;;;;;;;;;;;;;;;;;;;;
69,42417841;16,43273548;2,107095428;;;;;;;;;;;;;;;;;;;;;;;;
69,4711432;16,43792099;2,515811449;;;;;;;;;;;;;;;;;;;;;;;;
69,52475818;16,443103;2,873992345;;;;;;;;;;;;;;;;;;;;;;;;
69,58429442;16,44828101;3,193860366;;;;;;;;;;;;;;;;;;;;;;;;
69,64917315;16,45345459;3,483441521;;;;;;;;;;;;;;;;;;;;;;;;
69,71892062;16,45862336;3,748344312;;;;;;;;;;;;;;;;;;;;;;;;
69,79314011;16,46378695;3,992671653;;;;;;;;;;;;;;;;;;;;;;;;
69,87149329;16,46894505;4,2195326;;;;;;;;;;;;;;;;;;;;;;;;
69,95368746;16,47409736;4,431349814;;;;;;;;;;;;;;;;;;;;;;;;
70,03946636;16,47924362;4,630054415;;;;;;;;;;;;;;;;;;;;;;;;
70,1286034;16,48438358;4,817214934;;;;;;;;;;;;;;;;;;;;;;;;
70,22089651;16,48951701;4,994125722;;;;;;;;;;;;;;;;;;;;;;;;
70,3161642;16,49464369;5,161869416;;;;;;;;;;;;;;;;;;;;;;;;
70,41424244;16,49976342;5,321362195;;;;;;;;;;;;;;;;;;;;;;;;
70,51498214;16,50487602;5,473387303;;;;;;;;;;;;;;;;;;;;;;;;
70,61824717;16,50998132;5,618620361;;;;;;;;;;;;;;;;;;;;;;;;
70,72391268;16,51507915;5,757648794;;;;;;;;;;;;;;;;;;;;;;;;
70,83186371;16,52016937;5,890986975;;;;;;;;;;;;;;;;;;;;;;;;
70,94199406;16,52525183;6,019088181;;;;;;;;;;;;;;;;;;;;;;;;
71,05420533;16,5303264;6,142354146;;;;;;;;;;;;;;;;;;;;;;;;
71,16840604;16,53539295;6,26114278;;;;;;;;;;;;;;;;;;;;;;;;
71,28451099;16,54045138;6,375774465;;;;;;;;;;;;;;;;;;;;;;;;
71,40244056;16,54550156;6,486537236;;;;;;;;;;;;;;;;;;;;;;;;
71,52212028;16,55054341;6,593691082;;;;;;;;;;;;;;;;;;;;;;;;
71,64348026;16,55557681;6,697471534;;;;;;;;;;;;;;;;;;;;;;;;
71,76645486;16,5606017;6,7980927;;;;;;;;;;;;;;;;;;;;;;;;
71,89098228;16,56561797;6,895749815;;;;;;;;;;;;;;;;;;;;;;;;
72,01700428;16,57062555;6,990621437;;;;;;;;;;;;;;;;;;;;;;;;
72,14446586;16,57562437;7,082871309;;;;;;;;;;;;;;;;;;;;;;;;
72,27245867;16,58061436;7,1249788;;;;;;;;;;;;;;;;;;;;;;;;
72,39879408;16,58559551;7,045193414;;;;;;;;;;;;;;;;;;;;;;;;
72,52348162;16,59056796;6,965453407;;;;;;;;;;;;;;;;;;;;;;;;
72,64653084;16,59553187;6,885770409;;;;;;;;;;;;;;;;;;;;;;;;
72,76795135;16,60048738;6,806156094;;;;;;;;;;;;;;;;;;;;;;;;
72,88775275;16,60543461;6,726622186;;;;;;;;;;;;;;;;;;;;;;;;
73,0059447;16,61037371;6,647180449;;;;;;;;;;;;;;;;;;;;;;;;
73,12253691;16,61530482;6,567842697;;;;;;;;;;;;;;;;;;;;;;;;
73,2375391;16,62022806;6,488620782;;;;;;;;;;;;;;;;;;;;;;;;
73,35096108;16,62514357;6,409526604;;;;;;;;;;;;;;;;;;;;;;;;
73,46281267;16,63005148;6,330572104;;;;;;;;;;;;;;;;;;;;;;;;
73,57310375;16,63495192;6,251769263;;;;;;;;;;;;;;;;;;;;;;;;
73,68184426;16,63984501;6,173130104;;;;;;;;;;;;;;;;;;;;;;;;
73,78904418;16,64473088;6,094666689;;;;;;;;;;;;;;;;;;;;;;;;
73,89471356;16,64960966;6,01639112;;;;;;;;;;;;;;;;;;;;;;;;
73,99886252;16,65448145;5,938315533;;;;;;;;;;;;;;;;;;;;;;;;
74,1015012;16,65934639;5,860452103;;;;;;;;;;;;;;;;;;;;;;;;
74,20263985;16,66420459;5,782813037;;;;;;;;;;;;;;;;;;;;;;;;
74,30228876;16,66905617;5,705410574;;;;;;;;;;;;;;;;;;;;;;;;
74,40045829;16,67390125;5,628256986;;;;;;;;;;;;;;;;;;;;;;;;
74,49715889;16,67873993;5,551364572;;;;;;;;;;;;;;;;;;;;;;;;
74,59240105;16,68357233;5,474745656;;;;;;;;;;;;;;;;;;;;;;;;
74,68619536;16,68839855;5,39841259;;;;;;;;;;;;;;;;;;;;;;;;
74,77855247;16,69321872;5,322377745;;;;;;;;;;;;;;;;;;;;;;;;
74,86948313;16,69803294;5,24665351;;;;;;;;;;;;;;;;;;;;;;;;
74,95899814;16,7028413;5,171252292;;;;;;;;;;;;;;;;;;;;;;;;
75,04710842;16,70764393;5,096186511;;;;;;;;;;;;;;;;;;;;;;;;
75,13382493;16,71244092;5,021468594;;;;;;;;;;;;;;;;;;;;;;;;
75,21915874;16,71723237;4,947110976;;;;;;;;;;;;;;;;;;;;;;;;
75,30312101;16,72201838;4,873126093;;;;;;;;;;;;;;;;;;;;;;;;
75,38572298;16,72679906;4,799526378;;;;;;;;;;;;;;;;;;;;;;;;
75,46697598;16,7315745;4,726324259;;;;;;;;;;;;;;;;;;;;;;;;
75,54467921;16,7363448;4,524712397;;;;;;;;;;;;;;;;;;;;;;;;
75,61886611;16,74111019;4,324402812;;;;;;;;;;;;;;;;;;;;;;;;
75,68947733;16,74587091;4,120015737;;;;;;;;;;;;;;;;;;;;;;;;
75,75644909;16,75062718;3,911309708;;;;;;;;;;;;;;;;;;;;;;;;
75,8197126;16,75537925;3,698008225;;;;;;;;;;;;;;;;;;;;;;;;
75,87919331;16,76012736;3,479792305;;;;;;;;;;;;;;;;;;;;;;;;
75,93481005;16,76487174;3,256290866;;;;;;;;;;;;;;;;;;;;;;;;
75,98647384;16,76961265;3,027068174;;;;;;;;;;;;;;;;;;;;;;;;
76,03408656;16,77435034;2,791607115;;;;;;;;;;;;;;;;;;;;;;;;
76,07753912;16,77908505;2,549286518;;;;;;;;;;;;;;;;;;;;;;;;
76,11670912;16,78381707;2,299349686;;;;;;;;;;;;;;;;;;;;;;;;
76,15145778;16,78854665;2,040859604;;;;;;;;;;;;;;;;;;;;;;;;
76,18162572;16,79327407;1,772633194;;;;;;;;;;;;;;;;;;;;;;;;
76,20702701;16,79799962;1,493141277;;;;;;;;;;;;;;;;;;;;;;;;
76,22744052;16,80272359;1,200349471;;;;;;;;;;;;;;;;;;;;;;;;
76,19603278;16,80745407;-5,506652211;;;;;;;;;;;;;;;;;;;;;;;;
76,10225605;16,81219031;-5,428454294;;;;;;;;;;;;;;;;;;;;;;;;
76,00969843;16,81693224;-5,345167906;;;;;;;;;;;;;;;;;;;;;;;;
75,91845134;16,82167979;-5,256066748;;;;;;;;;;;;;;;;;;;;;;;;
75,828619;16,82643287;-5,160252887;;;;;;;;;;;;;;;;;;;;;;;;
75,74032141;16,83119139;-5,05659485;;;;;;;;;;;;;;;;;;;;;;;;
75,65369845;16,83595526;-4,943633772;;;;;;;;;;;;;;;;;;;;;;;;
75,56891558;16,84072434;-4,819434784;;;;;;;;;;;;;;;;;;;;;;;;
75,48617212;16,84549852;-4,68133874;;;;;;;;;;;;;;;;;;;;;;;;
75,40571383;16,85027762;-4,525517923;;;;;;;;;;;;;;;;;;;;;;;;
75,32785323;16,85506149;-4,346105222;;;;;;;;;;;;;;;;;;;;;;;;
75,25300503;16,85984988;-4,133254845;;;;;;;;;;;;;;;;;;;;;;;;
75,18175505;16,86464253;-3,867892567;;;;;;;;;;;;;;;;;;;;;;;;
75,11502021;16,86943904;-3,501489235;;;;;;;;;;;;;;;;;;;;;;;;
75,05455846;16,87423818;-2,379578817;;;;;;;;;;;;;;;;;;;;;;;;
75,01344671;16,87903732;0;;;;;;;;;;;;;;;;;;;;;;;;
74,97233497;16,88383646;-2,379578171;;;;;;;;;;;;;;;;;;;;;;;;
74,94273642;16,88863823;-1,712247277;;;;;;;;;;;;;;;;;;;;;;;;
74,91349791;16,8934419;-1,690751324;;;;;;;;;;;;;;;;;;;;;;;;
74,88454054;16,89824744;-1,673841016;;;;;;;;;;;;;;;;;;;;;;;;
74,85580563;16,90305484;-1,660339945;;;;;;;;;;;;;;;;;;;;;;;;
74,82724853;16,90786409;-1,649432847;;;;;;;;;;;;;;;;;;;;;;;;
74,79883467;16,91267517;-1,640533093;;;;;;;;;;;;;;;;;;;;;;;;
74,77053696;16,91748808;-1,63320653;;;;;;;;;;;;;;;;;;;;;;;;
74,74233396;16,92230281;-1,627124873;;;;;;;;;;;;;;;;;;;;;;;;
74,71420855;16,92711936;-1,622035719;;;;;;;;;;;;;;;;;;;;;;;;
74,68614703;16,93193772;-1,617742453;;;;;;;;;;;;;;;;;;;;;;;;
74,65813834;16,93675789;-1,614090326;;;;;;;;;;;;;;;;;;;;;;;;
74,63017355;16,94157987;-1,610956541;;;;;;;;;;;;;;;;;;;;;;;;
74,60224539;16,94640366;-1,608243012;;;;;;;;;;;;;;;;;;;;;;;;
74,57434799;16,95122925;-1,605870985;;;;;;;;;;;;;;;;;;;;;;;;
74,54647655;16,95605665;-1,60377696;;;;;;;;;;;;;;;;;;;;;;;;
74,51862714;16,96088585;-1,601909567;;;;;;;;;;;;;;;;;;;;;;;;
74,49079659;16,96571685;-1,60022714;;;;;;;;;;;;;;;;;;;;;;;;
74,46298229;16,97054967;-1,598695811;;;;;;;;;;;;;;;;;;;;;;;;
74,4351821;16,97538428;-1,597288005;;;;;;;;;;;;;;;;;;;;;;;;
74,40739427;16,98022071;-1,595981243;;;;;;;;;;;;;;;;;;;;;;;;
74,37961739;16,98505893;-1,594757182;;;;;;;;;;;;;;;;;;;;;;;;
74,35185029;16,98989897;-1,593600841;;;;;;;;;;;;;;;;;;;;;;;;
74,324092;16,99474081;-1,59249998;;;;;;;;;;;;;;;;;;;;;;;;
74,29634175;16,99958447;-1,591444592;;;;;;;;;;;;;;;;;;;;;;;;
74,26859889;17,00442993;-1,590426497;;;;;;;;;;;;;;;;;;;;;;;;
74,2408629;17,0092772;-1,589439005;;;;;;;;;;;;;;;;;;;;;;;;
74,21313335;17,01412628;-1,588476643;;;;;;;;;;;;;;;;;;;;;;;;
74,18540989;17,01897717;-1,587534938;;;;;;;;;;;;;;;;;;;;;;;;
74,15769222;17,02382988;-1,58661023;;;;;;;;;;;;;;;;;;;;;;;;
74,1299801;17,0286844;-1,585699528;;;;;;;;;;;;;;;;;;;;;;;;
74,10227334;17,03354073;-1,584800384;;;;;;;;;;;;;;;;;;;;;;;;
74,07457179;17,03839888;-1,5839108;;;;;;;;;;;;;;;;;;;;;;;;
74,06435188;17,04325885;-0,584131791;;;;;;;;;;;;;;;;;;;;;;;;
74,06487441;17,04811949;0,029861379;;;;;;;;;;;;;;;;;;;;;;;;
74,07328093;17,05298009;0,480422708;;;;;;;;;;;;;;;;;;;;;;;;
74,08807742;17,05784014;0,845697986;;;;;;;;;;;;;;;;;;;;;;;;
74,10830497;17,06269923;1,156343038;;;;;;;;;;;;;;;;;;;;;;;;
74,1332811;17,06755698;1,428193167;;;;;;;;;;;;;;;;;;;;;;;;
74,16248834;17,0724131;1,670700968;;;;;;;;;;;;;;;;;;;;;;;;
74,19551718;17,07726731;1,890047126;;;;;;;;;;;;;;;;;;;;;;;;
74,23203333;17,08211935;2,09053622;;;;;;;;;;;;;;;;;;;;;;;;
74,27175742;17,08696901;2,275308764;;;;;;;;;;;;;;;;;;;;;;;;
74,31445164;17,09181607;2,446739247;;;;;;;;;;;;;;;;;;;;;;;;
74,35991049;17,09666035;2,606674505;;;;;;;;;;;;;;;;;;;;;;;;
74,4079543;17,10150167;2,75658439;;;;;;;;;;;;;;;;;;;;;;;;
74,4584243;17,10633986;2,897661233;;;;;;;;;;;;;;;;;;;;;;;;
74,51117898;17,11117478;3,030887902;;;;;;;;;;;;;;;;;;;;;;;;
74,56609132;17,11600627;3,15708579;;;;;;;;;;;;;;;;;;;;;;;;
74,62304652;17,1208342;3,276949517;;;;;;;;;;;;;;;;;;;;;;;;
74,68194026;17,12565845;3,391072606;;;;;;;;;;;;;;;;;;;;;;;;
74,74267726;17,13047889;3,499966829;;;;;;;;;;;;;;;;;;;;;;;;
74,80517012;17,13529541;3,604077042;;;;;;;;;;;;;;;;;;;;;;;;
74,86933835;17,14010791;3,703792728;;;;;;;;;;;;;;;;;;;;;;;;
74,93510755;17,14491629;3,799457103;;;;;;;;;;;;;;;;;;;;;;;;
75,00240873;17,14972045;3,891374384;;;;;;;;;;;;;;;;;;;;;;;;
75,07117774;17,15452029;3,979815654;;;;;;;;;;;;;;;;;;;;;;;;
75,14135474;17,15931574;4,065023639;;;;;;;;;;;;;;;;;;;;;;;;
75,21288383;17,16410671;4,147216635;;;;;;;;;;;;;;;;;;;;;;;;
75,28571262;17,16889313;4,226591772;;;;;;;;;;;;;;;;;;;;;;;;
75,35979192;17,17367491;4,303327725;;;;;;;;;;;;;;;;;;;;;;;;
75,43507547;17,17845199;4,37758701;;;;;;;;;;;;;;;;;;;;;;;;
75,51151969;17,18322431;4,449517916;;;;;;;;;;;;;;;;;;;;;;;;
75,58908343;17,18799179;4,519256156;;;;;;;;;;;;;;;;;;;;;;;;
75,6677278;17,19275439;4,586926279;;;;;;;;;;;;;;;;;;;;;;;;
75,74344026;17,19751203;4,420516726;;;;;;;;;;;;;;;;;;;;;;;;
75,81645637;17,20226492;4,267354011;;;;;;;;;;;;;;;;;;;;;;;;
75,88675658;17,20701323;4,1125876;;;;;;;;;;;;;;;;;;;;;;;;
75,95432043;17,21175714;3,956173498;;;;;;;;;;;;;;;;;;;;;;;;
76,01912635;17,21649683;3,798062958;;;;;;;;;;;;;;;;;;;;;;;;
76,08115165;17,22123248;3,63820182;;;;;;;;;;;;;;;;;;;;;;;;
76,1403724;17,22596427;3,476529739;;;;;;;;;;;;;;;;;;;;;;;;
76,19676326;17,23069238;3,312979258;;;;;;;;;;;;;;;;;;;;;;;;
76,25029739;17,23541699;3,147474711;;;;;;;;;;;;;;;;;;;;;;;;
76,30094624;17,24013828;2,979930899;;;;;;;;;;;;;;;;;;;;;;;;
76,34867941;17,24485644;2,810251481;;;;;;;;;;;;;;;;;;;;;;;;
76,39346436;17,24957165;2,638327022;;;;;;;;;;;;;;;;;;;;;;;;
76,43526619;17,25428409;2,464032573;;;;;;;;;;;;;;;;;;;;;;;;
76,47404728;17,25899396;2,287224658;;;;;;;;;;;;;;;;;;;;;;;;
76,50976695;17,26370144;2,107737486;;;;;;;;;;;;;;;;;;;;;;;;
76,54238096;17,26840672;1,925378114;;;;;;;;;;;;;;;;;;;;;;;;
76,57184093;17,27311;1,739920199;;;;;;;;;;;;;;;;;;;;;;;;
76,59809367;17,27781147;1,551095791;;;;;;;;;;;;;;;;;;;;;;;;
76,62108021;17,28251132;1,358584376;;;;;;;;;;;;;;;;;;;;;;;;
76,64073471;17,28720977;1,161997942;;;;;;;;;;;;;;;;;;;;;;;;
76,65698292;17,29190701;0,960860164;;;;;;;;;;;;;;;;;;;;;;;;
76,66974016;17,29660325;0,754576617;;;;;;;;;;;;;;;;;;;;;;;;
76,67890855;17,30129872;0,542390785;;;;;;;;;;;;;;;;;;;;;;;;
76,68437314;17,30599362;0,323316635;;;;;;;;;;;;;;;;;;;;;;;;
76,6859961;17,31068819;0,09603047;;;;;;;;;;;;;;;;;;;;;;;;
76,6836079;17,31538266;-0,141312662;;;;;;;;;;;;;;;;;;;;;;;;
76,67699276;17,32007727;-0,391414173;;;;;;;;;;;;;;;;;;;;;;;;
76,66586263;17,32477229;-0,658506671;;;;;;;;;;;;;;;;;;;;;;;;
76,64980479;17,32946799;-0,949914055;;;;;;;;;;;;;;;;;;;;;;;;
76,62815348;17,33416468;-1,280531086;;;;;;;;;;;;;;;;;;;;;;;;
76,59346028;17,33886482;0;;;;;;;;;;;;;;;;;;;;;;;;
76,55160979;17,34356496;-2,473359689;;;;;;;;;;;;;;;;;;;;;;;;
76,58071748;17,34826767;1,719321551;;;;;;;;;;;;;;;;;;;;;;;;
76,63649592;17,35296859;3,295951352;;;;;;;;;;;;;;;;;;;;;;;;
76,71162292;17,35766609;4,442492515;;;;;;;;;;;;;;;;;;;;;;;;
76,80223345;17,36235899;5,363333697;;;;;;;;;;;;;;;;;;;;;;;;
76,90582405;17,36704636;6,138880769;;;;;;;;;;;;;;;;;;;;;;;;
77,0130164;17,37172741;6,360891912;;;;;;;;;;;;;;;;;;;;;;;;
77,11972873;17,37640194;6,341233301;;;;;;;;;;;;;;;;;;;;;;;;
77,22596436;17,38107001;6,321653787;;;;;;;;;;;;;;;;;;;;;;;;
77,33172659;17,38573165;6,30215288;;;;;;;;;;;;;;;;;;;;;;;;
77,43701867;17,39038692;6,282730094;;;;;;;;;;;;;;;;;;;;;;;;
77,54184382;17,39503586;6,263384949;;;;;;;;;;;;;;;;;;;;;;;;
77,64620522;17,39967851;6,24411697;;;;;;;;;;;;;;;;;;;;;;;;
77,75010603;17,40431493;6,224925685;;;;;;;;;;;;;;;;;;;;;;;;
77,85354937;17,40894515;6,205810628;;;;;;;;;;;;;;;;;;;;;;;;
77,95653832;17,41356921;6,186771337;;;;;;;;;;;;;;;;;;;;;;;;
78,05907595;17,41818717;6,167807354;;;;;;;;;;;;;;;;;;;;;;;;
78,16116527;17,42279906;6,148918226;;;;;;;;;;;;;;;;;;;;;;;;
78,26280928;17,42740493;6,130103505;;;;;;;;;;;;;;;;;;;;;;;;
78,36401094;17,43200482;6,111362747;;;;;;;;;;;;;;;;;;;;;;;;
78,46477318;17,43659876;6,09269551;;;;;;;;;;;;;;;;;;;;;;;;
78,5650989;17,44118681;6,074101359;;;;;;;;;;;;;;;;;;;;;;;;
78,66499099;17,445769;6,055579862;;;;;;;;;;;;;;;;;;;;;;;;
78,43419057;17,45037675;-18,39078919;;;;;;;;;;;;;;;;;;;;;;;;
78,12912556;17,45500284;-18,5875411;;;;;;;;;;;;;;;;;;;;;;;;
77,81957035;17,45964766;-18,76835447;;;;;;;;;;;;;;;;;;;;;;;;
77,50573826;17,4643116;-18,93439609;;;;;;;;;;;;;;;;;;;;;;;;
77,18782573;17,46899508;-19,08671609;;;;;;;;;;;;;;;;;;;;;;;;
76,86601401;17,47369847;-19,22626378;;;;;;;;;;;;;;;;;;;;;;;;
76,54047071;17,47842218;-19,3539006;;;;;;;;;;;;;;;;;;;;;;;;
76,21135103;17,48316659;-19,47041106;;;;;;;;;;;;;;;;;;;;;;;;
75,87879894;17,48793209;-19,57651195;;;;;;;;;;;;;;;;;;;;;;;;
75,54294815;17,49271891;-19,52313749;;;;;;;;;;;;;;;;;;;;;;;;
75,20651471;17,49752731;-19,50550946;;;;;;;;;;;;;;;;;;;;;;;;
74,86886916;17,50235758;-19,48736228;;;;;;;;;;;;;;;;;;;;;;;;
74,53000401;17,50720999;-19,46869805;;;;;;;;;;;;;;;;;;;;;;;;
74,1899115;17,51208483;-19,44951891;;;;;;;;;;;;;;;;;;;;;;;;
73,84858368;17,51698239;-19,42982697;;;;;;;;;;;;;;;;;;;;;;;;
73,5060123;17,52190297;-19,40962437;;;;;;;;;;;;;;;;;;;;;;;;
73,16218889;17,52684686;-19,38891324;;;;;;;;;;;;;;;;;;;;;;;;
72,8171047;17,53181438;-19,36769569;;;;;;;;;;;;;;;;;;;;;;;;
72,47075071;17,53680585;-19,34597387;;;;;;;;;;;;;;;;;;;;;;;;
72,12311763;17,54182158;-19,3237499;;;;;;;;;;;;;;;;;;;;;;;;
71,77419585;17,5468619;-19,30102593;;;;;;;;;;;;;;;;;;;;;;;;
71,4239755;17,55192716;-19,2778041;;;;;;;;;;;;;;;;;;;;;;;;
71,07244639;17,55701768;-19,25408654;;;;;;;;;;;;;;;;;;;;;;;;
70,719598;17,56213383;-19,22987539;;;;;;;;;;;;;;;;;;;;;;;;
70,3654195;17,56727596;-19,20517281;;;;;;;;;;;;;;;;;;;;;;;;
70,00989972;17,57244444;-19,17998094;;;;;;;;;;;;;;;;;;;;;;;;
69,65302715;17,57763963;-19,15430194;;;;;;;;;;;;;;;;;;;;;;;;
69,29478989;17,58286193;-19,12813794;;;;;;;;;;;;;;;;;;;;;;;;
68,93517571;17,58811172;-19,10149112;;;;;;;;;;;;;;;;;;;;;;;;
68,57417197;17,5933894;-19,07436363;;;;;;;;;;;;;;;;;;;;;;;;
68,21176565;17,59869539;-19,04675762;;;;;;;;;;;;;;;;;;;;;;;;
67,8479433;17,60403009;-19,01867527;;;;;;;;;;;;;;;;;;;;;;;;
67,48269108;17,60939393;-18,99011873;;;;;;;;;;;;;;;;;;;;;;;;
67,11599467;17,61478737;-18,96109017;;;;;;;;;;;;;;;;;;;;;;;;
66,74783934;17,62021083;-18,93159177;;;;;;;;;;;;;;;;;;;;;;;;
66,37820987;17,62566479;-18,90162569;;;;;;;;;;;;;;;;;;;;;;;;
66,00709054;17,63114972;-18,87119411;;;;;;;;;;;;;;;;;;;;;;;;
65,63446516;17,63666609;-18,84029921;;;;;;;;;;;;;;;;;;;;;;;;
65,260317;17,6422144;-18,80894317;;;;;;;;;;;;;;;;;;;;;;;;
64,88462878;17,64779515;-18,77712816;;;;;;;;;;;;;;;;;;;;;;;;
64,50738269;17,65341056;-19,69212807;;;;;;;;;;;;;;;;;;;;;;;;
64,10929693;17,65906103;-19,55474971;;;;;;;;;;;;;;;;;;;;;;;;
63,71152027;17,66474697;-19,41483362;;;;;;;;;;;;;;;;;;;;;;;;
63,31411085;17,67046878;-19,27206585;;;;;;;;;;;;;;;;;;;;;;;;
62,91713477;17,67622688;-19,12608905;;;;;;;;;;;;;;;;;;;;;;;;
62,52066729;17,68202166;-18,97649486;;;;;;;;;;;;;;;;;;;;;;;;
62,12479415;17,68785355;-18,82281462;;;;;;;;;;;;;;;;;;;;;;;;
61,72961319;17,69372293;-18,66450793;;;;;;;;;;;;;;;;;;;;;;;;
61,33523626;17,69963021;-18,50094865;;;;;;;;;;;;;;;;;;;;;;;;
60,94179149;17,70557576;-18,3314074;;;;;;;;;;;;;;;;;;;;;;;;
60,54942602;17,71155997;-18,15502971;;;;;;;;;;;;;;;;;;;;;;;;
60,15830933;17,7175832;-17,97080838;;;;;;;;;;;;;;;;;;;;;;;;
59,76863728;17,72364578;-17,77754823;;;;;;;;;;;;;;;;;;;;;;;;
59,38063702;17,72974804;-17,57382061;;;;;;;;;;;;;;;;;;;;;;;;
58,99457318;17,73589026;-17,35790408;;;;;;;;;;;;;;;;;;;;;;;;
58,61075551;17,74207268;-17,12770603;;;;;;;;;;;;;;;;;;;;;;;;
58,22954858;17,74829553;-16,88065755;;;;;;;;;;;;;;;;;;;;;;;;
57,85138422;17,75455893;-16,61357007;;;;;;;;;;;;;;;;;;;;;;;;
57,4767775;17,76086295;-16,3224364;;;;;;;;;;;;;;;;;;;;;;;;
57,10634797;17,76720759;-16,00214827;;;;;;;;;;;;;;;;;;;;;;;;
56,7408479;17,7735927;-15,64608534;;;;;;;;;;;;;;;;;;;;;;;;
56,38120095;17,78001799;-15,2454989;;;;;;;;;;;;;;;;;;;;;;;;
56,02855638;17,786483;-14,78855373;;;;;;;;;;;;;;;;;;;;;;;;
55,68436703;17,79298701;-14,25876997;;;;;;;;;;;;;;;;;;;;;;;;
55,3505062;17,79952896;-13,63233997;;;;;;;;;;;;;;;;;;;;;;;;
55,02945062;17,80610735;-12,87314434;;;;;;;;;;;;;;;;;;;;;;;;
54,72458591;17,81272005;-11,92246529;;;;;;;;;;;;;;;;;;;;;;;;
54,44076338;17,81936389;-10,67413699;;;;;;;;;;;;;;;;;;;;;;;;
54,18546092;17,82603404;-8,896232547;;;;;;;;;;;;;;;;;;;;;;;;
53,97183994;17,83273323;-9,701421183;;;;;;;;;;;;;;;;;;;;;;;;
53,73787008;17,8394616;-9,624525873;;;;;;;;;;;;;;;;;;;;;;;;
53,50474336;17,84621931;-9,545923625;;;;;;;;;;;;;;;;;;;;;;;;
53,27251258;17,85300648;-9,465479746;;;;;;;;;;;;;;;;;;;;;;;;
53,04123475;17,85982324;-9,383046516;;;;;;;;;;;;;;;;;;;;;;;;
52,81097145;17,86666972;-9,298461507;;;;;;;;;;;;;;;;;;;;;;;;
52,58178933;17,87354602;-9,211545632;;;;;;;;;;;;;;;;;;;;;;;;
52,35376057;17,88045223;-9,122100857;;;;;;;;;;;;;;;;;;;;;;;;
52,1269635;17,88738845;-9,029907507;;;;;;;;;;;;;;;;;;;;;;;;
51,90148323;17,89435474;-8,934721079;;;;;;;;;;;;;;;;;;;;;;;;
51,67741244;17,90135117;-8,836268443;;;;;;;;;;;;;;;;;;;;;;;;
51,45485221;17,90837776;-8,734243284;;;;;;;;;;;;;;;;;;;;;;;;
51,23391302;17,91543455;-8,628300594;;;;;;;;;;;;;;;;;;;;;;;;
51,01471592;17,92252153;-8,518049965;;;;;;;;;;;;;;;;;;;;;;;;
50,79739389;17,92963867;-8,403047351;;;;;;;;;;;;;;;;;;;;;;;;
50,58209341;17,93678593;-8,282784833;;;;;;;;;;;;;;;;;;;;;;;;
50,36897633;17,94396322;-8,156677806;;;;;;;;;;;;;;;;;;;;;;;;
50,15822216;17,95117042;-8,024048712;;;;;;;;;;;;;;;;;;;;;;;;
49,95003075;17,95840738;-7,88410613;;;;;;;;;;;;;;;;;;;;;;;;
49,74462562;17,96567391;-7,73591751;;;;;;;;;;;;;;;;;;;;;;;;
49,54225799;17,97296974;-7,578373003;;;;;;;;;;;;;;;;;;;;;;;;
49,34321194;17,98029459;-7,410136578;;;;;;;;;;;;;;;;;;;;;;;;
49,14781083;17,98764806;-7,229578511;;;;;;;;;;;;;;;;;;;;;;;;
48,95642566;17,99502973;-7,034679743;;;;;;;;;;;;;;;;;;;;;;;;
48,76948613;18,00243904;-6,822892334;;;;;;;;;;;;;;;;;;;;;;;;
48,58749551;18,00987517;-6,545127553;;;;;;;;;;;;;;;;;;;;;;;;
48,41228201;18,01733816;-6,484909419;;;;;;;;;;;;;;;;;;;;;;;;
48,23805353;18,02482803;-6,42188723;;;;;;;;;;;;;;;;;;;;;;;;
48,06489669;18,0323448;-6,355770093;;;;;;;;;;;;;;;;;;;;;;;;
47,89290717;18,03988846;-6,2862264;;;;;;;;;;;;;;;;;;;;;;;;
47,722191;18,04745899;-6,212876001;;;;;;;;;;;;;;;;;;;;;;;;
47,55286604;18,05505632;-6,135280385;;;;;;;;;;;;;;;;;;;;;;;;
47,38506373;18,06268038;-6,052930207;;;;;;;;;;;;;;;;;;;;;;;;
47,21893126;18,07033106;-5,965229235;;;;;;;;;;;;;;;;;;;;;;;;
47,05463422;18,07800822;-5,871473372;;;;;;;;;;;;;;;;;;;;;;;;
46,89235982;18,08571166;-5,770822803;;;;;;;;;;;;;;;;;;;;;;;;
46,73232098;18,09344117;-5,662264285;;;;;;;;;;;;;;;;;;;;;;;;
46,57476152;18,10119646;-5,544558973;;;;;;;;;;;;;;;;;;;;;;;;
46,41996285;18,10897717;-5,416168385;;;;;;;;;;;;;;;;;;;;;;;;
46,2682529;18,11678289;-5,275146183;;;;;;;;;;;;;;;;;;;;;;;;
46,12001815;18,12461311;-5,118974253;;;;;;;;;;;;;;;;;;;;;;;;
45,97572045;18,13246721;-4,944303535;;;;;;;;;;;;;;;;;;;;;;;;
45,83592142;18,14034445;-4,746521741;;;;;;;;;;;;;;;;;;;;;;;;
45,70131935;18,14824389;-4,518981458;;;;;;;;;;;;;;;;;;;;;;;;
45,57280851;18,15616441;-4,251491289;;;;;;;;;;;;;;;;;;;;;;;;
45,45158209;18,16410454;-3,926967683;;;;;;;;;;;;;;;;;;;;;;;;
45,33933186;18,17206232;-3,512417416;;;;;;;;;;;;;;;;;;;;;;;;
45,23870801;18,1800349;-2,924497691;;;;;;;;;;;;;;;;;;;;;;;;
45,15477117;18,18801242;-0,973849646;;;;;;;;;;;;;;;;;;;;;;;;
45,12680311;18,19598994;0;;;;;;;;;;;;;;;;;;;;;;;;
45,09883506;18,20396746;-0,973849151;;;;;;;;;;;;;;;;;;;;;;;;
45,09250189;18,21194993;-0,220384873;;;;;;;;;;;;;;;;;;;;;;;;
45,1022147;18,21993352;0,337943668;;;;;;;;;;;;;;;;;;;;;;;;
45,12006449;18,22791539;0,621192264;;;;;;;;;;;;;;;;;;;;;;;;
45,14347235;18,2358941;0,814941319;;;;;;;;;;;;;;;;;;;;;;;;
45,17104002;18,24386868;0,960262833;;;;;;;;;;;;;;;;;;;;;;;;
45,20187093;18,25183839;1,074586378;;;;;;;;;;;;;;;;;;;;;;;;
45,23533685;18,25980266;1,16722404;;;;;;;;;;;;;;;;;;;;;;;;
45,27097267;18,26776104;1,243825942;;;;;;;;;;;;;;;;;;;;;;;;
45,30842082;18,27571315;1,308112789;;;;;;;;;;;;;;;;;;;;;;;;
45,34739884;18,2836587;1,362679244;;;;;;;;;;;;;;;;;;;;;;;;
45,38767897;18,29159741;1,409412981;;;;;;;;;;;;;;;;;;;;;;;;
45,42907464;18,29952908;1,449732695;;;;;;;;;;;;;;;;;;;;;;;;
45,47143107;18,30745352;1,484732329;;;;;;;;;;;;;;;;;;;;;;;;
45,51461849;18,31537058;1,515273049;;;;;;;;;;;;;;;;;;;;;;;;
45,55852723;18,32328012;1,542044385;;;;;;;;;;;;;;;;;;;;;;;;
45,60306391;18,33118205;1,565606295;;;;;;;;;;;;;;;;;;;;;;;;
45,64814858;18,33907625;1,586418948;;;;;;;;;;;;;;;;;;;;;;;;
45,6937124;18,34696266;1,604864341;;;;;;;;;;;;;;;;;;;;;;;;
45,73969588;18,35484121;1,621262329;;;;;;;;;;;;;;;;;;;;;;;;
45,7860474;18,36271183;1,63588274;;;;;;;;;;;;;;;;;;;;;;;;
45,83272199;18,37057449;1,648954669;;;;;;;;;;;;;;;;;;;;;;;;
45,87968043;18,37842914;1,660673729;;;;;;;;;;;;;;;;;;;;;;;;
45,92688837;18,38627575;1,671207767;;;;;;;;;;;;;;;;;;;;;;;;
45,97431569;18,3941143;1,680701434;;;;;;;;;;;;;;;;;;;;;;;;
46,01326786;18,40194476;1,381789671;;;;;;;;;;;;;;;;;;;;;;;;
46,04838072;18,40976859;1,246649326;;;;;;;;;;;;;;;;;;;;;;;;
46,07991924;18,41758645;1,120599906;;;;;;;;;;;;;;;;;;;;;;;;
46,10816006;18,42539896;1,004116579;;;;;;;;;;;;;;;;;;;;;;;;
46,13338884;18,43320669;0,897571451;;;;;;;;;;;;;;;;;;;;;;;;
46,15589648;18,44101015;0,801198748;;;;;;;;;;;;;;;;;;;;;;;;
46,17597457;18,44880981;0,715063343;;;;;;;;;;;;;;;;;;;;;;;;
46,19391016;18,45660607;0,639038169;;;;;;;;;;;;;;;;;;;;;;;;
46,20998032;18,4643993;0,572795908;;;;;;;;;;;;;;;;;;;;;;;;
46,22444691;18,47218983;0,51581847;;;;;;;;;;;;;;;;;;;;;;;;
46,23755214;18,47997791;0,467424531;;;;;;;;;;;;;;;;;;;;;;;;
46,24951531;18,48776379;0,42681158;;;;;;;;;;;;;;;;;;;;;;;;
46,2605309;18,49554766;0,393105963;;;;;;;;;;;;;;;;;;;;;;;;
46,27076804;18,50332967;0,36541333;;;;;;;;;;;;;;;;;;;;;;;;
46,2803713;18,51110996;0,34286285;;;;;;;;;;;;;;;;;;;;;;;;
46,2894623;18,51888864;0,324640991;;;;;;;;;;;;;;;;;;;;;;;;
46,29814197;18,52666578;0,310013415;;;;;;;;;;;;;;;;;;;;;;;;
46,30649313;18,53444147;0,29833583;;;;;;;;;;;;;;;;;;;;;;;;
46,31458307;18,54221576;0,289055982;;;;;;;;;;;;;;;;;;;;;;;;
46,32246601;18,54998869;0,281709426;;;;;;;;;;;;;;;;;;;;;;;;
46,33018541;18,5577603;0,275911525;;;;;;;;;;;;;;;;;;;;;;;;
46,33777585;18,56553061;0,27134765;;;;;;;;;;;;;;;;;;;;;;;;
46,36086012;18,57329965;0,825365417;;;;;;;;;;;;;;;;;;;;;;;;
46,39311126;18,58106482;1,1536966;;;;;;;;;;;;;;;;;;;;;;;;
46,43220458;18,58882459;1,399429573;;;;;;;;;;;;;;;;;;;;;;;;
46,47673156;18,59657783;1,595282263;;;;;;;;;;;;;;;;;;;;;;;;
46,52572942;18,60432365;1,75714552;;;;;;;;;;;;;;;;;;;;;;;;
46,57849211;18,6120613;1,894153076;;;;;;;;;;;;;;;;;;;;;;;;
46,63447727;18,61979019;2,012117555;;;;;;;;;;;;;;;;;;;;;;;;
46,69325443;18,6275098;2,115001686;;;;;;;;;;;;;;;;;;;;;;;;
46,75447346;18,63521969;2,205645035;;;;;;;;;;;;;;;;;;;;;;;;
46,81784417;18,64291949;2,286160656;;;;;;;;;;;;;;;;;;;;;;;;
46,88312241;18,65060887;2,35816823;;;;;;;;;;;;;;;;;;;;;;;;
46,95010022;18,65828754;2,422939217;;;;;;;;;;;;;;;;;;;;;;;;
47,01859875;18,66595525;2,481491451;;;;;;;;;;;;;;;;;;;;;;;;
47,08846282;18,6736118;2,534653172;;;;;;;;;;;;;;;;;;;;;;;;
47,15955683;18,68125698;2,583107747;;;;;;;;;;;;;;;;;;;;;;;;
47,23176158;18,68889064;2,627425735;;;;;;;;;;;;;;;;;;;;;;;;
47,30497169;18,69651263;2,66808843;;;;;;;;;;;;;;;;;;;;;;;;
47,3790936;18,70412282;2,705505481;;;;;;;;;;;;;;;;;;;;;;;;
47,45404389;18,71172111;2,740028313;;;;;;;;;;;;;;;;;;;;;;;;
47,52974789;18,7193074;2,771960508;;;;;;;;;;;;;;;;;;;;;;;;
47,60613856;18,7268816;2,801565956;;;;;;;;;;;;;;;;;;;;;;;;
47,68315556;18,73444365;2,829075315;;;;;;;;;;;;;;;;;;;;;;;;
47,76074438;18,74199349;2,854691205;;;;;;;;;;;;;;;;;;;;;;;;
47,87284096;18,74953106;4,131031187;;;;;;;;;;;;;;;;;;;;;;;;
48,01049984;18,75705098;5,08497027;;;;;;;;;;;;;;;;;;;;;;;;
48,16784862;18,76454934;5,829007372;;;;;;;;;;;;;;;;;;;;;;;;
48,34112535;18,7720232;6,440098254;;;;;;;;;;;;;;;;;;;;;;;;
48,52766641;18,77947028;6,958028436;;;;;;;;;;;;;;;;;;;;;;;;
48,72546951;18,78688873;7,406576389;;;;;;;;;;;;;;;;;;;;;;;;
48,93296824;18,79427706;7,801290618;;;;;;;;;;;;;;;;;;;;;;;;
49,14890171;18,80163407;8,152982832;;;;;;;;;;;;;;;;;;;;;;;;
49,37223308;18,80895875;8,469515149;;;;;;;;;;;;;;;;;;;;;;;;
49,60209541;18,81625029;8,756802908;;;;;;;;;;;;;;;;;;;;;;;;
49,83775411;18,82350805;9,019417643;;;;;;;;;;;;;;;;;;;;;;;;
50,0785799;18,83073149;9,260969718;;;;;;;;;;;;;;;;;;;;;;;;
50,32402882;18,83792019;9,484361835;;;;;;;;;;;;;;;;;;;;;;;;
50,57362696;18,84507383;9,691963048;;;;;;;;;;;;;;;;;;;;;;;;
50,82695877;18,85219217;9,885731786;;;;;;;;;;;;;;;;;;;;;;;;
51,08365772;18,85927502;10,06730502;;;;;;;;;;;;;;;;;;;;;;;;
51,34339894;18,86632229;10,23806432;;;;;;;;;;;;;;;;;;;;;;;;
51,60589314;18,8733339;10,39918563;;;;;;;;;;;;;;;;;;;;;;;;
51,87088176;18,88030985;10,5516775;;;;;;;;;;;;;;;;;;;;;;;;
52,13813282;18,88725016;10,69641081;;;;;;;;;;;;;;;;;;;;;;;;
52,4074376;18,89415489;10,83414215;;;;;;;;;;;;;;;;;;;;;;;;
52,6786077;18,90102415;10,96553246;;;;;;;;;;;;;;;;;;;;;;;;
52,95147266;18,90785804;11,0911621;;;;;;;;;;;;;;;;;;;;;;;;
53,2189751;18,91465672;10,92951284;;;;;;;;;;;;;;;;;;;;;;;;
53,48294009;18,92142122;10,83946454;;;;;;;;;;;;;;;;;;;;;;;;
53,74339568;18,92815234;10,74840327;;;;;;;;;;;;;;;;;;;;;;;;
54,00036912;18,93485084;10,65634681;;;;;;;;;;;;;;;;;;;;;;;;
54,25388691;18,94151746;10,56331317;;;;;;;;;;;;;;;;;;;;;;;;
54,50397478;18,94815293;10,4693205;;;;;;;;;;;;;;;;;;;;;;;;
54,75065782;18,95475795;10,37438721;;;;;;;;;;;;;;;;;;;;;;;;
54,99396041;18,96133321;10,27853186;;;;;;;;;;;;;;;;;;;;;;;;
55,23390637;18,96787939;10,18177323;;;;;;;;;;;;;;;;;;;;;;;;
55,47051887;18,97439712;10,0841303;;;;;;;;;;;;;;;;;;;;;;;;
55,70382057;18,98088706;9,985622249;;;;;;;;;;;;;;;;;;;;;;;;
55,93383359;18,98734981;9,886268461;;;;;;;;;;;;;;;;;;;;;;;;
56,16057955;18,99378599;9,786088531;;;;;;;;;;;;;;;;;;;;;;;;
56,3840796;19,00019618;9,685102258;;;;;;;;;;;;;;;;;;;;;;;;
56,60435446;19,00658096;9,583329657;;;;;;;;;;;;;;;;;;;;;;;;
56,82142442;19,01294089;9,480790955;;;;;;;;;;;;;;;;;;;;;;;;
57,03530939;19,01927653;9,377506595;;;;;;;;;;;;;;;;;;;;;;;;
57,2460289;19,02558841;9,273497243;;;;;;;;;;;;;;;;;;;;;;;;
57,45360214;19,03187706;9,168783786;;;;;;;;;;;;;;;;;;;;;;;;
57,65804798;19,03814298;9,063387337;;;;;;;;;;;;;;;;;;;;;;;;
57,85938499;19,04438669;8,957329242;;;;;;;;;;;;;;;;;;;;;;;;
58,05763144;19,05060867;8,850631079;;;;;;;;;;;;;;;;;;;;;;;;
58,25280537;19,05680941;8,743314664;;;;;;;;;;;;;;;;;;;;;;;;
58,47807548;19,06298936;10,12547545;;;;;;;;;;;;;;;;;;;;;;;;
58,70108509;19,06914552;10,06263302;;;;;;;;;;;;;;;;;;;;;;;;
58,92187308;19,07527828;10,00038204;;;;;;;;;;;;;;;;;;;;;;;;
59,14047733;19,08138807;9,938712847;;;;;;;;;;;;;;;;;;;;;;;;
59,35690788;19,08747527;9,876393334;;;;;;;;;;;;;;;;;;;;;;;;
59,57120091;19,09354028;9,814638514;;;;;;;;;;;;;;;;;;;;;;;;
59,78339204;19,09958347;9,753457462;;;;;;;;;;;;;;;;;;;;;;;;
59,99351599;19,1056052;9,692841074;;;;;;;;;;;;;;;;;;;;;;;;
60,20160653;19,11160585;9,632780478;;;;;;;;;;;;;;;;;;;;;;;;
60,40769662;19,11758576;9,573267025;;;;;;;;;;;;;;;;;;;;;;;;
60,61181833;19,12354527;9,514292281;;;;;;;;;;;;;;;;;;;;;;;;
60,81400298;19,1294847;9,455848024;;;;;;;;;;;;;;;;;;;;;;;;
61,01428107;19,13540439;9,397926228;;;;;;;;;;;;;;;;;;;;;;;;
61,21268237;19,14130465;9,340519065;;;;;;;;;;;;;;;;;;;;;;;;
61,40923592;19,14718578;9,283618892;;;;;;;;;;;;;;;;;;;;;;;;
61,60397006;19,15304809;9,22721825;;;;;;;;;;;;;;;;;;;;;;;;
61,79691246;19,15889187;9,171309851;;;;;;;;;;;;;;;;;;;;;;;;
61,98809012;19,16471741;9,115886581;;;;;;;;;;;;;;;;;;;;;;;;
62,17752941;19,17052497;9,060941487;;;;;;;;;;;;;;;;;;;;;;;;
62,36546214;19,17631485;9,016352494;;;;;;;;;;;;;;;;;;;;;;;;
62,5523647;19,18208727;8,994031323;;;;;;;;;;;;;;;;;;;;;;;;
62,7380064;19,18784245;8,960128716;;;;;;;;;;;;;;;;;;;;;;;;
62,92237264;19,1935806;8,924977417;;;;;;;;;;;;;;;;;;;;;;;;
63,1054791;19,19930193;8,890040917;;;;;;;;;;;;;;;;;;;;;;;;
63,28734113;19,20500667;8,855316796;;;;;;;;;;;;;;;;;;;;;;;;
63,46797379;19,21069501;8,820802683;;;;;;;;;;;;;;;;;;;;;;;;
63,64739182;19,21636716;8,786496248;;;;;;;;;;;;;;;;;;;;;;;;
63,82560972;19,22202332;8,752395208;;;;;;;;;;;;;;;;;;;;;;;;
64,00264167;19,22766369;8,718497318;;;;;;;;;;;;;;;;;;;;;;;;
64,17850162;19,23328846;8,684800377;;;;;;;;;;;;;;;;;;;;;;;;
64,35320323;19,23889782;8,651302224;;;;;;;;;;;;;;;;;;;;;;;;
64,52675992;19,24449194;8,618000737;;;;;;;;;;;;;;;;;;;;;;;;
64,69918486;19,25007102;8,58489383;;;;;;;;;;;;;;;;;;;;;;;;
64,87049096;19,25563524;8,551979456;;;;;;;;;;;;;;;;;;;;;;;;
65,04069093;19,26118476;8,519255604;;;;;;;;;;;;;;;;;;;;;;;;
65,20979721;19,26671975;8,486720297;;;;;;;;;;;;;;;;;;;;;;;;
65,37782205;19,27224039;8,454371593;;;;;;;;;;;;;;;;;;;;;;;;
65,54477746;19,27774685;8,422207584;;;;;;;;;;;;;;;;;;;;;;;;
65,71067524;19,28323928;8,390226394;;;;;;;;;;;;;;;;;;;;;;;;
65,875527;19,28871784;8,358426179;;;;;;;;;;;;;;;;;;;;;;;;
66,03934413;19,29418269;8,326805125;;;;;;;;;;;;;;;;;;;;;;;;
66,20213782;19,29963399;8,295361451;;;;;;;;;;;;;;;;;;;;;;;;
66,36391907;19,30507188;8,264093402;;;;;;;;;;;;;;;;;;;;;;;;
66,52469871;19,31049651;8,232999255;;;;;;;;;;;;;;;;;;;;;;;;
66,68448737;19,31590804;8,202077314;;;;;;;;;;;;;;;;;;;;;;;;
66,84329549;19,32130659;8,171325909;;;;;;;;;;;;;;;;;;;;;;;;
67,00113336;19,32669232;8,1407434;;;;;;;;;;;;;;;;;;;;;;;;
67,15801109;19,33206537;8,110328171;;;;;;;;;;;;;;;;;;;;;;;;
67,3139386;19,33742586;8,080078631;;;;;;;;;;;;;;;;;;;;;;;;
67,46892569;19,34277394;8,049993218;;;;;;;;;;;;;;;;;;;;;;;;
67,62298196;19,34810972;8,02007039;;;;;;;;;;;;;;;;;;;;;;;;
67,77611688;19,35343336;7,990308632;;;;;;;;;;;;;;;;;;;;;;;;
67,92833976;19,35874496;7,96070645;;;;;;;;;;;;;;;;;;;;;;;;
68,07965976;19,36404467;7,931262376;;;;;;;;;;;;;;;;;;;;;;;;
68,23008588;19,36933259;7,901974961;;;;;;;;;;;;;;;;;;;;;;;;
68,37962702;19,37460885;7,87284278;;;;;;;;;;;;;;;;;;;;;;;;
68,52829189;19,37987358;7,84386443;;;;;;;;;;;;;;;;;;;;;;;;
68,67608909;19,38512689;7,815038526;;;;;;;;;;;;;;;;;;;;;;;;
68,82305237;19,39036888;7,787703468;;;;;;;;;;;;;;;;;;;;;;;;
68,96923697;19,39559969;7,763016976;;;;;;;;;;;;;;;;;;;;;;;;
69,11464998;19,40081941;7,738444509;;;;;;;;;;;;;;;;;;;;;;;;
69,25929839;19,40602815;7,713985139;;;;;;;;;;;;;;;;;;;;;;;;
69,40318912;19,411226;7,689637952;;;;;;;;;;;;;;;;;;;;;;;;
69,54632895;19,41641308;7,665402044;;;;;;;;;;;;;;;;;;;;;;;;
69,6887246;19,42158949;7,641276526;;;;;;;;;;;;;;;;;;;;;;;;
69,83038266;19,42675532;7,617260519;;;;;;;;;;;;;;;;;;;;;;;;
69,97130965;19,43191067;7,593353158;;;;;;;;;;;;;;;;;;;;;;;;
70,11151199;19,43705563;7,569553586;;;;;;;;;;;;;;;;;;;;;;;;
70,25099602;19,44219031;7,545860962;;;;;;;;;;;;;;;;;;;;;;;;
70,38976797;19,44731479;7,522274451;;;;;;;;;;;;;;;;;;;;;;;;
70,527834;19,45242917;7,498793234;;;;;;;;;;;;;;;;;;;;;;;;
70,66520019;19,45753354;7,475416499;;;;;;;;;;;;;;;;;;;;;;;;
70,80187252;19,46262799;7,452143446;;;;;;;;;;;;;;;;;;;;;;;;
70,88259716;19,46773064;-18,0224221;;;;;;;;;;;;;;;;;;;;;;;;
70,55153335;19,47285685;-17,56764729;;;;;;;;;;;;;;;;;;;;;;;;
70,22733379;19,47800624;-17,05673582;;;;;;;;;;;;;;;;;;;;;;;;
69,91113912;19,48317833;-16,47518972;;;;;;;;;;;;;;;;;;;;;;;;
69,60437903;19,48837247;-15,80282694;;;;;;;;;;;;;;;;;;;;;;;;
69,30888352;19,49358782;-15,01038815;;;;;;;;;;;;;;;;;;;;;;;;
69,0270598;19,49882325;-14,05303111;;;;;;;;;;;;;;;;;;;;;;;;
68,76219436;19,50407727;-12,85622194;;;;;;;;;;;;;;;;;;;;;;;;
68,51902594;19,50934774;-11,27872875;;;;;;;;;;;;;;;;;;;;;;;;
68,30502657;19,51463616;-12,17202581;;;;;;;;;;;;;;;;;;;;;;;;
68,07329185;19,5199425;-12,03332348;;;;;;;;;;;;;;;;;;;;;;;;
67,84342155;19,52526672;-11,89121346;;;;;;;;;;;;;;;;;;;;;;;;
67,61550026;19,53060879;-11,74542063;;;;;;;;;;;;;;;;;;;;;;;;
67,3896188;19,53596865;-11,59564009;;;;;;;;;;;;;;;;;;;;;;;;
67,16587498;19,54134625;-11,44153273;;;;;;;;;;;;;;;;;;;;;;;;
66,94437427;19,54674151;-11,28271978;;;;;;;;;;;;;;;;;;;;;;;;
66,72523071;19,55215435;-11,11877642;;;;;;;;;;;;;;;;;;;;;;;;
66,50856788;19,55758466;-10,94922376;;;;;;;;;;;;;;;;;;;;;;;;
66,29452011;19,56303234;-10,7735192;;;;;;;;;;;;;;;;;;;;;;;;
66,08323383;19,56849724;-10,59104432;;;;;;;;;;;;;;;;;;;;;;;;
65,87486919;19,57397923;-10,40108971;;;;;;;;;;;;;;;;;;;;;;;;
65,66960204;19,57947813;-10,20283571;;;;;;;;;;;;;;;;;;;;;;;;
65,46762625;19,58499376;-9,995327584;;;;;;;;;;;;;;;;;;;;;;;;
65,26915664;19,59052588;-9,777443045;;;;;;;;;;;;;;;;;;;;;;;;
65,07443244;19,59607427;-9,547849002;;;;;;;;;;;;;;;;;;;;;;;;
64,88372186;19,60163864;-9,304942864;;;;;;;;;;;;;;;;;;;;;;;;
64,69732767;19,60721869;-9,046770995;;;;;;;;;;;;;;;;;;;;;;;;
64,51559463;19,61281406;-8,7709124;;;;;;;;;;;;;;;;;;;;;;;;
64,33891926;19,61842435;-8,474307543;;;;;;;;;;;;;;;;;;;;;;;;
64,16776318;19,62404912;-8,152996814;;;;;;;;;;;;;;;;;;;;;;;;
64,00267189;19,62968783;-7,801702224;;;;;;;;;;;;;;;;;;;;;;;;
63,84430214;19,6353399;-7,413119069;;;;;;;;;;;;;;;;;;;;;;;;
63,69346402;19,64100463;-6,9766248;;;;;;;;;;;;;;;;;;;;;;;;
63,55118965;19,64668117;-6,475680956;;;;;;;;;;;;;;;;;;;;;;;;
63,41885547;19,65236852;-5,881812235;;;;;;;;;;;;;;;;;;;;;;;;
63,29842864;19,65806535;-5,137169364;;;;;;;;;;;;;;;;;;;;;;;;
63,19307261;19,66376973;-4,076577897;;;;;;;;;;;;;;;;;;;;;;;;
63,10935689;19,66947734;-1,734097479;;;;;;;;;;;;;;;;;;;;;;;;
63,07372573;19,67518494;0;;;;;;;;;;;;;;;;;;;;;;;;
63,03809456;19,68089255;-1,734097479;;;;;;;;;;;;;;;;;;;;;;;;
63,00401835;19,68660647;0;;;;;;;;;;;;;;;;;;;;;;;;
62,96841855;19,69232039;-1,730656321;;;;;;;;;;;;;;;;;;;;;;;;
62,93432323;19,69804064;0;;;;;;;;;;;;;;;;;;;;;;;;
62,89875477;19,70376089;-1,72721998;;;;;;;;;;;;;;;;;;;;;;;;
62,86464023;19,70948748;0;;;;;;;;;;;;;;;;;;;;;;;;
62,82910308;19,71521407;-1,723788446;;;;;;;;;;;;;;;;;;;;;;;;
62,79496922;19,72094701;0;;;;;;;;;;;;;;;;;;;;;;;;
62,75946338;19,72667996;-1,720360896;;;;;;;;;;;;;;;;;;;;;;;;
62,72531006;19,73241927;0;;;;;;;;;;;;;;;;;;;;;;;;
62,68983553;19,73815858;-1,716937442;;;;;;;;;;;;;;;;;;;;;;;;
62,65566263;19,74390427;0;;;;;;;;;;;;;;;;;;;;;;;;
62,62021938;19,74964996;-1,713518937;;;;;;;;;;;;;;;;;;;;;;;;
62,5860268;19,75540204;0;;;;;;;;;;;;;;;;;;;;;;;;
62,55061483;19,76115412;-1,710104106;;;;;;;;;;;;;;;;;;;;;;;;
62,51640243;19,76691261;0;;;;;;;;;;;;;;;;;;;;;;;;
62,4810217;19,7726711;-1,706694444;;;;;;;;;;;;;;;;;;;;;;;;
62,44678939;19,77843601;0;;;;;;;;;;;;;;;;;;;;;;;;
62,41143991;19,78420091;-1,70328844;;;;;;;;;;;;;;;;;;;;;;;;
62,37718755;19,78997225;0;;;;;;;;;;;;;;;;;;;;;;;;
62,34186929;19,7957436;-1,69988735;;;;;;;;;;;;;;;;;;;;;;;;
62,30759678;19,80152138;0;;;;;;;;;;;;;;;;;;;;;;;;
62,27230972;19,80729917;-1,696490306;;;;;;;;;;;;;;;;;;;;;;;;
62,23801693;19,81308341;0;;;;;;;;;;;;;;;;;;;;;;;;
62,20276108;19,81886766;-1,693097588;;;;;;;;;;;;;;;;;;;;;;;;
62,16844789;19,82465838;0;;;;;;;;;;;;;;;;;;;;;;;;
62,13322322;19,8304491;-1,689709186;;;;;;;;;;;;;;;;;;;;;;;;
62,09982469;19,8362431;-1,601202373;;;;;;;;;;;;;;;;;;;;;;;;
62,08519925;19,84204022;-0,700800483;;;;;;;;;;;;;;;;;;;;;;;;
62,07503789;19,8478387;-0,486782432;;;;;;;;;;;;;;;;;;;;;;;;
62,06807695;19,85363813;-0,333411043;;;;;;;;;;;;;;;;;;;;;;;;
62,06360435;19,85943822;-0,214201975;;;;;;;;;;;;;;;;;;;;;;;;
62,06115166;19,86523872;-0,117455668;;;;;;;;;;;;;;;;;;;;;;;;
62,06038357;19,87103945;-0,036781467;;;;;;;;;;;;;;;;;;;;;;;;
62,06104679;19,87684025;0,031759031;;;;;;;;;;;;;;;;;;;;;;;;
62,06294277;19,88264099;0,090792289;;;;;;;;;;;;;;;;;;;;;;;;
62,06591158;19,88844155;0,142170596;;;;;;;;;;;;;;;;;;;;;;;;
62,06982168;19,89424184;0,187255986;;;;;;;;;;;;;;;;;;;;;;;;
62,07456311;19,90004176;0,227082969;;;;;;;;;;;;;;;;;;;;;;;;
62,08004273;19,90584124;0,262457857;;;;;;;;;;;;;;;;;;;;;;;;
62,08618082;19,9116402;0,294022477;;;;;;;;;;;;;;;;;;;;;;;;
62,09290851;19,91743859;0,322296737;;;;;;;;;;;;;;;;;;;;;;;;
62,01395757;19,92325237;-4,399027398;;;;;;;;;;;;;;;;;;;;;;;;
61,92188772;19,92907544;-4,713326697;;;;;;;;;;;;;;;;;;;;;;;;
61,82308204;19,93490843;-5,010709559;;;;;;;;;;;;;;;;;;;;;;;;
61,71786324;19,94075197;-5,294487066;;;;;;;;;;;;;;;;;;;;;;;;
61,60648446;19,94660666;-5,5669338;;;;;;;;;;;;;;;;;;;;;;;;
61,48915081;19,9524731;-5,829688087;;;;;;;;;;;;;;;;;;;;;;;;
61,36603261;19,95835187;-6,08397338;;;;;;;;;;;;;;;;;;;;;;;;
61,23727394;19,96424357;-6,330729676;;;;;;;;;;;;;;;;;;;;;;;;
61,10299861;19,97014876;-6,57069596;;;;;;;;;;;;;;;;;;;;;;;;
60,96331424;19,97606803;-6,804464259;;;;;;;;;;;;;;;;;;;;;;;;
60,81831539;19,98200195;-7,032516421;;;;;;;;;;;;;;;;;;;;;;;;
60,66808581;19,98795068;-7,048266605;;;;;;;;;;;;;;;;;;;;;;;;
60,51714423;19,99391433;-7,055350732;;;;;;;;;;;;;;;;;;;;;;;;
60,3656718;19,99989305;-7,063252485;;;;;;;;;;;;;;;;;;;;;;;;
60,21364688;20,00588695;-7,071994595;;;;;;;;;;;;;;;;;;;;;;;;
60,06104706;20,01189618;-7,081600092;;;;;;;;;;;;;;;;;;;;;;;;
59,90784921;20,01792087;-7,09209227;;;;;;;;;;;;;;;;;;;;;;;;
59,75402943;20,02396119;-7,10349466;;;;;;;;;;;;;;;;;;;;;;;;
59,59956304;20,03001726;-7,115830999;;;;;;;;;;;;;;;;;;;;;;;;
59,44442457;20,03608926;-7,129125188;;;;;;;;;;;;;;;;;;;;;;;;
59,28858773;20,04217733;-7,143401257;;;;;;;;;;;;;;;;;;;;;;;;
59,1320254;20,04828164;-7,158683326;;;;;;;;;;;;;;;;;;;;;;;;
58,9747096;20,05440236;-7,174995554;;;;;;;;;;;;;;;;;;;;;;;;
58,8166115;20,06053966;-7,192362102;;;;;;;;;;;;;;;;;;;;;;;;
58,6577014;20,06669373;-7,210807077;;;;;;;;;;;;;;;;;;;;;;;;
58,49794869;20,07286473;-7,230354482;;;;;;;;;;;;;;;;;;;;;;;;
58,33732185;20,07905287;-7,251028168;;;;;;;;;;;;;;;;;;;;;;;;
58,17578846;20,08525835;-7,272851772;;;;;;;;;;;;;;;;;;;;;;;;
58,01331514;20,09148135;-7,295848666;;;;;;;;;;;;;;;;;;;;;;;;
57,84986758;20,0977221;-7,32004189;;;;;;;;;;;;;;;;;;;;;;;;
57,68541049;20,1039808;-7,345454101;;;;;;;;;;;;;;;;;;;;;;;;
57,51990765;20,11025768;-7,372107504;;;;;;;;;;;;;;;;;;;;;;;;
57,35332181;20,11655297;-7,400023793;;;;;;;;;;;;;;;;;;;;;;;;
57,18561475;20,1228669;-7,429224084;;;;;;;;;;;;;;;;;;;;;;;;
57,01674727;20,12919973;-7,459728854;;;;;;;;;;;;;;;;;;;;;;;;
56,84667914;20,13555169;-7,491557874;;;;;;;;;;;;;;;;;;;;;;;;
56,67536911;20,14192306;-7,524730146;;;;;;;;;;;;;;;;;;;;;;;;
56,50277493;20,1483141;-7,559263834;;;;;;;;;;;;;;;;;;;;;;;;
56,3288533;20,15472491;-7,525419152;;;;;;;;;;;;;;;;;;;;;;;;
56,15517486;20,1611555;-7,461200563;;;;;;;;;;;;;;;;;;;;;;;;
55,98244722;20,16760587;-7,394953289;;;;;;;;;;;;;;;;;;;;;;;;
55,81072648;20,17407603;-7,326509436;;;;;;;;;;;;;;;;;;;;;;;;
55,64007328;20,18056596;-7,255682644;;;;;;;;;;;;;;;;;;;;;;;;
55,47055335;20,18707564;-7,182265299;;;;;;;;;;;;;;;;;;;;;;;;
55,30223799;20,19360504;-7,106025209;;;;;;;;;;;;;;;;;;;;;;;;
55,13520481;20,20015412;-7,026701577;;;;;;;;;;;;;;;;;;;;;;;;
54,96953842;20,20672283;-6,944000113;;;;;;;;;;;;;;;;;;;;;;;;
54,80533132;20,21331108;-6,857587028;;;;;;;;;;;;;;;;;;;;;;;;
54,64268498;20,21991881;-6,767081595;;;;;;;;;;;;;;;;;;;;;;;;
54,481711;20,22654589;-6,672046833;;;;;;;;;;;;;;;;;;;;;;;;
54,32253263;20,23319221;-6,5719777;;;;;;;;;;;;;;;;;;;;;;;;
54,16528647;20,23985763;-6,466285938;;;;;;;;;;;;;;;;;;;;;;;;
54,0101247;20,24654197;-6,354280334;;;;;;;;;;;;;;;;;;;;;;;;
53,85721767;20,25324504;-6,235140573;;;;;;;;;;;;;;;;;;;;;;;;
53,70675723;20,2599666;-6,107881966;;;;;;;;;;;;;;;;;;;;;;;;
53,55896095;20,2667064;-5,971306814;;;;;;;;;;;;;;;;;;;;;;;;
53,41407754;20,27346412;-5,823935678;;;;;;;;;;;;;;;;;;;;;;;;
53,27239402;20,28023941;-5,663907356;;;;;;;;;;;;;;;;;;;;;;;;
53,13424537;20,28703186;-5,488828181;;;;;;;;;;;;;;;;;;;;;;;;
53,00002806;20,29384099;-5,295535232;;;;;;;;;;;;;;;;;;;;;;;;
52,87021938;20,30066623;-5,079704409;;;;;;;;;;;;;;;;;;;;;;;;
52,74540667;20,30750691;-4,835157408;;;;;;;;;;;;;;;;;;;;;;;;
52,62633389;20,31436223;-4,552524645;;;;;;;;;;;;;;;;;;;;;;;;
52,51398149;20,32123118;-4,216333358;;;;;;;;;;;;;;;;;;;;;;;;
52,40971899;20,32811376;-4,188004843;;;;;;;;;;;;;;;;;;;;;;;;
52,30595156;20,33500999;-4,168576643;;;;;;;;;;;;;;;;;;;;;;;;
52,20246074;20,34191987;-4,148038666;;;;;;;;;;;;;;;;;;;;;;;;
52,09927585;20,34884343;-4,126264702;;;;;;;;;;;;;;;;;;;;;;;;
51,99642958;20,35578065;-4,10311124;;;;;;;;;;;;;;;;;;;;;;;;
51,89395845;20,36273154;-4,078414408;;;;;;;;;;;;;;;;;;;;;;;;
51,79190341;20,3696961;-4,051986232;;;;;;;;;;;;;;;;;;;;;;;;
51,6903104;20,3766743;-4,023609966;;;;;;;;;;;;;;;;;;;;;;;;
51,58923119;20,38366612;-3,993034254;;;;;;;;;;;;;;;;;;;;;;;;
51,48872429;20,39067153;-3,959965697;;;;;;;;;;;;;;;;;;;;;;;;
51,38885603;20,39769048;-3,924059299;;;;;;;;;;;;;;;;;;;;;;;;
51,289702;20,40472292;-3,884905985;;;;;;;;;;;;;;;;;;;;;;;;
51,19134869;20,41176877;-3,842016016;;;;;;;;;;;;;;;;;;;;;;;;
51,09389571;20,41882795;-3,794796547;;;;;;;;;;;;;;;;;;;;;;;;
50,99745842;20,42590034;-3,742520573;;;;;;;;;;;;;;;;;;;;;;;;
50,90217159;20,43298581;-3,684282859;;;;;;;;;;;;;;;;;;;;;;;;
50,80819402;20,4400842;-3,618935542;;;;;;;;;;;;;;;;;;;;;;;;
50,71571499;20,44719532;-3,544990598;;;;;;;;;;;;;;;;;;;;;;;;
50,62496316;20,45431892;-3,460465721;;;;;;;;;;;;;;;;;;;;;;;;
50,53621961;20,46145472;-3,362627499;;;;;;;;;;;;;;;;;;;;;;;;
50,44983746;20,46860236;-3,247533515;;;;;;;;;;;;;;;;;;;;;;;;
50,36627354;20,47576139;-3,109139595;;;;;;;;;;;;;;;;;;;;;;;;
50,28614322;20,48293123;-2,937327368;;;;;;;;;;;;;;;;;;;;;;;;
50,21032662;20,4901111;-2,712633232;;;;;;;;;;;;;;;;;;;;;;;;
50,14021178;20,49729982;-2,386451638;;;;;;;;;;;;;;;;;;;;;;;;
50,07845186;20,50449284;-1,157238586;;;;;;;;;;;;;;;;;;;;;;;;
50,04848529;20,51168587;0;;;;;;;;;;;;;;;;;;;;;;;;
50,01851873;20,51887889;-1,157238586;;;;;;;;;;;;;;;;;;;;;;;;
50,06926247;20,52607623;1,958431042;;;;;;;;;;;;;;;;;;;;;;;;
50,14516597;20,53326627;2,932432372;;;;;;;;;;;;;;;;;;;;;;;;
50,23929825;20,54044542;3,642190417;;;;;;;;;;;;;;;;;;;;;;;;
50,34789136;20,54761113;4,209600006;;;;;;;;;;;;;;;;;;;;;;;;
50,46848265;20,55476138;4,684812878;;;;;;;;;;;;;;;;;;;;;;;;
50,59930297;20,56189454;5,094369422;;;;;;;;;;;;;;;;;;;;;;;;
50,73900529;20,56900927;5,45435205;;;;;;;;;;;;;;;;;;;;;;;;
50,88652286;20,5761044;5,775381625;;;;;;;;;;;;;;;;;;;;;;;;
51,04098647;20,58317896;6,064904423;;;;;;;;;;;;;;;;;;;;;;;;
51,20167254;20,59023212;6,328376148;;;;;;;;;;;;;;;;;;;;;;;;
51,3679685;20,59726314;6,569931581;;;;;;;;;;;;;;;;;;;;;;;;
51,53934875;20,6042714;6,792789479;;;;;;;;;;;;;;;;;;;;;;;;
51,71535729;20,61125635;6,999510593;;;;;;;;;;;;;;;;;;;;;;;;
51,89559488;20,61821753;7,192169173;;;;;;;;;;;;;;;;;;;;;;;;
52,07970921;20,62515454;7,372471036;;;;;;;;;;;;;;;;;;;;;;;;
52,26738731;20,63206702;7,541837244;;;;;;;;;;;;;;;;;;;;;;;;
52,45834957;20,63895468;7,701464915;;;;;;;;;;;;;;;;;;;;;;;;
52,6523449;20,64581727;7,852372365;;;;;;;;;;;;;;;;;;;;;;;;
52,8491468;20,65265457;7,995433257;;;;;;;;;;;;;;;;;;;;;;;;
53,04855017;20,65946641;8,131402863;;;;;;;;;;;;;;;;;;;;;;;;
53,25036862;20,66625265;8,26093854;;;;;;;;;;;;;;;;;;;;;;;;
53,45443223;20,67301316;8,384615928;;;;;;;;;;;;;;;;;;;;;;;;
53,66058562;20,67974787;8,502941887;;;;;;;;;;;;;;;;;;;;;;;;
53,86868639;20,68645671;8,616364955;;;;;;;;;;;;;;;;;;;;;;;;
54,08125508;20,69313962;8,835490685;;;;;;;;;;;;;;;;;;;;;;;;
54,29537241;20,69979628;8,934979883;;;;;;;;;;;;;;;;;;;;;;;;
54,51093733;20,70642667;9,031001234;;;;;;;;;;;;;;;;;;;;;;;;
54,72785626;20,71303085;9,123807347;;;;;;;;;;;;;;;;;;;;;;;;
54,94604241;20,71960886;9,213626979;;;;;;;;;;;;;;;;;;;;;;;;
55,16541519;20,72616074;9,300667871;;;;;;;;;;;;;;;;;;;;;;;;
55,3858996;20,73268657;9,385119181;;;;;;;;;;;;;;;;;;;;;;;;
55,60742586;20,73918642;9,467153571;;;;;;;;;;;;;;;;;;;;;;;;
55,82992888;20,74566037;9,546929014;;;;;;;;;;;;;;;;;;;;;;;;
56,05334792;20,75210853;9,624590361;;;;;;;;;;;;;;;;;;;;;;;;
56,27762624;20,75853098;9,700270706;;;;;;;;;;;;;;;;;;;;;;;;
56,50271079;20,76492784;9,774092583;;;;;;;;;;;;;;;;;;;;;;;;
56,7285519;20,77129921;9,846169009;;;;;;;;;;;;;;;;;;;;;;;;
56,95510306;20,77764522;9,916604412;;;;;;;;;;;;;;;;;;;;;;;;
57,18232066;20,78396599;9,985495441;;;;;;;;;;;;;;;;;;;;;;;;
57,4101638;20,79026164;10,05293169;;;;;;;;;;;;;;;;;;;;;;;;
57,63859407;20,79653231;10,11899635;;;;;;;;;;;;;;;;;;;;;;;;
57,8675754;20,80277813;10,18376674;;;;;;;;;;;;;;;;;;;;;;;;
58,09674989;20,80899923;10,23284899;;;;;;;;;;;;;;;;;;;;;;;;
58,32359573;20,81519579;10,16898614;;;;;;;;;;;;;;;;;;;;;;;;
58,54815371;20,82136825;10,10573171;;;;;;;;;;;;;;;;;;;;;;;;
58,77046346;20,82751703;10,04307555;;;;;;;;;;;;;;;;;;;;;;;;
58,99056358;20,83364256;9,981007798;;;;;;;;;;;;;;;;;;;;;;;;
59,20848343;20,83974523;9,919147202;;;;;;;;;;;;;;;;;;;;;;;;
59,42424074;20,84582544;9,856992887;;;;;;;;;;;;;;;;;;;;;;;;
59,63787178;20,85188357;9,795418733;;;;;;;;;;;;;;;;;;;;;;;;
59,8494119;20,85792;9,734415471;;;;;;;;;;;;;;;;;;;;;;;;
60,0588955;20,8639351;9,673974069;;;;;;;;;;;;;;;;;;;;;;;;
60,26635612;20,86992922;9,614085728;;;;;;;;;;;;;;;;;;;;;;;;
60,4718264;20,8759027;9,554741866;;;;;;;;;;;;;;;;;;;;;;;;
60,67533821;20,88185588;9,495934116;;;;;;;;;;;;;;;;;;;;;;;;
60,87692258;20,8877891;9,437654318;;;;;;;;;;;;;;;;;;;;;;;;
61,0766098;20,89370267;9,37989451;;;;;;;;;;;;;;;;;;;;;;;;
61,2744294;20,89959691;9,322646921;;;;;;;;;;;;;;;;;;;;;;;;
61,47041019;20,90547212;9,265903967;;;;;;;;;;;;;;;;;;;;;;;;
61,66458032;20,91132859;9,209658244;;;;;;;;;;;;;;;;;;;;;;;;
61,85696722;20,91716663;9,153902518;;;;;;;;;;;;;;;;;;;;;;;;
62,04759771;20,92298651;9,098629726;;;;;;;;;;;;;;;;;;;;;;;;
62,23649798;20,9287885;9,043832966;;;;;;;;;;;;;;;;;;;;;;;;
62,42410686;20,93457289;9,009351649;;;;;;;;;;;;;;;;;;;;;;;;
62,61063384;20,94033989;8,984398608;;;;;;;;;;;;;;;;;;;;;;;;
62,79587444;20,94608972;8,949098346;;;;;;;;;;;;;;;;;;;;;;;;
62,97984454;20,95182258;8,914014571;;;;;;;;;;;;;;;;;;;;;;;;
63,16255969;20,95753869;8,879144832;;;;;;;;;;;;;;;;;;;;;;;;
63,34403515;20,96323827;8,844486726;;;;;;;;;;;;;;;;;;;;;;;;
63,52428589;20,96892152;8,810037892;;;;;;;;;;;;;;;;;;;;;;;;
63,70332657;20,97458864;8,775796018;;;;;;;;;;;;;;;;;;;;;;;;
63,8811716;20,98023984;8,74175883;;;;;;;;;;;;;;;;;;;;;;;;
64,05783507;20,9858753;8,707924099;;;;;;;;;;;;;;;;;;;;;;;;
64,23333084;20,99149523;8,674289637;;;;;;;;;;;;;;;;;;;;;;;;
64,40767251;20,99709979;8,640853293;;;;;;;;;;;;;;;;;;;;;;;;
64,5808734;21,00268919;8,607612958;;;;;;;;;;;;;;;;;;;;;;;;
64,75294661;21,00826359;8,574566559;;;;;;;;;;;;;;;;;;;;;;;;
64,92390499;21,01382319;8,541712059;;;;;;;;;;;;;;;;;;;;;;;;
65,09376116;21,01936814;8,509047457;;;;;;;;;;;;;;;;;;;;;;;;
65,2625275;21,02489862;8,47657079;;;;;;;;;;;;;;;;;;;;;;;;
65,43021617;21,03041481;8,444280124;;;;;;;;;;;;;;;;;;;;;;;;
65,59683914;21,03591685;8,412173563;;;;;;;;;;;;;;;;;;;;;;;;
65,76240814;21,04140492;8,380249239;;;;;;;;;;;;;;;;;;;;;;;;
65,92693471;21,04687917;8,348505319;;;;;;;;;;;;;;;;;;;;;;;;
66,09043016;21,05233976;8,31694;;;;;;;;;;;;;;;;;;;;;;;;
66,25290565;21,05778685;8,285551507;;;;;;;;;;;;;;;;;;;;;;;;
66,41437211;21,06322057;8,254338098;;;;;;;;;;;;;;;;;;;;;;;;
66,5748403;21,06864108;8,223298055;;;;;;;;;;;;;;;;;;;;;;;;
66,7343208;21,07404853;8,192429693;;;;;;;;;;;;;;;;;;;;;;;;
66,89282401;21,07944306;8,161731351;;;;;;;;;;;;;;;;;;;;;;;;
67,05036014;21,0848248;8,131201396;;;;;;;;;;;;;;;;;;;;;;;;
67,20693926;21,0901939;8,100838219;;;;;;;;;;;;;;;;;;;;;;;;
67,36257125;21,09555049;8,070640241;;;;;;;;;;;;;;;;;;;;;;;;
67,51726584;21,1008947;8,040605904;;;;;;;;;;;;;;;;;;;;;;;;
67,6710326;21,10622667;8,010733674;;;;;;;;;;;;;;;;;;;;;;;;
67,82388093;21,11154653;7,981022044;;;;;;;;;;;;;;;;;;;;;;;;
67,97582011;21,11685439;7,951469529;;;;;;;;;;;;;;;;;;;;;;;;
68,12685924;21,12215039;7,922074664;;;;;;;;;;;;;;;;;;;;;;;;
68,27700729;21,12743465;7,892836011;;;;;;;;;;;;;;;;;;;;;;;;
68,4262731;21,13270729;7,86375215;;;;;;;;;;;;;;;;;;;;;;;;
68,57466536;21,13796843;7,834821684;;;;;;;;;;;;;;;;;;;;;;;;
68,72219261;21,14321818;7,806043236;;;;;;;;;;;;;;;;;;;;;;;;
68,86891129;21,14845666;7,779960945;;;;;;;;;;;;;;;;;;;;;;;;
69,01485351;21,15368398;7,755310259;;;;;;;;;;;;;;;;;;;;;;;;
69,16002635;21,15890025;7,730773306;;;;;;;;;;;;;;;;;;;;;;;;
69,30443677;21,16410557;7,706349162;;;;;;;;;;;;;;;;;;;;;;;;
69,44809164;21,16930004;7,682036916;;;;;;;;;;;;;;;;;;;;;;;;
69,59099773;21,17448377;7,657835671;;;;;;;;;;;;;;;;;;;;;;;;
69,73316171;21,17965685;7,633744538;;;;;;;;;;;;;;;;;;;;;;;;
69,87459015;21,18481939;7,609762645;;;;;;;;;;;;;;;;;;;;;;;;
70,01528954;21,18997148;7,585889128;;;;;;;;;;;;;;;;;;;;;;;;
70,15526627;21,19511321;7,562123135;;;;;;;;;;;;;;;;;;;;;;;;
70,29452665;21,20024469;7,538463828;;;;;;;;;;;;;;;;;;;;;;;;
70,4330769;21,205366;7,514910376;;;;;;;;;;;;;;;;;;;;;;;;
70,57092314;21,21047723;7,491461962;;;;;;;;;;;;;;;;;;;;;;;;
70,70807142;21,21557848;7,468117779;;;;;;;;;;;;;;;;;;;;;;;;
70,8445277;21,22066984;7,44487703;;;;;;;;;;;;;;;;;;;;;;;;
70,98029787;21,22575139;7,421738927;;;;;;;;;;;;;;;;;;;;;;;;
71,11538773;21,23082322;7,398702694;;;;;;;;;;;;;;;;;;;;;;;;
71,24980301;21,23588541;7,375767564;;;;;;;;;;;;;;;;;;;;;;;;
71,38354936;21,24093806;7,35293278;;;;;;;;;;;;;;;;;;;;;;;;
71,51663235;21,24598124;7,330197595;;;;;;;;;;;;;;;;;;;;;;;;
71,64905748;21,25101503;7,307561269;;;;;;;;;;;;;;;;;;;;;;;;
71,78083018;21,25603952;7,285023075;;;;;;;;;;;;;;;;;;;;;;;;
71,91195581;21,26105479;7,262582291;;;;;;;;;;;;;;;;;;;;;;;;
72,04243966;21,26606091;7,240238207;;;;;;;;;;;;;;;;;;;;;;;;
72,17228695;21,27105797;7,21799012;;;;;;;;;;;;;;;;;;;;;;;;
72,30150282;21,27604603;7,195837336;;;;;;;;;;;;;;;;;;;;;;;;
72,43009237;21,28102518;7,173779168;;;;;;;;;;;;;;;;;;;;;;;;
72,55806062;21,28599549;7,151814941;;;;;;;;;;;;;;;;;;;;;;;;
72,68541253;21,29095703;7,129943983;;;;;;;;;;;;;;;;;;;;;;;;
72,81215299;21,29590988;7,108165634;;;;;;;;;;;;;;;;;;;;;;;;
72,93828684;21,30085411;7,08647924;;;;;;;;;;;;;;;;;;;;;;;;
73,06381885;21,30578979;7,064884155;;;;;;;;;;;;;;;;;;;;;;;;
73,18875374;21,31071699;7,043379741;;;;;;;;;;;;;;;;;;;;;;;;
73,31309616;21,31563578;7,021965367;;;;;;;;;;;;;;;;;;;;;;;;
73,43685072;21,32054623;7,000640409;;;;;;;;;;;;;;;;;;;;;;;;
73,56002196;21,3254484;6,97940425;;;;;;;;;;;;;;;;;;;;;;;;
73,68261437;21,33034236;6,958256282;;;;;;;;;;;;;;;;;;;;;;;;
73,80463238;21,33522818;6,937195901;;;;;;;;;;;;;;;;;;;;;;;;
73,92608037;21,34010592;6,916222511;;;;;;;;;;;;;;;;;;;;;;;;
74,04696267;21,34497565;6,895335525;;;;;;;;;;;;;;;;;;;;;;;;
74,16728356;21,34983743;6,874534358;;;;;;;;;;;;;;;;;;;;;;;;
74,28704727;21,35469132;6,853818436;;;;;;;;;;;;;;;;;;;;;;;;
74,40625797;21,35953739;6,833187189;;;;;;;;;;;;;;;;;;;;;;;;
74,52491978;21,36437569;6,812640054;;;;;;;;;;;;;;;;;;;;;;;;
74,64303679;21,36920629;6,792176473;;;;;;;;;;;;;;;;;;;;;;;;
74,76061303;21,37402925;6,771795896;;;;;;;;;;;;;;;;;;;;;;;;
74,87765248;21,37884462;6,751497777;;;;;;;;;;;;;;;;;;;;;;;;
74,99415688;21,38365246;6,731154207;;;;;;;;;;;;;;;;;;;;;;;;
75,11011423;21,38845283;6,7099724;;;;;;;;;;;;;;;;;;;;;;;;
75,22552862;21,3932458;6,688879497;;;;;;;;;;;;;;;;;;;;;;;;
75,34040406;21,39803141;6,667874907;;;;;;;;;;;;;;;;;;;;;;;;
75,45474454;21,40280972;6,646958045;;;;;;;;;;;;;;;;;;;;;;;;
75,56855398;21,40758079;6,626128329;;;;;;;;;;;;;;;;;;;;;;;;
75,68183628;21,41234468;6,605385189;;;;;;;;;;;;;;;;;;;;;;;;
75,79459527;21,41710143;6,584728055;;;;;;;;;;;;;;;;;;;;;;;;
75,90683476;21,42185111;6,564156367;;;;;;;;;;;;;;;;;;;;;;;;
76,0185585;21,42659377;6,543669571;;;;;;;;;;;;;;;;;;;;;;;;
76,12977021;21,43132945;6,523267115;;;;;;;;;;;;;;;;;;;;;;;;
76,24047357;21,43605822;6,502948458;;;;;;;;;;;;;;;;;;;;;;;;
76,35067221;21,44078012;6,482713061;;;;;;;;;;;;;;;;;;;;;;;;
76,46036971;21,44549521;6,462560391;;;;;;;;;;;;;;;;;;;;;;;;
76,56956964;21,45020353;6,442489922;;;;;;;;;;;;;;;;;;;;;;;;
76,67827551;21,45490514;6,422501132;;;;;;;;;;;;;;;;;;;;;;;;
76,78649079;21,45960008;6,402593505;;;;;;;;;;;;;;;;;;;;;;;;
76,89421893;21,4642884;6,38276653;;;;;;;;;;;;;;;;;;;;;;;;
77,00146331;21,46897016;6,363019701;;;;;;;;;;;;;;;;;;;;;;;;
77,10822732;21,4736454;6,343352519;;;;;;;;;;;;;;;;;;;;;;;;
77,21451428;21,47831416;6,323764486;;;;;;;;;;;;;;;;;;;;;;;;
77,32032748;21,48297649;6,304255113;;;;;;;;;;;;;;;;;;;;;;;;
77,42567017;21,48763245;6,284823914;;;;;;;;;;;;;;;;;;;;;;;;
77,53054559;21,49228207;6,265470408;;;;;;;;;;;;;;;;;;;;;;;;
77,63495692;21,4969254;6,246194118;;;;;;;;;;;;;;;;;;;;;;;;
77,73890733;21,50156249;6,226994573;;;;;;;;;;;;;;;;;;;;;;;;
77,84239992;21,50619337;6,207871306;;;;;;;;;;;;;;;;;;;;;;;;
77,67926715;21,51084256;-14,71907377;;;;;;;;;;;;;;;;;;;;;;;;
77,432913;21,5155067;-14,78527364;;;;;;;;;;;;;;;;;;;;;;;;
77,18465491;21,520186;-14,85031921;;;;;;;;;;;;;;;;;;;;;;;;
76,93449386;21,52488069;-14,91421469;;;;;;;;;;;;;;;;;;;;;;;;
76,68243062;21,52959098;-14,97696422;;;;;;;;;;;;;;;;;;;;;;;;
76,42846574;21,53431709;-15,0385718;;;;;;;;;;;;;;;;;;;;;;;;
76,1725996;21,53905924;-15,09904134;;;;;;;;;;;;;;;;;;;;;;;;
75,91483235;21,54381768;-15,15837665;;;;;;;;;;;;;;;;;;;;;;;;
75,65516394;21,54859262;-15,21658147;;;;;;;;;;;;;;;;;;;;;;;;
75,39359411;21,5533843;-15,27365943;;;;;;;;;;;;;;;;;;;;;;;;
75,13012239;21,55819298;-15,32961411;;;;;;;;;;;;;;;;;;;;;;;;
74,8647481;21,56301888;-15,384449;;;;;;;;;;;;;;;;;;;;;;;;
74,59747032;21,56786225;-15,43816753;;;;;;;;;;;;;;;;;;;;;;;;
74,32828794;21,57272336;-15,49077305;;;;;;;;;;;;;;;;;;;;;;;;
74,05719962;21,57760246;-15,5422689;;;;;;;;;;;;;;;;;;;;;;;;
73,78420379;21,58249979;-15,59265831;;;;;;;;;;;;;;;;;;;;;;;;
73,50929863;21,58741565;-15,64194448;;;;;;;;;;;;;;;;;;;;;;;;
73,23248212;21,59235028;-15,69013059;;;;;;;;;;;;;;;;;;;;;;;;
72,95375199;21,59730397;-15,73721975;;;;;;;;;;;;;;;;;;;;;;;;
72,67310571;21,60227699;-15,78321503;;;;;;;;;;;;;;;;;;;;;;;;
72,39054052;21,60726964;-15,82811948;;;;;;;;;;;;;;;;;;;;;;;;
72,10605341;21,6122822;-15,8719361;;;;;;;;;;;;;;;;;;;;;;;;
71,8196411;21,61731496;-15,91466788;;;;;;;;;;;;;;;;;;;;;;;;
71,53130006;21,62236823;-15,95631776;;;;;;;;;;;;;;;;;;;;;;;;
71,24102648;21,62744231;-15,99688868;;;;;;;;;;;;;;;;;;;;;;;;
70,94881628;21,63253751;-16,03638354;;;;;;;;;;;;;;;;;;;;;;;;
70,6546651;21,63766053;-20,80052015;;;;;;;;;;;;;;;;;;;;;;;;
70,27104373;21,64281162;-20,65072606;;;;;;;;;;;;;;;;;;;;;;;;
69,88809811;21,64799104;-20,49825903;;;;;;;;;;;;;;;;;;;;;;;;
69,50588958;21,65319904;-20,34281628;;;;;;;;;;;;;;;;;;;;;;;;
69,12448653;21,65843586;-20,18405691;;;;;;;;;;;;;;;;;;;;;;;;
68,74396531;21,66370176;-20,02159578;;;;;;;;;;;;;;;;;;;;;;;;
68,36441127;21,66899697;-19,85499616;;;;;;;;;;;;;;;;;;;;;;;;
67,98592004;21,67432174;-19,68376091;;;;;;;;;;;;;;;;;;;;;;;;
67,60859889;21,67967629;-19,50732177;;;;;;;;;;;;;;;;;;;;;;;;
67,2325685;21,68506084;-19,32502624;;;;;;;;;;;;;;;;;;;;;;;;
66,8579649;21,6904756;-19,13612165;;;;;;;;;;;;;;;;;;;;;;;;
66,48494189;21,69592076;-18,93973521;;;;;;;;;;;;;;;;;;;;;;;;
66,1136738;21,70139652;-18,73484932;;;;;;;;;;;;;;;;;;;;;;;;
65,74435901;21,70690302;-18,5202704;;;;;;;;;;;;;;;;;;;;;;;;
65,37722395;21,71244042;-18,2945893;;;;;;;;;;;;;;;;;;;;;;;;
65,01252828;21,71800881;-18,05613042;;;;;;;;;;;;;;;;;;;;;;;;
64,650571;21,72360829;-17,80288558;;;;;;;;;;;;;;;;;;;;;;;;
64,29169823;21,72923889;-17,53242686;;;;;;;;;;;;;;;;;;;;;;;;
63,93631294;21,73490062;-17,24178993;;;;;;;;;;;;;;;;;;;;;;;;
63,5848873;21,7405934;-16,92731527;;;;;;;;;;;;;;;;;;;;;;;;
63,23797867;21,74631711;-16,58442762;;;;;;;;;;;;;;;;;;;;;;;;
62,89625054;21,75207154;-16,20732257;;;;;;;;;;;;;;;;;;;;;;;;
62,5605005;21,75785637;-15,78850863;;;;;;;;;;;;;;;;;;;;;;;;
62,2316985;21,76367117;-15,3181159;;;;;;;;;;;;;;;;;;;;;;;;
61,91104037;21,76951532;-14,78280931;;;;;;;;;;;;;;;;;;;;;;;;
61,60002555;21,77538802;-14,16399127;;;;;;;;;;;;;;;;;;;;;;;;
61,30057432;21,78128819;-13,43462734;;;;;;;;;;;;;;;;;;;;;;;;
61,01521472;21,78721437;-12,5531214;;;;;;;;;;;;;;;;;;;;;;;;
60,74740335;21,79316457;-11,44991329;;;;;;;;;;;;;;;;;;;;;;;;
60,50213784;21,79913598;-9,991832464;;;;;;;;;;;;;;;;;;;;;;;;
60,28734292;21,80512418;-7,846574924;;;;;;;;;;;;;;;;;;;;;;;;
60,11819011;21,8111158;-1,589937804;;;;;;;;;;;;;;;;;;;;;;;;
60,08389541;21,81710742;0;;;;;;;;;;;;;;;;;;;;;;;;
60,0496007;21,82309905;-1,589937804;;;;;;;;;;;;;;;;;;;;;;;;
60,14457888;21,82909409;4,400772995;;;;;;;;;;;;;;;;;;;;;;;;
60,23886527;21,83507967;4,375628834;;;;;;;;;;;;;;;;;;;;;;;;
60,33248117;21,84105588;4,351323686;;;;;;;;;;;;;;;;;;;;;;;;
60,42544734;21,84702281;4,327839642;;;;;;;;;;;;;;;;;;;;;;;;
60,51778403;21,85298057;4,305158789;;;;;;;;;;;;;;;;;;;;;;;;
60,60951094;21,85892923;4,283263235;;;;;;;;;;;;;;;;;;;;;;;;
60,70064725;21,86486889;4,262135134;;;;;;;;;;;;;;;;;;;;;;;;
60,79121163;21,87079964;4,241756713;;;;;;;;;;;;;;;;;;;;;;;;
60,88122226;21,87672154;4,222110293;;;;;;;;;;;;;;;;;;;;;;;;
60,97069679;21,8826347;4,203178311;;;;;;;;;;;;;;;;;;;;;;;;
61,05965242;21,88853917;4,184943343;;;;;;;;;;;;;;;;;;;;;;;;
61,14810584;21,89443505;4,167388117;;;;;;;;;;;;;;;;;;;;;;;;
61,23607328;21,90032239;4,150495538;;;;;;;;;;;;;;;;;;;;;;;;
61,3235705;21,90620128;4,134248701;;;;;;;;;;;;;;;;;;;;;;;;
61,41061282;21,91207178;4,118630906;;;;;;;;;;;;;;;;;;;;;;;;
61,49721509;21,91793396;4,103625671;;;;;;;;;;;;;;;;;;;;;;;;
61,58339176;21,92378788;4,089216749;;;;;;;;;;;;;;;;;;;;;;;;
61,66915681;21,92963361;4,075388135;;;;;;;;;;;;;;;;;;;;;;;;
61,75452385;21,93547122;4,062124077;;;;;;;;;;;;;;;;;;;;;;;;
61,83950603;21,94130075;4,049409088;;;;;;;;;;;;;;;;;;;;;;;;
61,92411614;21,94712227;4,037227951;;;;;;;;;;;;;;;;;;;;;;;;
62,00836656;21,95293584;4,025565727;;;;;;;;;;;;;;;;;;;;;;;;
62,09226931;21,95874151;4,014407761;;;;;;;;;;;;;;;;;;;;;;;;
62,17583602;21,96453933;4,003739689;;;;;;;;;;;;;;;;;;;;;;;;
62,25907797;21,97032936;3,993547439;;;;;;;;;;;;;;;;;;;;;;;;
62,34200607;21,97611165;3,983817234;;;;;;;;;;;;;;;;;;;;;;;;
62,42463091;21,98188625;3,974535599;;;;;;;;;;;;;;;;;;;;;;;;
62,50696273;21,9876532;3,96568936;;;;;;;;;;;;;;;;;;;;;;;;
62,58901145;21,99341256;3,957265641;;;;;;;;;;;;;;;;;;;;;;;;
62,67576802;21,99916437;4,189821336;;;;;;;;;;;;;;;;;;;;;;;;
62,76574459;22,00490821;4,351350568;;;;;;;;;;;;;;;;;;;;;;;;
62,85872693;22,01064383;4,503168181;;;;;;;;;;;;;;;;;;;;;;;;
62,9545238;22,01637096;4,646349685;;;;;;;;;;;;;;;;;;;;;;;;
63,0529633;22,02208937;4,781799048;;;;;;;;;;;;;;;;;;;;;;;;
63,15389001;22,02779885;4,910284344;;;;;;;;;;;;;;;;;;;;;;;;
63,25716273;22,03349922;5,032464419;;;;;;;;;;;;;;;;;;;;;;;;
63,36265254;22,03919027;5,148909194;;;;;;;;;;;;;;;;;;;;;;;;
63,47024131;22,04487185;5,260115365;;;;;;;;;;;;;;;;;;;;;;;;
63,57982035;22,0505438;5,366518711;;;;;;;;;;;;;;;;;;;;;;;;
63,69128938;22,05620597;5,46850388;;;;;;;;;;;;;;;;;;;;;;;;
63,80455558;22,06185824;5,56641224;;;;;;;;;;;;;;;;;;;;;;;;
63,9195328;22,06750047;5,660548257;;;;;;;;;;;;;;;;;;;;;;;;
64,0361409;22,07313255;5,75118471;;;;;;;;;;;;;;;;;;;;;;;;
64,15430516;22,07875438;5,838567011;;;;;;;;;;;;;;;;;;;;;;;;
64,27395574;22,08436585;5,922916789;;;;;;;;;;;;;;;;;;;;;;;;
64,3950273;22,08996687;6,004434906;;;;;;;;;;;;;;;;;;;;;;;;
64,51745852;22,09555736;6,083303993;;;;;;;;;;;;;;;;;;;;;;;;
64,64119184;22,10113725;6,159690609;;;;;;;;;;;;;;;;;;;;;;;;
64,76617307;22,10670645;6,233747088;;;;;;;;;;;;;;;;;;;;;;;;
64,8923512;22,11226491;6,305613115;;;;;;;;;;;;;;;;;;;;;;;;
64,80818787;22,11783797;-10,55012521;;;;;;;;;;;;;;;;;;;;;;;;
64,59652071;22,1234299;-10,8336315;;;;;;;;;;;;;;;;;;;;;;;;
64,37842924;22,12904139;-11,10390177;;;;;;;;;;;;;;;;;;;;;;;;
64,15411539;22,1346731;-11,36185452;;;;;;;;;;;;;;;;;;;;;;;;
63,92376344;22,14032569;-11,60828582;;;;;;;;;;;;;;;;;;;;;;;;
63,68754238;22,14599961;-11,71621216;;;;;;;;;;;;;;;;;;;;;;;;
63,44822583;22,15169531;-11,83087332;;;;;;;;;;;;;;;;;;;;;;;;
63,20563969;22,15741324;-11,94361812;;;;;;;;;;;;;;;;;;;;;;;;
62,95978547;22,16315389;-12,05445459;;;;;;;;;;;;;;;;;;;;;;;;
62,71066399;22,16891774;-12,16339012;;;;;;;;;;;;;;;;;;;;;;;;
62,45827544;22,17470528;-12,27043155;;;;;;;;;;;;;;;;;;;;;;;;
62,20261934;22,18051701;-12,37558521;;;;;;;;;;;;;;;;;;;;;;;;
61,94369455;22,18635344;-12,47885696;;;;;;;;;;;;;;;;;;;;;;;;
61,68149925;22,1922151;-12,58025221;;;;;;;;;;;;;;;;;;;;;;;;
61,41603099;22,19810253;-12,67977603;;;;;;;;;;;;;;;;;;;;;;;;
61,14728661;22,20401626;-12,77743311;;;;;;;;;;;;;;;;;;;;;;;;
60,87526227;22,20995686;-12,87322783;;;;;;;;;;;;;;;;;;;;;;;;
60,59995342;22,21592489;-12,9671643;;;;;;;;;;;;;;;;;;;;;;;;
60,32135482;22,22192095;-13,05924634;;;;;;;;;;;;;;;;;;;;;;;;
60,0394605;22,22794563;-13,14947757;;;;;;;;;;;;;;;;;;;;;;;;
59,75426373;22,23399953;-13,2378614;;;;;;;;;;;;;;;;;;;;;;;;
59,46575704;22,24008329;-13,32440104;;;;;;;;;;;;;;;;;;;;;;;;
59,1739322;22,24619755;-13,40909955;;;;;;;;;;;;;;;;;;;;;;;;
58,87878014;22,25234296;-13,49195984;;;;;;;;;;;;;;;;;;;;;;;;
58,58029101;22,2585202;-13,5729847;;;;;;;;;;;;;;;;;;;;;;;;
58,27845411;22,26472996;-13,65217681;;;;;;;;;;;;;;;;;;;;;;;;
57,97325785;22,27097295;-13,72953873;;;;;;;;;;;;;;;;;;;;;;;;
57,66468978;22,27724989;-13,80507298;;;;;;;;;;;;;;;;;;;;;;;;
57,3527365;22,28356154;-13,87878199;;;;;;;;;;;;;;;;;;;;;;;;
57,03738365;22,28990866;-13,95066814;;;;;;;;;;;;;;;;;;;;;;;;
56,71861589;22,29629205;-14,02073377;;;;;;;;;;;;;;;;;;;;;;;;
56,39641686;22,30271251;-14,08898118;;;;;;;;;;;;;;;;;;;;;;;;
56,07076911;22,30917702;-16,4205581;;;;;;;;;;;;;;;;;;;;;;;;
55,68862567;22,31568608;-16,26452214;;;;;;;;;;;;;;;;;;;;;;;;
55,30750523;22,32224017;-16,10325026;;;;;;;;;;;;;;;;;;;;;;;;
54,92755362;22,32883975;-15,93609796;;;;;;;;;;;;;;;;;;;;;;;;
54,5489361;22,33548527;-15,76232078;;;;;;;;;;;;;;;;;;;;;;;;
54,1718404;22,34217716;-15,58105406;;;;;;;;;;;;;;;;;;;;;;;;
53,79648042;22,34891582;-15,39128762;;;;;;;;;;;;;;;;;;;;;;;;
53,42310058;22,35570161;-15,19183354;;;;;;;;;;;;;;;;;;;;;;;;
53,05198124;22,36253488;-14,98128504;;;;;;;;;;;;;;;;;;;;;;;;
52,68344525;22,36941589;-14,75796293;;;;;;;;;;;;;;;;;;;;;;;;
52,31786612;22,37634488;-14,5198454;;;;;;;;;;;;;;;;;;;;;;;;
51,95567819;22,38332197;-14,26447407;;;;;;;;;;;;;;;;;;;;;;;;
51,59738955;22,39034724;-13,9888264;;;;;;;;;;;;;;;;;;;;;;;;
51,24359865;22,39742063;-13,68913875;;;;;;;;;;;;;;;;;;;;;;;;
50,89501592;22,40454194;-13,36065499;;;;;;;;;;;;;;;;;;;;;;;;
50,55249257;22,41171081;-12,99725962;;;;;;;;;;;;;;;;;;;;;;;;
50,21705978;22,41892669;-12,59092361;;;;;;;;;;;;;;;;;;;;;;;;
49,88998337;22,42618873;-12,13083282;;;;;;;;;;;;;;;;;;;;;;;;
49,5728428;22,43349576;-11,60194426;;;;;;;;;;;;;;;;;;;;;;;;
49,26765025;22,44084614;-10,98243087;;;;;;;;;;;;;;;;;;;;;;;;
48,97703999;22,44823764;-10,23873668;;;;;;;;;;;;;;;;;;;;;;;;
48,70459335;22,45566714;-9,314717623;;;;;;;;;;;;;;;;;;;;;;;;
48,45545994;22,46313018;-8,102646161;;;;;;;;;;;;;;;;;;;;;;;;
48,23776683;22,47061972;-6,332586589;;;;;;;;;;;;;;;;;;;;;;;;
48,06702541;22,4781138;-1,080029251;;;;;;;;;;;;;;;;;;;;;;;;
48,03788762;22,48560789;0;;;;;;;;;;;;;;;;;;;;;;;;
48,00874983;22,49310197;-1,080029251;;;;;;;;;;;;;;;;;;;;;;;;
48,05841387;22,50060061;1,83974428;;;;;;;;;;;;;;;;;;;;;;;;
48,09671511;22,50809149;1,420290728;;;;;;;;;;;;;;;;;;;;;;;;
48,12155221;22,51558351;-2,611623281;;;;;;;;;;;;;;;;;;;;;;;;
48,05111339;22,52308652;-2,605374282;;;;;;;;;;;;;;;;;;;;;;;;
47,98074004;22,53060054;-2,598429949;;;;;;;;;;;;;;;;;;;;;;;;
47,9104513;22,53812558;-2,59063212;;;;;;;;;;;;;;;;;;;;;;;;
47,8402707;22,54566166;-2,581783635;;;;;;;;;;;;;;;;;;;;;;;;
47,77022725;22,55320877;-2,571637197;;;;;;;;;;;;;;;;;;;;;;;;
47,70035687;22,56076692;-2,559880316;;;;;;;;;;;;;;;;;;;;;;;;
47,63070422;22,56833609;-2,546114489;;;;;;;;;;;;;;;;;;;;;;;;
47,56132507;22,57591627;-2,529825763;;;;;;;;;;;;;;;;;;;;;;;;
47,49228956;22,58350742;-2,510341891;;;;;;;;;;;;;;;;;;;;;;;;
47,42368665;22,59110947;-2,4867678;;;;;;;;;;;;;;;;;;;;;;;;
47,3556303;22,59872235;-2,457884282;;;;;;;;;;;;;;;;;;;;;;;;
47,28826861;22,60634595;-2,421980495;;;;;;;;;;;;;;;;;;;;;;;;
47,22179747;22,61398011;-2,376558294;;;;;;;;;;;;;;;;;;;;;;;;
47,1564826;22,6216246;-2,317763307;;;;;;;;;;;;;;;;;;;;;;;;
47,09269731;22,62927913;-2,23915151;;;;;;;;;;;;;;;;;;;;;;;;
47,03099459;22,63694323;-2,128491309;;;;;;;;;;;;;;;;;;;;;;;;
46,97226792;22,64461615;-1,956447164;;;;;;;;;;;;;;;;;;;;;;;;
46,9182259;22,65229377;-1,037352065;;;;;;;;;;;;;;;;;;;;;;;;
46,8895541;22,65997138;0;;;;;;;;;;;;;;;;;;;;;;;;
46,86088229;22,667649;-1,037352065;;;;;;;;;;;;;;;;;;;;;;;;
46,95192138;22,67533131;3,291799376;;;;;;;;;;;;;;;;;;;;;;;;
47,08500592;22,68299873;4,821431349;;;;;;;;;;;;;;;;;;;;;;;;
47,24682498;22,69064448;5,879051908;;;;;;;;;;;;;;;;;;;;;;;;
47,43044691;22,69826404;6,694099707;;;;;;;;;;;;;;;;;;;;;;;;
47,63144954;22,7058541;7,356207454;;;;;;;;;;;;;;;;;;;;;;;;
47,84671991;22,71341213;7,91175876;;;;;;;;;;;;;;;;;;;;;;;;
48,07393405;22,72093616;8,388465652;;;;;;;;;;;;;;;;;;;;;;;;
48,31128781;22,72842462;8,804420614;;;;;;;;;;;;;;;;;;;;;;;;
48,55734077;22,7358763;9,172172249;;;;;;;;;;;;;;;;;;;;;;;;
48,81091842;22,74329021;9,500815153;;;;;;;;;;;;;;;;;;;;;;;;
49,07104722;22,75066561;9,797164759;;;;;;;;;;;;;;;;;;;;;;;;
49,33690945;22,75800191;10,06646475;;;;;;;;;;;;;;;;;;;;;;;;
49,60781082;22,76529868;10,31283638;;;;;;;;;;;;;;;;;;;;;;;;
49,88315638;22,7725556;10,53957626;;;;;;;;;;;;;;;;;;;;;;;;
50,16243245;22,77977247;10,74936081;;;;;;;;;;;;;;;;;;;;;;;;
50,44519246;22,78694915;10,94439062;;;;;;;;;;;;;;;;;;;;;;;;
50,73104602;22,79408561;11,12649506;;;;;;;;;;;;;;;;;;;;;;;;
51,01965004;22,80118186;11,29720961;;;;;;;;;;;;;;;;;;;;;;;;
51,31070168;22,80823796;11,45783409;;;;;;;;;;;;;;;;;;;;;;;;
51,60393256;22,81525404;11,60947723;;;;;;;;;;;;;;;;;;;;;;;;
51,89910399;22,82223025;11,75309122;;;;;;;;;;;;;;;;;;;;;;;;
52,19474462;22,82916679;11,83910778;;;;;;;;;;;;;;;;;;;;;;;;
52,4868242;22,83606404;11,76313198;;;;;;;;;;;;;;;;;;;;;;;;
52,77542335;22,8429229;11,68800411;;;;;;;;;;;;;;;;;;;;;;;;
53,06061979;22,84974426;11,61370586;;;;;;;;;;;;;;;;;;;;;;;;
53,34248843;22,85652895;11,54021955;;;;;;;;;;;;;;;;;;;;;;;;
53,62110154;22,86327779;11,46752813;;;;;;;;;;;;;;;;;;;;;;;;
53,89652887;22,86999157;11,39561515;;;;;;;;;;;;;;;;;;;;;;;;
54,16883781;22,87667103;11,32446471;;;;;;;;;;;;;;;;;;;;;;;;
54,43809342;22,88331692;11,25406145;;;;;;;;;;;;;;;;;;;;;;;;
54,7043401;22,88992994;11,18361229;;;;;;;;;;;;;;;;;;;;;;;;
54,96755008;22,89651077;11,11012983;;;;;;;;;;;;;;;;;;;;;;;;
55,22778562;22,90306008;11,03743091;;;;;;;;;;;;;;;;;;;;;;;;
55,48510697;22,90957854;10,96550021;;;;;;;;;;;;;;;;;;;;;;;;
55,73957242;22,91606677;10,89432287;;;;;;;;;;;;;;;;;;;;;;;;
55,9912384;22,92252538;10,82388452;;;;;;;;;;;;;;;;;;;;;;;;
56,2401596;22,92895495;10,75417121;;;;;;;;;;;;;;;;;;;;;;;;
56,48638898;22,93535607;10,68516944;;;;;;;;;;;;;;;;;;;;;;;;
56,7299779;22,94172929;10,61686612;;;;;;;;;;;;;;;;;;;;;;;;
56,97097616;22,94807514;10,54924855;;;;;;;;;;;;;;;;;;;;;;;;
57,20943208;22,95439415;10,48230439;;;;;;;;;;;;;;;;;;;;;;;;
57,44539254;22,96068682;10,41602168;;;;;;;;;;;;;;;;;;;;;;;;
57,67890307;22,96695364;10,35038879;;;;;;;;;;;;;;;;;;;;;;;;
57,91000786;22,97319509;10,28539445;;;;;;;;;;;;;;;;;;;;;;;;
58,13874988;22,97941163;10,22102766;;;;;;;;;;;;;;;;;;;;;;;;
58,36517085;22,98560372;10,15727777;;;;;;;;;;;;;;;;;;;;;;;;
58,58931134;22,99177178;10,09413441;;;;;;;;;;;;;;;;;;;;;;;;
58,81121081;22,99791624;10,03158747;;;;;;;;;;;;;;;;;;;;;;;;
59,03090765;23,00403752;9,969627148;;;;;;;;;;;;;;;;;;;;;;;;
59,248426;23,01013603;9,907643219;;;;;;;;;;;;;;;;;;;;;;;;
59,46378856;23,01621214;9,845596581;;;;;;;;;;;;;;;;;;;;;;;;
59,67703146;23,02226624;9,784128377;;;;;;;;;;;;;;;;;;;;;;;;
59,88818984;23,02829871;9,723229382;;;;;;;;;;;;;;;;;;;;;;;;
60,09729795;23,03430991;9,662890608;;;;;;;;;;;;;;;;;;;;;;;;
60,30438915;23,0403002;9,603103296;;;;;;;;;;;;;;;;;;;;;;;;
60,50949597;23,04626991;9,543858904;;;;;;;;;;;;;;;;;;;;;;;;
60,71265009;23,05221939;9,485149105;;;;;;;;;;;;;;;;;;;;;;;;
60,91388241;23,05814897;9,426965775;;;;;;;;;;;;;;;;;;;;;;;;
61,11322308;23,06405895;9,369300988;;;;;;;;;;;;;;;;;;;;;;;;
61,3107015;23,06994965;9,312147008;;;;;;;;;;;;;;;;;;;;;;;;
61,50634635;23,07582139;9,255496285;;;;;;;;;;;;;;;;;;;;;;;;
61,70018564;23,08167444;9,199341445;;;;;;;;;;;;;;;;;;;;;;;;
61,8922467;23,08750911;9,143675288;;;;;;;;;;;;;;;;;;;;;;;;
62,08255623;23,09332567;9,088490781;;;;;;;;;;;;;;;;;;;;;;;;
62,27114028;23,0991244;9,033781049;;;;;;;;;;;;;;;;;;;;;;;;
62,45855917;23,10490557;9,005237588;;;;;;;;;;;;;;;;;;;;;;;;
62,64484802;23,11066939;8,977880553;;;;;;;;;;;;;;;;;;;;;;;;
62,82985343;23,11641607;8,942620351;;;;;;;;;;;;;;;;;;;;;;;;
63,01359123;23,12214583;8,90757618;;;;;;;;;;;;;;;;;;;;;;;;
63,19607691;23,12785888;8,8727456;;;;;;;;;;;;;;;;;;;;;;;;
63,37732569;23,13355544;8,838126213;;;;;;;;;;;;;;;;;;;;;;;;
63,55735246;23,1392357;8,803715671;;;;;;;;;;;;;;;;;;;;;;;;
63,73617185;23,14489988;8,769511665;;;;;;;;;;;;;;;;;;;;;;;;
63,9137982;23,15054816;8,735511932;;;;;;;;;;;;;;;;;;;;;;;;
64,09024557;23,15618075;8,701714251;;;;;;;;;;;;;;;;;;;;;;;;
64,26552777;23,16179783;8,668116439;;;;;;;;;;;;;;;;;;;;;;;;
64,43965833;23,16739959;8,634716354;;;;;;;;;;;;;;;;;;;;;;;;
64,61265055;23,17298621;8,601511893;;;;;;;;;;;;;;;;;;;;;;;;
64,78451747;23,17855788;8,56850099;;;;;;;;;;;;;;;;;;;;;;;;
64,9552719;23,18411476;8,535681615;;;;;;;;;;;;;;;;;;;;;;;;
65,12492641;23,18965703;8,503051774;;;;;;;;;;;;;;;;;;;;;;;;
65,29349336;23,19518487;8,470609509;;;;;;;;;;;;;;;;;;;;;;;;
65,45856701;23,20069844;8,316539742;;;;;;;;;;;;;;;;;;;;;;;;
65,61750893;23,2061981;8,027863026;;;;;;;;;;;;;;;;;;;;;;;;
65,7700957;23,21168444;7,725589297;;;;;;;;;;;;;;;;;;;;;;;;
65,91608214;23,21715805;7,408597064;;;;;;;;;;;;;;;;;;;;;;;;
66,05519754;23,22261954;7,075572695;;;;;;;;;;;;;;;;;;;;;;;;
66,18714089;23,22806953;6,724957079;;;;;;;;;;;;;;;;;;;;;;;;
66,31157463;23,23350865;6,354871295;;;;;;;;;;;;;;;;;;;;;;;;
66,42811629;23,23893757;5,963010181;;;;;;;;;;;;;;;;;;;;;;;;
66,53632717;23,24435696;5,546484954;;;;;;;;;;;;;;;;;;;;;;;;
66,63569619;23,24976754;5,101581411;;;;;;;;;;;;;;;;;;;;;;;;
66,54369853;23,25519007;-7,88987903;;;;;;;;;;;;;;;;;;;;;;;;
66,38967936;23,26062479;-7,613646294;;;;;;;;;;;;;;;;;;;;;;;;
66,24071833;23,26607131;-7,313315196;;;;;;;;;;;;;;;;;;;;;;;;
66,09732286;23,27152915;-6,983350008;;;;;;;;;;;;;;;;;;;;;;;;
65,96011234;23,27699779;-6,615865017;;;;;;;;;;;;;;;;;;;;;;;;
65,82986506;23,28247661;-6,198934432;;;;;;;;;;;;;;;;;;;;;;;;
65,70759885;23,28796486;-5,712912325;;;;;;;;;;;;;;;;;;;;;;;;
65,59472492;23,2934616;-5,120812575;;;;;;;;;;;;;;;;;;;;;;;;
65,49339297;23,29896555;-4,333694118;;;;;;;;;;;;;;;;;;;;;;;;
65,40752414;23,30447435;-2,903987748;;;;;;;;;;;;;;;;;;;;;;;;
65,34993314;23,30998625;-1,846667238;;;;;;;;;;;;;;;;;;;;;;;;
65,31329005;23,31549814;0;;;;;;;;;;;;;;;;;;;;;;;;
65,27664697;23,32101004;-1,846666649;;;;;;;;;;;;;;;;;;;;;;;;
65,26370836;23,32652503;-0,651689009;;;;;;;;;;;;;;;;;;;;;;;;
65,25816641;23,33204111;-0,279080482;;;;;;;;;;;;;;;;;;;;;;;;
65,25789677;23,33755766;-0,01357734;;;;;;;;;;;;;;;;;;;;;;;;
65,2617897;23,34307424;0,196021763;;;;;;;;;;;;;;;;;;;;;;;;
65,26913606;23,34859048;0,369935619;;;;;;;;;;;;;;;;;;;;;;;;
65,2794341;23,3541061;0,518629781;;;;;;;;;;;;;;;;;;;;;;;;
65,29230593;23,35962086;0,648353207;;;;;;;;;;;;;;;;;;;;;;;;
65,30745462;23,36513452;0,763189223;;;;;;;;;;;;;;;;;;;;;;;;
65,32463961;23,37064691;0,86597831;;;;;;;;;;;;;;;;;;;;;;;;
65,3436614;23,37615785;0,958789616;;;;;;;;;;;;;;;;;;;;;;;;
65,36435151;23,38166718;1,043184791;;;;;;;;;;;;;;;;;;;;;;;;
65,38656556;23,38717477;1,120376067;;;;;;;;;;;;;;;;;;;;;;;;
65,41017834;23,39268049;1,191326202;;;;;;;;;;;;;;;;;;;;;;;;
65,43508015;23,39818422;1,256814444;;;;;;;;;;;;;;;;;;;;;;;;
65,46117405;23,40368586;1,317481664;;;;;;;;;;;;;;;;;;;;;;;;
65,48837376;23,4091853;1,373862159;;;;;;;;;;;;;;;;;;;;;;;;
65,51660203;23,41468246;1,426406653;;;;;;;;;;;;;;;;;;;;;;;;
65,54578924;23,42017725;1,475499289;;;;;;;;;;;;;;;;;;;;;;;;
65,57587242;23,42566959;1,521470437;;;;;;;;;;;;;;;;;;;;;;;;
65,60679431;23,43115942;1,564606499;;;;;;;;;;;;;;;;;;;;;;;;
65,63850267;23,43664665;1,605157539;;;;;;;;;;;;;;;;;;;;;;;;
65,67094968;23,44213124;1,643343299;;;;;;;;;;;;;;;;;;;;;;;;
65,7040914;23,44761311;1,679357985;;;;;;;;;;;;;;;;;;;;;;;;
65,73788736;23,45309223;1,71337414;;;;;;;;;;;;;;;;;;;;;;;;
65,7723002;23,45856852;1,745545788;;;;;;;;;;;;;;;;;;;;;;;;
65,80729533;23,46404195;1,776011019;;;;;;;;;;;;;;;;;;;;;;;;
65,84284067;23,46951247;1,804894132;;;;;;;;;;;;;;;;;;;;;;;;
65,8789064;23,47498003;1,832307423;;;;;;;;;;;;;;;;;;;;;;;;
65,91546477;23,4804446;1,858352684;;;;;;;;;;;;;;;;;;;;;;;;
65,95838239;23,48590614;2,182820271;;;;;;;;;;;;;;;;;;;;;;;;
66,00686521;23,49136413;2,467475558;;;;;;;;;;;;;;;;;;;;;;;;
66,06031654;23,49681811;2,72234177;;;;;;;;;;;;;;;;;;;;;;;;
66,11825713;23,50226767;2,953374781;;;;;;;;;;;;;;;;;;;;;;;;
66,18029148;23,50771246;3,16481721;;;;;;;;;;;;;;;;;;;;;;;;
66,24608636;23,51315215;3,35981772;;;;;;;;;;;;;;;;;;;;;;;;
66,3153563;23,51858643;3,540788975;;;;;;;;;;;;;;;;;;;;;;;;
66,38785349;23,52401504;3,709627652;;;;;;;;;;;;;;;;;;;;;;;;
66,46336041;23,52943772;3,867856443;;;;;;;;;;;;;;;;;;;;;;;;
66,54168429;23,53485424;4,016719414;;;;;;;;;;;;;;;;;;;;;;;;
66,62265299;23,54026438;4,157248207;;;;;;;;;;;;;;;;;;;;;;;;
66,7061117;23,54566795;4,290309281;;;;;;;;;;;;;;;;;;;;;;;;
66,79192038;23,55106475;4,416638452;;;;;;;;;;;;;;;;;;;;;;;;
66,87995168;23,55645463;4,53686667;;;;;;;;;;;;;;;;;;;;;;;;
66,97008923;23,56183741;4,651539608;;;;;;;;;;;;;;;;;;;;;;;;
67,06222631;23,56721294;4,761132785;;;;;;;;;;;;;;;;;;;;;;;;
67,15626461;23,57258109;4,866063413;;;;;;;;;;;;;;;;;;;;;;;;
67,25211335;23,57794172;4,966699789;;;;;;;;;;;;;;;;;;;;;;;;
67,34968836;23,58329471;5,063368842;;;;;;;;;;;;;;;;;;;;;;;;
67,44891147;23,58863995;5,156362236;;;;;;;;;;;;;;;;;;;;;;;;
67,54970984;23,59397732;5,245941376;;;;;;;;;;;;;;;;;;;;;;;;
67,65201545;23,59930673;5,332341531;;;;;;;;;;;;;;;;;;;;;;;;
67,75576468;23,60462808;5,415775272;;;;;;;;;;;;;;;;;;;;;;;;
67,86089788;23,60994128;5,496435349;;;;;;;;;;;;;;;;;;;;;;;;
67,96735902;23,61524625;5,574497114;;;;;;;;;;;;;;;;;;;;;;;;
68,07509538;23,62054291;5,650120586;;;;;;;;;;;;;;;;;;;;;;;;
68,18405732;23,62583119;5,723452205;;;;;;;;;;;;;;;;;;;;;;;;
68,29419796;23,63111101;5,794626346;;;;;;;;;;;;;;;;;;;;;;;;
68,40547303;23,63638233;5,863766617;;;;;;;;;;;;;;;;;;;;;;;;
68,51784063;23,64164506;5,930986989;;;;;;;;;;;;;;;;;;;;;;;;
68,62423483;23,64689917;5,624923646;;;;;;;;;;;;;;;;;;;;;;;;
68,72530968;23,65214513;5,351993826;;;;;;;;;;;;;;;;;;;;;;;;
68,82090588;23,65738337;5,069350633;;;;;;;;;;;;;;;;;;;;;;;;
68,91084741;23,66261434;4,776124841;;;;;;;;;;;;;;;;;;;;;;;;
68,9949382;23,66783848;4,471271234;;;;;;;;;;;;;;;;;;;;;;;;
69,07295774;23,67305626;4,153513131;;;;;;;;;;;;;;;;;;;;;;;;
69,12504436;23,67827486;-7,507221906;;;;;;;;;;;;;;;;;;;;;;;;
68,98400645;23,68350404;-7,417555551;;;;;;;;;;;;;;;;;;;;;;;;
68,84437046;23,68874375;-7,324569873;;;;;;;;;;;;;;;;;;;;;;;;
68,70620765;23,69399389;-7,227959001;;;;;;;;;;;;;;;;;;;;;;;;
68,56959558;23,69925438;-7,127374963;;;;;;;;;;;;;;;;;;;;;;;;
68,43461889;23,70452514;-7,022419332;;;;;;;;;;;;;;;;;;;;;;;;
68,30137039;23,70980606;-6,912632618;;;;;;;;;;;;;;;;;;;;;;;;
68,1699522;23,71509703;-6,797480627;;;;;;;;;;;;;;;;;;;;;;;;
68,04047728;23,72039792;-6,676336658;;;;;;;;;;;;;;;;;;;;;;;;
67,91307129;23,7257086;-6,548457859;;;;;;;;;;;;;;;;;;;;;;;;
67,78787484;23,73102893;-6,412953238;;;;;;;;;;;;;;;;;;;;;;;;
67,66504647;23,73635873;-6,268739394;;;;;;;;;;;;;;;;;;;;;;;;
67,54476644;23,74169782;-6,114477702;;;;;;;;;;;;;;;;;;;;;;;;
67,42724179;23,74704599;-5,948482432;;;;;;;;;;;;;;;;;;;;;;;;
67,31271315;23,75240301;-5,768581484;;;;;;;;;;;;;;;;;;;;;;;;
67,20146436;23,75776863;-5,571895912;;;;;;;;;;;;;;;;;;;;;;;;
67,09383634;23,76314255;-5,354471596;;;;;;;;;;;;;;;;;;;;;;;;
66,9902482;23,76852442;-5,110619996;;;;;;;;;;;;;;;;;;;;;;;;
66,89123128;23,77391385;-4,831625389;;;;;;;;;;;;;;;;;;;;;;;;
66,79748844;23,77931034;-4,502863022;;;;;;;;;;;;;;;;;;;;;;;;
66,71000965;23,78471328;-4,095982208;;;;;;;;;;;;;;;;;;;;;;;;
66,63034035;23,79012182;-3,538653037;;;;;;;;;;;;;;;;;;;;;;;;
66,56144018;23,79553338;-1,909170628;;;;;;;;;;;;;;;;;;;;;;;;
66,52424645;23,80094494;0;;;;;;;;;;;;;;;;;;;;;;;;
66,48705273;23,8063565;-1,909170032;;;;;;;;;;;;;;;;;;;;;;;;
66,51421753;23,81177109;1,393601567;;;;;;;;;;;;;;;;;;;;;;;;
66,56073436;23,81718347;2,387369297;;;;;;;;;;;;;;;;;;;;;;;;
66,62186235;23,82259206;3,139447498;;;;;;;;;;;;;;;;;;;;;;;;
66,69493057;23,82799569;3,756127341;;;;;;;;;;;;;;;;;;;;;;;;
66,77815947;23,8333934;4,283136992;;;;;;;;;;;;;;;;;;;;;;;;
66,87025266;23,83878439;4,745226945;;;;;;;;;;;;;;;;;;;;;;;;
66,97021148;23,84416795;5,157616508;;;;;;;;;;;;;;;;;;;;;;;;
67,07723647;23,84954347;5,530468084;;;;;;;;;;;;;;;;;;;;;;;;
67,19066958;23,85491042;5,870971946;;;;;;;;;;;;;;;;;;;;;;;;
67,30995747;23,86026831;6,184438954;;;;;;;;;;;;;;;;;;;;;;;;
67,43462701;23,8656167;6,474924218;;;;;;;;;;;;;;;;;;;;;;;;
67,56426822;23,8709552;6,745606889;;;;;;;;;;;;;;;;;;;;;;;;
67,69852184;23,87628346;6,99903357;;;;;;;;;;;;;;;;;;;;;;;;
67,83707016;23,88160115;7,237280905;;;;;;;;;;;;;;;;;;;;;;;;
67,97962997;23,88690799;7,462067984;;;;;;;;;;;;;;;;;;;;;;;;
68,12594715;23,89220369;7,674836312;;;;;;;;;;;;;;;;;;;;;;;;
68,27579231;23,89748802;7,876808128;;;;;;;;;;;;;;;;;;;;;;;;
68,42506524;23,90276075;7,863987564;;;;;;;;;;;;;;;;;;;;;;;;
68,57346455;23,90802198;7,835055859;;;;;;;;;;;;;;;;;;;;;;;;
68,72099879;23,91327183;7,806276183;;;;;;;;;;;;;;;;;;;;;;;;
68,8677238;23,9185104;7,780161453;;;;;;;;;;;;;;;;;;;;;;;;
69,0136723;23,92373781;7,75550984;;;;;;;;;;;;;;;;;;;;;;;;
69,15885135;23,92895417;7,730971968;;;;;;;;;;;;;;;;;;;;;;;;
69,30326793;23,93415958;7,706546912;;;;;;;;;;;;;;;;;;;;;;;;
69,44692891;23,93935414;7,682233762;;;;;;;;;;;;;;;;;;;;;;;;
69,58984104;23,94453795;7,658031619;;;;;;;;;;;;;;;;;;;;;;;;
69,73201102;23,94971112;7,633939597;;;;;;;;;;;;;;;;;;;;;;;;
69,8734454;23,95487374;7,609956821;;;;;;;;;;;;;;;;;;;;;;;;
70,01415068;23,96002592;7,586082427;;;;;;;;;;;;;;;;;;;;;;;;
70,15413325;23,96516773;7,562315565;;;;;;;;;;;;;;;;;;;;;;;;
70,29339942;23,97029929;7,538655396;;;;;;;;;;;;;;;;;;;;;;;;
70,43195541;23,97542068;7,515101088;;;;;;;;;;;;;;;;;;;;;;;;
70,56980733;23,980532;7,491651826;;;;;;;;;;;;;;;;;;;;;;;;
70,70696125;23,98563333;7,4683068;;;;;;;;;;;;;;;;;;;;;;;;
70,84342313;23,99072477;7,445065214;;;;;;;;;;;;;;;;;;;;;;;;
70,97919884;23,9958064;7,421926281;;;;;;;;;;;;;;;;;;;;;;;;
71,1142942;24,00087831;7,398889225;;;;;;;;;;;;;;;;;;;;;;;;
71,24871493;24,00594058;7,375953277;;;;;;;;;;;;;;;;;;;;;;;;
71,38246669;24,0109933;7,353117682;;;;;;;;;;;;;;;;;;;;;;;;
71,51555504;24,01603656;7,330381692;;;;;;;;;;;;;;;;;;;;;;;;
71,64798548;24,02107043;7,307744567;;;;;;;;;;;;;;;;;;;;;;;;
71,77976346;24,02609499;7,285205579;;;;;;;;;;;;;;;;;;;;;;;;
71,91089432;24,03111033;7,262764008;;;;;;;;;;;;;;;;;;;;;;;;
72,04138335;24,03611653;7,240419142;;;;;;;;;;;;;;;;;;;;;;;;
72,17123578;24,04111366;7,218170279;;;;;;;;;;;;;;;;;;;;;;;;
72,30045676;24,04610179;7,196016724;;;;;;;;;;;;;;;;;;;;;;;;
72,42905138;24,05108102;7,173957791;;;;;;;;;;;;;;;;;;;;;;;;
72,55702465;24,0560514;7,151992804;;;;;;;;;;;;;;;;;;;;;;;;
72,68438154;24,06101301;7,130121092;;;;;;;;;;;;;;;;;;;;;;;;
72,81112694;24,06596593;7,108341994;;;;;;;;;;;;;;;;;;;;;;;;
72,93726569;24,07091023;7,086654857;;;;;;;;;;;;;;;;;;;;;;;;
73,06280257;24,07584598;7,065059034;;;;;;;;;;;;;;;;;;;;;;;;
73,18774228;24,08077325;7,043553886;;;;;;;;;;;;;;;;;;;;;;;;
73,3120895;24,0856921;7,022138784;;;;;;;;;;;;;;;;;;;;;;;;
73,43584881;24,09060262;7,000813103;;;;;;;;;;;;;;;;;;;;;;;;
73,55902477;24,09550486;6,979576226;;;;;;;;;;;;;;;;;;;;;;;;
73,68162185;24,10039888;6,958427544;;;;;;;;;;;;;;;;;;;;;;;;
73,8036445;24,10528477;6,937366455;;;;;;;;;;;;;;;;;;;;;;;;
73,9250971;24,11016258;6,916392362;;;;;;;;;;;;;;;;;;;;;;;;
74,04598398;24,11503237;6,895504676;;;;;;;;;;;;;;;;;;;;;;;;
74,16630941;24,11989422;6,874702816;;;;;;;;;;;;;;;;;;;;;;;;
74,28607762;24,12474817;6,853986204;;;;;;;;;;;;;;;;;;;;;;;;
74,40529279;24,1295943;6,833354273;;;;;;;;;;;;;;;;;;;;;;;;
74,52395904;24,13443267;6,812806457;;;;;;;;;;;;;;;;;;;;;;;;
74,64208045;24,13926333;6,7923422;;;;;;;;;;;;;;;;;;;;;;;;
74,75966106;24,14408635;6,771960951;;;;;;;;;;;;;;;;;;;;;;;;
74,87670485;24,14890178;6,751662165;;;;;;;;;;;;;;;;;;;;;;;;
74,99321371;24,15370968;6,731326452;;;;;;;;;;;;;;;;;;;;;;;;
75,10917549;24,15851012;6,710143921;;;;;;;;;;;;;;;;;;;;;;;;
75,22459427;24,16330314;6,689050299;;;;;;;;;;;;;;;;;;;;;;;;
75,33947407;24,16808881;6,668044995;;;;;;;;;;;;;;;;;;;;;;;;
75,45381887;24,17286718;6,647127423;;;;;;;;;;;;;;;;;;;;;;;;
75,5676326;24,17763831;6,626297003;;;;;;;;;;;;;;;;;;;;;;;;
75,68091916;24,18240225;6,605553162;;;;;;;;;;;;;;;;;;;;;;;;
75,79368238;24,18715907;6,584895333;;;;;;;;;;;;;;;;;;;;;;;;
75,90592607;24,1919088;6,564322954;;;;;;;;;;;;;;;;;;;;;;;;
76,01765398;24,19665152;6,543835471;;;;;;;;;;;;;;;;;;;;;;;;
76,12886984;24,20138726;6,523432333;;;;;;;;;;;;;;;;;;;;;;;;
76,23957731;24,20611608;6,503112998;;;;;;;;;;;;;;;;;;;;;;;;
76,34978002;24,21083804;6,482876927;;;;;;;;;;;;;;;;;;;;;;;;
76,45948158;24,21555318;6,462723588;;;;;;;;;;;;;;;;;;;;;;;;
76,56868553;24,22026156;6,442652454;;;;;;;;;;;;;;;;;;;;;;;;
76,67739539;24,22496322;6,422663003;;;;;;;;;;;;;;;;;;;;;;;;
76,78561464;24,22965821;6,40275472;;;;;;;;;;;;;;;;;;;;;;;;
76,89334672;24,23434659;6,382927093;;;;;;;;;;;;;;;;;;;;;;;;
77,00059502;24,2390284;6,363179616;;;;;;;;;;;;;;;;;;;;;;;;
77,10736291;24,24370369;6,343511789;;;;;;;;;;;;;;;;;;;;;;;;
77,21365372;24,2483725;6,323923116;;;;;;;;;;;;;;;;;;;;;;;;
77,31947075;24,25303489;6,304413107;;;;;;;;;;;;;;;;;;;;;;;;
77,42481725;24,2576909;6,284981276;;;;;;;;;;;;;;;;;;;;;;;;
77,52969645;24,26234057;6,265627141;;;;;;;;;;;;;;;;;;;;;;;;
77,63411154;24,26698395;6,246350226;;;;;;;;;;;;;;;;;;;;;;;;
77,73806567;24,27162109;6,22715006;;;;;;;;;;;;;;;;;;;;;;;;
77,84156196;24,27625202;6,208026176;;;;;;;;;;;;;;;;;;;;;;;;
77,94460352;24,2808768;6,188978111;;;;;;;;;;;;;;;;;;;;;;;;
78,04719339;24,28549547;6,170005407;;;;;;;;;;;;;;;;;;;;;;;;
78,14933461;24,29010806;6,151107612;;;;;;;;;;;;;;;;;;;;;;;;
78,25103017;24,29471463;6,132284274;;;;;;;;;;;;;;;;;;;;;;;;
78,35228304;24,29931521;6,11353495;;;;;;;;;;;;;;;;;;;;;;;;
78,45309615;24,30390984;6,094859199;;;;;;;;;;;;;;;;;;;;;;;;
78,55347242;24,30849857;6,076256584;;;;;;;;;;;;;;;;;;;;;;;;
78,6534147;24,31308143;6,057726674;;;;;;;;;;;;;;;;;;;;;;;;
78,75292587;24,31765848;6,039269038;;;;;;;;;;;;;;;;;;;;;;;;
78,85200872;24,32222973;6,020883254;;;;;;;;;;;;;;;;;;;;;;;;
78,95066606;24,32679525;6,002568901;;;;;;;;;;;;;;;;;;;;;;;;
79,04890064;24,33135506;5,984325562;;;;;;;;;;;;;;;;;;;;;;;;
79,14671521;24,3359092;5,966152824;;;;;;;;;;;;;;;;;;;;;;;;
79,24411247;24,34045772;5,948050279;;;;;;;;;;;;;;;;;;;;;;;;
79,3410951;24,34500064;5,930017522;;;;;;;;;;;;;;;;;;;;;;;;
79,43766577;24,34953801;5,912054151;;;;;;;;;;;;;;;;;;;;;;;;
79,53382709;24,35406987;5,894159768;;;;;;;;;;;;;;;;;;;;;;;;
79,62958168;24,35859624;5,876333979;;;;;;;;;;;;;;;;;;;;;;;;
79,72493211;24,36311718;5,858576394;;;;;;;;;;;;;;;;;;;;;;;;
79,81988094;24,3676327;5,840886625;;;;;;;;;;;;;;;;;;;;;;;;
79,9144307;24,37214286;5,823264289;;;;;;;;;;;;;;;;;;;;;;;;
80,00858389;24,37664767;5,805709005;;;;;;;;;;;;;;;;;;;;;;;;
80,102343;24,38114719;5,788220397;;;;;;;;;;;;;;;;;;;;;;;;
80,19571049;24,38564144;5,77079809;;;;;;;;;;;;;;;;;;;;;;;;
80,28868879;24,39013046;5,753441715;;;;;;;;;;;;;;;;;;;;;;;;
80,3812803;24,39461428;5,736150904;;;;;;;;;;;;;;;;;;;;;;;;
80,47348743;24,39909293;5,718925294;;;;;;;;;;;;;;;;;;;;;;;;
80,56531254;24,40356646;5,701764524;;;;;;;;;;;;;;;;;;;;;;;;
80,65675798;24,40803488;5,684668236;;;;;;;;;;;;;;;;;;;;;;;;
80,74782606;24,41249824;5,667636076;;;;;;;;;;;;;;;;;;;;;;;;
80,8385191;24,41695656;5,650667693;;;;;;;;;;;;;;;;;;;;;;;;
80,92883936;24,42140989;5,633762737;;;;;;;;;;;;;;;;;;;;;;;;
81,01878912;24,42585824;5,616920863;;;;;;;;;;;;;;;;;;;;;;;;
81,10837061;24,43030165;5,60014173;;;;;;;;;;;;;;;;;;;;;;;;
81,19758574;24,43474016;5,58340623;;;;;;;;;;;;;;;;;;;;;;;;
81,28643276;24,43917379;5,566484267;;;;;;;;;;;;;;;;;;;;;;;;
81,37491389;24,44360257;5,549625934;;;;;;;;;;;;;;;;;;;;;;;;
81,46303133;24,44802654;5,532830884;;;;;;;;;;;;;;;;;;;;;;;;
81,55078726;24,45244572;5,516098777;;;;;;;;;;;;;;;;;;;;;;;;
81,63818384;24,45686015;5,499429271;;;;;;;;;;;;;;;;;;;;;;;;
81,72522323;24,46126985;5,482822031;;;;;;;;;;;;;;;;;;;;;;;;
81,81190754;24,46567486;5,466276722;;;;;;;;;;;;;;;;;;;;;;;;
81,89823888;24,47007519;5,449793014;;;;;;;;;;;;;;;;;;;;;;;;
81,98421934;24,47447089;5,433370577;;;;;;;;;;;;;;;;;;;;;;;;
82,06985099;24,47886198;5,417009088;;;;;;;;;;;;;;;;;;;;;;;;
82,15513587;24,48324849;5,400708221;;;;;;;;;;;;;;;;;;;;;;;;
82,24007603;24,48763044;5,384467658;;;;;;;;;;;;;;;;;;;;;;;;
82,32467347;24,49200787;5,368287079;;;;;;;;;;;;;;;;;;;;;;;;
82,4089302;24,4963808;5,352166171;;;;;;;;;;;;;;;;;;;;;;;;
82,49289484;24,50074926;5,339071356;;;;;;;;;;;;;;;;;;;;;;;;
82,57656084;24,50511327;5,325501965;;;;;;;;;;;;;;;;;;;;;;;;
82,65994832;24,50947286;5,313156613;;;;;;;;;;;;;;;;;;;;;;;;
82,74306386;24,51382805;5,301178102;;;;;;;;;;;;;;;;;;;;;;;;
82,82590883;24,51817887;5,289233236;;;;;;;;;;;;;;;;;;;;;;;;
82,90848455;24,52252534;5,277321874;;;;;;;;;;;;;;;;;;;;;;;;
82,99079235;24,52686747;5,265443875;;;;;;;;;;;;;;;;;;;;;;;;
83,07283356;24,5312053;5,253599101;;;;;;;;;;;;;;;;;;;;;;;;
83,15460947;24,53553885;5,241787415;;;;;;;;;;;;;;;;;;;;;;;;
83,23612138;24,53986814;5,230008678;;;;;;;;;;;;;;;;;;;;;;;;
83,31737058;24,54419318;5,218262757;;;;;;;;;;;;;;;;;;;;;;;;
83,39835835;24,54851401;5,206549514;;;;;;;;;;;;;;;;;;;;;;;;
83,47908596;24,55283064;5,194868817;;;;;;;;;;;;;;;;;;;;;;;;
83,55955467;24,5571431;5,183220531;;;;;;;;;;;;;;;;;;;;;;;;
83,63976571;24,5614514;5,171604525;;;;;;;;;;;;;;;;;;;;;;;;
83,71972035;24,56575558;5,160020666;;;;;;;;;;;;;;;;;;;;;;;;
83,7994198;24,57005564;5,148468825;;;;;;;;;;;;;;;;;;;;;;;;
83,87886528;24,57435161;5,136948871;;;;;;;;;;;;;;;;;;;;;;;;
83,95805802;24,57864351;5,125460675;;;;;;;;;;;;;;;;;;;;;;;;
84,03699922;24,58293137;5,11400411;;;;;;;;;;;;;;;;;;;;;;;;
84,11569006;24,5872152;5,102579047;;;;;;;;;;;;;;;;;;;;;;;;
84,19413174;24,59149502;5,091185361;;;;;;;;;;;;;;;;;;;;;;;;
84,27232544;24,59577085;5,079822926;;;;;;;;;;;;;;;;;;;;;;;;
84,35027232;24,60004271;5,068491617;;;;;;;;;;;;;;;;;;;;;;;;
84,42797355;24,60431063;5,057191309;;;;;;;;;;;;;;;;;;;;;;;;
84,50543028;24,60857462;5,04592188;;;;;;;;;;;;;;;;;;;;;;;;
84,58264366;24,6128347;5,034683207;;;;;;;;;;;;;;;;;;;;;;;;
84,65961481;24,61709089;5,023475169;;;;;;;;;;;;;;;;;;;;;;;;
84,73634488;24,62134322;5,012297644;;;;;;;;;;;;;;;;;;;;;;;;
84,81283497;24,62559169;5,001150512;;;;;;;;;;;;;;;;;;;;;;;;
84,88908621;24,62983633;4,990033654;;;;;;;;;;;;;;;;;;;;;;;;
84,9650997;24,63407716;4,978946951;;;;;;;;;;;;;;;;;;;;;;;;
85,04087652;24,63831419;4,967890286;;;;;;;;;;;;;;;;;;;;;;;;
85,11641779;24,64254745;4,95686354;;;;;;;;;;;;;;;;;;;;;;;;
85,19172456;24,64677695;4,945866598;;;;;;;;;;;;;;;;;;;;;;;;
85,26679793;24,65100271;4,934899344;;;;;;;;;;;;;;;;;;;;;;;;
85,34163895;24,65522476;4,923961663;;;;;;;;;;;;;;;;;;;;;;;;
85,41624869;24,6594431;4,91305344;;;;;;;;;;;;;;;;;;;;;;;;
85,49062819;24,66365775;4,902174561;;;;;;;;;;;;;;;;;;;;;;;;
85,56477851;24,66786874;4,891324915;;;;;;;;;;;;;;;;;;;;;;;;
85,63870067;24,67207608;4,880504388;;;;;;;;;;;;;;;;;;;;;;;;
85,71239572;24,67627978;4,869712869;;;;;;;;;;;;;;;;;;;;;;;;
85,78586467;24,68047988;4,858950247;;;;;;;;;;;;;;;;;;;;;;;;
85,85910853;24,68467637;4,848216412;;;;;;;;;;;;;;;;;;;;;;;;
85,93212833;24,68886929;4,837511255;;;;;;;;;;;;;;;;;;;;;;;;
86,00492506;24,69305864;4,826834665;;;;;;;;;;;;;;;;;;;;;;;;
86,07749971;24,69724445;4,816186536;;;;;;;;;;;;;;;;;;;;;;;;
86,14985328;24,70142672;4,80556676;;;;;;;;;;;;;;;;;;;;;;;;
86,22198675;24,70560549;4,794975229;;;;;;;;;;;;;;;;;;;;;;;;
86,2939011;24,70978076;4,784411837;;;;;;;;;;;;;;;;;;;;;;;;
86,36559729;24,71395255;4,773876479;;;;;;;;;;;;;;;;;;;;;;;;
86,43707629;24,71812087;4,76336905;;;;;;;;;;;;;;;;;;;;;;;;
86,50833905;24,72228575;4,752889444;;;;;;;;;;;;;;;;;;;;;;;;
86,57938652;24,7264472;4,742437559;;;;;;;;;;;;;;;;;;;;;;;;
86,65021966;24,73060524;4,73201329;;;;;;;;;;;;;;;;;;;;;;;;
86,72083939;24,73475987;4,721616536;;;;;;;;;;;;;;;;;;;;;;;;
86,79124664;24,73891112;4,711247193;;;;;;;;;;;;;;;;;;;;;;;;
86,86144235;24,74305901;4,700905162;;;;;;;;;;;;;;;;;;;;;;;;
86,93142743;24,74720354;4,69059034;;;;;;;;;;;;;;;;;;;;;;;;
87,0012028;24,75134473;4,680302629;;;;;;;;;;;;;;;;;;;;;;;;
87,07076936;24,75548261;4,670041926;;;;;;;;;;;;;;;;;;;;;;;;
87,14012801;24,75961717;4,659808135;;;;;;;;;;;;;;;;;;;;;;;;
87,20927966;24,76374845;4,649601156;;;;;;;;;;;;;;;;;;;;;;;;
87,27822518;24,76787645;4,639420891;;;;;;;;;;;;;;;;;;;;;;;;
87,34696547;24,77200119;4,629267243;;;;;;;;;;;;;;;;;;;;;;;;
87,4155014;24,77612269;4,619140114;;;;;;;;;;;;;;;;;;;;;;;;
87,48383384;24,78024095;4,609039409;;;;;;;;;;;;;;;;;;;;;;;;
87,55196367;24,784356;4,598965031;;;;;;;;;;;;;;;;;;;;;;;;
87,61989175;24,78846784;4,588916886;;;;;;;;;;;;;;;;;;;;;;;;
87,68761892;24,79257649;4,578894879;;;;;;;;;;;;;;;;;;;;;;;;
87,75514605;24,79668198;4,568898914;;;;;;;;;;;;;;;;;;;;;;;;
87,82247398;24,8007843;4,5589289;;;;;;;;;;;;;;;;;;;;;;;;
87,88960354;24,80488348;4,548984742;;;;;;;;;;;;;;;;;;;;;;;;
87,95653557;24,80897953;4,539066348;;;;;;;;;;;;;;;;;;;;;;;;
88,02327091;24,81307246;4,529173625;;;;;;;;;;;;;;;;;;;;;;;;
88,08981037;24,81716229;4,519306483;;;;;;;;;;;;;;;;;;;;;;;;
88,15615478;24,82124902;4,509464829;;;;;;;;;;;;;;;;;;;;;;;;
88,22230495;24,82533269;4,499648574;;;;;;;;;;;;;;;;;;;;;;;;
88,28826169;24,82941329;4,489857628;;;;;;;;;;;;;;;;;;;;;;;;
88,3540258;24,83349084;4,480091899;;;;;;;;;;;;;;;;;;;;;;;;
88,41959808;24,83756536;4,470351301;;;;;;;;;;;;;;;;;;;;;;;;
88,48497934;24,84163685;4,460635742;;;;;;;;;;;;;;;;;;;;;;;;
88,55017034;24,84570534;4,450945137;;;;;;;;;;;;;;;;;;;;;;;;
88,61517189;24,84977083;4,441279396;;;;;;;;;;;;;;;;;;;;;;;;
88,67998476;24,85383334;4,431638433;;;;;;;;;;;;;;;;;;;;;;;;
88,74460972;24,85789288;4,422022161;;;;;;;;;;;;;;;;;;;;;;;;
88,80904755;24,86194947;4,412430493;;;;;;;;;;;;;;;;;;;;;;;;
88,87329901;24,86600311;4,402863344;;;;;;;;;;;;;;;;;;;;;;;;
88,93736486;24,87005382;4,393320628;;;;;;;;;;;;;;;;;;;;;;;;
89,00124586;24,87410161;4,38380226;;;;;;;;;;;;;;;;;;;;;;;;
89,06494276;24,8781465;4,374308157;;;;;;;;;;;;;;;;;;;;;;;;
89,1284563;24,88218849;4,364838233;;;;;;;;;;;;;;;;;;;;;;;;
89,19178724;24,88622761;4,355392405;;;;;;;;;;;;;;;;;;;;;;;;
89,2549363;24,89026385;4,34597059;;;;;;;;;;;;;;;;;;;;;;;;
89,31790423;24,89429724;4,336572706;;;;;;;;;;;;;;;;;;;;;;;;
89,38069175;24,89832779;4,327198669;;;;;;;;;;;;;;;;;;;;;;;;
89,44329958;24,9023555;4,317848399;;;;;;;;;;;;;;;;;;;;;;;;
89,50572845;24,9063804;4,308521814;;;;;;;;;;;;;;;;;;;;;;;;
89,56797908;24,91040249;4,299218832;;;;;;;;;;;;;;;;;;;;;;;;
89,63005217;24,91442178;4,289939373;;;;;;;;;;;;;;;;;;;;;;;;
89,69194844;24,91843829;4,280683357;;;;;;;;;;;;;;;;;;;;;;;;
89,75366858;24,92245203;4,271450705;;;;;;;;;;;;;;;;;;;;;;;;
89,81521331;24,92646301;4,262241336;;;;;;;;;;;;;;;;;;;;;;;;
89,87658331;24,93047124;4,253055172;;;;;;;;;;;;;;;;;;;;;;;;
89,93777927;24,93447673;4,243892135;;;;;;;;;;;;;;;;;;;;;;;;
89,99880189;24,9384795;4,234752145;;;;;;;;;;;;;;;;;;;;;;;;
90,05965184;24,94247955;4,225635126;;;;;;;;;;;;;;;;;;;;;;;;
90,12032558;24,9464769;4,216246459;;;;;;;;;;;;;;;;;;;;;;;;
90,1808226;24,95047156;4,206798474;;;;;;;;;;;;;;;;;;;;;;;;
90,2411436;24,95446354;4,197375137;;;;;;;;;;;;;;;;;;;;;;;;
90,30128931;24,95845285;4,187976363;;;;;;;;;;;;;;;;;;;;;;;;
90,36126042;24,96243951;4,178602066;;;;;;;;;;;;;;;;;;;;;;;;
90,42105762;24,96642352;4,169252163;;;;;;;;;;;;;;;;;;;;;;;;
90,48068162;24,97040489;4,159926568;;;;;;;;;;;;;;;;;;;;;;;;
90,5401331;24,97438364;4,150625198;;;;;;;;;;;;;;;;;;;;;;;;
90,59941274;24,97835978;4,141347969;;;;;;;;;;;;;;;;;;;;;;;;
90,65852124;24,98233331;4,132094799;;;;;;;;;;;;;;;;;;;;;;;;
90,71745926;24,98630426;4,122865604;;;;;;;;;;;;;;;;;;;;;;;;
90,77622748;24,99027262;4,113660304;;;;;;;;;;;;;;;;;;;;;;;;
90,83482657;24,99423842;4,104478815;;;;;;;;;;;;;;;;;;;;;;;;
90,8932572;24,99820166;4,095321058;;;;;;;;;;;;;;;;;;;;;;;;
90,95152003;25,00216235;4,08618695;;;;;;;;;;;;;;;;;;;;;;;;
91,00961572;25,0061205;4,077076412;;;;;;;;;;;;;;;;;;;;;;;;
91,06754492;25,01007612;4,067989363;;;;;;;;;;;;;;;;;;;;;;;;
91,12530828;25,01402923;4,058925724;;;;;;;;;;;;;;;;;;;;;;;;
91,18290646;25,01797984;4,049885416;;;;;;;;;;;;;;;;;;;;;;;;
91,24034009;25,02192795;4,040868359;;;;;;;;;;;;;;;;;;;;;;;;
91,29760981;25,02587357;4,031874475;;;;;;;;;;;;;;;;;;;;;;;;
91,35471627;25,02981672;4,022903686;;;;;;;;;;;;;;;;;;;;;;;;
91,4116601;25,0337574;4,013955914;;;;;;;;;;;;;;;;;;;;;;;;
91,46844191;25,03769563;4,005031082;;;;;;;;;;;;;;;;;;;;;;;;
91,52506235;25,04163141;3,996129114;;;;;;;;;;;;;;;;;;;;;;;;
91,58152204;25,04556476;3,987249931;;;;;;;;;;;;;;;;;;;;;;;;
91,43637391;25,04951969;-28,83902043;;;;;;;;;;;;;;;;;;;;;;;;
91,02577184;25,05349253;-28,70523743;;;;;;;;;;;;;;;;;;;;;;;;
90,61522286;25,05748345;-28,57201543;;;;;;;;;;;;;;;;;;;;;;;;
90,20471959;25,06149261;-28,43935901;;;;;;;;;;;;;;;;;;;;;;;;
89,79425447;25,06552019;-28,30727168;;;;;;;;;;;;;;;;;;;;;;;;
89,38381974;25,06956634;-28,17575611;;;;;;;;;;;;;;;;;;;;;;;;
88,97340745;25,07363124;-28,04481425;;;;;;;;;;;;;;;;;;;;;;;;
88,56300948;25,07771507;-27,91444744;;;;;;;;;;;;;;;;;;;;;;;;
88,15261754;25,081818;-27,78465649;;;;;;;;;;;;;;;;;;;;;;;;
87,74222317;25,08594021;-27,6554418;;;;;;;;;;;;;;;;;;;;;;;;
87,33181773;25,09008188;-27,52680337;;;;;;;;;;;;;;;;;;;;;;;;
86,92139245;25,0942432;-27,39844348;;;;;;;;;;;;;;;;;;;;;;;;
86,51094284;25,09842437;-27,27077453;;;;;;;;;;;;;;;;;;;;;;;;
86,1004581;25,10262556;-27,14369874;;;;;;;;;;;;;;;;;;;;;;;;
85,68992872;25,10684698;-27,01721336;;;;;;;;;;;;;;;;;;;;;;;;
85,27934503;25,11108883;-26,8913156;;;;;;;;;;;;;;;;;;;;;;;;
84,86869721;25,1153513;-26,76600274;;;;;;;;;;;;;;;;;;;;;;;;
84,45797532;25,11963461;-26,64127204;;;;;;;;;;;;;;;;;;;;;;;;
84,04716923;25,12393896;-26,51712077;;;;;;;;;;;;;;;;;;;;;;;;
83,63626869;25,12826457;-26,39354623;;;;;;;;;;;;;;;;;;;;;;;;
83,22526325;25,13261166;-26,27054572;;;;;;;;;;;;;;;;;;;;;;;;
82,81414232;25,13698044;-26,14811656;;;;;;;;;;;;;;;;;;;;;;;;
82,40289513;25,14137113;-26,02625607;;;;;;;;;;;;;;;;;;;;;;;;
81,99151073;25,14578398;-25,9049616;;;;;;;;;;;;;;;;;;;;;;;;
81,57997801;25,15021921;-25,7842305;;;;;;;;;;;;;;;;;;;;;;;;
81,16828566;25,15467706;-25,66406013;;;;;;;;;;;;;;;;;;;;;;;;
80,75642217;25,15915777;-25,54444786;;;;;;;;;;;;;;;;;;;;;;;;
80,34437585;25,16366159;-25,4253911;;;;;;;;;;;;;;;;;;;;;;;;
79,9321348;25,16818878;-25,30688723;;;;;;;;;;;;;;;;;;;;;;;;
79,51968693;25,17273957;-25,18893367;;;;;;;;;;;;;;;;;;;;;;;;
79,10701991;25,17731425;-25,07152785;;;;;;;;;;;;;;;;;;;;;;;;
78,69412121;25,18191307;-24,95466719;;;;;;;;;;;;;;;;;;;;;;;;
78,28097808;25,1865363;-24,83834914;;;;;;;;;;;;;;;;;;;;;;;;
77,86757751;25,19118422;-24,72257117;;;;;;;;;;;;;;;;;;;;;;;;
77,45390629;25,19585712;-24,60733073;;;;;;;;;;;;;;;;;;;;;;;;
77,03995093;25,20055529;-24,49262532;;;;;;;;;;;;;;;;;;;;;;;;
76,6256977;25,20527901;-24,37845243;;;;;;;;;;;;;;;;;;;;;;;;
76,21113262;25,21002858;-24,26480955;;;;;;;;;;;;;;;;;;;;;;;;
75,79624143;25,21480432;-24,1516942;;;;;;;;;;;;;;;;;;;;;;;;
75,38100958;25,21960654;-24,03910391;;;;;;;;;;;;;;;;;;;;;;;;
74,96542226;25,22443554;-23,92703622;;;;;;;;;;;;;;;;;;;;;;;;
74,54946436;25,22929167;-23,81548866;;;;;;;;;;;;;;;;;;;;;;;;
74,13312045;25,23417526;-23,70445881;;;;;;;;;;;;;;;;;;;;;;;;
73,7163748;25,23908663;-23,59394423;;;;;;;;;;;;;;;;;;;;;;;;
73,29921135;25,24402615;-23,48394249;;;;;;;;;;;;;;;;;;;;;;;;
72,88161372;25,24899416;-23,37445119;;;;;;;;;;;;;;;;;;;;;;;;
72,46356516;25,25399092;-23,17178566;;;;;;;;;;;;;;;;;;;;;;;;
72,04674363;25,25901678;-23,0595998;;;;;;;;;;;;;;;;;;;;;;;;
71,62952403;25,26407211;-22,94757676;;;;;;;;;;;;;;;;;;;;;;;;
71,21189634;25,2691573;-22,83567042;;;;;;;;;;;;;;;;;;;;;;;;
70,79385115;25,27427273;-22,72382733;;;;;;;;;;;;;;;;;;;;;;;;
70,3753798;25,27941878;-22,61198506;;;;;;;;;;;;;;;;;;;;;;;;
69,95647458;25,28459587;-22,5000703;;;;;;;;;;;;;;;;;;;;;;;;
69,53712895;25,28980441;-22,38799634;;;;;;;;;;;;;;;;;;;;;;;;
69,11733785;25,2950448;-22,27565986;;;;;;;;;;;;;;;;;;;;;;;;
68,69709804;25,30031749;-22,16293682;;;;;;;;;;;;;;;;;;;;;;;;
68,27640857;25,3056229;-22,04967711;;;;;;;;;;;;;;;;;;;;;;;;
67,85527134;25,31096148;-21,93569742;;;;;;;;;;;;;;;;;;;;;;;;
67,43369181;25,31633367;-21,82077179;;;;;;;;;;;;;;;;;;;;;;;;
67,01168;25,32173995;-21,70461887;;;;;;;;;;;;;;;;;;;;;;;;
66,58925168;25,32718078;-21,58688437;;;;;;;;;;;;;;;;;;;;;;;;
66,16642998;25,33265663;-21,46711674;;;;;;;;;;;;;;;;;;;;;;;;
65,74324761;25,33816798;-21,34473262;;;;;;;;;;;;;;;;;;;;;;;;
65,31974976;25,34371531;-21,21896721;;;;;;;;;;;;;;;;;;;;;;;;
64,89599819;25,34929913;-21,08880091;;;;;;;;;;;;;;;;;;;;;;;;
64,4720769;25,3549199;-20,95284885;;;;;;;;;;;;;;;;;;;;;;;;
64,04810035;25,36057812;-20,80918968;;;;;;;;;;;;;;;;;;;;;;;;
63,62422549;25,36627427;-20,65509193;;;;;;;;;;;;;;;;;;;;;;;;
63,20066987;25,37200878;-20,48656108;;;;;;;;;;;;;;;;;;;;;;;;
62,77773997;25,3777821;-20,29755778;;;;;;;;;;;;;;;;;;;;;;;;
62,35587701;25,38359457;-20,0785802;;;;;;;;;;;;;;;;;;;;;;;;
61,93573442;25,38944649;-19,81393398;;;;;;;;;;;;;;;;;;;;;;;;
61,51831632;25,39533796;-19,4760674;;;;;;;;;;;;;;;;;;;;;;;;
61,10524238;25,40126884;-19,01262772;;;;;;;;;;;;;;;;;;;;;;;;
60,69930088;25,40723842;-18,31275643;;;;;;;;;;;;;;;;;;;;;;;;
60,30575081;25,41324483;-17,10060284;;;;;;;;;;;;;;;;;;;;;;;;
59,93598327;25,4192829;-14,46167071;;;;;;;;;;;;;;;;;;;;;;;;
59,6216288;25,42535598;-15,71718363;;;;;;;;;;;;;;;;;;;;;;;;
59,27800268;25,4314644;-15,59484672;;;;;;;;;;;;;;;;;;;;;;;;
58,93506727;25,43760849;-15,47063127;;;;;;;;;;;;;;;;;;;;;;;;
58,59287656;25,44378859;-15,34437262;;;;;;;;;;;;;;;;;;;;;;;;
58,25148946;25,45000503;-15,21589011;;;;;;;;;;;;;;;;;;;;;;;;
57,91097033;25,45625814;-15,08498504;;;;;;;;;;;;;;;;;;;;;;;;
57,57138949;25,46254823;-14,95143831;;;;;;;;;;;;;;;;;;;;;;;;
57,23282391;25,46887564;-14,81500776;;;;;;;;;;;;;;;;;;;;;;;;
56,89535789;25,47524066;-14,67542492;;;;;;;;;;;;;;;;;;;;;;;;
56,55908387;25,48164361;-14,5323913;;;;;;;;;;;;;;;;;;;;;;;;
56,22410335;25,48808477;-14,38557407;;;;;;;;;;;;;;;;;;;;;;;;
55,89052798;25,49456443;-14,23460075;;;;;;;;;;;;;;;;;;;;;;;;
55,55848069;25,50108285;-14,07905311;;;;;;;;;;;;;;;;;;;;;;;;
55,22809718;25,50764029;-13,91845971;;;;;;;;;;;;;;;;;;;;;;;;
54,89952743;25,51423696;-13,75228692;;;;;;;;;;;;;;;;;;;;;;;;
54,57293765;25,52087309;-13,57992808;;;;;;;;;;;;;;;;;;;;;;;;
54,24851241;25,52754885;-13,40069014;;;;;;;;;;;;;;;;;;;;;;;;
53,92645724;25,53426439;-13,21377717;;;;;;;;;;;;;;;;;;;;;;;;
53,60700167;25,54101983;-13,01826983;;;;;;;;;;;;;;;;;;;;;;;;
53,29040287;25,54781524;-12,81309945;;;;;;;;;;;;;;;;;;;;;;;;
52,97695;25,55465064;-12,59701496;;;;;;;;;;;;;;;;;;;;;;;;
52,66696954;25,56152601;-12,36854022;;;;;;;;;;;;;;;;;;;;;;;;
52,36083177;25,56844124;-12,12591791;;;;;;;;;;;;;;;;;;;;;;;;
52,05895886;25,57539618;-11,86703485;;;;;;;;;;;;;;;;;;;;;;;;
51,76183498;25,58239054;-11,58932026;;;;;;;;;;;;;;;;;;;;;;;;
51,47001929;25,58942396;-11,28960439;;;;;;;;;;;;;;;;;;;;;;;;
51,18416276;25,59649596;-10,96391655;;;;;;;;;;;;;;;;;;;;;;;;
50,90503051;25,60360587;-10,60718769;;;;;;;;;;;;;;;;;;;;;;;;
50,63353226;25,61075451;-10,65889888;;;;;;;;;;;;;;;;;;;;;;;;
50,35922436;25,61794222;-10,57920394;;;;;;;;;;;;;;;;;;;;;;;;
50,08547939;25,62516935;-10,49793222;;;;;;;;;;;;;;;;;;;;;;;;
49,81234791;25,63243622;-10,41495203;;;;;;;;;;;;;;;;;;;;;;;;
49,53988507;25,63974317;-10,33011877;;;;;;;;;;;;;;;;;;;;;;;;
49,26815103;25,64709053;-10,24327328;;;;;;;;;;;;;;;;;;;;;;;;
48,99721148;25,65447861;-10,15423994;;;;;;;;;;;;;;;;;;;;;;;;
48,72713826;25,66190772;-10,06282439;;;;;;;;;;;;;;;;;;;;;;;;
48,45800999;25,66937816;-9,968810944;;;;;;;;;;;;;;;;;;;;;;;;
48,18991283;25,67689022;-9,871959451;;;;;;;;;;;;;;;;;;;;;;;;
47,92294133;25,68444417;-9,772001659;;;;;;;;;;;;;;;;;;;;;;;;
47,65719944;25,69204026;-9,66863681;;;;;;;;;;;;;;;;;;;;;;;;
47,39280163;25,69967873;-9,561526392;;;;;;;;;;;;;;;;;;;;;;;;
47,12987416;25,70735978;-9,450287769;;;;;;;;;;;;;;;;;;;;;;;;
46,86855669;25,71508361;-9,334486438;;;;;;;;;;;;;;;;;;;;;;;;
46,60900395;25,72285037;-9,213626498;;;;;;;;;;;;;;;;;;;;;;;;
46,35138794;25,73066018;-9,087138838;;;;;;;;;;;;;;;;;;;;;;;;
46,09590031;25,73851311;-8,954366318;;;;;;;;;;;;;;;;;;;;;;;;
45,84275544;25,7464092;-8,814544999;;;;;;;;;;;;;;;;;;;;;;;;
45,5921939;25,75434842;-8,666780033;;;;;;;;;;;;;;;;;;;;;;;;
45,34448689;25,76233069;-8,510014264;;;;;;;;;;;;;;;;;;;;;;;;
45,0999416;25,77035585;-8,342986667;;;;;;;;;;;;;;;;;;;;;;;;
44,85890785;25,77842366;-8,164176329;;;;;;;;;;;;;;;;;;;;;;;;
44,62178663;25,78653377;-7,971725308;;;;;;;;;;;;;;;;;;;;;;;;
44,38904098;25,7946849;-7,612808772;;;;;;;;;;;;;;;;;;;;;;;;
44,16565018;25,80287751;-7,582206904;;;;;;;;;;;;;;;;;;;;;;;;
43,94202507;25,81111208;-7,551284593;;;;;;;;;;;;;;;;;;;;;;;;
43,71817159;25,81938906;-7,520009713;;;;;;;;;;;;;;;;;;;;;;;;
43,49409675;25,82770895;-7,488347217;;;;;;;;;;;;;;;;;;;;;;;;
43,26980877;25,83607223;-7,456258816;;;;;;;;;;;;;;;;;;;;;;;;
43,04531719;25,84447939;-7,423702617;;;;;;;;;;;;;;;;;;;;;;;;
42,82063302;25,85293093;-7,390632712;;;;;;;;;;;;;;;;;;;;;;;;
42,5957689;25,86142736;-7,356998709;;;;;;;;;;;;;;;;;;;;;;;;
42,3707393;25,86996919;-7,322745205;;;;;;;;;;;;;;;;;;;;;;;;
42,14556072;25,87855692;-7,287811176;;;;;;;;;;;;;;;;;;;;;;;;
41,92025188;25,88719109;-7,252129284;;;;;;;;;;;;;;;;;;;;;;;;
41,69483403;25,8958722;-7,215625071;;;;;;;;;;;;;;;;;;;;;;;;
41,46933124;25,90460079;-7,178216046;;;;;;;;;;;;;;;;;;;;;;;;
41,24377068;25,91337739;-7,139810613;;;;;;;;;;;;;;;;;;;;;;;;
41,01818305;25,92220252;-7,100306828;;;;;;;;;;;;;;;;;;;;;;;;
40,792603;25,93107671;-7,059590958;;;;;;;;;;;;;;;;;;;;;;;;
40,56706958;25,94000049;-7,017535781;;;;;;;;;;;;;;;;;;;;;;;;
40,34162685;25,9489744;-6,973998589;;;;;;;;;;;;;;;;;;;;;;;;
40,1163245;25,95799894;-6,928818827;;;;;;;;;;;;;;;;;;;;;;;;
39,89121859;25,96707464;-6,881815272;;;;;;;;;;;;;;;;;;;;;;;;
39,6663724;25,976202;-6,832782675;;;;;;;;;;;;;;;;;;;;;;;;
39,44185746;25,98538151;-6,781487689;;;;;;;;;;;;;;;;;;;;;;;;
39,21775468;25,99461392;-6,759793912;;;;;;;;;;;;;;;;;;;;;;;;
38,99308167;26,00389968;-6,701858566;;;;;;;;;;;;;;;;;;;;;;;;
38,76904705;26,01323922;-6,640641581;;;;;;;;;;;;;;;;;;;;;;;;
38,54577298;26,02263296;-6,575721633;;;;;;;;;;;;;;;;;;;;;;;;
38,32339878;26,03208126;-6,506607295;;;;;;;;;;;;;;;;;;;;;;;;
38,10208377;26,04158446;-6,432721501;;;;;;;;;;;;;;;;;;;;;;;;
37,88201079;26,05114281;-6,353381494;;;;;;;;;;;;;;;;;;;;;;;;
37,66339047;26,06075653;-6,26777256;;;;;;;;;;;;;;;;;;;;;;;;
37,44646658;26,07042576;-6,174913066;;;;;;;;;;;;;;;;;;;;;;;;
37,23152272;26,08015052;-6,073607034;;;;;;;;;;;;;;;;;;;;;;;;
37,01889088;26,08993075;-5,962378419;;;;;;;;;;;;;;;;;;;;;;;;
36,80896259;26,09976622;-5,839377745;;;;;;;;;;;;;;;;;;;;;;;;
36,60220363;26,10965656;-5,702245517;;;;;;;;;;;;;;;;;;;;;;;;
36,39917402;26,11960116;-5,547905272;;;;;;;;;;;;;;;;;;;;;;;;
36,20055593;26,12959916;-5,372236448;;;;;;;;;;;;;;;;;;;;;;;;
36,00719406;26,13964937;-5,169529187;;;;;;;;;;;;;;;;;;;;;;;;
35,82015664;26,14975014;-4,931512337;;;;;;;;;;;;;;;;;;;;;;;;
35,64083311;26,15989925;-4,645458194;;;;;;;;;;;;;;;;;;;;;;;;
35,47110301;26,1700936;-4,289993179;;;;;;;;;;;;;;;;;;;;;;;;
35,31366164;26,18032879;-3,823884477;;;;;;;;;;;;;;;;;;;;;;;;
35,17276415;26,19059792;-3,143708645;;;;;;;;;;;;;;;;;;;;;;;;
35,05654487;26,20087417;-0,657056011;;;;;;;;;;;;;;;;;;;;;;;;
35,03223741;26,21115042;0;;;;;;;;;;;;;;;;;;;;;;;;
35,00792996;26,22142667;-0,657056011;;;;;;;;;;;;;;;;;;;;;;;;
35,04099945;26,23171005;0,893282878;;;;;;;;;;;;;;;;;;;;;;;;
35,0618906;26,24198373;0,564850945;;;;;;;;;;;;;;;;;;;;;;;;
35,07218034;26,25225129;0,278377926;;;;;;;;;;;;;;;;;;;;;;;;
35,07435974;26,26251583;0,058978638;;;;;;;;;;;;;;;;;;;;;;;;
35,07182612;26,27277974;-0,068568744;;;;;;;;;;;;;;;;;;;;;;;;
35,06757659;26,28304439;-0,114999197;;;;;;;;;;;;;;;;;;;;;;;;
35,06294706;26,29331028;-0,125267349;;;;;;;;;;;;;;;;;;;;;;;;
35,05825258;26,30357753;-0,127007875;;;;;;;;;;;;;;;;;;;;;;;;
35,0535475;26,31384616;-0,127277777;;;;;;;;;;;;;;;;;;;;;;;;
35,04884046;26,32411616;-0,127313616;;;;;;;;;;;;;;;;;;;;;;;;
35,04413282;26,33438754;-0,1273128;;;;;;;;;;;;;;;;;;;;;;;;
35,03942478;26,3446603;-0,127306271;;;;;;;;;;;;;;;;;;;;;;;;
35,03471639;26,35493444;-0,127298855;;;;;;;;;;;;;;;;;;;;;;;;
35,03000765;26,36520996;-0,127291302;;;;;;;;;;;;;;;;;;;;;;;;
35,02529855;26,37548687;-0,127283728;;;;;;;;;;;;;;;;;;;;;;;;
35,0205891;26,38576515;-0,127276151;;;;;;;;;;;;;;;;;;;;;;;;
35,0158793;26,39604482;-0,127268574;;;;;;;;;;;;;;;;;;;;;;;;
35,01116914;26,40632587;-0,127260999;;;;;;;;;;;;;;;;;;;;;;;;
35,00645863;26,4166083;-0,127253423;;;;;;;;;;;;;;;;;;;;;;;;
34,9792827;26,42691075;-0,974481999;;;;;;;;;;;;;;;;;;;;;;;;
34,94314031;26,43722388;-0,974031224;;;;;;;;;;;;;;;;;;;;;;;;
34,90697721;26,4475477;-0,973579978;;;;;;;;;;;;;;;;;;;;;;;;
34,87079336;26,45788226;-0,973130934;;;;;;;;;;;;;;;;;;;;;;;;
34,8345886;26,46822757;-0,972677562;;;;;;;;;;;;;;;;;;;;;;;;
34,79836305;26,47858367;-0,9722358;;;;;;;;;;;;;;;;;;;;;;;;
34,76211618;26,48895059;-0,97176676;;;;;;;;;;;;;;;;;;;;;;;;
34,72584897;26,49932835;-0,971365272;;;;;;;;;;;;;;;;;;;;;;;;
34,68955882;26,50971699;-0,970800262;;;;;;;;;;;;;;;;;;;;;;;;
34,65325178;26,52011653;-0,970634494;;;;;;;;;;;;;;;;;;;;;;;;
34,61691282;26,530527;-0,969498979;;;;;;;;;;;;;;;;;;;;;;;;
34,58057825;26,54094844;-0,970724984;;;;;;;;;;;;;;;;;;;;;;;;
34,54415937;26,55138084;-0,966232797;;;;;;;;;;;;;;;;;;;;;;;;
34,5078709;26,56182435;-0,975730934;;;;;;;;;;;;;;;;;;;;;;;;
34,47118672;26,57227872;-0,951821353;;;;;;;;;;;;;;;;;;;;;;;;
34,43536423;26,58274673;-1,191205473;;;;;;;;;;;;;;;;;;;;;;;;
34,39047383;26,59322209;-0,638964721;;;;;;;;;;;;;;;;;;;;;;;;
34,36637765;26,60369744;0;;;;;;;;;;;;;;;;;;;;;;;;
34,34228147;26,6141728;-0,638964721;;;;;;;;;;;;;;;;;;;;;;;;
34,43038637;26,6246555;2,334662797;;;;;;;;;;;;;;;;;;;;;;;;
34,55184711;26,63511138;3,226805832;;;;;;;;;;;;;;;;;;;;;;;;
34,69566274;26,64553051;3,834178745;;;;;;;;;;;;;;;;;;;;;;;;
34,85614921;26,65590644;4,296438537;;;;;;;;;;;;;;;;;;;;;;;;
35,0297141;26,66623461;4,668058604;;;;;;;;;;;;;;;;;;;;;;;;
35,2138501;26,6765116;4,977030382;;;;;;;;;;;;;;;;;;;;;;;;
35,4066996;26,68673485;5,239948603;;;;;;;;;;;;;;;;;;;;;;;;
35,60683039;26,69690241;5,46756999;;;;;;;;;;;;;;;;;;;;;;;;
35,81310632;26,70701283;5,66730854;;;;;;;;;;;;;;;;;;;;;;;;
36,02460665;26,71706502;5,844509095;;;;;;;;;;;;;;;;;;;;;;;;
36,24057277;26,72705819;6,003159437;;;;;;;;;;;;;;;;;;;;;;;;
36,46037135;26,73699181;6,146316641;;;;;;;;;;;;;;;;;;;;;;;;
36,68346792;26,74686554;6,276376361;;;;;;;;;;;;;;;;;;;;;;;;
36,90940742;26,75667923;6,395250366;;;;;;;;;;;;;;;;;;;;;;;;
37,13779949;26,76643284;6,504487779;;;;;;;;;;;;;;;;;;;;;;;;
37,36830715;26,77612646;6,605360352;;;;;;;;;;;;;;;;;;;;;;;;
37,60063786;26,7857603;6,698923961;;;;;;;;;;;;;;;;;;;;;;;;
37,83453652;26,7953346;6,786063915;;;;;;;;;;;;;;;;;;;;;;;;
38,10415457;26,80484972;7,871044793;;;;;;;;;;;;;;;;;;;;;;;;
38,39959175;26,81429751;8,68625294;;;;;;;;;;;;;;;;;;;;;;;;
38,71423195;26,82367261;9,322573383;;;;;;;;;;;;;;;;;;;;;;;;
39,04355655;26,83297151;9,837615205;;;;;;;;;;;;;;;;;;;;;;;;
39,38431069;26,84219198;10,2656277;;;;;;;;;;;;;;;;;;;;;;;;
39,73406288;26,85133268;10,62866428;;;;;;;;;;;;;;;;;;;;;;;;
40,09094779;26,86039292;10,94173402;;;;;;;;;;;;;;;;;;;;;;;;
40,45350498;26,8693725;11,21547947;;;;;;;;;;;;;;;;;;;;;;;;
40,8205725;26,8782716;11,45769104;;;;;;;;;;;;;;;;;;;;;;;;
41,19121374;26,88709069;11,67421899;;;;;;;;;;;;;;;;;;;;;;;;
41,56466564;26,89583041;11,86955029;;;;;;;;;;;;;;;;;;;;;;;;
41,94030094;26,90449162;12,04718802;;;;;;;;;;;;;;;;;;;;;;;;
42,31760015;26,91307525;12,20990906;;;;;;;;;;;;;;;;;;;;;;;;
42,6961303;26,92158235;12,35994405;;;;;;;;;;;;;;;;;;;;;;;;
43,07552864;26,93001402;12,49910578;;;;;;;;;;;;;;;;;;;;;;;;
43,4554899;26,93837144;12,62888284;;;;;;;;;;;;;;;;;;;;;;;;
43,83575623;26,94665578;12,75050894;;;;;;;;;;;;;;;;;;;;;;;;
44,21610919;26,95486825;12,86501517;;;;;;;;;;;;;;;;;;;;;;;;
44,59636331;26,96301008;12,97326984;;;;;;;;;;;;;;;;;;;;;;;;
44,96789199;26,97108249;12,78458958;;;;;;;;;;;;;;;;;;;;;;;;
45,33183795;26,9790882;12,62799561;;;;;;;;;;;;;;;;;;;;;;;;
45,68800491;26,98702964;12,45810425;;;;;;;;;;;;;;;;;;;;;;;;
46,03616752;26,99490917;12,2738078;;;;;;;;;;;;;;;;;;;;;;;;
46,37606837;27,0027291;12,07386787;;;;;;;;;;;;;;;;;;;;;;;;
46,70741455;27,01049173;11,85689283;;;;;;;;;;;;;;;;;;;;;;;;
47,02987336;27,01819928;11,62130955;;;;;;;;;;;;;;;;;;;;;;;;
47,34306716;27,02585399;11,36532787;;;;;;;;;;;;;;;;;;;;;;;;
47,64656706;27,03345806;11,08689484;;;;;;;;;;;;;;;;;;;;;;;;
47,93988496;27,0410137;10,78363519;;;;;;;;;;;;;;;;;;;;;;;;
48,2224637;27,0485231;10,45277187;;;;;;;;;;;;;;;;;;;;;;;;
48,49366427;27,0559885;10,09101806;;;;;;;;;;;;;;;;;;;;;;;;
48,75274917;27,06341215;9,694426136;;;;;;;;;;;;;;;;;;;;;;;;
48,99886018;27,07079635;9,258170075;;;;;;;;;;;;;;;;;;;;;;;;
49,23098765;27,07814346;8,776220353;;;;;;;;;;;;;;;;;;;;;;;;
49,44792671;27,08545593;8,240836408;;;;;;;;;;;;;;;;;;;;;;;;
49,6482118;27,09273631;7,641730244;;;;;;;;;;;;;;;;;;;;;;;;
49,83001308;27,09998733;6,964590048;;;;;;;;;;;;;;;;;;;;;;;;
49,9909591;27,10721189;6,188226938;;;;;;;;;;;;;;;;;;;;;;;;
50,12779789;27,1144132;5,278319845;;;;;;;;;;;;;;;;;;;;;;;;
50,23562991;27,12159484;4,170819242;;;;;;;;;;;;;;;;;;;;;;;;
50,35503303;27,12876107;4,628310841;;;;;;;;;;;;;;;;;;;;;;;;
50,48689277;27,1359103;5,12330375;;;;;;;;;;;;;;;;;;;;;;;;
50,62937619;27,14304087;5,55057474;;;;;;;;;;;;;;;;;;;;;;;;
50,78107973;27,15015136;5,926431709;;;;;;;;;;;;;;;;;;;;;;;;
50,94088772;27,15724062;6,2617458;;;;;;;;;;;;;;;;;;;;;;;;
51,10788894;27,16430763;6,564190136;;;;;;;;;;;;;;;;;;;;;;;;
51,28132364;27,17135155;6,839414742;;;;;;;;;;;;;;;;;;;;;;;;
51,46054808;27,17837165;7,091717894;;;;;;;;;;;;;;;;;;;;;;;;
51,64500966;27,1853673;7,324455343;;;;;;;;;;;;;;;;;;;;;;;;
51,83422896;27,19233797;7,540302793;;;;;;;;;;;;;;;;;;;;;;;;
52,02778629;27,19928319;7,741431332;;;;;;;;;;;;;;;;;;;;;;;;
52,22531149;27,20620257;7,929628741;;;;;;;;;;;;;;;;;;;;;;;;
52,42647594;27,21309577;8,10638581;;;;;;;;;;;;;;;;;;;;;;;;
52,63098626;27,21996253;8,272959276;;;;;;;;;;;;;;;;;;;;;;;;
52,83857922;27,22680261;8,43041868;;;;;;;;;;;;;;;;;;;;;;;;
53,04901766;27,23361582;8,5796819;;;;;;;;;;;;;;;;;;;;;;;;
53,26208699;27,24040199;8,721542536;;;;;;;;;;;;;;;;;;;;;;;;
53,47759248;27,24716102;8,856691312;;;;;;;;;;;;;;;;;;;;;;;;
53,69535677;27,25389281;8,985733019;;;;;;;;;;;;;;;;;;;;;;;;
53,91521793;27,2605973;9,109200079;;;;;;;;;;;;;;;;;;;;;;;;
54,1370277;27,26727445;9,227563522;;;;;;;;;;;;;;;;;;;;;;;;
54,36065006;27,27392425;9,341241944;;;;;;;;;;;;;;;;;;;;;;;;
54,58595989;27,28054668;9,450608884;;;;;;;;;;;;;;;;;;;;;;;;
54,81284194;27,28714179;9,555998945;;;;;;;;;;;;;;;;;;;;;;;;
55,04046671;27,29370959;9,627129741;;;;;;;;;;;;;;;;;;;;;;;;
55,26786351;27,30025023;9,657427649;;;;;;;;;;;;;;;;;;;;;;;;
55,49503243;27,30676396;9,687608736;;;;;;;;;;;;;;;;;;;;;;;;
55,72197371;27,31325103;9,71768027;;;;;;;;;;;;;;;;;;;;;;;;
55,94868774;27,31971168;9,74764917;;;;;;;;;;;;;;;;;;;;;;;;
56,17517507;27,32614614;9,777522025;;;;;;;;;;;;;;;;;;;;;;;;
56,40143635;27,33255467;9,807305115;;;;;;;;;;;;;;;;;;;;;;;;
56,6274724;27,33893748;9,837004428;;;;;;;;;;;;;;;;;;;;;;;;
56,85328412;27,34529482;9,866625677;;;;;;;;;;;;;;;;;;;;;;;;
57,07887253;27,35162691;9,896174314;;;;;;;;;;;;;;;;;;;;;;;;
57,30423875;27,35793397;9,925655544;;;;;;;;;;;;;;;;;;;;;;;;
57,52938398;27,36421623;9,955074341;;;;;;;;;;;;;;;;;;;;;;;;
57,75430953;27,3704739;9,984435461;;;;;;;;;;;;;;;;;;;;;;;;
57,97901677;27,3767072;10,01374345;;;;;;;;;;;;;;;;;;;;;;;;
58,20350715;27,38291635;10,04300265;;;;;;;;;;;;;;;;;;;;;;;;
58,42778219;27,38910154;10,07221724;;;;;;;;;;;;;;;;;;;;;;;;
58,65129503;27,39526299;10,07666652;;;;;;;;;;;;;;;;;;;;;;;;
58,87257764;27,40140097;10,01428383;;;;;;;;;;;;;;;;;;;;;;;;
59,09166811;27,40751587;9,952485067;;;;;;;;;;;;;;;;;;;;;;;;
59,30858276;27,4136081;9,890315156;;;;;;;;;;;;;;;;;;;;;;;;
59,52335178;27,41967804;9,828430454;;;;;;;;;;;;;;;;;;;;;;;;
59,736011;27,42572609;9,767121594;;;;;;;;;;;;;;;;;;;;;;;;
59,94659533;27,43175261;9,706379418;;;;;;;;;;;;;;;;;;;;;;;;
60,15513876;27,43775795;9,646195003;;;;;;;;;;;;;;;;;;;;;;;;
60,36167442;27,44374248;9,58655965;;;;;;;;;;;;;;;;;;;;;;;;
60,56623459;27,44970653;9,527464879;;;;;;;;;;;;;;;;;;;;;;;;
60,76885074;27,45565043;9,468902419;;;;;;;;;;;;;;;;;;;;;;;;
60,96955357;27,46157452;9,410864203;;;;;;;;;;;;;;;;;;;;;;;;
61,168373;27,46747911;9,353342357;;;;;;;;;;;;;;;;;;;;;;;;
61,36533823;27,4733645;9,296329199;;;;;;;;;;;;;;;;;;;;;;;;
61,56047775;27,479231;9,239817228;;;;;;;;;;;;;;;;;;;;;;;;
61,75381939;27,48507891;9,183799119;;;;;;;;;;;;;;;;;;;;;;;;
61,9453903;27,49090851;9,128267719;;;;;;;;;;;;;;;;;;;;;;;;
62,13521698;27,49672008;9,07321604;;;;;;;;;;;;;;;;;;;;;;;;
62,32332534;27,5025139;9,018637251;;;;;;;;;;;;;;;;;;;;;;;;
62,51045839;27,50829023;8,999038406;;;;;;;;;;;;;;;;;;;;;;;;
62,69638897;27,51404926;8,968059954;;;;;;;;;;;;;;;;;;;;;;;;
62,88104054;27,51979122;8,932860034;;;;;;;;;;;;;;;;;;;;;;;;
63,06442883;27,52551632;8,897875463;;;;;;;;;;;;;;;;;;;;;;;;
63,24656926;27,53122476;8,863103811;;;;;;;;;;;;;;;;;;;;;;;;
63,42747696;27,53691677;8,828542697;;;;;;;;;;;;;;;;;;;;;;;;
63,60716675;27,54259255;8,79418978;;;;;;;;;;;;;;;;;;;;;;;;
63,78565317;27,54825229;8,760042767;;;;;;;;;;;;;;;;;;;;;;;;
63,96295048;27,55389619;8,726099405;;;;;;;;;;;;;;;;;;;;;;;;
64,13907268;27,55952445;8,692357485;;;;;;;;;;;;;;;;;;;;;;;;
64,31403349;27,56513725;8,658814834;;;;;;;;;;;;;;;;;;;;;;;;
64,48784638;27,57073478;8,625469322;;;;;;;;;;;;;;;;;;;;;;;;
64,66052458;27,57631723;8,592318857;;;;;;;;;;;;;;;;;;;;;;;;
64,83208107;27,58188477;8,559361381;;;;;;;;;;;;;;;;;;;;;;;;
65,00252858;27,58743758;8,526594876;;;;;;;;;;;;;;;;;;;;;;;;
65,17187963;27,59297582;8,494017358;;;;;;;;;;;;;;;;;;;;;;;;
65,3401465;27,59849968;8,461626876;;;;;;;;;;;;;;;;;;;;;;;;
65,50734126;27,60400931;8,429421516;;;;;;;;;;;;;;;;;;;;;;;;
65,67347577;27,60950487;8,397399393;;;;;;;;;;;;;;;;;;;;;;;;
65,83856166;27,61498654;8,365558657;;;;;;;;;;;;;;;;;;;;;;;;
66,00261037;27,62045446;8,333897487;;;;;;;;;;;;;;;;;;;;;;;;
66,16563314;27,62590879;8,302414095;;;;;;;;;;;;;;;;;;;;;;;;
66,32764103;27,63134968;8,271106719;;;;;;;;;;;;;;;;;;;;;;;;
66,48864488;27,63677728;8,239973631;;;;;;;;;;;;;;;;;;;;;;;;
66,64865538;27,64219174;8,209013127;;;;;;;;;;;;;;;;;;;;;;;;
66,80768301;27,6475932;8,178223533;;;;;;;;;;;;;;;;;;;;;;;;
66,96573809;27,6529818;8,1476032;;;;;;;;;;;;;;;;;;;;;;;;
67,12283076;27,65835768;8,117150509;;;;;;;;;;;;;;;;;;;;;;;;
67,27897101;27,66372099;8,086863862;;;;;;;;;;;;;;;;;;;;;;;;
67,43416865;27,66907184;8,056741691;;;;;;;;;;;;;;;;;;;;;;;;
67,58843332;27,67441038;8,02678245;;;;;;;;;;;;;;;;;;;;;;;;
67,74177453;27,67973674;7,996984617;;;;;;;;;;;;;;;;;;;;;;;;
67,89420162;27,68505103;7,967346694;;;;;;;;;;;;;;;;;;;;;;;;
68,04572378;27,6903534;7,937867206;;;;;;;;;;;;;;;;;;;;;;;;
68,19635005;27,69564396;7,908544702;;;;;;;;;;;;;;;;;;;;;;;;
68,34608935;27,70092284;7,87937775;;;;;;;;;;;;;;;;;;;;;;;;
68,49495043;27,70619015;7,850364942;;;;;;;;;;;;;;;;;;;;;;;;
68,64294193;27,71144601;7,821504891;;;;;;;;;;;;;;;;;;;;;;;;
68,79008126;27,71669054;7,7932691;;;;;;;;;;;;;;;;;;;;;;;;
68,9364403;27,72192385;7,768556845;;;;;;;;;;;;;;;;;;;;;;;;
69,08202615;27,72714605;7,743958825;;;;;;;;;;;;;;;;;;;;;;;;
69,22684585;27,73235725;7,719474109;;;;;;;;;;;;;;;;;;;;;;;;
69,37090632;27,73755754;7,695101781;;;;;;;;;;;;;;;;;;;;;;;;
69,51421438;27,74274704;7,670840934;;;;;;;;;;;;;;;;;;;;;;;;
69,65677675;27,74792584;7,646690676;;;;;;;;;;;;;;;;;;;;;;;;
69,79860006;27,75309403;7,622650126;;;;;;;;;;;;;;;;;;;;;;;;
69,93969084;27,75825173;7,598718414;;;;;;;;;;;;;;;;;;;;;;;;
70,08005554;27,76339902;7,574894684;;;;;;;;;;;;;;;;;;;;;;;;
70,2197005;27,768536;7,551178089;;;;;;;;;;;;;;;;;;;;;;;;
70,358632;27,77366277;7,527567795;;;;;;;;;;;;;;;;;;;;;;;;
70,4968562;27,77877941;7,504062978;;;;;;;;;;;;;;;;;;;;;;;;
70,63437919;27,78388602;7,480662824;;;;;;;;;;;;;;;;;;;;;;;;
70,771207;27,78898269;7,457366531;;;;;;;;;;;;;;;;;;;;;;;;
70,90734554;27,79406951;7,434173306;;;;;;;;;;;;;;;;;;;;;;;;
71,04280065;27,79914656;7,411082368;;;;;;;;;;;;;;;;;;;;;;;;
71,17757811;27,80421392;7,388092945;;;;;;;;;;;;;;;;;;;;;;;;
71,31168362;27,8092717;7,365204274;;;;;;;;;;;;;;;;;;;;;;;;
71,44512277;27,81431996;7,342415602;;;;;;;;;;;;;;;;;;;;;;;;
71,57790111;27,81935879;7,319726187;;;;;;;;;;;;;;;;;;;;;;;;
71,71002412;27,82438827;7,297135293;;;;;;;;;;;;;;;;;;;;;;;;
71,84149718;27,82940849;7,274642197;;;;;;;;;;;;;;;;;;;;;;;;
71,97232562;27,83441952;7,252246181;;;;;;;;;;;;;;;;;;;;;;;;
72,1025147;27,83942145;7,229946539;;;;;;;;;;;;;;;;;;;;;;;;
72,2320696;27,84441434;7,207742573;;;;;;;;;;;;;;;;;;;;;;;;
72,36099545;27,84939827;7,185633591;;;;;;;;;;;;;;;;;;;;;;;;
72,48929731;27,85437333;7,163618912;;;;;;;;;;;;;;;;;;;;;;;;
72,61698016;27,85933958;7,141697863;;;;;;;;;;;;;;;;;;;;;;;;
72,74404895;27,8642971;7,119869777;;;;;;;;;;;;;;;;;;;;;;;;
72,87050852;27,86924596;7,098133997;;;;;;;;;;;;;;;;;;;;;;;;
72,9963637;27,87418623;7,076489873;;;;;;;;;;;;;;;;;;;;;;;;
73,12161923;27,87911798;7,054936761;;;;;;;;;;;;;;;;;;;;;;;;
73,24627979;27,88404128;7,033474028;;;;;;;;;;;;;;;;;;;;;;;;
73,37035003;27,88895621;7,012101046;;;;;;;;;;;;;;;;;;;;;;;;
73,4938345;27,89386282;6,990817194;;;;;;;;;;;;;;;;;;;;;;;;
73,61673773;27,89876119;6,969621859;;;;;;;;;;;;;;;;;;;;;;;;
73,73906419;27,90365139;6,948514435;;;;;;;;;;;;;;;;;;;;;;;;
73,86081828;27,90853347;6,927494322;;;;;;;;;;;;;;;;;;;;;;;;
73,98200436;27,9134075;6,906560928;;;;;;;;;;;;;;;;;;;;;;;;
74,10262673;27,91827355;6,885713667;;;;;;;;;;;;;;;;;;;;;;;;
74,22268965;27,92313167;6,864951959;;;;;;;;;;;;;;;;;;;;;;;;
74,34219732;27,92798194;6,844275232;;;;;;;;;;;;;;;;;;;;;;;;
74,4611539;27,93282441;6,823682919;;;;;;;;;;;;;;;;;;;;;;;;
74,57956348;27,93765915;6,803174459;;;;;;;;;;;;;;;;;;;;;;;;
74,69743013;27,94248621;6,782749298;;;;;;;;;;;;;;;;;;;;;;;;
74,81475785;27,94730565;6,762406888;;;;;;;;;;;;;;;;;;;;;;;;
74,93155061;27,95211754;6,742146687;;;;;;;;;;;;;;;;;;;;;;;;
75,04780174;27,95692192;6,721356243;;;;;;;;;;;;;;;;;;;;;;;;
75,16350772;27,96171887;6,700215588;;;;;;;;;;;;;;;;;;;;;;;;
75,2786726;27,96650842;6,679163562;;;;;;;;;;;;;;;;;;;;;;;;
75,39330037;27,97129065;6,658199579;;;;;;;;;;;;;;;;;;;;;;;;
75,507395;27,97606561;6,637323053;;;;;;;;;;;;;;;;;;;;;;;;
75,6209604;27,98083336;6,61653341;;;;;;;;;;;;;;;;;;;;;;;;
75,73400043;27,98559394;6,595830078;;;;;;;;;;;;;;;;;;;;;;;;
75,84651892;27,99034742;6,575212494;;;;;;;;;;;;;;;;;;;;;;;;
75,95851965;27,99509385;6,554680098;;;;;;;;;;;;;;;;;;;;;;;;
76,07000635;27,99983328;6,534232338;;;;;;;;;;;;;;;;;;;;;;;;
76,18098273;28,00456576;6,513868668;;;;;;;;;;;;;;;;;;;;;;;;
76,29145244;28,00929135;6,493588547;;;;;;;;;;;;;;;;;;;;;;;;
76,40141909;28,0140101;6,473391439;;;;;;;;;;;;;;;;;;;;;;;;
76,51088625;28,01872205;6,453276814;;;;;;;;;;;;;;;;;;;;;;;;
76,61985747;28,02342726;6,433244149;;;;;;;;;;;;;;;;;;;;;;;;
76,72833623;28,02812579;6,413292923;;;;;;;;;;;;;;;;;;;;;;;;
76,83632601;28,03281766;6,393422624;;;;;;;;;;;;;;;;;;;;;;;;
76,94383021;28,03750295;6,373632743;;;;;;;;;;;;;;;;;;;;;;;;
77,05085223;28,04218169;6,353922776;;;;;;;;;;;;;;;;;;;;;;;;
77,15739541;28,04685392;6,334292226;;;;;;;;;;;;;;;;;;;;;;;;
77,26346306;28,05151971;6,314740598;;;;;;;;;;;;;;;;;;;;;;;;
77,36905846;28,05617909;6,295267404;;;;;;;;;;;;;;;;;;;;;;;;
77,47418486;28,06083212;6,275872162;;;;;;;;;;;;;;;;;;;;;;;;
77,57884546;28,06547883;6,256554392;;;;;;;;;;;;;;;;;;;;;;;;
77,68304343;28,07011927;6,237313619;;;;;;;;;;;;;;;;;;;;;;;;
77,78678192;28,07475348;6,218149376;;;;;;;;;;;;;;;;;;;;;;;;
77,89006404;28,07938152;6,199061196;;;;;;;;;;;;;;;;;;;;;;;;
77,99289285;28,08400342;6,180048619;;;;;;;;;;;;;;;;;;;;;;;;
78,09527141;28,08861922;6,16111119;;;;;;;;;;;;;;;;;;;;;;;;
78,19720273;28,09322898;6,142248457;;;;;;;;;;;;;;;;;;;;;;;;
78,29868979;28,09783272;6,123459973;;;;;;;;;;;;;;;;;;;;;;;;
78,39973554;28,1024305;6,104745294;;;;;;;;;;;;;;;;;;;;;;;;
78,5003429;28,10702235;6,086103983;;;;;;;;;;;;;;;;;;;;;;;;
78,60051477;28,11160832;6,067535604;;;;;;;;;;;;;;;;;;;;;;;;
78,70025401;28,11618844;6,049039727;;;;;;;;;;;;;;;;;;;;;;;;
78,79956345;28,12076276;6,030615925;;;;;;;;;;;;;;;;;;;;;;;;
78,8984459;28,12533131;6,012263777;;;;;;;;;;;;;;;;;;;;;;;;
78,99690414;28,12989414;5,993982863;;;;;;;;;;;;;;;;;;;;;;;;
79,09494091;28,13445128;5,975772769;;;;;;;;;;;;;;;;;;;;;;;;
79,19255894;28,13900277;5,957633084;;;;;;;;;;;;;;;;;;;;;;;;
79,28976093;28,14354865;5,9395634;;;;;;;;;;;;;;;;;;;;;;;;
79,38654955;28,14808896;5,921563315;;;;;;;;;;;;;;;;;;;;;;;;
79,48292743;28,15262374;5,903632428;;;;;;;;;;;;;;;;;;;;;;;;
79,5788972;28,15715301;5,885770344;;;;;;;;;;;;;;;;;;;;;;;;
79,67446145;28,16167682;5,86797667;;;;;;;;;;;;;;;;;;;;;;;;
79,76962275;28,16619521;5,850251017;;;;;;;;;;;;;;;;;;;;;;;;
79,86438364;28,17070821;5,832593;;;;;;;;;;;;;;;;;;;;;;;;
79,95874664;28,17521585;5,815002236;;;;;;;;;;;;;;;;;;;;;;;;
80,05271425;28,17971817;5,797478347;;;;;;;;;;;;;;;;;;;;;;;;
80,14628893;28,18421521;5,780020957;;;;;;;;;;;;;;;;;;;;;;;;
80,23947313;28,18870699;5,762629694;;;;;;;;;;;;;;;;;;;;;;;;
80,33226928;28,19319356;5,74530419;;;;;;;;;;;;;;;;;;;;;;;;
80,42467978;28,19767495;5,728044079;;;;;;;;;;;;;;;;;;;;;;;;
80,51670701;28,20215119;5,710848999;;;;;;;;;;;;;;;;;;;;;;;;
80,60835332;28,20662231;5,69371859;;;;;;;;;;;;;;;;;;;;;;;;
80,69962106;28,21108835;5,676652496;;;;;;;;;;;;;;;;;;;;;;;;
80,79051252;28,21554933;5,659650364;;;;;;;;;;;;;;;;;;;;;;;;
80,88103001;28,2200053;5,642711845;;;;;;;;;;;;;;;;;;;;;;;;
80,9711758;28,22445629;5,625836591;;;;;;;;;;;;;;;;;;;;;;;;
81,06095214;28,22890231;5,609024257;;;;;;;;;;;;;;;;;;;;;;;;
81,15036125;28,23334341;5,592274503;;;;;;;;;;;;;;;;;;;;;;;;
81,23940304;28,23777962;5,575442392;;;;;;;;;;;;;;;;;;;;;;;;
81,32807776;28,24221097;5,558550388;;;;;;;;;;;;;;;;;;;;;;;;
81,41638762;28,24663749;5,541721851;;;;;;;;;;;;;;;;;;;;;;;;
81,50433483;28,2510592;5,524956436;;;;;;;;;;;;;;;;;;;;;;;;
81,59192154;28,25547614;5,508253803;;;;;;;;;;;;;;;;;;;;;;;;
81,67914992;28,25988835;5,491613613;;;;;;;;;;;;;;;;;;;;;;;;
81,7660221;28,26429584;5,475035532;;;;;;;;;;;;;;;;;;;;;;;;
81,8525402;28,26869864;5,458519226;;;;;;;;;;;;;;;;;;;;;;;;
81,93870632;28,2730968;5,442064365;;;;;;;;;;;;;;;;;;;;;;;;
82,02452253;28,27749032;5,425670623;;;;;;;;;;;;;;;;;;;;;;;;
82,10999089;28,28187925;5,409337676;;;;;;;;;;;;;;;;;;;;;;;;
82,19511345;28,28626362;5,393065201;;;;;;;;;;;;;;;;;;;;;;;;
82,27989223;28,29064344;5,376852879;;;;;;;;;;;;;;;;;;;;;;;;
82,36432923;28,29501875;5,360700393;;;;;;;;;;;;;;;;;;;;;;;;
82,44845273;28,29938957;5,346277002;;;;;;;;;;;;;;;;;;;;;;;;
82,53227673;28,30375594;5,332684871;;;;;;;;;;;;;;;;;;;;;;;;
82,61580881;28,30811787;5,319515758;;;;;;;;;;;;;;;;;;;;;;;;
82,69906824;28,31247539;5,307519368;;;;;;;;;;;;;;;;;;;;;;;;
82,78205637;28,31682852;5,295556697;;;;;;;;;;;;;;;;;;;;;;;;
82,86477456;28,32117729;5,283627604;;;;;;;;;;;;;;;;;;;;;;;;
82,94722412;28,32552172;5,271731948;;;;;;;;;;;;;;;;;;;;;;;;
83,02940639;28,32986182;5,259869591;;;;;;;;;;;;;;;;;;;;;;;;
83,11132267;28,33419764;5,248040394;;;;;;;;;;;;;;;;;;;;;;;;
83,19297427;28,33852918;5,23624422;;;;;;;;;;;;;;;;;;;;;;;;
83,27436248;28,34285647;5,224480932;;;;;;;;;;;;;;;;;;;;;;;;
83,35548859;28,34717953;5,212750395;;;;;;;;;;;;;;;;;;;;;;;;
83,43635386;28,35149838;5,201052473;;;;;;;;;;;;;;;;;;;;;;;;
83,51695955;28,35581304;5,189387035;;;;;;;;;;;;;;;;;;;;;;;;
83,59730694;28,36012355;5,177753945;;;;;;;;;;;;;;;;;;;;;;;;
83,67739725;28,3644299;5,166153073;;;;;;;;;;;;;;;;;;;;;;;;
83,75723173;28,36873214;5,154584287;;;;;;;;;;;;;;;;;;;;;;;;
83,83681159;28,37303028;5,143047458;;;;;;;;;;;;;;;;;;;;;;;;
83,91613807;28,37732433;5,131542454;;;;;;;;;;;;;;;;;;;;;;;;
83,99521237;28,38161433;5,120069149;;;;;;;;;;;;;;;;;;;;;;;;
84,07403569;28,38590029;5,108627414;;;;;;;;;;;;;;;;;;;;;;;;
84,15260921;28,39018223;5,097217123;;;;;;;;;;;;;;;;;;;;;;;;
84,23093413;28,39446017;5,085838148;;;;;;;;;;;;;;;;;;;;;;;;
84,30901161;28,39873414;5,074490366;;;;;;;;;;;;;;;;;;;;;;;;
84,38684283;28,40300414;5,063173651;;;;;;;;;;;;;;;;;;;;;;;;
84,46442894;28,40727021;5,05188788;;;;;;;;;;;;;;;;;;;;;;;;
84,54177109;28,41153236;5,040632929;;;;;;;;;;;;;;;;;;;;;;;;
84,61887041;28,41579061;5,029408678;;;;;;;;;;;;;;;;;;;;;;;;
84,69572805;28,42004498;5,018215004;;;;;;;;;;;;;;;;;;;;;;;;
84,77234513;28,42429549;5,007051787;;;;;;;;;;;;;;;;;;;;;;;;
84,84872276;28,42854216;4,995918906;;;;;;;;;;;;;;;;;;;;;;;;
84,92486206;28,432785;4,984816244;;;;;;;;;;;;;;;;;;;;;;;;
85,00076411;28,43702404;4,973743681;;;;;;;;;;;;;;;;;;;;;;;;
85,07643003;28,4412593;4,9627011;;;;;;;;;;;;;;;;;;;;;;;;
85,15186089;28,44549079;4,951688385;;;;;;;;;;;;;;;;;;;;;;;;
85,22705777;28,44971853;4,940705418;;;;;;;;;;;;;;;;;;;;;;;;
85,30202174;28,45394254;4,929752085;;;;;;;;;;;;;;;;;;;;;;;;
85,37675386;28,45816284;4,918828271;;;;;;;;;;;;;;;;;;;;;;;;
85,4512552;28,46237944;4,907933862;;;;;;;;;;;;;;;;;;;;;;;;
85,5255268;28,46659237;4,897068744;;;;;;;;;;;;;;;;;;;;;;;;
85,59956969;28,47080164;4,886232806;;;;;;;;;;;;;;;;;;;;;;;;
85,67338492;28,47500727;4,875425934;;;;;;;;;;;;;;;;;;;;;;;;
85,74697352;28,47920928;4,864648018;;;;;;;;;;;;;;;;;;;;;;;;
85,82033649;28,48340767;4,853898947;;;;;;;;;;;;;;;;;;;;;;;;
85,89347486;28,48760248;4,843178612;;;;;;;;;;;;;;;;;;;;;;;;
85,96638963;28,49179372;4,832486902;;;;;;;;;;;;;;;;;;;;;;;;
86,0390818;28,49598141;4,82182371;;;;;;;;;;;;;;;;;;;;;;;;
86,11155237;28,50016555;4,811188928;;;;;;;;;;;;;;;;;;;;;;;;
86,18380231;28,50434617;4,800582448;;;;;;;;;;;;;;;;;;;;;;;;
86,25583261;28,50852329;4,790004163;;;;;;;;;;;;;;;;;;;;;;;;
86,32764425;28,51269692;4,779453967;;;;;;;;;;;;;;;;;;;;;;;;
86,39923818;28,51686708;4,768931756;;;;;;;;;;;;;;;;;;;;;;;;
86,47061537;28,52103379;4,758437424;;;;;;;;;;;;;;;;;;;;;;;;
86,54177678;28,52519705;4,747970867;;;;;;;;;;;;;;;;;;;;;;;;
86,61272334;28,52935689;4,737531981;;;;;;;;;;;;;;;;;;;;;;;;
86,683456;28,53351332;4,727120664;;;;;;;;;;;;;;;;;;;;;;;;
86,75397569;28,53766637;4,716736814;;;;;;;;;;;;;;;;;;;;;;;;
86,82428335;28,54181603;4,706380327;;;;;;;;;;;;;;;;;;;;;;;;
86,8943799;28,54596234;4,696051104;;;;;;;;;;;;;;;;;;;;;;;;
86,96426624;28,5501053;4,685749044;;;;;;;;;;;;;;;;;;;;;;;;
87,0339433;28,55424493;4,675474046;;;;;;;;;;;;;;;;;;;;;;;;
87,10341198;28,55838125;4,665226011;;;;;;;;;;;;;;;;;;;;;;;;
87,17267317;28,56251426;4,655004841;;;;;;;;;;;;;;;;;;;;;;;;
87,24172778;28,566644;4,644810437;;;;;;;;;;;;;;;;;;;;;;;;
87,31057667;28,57077046;4,634642701;;;;;;;;;;;;;;;;;;;;;;;;
87,37922075;28,57489368;4,624501536;;;;;;;;;;;;;;;;;;;;;;;;
87,44766088;28,57901365;4,614386845;;;;;;;;;;;;;;;;;;;;;;;;
87,51589794;28,5831304;4,604298533;;;;;;;;;;;;;;;;;;;;;;;;
87,58393278;28,58724394;4,594236503;;;;;;;;;;;;;;;;;;;;;;;;
87,65176628;28,59135428;4,584200661;;;;;;;;;;;;;;;;;;;;;;;;
87,71939927;28,59546144;4,574190912;;;;;;;;;;;;;;;;;;;;;;;;
87,51945566;28,5995904;-22,22929395;;;;;;;;;;;;;;;;;;;;;;;;
87,18903377;28,6037351;-22,19247003;;;;;;;;;;;;;;;;;;;;;;;;
86,85790165;28,6078957;-22,15542042;;;;;;;;;;;;;;;;;;;;;;;;
86,5260545;28,61207235;-22,11814549;;;;;;;;;;;;;;;;;;;;;;;;
86,19348742;28,61626521;-22,08064562;;;;;;;;;;;;;;;;;;;;;;;;
85,86019541;28,62047445;-22,04292118;;;;;;;;;;;;;;;;;;;;;;;;
85,52617338;28,62470023;-22,00497256;;;;;;;;;;;;;;;;;;;;;;;;
85,19141613;28,62894271;-21,96680015;;;;;;;;;;;;;;;;;;;;;;;;
84,85591834;28,63320207;-21,92840434;;;;;;;;;;;;;;;;;;;;;;;;
84,51967459;28,63747849;-21,88978551;;;;;;;;;;;;;;;;;;;;;;;;
84,18267936;28,64177213;-21,85094408;;;;;;;;;;;;;;;;;;;;;;;;
83,84492698;28,64608318;-21,81188044;;;;;;;;;;;;;;;;;;;;;;;;
83,50641169;28,65041181;-21,772595;;;;;;;;;;;;;;;;;;;;;;;;
83,1671276;28,65475821;-21,73308817;;;;;;;;;;;;;;;;;;;;;;;;
82,82706869;28,65912258;-21,69336036;;;;;;;;;;;;;;;;;;;;;;;;
82,48622883;28,66350509;-21,65341199;;;;;;;;;;;;;;;;;;;;;;;;
82,14460173;28,66790595;-21,61324349;;;;;;;;;;;;;;;;;;;;;;;;
81,80218099;28,67232536;-21,57285527;;;;;;;;;;;;;;;;;;;;;;;;
81,45896005;28,67676351;-21,53224777;;;;;;;;;;;;;;;;;;;;;;;;
81,11493224;28,6812206;-21,49142141;;;;;;;;;;;;;;;;;;;;;;;;
80,7700907;28,68569685;-21,45037665;;;;;;;;;;;;;;;;;;;;;;;;
80,42442846;28,69019247;-21,4091139;;;;;;;;;;;;;;;;;;;;;;;;
80,07793838;28,69470768;-21,36763363;;;;;;;;;;;;;;;;;;;;;;;;
79,73061315;28,69924268;-21,32593628;;;;;;;;;;;;;;;;;;;;;;;;
79,38244532;28,70379772;-21,28402229;;;;;;;;;;;;;;;;;;;;;;;;
79,03342727;28,70837301;-21,24189213;;;;;;;;;;;;;;;;;;;;;;;;
78,6835512;28,71296878;-21,19954626;;;;;;;;;;;;;;;;;;;;;;;;
78,33280912;28,71758528;-21,15698513;;;;;;;;;;;;;;;;;;;;;;;;
77,9811929;28,72222274;-21,11420921;;;;;;;;;;;;;;;;;;;;;;;;
77,62869418;28,72688132;-20,98073935;;;;;;;;;;;;;;;;;;;;;;;;
77,27682883;28,73156116;-20,84649525;;;;;;;;;;;;;;;;;;;;;;;;
76,92561868;28,73626243;-20,71154065;;;;;;;;;;;;;;;;;;;;;;;;
76,57508487;28,74098528;-20,57580963;;;;;;;;;;;;;;;;;;;;;;;;
76,22525001;28,74572985;-20,43923177;;;;;;;;;;;;;;;;;;;;;;;;
75,87613836;28,75049631;-20,3017317;;;;;;;;;;;;;;;;;;;;;;;;
75,52777586;28,7552848;-20,16322867;;;;;;;;;;;;;;;;;;;;;;;;
75,18019036;28,76009549;-20,02363603;;;;;;;;;;;;;;;;;;;;;;;;
74,83341167;28,76492852;-19,88286069;;;;;;;;;;;;;;;;;;;;;;;;
74,48747179;28,76978404;-19,74080249;;;;;;;;;;;;;;;;;;;;;;;;
74,14240502;28,7746622;-19,59735348;;;;;;;;;;;;;;;;;;;;;;;;
73,7982482;28,77956316;-19,45239718;;;;;;;;;;;;;;;;;;;;;;;;
73,4550409;28,78448706;-19,30580764;;;;;;;;;;;;;;;;;;;;;;;;
73,11282561;28,78943404;-19,15744849;;;;;;;;;;;;;;;;;;;;;;;;
72,77164805;28,79440425;-19,0071718;;;;;;;;;;;;;;;;;;;;;;;;
72,43155741;28,79939782;-18,85481681;;;;;;;;;;;;;;;;;;;;;;;;
72,09260667;28,80441491;-18,70020849;;;;;;;;;;;;;;;;;;;;;;;;
71,75485292;28,80945563;-18,54315587;;;;;;;;;;;;;;;;;;;;;;;;
71,41835779;28,81452012;-18,3834502;;;;;;;;;;;;;;;;;;;;;;;;
71,0831878;28,8196085;-18,22086273;;;;;;;;;;;;;;;;;;;;;;;;
70,74941489;28,82472089;-18,0551423;;;;;;;;;;;;;;;;;;;;;;;;
70,41711692;28,82985741;-17,88601238;;;;;;;;;;;;;;;;;;;;;;;;
70,0863783;28,83501816;-17,71316779;;;;;;;;;;;;;;;;;;;;;;;;
69,75729062;28,84020324;-17,53627078;;;;;;;;;;;;;;;;;;;;;;;;
69,42995341;28,84541275;-17,35494651;;;;;;;;;;;;;;;;;;;;;;;;
69,10447506;28,85064675;-17,16877764;;;;;;;;;;;;;;;;;;;;;;;;
68,78097374;28,85590533;-16,97729803;;;;;;;;;;;;;;;;;;;;;;;;
68,45957856;28,86118854;-16,77998515;;;;;;;;;;;;;;;;;;;;;;;;
68,14043088;28,86649642;-16,57625108;;;;;;;;;;;;;;;;;;;;;;;;
67,82368576;28,871829;-16,36543158;;;;;;;;;;;;;;;;;;;;;;;;
67,50951375;28,87718629;-16,14677284;;;;;;;;;;;;;;;;;;;;;;;;
67,19810292;28,88256829;-15,91941528;;;;;;;;;;;;;;;;;;;;;;;;
66,88966119;28,88797496;-15,68237348;;;;;;;;;;;;;;;;;;;;;;;;
66,58441927;28,8934065;-15,59315075;;;;;;;;;;;;;;;;;;;;;;;;
66,27951779;28,89886302;-15,44176047;;;;;;;;;;;;;;;;;;;;;;;;
65,97618833;28,9043446;-15,28718172;;;;;;;;;;;;;;;;;;;;;;;;
65,67451595;28,90985132;-15,12914588;;;;;;;;;;;;;;;;;;;;;;;;
65,3745925;28,91538327;-14,96735662;;;;;;;;;;;;;;;;;;;;;;;;
65,07651733;28,92094051;-14,80148608;;;;;;;;;;;;;;;;;;;;;;;;
64,78039803;28,92652308;-14,63117038;;;;;;;;;;;;;;;;;;;;;;;;
64,48635136;28,93213104;-14,4560043;;;;;;;;;;;;;;;;;;;;;;;;
64,19450424;28,9377644;-14,27553498;;;;;;;;;;;;;;;;;;;;;;;;
63,90499489;28,94342318;-14,08925436;;;;;;;;;;;;;;;;;;;;;;;;
63,61797422;28,94910737;-13,89659002;;;;;;;;;;;;;;;;;;;;;;;;
63,33360733;28,95481693;-13,69689408;;;;;;;;;;;;;;;;;;;;;;;;
63,05207537;28,96055183;-13,48942959;;;;;;;;;;;;;;;;;;;;;;;;
62,77357761;28,96631198;-13,27335364;;;;;;;;;;;;;;;;;;;;;;;;
62,49833401;28,97209729;-13,04769624;;;;;;;;;;;;;;;;;;;;;;;;
62,22658821;28,97790762;-12,8113336;;;;;;;;;;;;;;;;;;;;;;;;
61,95861111;28,98374281;-12,56295385;;;;;;;;;;;;;;;;;;;;;;;;
61,69470535;28,98960264;-12,3010124;;;;;;;;;;;;;;;;;;;;;;;;
61,43521064;28,99548687;-12,02367296;;;;;;;;;;;;;;;;;;;;;;;;
61,18051058;29,00139518;-11,72872795;;;;;;;;;;;;;;;;;;;;;;;;
60,93104116;29,00732723;-11,41348888;;;;;;;;;;;;;;;;;;;;;;;;
60,68730184;29,01328258;-11,07463147;;;;;;;;;;;;;;;;;;;;;;;;
60,44987002;29,01926072;-10,70797019;;;;;;;;;;;;;;;;;;;;;;;;
60,21942062;29,02526104;-10,30811812;;;;;;;;;;;;;;;;;;;;;;;;
59,99675322;29,03128284;-9,867951302;;;;;;;;;;;;;;;;;;;;;;;;
59,78283119;29,03732525;-9,377718105;;;;;;;;;;;;;;;;;;;;;;;;
59,5788406;29,04338726;-8,823453047;;;;;;;;;;;;;;;;;;;;;;;;
59,38628444;29,04946761;-8,183880266;;;;;;;;;;;;;;;;;;;;;;;;
59,20714544;29,05556473;-7,423537284;;;;;;;;;;;;;;;;;;;;;;;;
59,04420134;29,06167661;-6,47417073;;;;;;;;;;;;;;;;;;;;;;;;
58,90175183;29,06780031;-5,162681945;;;;;;;;;;;;;;;;;;;;;;;;
58,78793876;29,07392753;-1,52807475;;;;;;;;;;;;;;;;;;;;;;;;
58,75423251;29,08005475;0;;;;;;;;;;;;;;;;;;;;;;;;
58,72052628;29,08618196;-1,528074195;;;;;;;;;;;;;;;;;;;;;;;;
58,70827912;29,0923127;-0,55490682;;;;;;;;;;;;;;;;;;;;;;;;
58,69273682;29,09844471;-0,70405998;;;;;;;;;;;;;;;;;;;;;;;;
58,67409715;29,10457835;-0,844146074;;;;;;;;;;;;;;;;;;;;;;;;
58,65264269;29,11071394;-0,971312598;;;;;;;;;;;;;;;;;;;;;;;;
58,62878159;29,11685177;-1,079873913;;;;;;;;;;;;;;;;;;;;;;;;
58,60308105;29,1229921;-1,162647674;;;;;;;;;;;;;;;;;;;;;;;;
58,57622127;29,12913512;-1,214556968;;;;;;;;;;;;;;;;;;;;;;;;
58,5488042;29,13528096;-1,239188465;;;;;;;;;;;;;;;;;;;;;;;;
58,52118223;29,14142968;-1,247865448;;;;;;;;;;;;;;;;;;;;;;;;
58,493497;29,14758129;-1,250132735;;;;;;;;;;;;;;;;;;;;;;;;
58,46579394;29,15373582;-1,250346605;;;;;;;;;;;;;;;;;;;;;;;;
58,43808623;29,15989327;-1,249963807;;;;;;;;;;;;;;;;;;;;;;;;
58,41037757;29,16605364;-1,249414188;;;;;;;;;;;;;;;;;;;;;;;;
58,38266898;29,17221693;-1,248818943;;;;;;;;;;;;;;;;;;;;;;;;
58,35496072;29,17838314;-1,248211592;;;;;;;;;;;;;;;;;;;;;;;;
58,32725286;29,18455228;-1,247601301;;;;;;;;;;;;;;;;;;;;;;;;
58,2995454;29,19072435;-1,246990551;;;;;;;;;;;;;;;;;;;;;;;;
58,27183835;29,19689936;-1,246380007;;;;;;;;;;;;;;;;;;;;;;;;
58,2441317;29,2030773;-1,245769848;;;;;;;;;;;;;;;;;;;;;;;;
58,21642543;29,20925818;-1,245160118;;;;;;;;;;;;;;;;;;;;;;;;
58,18871954;29,215442;-1,24455083;;;;;;;;;;;;;;;;;;;;;;;;
58,16101402;29,22162877;-1,243941986;;;;;;;;;;;;;;;;;;;;;;;;
58,13330885;29,22781848;-1,243333587;;;;;;;;;;;;;;;;;;;;;;;;
58,10560404;29,23401114;-1,242725633;;;;;;;;;;;;;;;;;;;;;;;;
58,07789957;29,24020676;-1,242118123;;;;;;;;;;;;;;;;;;;;;;;;
58,05019543;29,24640533;-1,241511056;;;;;;;;;;;;;;;;;;;;;;;;
58,02249161;29,25260686;-1,240904433;;;;;;;;;;;;;;;;;;;;;;;;
57,99413967;29,25881796;-1,491818283;;;;;;;;;;;;;;;;;;;;;;;;
57,96078269;29,26502905;0;;;;;;;;;;;;;;;;;;;;;;;;
57,92742571;29,27124015;-1,491818283;;;;;;;;;;;;;;;;;;;;;;;;
57,9012987;29,27745482;-1,167801422;;;;;;;;;;;;;;;;;;;;;;;;
57,87435519;29,2836723;-1,203753035;;;;;;;;;;;;;;;;;;;;;;;;
57,84709306;29,28989267;-1,217421505;;;;;;;;;;;;;;;;;;;;;;;;
57,81973324;29,29611597;-1,221208592;;;;;;;;;;;;;;;;;;;;;;;;
57,79234692;29,30234222;-1,221812797;;;;;;;;;;;;;;;;;;;;;;;;
57,76495387;29,30857142;-1,221534708;;;;;;;;;;;;;;;;;;;;;;;;
57,73755925;29,31480357;-1,221025432;;;;;;;;;;;;;;;;;;;;;;;;
57,71016439;29,32103868;-1,220457144;;;;;;;;;;;;;;;;;;;;;;;;
57,68276961;29,32727675;-1,219874222;;;;;;;;;;;;;;;;;;;;;;;;
57,655375;29,33351778;-1,219287948;;;;;;;;;;;;;;;;;;;;;;;;
57,62798056;29,33976178;-1,218701159;;;;;;;;;;;;;;;;;;;;;;;;
57,60058629;29,34600875;-1,218114562;;;;;;;;;;;;;;;;;;;;;;;;
57,57319218;29,35225868;-1,217528331;;;;;;;;;;;;;;;;;;;;;;;;
57,54579822;29,35851159;-1,216942507;;;;;;;;;;;;;;;;;;;;;;;;
57,51840441;29,36476748;-1,216357102;;;;;;;;;;;;;;;;;;;;;;;;
57,49101073;29,37102635;-1,215772117;;;;;;;;;;;;;;;;;;;;;;;;
57,46361718;29,37728819;-1,215187551;;;;;;;;;;;;;;;;;;;;;;;;
57,43622374;29,38355303;-1,214603406;;;;;;;;;;;;;;;;;;;;;;;;
57,40883041;29,38982085;-1,21401968;;;;;;;;;;;;;;;;;;;;;;;;
57,38143717;29,39609166;-1,213436372;;;;;;;;;;;;;;;;;;;;;;;;
57,35404403;29,40236547;-1,212853484;;;;;;;;;;;;;;;;;;;;;;;;
57,32665096;29,40864227;-1,212271014;;;;;;;;;;;;;;;;;;;;;;;;
57,29925796;29,41492207;-1,211688961;;;;;;;;;;;;;;;;;;;;;;;;
57,27186502;29,42120487;-1,211107326;;;;;;;;;;;;;;;;;;;;;;;;
57,24447213;29,42749068;-1,210526108;;;;;;;;;;;;;;;;;;;;;;;;
57,21707928;29,4337795;-1,209945306;;;;;;;;;;;;;;;;;;;;;;;;
57,18968647;29,44007133;-1,209364921;;;;;;;;;;;;;;;;;;;;;;;;
57,27272327;29,44636617;3,664235267;;;;;;;;;;;;;;;;;;;;;;;;
57,39622941;29,45265188;5,457972636;;;;;;;;;;;;;;;;;;;;;;;;
57,54765751;29,45892407;6,706328869;;;;;;;;;;;;;;;;;;;;;;;;
57,72037749;29,46517976;7,669467875;;;;;;;;;;;;;;;;;;;;;;;;
57,91013455;29,47141672;8,451272423;;;;;;;;;;;;;;;;;;;;;;;;
58,11392558;29,47763325;9,106146539;;;;;;;;;;;;;;;;;;;;;;;;
58,32950632;29,48382798;9,66685419;;;;;;;;;;;;;;;;;;;;;;;;
58,55400491;29,48999981;10,10408305;;;;;;;;;;;;;;;;;;;;;;;;
58,7762563;29,49614798;10,04144242;;;;;;;;;;;;;;;;;;;;;;;;
58,99629906;29,50227291;9,97938995;;;;;;;;;;;;;;;;;;;;;;;;
59,2141618;29,50837498;9,917511828;;;;;;;;;;;;;;;;;;;;;;;;
59,42986295;29,51445461;9,855372828;;;;;;;;;;;;;;;;;;;;;;;;
59,64343879;29,52051217;9,793813743;;;;;;;;;;;;;;;;;;;;;;;;
59,85492461;29,52654804;9,732825311;;;;;;;;;;;;;;;;;;;;;;;;
60,0643548;29,53256258;9,672398506;;;;;;;;;;;;;;;;;;;;;;;;
60,27176287;29,53855616;9,612524534;;;;;;;;;;;;;;;;;;;;;;;;
60,47718146;29,5445291;9,553194819;;;;;;;;;;;;;;;;;;;;;;;;
60,68064239;29,55048176;9,494401;;;;;;;;;;;;;;;;;;;;;;;;
60,88217669;29,55641446;9,436134922;;;;;;;;;;;;;;;;;;;;;;;;
61,08181462;29,56232752;9,378388628;;;;;;;;;;;;;;;;;;;;;;;;
61,2795857;29,56822125;9,321154352;;;;;;;;;;;;;;;;;;;;;;;;
61,47551871;29,57409597;9,264424515;;;;;;;;;;;;;;;;;;;;;;;;
61,66964178;29,57995196;9,208191716;;;;;;;;;;;;;;;;;;;;;;;;
61,86198235;29,58578951;9,152448729;;;;;;;;;;;;;;;;;;;;;;;;
62,05256719;29,59160892;9,097188492;;;;;;;;;;;;;;;;;;;;;;;;
62,24142248;29,59741045;9,042404108;;;;;;;;;;;;;;;;;;;;;;;;
62,3888336;29,60321518;-17,72692366;;;;;;;;;;;;;;;;;;;;;;;;
62,01839361;29,60905498;-17,71282477;;;;;;;;;;;;;;;;;;;;;;;;
61,64601234;29,61493045;-17,69802;;;;;;;;;;;;;;;;;;;;;;;;
61,27166911;29,62084223;-17,68251214;;;;;;;;;;;;;;;;;;;;;;;;
60,89534254;29,62679097;-17,66630396;;;;;;;;;;;;;;;;;;;;;;;;
60,5170104;29,63277734;-17,64939825;;;;;;;;;;;;;;;;;;;;;;;;
60,13664967;29,63880201;-17,63179783;;;;;;;;;;;;;;;;;;;;;;;;
59,75423645;29,64486571;-17,61350551;;;;;;;;;;;;;;;;;;;;;;;;
59,36974595;29,65096915;-17,59452411;;;;;;;;;;;;;;;;;;;;;;;;
58,98315245;29,65711308;-17,57485646;;;;;;;;;;;;;;;;;;;;;;;;
58,59442925;29,66329827;-17,55450541;;;;;;;;;;;;;;;;;;;;;;;;
58,20354864;29,66952551;-17,5334738;;;;;;;;;;;;;;;;;;;;;;;;
57,81048182;29,67579563;-17,51176451;;;;;;;;;;;;;;;;;;;;;;;;
57,41519891;29,68210946;-17,48938039;;;;;;;;;;;;;;;;;;;;;;;;
57,01766886;29,68846788;-17,46632434;;;;;;;;;;;;;;;;;;;;;;;;
56,61785939;29,69487178;-17,44259923;;;;;;;;;;;;;;;;;;;;;;;;
56,21573696;29,70132209;-17,41820798;;;;;;;;;;;;;;;;;;;;;;;;
55,8112667;29,70781976;-17,39315348;;;;;;;;;;;;;;;;;;;;;;;;
55,40441234;29,7143658;-17,36743866;;;;;;;;;;;;;;;;;;;;;;;;
54,99513613;29,72096121;-17,34106644;;;;;;;;;;;;;;;;;;;;;;;;
54,58339882;29,72760706;-17,31403975;;;;;;;;;;;;;;;;;;;;;;;;
54,1691595;29,73430444;-17,28636154;;;;;;;;;;;;;;;;;;;;;;;;
53,75237561;29,74105448;-17,25803475;;;;;;;;;;;;;;;;;;;;;;;;
53,33300276;29,74785836;-17,22906236;;;;;;;;;;;;;;;;;;;;;;;;
52,91099473;29,75469693;-10,90418163;;;;;;;;;;;;;;;;;;;;;;;;
52,6425461;29,76157034;-10,78286153;;;;;;;;;;;;;;;;;;;;;;;;
52,37573191;29,76847872;-10,65761335;;;;;;;;;;;;;;;;;;;;;;;;
52,11067553;29,77542216;-10,52805832;;;;;;;;;;;;;;;;;;;;;;;;
51,84751221;29,78240074;-10,39376909;;;;;;;;;;;;;;;;;;;;;;;;
51,58639053;29,78941453;-10,25426129;;;;;;;;;;;;;;;;;;;;;;;;
51,32747418;29,79646355;-10,10898307;;;;;;;;;;;;;;;;;;;;;;;;
51,07094393;29,80354779;-9,95730217;;;;;;;;;;;;;;;;;;;;;;;;
50,8170001;29,81066722;-9,798489696;;;;;;;;;;;;;;;;;;;;;;;;
50,56586541;29,81782174;-9,631699546;;;;;;;;;;;;;;;;;;;;;;;;
50,31778848;29,82501124;-9,455941943;;;;;;;;;;;;;;;;;;;;;;;;
50,07304802;29,83223552;-9,270048925;;;;;;;;;;;;;;;;;;;;;;;;
49,83195809;29,83949434;-9,072628587;;;;;;;;;;;;;;;;;;;;;;;;
49,59487458;29,84678736;-8,86200323;;;;;;;;;;;;;;;;;;;;;;;;
49,36220352;29,85411421;-8,636123949;;;;;;;;;;;;;;;;;;;;;;;;
49,13441171;29,86147436;-8,39244965;;;;;;;;;;;;;;;;;;;;;;;;
48,91204081;29,8688672;-8,127770515;;;;;;;;;;;;;;;;;;;;;;;;
48,69572633;29,87629199;-7,837941078;;;;;;;;;;;;;;;;;;;;;;;;
48,48622411;29,88374781;-7,517458816;;;;;;;;;;;;;;;;;;;;;;;;
48,28444845;29,89123353;-7,158762101;;;;;;;;;;;;;;;;;;;;;;;;
48,09152974;29,89874779;-6,750977369;;;;;;;;;;;;;;;;;;;;;;;;
47,90890677;29,90628888;-6,277469321;;;;;;;;;;;;;;;;;;;;;;;;
47,73848662;29,91385461;-5,710394083;;;;;;;;;;;;;;;;;;;;;;;;
47,58295465;29,92144211;-4,995953189;;;;;;;;;;;;;;;;;;;;;;;;
47,44649028;29,92904715;-3,997312471;;;;;;;;;;;;;;;;;;;;;;;;
47,33705134;29,93665866;-1,469436244;;;;;;;;;;;;;;;;;;;;;;;;
47,29678667;29,94427481;-1,051301322;;;;;;;;;;;;;;;;;;;;;;;;
47,26796193;29,95189096;0;;;;;;;;;;;;;;;;;;;;;;;;
47,2391372;29,95950711;-1,051301322;;;;;;;;;;;;;;;;;;;;;;;;
47,23029706;29,96712791;-0,322222402;;;;;;;;;;;;;;;;;;;;;;;;
47,22391445;29,97475014;-0,232602385;;;;;;;;;;;;;;;;;;;;;;;;
47,21899797;29,9823734;-0,179147913;;;;;;;;;;;;;;;;;;;;;;;;
47,21503061;29,98999745;-0,144548454;;;;;;;;;;;;;;;;;;;;;;;;
47,21170371;29,99762214;-0,121203179;;;;;;;;;;;;;;;;;;;;;;;;
47,20881965;30,00524736;-0,105062982;;;;;;;;;;;;;;;;;;;;;;;;
47,2062465;30,01287306;-0,093730971;;;;;;;;;;;;;;;;;;;;;;;;
47,20389387;30,02049917;-0,085693342;;;;;;;;;;;;;;;;;;;;;;;;
47,20169874;30,02812566;-0,079952706;;;;;;;;;;;;;;;;;;;;;;;;
47,19961663;30,0357525;-0,075832835;;;;;;;;;;;;;;;;;;;;;;;;
47,19761588;30,04337968;-0,072866077;;;;;;;;;;;;;;;;;;;;;;;;
47,19567386;30,05100718;-0,070724492;;;;;;;;;;;;;;;;;;;;;;;;
47,19377428;30,058635;-0,069175837;;;;;;;;;;;;;;;;;;;;;;;;
47,19190542;30,06626313;-0,068054481;;;;;;;;;;;;;;;;;;;;;;;;
47,19005881;30,07389155;-0,067241706;;;;;;;;;;;;;;;;;;;;;;;;
47,18822831;30,08152028;-0,066652107;;;;;;;;;;;;;;;;;;;;;;;;
47,1864095;30,0891493;-0,06622409;;;;;;;;;;;;;;;;;;;;;;;;
47,18459916;30,09677862;-0,065913148;;;;;;;;;;;;;;;;;;;;;;;;
47,18279496;30,10440822;-0,065687077;;;;;;;;;;;;;;;;;;;;;;;;
47,18099521;30,11203812;-0,065522556;;;;;;;;;;;;;;;;;;;;;;;;
47,17919869;30,11966832;-0,065402684;;;;;;;;;;;;;;;;;;;;;;;;
47,17740449;30,1272988;-0,065315204;;;;;;;;;;;;;;;;;;;;;;;;
47,17561199;30,13492957;-0,065251229;;;;;;;;;;;;;;;;;;;;;;;;
47,20359293;30,14256063;1,018532331;;;;;;;;;;;;;;;;;;;;;;;;
47,24724677;30,15018717;1,589983039;;;;;;;;;;;;;;;;;;;;;;;;
47,30217575;30,15780666;2,00250224;;;;;;;;;;;;;;;;;;;;;;;;
47,36598414;30,1654173;2,328916539;;;;;;;;;;;;;;;;;;;;;;;;
47,43711209;30,17301769;2,599572082;;;;;;;;;;;;;;;;;;;;;;;;
47,51444473;30,18060669;2,830584356;;;;;;;;;;;;;;;;;;;;;;;;
47,59713774;30,18818333;3,031722348;;;;;;;;;;;;;;;;;;;;;;;;
47,68452584;30,19574681;3,209431708;;;;;;;;;;;;;;;;;;;;;;;;
47,77606958;30,20329643;3,368225088;;;;;;;;;;;;;;;;;;;;;;;;
47,87132185;30,21083158;3,511403635;;;;;;;;;;;;;;;;;;;;;;;;
47,9699057;30,21835174;3,641465394;;;;;;;;;;;;;;;;;;;;;;;;
48,05774919;30,22587072;-6,609034561;;;;;;;;;;;;;;;;;;;;;;;;
47,87885374;30,23342019;-7,116084769;;;;;;;;;;;;;;;;;;;;;;;;
47,68545208;30,24100259;-7,585562896;;;;;;;;;;;;;;;;;;;;;;;;
47,47839179;30,24862029;-8,023371633;;;;;;;;;;;;;;;;;;;;;;;;
47,2583611;30,25627564;-8,433757702;;;;;;;;;;;;;;;;;;;;;;;;
47,02593296;30,26397097;-8,81990715;;;;;;;;;;;;;;;;;;;;;;;;
46,78159328;30,27170862;-9,184290964;;;;;;;;;;;;;;;;;;;;;;;;
46,52575993;30,27949093;-9,528878181;;;;;;;;;;;;;;;;;;;;;;;;
46,25879608;30,28732024;-9,855273722;;;;;;;;;;;;;;;;;;;;;;;;
45,98101984;30,29519896;-10,16481111;;;;;;;;;;;;;;;;;;;;;;;;
45,69271139;30,30312752;-10,062693;;;;;;;;;;;;;;;;;;;;;;;;
45,40549394;30,31110628;-9,947398562;;;;;;;;;;;;;;;;;;;;;;;;
45,11976933;30,3191356;-9,82731287;;;;;;;;;;;;;;;;;;;;;;;;
44,8357056;30,32721577;-9,701894668;;;;;;;;;;;;;;;;;;;;;;;;
44,55349078;30,33534708;-9,570520459;;;;;;;;;;;;;;;;;;;;;;;;
44,27333582;30,34352974;-9,432467528;;;;;;;;;;;;;;;;;;;;;;;;
43,99547822;30,35176392;-9,286892343;;;;;;;;;;;;;;;;;;;;;;;;
43,72018634;30,36004973;-9,132802744;;;;;;;;;;;;;;;;;;;;;;;;
43,44776468;30,3683872;-8,969021588;;;;;;;;;;;;;;;;;;;;;;;;
43,17856043;30,37677627;-8,794138474;;;;;;;;;;;;;;;;;;;;;;;;
42,91297165;30,38521678;-8,606444389;;;;;;;;;;;;;;;;;;;;;;;;
42,65145769;30,39370844;-8,403841361;;;;;;;;;;;;;;;;;;;;;;;;
42,39455255;30,40225081;-8,183714377;;;;;;;;;;;;;;;;;;;;;;;;
42,14288268;30,41084327;-7,942744389;;;;;;;;;;;;;;;;;;;;;;;;
41,89719086;30,41948499;-7,676625549;;;;;;;;;;;;;;;;;;;;;;;;
41,65836955;30,42817487;-7,379618918;;;;;;;;;;;;;;;;;;;;;;;;
41,42750879;30,43691147;-7,043809547;;;;;;;;;;;;;;;;;;;;;;;;
41,20596862;30,44569292;-6,657782501;;;;;;;;;;;;;;;;;;;;;;;;
40,99549461;30,45451679;-6,204039329;;;;;;;;;;;;;;;;;;;;;;;;
40,79841748;30,46337985;-5,653271565;;;;;;;;;;;;;;;;;;;;;;;;
40,61803851;30,47227763;-4,948931541;;;;;;;;;;;;;;;;;;;;;;;;
40,45951424;30,4812034;-3,948030108;;;;;;;;;;;;;;;;;;;;;;;;
40,33265308;30,49013496;-0,812623265;;;;;;;;;;;;;;;;;;;;;;;;
40,30652431;30,49906652;0;;;;;;;;;;;;;;;;;;;;;;;;
40,28039555;30,50799807;-0,812623265;;;;;;;;;;;;;;;;;;;;;;;;
40,35559001;30,51693542;2,337085543;;;;;;;;;;;;;;;;;;;;;;;;
40,43913187;30,52585612;2,601374172;;;;;;;;;;;;;;;;;;;;;;;;
40,52947403;30,53475839;2,818949418;;;;;;;;;;;;;;;;;;;;;;;;
40,62549043;30,54364081;3,002696089;;;;;;;;;;;;;;;;;;;;;;;;
40,72632121;30,55250224;3,16072545;;;;;;;;;;;;;;;;;;;;;;;;
40,83128736;30,56134174;3,298522301;;;;;;;;;;;;;;;;;;;;;;;;
40,93983912;30,5701585;3,419990834;;;;;;;;;;;;;;;;;;;;;;;;
41,05152284;30,5789519;3,528019783;;;;;;;;;;;;;;;;;;;;;;;;
41,16595846;30,58772136;3,624812103;;;;;;;;;;;;;;;;;;;;;;;;
41,28282365;30,59646645;3,712088985;;;;;;;;;;;;;;;;;;;;;;;;
41,40184225;30,60518679;3,791222193;;;;;;;;;;;;;;;;;;;;;;;;
41,52277568;30,61388205;3,863323262;;;;;;;;;;;;;;;;;;;;;;;;
41,64541633;30,62255199;3,92930557;;;;;;;;;;;;;;;;;;;;;;;;
41,7695824;30,6311964;3,989928723;;;;;;;;;;;;;;;;;;;;;;;;
41,89511386;30,63981511;4,045831036;;;;;;;;;;;;;;;;;;;;;;;;
42,02186921;30,648408;4,09755378;;;;;;;;;;;;;;;;;;;;;;;;
42,14972276;30,65697497;4,145559613;;;;;;;;;;;;;;;;;;;;;;;;
42,27856252;30,66551595;4,190246797;;;;;;;;;;;;;;;;;;;;;;;;
42,40828832;30,6740309;4,231960332;;;;;;;;;;;;;;;;;;;;;;;;
42,53881038;30,68251981;4,271000767;;;;;;;;;;;;;;;;;;;;;;;;
42,67004795;30,69098267;4,307631263;;;;;;;;;;;;;;;;;;;;;;;;
42,82007373;30,6994195;4,93951182;;;;;;;;;;;;;;;;;;;;;;;;
42,98446379;30,70782677;5,431477086;;;;;;;;;;;;;;;;;;;;;;;;
43,16081523;30,71620189;5,849052687;;;;;;;;;;;;;;;;;;;;;;;;
43,34731839;30,72454279;6,211133138;;;;;;;;;;;;;;;;;;;;;;;;
43,54255555;30,7328478;6,530098084;;;;;;;;;;;;;;;;;;;;;;;;
43,74538416;30,74111558;6,814564951;;;;;;;;;;;;;;;;;;;;;;;;
43,95486369;30,74934502;7,070804371;;;;;;;;;;;;;;;;;;;;;;;;
44,17020695;30,75753524;7,303536722;;;;;;;;;;;;;;;;;;;;;;;;
44,39074632;30,76568553;7,516411879;;;;;;;;;;;;;;;;;;;;;;;;
44,61590944;30,77379532;7,712313928;;;;;;;;;;;;;;;;;;;;;;;;
44,84520114;30,7818642;7,893563116;;;;;;;;;;;;;;;;;;;;;;;;
45,07818979;30,78989181;8,062054495;;;;;;;;;;;;;;;;;;;;;;;;
45,31449664;30,79787793;8,219355921;;;;;;;;;;;;;;;;;;;;;;;;
45,55378752;30,80582241;8,366779069;;;;;;;;;;;;;;;;;;;;;;;;
45,79576608;30,81372516;8,50543202;;;;;;;;;;;;;;;;;;;;;;;;
46,0401684;30,82158615;8,636258921;;;;;;;;;;;;;;;;;;;;;;;;
46,28675854;30,82940541;8,760070384;;;;;;;;;;;;;;;;;;;;;;;;
46,53532481;30,83718301;8,877567137;;;;;;;;;;;;;;;;;;;;;;;;
46,78567675;30,84491907;8,989358649;;;;;;;;;;;;;;;;;;;;;;;;
47,03764248;30,85261373;9,095977978;;;;;;;;;;;;;;;;;;;;;;;;
47,28314281;30,86026717;8,91030596;;;;;;;;;;;;;;;;;;;;;;;;
47,52069877;30,86788088;8,666969602;;;;;;;;;;;;;;;;;;;;;;;;
47,75019227;30,87545653;8,41488546;;;;;;;;;;;;;;;;;;;;;;;;
47,97149317;30,88299576;8,153673018;;;;;;;;;;;;;;;;;;;;;;;;
48,18445811;30,89050022;7,882906002;;;;;;;;;;;;;;;;;;;;;;;;
48,38892913;30,89797151;7,602102887;;;;;;;;;;;;;;;;;;;;;;;;
48,5847319;30,90541123;7,310714728;;;;;;;;;;;;;;;;;;;;;;;;
48,77167354;30,91282096;7,008109348;;;;;;;;;;;;;;;;;;;;;;;;
48,94953993;30,9202023;6,693550479;;;;;;;;;;;;;;;;;;;;;;;;
49,1180922;30,92755681;6,366169718;;;;;;;;;;;;;;;;;;;;;;;;
49,27706227;30,93488608;6,024928074;;;;;;;;;;;;;;;;;;;;;;;;
49,42614698;30,94219171;5,668561954;;;;;;;;;;;;;;;;;;;;;;;;
49,5650001;30,94947531;5,295505163;;;;;;;;;;;;;;;;;;;;;;;;
49,69322141;30,9567385;4,903772508;;;;;;;;;;;;;;;;;;;;;;;;
49,810341;30,96398295;4,490779089;;;;;;;;;;;;;;;;;;;;;;;;
49,91579595;30,97121036;4,053045774;;;;;;;;;;;;;;;;;;;;;;;;
50,00889379;30,97842251;3,585688864;;;;;;;;;;;;;;;;;;;;;;;;
50,08875109;30,98562123;3,081462452;;;;;;;;;;;;;;;;;;;;;;;;
50,15418029;30,99280847;2,528755233;;;;;;;;;;;;;;;;;;;;;;;;
50,20344953;30,99998634;1,906680662;;;;;;;;;;;;;;;;;;;;;;;;
50,23363937;31,00715716;1,169470791;;;;;;;;;;;;;;;;;;;;;;;;
50,23775258;31,01432367;0,159430337;;;;;;;;;;;;;;;;;;;;;;;;
50,25542832;31,0214896;0,685176986;;;;;;;;;;;;;;;;;;;;;;;;
50,28827914;31,028653;1,27386745;;;;;;;;;;;;;;;;;;;;;;;;
50,33186381;31,03581173;1,691201894;;;;;;;;;;;;;;;;;;;;;;;;
50,38386856;31,04296425;2,019673058;;;;;;;;;;;;;;;;;;;;;;;;
50,44281581;31,0501094;2,291659129;;;;;;;;;;;;;;;;;;;;;;;;
50,50766042;31,05724619;2,52387739;;;;;;;;;;;;;;;;;;;;;;;;
50,57761571;31,06437382;2,726294602;;;;;;;;;;;;;;;;;;;;;;;;
50,65206403;31,0714916;2,905415635;;;;;;;;;;;;;;;;;;;;;;;;
50,73050556;31,07859891;3,065760232;;;;;;;;;;;;;;;;;;;;;;;;
50,81252641;31,08569523;3,210616746;;;;;;;;;;;;;;;;;;;;;;;;
50,89777769;31,0927801;3,342463621;;;;;;;;;;;;;;;;;;;;;;;;
50,98596102;31,0998531;3,463221834;;;;;;;;;;;;;;;;;;;;;;;;
51,07681821;31,10691386;3,574414458;;;;;;;;;;;;;;;;;;;;;;;;
51,17012364;31,11396207;3,677271979;;;;;;;;;;;;;;;;;;;;;;;;
51,26567851;31,12099743;3,77280434;;;;;;;;;;;;;;;;;;;;;;;;
51,36330639;31,12801967;3,861851713;;;;;;;;;;;;;;;;;;;;;;;;
51,46284977;31,13502856;3,945121211;;;;;;;;;;;;;;;;;;;;;;;;
51,56416724;31,1420239;4,023214021;;;;;;;;;;;;;;;;;;;;;;;;
51,66713124;31,14900549;4,096645838;;;;;;;;;;;;;;;;;;;;;;;;
51,77162626;31,15597317;4,165862525;;;;;;;;;;;;;;;;;;;;;;;;
51,87754727;31,16292679;4,231252285;;;;;;;;;;;;;;;;;;;;;;;;
51,98479847;31,16986621;4,293155256;;;;;;;;;;;;;;;;;;;;;;;;
52,0932922;31,17679131;4,351871157;;;;;;;;;;;;;;;;;;;;;;;;
52,20294806;31,18370199;4,407665456;;;;;;;;;;;;;;;;;;;;;;;;
52,30610721;31,19059815;4,155256214;;;;;;;;;;;;;;;;;;;;;;;;
52,4063463;31,19748071;4,045614608;;;;;;;;;;;;;;;;;;;;;;;;
52,50373548;31,20435011;3,938125568;;;;;;;;;;;;;;;;;;;;;;;;
52,59834551;31,21120676;3,832855165;;;;;;;;;;;;;;;;;;;;;;;;
52,69024778;31,21805108;3,729866919;;;;;;;;;;;;;;;;;;;;;;;;
52,77951423;31,22488347;3,629221473;;;;;;;;;;;;;;;;;;;;;;;;
52,86621729;31,2317043;3,530976269;;;;;;;;;;;;;;;;;;;;;;;;
52,95042986;31,23851394;3,435185206;;;;;;;;;;;;;;;;;;;;;;;;
53,03222523;31,24531275;3,341898285;;;;;;;;;;;;;;;;;;;;;;;;
53,11167701;31,25210108;3,251161267;;;;;;;;;;;;;;;;;;;;;;;;
53,18885906;31,25887925;3,163015313;;;;;;;;;;;;;;;;;;;;;;;;
53,26384536;31,26564758;3,077496649;;;;;;;;;;;;;;;;;;;;;;;;
53,33670995;31,27240639;2,994636232;;;;;;;;;;;;;;;;;;;;;;;;
53,40752683;31,27915596;2,914459441;;;;;;;;;;;;;;;;;;;;;;;;
53,47636982;31,28589658;2,836985796;;;;;;;;;;;;;;;;;;;;;;;;
53,54331244;31,29262853;2,762228701;;;;;;;;;;;;;;;;;;;;;;;;
53,60842782;31,29935206;2,69019524;;;;;;;;;;;;;;;;;;;;;;;;
53,67178853;31,30606742;2,62088601;;;;;;;;;;;;;;;;;;;;;;;;
53,73346649;31,31277485;2,554295005;;;;;;;;;;;;;;;;;;;;;;;;
53,7935328;31,31947459;2,490409567;;;;;;;;;;;;;;;;;;;;;;;;
53,85205761;31,32616684;2,429210388;;;;;;;;;;;;;;;;;;;;;;;;
53,90911004;31,33285182;2,370671584;;;;;;;;;;;;;;;;;;;;;;;;
53,96475796;31,33952973;2,314760829;;;;;;;;;;;;;;;;;;;;;;;;
54,01906795;31,34620075;2,261439559;;;;;;;;;;;;;;;;;;;;;;;;
54,07646331;31,35286506;2,392317672;;;;;;;;;;;;;;;;;;;;;;;;
54,13610176;31,3595223;2,488454073;;;;;;;;;;;;;;;;;;;;;;;;
54,1977861;31,36617221;2,576658814;;;;;;;;;;;;;;;;;;;;;;;;
54,26134414;31,37281455;2,657951154;;;;;;;;;;;;;;;;;;;;;;;;
54,32662422;31,37944911;2,733167617;;;;;;;;;;;;;;;;;;;;;;;;
54,39349187;31,38607569;2,803004137;;;;;;;;;;;;;;;;;;;;;;;;
54,46182703;31,39269413;2,868046514;;;;;;;;;;;;;;;;;;;;;;;;
54,53152201;31,39930426;2,928792893;;;;;;;;;;;;;;;;;;;;;;;;
54,60247967;31,40590595;2,9856707;;;;;;;;;;;;;;;;;;;;;;;;
54,67461207;31,41249906;3,039049597;;;;;;;;;;;;;;;;;;;;;;;;
54,7478393;31,41908347;3,08925156;;;;;;;;;;;;;;;;;;;;;;;;
54,82208844;31,42565907;3,136558806;;;;;;;;;;;;;;;;;;;;;;;;
54,89729282;31,43222576;3,181220123;;;;;;;;;;;;;;;;;;;;;;;;
54,97339127;31,43878347;3,223455964;;;;;;;;;;;;;;;;;;;;;;;;
55,05032754;31,44533209;3,263462589;;;;;;;;;;;;;;;;;;;;;;;;
55,12804978;31,45187156;3,301415472;;;;;;;;;;;;;;;;;;;;;;;;
55,20651009;31,45840181;3,337472123;;;;;;;;;;;;;;;;;;;;;;;;
55,28566415;31,46492278;3,371774428;;;;;;;;;;;;;;;;;;;;;;;;
55,36547088;31,47143441;3,404450633;;;;;;;;;;;;;;;;;;;;;;;;
55,44589212;31,47793666;3,435617006;;;;;;;;;;;;;;;;;;;;;;;;
55,52689237;31,48442948;3,465379257;;;;;;;;;;;;;;;;;;;;;;;;
55,6084386;31,49091282;3,493833751;;;;;;;;;;;;;;;;;;;;;;;;
55,69049997;31,49738666;3,521068551;;;;;;;;;;;;;;;;;;;;;;;;
55,77304771;31,50385096;3,547164316;;;;;;;;;;;;;;;;;;;;;;;;
55,85605492;31,51030569;3,572195082;;;;;;;;;;;;;;;;;;;;;;;;
55,93570961;31,51675083;3,433022252;;;;;;;;;;;;;;;;;;;;;;;;
56,01187706;31,52318679;3,287407839;;;;;;;;;;;;;;;;;;;;;;;;
56,08459889;31,529614;3,142967517;;;;;;;;;;;;;;;;;;;;;;;;
56,1539185;31,53603287;2,999816884;;;;;;;;;;;;;;;;;;;;;;;;
56,21988127;31,54244382;2,858077126;;;;;;;;;;;;;;;;;;;;;;;;
56,28253467;31,54884725;2,717875356;;;;;;;;;;;;;;;;;;;;;;;;
56,34192842;31,55524355;2,579344937;;;;;;;;;;;;;;;;;;;;;;;;
56,39811469;31,56163311;2,442625801;;;;;;;;;;;;;;;;;;;;;;;;
56,45114825;31,5680163;2,307864724;;;;;;;;;;;;;;;;;;;;;;;;
56,50108664;31,57439349;2,175215561;;;;;;;;;;;;;;;;;;;;;;;;
56,54799037;31,58076505;2,044839398;;;;;;;;;;;;;;;;;;;;;;;;
56,59192312;31,58713133;1,91690461;;;;;;;;;;;;;;;;;;;;;;;;
56,63295188;31,59349266;1,791586772;;;;;;;;;;;;;;;;;;;;;;;;
56,67114718;31,59984938;1,669068394;;;;;;;;;;;;;;;;;;;;;;;;
56,70658323;31,60620182;1,549538413;;;;;;;;;;;;;;;;;;;;;;;;
56,73933809;31,61255029;1,433191395;;;;;;;;;;;;;;;;;;;;;;;;
56,76949377;31,6188951;1,320226373;;;;;;;;;;;;;;;;;;;;;;;;
56,79713635;31,62523653;1,210845249;;;;;;;;;;;;;;;;;;;;;;;;
56,82235602;31,63157488;1,105250695;;;;;;;;;;;;;;;;;;;;;;;;
56,84524705;31,63791041;1,003643476;;;;;;;;;;;;;;;;;;;;;;;;
56,8659077;31,64424339;0,906219157;;;;;;;;;;;;;;;;;;;;;;;;
56,88444008;31,65057408;0,813164171;;;;;;;;;;;;;;;;;;;;;;;;
56,90094984;31,6569027;0,724651268;;;;;;;;;;;;;;;;;;;;;;;;
56,91554575;31,66322948;0,640834434;;;;;;;;;;;;;;;;;;;;;;;;
56,92833925;31,66955464;0,561843441;;;;;;;;;;;;;;;;;;;;;;;;
56,93944375;31,67587838;0,487778273;;;;;;;;;;;;;;;;;;;;;;;;
56,96413871;31,68220089;1,084967068;;;;;;;;;;;;;;;;;;;;;;;;
56,99874046;31,68852065;1,520878807;;;;;;;;;;;;;;;;;;;;;;;;
57,04127374;31,69483658;1,870635035;;;;;;;;;;;;;;;;;;;;;;;;
57,09045706;31,7011478;2,164721969;;;;;;;;;;;;;;;;;;;;;;;;
57,1453741;31,70745358;2,419165599;;;;;;;;;;;;;;;;;;;;;;;;
57,20532897;31,71375331;2,643629132;;;;;;;;;;;;;;;;;;;;;;;;
57,26977111;31,72004643;2,844470853;;;;;;;;;;;;;;;;;;;;;;;;
57,3382518;31,72633247;3,02613699;;;;;;;;;;;;;;;;;;;;;;;;
57,41039694;31,732611;3,191879737;;;;;;;;;;;;;;;;;;;;;;;;
57,48588908;31,73888164;3,344161753;;;;;;;;;;;;;;;;;;;;;;;;
57,56445497;31,74514404;3,484899853;;;;;;;;;;;;;;;;;;;;;;;;
57,64585665;31,7513979;3,615619771;;;;;;;;;;;;;;;;;;;;;;;;
57,72988483;31,75764293;3,737558714;;;;;;;;;;;;;;;;;;;;;;;;
57,8163539;31,76387887;3,851735754;;;;;;;;;;;;;;;;;;;;;;;;
57,9050981;31,77010548;3,959001589;;;;;;;;;;;;;;;;;;;;;;;;
57,99596845;31,77632255;4,060074618;;;;;;;;;;;;;;;;;;;;;;;;
58,08883035;31,78252988;4,15556766;;;;;;;;;;;;;;;;;;;;;;;;
58,18356158;31,78872728;4,246008132;;;;;;;;;;;;;;;;;;;;;;;;
58,28005073;31,7949146;4,331853538;;;;;;;;;;;;;;;;;;;;;;;;
58,37819581;31,80109167;4,41350353;;;;;;;;;;;;;;;;;;;;;;;;
58,4779032;31,80725836;4,491309435;;;;;;;;;;;;;;;;;;;;;;;;
58,57908661;31,81341453;4,565581862;;;;;;;;;;;;;;;;;;;;;;;;
58,68166639;31,81956007;4,636596842;;;;;;;;;;;;;;;;;;;;;;;;
58,78556873;31,82569486;4,704600834;;;;;;;;;;;;;;;;;;;;;;;;
58,89072515;31,83181881;4,769814845;;;;;;;;;;;;;;;;;;;;;;;;
58,99707194;31,83793183;4,832437842;;;;;;;;;;;;;;;;;;;;;;;;
59,12063173;31,84403383;5,624741924;;;;;;;;;;;;;;;;;;;;;;;;
59,2581093;31,85012307;6,271420382;;;;;;;;;;;;;;;;;;;;;;;;
59,40744581;31,85619819;6,828240176;;;;;;;;;;;;;;;;;;;;;;;;
59,56706987;31,86225804;7,317019765;;;;;;;;;;;;;;;;;;;;;;;;
59,73573535;31,86830164;7,752244486;;;;;;;;;;;;;;;;;;;;;;;;
59,91242644;31,87432819;8,14411444;;;;;;;;;;;;;;;;;;;;;;;;
60,09629762;31,88033696;8,500129727;;;;;;;;;;;;;;;;;;;;;;;;
60,28663354;31,88632734;8,825990863;;;;;;;;;;;;;;;;;;;;;;;;
60,48282105;31,89229882;9,126145458;;;;;;;;;;;;;;;;;;;;;;;;
60,68432889;31,89825092;9,404137913;;;;;;;;;;;;;;;;;;;;;;;;
60,8858284;31,90418326;9,435078903;;;;;;;;;;;;;;;;;;;;;;;;
61,08543207;31,91009596;9,377342;;;;;;;;;;;;;;;;;;;;;;;;
61,28316943;31,91598935;9,320116975;;;;;;;;;;;;;;;;;;;;;;;;
61,47906924;31,92186372;9,263396254;;;;;;;;;;;;;;;;;;;;;;;;
61,67315961;31,92771937;9,207172438;;;;;;;;;;;;;;;;;;;;;;;;
61,86546797;31,93355659;9,151438302;;;;;;;;;;;;;;;;;;;;;;;;
62,05602109;31,93937567;9,09618679;;;;;;;;;;;;;;;;;;;;;;;;
62,24484513;31,94517688;9,041411008;;;;;;;;;;;;;;;;;;;;;;;;
62,43240822;31,95096049;9,008360441;;;;;;;;;;;;;;;;;;;;;;;;
62,6188778;31,95672673;8,982828153;;;;;;;;;;;;;;;;;;;;;;;;
62,80406171;31,96247579;8,947537546;;;;;;;;;;;;;;;;;;;;;;;;
62,98797581;31,96820791;8,912463317;;;;;;;;;;;;;;;;;;;;;;;;
63,17063565;31,97392328;8,877603017;;;;;;;;;;;;;;;;;;;;;;;;
63,35205648;31,97962213;8,842954243;;;;;;;;;;;;;;;;;;;;;;;;
63,53225323;31,98530467;8,808514638;;;;;;;;;;;;;;;;;;;;;;;;
63,71124057;31,99097108;8,774281891;;;;;;;;;;;;;;;;;;;;;;;;
63,88903289;31,99662157;8,74025373;;;;;;;;;;;;;;;;;;;;;;;;
64,06564427;32,00225634;8,706427929;;;;;;;;;;;;;;;;;;;;;;;;
64,24108857;32,00787558;8,6728023;;;;;;;;;;;;;;;;;;;;;;;;
64,41537935;32,01347947;8,639374696;;;;;;;;;;;;;;;;;;;;;;;;
64,58852995;32,0190682;8,606143007;;;;;;;;;;;;;;;;;;;;;;;;
64,76055344;32,02464194;8,573105162;;;;;;;;;;;;;;;;;;;;;;;;
64,93146266;32,03020088;8,540259128;;;;;;;;;;;;;;;;;;;;;;;;
65,10127022;32,03574519;8,507602904;;;;;;;;;;;;;;;;;;;;;;;;
65,2699885;32,04127503;8,475134528;;;;;;;;;;;;;;;;;;;;;;;;
65,43762966;32,04679059;8,442852069;;;;;;;;;;;;;;;;;;;;;;;;
65,60420563;32,05229201;8,41075363;;;;;;;;;;;;;;;;;;;;;;;;
65,76972814;32,05777946;8,378837348;;;;;;;;;;;;;;;;;;;;;;;;
65,93420873;32,0632531;8,347101388;;;;;;;;;;;;;;;;;;;;;;;;
66,09765871;32,06871309;8,315543949;;;;;;;;;;;;;;;;;;;;;;;;
66,2600892;32,07415958;8,28416326;;;;;;;;;;;;;;;;;;;;;;;;
66,42151116;32,07959271;8,252957576;;;;;;;;;;;;;;;;;;;;;;;;
66,58193532;32,08501264;8,221925185;;;;;;;;;;;;;;;;;;;;;;;;
66,74137225;32,09041952;8,191064399;;;;;;;;;;;;;;;;;;;;;;;;
66,89983234;32,09581347;8,160373561;;;;;;;;;;;;;;;;;;;;;;;;
67,05732582;32,10119465;8,129851037;;;;;;;;;;;;;;;;;;;;;;;;
67,21386271;32,10656319;8,099495222;;;;;;;;;;;;;;;;;;;;;;;;
67,36945292;32,11191923;8,069304535;;;;;;;;;;;;;;;;;;;;;;;;
67,52410615;32,1172629;8,039277421;;;;;;;;;;;;;;;;;;;;;;;;
67,67783197;32,12259433;8,009412347;;;;;;;;;;;;;;;;;;;;;;;;
67,83063978;32,12791365;7,979707807;;;;;;;;;;;;;;;;;;;;;;;;
67,98253884;32,13322098;7,950162315;;;;;;;;;;;;;;;;;;;;;;;;
68,13353825;32,13851646;7,92077441;;;;;;;;;;;;;;;;;;;;;;;;
68,28364699;32,1438002;7,891542653;;;;;;;;;;;;;;;;;;;;;;;;
68,43287386;32,14907233;7,862465625;;;;;;;;;;;;;;;;;;;;;;;;
68,58122757;32,15433296;7,833541932;;;;;;;;;;;;;;;;;;;;;;;;
68,72871665;32,15958221;7,804770196;;;;;;;;;;;;;;;;;;;;;;;;
68,87540074;32,16482019;7,778865178;;;;;;;;;;;;;;;;;;;;;;;;
69,02130869;32,17004702;7,754219556;;;;;;;;;;;;;;;;;;;;;;;;
69,16644757;32,1752628;7,729687626;;;;;;;;;;;;;;;;;;;;;;;;
69,31082433;32,18046764;7,705268464;;;;;;;;;;;;;;;;;;;;;;;;
69,45444585;32,18566163;7,680961161;;;;;;;;;;;;;;;;;;;;;;;;
69,59731888;32,19084489;7,656764818;;;;;;;;;;;;;;;;;;;;;;;;
69,73945009;32,1960175;7,632678549;;;;;;;;;;;;;;;;;;;;;;;;
69,88084606;32,20117957;7,60870148;;;;;;;;;;;;;;;;;;;;;;;;
70,02151326;32,2063312;7,58483275;;;;;;;;;;;;;;;;;;;;;;;;
70,16145809;32,21147247;7,561071507;;;;;;;;;;;;;;;;;;;;;;;;
70,30068685;32,2166035;7,537416912;;;;;;;;;;;;;;;;;;;;;;;;
70,43920574;32,22172436;7,513868137;;;;;;;;;;;;;;;;;;;;;;;;
70,57702089;32,22683515;7,490424363;;;;;;;;;;;;;;;;;;;;;;;;
70,71413835;32,23193596;7,467084784;;;;;;;;;;;;;;;;;;;;;;;;
70,85056408;32,23702688;7,443848604;;;;;;;;;;;;;;;;;;;;;;;;
70,98630395;32,24210799;7,420715036;;;;;;;;;;;;;;;;;;;;;;;;
71,12136377;32,24717939;7,397683303;;;;;;;;;;;;;;;;;;;;;;;;
71,25574927;32,25224116;7,37475264;;;;;;;;;;;;;;;;;;;;;;;;
71,38946607;32,25729339;7,35192229;;;;;;;;;;;;;;;;;;;;;;;;
71,52251977;32,26233615;7,329191505;;;;;;;;;;;;;;;;;;;;;;;;
71,65491585;32,26736953;7,306559547;;;;;;;;;;;;;;;;;;;;;;;;
71,78665974;32,27239361;7,284025689;;;;;;;;;;;;;;;;;;;;;;;;
71,91775679;32,27740847;7,261589209;;;;;;;;;;;;;;;;;;;;;;;;
72,04821229;32,28241419;7,239249398;;;;;;;;;;;;;;;;;;;;;;;;
72,17803147;32,28741084;7,217005552;;;;;;;;;;;;;;;;;;;;;;;;
72,30721945;32,29239851;7,194856979;;;;;;;;;;;;;;;;;;;;;;;;
72,43578134;32,29737726;7,172802992;;;;;;;;;;;;;;;;;;;;;;;;
72,56372215;32,30234718;7,150842915;;;;;;;;;;;;;;;;;;;;;;;;
72,69104683;32,30730834;7,128976079;;;;;;;;;;;;;;;;;;;;;;;;
72,81776029;32,31226081;7,107201823;;;;;;;;;;;;;;;;;;;;;;;;
72,94386734;32,31720466;7,085519492;;;;;;;;;;;;;;;;;;;;;;;;
73,06937277;32,32213996;7,063928443;;;;;;;;;;;;;;;;;;;;;;;;
73,19428128;32,32706678;7,042428036;;;;;;;;;;;;;;;;;;;;;;;;
73,31859754;32,3319852;7,02101764;;;;;;;;;;;;;;;;;;;;;;;;
73,44232613;32,33689528;6,999696634;;;;;;;;;;;;;;;;;;;;;;;;
73,5654716;32,34179708;6,9784644;;;;;;;;;;;;;;;;;;;;;;;;
73,68803844;32,34669068;6,957320328;;;;;;;;;;;;;;;;;;;;;;;;
73,81003107;32,35157614;6,936263818;;;;;;;;;;;;;;;;;;;;;;;;
73,93145388;32,35645353;6,915294274;;;;;;;;;;;;;;;;;;;;;;;;
74,05231119;32,3613229;6,894411106;;;;;;;;;;;;;;;;;;;;;;;;
74,17260728;32,36618433;6,873613732;;;;;;;;;;;;;;;;;;;;;;;;
74,29234637;32,37103788;6,852901578;;;;;;;;;;;;;;;;;;;;;;;;
74,41153263;32,3758836;6,832274074;;;;;;;;;;;;;;;;;;;;;;;;
74,5301702;32,38072156;6,811730656;;;;;;;;;;;;;;;;;;;;;;;;
74,64826314;32,38555182;6,791270768;;;;;;;;;;;;;;;;;;;;;;;;
74,76581548;32,39037443;6,77089386;;;;;;;;;;;;;;;;;;;;;;;;
74,88283122;32,39518947;6,750599385;;;;;;;;;;;;;;;;;;;;;;;;
74,99931127;32,39999698;6,73021288;;;;;;;;;;;;;;;;;;;;;;;;
75,11524446;32,40479702;6,709035028;;;;;;;;;;;;;;;;;;;;;;;;
75,23063486;32,40958966;6,687946055;;;;;;;;;;;;;;;;;;;;;;;;
75,34548649;32,41437494;6,666945368;;;;;;;;;;;;;;;;;;;;;;;;
75,45980333;32,41915293;6,646032383;;;;;;;;;;;;;;;;;;;;;;;;
75,57358931;32,42392368;6,625206519;;;;;;;;;;;;;;;;;;;;;;;;
75,68684831;32,42868725;6,604467205;;;;;;;;;;;;;;;;;;;;;;;;
75,79958419;32,43344369;6,583813873;;;;;;;;;;;;;;;;;;;;;;;;
75,91180072;32,43819306;6,563245962;;;;;;;;;;;;;;;;;;;;;;;;
76,02350168;32,44293541;6,542762918;;;;;;;;;;;;;;;;;;;;;;;;
76,13469077;32,44767078;6,52236419;;;;;;;;;;;;;;;;;;;;;;;;
76,24537166;32,45239925;6,502049237;;;;;;;;;;;;;;;;;;;;;;;;
76,355548;32,45712084;6,48181752;;;;;;;;;;;;;;;;;;;;;;;;
76,46522336;32,46183563;6,461668507;;;;;;;;;;;;;;;;;;;;;;;;
76,5744013;32,46654365;6,441601671;;;;;;;;;;;;;;;;;;;;;;;;
76,68308534;32,47124496;6,421616492;;;;;;;;;;;;;;;;;;;;;;;;
76,79127894;32,47593961;6,401712453;;;;;;;;;;;;;;;;;;;;;;;;
76,89898555;32,48062764;6,381889043;;;;;;;;;;;;;;;;;;;;;;;;
77,00620856;32,48530911;6,362145758;;;;;;;;;;;;;;;;;;;;;;;;
77,11295134;32,48998406;6,342482096;;;;;;;;;;;;;;;;;;;;;;;;
77,21921722;32,49465253;6,322897562;;;;;;;;;;;;;;;;;;;;;;;;
77,32500948;32,49931458;6,303391667;;;;;;;;;;;;;;;;;;;;;;;;
77,43033138;32,50397026;6,283963924;;;;;;;;;;;;;;;;;;;;;;;;
77,53518615;32,5086196;6,264613852;;;;;;;;;;;;;;;;;;;;;;;;
77,63957698;32,51326265;6,245340975;;;;;;;;;;;;;;;;;;;;;;;;
77,74350701;32,51789946;6,226144823;;;;;;;;;;;;;;;;;;;;;;;;
77,84697937;32,52253007;6,207024928;;;;;;;;;;;;;;;;;;;;;;;;
77,94999715;32,52715453;6,187980829;;;;;;;;;;;;;;;;;;;;;;;;
78,05256341;32,53177288;6,169012067;;;;;;;;;;;;;;;;;;;;;;;;
78,15468117;32,53638515;6,150118188;;;;;;;;;;;;;;;;;;;;;;;;
78,25635344;32,5409914;6,131298745;;;;;;;;;;;;;;;;;;;;;;;;
78,35758316;32,54559167;6,112553292;;;;;;;;;;;;;;;;;;;;;;;;
78,45837328;32,55018599;6,093881389;;;;;;;;;;;;;;;;;;;;;;;;
78,5587267;32,55477441;6,075282599;;;;;;;;;;;;;;;;;;;;;;;;
78,6586463;32,55935697;6,056756491;;;;;;;;;;;;;;;;;;;;;;;;
78,75813492;32,56393371;6,038302636;;;;;;;;;;;;;;;;;;;;;;;;
78,85719538;32,56850466;6,01992061;;;;;;;;;;;;;;;;;;;;;;;;
78,95583047;32,57306988;6,001609993;;;;;;;;;;;;;;;;;;;;;;;;
79,05404295;32,57762939;5,983370368;;;;;;;;;;;;;;;;;;;;;;;;
79,15183556;32,58218324;5,965201323;;;;;;;;;;;;;;;;;;;;;;;;
79,249211;32,58673146;5,94710245;;;;;;;;;;;;;;;;;;;;;;;;
79,34617195;32,59127409;5,929073343;;;;;;;;;;;;;;;;;;;;;;;;
79,44272107;32,59581117;5,911113601;;;;;;;;;;;;;;;;;;;;;;;;
79,53886099;32,60034274;5,893222827;;;;;;;;;;;;;;;;;;;;;;;;
79,63459431;32,60486883;5,875400626;;;;;;;;;;;;;;;;;;;;;;;;
79,72992361;32,60938947;5,857646609;;;;;;;;;;;;;;;;;;;;;;;;
79,82485144;32,61390472;5,839960387;;;;;;;;;;;;;;;;;;;;;;;;
79,91938033;32,61841459;5,822341578;;;;;;;;;;;;;;;;;;;;;;;;
80,01351279;32,62291913;5,804789802;;;;;;;;;;;;;;;;;;;;;;;;
80,10725129;32,62741837;5,787304681;;;;;;;;;;;;;;;;;;;;;;;;
80,2005983;32,63191235;5,769885843;;;;;;;;;;;;;;;;;;;;;;;;
80,29355624;32,63640109;5,752532917;;;;;;;;;;;;;;;;;;;;;;;;
80,38612753;32,64088464;5,735245536;;;;;;;;;;;;;;;;;;;;;;;;
80,47831456;32,64536302;5,718023337;;;;;;;;;;;;;;;;;;;;;;;;
80,57011969;32,64983628;5,700865959;;;;;;;;;;;;;;;;;;;;;;;;
80,66154527;32,65430443;5,683773044;;;;;;;;;;;;;;;;;;;;;;;;
80,75259362;32,65876753;5,666744239;;;;;;;;;;;;;;;;;;;;;;;;
80,84326704;32,66322559;5,649779192;;;;;;;;;;;;;;;;;;;;;;;;
80,93356781;32,66767865;5,632877554;;;;;;;;;;;;;;;;;;;;;;;;
81,02349819;32,67212674;5,616038981;;;;;;;;;;;;;;;;;;;;;;;;
81,11306042;32,6765699;5,599263129;;;;;;;;;;;;;;;;;;;;;;;;
81,20225619;32,68100815;5,58251684;;;;;;;;;;;;;;;;;;;;;;;;
81,29108396;32,68544152;5,565598224;;;;;;;;;;;;;;;;;;;;;;;;
81,37954595;32,68987005;5,54874322;;;;;;;;;;;;;;;;;;;;;;;;
81,46764437;32,69429377;5,531951481;;;;;;;;;;;;;;;;;;;;;;;;
81,55538139;32,6987127;5,515222666;;;;;;;;;;;;;;;;;;;;;;;;
81,64275918;32,70312688;5,498556435;;;;;;;;;;;;;;;;;;;;;;;;
81,72977989;32,70753633;5,481952453;;;;;;;;;;;;;;;;;;;;;;;;
81,81644563;32,71194109;5,465410384;;;;;;;;;;;;;;;;;;;;;;;;
81,90275851;32,71634119;5,448929898;;;;;;;;;;;;;;;;;;;;;;;;
81,98872062;32,72073664;5,432510668;;;;;;;;;;;;;;;;;;;;;;;;
82,07433402;32,72512749;5,416152367;;;;;;;;;;;;;;;;;;;;;;;;
82,15960077;32,72951376;5,399854672;;;;;;;;;;;;;;;;;;;;;;;;
82,2445229;32,73389547;5,383617263;;;;;;;;;;;;;;;;;;;;;;;;
82,32910241;32,73827266;5,367439823;;;;;;;;;;;;;;;;;;;;;;;;
82,41334132;32,74264536;5,351322036;;;;;;;;;;;;;;;;;;;;;;;;
82,49729026;32,74701358;5,33835862;;;;;;;;;;;;;;;;;;;;;;;;
82,58094064;32,75137736;5,324791476;;;;;;;;;;;;;;;;;;;;;;;;
82,66431382;32,75573672;5,312527596;;;;;;;;;;;;;;;;;;;;;;;;
82,74741514;32,76009168;5,300550853;;;;;;;;;;;;;;;;;;;;;;;;
82,83024596;32,76444227;5,288607748;;;;;;;;;;;;;;;;;;;;;;;;
82,91280759;32,76878851;5,276698138;;;;;;;;;;;;;;;;;;;;;;;;
82,99510138;32,77313042;5,264821885;;;;;;;;;;;;;;;;;;;;;;;;
83,07712864;32,77746803;5,25297885;;;;;;;;;;;;;;;;;;;;;;;;
83,15889068;32,78180135;5,241168895;;;;;;;;;;;;;;;;;;;;;;;;
83,24038878;32,78613041;5,229391883;;;;;;;;;;;;;;;;;;;;;;;;
83,32162424;32,79045524;5,217647678;;;;;;;;;;;;;;;;;;;;;;;;
83,40259834;32,79477584;5,205936146;;;;;;;;;;;;;;;;;;;;;;;;
83,48331234;32,79909226;5,194257151;;;;;;;;;;;;;;;;;;;;;;;;
83,5637675;32,8034045;5,182610562;;;;;;;;;;;;;;;;;;;;;;;;
83,64396507;32,80771258;5,170996244;;;;;;;;;;;;;;;;;;;;;;;;
83,72390629;32,81201654;5,159414068;;;;;;;;;;;;;;;;;;;;;;;;
83,80359239;32,81631639;5,147863902;;;;;;;;;;;;;;;;;;;;;;;;
83,88302459;32,82061214;5,136345617;;;;;;;;;;;;;;;;;;;;;;;;
83,96220411;32,82490384;5,124859083;;;;;;;;;;;;;;;;;;;;;;;;
84,04113214;32,82919148;5,113404173;;;;;;;;;;;;;;;;;;;;;;;;
84,11980989;32,8334751;5,101980759;;;;;;;;;;;;;;;;;;;;;;;;
84,19823854;32,83775471;5,090588715;;;;;;;;;;;;;;;;;;;;;;;;
84,27641926;32,84203033;5,079227915;;;;;;;;;;;;;;;;;;;;;;;;
84,35435324;32,84630199;5,067898235;;;;;;;;;;;;;;;;;;;;;;;;
84,43204162;32,8505697;5,05659955;;;;;;;;;;;;;;;;;;;;;;;;
84,50948556;32,85483348;5,045331737;;;;;;;;;;;;;;;;;;;;;;;;
84,5866862;32,85909336;5,034094674;;;;;;;;;;;;;;;;;;;;;;;;
84,66364468;32,86334935;5,022888238;;;;;;;;;;;;;;;;;;;;;;;;
84,74036214;32,86760147;5,01171231;;;;;;;;;;;;;;;;;;;;;;;;
84,81683968;32,87184974;5,000566769;;;;;;;;;;;;;;;;;;;;;;;;
84,89307842;32,87609418;4,989451495;;;;;;;;;;;;;;;;;;;;;;;;
84,96907947;32,88033481;4,978366371;;;;;;;;;;;;;;;;;;;;;;;;
85,04484391;32,88457164;4,967311277;;;;;;;;;;;;;;;;;;;;;;;;
85,12037285;32,8888047;4,956286098;;;;;;;;;;;;;;;;;;;;;;;;
85,19566736;32,89303401;4,945290715;;;;;;;;;;;;;;;;;;;;;;;;
85,27072852;32,89725958;4,934325015;;;;;;;;;;;;;;;;;;;;;;;;
85,34555739;32,90148142;4,923388881;;;;;;;;;;;;;;;;;;;;;;;;
85,42015502;32,90569957;4,9124822;;;;;;;;;;;;;;;;;;;;;;;;
85,49452248;32,90991403;4,901604857;;;;;;;;;;;;;;;;;;;;;;;;
85,56866081;32,91412483;4,89075674;;;;;;;;;;;;;;;;;;;;;;;;
85,64257104;32,91833197;4,879937738;;;;;;;;;;;;;;;;;;;;;;;;
85,7162542;32,92253549;4,869147737;;;;;;;;;;;;;;;;;;;;;;;;
85,78971132;32,9267354;4,858386627;;;;;;;;;;;;;;;;;;;;;;;;
85,86294341;32,9309317;4,847654299;;;;;;;;;;;;;;;;;;;;;;;;
85,93595148;32,93512443;4,836950642;;;;;;;;;;;;;;;;;;;;;;;;
86,00873654;32,9393136;4,826275548;;;;;;;;;;;;;;;;;;;;;;;;
86,08129957;32,94349922;4,815628909;;;;;;;;;;;;;;;;;;;;;;;;
86,15364158;32,94768131;4,805010616;;;;;;;;;;;;;;;;;;;;;;;;
86,22576353;32,95185989;4,794420564;;;;;;;;;;;;;;;;;;;;;;;;
86,29766641;32,95603498;4,783858645;;;;;;;;;;;;;;;;;;;;;;;;
86,36935119;32,96020659;4,773324754;;;;;;;;;;;;;;;;;;;;;;;;
86,44081882;32,96437473;4,762818786;;;;;;;;;;;;;;;;;;;;;;;;
86,51207027;32,96853943;4,752340637;;;;;;;;;;;;;;;;;;;;;;;;
86,58310648;32,9727007;4,741890202;;;;;;;;;;;;;;;;;;;;;;;;
86,6539284;32,97685856;4,731467379;;;;;;;;;;;;;;;;;;;;;;;;
86,72453697;32,98101301;4,721072065;;;;;;;;;;;;;;;;;;;;;;;;
86,7949331;32,98516409;4,710704157;;;;;;;;;;;;;;;;;;;;;;;;
86,86511774;32,98931179;4,700363555;;;;;;;;;;;;;;;;;;;;;;;;
86,93509181;32,99345615;4,690050158;;;;;;;;;;;;;;;;;;;;;;;;
87,0048562;32,99759717;4,679763865;;;;;;;;;;;;;;;;;;;;;;;;
87,07441183;33,00173487;4,669504577;;;;;;;;;;;;;;;;;;;;;;;;
87,14375961;33,00586927;4,659272194;;;;;;;;;;;;;;;;;;;;;;;;
87,21290042;33,01000037;4,649066618;;;;;;;;;;;;;;;;;;;;;;;;
87,28183516;33,0141282;4,638887751;;;;;;;;;;;;;;;;;;;;;;;;
87,35056471;33,01825277;4,628735496;;;;;;;;;;;;;;;;;;;;;;;;
87,41908995;33,02237409;4,618609756;;;;;;;;;;;;;;;;;;;;;;;;
87,48741175;33,02649219;4,608510433;;;;;;;;;;;;;;;;;;;;;;;;
87,55553097;33,03060707;4,598437434;;;;;;;;;;;;;;;;;;;;;;;;
87,62344849;33,03471874;4,588390662;;;;;;;;;;;;;;;;;;;;;;;;
87,69116515;33,03882723;4,578370022;;;;;;;;;;;;;;;;;;;;;;;;
87,75868181;33,04293255;4,568375421;;;;;;;;;;;;;;;;;;;;;;;;
87,82599932;33,04703471;4,558406765;;;;;;;;;;;;;;;;;;;;;;;;
87,8931185;33,05113372;4,54846396;;;;;;;;;;;;;;;;;;;;;;;;
87,9600402;33,0552296;4,538546915;;;;;;;;;;;;;;;;;;;;;;;;
88,02676524;33,05932237;4,528655536;;;;;;;;;;;;;;;;;;;;;;;;
88,09329446;33,06341204;4,518789733;;;;;;;;;;;;;;;;;;;;;;;;
88,15962866;33,06749861;4,508949414;;;;;;;;;;;;;;;;;;;;;;;;
88,22576866;33,07158211;4,499134488;;;;;;;;;;;;;;;;;;;;;;;;
88,29171528;33,07566256;4,489344866;;;;;;;;;;;;;;;;;;;;;;;;
88,35746931;33,07973995;4,479580458;;;;;;;;;;;;;;;;;;;;;;;;
88,42303156;33,08381431;4,469841174;;;;;;;;;;;;;;;;;;;;;;;;
88,48840281;33,08788564;4,460126927;;;;;;;;;;;;;;;;;;;;;;;;
88,55358386;33,09195397;4,450437628;;;;;;;;;;;;;;;;;;;;;;;;
88,6185755;33,09601931;4,440773188;;;;;;;;;;;;;;;;;;;;;;;;
88,68337849;33,10008166;4,431133522;;;;;;;;;;;;;;;;;;;;;;;;
88,74799362;33,10414105;4,421518542;;;;;;;;;;;;;;;;;;;;;;;;
88,81242166;33,10819748;4,411928163;;;;;;;;;;;;;;;;;;;;;;;;
88,87666336;33,11225096;4,402362297;;;;;;;;;;;;;;;;;;;;;;;;
88,9407195;33,11630152;4,39282086;;;;;;;;;;;;;;;;;;;;;;;;
89,00459083;33,12034916;4,383303767;;;;;;;;;;;;;;;;;;;;;;;;
89,06827809;33,1243939;4,373810933;;;;;;;;;;;;;;;;;;;;;;;;
89,13178204;33,12843574;4,364342275;;;;;;;;;;;;;;;;;;;;;;;;
89,19510342;33,1324747;4,354897709;;;;;;;;;;;;;;;;;;;;;;;;
89,25824297;33,1365108;4,345477151;;;;;;;;;;;;;;;;;;;;;;;;
89,32120142;33,14054404;4,336080519;;;;;;;;;;;;;;;;;;;;;;;;
89,38397949;33,14457444;4,326707731;;;;;;;;;;;;;;;;;;;;;;;;
89,44657793;33,14860201;4,317358705;;;;;;;;;;;;;;;;;;;;;;;;
89,50899743;33,15262675;4,30803336;;;;;;;;;;;;;;;;;;;;;;;;
89,57123873;33,1566487;4,298731613;;;;;;;;;;;;;;;;;;;;;;;;
89,63330253;33,16066784;4,289453386;;;;;;;;;;;;;;;;;;;;;;;;
89,69518954;33,16468421;4,280198597;;;;;;;;;;;;;;;;;;;;;;;;
89,75690047;33,1686978;4,270967168;;;;;;;;;;;;;;;;;;;;;;;;
89,81843602;33,17270863;4,261759018;;;;;;;;;;;;;;;;;;;;;;;;
89,87979687;33,17671672;4,252574069;;;;;;;;;;;;;;;;;;;;;;;;
89,94098373;33,18072207;4,243412242;;;;;;;;;;;;;;;;;;;;;;;;
90,00199728;33,18472469;4,234273459;;;;;;;;;;;;;;;;;;;;;;;;
90,0628382;33,18872461;4,225157643;;;;;;;;;;;;;;;;;;;;;;;;
90,12350264;33,19272182;4,215750359;;;;;;;;;;;;;;;;;;;;;;;;
90,18399041;33,19671633;4,206303668;;;;;;;;;;;;;;;;;;;;;;;;
90,24430221;33,20070817;4,196881622;;;;;;;;;;;;;;;;;;;;;;;;
90,30443874;33,20469734;4,187484134;;;;;;;;;;;;;;;;;;;;;;;;
90,36440071;33,20868386;4,178111119;;;;;;;;;;;;;;;;;;;;;;;;
90,42418882;33,21266773;4,168762492;;;;;;;;;;;;;;;;;;;;;;;;
90,48380375;33,21664897;4,159438169;;;;;;;;;;;;;;;;;;;;;;;;
90,5432462;33,22062758;4,150138067;;;;;;;;;;;;;;;;;;;;;;;;
90,60251685;33,22460358;4,140862102;;;;;;;;;;;;;;;;;;;;;;;;
90,66161639;33,22857698;4,131610192;;;;;;;;;;;;;;;;;;;;;;;;
90,72054549;33,23254779;4,122382252;;;;;;;;;;;;;;;;;;;;;;;;
90,77930482;33,23651602;4,113178203;;;;;;;;;;;;;;;;;;;;;;;;
90,83789506;33,24048168;4,103997961;;;;;;;;;;;;;;;;;;;;;;;;
90,89631688;33,24444478;4,094841446;;;;;;;;;;;;;;;;;;;;;;;;
90,95457092;33,24840534;4,085708576;;;;;;;;;;;;;;;;;;;;;;;;
91,01265786;33,25236336;4,076599272;;;;;;;;;;;;;;;;;;;;;;;;
91,07057835;33,25631885;4,067513453;;;;;;;;;;;;;;;;;;;;;;;;
91,12833303;33,26027183;4,058451039;;;;;;;;;;;;;;;;;;;;;;;;
91,18592256;33,2642223;4,049411952;;;;;;;;;;;;;;;;;;;;;;;;
91,24334758;33,26817028;4,040396112;;;;;;;;;;;;;;;;;;;;;;;;
91,30060873;33,27211577;4,031403441;;;;;;;;;;;;;;;;;;;;;;;;
91,35770665;33,27605879;4,022433861;;;;;;;;;;;;;;;;;;;;;;;;
91,41464196;33,27999935;4,013487294;;;;;;;;;;;;;;;;;;;;;;;;
91,4714153;33,28393745;4,004563664;;;;;;;;;;;;;;;;;;;;;;;;
91,52802729;33,2878731;3,995662892;;;;;;;;;;;;;;;;;;;;;;;;
91,58447856;33,29180632;3,986784903;;;;;;;;;;;;;;;;;;;;;;;;
91,64076972;33,29573712;3,97792962;;;;;;;;;;;;;;;;;;;;;;;;
91,69690139;33,2996655;3,969096967;;;;;;;;;;;;;;;;;;;;;;;;
91,75287419;33,30359148;3,96028687;;;;;;;;;;;;;;;;;;;;;;;;
91,80868871;33,30751506;3,951499252;;;;;;;;;;;;;;;;;;;;;;;;
91,86434557;33,31143626;3,94273404;;;;;;;;;;;;;;;;;;;;;;;;
91,91984537;33,31535508;3,933991159;;;;;;;;;;;;;;;;;;;;;;;;
91,9751887;33,31927154;3,925270535;;;;;;;;;;;;;;;;;;;;;;;;
92,03037617;33,32318564;3,916572094;;;;;;;;;;;;;;;;;;;;;;;;
92,08540835;33,32709739;3,907895763;;;;;;;;;;;;;;;;;;;;;;;;
92,14028585;33,3310068;3,89924147;;;;;;;;;;;;;;;;;;;;;;;;
92,19500925;33,33491389;3,890609141;;;;;;;;;;;;;;;;;;;;;;;;
92,24957913;33,33881866;3,881998704;;;;;;;;;;;;;;;;;;;;;;;;
92,30399606;33,34272111;3,873410089;;;;;;;;;;;;;;;;;;;;;;;;
92,35826064;33,34662127;3,864843222;;;;;;;;;;;;;;;;;;;;;;;;
92,41237342;33,35051913;3,856298033;;;;;;;;;;;;;;;;;;;;;;;;
92,46633497;33,35441472;3,847774451;;;;;;;;;;;;;;;;;;;;;;;;
92,52014588;33,35830803;3,839272406;;;;;;;;;;;;;;;;;;;;;;;;
92,57380669;33,36219907;3,830791827;;;;;;;;;;;;;;;;;;;;;;;;
92,62731797;33,36608786;3,822332644;;;;;;;;;;;;;;;;;;;;;;;;
92,68068028;33,3699744;3,813894789;;;;;;;;;;;;;;;;;;;;;;;;
92,73389418;33,37385871;3,805478191;;;;;;;;;;;;;;;;;;;;;;;;
92,7869602;33,37774078;3,797082782;;;;;;;;;;;;;;;;;;;;;;;;
92,83987891;33,38162064;3,788708494;;;;;;;;;;;;;;;;;;;;;;;;
92,89265085;33,38549828;3,780355257;;;;;;;;;;;;;;;;;;;;;;;;
92,94527656;33,38937372;3,772023005;;;;;;;;;;;;;;;;;;;;;;;;
92,99775659;33,39324697;3,763711669;;;;;;;;;;;;;;;;;;;;;;;;
93,05009146;33,39711803;3,755421183;;;;;;;;;;;;;;;;;;;;;;;;
93,10228172;33,40098691;3,747151479;;;;;;;;;;;;;;;;;;;;;;;;
93,15432789;33,40485363;3,738902491;;;;;;;;;;;;;;;;;;;;;;;;
93,20623051;33,40871818;3,730674152;;;;;;;;;;;;;;;;;;;;;;;;
93,2579901;33,41258059;3,722466397;;;;;;;;;;;;;;;;;;;;;;;;
93,30960719;33,41644085;3,714279159;;;;;;;;;;;;;;;;;;;;;;;;
93,36108229;33,42029897;3,706112373;;;;;;;;;;;;;;;;;;;;;;;;
93,41241593;33,42415497;3,697965974;;;;;;;;;;;;;;;;;;;;;;;;
93,46360862;33,42800884;3,689839897;;;;;;;;;;;;;;;;;;;;;;;;
93,51466087;33,43186061;3,681734077;;;;;;;;;;;;;;;;;;;;;;;;
93,56557319;33,43571027;3,673648451;;;;;;;;;;;;;;;;;;;;;;;;
93,61634609;33,43955784;3,665582954;;;;;;;;;;;;;;;;;;;;;;;;
93,66698007;33,44340333;3,657537523;;;;;;;;;;;;;;;;;;;;;;;;
93,71747564;33,44724673;3,649512094;;;;;;;;;;;;;;;;;;;;;;;;
93,7678333;33,45108806;3,641506604;;;;;;;;;;;;;;;;;;;;;;;;
93,81805354;33,45492733;3,633520991;;;;;;;;;;;;;;;;;;;;;;;;
93,86813686;33,45876455;3,625555191;;;;;;;;;;;;;;;;;;;;;;;;
93,91808375;33,46259971;3,617609142;;;;;;;;;;;;;;;;;;;;;;;;
93,9678947;33,46643284;3,609682783;;;;;;;;;;;;;;;;;;;;;;;;
94,01757019;33,47026394;3,601776052;;;;;;;;;;;;;;;;;;;;;;;;
94,06711072;33,47409301;3,593888887;;;;;;;;;;;;;;;;;;;;;;;;
94,11651676;33,47792006;3,586021227;;;;;;;;;;;;;;;;;;;;;;;;
94,1657888;33,48174511;3,578173012;;;;;;;;;;;;;;;;;;;;;;;;
94,2149273;33,48556815;3,57034418;;;;;;;;;;;;;;;;;;;;;;;;
94,26393275;33,4893892;3,562534671;;;;;;;;;;;;;;;;;;;;;;;;
94,31280562;33,49320827;3,554744426;;;;;;;;;;;;;;;;;;;;;;;;
94,36154638;33,49702535;3,546973384;;;;;;;;;;;;;;;;;;;;;;;;
94,41015549;33,50084047;3,539221486;;;;;;;;;;;;;;;;;;;;;;;;
94,45863342;33,50465362;3,531488672;;;;;;;;;;;;;;;;;;;;;;;;
94,50698064;33,50846481;3,523774883;;;;;;;;;;;;;;;;;;;;;;;;
94,55519761;33,51227405;3,516080062;;;;;;;;;;;;;;;;;;;;;;;;
94,60328478;33,51608135;3,508404148;;;;;;;;;;;;;;;;;;;;;;;;
94,65124261;33,51988671;3,500747084;;;;;;;;;;;;;;;;;;;;;;;;
94,69907155;33,52369015;3,493108812;;;;;;;;;;;;;;;;;;;;;;;;
94,74677206;33,52749167;3,485489274;;;;;;;;;;;;;;;;;;;;;;;;
94,79434459;33,53129127;3,477888412;;;;;;;;;;;;;;;;;;;;;;;;
94,84178958;33,53508896;3,47030617;;;;;;;;;;;;;;;;;;;;;;;;
94,88910748;33,53888476;3,462742489;;;;;;;;;;;;;;;;;;;;;;;;
94,93629873;33,54267866;3,455197315;;;;;;;;;;;;;;;;;;;;;;;;
94,98336377;33,54647068;3,447670589;;;;;;;;;;;;;;;;;;;;;;;;
95,03030305;33,55026081;3,440162255;;;;;;;;;;;;;;;;;;;;;;;;
95,07711699;33,55404908;3,432672258;;;;;;;;;;;;;;;;;;;;;;;;
95,12380604;33,55783548;3,425200542;;;;;;;;;;;;;;;;;;;;;;;;
95,17037062;33,56162002;3,41774705;;;;;;;;;;;;;;;;;;;;;;;;
95,21681117;33,56540271;3,410311729;;;;;;;;;;;;;;;;;;;;;;;;
95,26312811;33,56918356;3,402894522;;;;;;;;;;;;;;;;;;;;;;;;
95,30932187;33,57296256;3,395495375;;;;;;;;;;;;;;;;;;;;;;;;
95,35539287;33,57673974;3,388114232;;;;;;;;;;;;;;;;;;;;;;;;
95,40134154;33,58051509;3,380751041;;;;;;;;;;;;;;;;;;;;;;;;
95,44716829;33,58428862;3,373405746;;;;;;;;;;;;;;;;;;;;;;;;
95,49287355;33,58806034;3,366078293;;;;;;;;;;;;;;;;;;;;;;;;
95,53845773;33,59183026;3,358768629;;;;;;;;;;;;;;;;;;;;;;;;
95,58392124;33,59559837;3,3514767;;;;;;;;;;;;;;;;;;;;;;;;
95,6292645;33,5993647;3,344202454;;;;;;;;;;;;;;;;;;;;;;;;
95,67448791;33,60312923;3,336945836;;;;;;;;;;;;;;;;;;;;;;;;
95,71959189;33,60689199;3,329706794;;;;;;;;;;;;;;;;;;;;;;;;
95,76457684;33,61065298;3,322485275;;;;;;;;;;;;;;;;;;;;;;;;
95,80944316;33,6144122;3,315281228;;;;;;;;;;;;;;;;;;;;;;;;
95,85419126;33,61816965;3,308094599;;;;;;;;;;;;;;;;;;;;;;;;
95,89882154;33,62192536;3,300925337;;;;;;;;;;;;;;;;;;;;;;;;
95,9433344;33,62567932;3,29377339;;;;;;;;;;;;;;;;;;;;;;;;
95,98773022;33,62943153;3,286638707;;;;;;;;;;;;;;;;;;;;;;;;
96,03200942;33,63318201;3,279521236;;;;;;;;;;;;;;;;;;;;;;;;
96,07617238;33,63693076;3,272420926;;;;;;;;;;;;;;;;;;;;;;;;
96,12021949;33,64067779;3,265337726;;;;;;;;;;;;;;;;;;;;;;;;
96,16415114;33,6444231;3,258271585;;;;;;;;;;;;;;;;;;;;;;;;
96,20796772;33,6481667;3,251222453;;;;;;;;;;;;;;;;;;;;;;;;
96,25166961;33,65190859;3,24419028;;;;;;;;;;;;;;;;;;;;;;;;
96,29525721;33,65564878;3,237175015;;;;;;;;;;;;;;;;;;;;;;;;
96,33873089;33,65938729;3,230176609;;;;;;;;;;;;;;;;;;;;;;;;
96,38209103;33,6631241;3,223195012;;;;;;;;;;;;;;;;;;;;;;;;
96,425338;33,66685923;3,216230174;;;;;;;;;;;;;;;;;;;;;;;;
96,4684722;33,67059269;3,209282047;;;;;;;;;;;;;;;;;;;;;;;;
96,51149399;33,67432448;3,20235058;;;;;;;;;;;;;;;;;;;;;;;;
96,55440375;33,67805461;3,195435726;;;;;;;;;;;;;;;;;;;;;;;;
96,59720184;33,68178308;3,188537435;;;;;;;;;;;;;;;;;;;;;;;;
96,63988865;33,68550989;3,181655659;;;;;;;;;;;;;;;;;;;;;;;;
96,68246453;33,68923506;3,174790349;;;;;;;;;;;;;;;;;;;;;;;;
96,72492985;33,69295859;3,167941459;;;;;;;;;;;;;;;;;;;;;;;;
96,76728498;33,69668049;3,161108938;;;;;;;;;;;;;;;;;;;;;;;;
96,80953029;33,70040075;3,154292741;;;;;;;;;;;;;;;;;;;;;;;;
96,85166612;33,70411939;3,147492819;;;;;;;;;;;;;;;;;;;;;;;;
96,89369286;33,70783642;3,140709125;;;;;;;;;;;;;;;;;;;;;;;;
96,93561084;33,71155183;3,133941612;;;;;;;;;;;;;;;;;;;;;;;;
96,97744037;33,71526564;3,128681032;;;;;;;;;;;;;;;;;;;;;;;;
97,01917565;33,71897784;3,122978999;;;;;;;;;;;;;;;;;;;;;;;;
97,06081696;33,72268845;3,117288448;;;;;;;;;;;;;;;;;;;;;;;;
96,91205192;33,72641372;-20,4933832;;;;;;;;;;;;;;;;;;;;;;;;
96,63721551;33,7301497;-20,60361299;;;;;;;;;;;;;;;;;;;;;;;;
96,36010621;33,73389655;-20,70895897;;;;;;;;;;;;;;;;;;;;;;;;
96,08077028;33,73765441;-20,80957534;;;;;;;;;;;;;;;;;;;;;;;;
95,79925233;33,74142343;-20,90560893;;;;;;;;;;;;;;;;;;;;;;;;
95,51559531;33,74520376;-20,99719976;;;;;;;;;;;;;;;;;;;;;;;;
95,22984064;33,74899554;-21,08448149;;;;;;;;;;;;;;;;;;;;;;;;
94,9420283;33,75279894;-21,16758191;;;;;;;;;;;;;;;;;;;;;;;;
94,65219682;33,7566141;-21,24662334;;;;;;;;;;;;;;;;;;;;;;;;
94,36038342;33,76044118;-21,32172293;;;;;;;;;;;;;;;;;;;;;;;;
94,06662405;33,76428032;-21,39299305;;;;;;;;;;;;;;;;;;;;;;;;
93,77095339;33,76813168;-21,46054158;;;;;;;;;;;;;;;;;;;;;;;;
93,47340499;33,77199542;-21,52447219;;;;;;;;;;;;;;;;;;;;;;;;
93,17401125;33,77587169;-21,58488455;;;;;;;;;;;;;;;;;;;;;;;;
92,87280348;33,77976065;-21,64187463;;;;;;;;;;;;;;;;;;;;;;;;
92,56981194;33,78366245;-21,69553486;;;;;;;;;;;;;;;;;;;;;;;;
92,26506591;33,78757725;-21,74595435;;;;;;;;;;;;;;;;;;;;;;;;
91,95859366;33,79150522;-21,79321909;;;;;;;;;;;;;;;;;;;;;;;;
91,65042255;33,79544651;-21,83741206;;;;;;;;;;;;;;;;;;;;;;;;
91,34057904;33,79940129;-21,87861344;;;;;;;;;;;;;;;;;;;;;;;;
91,02908869;33,80336972;-21,91690074;;;;;;;;;;;;;;;;;;;;;;;;
90,71597622;33,80735197;-21,95234894;;;;;;;;;;;;;;;;;;;;;;;;
90,40126553;33,8113482;-21,98503057;;;;;;;;;;;;;;;;;;;;;;;;
90,08497973;33,81535857;-22,0150159;;;;;;;;;;;;;;;;;;;;;;;;
89,76714115;33,81938327;-22,04237299;;;;;;;;;;;;;;;;;;;;;;;;
89,44777137;33,82342268;-22,40587782;;;;;;;;;;;;;;;;;;;;;;;;
89,12194795;33,82747719;-22,75056323;;;;;;;;;;;;;;;;;;;;;;;;
88,78987484;33,83154719;-23,04622602;;;;;;;;;;;;;;;;;;;;;;;;
88,45220197;33,83563301;-23,29977275;;;;;;;;;;;;;;;;;;;;;;;;
88,10948626;33,83973501;-23,51687211;;;;;;;;;;;;;;;;;;;;;;;;
87,76220846;33,84385349;-23,70222911;;;;;;;;;;;;;;;;;;;;;;;;
87,41078628;33,84798878;-23,85978688;;;;;;;;;;;;;;;;;;;;;;;;
87,05558468;33,85214118;-23,99287807;;;;;;;;;;;;;;;;;;;;;;;;
86,69692408;33,85631098;-24,10434051;;;;;;;;;;;;;;;;;;;;;;;;
86,33508713;33,86049847;-24,19660684;;;;;;;;;;;;;;;;;;;;;;;;
85,97032402;33,86470394;-24,27177487;;;;;;;;;;;;;;;;;;;;;;;;
85,60285708;33,86892766;-24,33166349;;;;;;;;;;;;;;;;;;;;;;;;
85,23288443;33,87316991;-24,37785758;;;;;;;;;;;;;;;;;;;;;;;;
84,86058315;33,87743096;-24,41174432;;;;;;;;;;;;;;;;;;;;;;;;
84,48611189;33,88171109;-24,43454294;;;;;;;;;;;;;;;;;;;;;;;;
84,1096131;33,88601057;-24,44732917;;;;;;;;;;;;;;;;;;;;;;;;
83,73121493;33,89032965;-24,45105551;;;;;;;;;;;;;;;;;;;;;;;;
83,35103287;33,89466861;-24,44656811;;;;;;;;;;;;;;;;;;;;;;;;
82,96917112;33,89902772;-24,43462103;;;;;;;;;;;;;;;;;;;;;;;;
82,58572387;33,90340724;-24,41588818;;;;;;;;;;;;;;;;;;;;;;;;
82,20077628;33,90780744;-24,39097346;;;;;;;;;;;;;;;;;;;;;;;;
81,81440542;33,9122286;-24,36041946;;;;;;;;;;;;;;;;;;;;;;;;
81,42668112;33,91667097;-24,32471482;;;;;;;;;;;;;;;;;;;;;;;;
81,03766658;33,92113485;-24,28430064;;;;;;;;;;;;;;;;;;;;;;;;
80,64741908;33,9256205;-24,23957591;;;;;;;;;;;;;;;;;;;;;;;;
80,25599047;33,93012819;-24,19090233;;;;;;;;;;;;;;;;;;;;;;;;
79,86342769;33,93465822;-24,13860837;;;;;;;;;;;;;;;;;;;;;;;;
79,46977316;33,93921085;-24,08299293;;;;;;;;;;;;;;;;;;;;;;;;
79,07506518;33,94378639;-24,02432845;;;;;;;;;;;;;;;;;;;;;;;;
78,67933829;33,94838511;-23,96286365;;;;;;;;;;;;;;;;;;;;;;;;
78,28262355;33,95300731;-23,898826;;;;;;;;;;;;;;;;;;;;;;;;
77,88494878;33,95765326;-23,80281935;;;;;;;;;;;;;;;;;;;;;;;;
77,4868366;33,96232323;-23,70744844;;;;;;;;;;;;;;;;;;;;;;;;
77,08826943;33,9670175;-23,61237452;;;;;;;;;;;;;;;;;;;;;;;;
76,6892351;33,97173635;-23,51759654;;;;;;;;;;;;;;;;;;;;;;;;
76,28972119;33,97648008;-23,42311345;;;;;;;;;;;;;;;;;;;;;;;;
75,88971501;33,98124897;-23,32892423;;;;;;;;;;;;;;;;;;;;;;;;
75,48920362;33,98604334;-23,23502784;;;;;;;;;;;;;;;;;;;;;;;;
75,08817381;33,99086348;-23,14142326;;;;;;;;;;;;;;;;;;;;;;;;
74,68661209;33,99570971;-23,04810946;;;;;;;;;;;;;;;;;;;;;;;;
74,28450468;34,00058236;-22,95508542;;;;;;;;;;;;;;;;;;;;;;;;
73,8818375;34,00548174;-22,86235013;;;;;;;;;;;;;;;;;;;;;;;;
73,47859619;34,0104082;-22,76990257;;;;;;;;;;;;;;;;;;;;;;;;
73,07476604;34,01536208;-22,67774173;;;;;;;;;;;;;;;;;;;;;;;;
72,67033204;34,02034373;-22,5858666;;;;;;;;;;;;;;;;;;;;;;;;
72,26527883;34,0253535;-22,49427618;;;;;;;;;;;;;;;;;;;;;;;;
71,85959071;34,03039176;-22,40296946;;;;;;;;;;;;;;;;;;;;;;;;
71,45325163;34,03545888;-22,31194546;;;;;;;;;;;;;;;;;;;;;;;;
71,04624516;34,04055525;-22,22120316;;;;;;;;;;;;;;;;;;;;;;;;
70,6385545;34,04568125;-22,13074159;;;;;;;;;;;;;;;;;;;;;;;;
70,23016243;34,05083729;-22,04055975;;;;;;;;;;;;;;;;;;;;;;;;
69,82105136;34,05602377;-21,95065665;;;;;;;;;;;;;;;;;;;;;;;;
69,41120324;34,06124112;-21,86103132;;;;;;;;;;;;;;;;;;;;;;;;
69,00059961;34,06648975;-21,77168278;;;;;;;;;;;;;;;;;;;;;;;;
68,58922155;34,07177012;-21,68261004;;;;;;;;;;;;;;;;;;;;;;;;
68,17704967;34,07708267;-21,59381213;;;;;;;;;;;;;;;;;;;;;;;;
67,7640641;34,08242787;-21,50528808;;;;;;;;;;;;;;;;;;;;;;;;
67,35024447;34,08780617;-21,41703692;;;;;;;;;;;;;;;;;;;;;;;;
66,93556988;34,09321808;-21,32905769;;;;;;;;;;;;;;;;;;;;;;;;
66,52001891;34,09866408;-21,24134942;;;;;;;;;;;;;;;;;;;;;;;;
66,10356955;34,10414205;-19,56328802;;;;;;;;;;;;;;;;;;;;;;;;
65,71776794;34,10965231;-19,4173082;;;;;;;;;;;;;;;;;;;;;;;;
65,33258755;34,1151952;-19,26841935;;;;;;;;;;;;;;;;;;;;;;;;
64,9480979;34,12077103;-19,11628896;;;;;;;;;;;;;;;;;;;;;;;;
64,56437685;34,12638012;-18,96054112;;;;;;;;;;;;;;;;;;;;;;;;
64,18151174;34,13202279;-18,80074932;;;;;;;;;;;;;;;;;;;;;;;;
63,79960071;34,13769935;-18,63642773;;;;;;;;;;;;;;;;;;;;;;;;
63,41875422;34,14341009;-18,46702054;;;;;;;;;;;;;;;;;;;;;;;;
63,03909683;34,14915531;-18,29188911;;;;;;;;;;;;;;;;;;;;;;;;
62,66076939;34,15493529;-18,11029596;;;;;;;;;;;;;;;;;;;;;;;;
62,28393153;34,1607503;-17,9213851;;;;;;;;;;;;;;;;;;;;;;;;
61,9087647;34,16660058;-17,72415738;;;;;;;;;;;;;;;;;;;;;;;;
61,53547584;34,17248637;-17,51743931;;;;;;;;;;;;;;;;;;;;;;;;
61,16430179;34,17840786;-17,29984351;;;;;;;;;;;;;;;;;;;;;;;;
60,79551476;34,18436522;-17,06971758;;;;;;;;;;;;;;;;;;;;;;;;
60,42942899;34,19035859;-16,82507757;;;;;;;;;;;;;;;;;;;;;;;;
60,06640912;34,19638804;-16,56351986;;;;;;;;;;;;;;;;;;;;;;;;
59,70688067;34,20245362;-16,28210285;;;;;;;;;;;;;;;;;;;;;;;;
59,35134356;34,20855527;-15,97718519;;;;;;;;;;;;;;;;;;;;;;;;
59,0003894;34,21469289;-15,64419994;;;;;;;;;;;;;;;;;;;;;;;;
58,65472444;34,22086623;-15,27733158;;;;;;;;;;;;;;;;;;;;;;;;
58,31520024;34,22707497;-14,86904086;;;;;;;;;;;;;;;;;;;;;;;;
57,98285585;34,23331857;-14,40934119;;;;;;;;;;;;;;;;;;;;;;;;
57,6589773;34,23959634;-13,88464904;;;;;;;;;;;;;;;;;;;;;;;;
57,34518451;34,24590731;-13,27585698;;;;;;;;;;;;;;;;;;;;;;;;
57,04356397;34,25225015;-12,55487051;;;;;;;;;;;;;;;;;;;;;;;;
56,75688311;34,25862308;-11,67776398;;;;;;;;;;;;;;;;;;;;;;;;
56,48896561;34,2650236;-10,56926832;;;;;;;;;;;;;;;;;;;;;;;;
56,24542988;34,2714481;-9,079046389;;;;;;;;;;;;;;;;;;;;;;;;
56,03544773;34,277899;-9,869508668;;;;;;;;;;;;;;;;;;;;;;;;
55,80624609;34,28437632;-9,768122567;;;;;;;;;;;;;;;;;;;;;;;;
55,57846927;34,29088013;-9,663808524;;;;;;;;;;;;;;;;;;;;;;;;
55,35220374;34,29741044;-9,556313731;;;;;;;;;;;;;;;;;;;;;;;;
55,12754322;34,30396727;-9,445356419;;;;;;;;;;;;;;;;;;;;;;;;
54,90458951;34,31055061;-9,33062132;;;;;;;;;;;;;;;;;;;;;;;;
54,68345341;34,31716045;-9,211754185;;;;;;;;;;;;;;;;;;;;;;;;
54,46425583;34,32379675;-9,088355124;;;;;;;;;;;;;;;;;;;;;;;;
54,24712898;34,33045944;-8,95997044;;;;;;;;;;;;;;;;;;;;;;;;
54,03221791;34,33714844;-8,826082517;;;;;;;;;;;;;;;;;;;;;;;;
53,81968222;34,34386365;-8,686097178;;;;;;;;;;;;;;;;;;;;;;;;
53,60969817;34,35060491;-8,539327679;;;;;;;;;;;;;;;;;;;;;;;;
53,40246111;34,35737206;-8,384974202;;;;;;;;;;;;;;;;;;;;;;;;
53,19818862;34,36416488;-8,222097175;;;;;;;;;;;;;;;;;;;;;;;;
52,99712417;34,37098312;-8,04958201;;;;;;;;;;;;;;;;;;;;;;;;
52,7995418;34,37782648;-7,866091617;;;;;;;;;;;;;;;;;;;;;;;;
52,60575207;34,38469459;-7,670001073;;;;;;;;;;;;;;;;;;;;;;;;
52,41610958;34,39158705;-7,459305524;;;;;;;;;;;;;;;;;;;;;;;;
52,23102303;34,39850335;-7,231486492;;;;;;;;;;;;;;;;;;;;;;;;
52,05096862;34,40544291;-6,983311069;;;;;;;;;;;;;;;;;;;;;;;;
51,8765087;34,41240503;-6,710517422;;;;;;;;;;;;;;;;;;;;;;;;
51,70831854;34,41938892;-6,40729627;;;;;;;;;;;;;;;;;;;;;;;;
51,54722634;34,42639359;-6,065378133;;;;;;;;;;;;;;;;;;;;;;;;
51,39427682;34,43341787;-5,672282139;;;;;;;;;;;;;;;;;;;;;;;;
51,25083961;34,44046028;-5,20753004;;;;;;;;;;;;;;;;;;;;;;;;
51,11881466;34,44751896;-4,632855756;;;;;;;;;;;;;;;;;;;;;;;;
51,00108813;34,45459125;-3,857670091;;;;;;;;;;;;;;;;;;;;;;;;
50,90287087;34,46167151;-2,245930743;;;;;;;;;;;;;;;;;;;;;;;;
50,84562452;34,46875974;-2,24370663;;;;;;;;;;;;;;;;;;;;;;;;
50,7883704;34,47585598;-2,241457314;;;;;;;;;;;;;;;;;;;;;;;;
50,73110911;34,48296024;-2,239174376;;;;;;;;;;;;;;;;;;;;;;;;
50,67384149;34,49007253;-2,236846855;;;;;;;;;;;;;;;;;;;;;;;;
50,61656868;34,49719289;-2,234460467;;;;;;;;;;;;;;;;;;;;;;;;
50,55929215;34,50432131;-2,23199658;;;;;;;;;;;;;;;;;;;;;;;;
50,50201389;34,51145784;-2,229430862;;;;;;;;;;;;;;;;;;;;;;;;
50,4447365;34,51860247;-2,226731496;;;;;;;;;;;;;;;;;;;;;;;;
50,38746345;34,52575523;-2,223856809;;;;;;;;;;;;;;;;;;;;;;;;
50,33019925;34,53291614;-2,220752113;;;;;;;;;;;;;;;;;;;;;;;;
50,27294988;34,54008521;-2,217345483;;;;;;;;;;;;;;;;;;;;;;;;
50,21572319;34,54726246;-2,213542035;;;;;;;;;;;;;;;;;;;;;;;;
50,15852952;34,55444789;-2,209216154;;;;;;;;;;;;;;;;;;;;;;;;
50,10138251;34,56164151;-2,204200761;;;;;;;;;;;;;;;;;;;;;;;;
50,0443002;34,56884334;-2,198272304;;;;;;;;;;;;;;;;;;;;;;;;
49,98730651;34,57605337;-2,19112936;;;;;;;;;;;;;;;;;;;;;;;;
49,93043331;34,5832716;-2,182361387;;;;;;;;;;;;;;;;;;;;;;;;
49,87372328;34,59049802;-2,171401705;;;;;;;;;;;;;;;;;;;;;;;;
49,81723406;34,59773259;-2,157454001;;;;;;;;;;;;;;;;;;;;;;;;
49,76104432;34,60497529;-2,139371701;;;;;;;;;;;;;;;;;;;;;;;;
49,70526299;34,61222603;-2,115447177;;;;;;;;;;;;;;;;;;;;;;;;
49,65004411;34,61948474;-2,083011408;;;;;;;;;;;;;;;;;;;;;;;;
49,59561222;34,62675126;-2,037581231;;;;;;;;;;;;;;;;;;;;;;;;
49,5423102;34,63402535;-1,970706148;;;;;;;;;;;;;;;;;;;;;;;;
49,49070384;34,64130663;-1,862712908;;;;;;;;;;;;;;;;;;;;;;;;
49,4418773;34,64859228;-1,132461145;;;;;;;;;;;;;;;;;;;;;;;;
49,41217471;34,65587794;0;;;;;;;;;;;;;;;;;;;;;;;;
49,38247212;34,66316359;-1,132461145;;;;;;;;;;;;;;;;;;;;;;;;
49,40182894;34,67045363;0,737567935;;;;;;;;;;;;;;;;;;;;;;;;
49,43123851;34,6777408;1,121054115;;;;;;;;;;;;;;;;;;;;;;;;
49,46816491;34,68502365;1,408424495;;;;;;;;;;;;;;;;;;;;;;;;
49,51110553;34,69230106;1,639038176;;;;;;;;;;;;;;;;;;;;;;;;
49,55904245;34,69957215;1,831334899;;;;;;;;;;;;;;;;;;;;;;;;
49,61123156;34,70683622;1,995711681;;;;;;;;;;;;;;;;;;;;;;;;
49,66710129;34,71409264;2,138708173;;;;;;;;;;;;;;;;;;;;;;;;
49,72619704;34,7213409;2,264749193;;;;;;;;;;;;;;;;;;;;;;;;
49,78814786;34,72858054;2,37698967;;;;;;;;;;;;;;;;;;;;;;;;
49,85264493;34,73581118;2,477769741;;;;;;;;;;;;;;;;;;;;;;;;
49,9194271;34,74303246;2,568879607;;;;;;;;;;;;;;;;;;;;;;;;
49,98827071;34,75024408;2,651723155;;;;;;;;;;;;;;;;;;;;;;;;
50,05898212;34,75744577;2,727423953;;;;;;;;;;;;;;;;;;;;;;;;
50,13139227;34,76463729;2,796896631;;;;;;;;;;;;;;;;;;;;;;;;
50,20535235;34,77181841;2,860896535;;;;;;;;;;;;;;;;;;;;;;;;
50,2807306;34,77898897;2,920055207;;;;;;;;;;;;;;;;;;;;;;;;
50,35740965;34,78614877;2,974906362;;;;;;;;;;;;;;;;;;;;;;;;
50,43528445;34,79329766;3,025905275;;;;;;;;;;;;;;;;;;;;;;;;
50,51426056;34,80043552;3,073443525;;;;;;;;;;;;;;;;;;;;;;;;
50,59425277;34,80756222;3,117860371;;;;;;;;;;;;;;;;;;;;;;;;
50,67518388;34,81467766;3,159451675;;;;;;;;;;;;;;;;;;;;;;;;
50,75698381;34,82178173;3,198476961;;;;;;;;;;;;;;;;;;;;;;;;
50,83958868;34,82887435;3,235165084;;;;;;;;;;;;;;;;;;;;;;;;
50,92294017;34,83595544;3,269718827;;;;;;;;;;;;;;;;;;;;;;;;
51,03215133;34,84302495;4,291167732;;;;;;;;;;;;;;;;;;;;;;;;
51,15910374;34,85007932;4,998961786;;;;;;;;;;;;;;;;;;;;;;;;
51,30055416;34,85711619;5,583701377;;;;;;;;;;;;;;;;;;;;;;;;
51,4542165;34,86413366;6,082533369;;;;;;;;;;;;;;;;;;;;;;;;
51,61837276;34,87113017;6,51738545;;;;;;;;;;;;;;;;;;;;;;;;
51,79167597;34,87810443;6,902492146;;;;;;;;;;;;;;;;;;;;;;;;
51,97303781;34,88505536;7,247710994;;;;;;;;;;;;;;;;;;;;;;;;
52,16155891;34,89198203;7,560196204;;;;;;;;;;;;;;;;;;;;;;;;
52,35648301;34,89888366;7,845328174;;;;;;;;;;;;;;;;;;;;;;;;
52,55716531;34,9057596;8,107267934;;;;;;;;;;;;;;;;;;;;;;;;
52,76304973;34,91260928;8,349306771;;;;;;;;;;;;;;;;;;;;;;;;
52,97365222;34,91943224;8,57409672;;;;;;;;;;;;;;;;;;;;;;;;
53,18854802;34,92622807;8,783808146;;;;;;;;;;;;;;;;;;;;;;;;
53,40736189;34,93299645;8,980240821;;;;;;;;;;;;;;;;;;;;;;;;
53,62976036;34,93973709;9,164904252;;;;;;;;;;;;;;;;;;;;;;;;
53,85544558;34,94644978;9,339077064;;;;;;;;;;;;;;;;;;;;;;;;
54,08415025;34,95313434;9,503851767;;;;;;;;;;;;;;;;;;;;;;;;
54,31563357;34,95979064;9,660169052;;;;;;;;;;;;;;;;;;;;;;;;
54,54967784;34,96641856;9,808844474;;;;;;;;;;;;;;;;;;;;;;;;
54,78608554;34,97301805;9,950589471;;;;;;;;;;;;;;;;;;;;;;;;
55,024677;34,97958906;10,08602813;;;;;;;;;;;;;;;;;;;;;;;;
55,26528834;34,98613158;10,21571071;;;;;;;;;;;;;;;;;;;;;;;;
55,50776969;34,99264562;10,34012461;;;;;;;;;;;;;;;;;;;;;;;;
55,75198371;34,99913119;10,45970338;;;;;;;;;;;;;;;;;;;;;;;;
55,99780429;35,00558836;10,57483422;;;;;;;;;;;;;;;;;;;;;;;;
56,23836334;35,01201719;10,39411939;;;;;;;;;;;;;;;;;;;;;;;;
56,47477626;35,01841851;10,25885449;;;;;;;;;;;;;;;;;;;;;;;;
56,70702549;35,02479304;10,1205426;;;;;;;;;;;;;;;;;;;;;;;;
56,93509182;35,03114146;9,979138319;;;;;;;;;;;;;;;;;;;;;;;;
57,15895436;35,03746445;9,834594242;;;;;;;;;;;;;;;;;;;;;;;;
57,37859049;35,04376267;9,686860735;;;;;;;;;;;;;;;;;;;;;;;;
57,59397584;35,05003679;9,535885733;;;;;;;;;;;;;;;;;;;;;;;;
57,80508424;35,05628745;9,381614493;;;;;;;;;;;;;;;;;;;;;;;;
58,01188768;35,06251527;9,223989316;;;;;;;;;;;;;;;;;;;;;;;;
58,21435622;35,0687209;9,062949235;;;;;;;;;;;;;;;;;;;;;;;;
58,41245795;35,07490494;8,89842966;;;;;;;;;;;;;;;;;;;;;;;;
58,60615891;35,08106801;8,730361973;;;;;;;;;;;;;;;;;;;;;;;;
58,79542298;35,08721071;8,558673071;;;;;;;;;;;;;;;;;;;;;;;;
58,98021181;35,09333363;8,383284837;;;;;;;;;;;;;;;;;;;;;;;;
59,16048466;35,09943737;8,204113531;;;;;;;;;;;;;;;;;;;;;;;;
59,33619833;35,10552252;8,021069097;;;;;;;;;;;;;;;;;;;;;;;;
59,50730694;35,11158964;7,834054345;;;;;;;;;;;;;;;;;;;;;;;;
59,67376181;35,11763932;7,64296401;;;;;;;;;;;;;;;;;;;;;;;;
59,83551126;35,12367212;7,447683644;;;;;;;;;;;;;;;;;;;;;;;;
59,99250035;35,12968861;7,248088319;;;;;;;;;;;;;;;;;;;;;;;;
60,14467066;35,13568936;7,044041079;;;;;;;;;;;;;;;;;;;;;;;;
60,29195997;35,14167493;6,835391115;;;;;;;;;;;;;;;;;;;;;;;;
60,43430192;35,14764588;6,621971558;;;;;;;;;;;;;;;;;;;;;;;;
60,57162561;35,15360276;6,403596826;;;;;;;;;;;;;;;;;;;;;;;;
60,72265691;35,15954613;7,058804935;;;;;;;;;;;;;;;;;;;;;;;;
60,8862216;35,16547473;7,663644205;;;;;;;;;;;;;;;;;;;;;;;;
61,06058754;35,1713874;8,191730743;;;;;;;;;;;;;;;;;;;;;;;;
61,24438537;35,17728318;8,659570815;;;;;;;;;;;;;;;;;;;;;;;;
61,43650278;35,18316127;9,078790342;;;;;;;;;;;;;;;;;;;;;;;;
61,63098539;35,18902098;9,219391692;;;;;;;;;;;;;;;;;;;;;;;;
61,82368006;35,1948622;9,163551374;;;;;;;;;;;;;;;;;;;;;;;;
62,01461371;35,20068521;9,108195206;;;;;;;;;;;;;;;;;;;;;;;;
62,20381263;35,20649029;9,053316256;;;;;;;;;;;;;;;;;;;;;;;;
62,39160095;35,21227772;9,013232443;;;;;;;;;;;;;;;;;;;;;;;;
62,57835284;35,21804772;8,990547569;;;;;;;;;;;;;;;;;;;;;;;;
62,76381556;35,22380051;8,95520948;;;;;;;;;;;;;;;;;;;;;;;;
62,94800504;35,2295363;8,920088308;;;;;;;;;;;;;;;;;;;;;;;;
63,1309369;35,23525531;8,885181595;;;;;;;;;;;;;;;;;;;;;;;;
63,31262644;35,24095774;8,850486928;;;;;;;;;;;;;;;;;;;;;;;;
63,49308868;35,24664381;8,81600194;;;;;;;;;;;;;;;;;;;;;;;;
63,67233834;35,25231372;8,78172431;;;;;;;;;;;;;;;;;;;;;;;;
63,85038986;35,25796767;8,747651758;;;;;;;;;;;;;;;;;;;;;;;;
64,02725741;35,26360585;8,713782047;;;;;;;;;;;;;;;;;;;;;;;;
64,20295487;35,26922845;8,680112981;;;;;;;;;;;;;;;;;;;;;;;;
64,37749588;35,27483567;8,646642404;;;;;;;;;;;;;;;;;;;;;;;;
64,55089382;35,28042769;8,613368199;;;;;;;;;;;;;;;;;;;;;;;;
64,72316182;35,28600468;8,580288287;;;;;;;;;;;;;;;;;;;;;;;;
64,89431278;35,29156683;8,547400626;;;;;;;;;;;;;;;;;;;;;;;;
65,06435935;35,29711431;8,514703207;;;;;;;;;;;;;;;;;;;;;;;;
65,23331396;35,3026473;8,482194061;;;;;;;;;;;;;;;;;;;;;;;;
65,40118881;35,30816595;8,44987125;;;;;;;;;;;;;;;;;;;;;;;;
65,5679959;35,31367044;8,41773287;;;;;;;;;;;;;;;;;;;;;;;;
65,733747;35,31916092;8,38577705;;;;;;;;;;;;;;;;;;;;;;;;
65,89845367;35,32463756;8,354001949;;;;;;;;;;;;;;;;;;;;;;;;
66,06212728;35,33010051;8,32240576;;;;;;;;;;;;;;;;;;;;;;;;
66,224779;35,33554993;8,290986703;;;;;;;;;;;;;;;;;;;;;;;;
66,38641981;35,34098596;8,25974303;;;;;;;;;;;;;;;;;;;;;;;;
66,5470605;35,34640875;8,228673019;;;;;;;;;;;;;;;;;;;;;;;;
66,70671167;35,35181846;8,19777498;;;;;;;;;;;;;;;;;;;;;;;;
66,86538376;35,35721522;8,167047247;;;;;;;;;;;;;;;;;;;;;;;;
67,02308702;35,36259917;8,136488182;;;;;;;;;;;;;;;;;;;;;;;;
67,17983152;35,36797045;8,106096174;;;;;;;;;;;;;;;;;;;;;;;;
67,33562719;35,3733292;8,075869636;;;;;;;;;;;;;;;;;;;;;;;;
67,49048379;35,37867556;8,045807008;;;;;;;;;;;;;;;;;;;;;;;;
67,6444109;35,38400964;8,015906752;;;;;;;;;;;;;;;;;;;;;;;;
67,79741797;35,38933159;7,986167355;;;;;;;;;;;;;;;;;;;;;;;;
67,94951428;35,39464153;7,956587329;;;;;;;;;;;;;;;;;;;;;;;;
68,10070897;35,39993958;7,927165207;;;;;;;;;;;;;;;;;;;;;;;;
68,25101105;35,40522586;7,897899544;;;;;;;;;;;;;;;;;;;;;;;;
68,40042935;35,41050051;7,868788918;;;;;;;;;;;;;;;;;;;;;;;;
68,5489726;35,41576364;7,839831928;;;;;;;;;;;;;;;;;;;;;;;;
68,69664938;35,42101536;7,811027194;;;;;;;;;;;;;;;;;;;;;;;;
68,84350354;35,42625579;7,784250824;;;;;;;;;;;;;;;;;;;;;;;;
68,98958002;35,43148504;7,759580304;;;;;;;;;;;;;;;;;;;;;;;;
69,13488588;35,43670322;7,735023679;;;;;;;;;;;;;;;;;;;;;;;;
69,27942813;35,44191043;7,710580022;;;;;;;;;;;;;;;;;;;;;;;;
69,42321364;35,44710678;7,686248421;;;;;;;;;;;;;;;;;;;;;;;;
69,5662492;35,45229236;7,662027975;;;;;;;;;;;;;;;;;;;;;;;;
69,7085415;35,45746729;7,637917795;;;;;;;;;;;;;;;;;;;;;;;;
69,85009713;35,46263165;7,613917005;;;;;;;;;;;;;;;;;;;;;;;;
69,99092259;35,46778554;7,59002474;;;;;;;;;;;;;;;;;;;;;;;;
70,13102429;35,47292906;7,566240146;;;;;;;;;;;;;;;;;;;;;;;;
70,27040854;35,47806231;7,542562383;;;;;;;;;;;;;;;;;;;;;;;;
70,40908159;35,48318538;7,518990619;;;;;;;;;;;;;;;;;;;;;;;;
70,54704958;35,48829836;7,495524033;;;;;;;;;;;;;;;;;;;;;;;;
70,68431856;35,49340133;7,472161818;;;;;;;;;;;;;;;;;;;;;;;;
70,82089452;35,4984944;7,448903174;;;;;;;;;;;;;;;;;;;;;;;;
70,95678335;35,50357765;7,425747312;;;;;;;;;;;;;;;;;;;;;;;;
71,09199087;35,50865116;7,402693454;;;;;;;;;;;;;;;;;;;;;;;;
71,22652282;35,51371502;7,379740832;;;;;;;;;;;;;;;;;;;;;;;;
71,36038486;35,51876932;7,356888687;;;;;;;;;;;;;;;;;;;;;;;;
71,49358258;35,52381413;7,334136269;;;;;;;;;;;;;;;;;;;;;;;;
71,6261215;35,52884955;7,311482839;;;;;;;;;;;;;;;;;;;;;;;;
71,75800704;35,53387565;7,288927665;;;;;;;;;;;;;;;;;;;;;;;;
71,88924459;35,53889251;7,266470027;;;;;;;;;;;;;;;;;;;;;;;;
72,01983945;35,54390021;7,244109211;;;;;;;;;;;;;;;;;;;;;;;;
72,14979684;35,54889884;7,221844513;;;;;;;;;;;;;;;;;;;;;;;;
72,27912193;35,55388846;7,199675238;;;;;;;;;;;;;;;;;;;;;;;;
72,40781982;35,55886915;7,177600698;;;;;;;;;;;;;;;;;;;;;;;;
72,53589555;35,56384099;7,155620215;;;;;;;;;;;;;;;;;;;;;;;;
72,66335407;35,56880405;7,133733117;;;;;;;;;;;;;;;;;;;;;;;;
72,7902003;35,5737584;7,111938743;;;;;;;;;;;;;;;;;;;;;;;;
72,91643909;35,57870412;7,090236436;;;;;;;;;;;;;;;;;;;;;;;;
73,04207521;35,58364128;7,068625551;;;;;;;;;;;;;;;;;;;;;;;;
73,1671134;35,58856994;7,047105446;;;;;;;;;;;;;;;;;;;;;;;;
73,29155831;35,59349019;7,02567549;;;;;;;;;;;;;;;;;;;;;;;;
73,41541457;35,59840208;7,004335058;;;;;;;;;;;;;;;;;;;;;;;;
73,53868673;35,60330568;6,983083531;;;;;;;;;;;;;;;;;;;;;;;;
73,66137927;35,60820106;6,9619203;;;;;;;;;;;;;;;;;;;;;;;;
73,78349665;35,61308829;6,940844761;;;;;;;;;;;;;;;;;;;;;;;;
73,90504326;35,61796743;6,919856316;;;;;;;;;;;;;;;;;;;;;;;;
74,02602344;35,62283855;6,898954376;;;;;;;;;;;;;;;;;;;;;;;;
74,14644146;35,6277017;6,878138357;;;;;;;;;;;;;;;;;;;;;;;;
74,26630156;35,63255696;6,857407681;;;;;;;;;;;;;;;;;;;;;;;;
74,38560794;35,63740438;6,836761779;;;;;;;;;;;;;;;;;;;;;;;;
74,50436472;35,64224402;6,816200086;;;;;;;;;;;;;;;;;;;;;;;;
74,62257599;35,64707596;6,795722043;;;;;;;;;;;;;;;;;;;;;;;;
74,7402458;35,65190023;6,7753271;;;;;;;;;;;;;;;;;;;;;;;;
74,85737813;35,65671691;6,755014709;;;;;;;;;;;;;;;;;;;;;;;;
74,97397693;35,66152606;6,73478433;;;;;;;;;;;;;;;;;;;;;;;;
75,09002893;35,66632773;6,713642102;;;;;;;;;;;;;;;;;;;;;;;;
75,20553726;35,67112197;6,692533813;;;;;;;;;;;;;;;;;;;;;;;;
75,32050595;35,67590885;6,671513939;;;;;;;;;;;;;;;;;;;;;;;;
75,43493898;35,68068843;6,650581893;;;;;;;;;;;;;;;;;;;;;;;;
75,54884031;35,68546075;6,629737094;;;;;;;;;;;;;;;;;;;;;;;;
75,66221381;35,69022588;6,60897897;;;;;;;;;;;;;;;;;;;;;;;;
75,56812477;35,69500185;-11,09801281;;;;;;;;;;;;;;;;;;;;;;;;
75,37731106;35,69978964;-10,79433234;;;;;;;;;;;;;;;;;;;;;;;;
75,19125945;35,70458898;-10,47174419;;;;;;;;;;;;;;;;;;;;;;;;
75,01033264;35,70939957;-10,12714421;;;;;;;;;;;;;;;;;;;;;;;;
74,83494962;35,71422107;-9,756560968;;;;;;;;;;;;;;;;;;;;;;;;
74,66560118;35,7190531;-9,354773885;;;;;;;;;;;;;;;;;;;;;;;;
74,50287206;35,72389522;-8,914682319;;;;;;;;;;;;;;;;;;;;;;;;
74,34747434;35,72874696;-8,426191645;;;;;;;;;;;;;;;;;;;;;;;;
74,20030048;35,73360771;-7,874066783;;;;;;;;;;;;;;;;;;;;;;;;
74,06251431;35,73847681;-7,233261925;;;;;;;;;;;;;;;;;;;;;;;;
73,93572435;35,74335338;-6,456719931;;;;;;;;;;;;;;;;;;;;;;;;
73,82237241;35,74823627;-5,431499515;;;;;;;;;;;;;;;;;;;;;;;;
73,7268954;35,75312334;-3,591237101;;;;;;;;;;;;;;;;;;;;;;;;
73,66371309;35,7580131;-2,298680354;;;;;;;;;;;;;;;;;;;;;;;;
73,62324911;35,76290286;0;;;;;;;;;;;;;;;;;;;;;;;;
73,58278513;35,76779262;-2,298680354;;;;;;;;;;;;;;;;;;;;;;;;
73,54411043;35,77268764;0;;;;;;;;;;;;;;;;;;;;;;;;
73,50368326;35,77758266;-2,294120654;;;;;;;;;;;;;;;;;;;;;;;;
73,46500826;35,78248295;0;;;;;;;;;;;;;;;;;;;;;;;;
73,42461787;35,78738325;-2,289567958;;;;;;;;;;;;;;;;;;;;;;;;
73,38594244;35,79228882;0;;;;;;;;;;;;;;;;;;;;;;;;
73,34558882;35,79719439;-2,285021933;;;;;;;;;;;;;;;;;;;;;;;;
73,30691281;35,80210525;0;;;;;;;;;;;;;;;;;;;;;;;;
73,26659592;35,80701611;-2,280483515;;;;;;;;;;;;;;;;;;;;;;;;
73,22791921;35,81193227;0;;;;;;;;;;;;;;;;;;;;;;;;
73,18763903;35,81684842;-2,275951736;;;;;;;;;;;;;;;;;;;;;;;;
73,14896147;35,82176989;0;;;;;;;;;;;;;;;;;;;;;;;;
73,10871799;35,82669135;-2,27142658;;;;;;;;;;;;;;;;;;;;;;;;
73,07003943;35,83161813;0;;;;;;;;;;;;;;;;;;;;;;;;
73,02983261;35,83654491;-2,266908982;;;;;;;;;;;;;;;;;;;;;;;;
72,99115294;35,84147702;0;;;;;;;;;;;;;;;;;;;;;;;;
72,95098276;35,84640912;-2,262397659;;;;;;;;;;;;;;;;;;;;;;;;
72,91230182;35,85134656;0;;;;;;;;;;;;;;;;;;;;;;;;
72,87216826;35,856284;-2,257893861;;;;;;;;;;;;;;;;;;;;;;;;
72,83348592;35,86122678;0;;;;;;;;;;;;;;;;;;;;;;;;
72,79338895;35,86616956;-2,253396623;;;;;;;;;;;;;;;;;;;;;;;;
72,75470507;35,8711177;0;;;;;;;;;;;;;;;;;;;;;;;;
72,71464467;35,87606583;-2,248906247;;;;;;;;;;;;;;;;;;;;;;;;
72,67595911;35,88101932;0;;;;;;;;;;;;;;;;;;;;;;;;
72,63593526;35,88597282;-2,244422716;;;;;;;;;;;;;;;;;;;;;;;;
72,59724788;35,89093168;0;;;;;;;;;;;;;;;;;;;;;;;;
72,55726056;35,89589055;-2,239946014;;;;;;;;;;;;;;;;;;;;;;;;
72,51857123;35,9008548;0;;;;;;;;;;;;;;;;;;;;;;;;
72,4786204;35,90581904;-2,235476126;;;;;;;;;;;;;;;;;;;;;;;;
72,43992898;35,91078868;0;;;;;;;;;;;;;;;;;;;;;;;;
72,40001463;35,91575831;-2,231013037;;;;;;;;;;;;;;;;;;;;;;;;
72,3970898;35,92073069;-0,163393113;;;;;;;;;;;;;;;;;;;;;;;;
72,40659154;35,92570326;0,530785865;;;;;;;;;;;;;;;;;;;;;;;;
72,42533125;35,93067518;1,04697387;;;;;;;;;;;;;;;;;;;;;;;;
72,4516021;35,93564582;1,468113294;;;;;;;;;;;;;;;;;;;;;;;;
72,48429604;35,94061466;1,827722895;;;;;;;;;;;;;;;;;;;;;;;;
72,52261885;35,94558125;2,143365588;;;;;;;;;;;;;;;;;;;;;;;;
72,56596533;35,95054522;2,425617589;;;;;;;;;;;;;;;;;;;;;;;;
72,61385475;35,95550622;2,681436405;;;;;;;;;;;;;;;;;;;;;;;;
72,66589349;35,96046395;2,915689563;;;;;;;;;;;;;;;;;;;;;;;;
72,72175182;35,96541813;3,131940805;;;;;;;;;;;;;;;;;;;;;;;;
72,78114847;35,97036851;3,332892257;;;;;;;;;;;;;;;;;;;;;;;;
72,84384002;35,97531484;3,520650489;;;;;;;;;;;;;;;;;;;;;;;;
72,90961327;35,98025692;3,69689535;;;;;;;;;;;;;;;;;;;;;;;;
72,97827963;35,98519454;3,862991783;;;;;;;;;;;;;;;;;;;;;;;;
73,04967082;35,99012752;4,020066539;;;;;;;;;;;;;;;;;;;;;;;;
73,12363562;35,99505567;4,169062405;;;;;;;;;;;;;;;;;;;;;;;;
73,20003729;35,99997884;4,310777506;;;;;;;;;;;;;;;;;;;;;;;;
73,27875145;36,00489687;4,445894425;;;;;;;;;;;;;;;;;;;;;;;;
73,35966444;36,00980962;4,575002196;;;;;;;;;;;;;;;;;;;;;;;;
73,44267194;36,01471695;4,698613183;;;;;;;;;;;;;;;;;;;;;;;;
73,52767784;36,01961873;4,817176241;;;;;;;;;;;;;;;;;;;;;;;;
73,61459326;36,02451485;4,931087104;;;;;;;;;;;;;;;;;;;;;;;;
73,70333576;36,02940518;5,040696689;;;;;;;;;;;;;;;;;;;;;;;;
73,79382865;36,03428963;5,146317806;;;;;;;;;;;;;;;;;;;;;;;;
73,88600041;36,03916808;5,248230628;;;;;;;;;;;;;;;;;;;;;;;;
73,9791144;36,04404635;-10,38601182;;;;;;;;;;;;;;;;;;;;;;;;
73,79671779;36,04893707;-10,67679773;;;;;;;;;;;;;;;;;;;;;;;;
73,60873562;36,05384068;-10,95454263;;;;;;;;;;;;;;;;;;;;;;;;
73,41535527;36,05875729;-10,9725408;;;;;;;;;;;;;;;;;;;;;;;;
73,22114343;36,06368692;-10,89302777;;;;;;;;;;;;;;;;;;;;;;;;
73,02782857;36,06862957;-10,81248775;;;;;;;;;;;;;;;;;;;;;;;;
72,83543618;36,07358524;-10,73085892;;;;;;;;;;;;;;;;;;;;;;;;
72,64399305;36,07855395;-10,64807514;;;;;;;;;;;;;;;;;;;;;;;;
72,45352744;36,08353567;-10,56406559;;;;;;;;;;;;;;;;;;;;;;;;
72,26406912;36,08853043;-10,47875425;;;;;;;;;;;;;;;;;;;;;;;;
72,07564952;36,0935382;-10,39205945;;;;;;;;;;;;;;;;;;;;;;;;
71,8883018;36,09855897;-10,30389325;;;;;;;;;;;;;;;;;;;;;;;;
71,70206105;36,10359274;-10,21416078;;;;;;;;;;;;;;;;;;;;;;;;
71,51696437;36,10863949;-10,12275953;;;;;;;;;;;;;;;;;;;;;;;;
71,33305108;36,1136992;-10,02957843;;;;;;;;;;;;;;;;;;;;;;;;
71,15036285;36,11877184;-9,934496949;;;;;;;;;;;;;;;;;;;;;;;;
70,96894395;36,12385739;-9,837383905;;;;;;;;;;;;;;;;;;;;;;;;
70,78884142;36,12895581;-9,738096203;;;;;;;;;;;;;;;;;;;;;;;;
70,61010535;36,13406706;-9,636477319;;;;;;;;;;;;;;;;;;;;;;;;
70,43278915;36,13919111;-9,532355539;;;;;;;;;;;;;;;;;;;;;;;;
70,25694985;36,1443279;-9,425541903;;;;;;;;;;;;;;;;;;;;;;;;
70,08264847;36,14947738;-9,315827773;;;;;;;;;;;;;;;;;;;;;;;;
69,90995041;36,15463949;-9,202981946;;;;;;;;;;;;;;;;;;;;;;;;
69,73892592;36,15981417;-9,086747217;;;;;;;;;;;;;;;;;;;;;;;;
69,5696506;36,16500132;-8,966836225;;;;;;;;;;;;;;;;;;;;;;;;
69,40220607;36,17020088;-8,842926433;;;;;;;;;;;;;;;;;;;;;;;;
69,23668062;36,17541274;-8,71465397;;;;;;;;;;;;;;;;;;;;;;;;
69,07317008;36,18063681;-8,581606044;;;;;;;;;;;;;;;;;;;;;;;;
68,91177878;36,18587298;-8,443311453;;;;;;;;;;;;;;;;;;;;;;;;
68,75262075;36,19112111;-8,299228628;;;;;;;;;;;;;;;;;;;;;;;;
68,59582111;36,19638107;-8,148730331;;;;;;;;;;;;;;;;;;;;;;;;
68,44151777;36,20165272;-7,991083814;;;;;;;;;;;;;;;;;;;;;;;;
68,28986357;36,20693588;-7,825424667;;;;;;;;;;;;;;;;;;;;;;;;
68,14102886;36,21223037;-7,650721724;;;;;;;;;;;;;;;;;;;;;;;;
67,99520482;36,21753619;-7,598865666;;;;;;;;;;;;;;;;;;;;;;;;
67,85005934;36,22285331;-7,53622841;;;;;;;;;;;;;;;;;;;;;;;;
67,70580358;36,22818171;-7,471905486;;;;;;;;;;;;;;;;;;;;;;;;
67,56247565;36,23352136;-7,40577393;;;;;;;;;;;;;;;;;;;;;;;;
67,42011632;36,23887223;-7,337698559;;;;;;;;;;;;;;;;;;;;;;;;
67,27876924;36,24423429;-7,267530279;;;;;;;;;;;;;;;;;;;;;;;;
67,1384813;36,24960748;-7,195104083;;;;;;;;;;;;;;;;;;;;;;;;
66,99930291;36,25499176;-7,120236674;;;;;;;;;;;;;;;;;;;;;;;;
66,86128842;36,26038708;-7,042723614;;;;;;;;;;;;;;;;;;;;;;;;
66,72449653;36,26579338;-6,962335876;;;;;;;;;;;;;;;;;;;;;;;;
66,58899084;36,27121059;-6,878815649;;;;;;;;;;;;;;;;;;;;;;;;
66,45484042;36,27663864;-6,791871191;;;;;;;;;;;;;;;;;;;;;;;;
66,32212052;36,28207746;-6,701170431;;;;;;;;;;;;;;;;;;;;;;;;
66,19091343;36,28752694;-6,606332955;;;;;;;;;;;;;;;;;;;;;;;;
66,06130947;36,29298699;-6,506919832;;;;;;;;;;;;;;;;;;;;;;;;
65,93340818;36,29845751;-6,402420527;;;;;;;;;;;;;;;;;;;;;;;;
65,80731982;36,30393837;-6,292235818;;;;;;;;;;;;;;;;;;;;;;;;
65,68316719;36,30942943;-6,175655112;;;;;;;;;;;;;;;;;;;;;;;;
65,56108793;36,31493055;-6,051825741;;;;;;;;;;;;;;;;;;;;;;;;
65,44123742;36,32044156;-5,919710491;;;;;;;;;;;;;;;;;;;;;;;;
65,32379254;36,32596227;-5,778027313;;;;;;;;;;;;;;;;;;;;;;;;
65,20895673;36,33149248;-5,625161148;;;;;;;;;;;;;;;;;;;;;;;;
65,09696674;36,33703196;-5,459030287;;;;;;;;;;;;;;;;;;;;;;;;
64,98810214;36,34258043;-5,276874818;;;;;;;;;;;;;;;;;;;;;;;;
64,88269917;36,3481376;-5,074903234;;;;;;;;;;;;;;;;;;;;;;;;
64,7811716;36,35370312;-4,847660083;;;;;;;;;;;;;;;;;;;;;;;;
64,6840446;36,35927656;-4,586786331;;;;;;;;;;;;;;;;;;;;;;;;
64,59201348;36,36485743;-4,27825739;;;;;;;;;;;;;;;;;;;;;;;;
64,50605843;36,37044509;-3,894897845;;;;;;;;;;;;;;;;;;;;;;;;
64,42771035;36,37603863;-3,367461647;;;;;;;;;;;;;;;;;;;;;;;;
64,35990057;36,38163533;-1,796442199;;;;;;;;;;;;;;;;;;;;;;;;
64,32370569;36,38723202;0;;;;;;;;;;;;;;;;;;;;;;;;
64,2875108;36,39282871;-1,796442199;;;;;;;;;;;;;;;;;;;;;;;;
64,28483011;36,39842856;-0,132974732;;;;;;;;;;;;;;;;;;;;;;;;
64,28586363;36,40402863;0,051265067;;;;;;;;;;;;;;;;;;;;;;;;
64,28995387;36,40962862;0,20288954;;;;;;;;;;;;;;;;;;;;;;;;
64,2966371;36,41522825;0,33153121;;;;;;;;;;;;;;;;;;;;;;;;
64,30556511;36,4208273;0,442932981;;;;;;;;;;;;;;;;;;;;;;;;
64,31646514;36,42642557;0,540842907;;;;;;;;;;;;;;;;;;;;;;;;
64,32911685;36,43202289;0,627865422;;;;;;;;;;;;;;;;;;;;;;;;
64,34333811;36,43761911;0,705895824;;;;;;;;;;;;;;;;;;;;;;;;
64,35897557;36,4432141;0,776363176;;;;;;;;;;;;;;;;;;;;;;;;
64,37589826;36,44880772;0,840375738;;;;;;;;;;;;;;;;;;;;;;;;
64,39399295;36,45439988;0,898812858;;;;;;;;;;;;;;;;;;;;;;;;
64,41316076;36,45999046;0,952385592;;;;;;;;;;;;;;;;;;;;;;;;
64,43331463;36,46557938;1,001678151;;;;;;;;;;;;;;;;;;;;;;;;
64,45437736;36,47116655;1,047177108;;;;;;;;;;;;;;;;;;;;;;;;
64,47628003;36,4767519;1,089292491;;;;;;;;;;;;;;;;;;;;;;;;
64,49896081;36,48233535;1,128373384;;;;;;;;;;;;;;;;;;;;;;;;
64,52236392;36,48791683;1,16471966;;;;;;;;;;;;;;;;;;;;;;;;
64,54643889;36,4934963;1,198590976;;;;;;;;;;;;;;;;;;;;;;;;
64,57113982;36,49907368;1,230213762;;;;;;;;;;;;;;;;;;;;;;;;
64,59642486;36,50464892;1,259786729;;;;;;;;;;;;;;;;;;;;;;;;
64,62225571;36,51022199;1,28748526;;;;;;;;;;;;;;;;;;;;;;;;
64,64859727;36,51579282;1,313464945;;;;;;;;;;;;;;;;;;;;;;;;
64,67541722;36,52136139;1,33786447;;;;;;;;;;;;;;;;;;;;;;;;
64,7026858;36,52692764;1,360807976;;;;;;;;;;;;;;;;;;;;;;;;
64,73037553;36,53249156;1,382407019;;;;;;;;;;;;;;;;;;;;;;;;
64,75846095;36,53805309;1,402762208;;;;;;;;;;;;;;;;;;;;;;;;
64,78691848;36,54361221;1,421964578;;;;;;;;;;;;;;;;;;;;;;;;
64,81572623;36,54916888;1,440096747;;;;;;;;;;;;;;;;;;;;;;;;
64,84486384;36,55472309;1,457233909;;;;;;;;;;;;;;;;;;;;;;;;
64,87431235;36,5602748;1,473444677;;;;;;;;;;;;;;;;;;;;;;;;
64,91011674;36,565824;1,792272706;;;;;;;;;;;;;;;;;;;;;;;;
64,95083804;36,57137013;2,039524753;;;;;;;;;;;;;;;;;;;;;;;;
64,99593958;36,57691278;2,260326289;;;;;;;;;;;;;;;;;;;;;;;;
65,04499072;36,58245159;2,459973046;;;;;;;;;;;;;;;;;;;;;;;;
65,09763644;36,58798622;2,642237844;;;;;;;;;;;;;;;;;;;;;;;;
65,1535779;36,59351637;2,80992059;;;;;;;;;;;;;;;;;;;;;;;;
65,2125594;36,59904178;2,965166417;;;;;;;;;;;;;;;;;;;;;;;;
65,27435917;36,60456219;3,109661357;;;;;;;;;;;;;;;;;;;;;;;;
65,33878274;36,61007737;3,244758667;;;;;;;;;;;;;;;;;;;;;;;;
65,40565797;36,61558711;3,371563698;;;;;;;;;;;;;;;;;;;;;;;;
65,4748313;36,62109123;3,490992806;;;;;;;;;;;;;;;;;;;;;;;;
65,54616473;36,62658952;3,60381541;;;;;;;;;;;;;;;;;;;;;;;;
65,5590776;36,63209403;-7,982286221;;;;;;;;;;;;;;;;;;;;;;;;
65,40089869;36,63761251;-8,332578045;;;;;;;;;;;;;;;;;;;;;;;;
65,2353593;36,64314563;-8,664532077;;;;;;;;;;;;;;;;;;;;;;;;
65,06276853;36,64869405;-8,980194693;;;;;;;;;;;;;;;;;;;;;;;;
64,88339548;36,65425841;-9,28119537;;;;;;;;;;;;;;;;;;;;;;;;
64,69747743;36,65983935;-9,568858487;;;;;;;;;;;;;;;;;;;;;;;;
64,50522571;36,66543751;-9,844279296;;;;;;;;;;;;;;;;;;;;;;;;
64,3068302;36,67105352;-10,10837716;;;;;;;;;;;;;;;;;;;;;;;;
64,10246276;36,676688;-10,36193388;;;;;;;;;;;;;;;;;;;;;;;;
63,89227983;36,68234159;-10,60562189;;;;;;;;;;;;;;;;;;;;;;;;
63,67642465;36,6880149;-10,84002544;;;;;;;;;;;;;;;;;;;;;;;;
63,45502891;36,69370856;-11,06565679;;;;;;;;;;;;;;;;;;;;;;;;
63,22821417;36,6994232;-11,28296874;;;;;;;;;;;;;;;;;;;;;;;;
62,99609299;36,70515945;-11,49236448;;;;;;;;;;;;;;;;;;;;;;;;
62,75876991;36,71091794;-11,6942055;;;;;;;;;;;;;;;;;;;;;;;;
62,51634226;36,71669932;-11,88881787;;;;;;;;;;;;;;;;;;;;;;;;
62,26890079;36,72250422;-12,07649739;;;;;;;;;;;;;;;;;;;;;;;;
62,01653033;36,72833262;-11,91545419;;;;;;;;;;;;;;;;;;;;;;;;
61,76651739;36,73418456;-11,79100983;;;;;;;;;;;;;;;;;;;;;;;;
61,5181166;36,74006005;-11,66355839;;;;;;;;;;;;;;;;;;;;;;;;
61,27141146;36,74595913;-11,53285387;;;;;;;;;;;;;;;;;;;;;;;;
61,02649195;36,7518818;-11,39862416;;;;;;;;;;;;;;;;;;;;;;;;
60,78345515;36,75782804;-11,26056724;;;;;;;;;;;;;;;;;;;;;;;;
60,542406;36,76379785;-11,11834668;;;;;;;;;;;;;;;;;;;;;;;;
60,30345822;36,76979118;-10,97158622;;;;;;;;;;;;;;;;;;;;;;;;
60,06673526;36,77580799;-10,81986331;;;;;;;;;;;;;;;;;;;;;;;;
59,83237144;36,78184821;-10,66270108;;;;;;;;;;;;;;;;;;;;;;;;
59,60051336;36,78791174;-10,49955873;;;;;;;;;;;;;;;;;;;;;;;;
59,37132143;36,79399848;-10,32981939;;;;;;;;;;;;;;;;;;;;;;;;
59,14497174;36,80010829;-10,15277504;;;;;;;;;;;;;;;;;;;;;;;;
58,92165833;36,806241;-9,967607409;;;;;;;;;;;;;;;;;;;;;;;;
58,70159584;36,81239642;-9,773363387;;;;;;;;;;;;;;;;;;;;;;;;
58,4850228;36,81857432;-9,568923002;;;;;;;;;;;;;;;;;;;;;;;;
58,27220566;36,82477444;-9,352957006;;;;;;;;;;;;;;;;;;;;;;;;
58,06344381;36,83099645;-9,123869563;;;;;;;;;;;;;;;;;;;;;;;;
57,85907596;36,83724001;-8,879719126;;;;;;;;;;;;;;;;;;;;;;;;
57,65948841;36,84350467;-8,618106379;;;;;;;;;;;;;;;;;;;;;;;;
57,4651259;36,84978997;-8,336010721;;;;;;;;;;;;;;;;;;;;;;;;
57,27650633;36,85609534;-8,02954296;;;;;;;;;;;;;;;;;;;;;;;;
57,09424123;36,86242011;-7,693554709;;;;;;;;;;;;;;;;;;;;;;;;
56,91906536;36,86876351;-7,320987267;;;;;;;;;;;;;;;;;;;;;;;;
56,75188148;36,87512463;-6,901708764;;;;;;;;;;;;;;;;;;;;;;;;
56,5938322;36,88150236;-6,420238231;;;;;;;;;;;;;;;;;;;;;;;;
56,44642466;36,88789534;-5,850680007;;;;;;;;;;;;;;;;;;;;;;;;
56,31177286;36,89430181;-5,142994754;;;;;;;;;;;;;;;;;;;;;;;;
56,1931584;36,90071929;-4,169807792;;;;;;;;;;;;;;;;;;;;;;;;
56,0968237;36,90714048;-1,407156993;;;;;;;;;;;;;;;;;;;;;;;;
56,06429541;36,91356168;0;;;;;;;;;;;;;;;;;;;;;;;;
56,03176714;36,91998288;-1,407156451;;;;;;;;;;;;;;;;;;;;;;;;
56,06740625;36,92640781;1,540835151;;;;;;;;;;;;;;;;;;;;;;;;
56,12241185;36,93282865;2,379645875;;;;;;;;;;;;;;;;;;;;;;;;
56,19191191;36,9392432;3,009653851;;;;;;;;;;;;;;;;;;;;;;;;
56,27315471;36,94564982;3,522521534;;;;;;;;;;;;;;;;;;;;;;;;
56,36430785;36,95204718;3,957928225;;;;;;;;;;;;;;;;;;;;;;;;
56,46403881;36,95843421;4,337397168;;;;;;;;;;;;;;;;;;;;;;;;
56,57132345;36,96480994;4,6741697;;;;;;;;;;;;;;;;;;;;;;;;
56,68534413;36,97117359;4,977083817;;;;;;;;;;;;;;;;;;;;;;;;
56,80542972;36,97752444;5,2523867;;;;;;;;;;;;;;;;;;;;;;;;
56,93101761;36,98386186;5,504686527;;;;;;;;;;;;;;;;;;;;;;;;
57,06162822;36,99018531;5,737496362;;;;;;;;;;;;;;;;;;;;;;;;
57,19684731;36,99649427;5,953565613;;;;;;;;;;;;;;;;;;;;;;;;
57,33631303;37,00278833;6,155092554;;;;;;;;;;;;;;;;;;;;;;;;
57,47970647;37,00906707;6,343866304;;;;;;;;;;;;;;;;;;;;;;;;
57,62674426;37,01533015;6,521364969;;;;;;;;;;;;;;;;;;;;;;;;
57,77717298;37,02157725;6,688825456;;;;;;;;;;;;;;;;;;;;;;;;
57,93076467;37,02780808;6,847294361;;;;;;;;;;;;;;;;;;;;;;;;
58,08731318;37,0340224;6,997665858;;;;;;;;;;;;;;;;;;;;;;;;
58,24663129;37,04021997;7,140710431;;;;;;;;;;;;;;;;;;;;;;;;
58,40854825;37,04640058;7,277097022;;;;;;;;;;;;;;;;;;;;;;;;
58,57290782;37,05256406;7,407410345;;;;;;;;;;;;;;;;;;;;;;;;
58,73956653;37,05871025;7,532164604;;;;;;;;;;;;;;;;;;;;;;;;
58,90839229;37,064839;7,651814481;;;;;;;;;;;;;;;;;;;;;;;;
59,07926312;37,07095018;7,766764036;;;;;;;;;;;;;;;;;;;;;;;;
59,25206617;37,07704369;7,877373973;;;;;;;;;;;;;;;;;;;;;;;;
59,42669674;37,08311943;7,983967643;;;;;;;;;;;;;;;;;;;;;;;;
59,60305753;37,08917731;8,086836017;;;;;;;;;;;;;;;;;;;;;;;;
59,78105795;37,09521727;8,186241858;;;;;;;;;;;;;;;;;;;;;;;;
59,9606135;37,10123924;8,282423235;;;;;;;;;;;;;;;;;;;;;;;;
60,14522445;37,10724318;8,541192816;;;;;;;;;;;;;;;;;;;;;;;;
60,33110093;37,1132287;8,62622084;;;;;;;;;;;;;;;;;;;;;;;;
60,51818134;37,11919577;8,708925354;;;;;;;;;;;;;;;;;;;;;;;;
60,7064078;37,12514439;8,789447088;;;;;;;;;;;;;;;;;;;;;;;;
60,89572586;37,13107457;8,867915747;;;;;;;;;;;;;;;;;;;;;;;;
61,08608418;37,13698632;8,944451113;;;;;;;;;;;;;;;;;;;;;;;;
61,27743442;37,14287964;9,019164003;;;;;;;;;;;;;;;;;;;;;;;;
61,46973091;37,14875456;9,092157126;;;;;;;;;;;;;;;;;;;;;;;;
61,66293054;37,1546111;9,16352583;;;;;;;;;;;;;;;;;;;;;;;;
61,85533255;37,16044929;9,154376373;;;;;;;;;;;;;;;;;;;;;;;;
62,04597793;37,16626933;9,099099488;;;;;;;;;;;;;;;;;;;;;;;;
62,23489285;37,17207147;9,044298693;;;;;;;;;;;;;;;;;;;;;;;;
62,42251054;37,17785601;9,009542248;;;;;;;;;;;;;;;;;;;;;;;;
62,60904857;37,18362316;8,984700594;;;;;;;;;;;;;;;;;;;;;;;;
62,79430007;37,18937313;8,949398475;;;;;;;;;;;;;;;;;;;;;;;;
62,97828093;37,19510613;8,914312864;;;;;;;;;;;;;;;;;;;;;;;;
63,16100672;37,20082239;8,87944131;;;;;;;;;;;;;;;;;;;;;;;;
63,34249269;37,20652211;8,844781409;;;;;;;;;;;;;;;;;;;;;;;;
63,52275381;37,2122055;8,810330801;;;;;;;;;;;;;;;;;;;;;;;;
63,70180475;37,21787276;8,776087171;;;;;;;;;;;;;;;;;;;;;;;;
63,87965991;37,22352409;8,742048247;;;;;;;;;;;;;;;;;;;;;;;;
64,0563334;37,22915969;8,708211799;;;;;;;;;;;;;;;;;;;;;;;;
64,23183908;37,23477974;8,674575638;;;;;;;;;;;;;;;;;;;;;;;;
64,40619053;37,24038444;8,641137614;;;;;;;;;;;;;;;;;;;;;;;;
64,57940109;37,24597396;8,607895616;;;;;;;;;;;;;;;;;;;;;;;;
64,75148387;37,25154849;8,574847571;;;;;;;;;;;;;;;;;;;;;;;;
64,9224517;37,25710821;8,541991443;;;;;;;;;;;;;;;;;;;;;;;;
65,09231721;37,26265329;8,50932523;;;;;;;;;;;;;;;;;;;;;;;;
65,26109279;37,2681839;8,476846968;;;;;;;;;;;;;;;;;;;;;;;;
65,42879061;37,2737002;8,444554725;;;;;;;;;;;;;;;;;;;;;;;;
65,59542262;37,27920236;8,412446601;;;;;;;;;;;;;;;;;;;;;;;;
65,76100056;37,28469055;8,380520731;;;;;;;;;;;;;;;;;;;;;;;;
65,92553596;37,29016492;8,34877528;;;;;;;;;;;;;;;;;;;;;;;;
66,08904017;37,29562563;8,317208445;;;;;;;;;;;;;;;;;;;;;;;;
66,2515243;37,30107282;8,285818452;;;;;;;;;;;;;;;;;;;;;;;;
66,41299932;37,30650666;8,254603556;;;;;;;;;;;;;;;;;;;;;;;;
66,57347599;37,31192729;8,223562043;;;;;;;;;;;;;;;;;;;;;;;;
66,73296487;37,31733485;8,192692224;;;;;;;;;;;;;;;;;;;;;;;;
66,89147636;37,32272948;8,161992438;;;;;;;;;;;;;;;;;;;;;;;;
67,0490207;37,32811133;8,131461054;;;;;;;;;;;;;;;;;;;;;;;;
67,20560794;37,33348054;8,101096462;;;;;;;;;;;;;;;;;;;;;;;;
67,36124797;37,33883724;8,070897081;;;;;;;;;;;;;;;;;;;;;;;;
67,51595051;37,34418155;8,040861355;;;;;;;;;;;;;;;;;;;;;;;;
67,66972514;37,34951363;8,010987749;;;;;;;;;;;;;;;;;;;;;;;;
67,82258127;37,35483358;7,981274756;;;;;;;;;;;;;;;;;;;;;;;;
67,97452816;37,36014155;7,95172089;;;;;;;;;;;;;;;;;;;;;;;;
68,12557492;37,36543765;7,922324687;;;;;;;;;;;;;;;;;;;;;;;;
68,27573054;37,37072201;7,893084708;;;;;;;;;;;;;;;;;;;;;;;;
68,42500384;37,37599475;7,863999533;;;;;;;;;;;;;;;;;;;;;;;;
68,57340351;37,38125598;7,835067764;;;;;;;;;;;;;;;;;;;;;;;;
68,7209381;37,38650583;7,806288026;;;;;;;;;;;;;;;;;;;;;;;;
68,86766343;37,39174441;7,780171647;;;;;;;;;;;;;;;;;;;;;;;;
69,01361225;37,39697183;7,755519986;;;;;;;;;;;;;;;;;;;;;;;;
69,15879162;37,40218819;7,730982067;;;;;;;;;;;;;;;;;;;;;;;;
69,30320851;37,4073936;7,706556965;;;;;;;;;;;;;;;;;;;;;;;;
69,4468698;37,41258817;7,68224377;;;;;;;;;;;;;;;;;;;;;;;;
69,58978224;37,41777199;7,658041581;;;;;;;;;;;;;;;;;;;;;;;;
69,73195252;37,42294516;7,633949513;;;;;;;;;;;;;;;;;;;;;;;;
69,8733872;37,42810778;7,609966692;;;;;;;;;;;;;;;;;;;;;;;;
70,01409278;37,43325996;7,586092254;;;;;;;;;;;;;;;;;;;;;;;;
70,15407565;37,43840178;7,562325348;;;;;;;;;;;;;;;;;;;;;;;;
70,29334212;37,44353334;7,538665135;;;;;;;;;;;;;;;;;;;;;;;;
70,43189839;37,44865474;7,515110784;;;;;;;;;;;;;;;;;;;;;;;;
70,56975061;37,45376606;7,491661478;;;;;;;;;;;;;;;;;;;;;;;;
70,70690481;37,4588674;7,468316409;;;;;;;;;;;;;;;;;;;;;;;;
70,84336697;37,46395884;7,445074781;;;;;;;;;;;;;;;;;;;;;;;;
70,97914297;37,46904047;7,421935806;;;;;;;;;;;;;;;;;;;;;;;;
71,11423861;37,47411238;7,398898707;;;;;;;;;;;;;;;;;;;;;;;;
71,24865962;37,47917466;7,375962719;;;;;;;;;;;;;;;;;;;;;;;;
71,38241164;37,48422739;7,353127082;;;;;;;;;;;;;;;;;;;;;;;;
71,51550027;37,48927065;7,330391051;;;;;;;;;;;;;;;;;;;;;;;;
71,64793098;37,49430452;7,307753886;;;;;;;;;;;;;;;;;;;;;;;;
71,77970923;37,49932909;7,285214858;;;;;;;;;;;;;;;;;;;;;;;;
71,91084035;37,50434443;7,262773246;;;;;;;;;;;;;;;;;;;;;;;;
72,04132965;37,50935063;7,240428341;;;;;;;;;;;;;;;;;;;;;;;;
72,17118234;37,51434776;7,218179438;;;;;;;;;;;;;;;;;;;;;;;;
72,30040358;37,51933591;7,196025844;;;;;;;;;;;;;;;;;;;;;;;;
72,42899845;37,52431513;7,173966872;;;;;;;;;;;;;;;;;;;;;;;;
72,55697198;37,52928552;7,152001846;;;;;;;;;;;;;;;;;;;;;;;;
72,68432912;37,53424713;7,130130096;;;;;;;;;;;;;;;;;;;;;;;;
72,81107478;37,53920006;7,10835096;;;;;;;;;;;;;;;;;;;;;;;;
72,93721378;37,54414436;7,086663785;;;;;;;;;;;;;;;;;;;;;;;;
73,0627509;37,54908011;7,065067924;;;;;;;;;;;;;;;;;;;;;;;;
73,18769086;37,55400738;7,04356274;;;;;;;;;;;;;;;;;;;;;;;;
73,31203832;37,55892624;7,0221476;;;;;;;;;;;;;;;;;;;;;;;;
73,43579787;37,56383676;7,000821882;;;;;;;;;;;;;;;;;;;;;;;;
73,55897407;37,568739;6,979584969;;;;;;;;;;;;;;;;;;;;;;;;
73,68157139;37,57363303;6,958436251;;;;;;;;;;;;;;;;;;;;;;;;
73,80359428;37,57851892;6,937375125;;;;;;;;;;;;;;;;;;;;;;;;
73,92504712;37,58339674;6,916400997;;;;;;;;;;;;;;;;;;;;;;;;
74,04593422;37,58826653;6,895513276;;;;;;;;;;;;;;;;;;;;;;;;
74,16625989;37,59312838;6,87471138;;;;;;;;;;;;;;;;;;;;;;;;
74,28602832;37,59798234;6,853994733;;;;;;;;;;;;;;;;;;;;;;;;
74,40524372;37,60282847;6,833362767;;;;;;;;;;;;;;;;;;;;;;;;
74,5239102;37,60766684;6,812814916;;;;;;;;;;;;;;;;;;;;;;;;
74,64203183;37,61249751;6,792350625;;;;;;;;;;;;;;;;;;;;;;;;
74,75961267;37,61732053;6,771969342;;;;;;;;;;;;;;;;;;;;;;;;
74,87665668;37,62213596;6,751670523;;;;;;;;;;;;;;;;;;;;;;;;
74,99316576;37,62694387;6,731335209;;;;;;;;;;;;;;;;;;;;;;;;
75,10912776;37,6317443;6,710152641;;;;;;;;;;;;;;;;;;;;;;;;
75,22454676;37,63653733;6,689058983;;;;;;;;;;;;;;;;;;;;;;;;
75,33942679;37,641323;6,668053642;;;;;;;;;;;;;;;;;;;;;;;;
75,45377181;37,64610138;6,647136034;;;;;;;;;;;;;;;;;;;;;;;;
75,56758576;37,65087251;6,626305578;;;;;;;;;;;;;;;;;;;;;;;;
75,68087253;37,65563646;6,605561702;;;;;;;;;;;;;;;;;;;;;;;;
75,79363597;37,66039327;6,584903837;;;;;;;;;;;;;;;;;;;;;;;;
75,90587987;37,66514301;6,564331423;;;;;;;;;;;;;;;;;;;;;;;;
76,017608;37,66988573;6,543843905;;;;;;;;;;;;;;;;;;;;;;;;
76,12882406;37,67462147;6,523440733;;;;;;;;;;;;;;;;;;;;;;;;
76,23953174;37,6793503;6,503121363;;;;;;;;;;;;;;;;;;;;;;;;
76,34973466;37,68407226;6,482885258;;;;;;;;;;;;;;;;;;;;;;;;
76,45943643;37,6887874;6,462731885;;;;;;;;;;;;;;;;;;;;;;;;
76,56864058;37,69349578;6,442660717;;;;;;;;;;;;;;;;;;;;;;;;
76,67735065;37,69819745;6,422671233;;;;;;;;;;;;;;;;;;;;;;;;
76,7855701;37,70289244;6,402762916;;;;;;;;;;;;;;;;;;;;;;;;
76,89330237;37,70758082;6,382935256;;;;;;;;;;;;;;;;;;;;;;;;
77,00055087;37,71226264;6,363187746;;;;;;;;;;;;;;;;;;;;;;;;
77,10731896;37,71693793;6,343519886;;;;;;;;;;;;;;;;;;;;;;;;
77,21360997;37,72160675;6,323931181;;;;;;;;;;;;;;;;;;;;;;;;
77,3194272;37,72626914;6,304421139;;;;;;;;;;;;;;;;;;;;;;;;
77,42477389;37,73092515;6,284989276;;;;;;;;;;;;;;;;;;;;;;;;
77,52965328;37,73557482;6,265635109;;;;;;;;;;;;;;;;;;;;;;;;
77,63406856;37,7402182;6,246358162;;;;;;;;;;;;;;;;;;;;;;;;
77,73802288;37,74485534;6,227157965;;;;;;;;;;;;;;;;;;;;;;;;
77,84151936;37,74948628;6,208034049;;;;;;;;;;;;;;;;;;;;;;;;
77,94456111;37,75411106;6,188985953;;;;;;;;;;;;;;;;;;;;;;;;
78,04715117;37,75872973;6,170013219;;;;;;;;;;;;;;;;;;;;;;;;
78,14929257;37,76334233;6,151115392;;;;;;;;;;;;;;;;;;;;;;;;
78,25098831;37,7679489;6,132292024;;;;;;;;;;;;;;;;;;;;;;;;
78,35224136;37,77254948;6,11354267;;;;;;;;;;;;;;;;;;;;;;;;
78,45305466;37,77714411;6,094866888;;;;;;;;;;;;;;;;;;;;;;;;
78,5534311;37,78173284;6,076264243;;;;;;;;;;;;;;;;;;;;;;;;
78,65337356;37,78631571;6,057734303;;;;;;;;;;;;;;;;;;;;;;;;
78,7528849;37,79089276;6,039276638;;;;;;;;;;;;;;;;;;;;;;;;
78,85196793;37,79546402;6,020890824;;;;;;;;;;;;;;;;;;;;;;;;
78,95062545;37,80002953;6,002576441;;;;;;;;;;;;;;;;;;;;;;;;
79,04886021;37,80458935;5,984333073;;;;;;;;;;;;;;;;;;;;;;;;
79,14667495;37,80914349;5,966160306;;;;;;;;;;;;;;;;;;;;;;;;
79,24407238;37,81369201;5,948057732;;;;;;;;;;;;;;;;;;;;;;;;
79,34105518;37,81823493;5,930024946;;;;;;;;;;;;;;;;;;;;;;;;
79,43762601;37,82277231;5,912061547;;;;;;;;;;;;;;;;;;;;;;;;
79,53378751;37,82730417;5,894167136;;;;;;;;;;;;;;;;;;;;;;;;
79,62954226;37,83183054;5,876341319;;;;;;;;;;;;;;;;;;;;;;;;
79,72489286;37,83635148;5,858583705;;;;;;;;;;;;;;;;;;;;;;;;
79,81984186;37,84086701;5,840893909;;;;;;;;;;;;;;;;;;;;;;;;
79,91439178;37,84537716;5,823271545;;;;;;;;;;;;;;;;;;;;;;;;
80,00854514;37,84988198;5,805716233;;;;;;;;;;;;;;;;;;;;;;;;
80,10230441;37,8543815;5,788227597;;;;;;;;;;;;;;;;;;;;;;;;
80,19567205;37,85887576;5,770805264;;;;;;;;;;;;;;;;;;;;;;;;
80,28865051;37,86336478;5,753448861;;;;;;;;;;;;;;;;;;;;;;;;
80,38124219;37,8678486;5,736158024;;;;;;;;;;;;;;;;;;;;;;;;
80,47344947;37,87232726;5,718932387;;;;;;;;;;;;;;;;;;;;;;;;
80,56527474;37,87680078;5,70177159;;;;;;;;;;;;;;;;;;;;;;;;
80,65672033;37,88126921;5,684675276;;;;;;;;;;;;;;;;;;;;;;;;
80,74778857;37,88573257;5,667643089;;;;;;;;;;;;;;;;;;;;;;;;
80,83848176;37,89019089;5,650674679;;;;;;;;;;;;;;;;;;;;;;;;
80,92880218;37,89464422;5,633769698;;;;;;;;;;;;;;;;;;;;;;;;
81,01875209;37,89909257;5,616927798;;;;;;;;;;;;;;;;;;;;;;;;
81,10833373;37,90353599;5,600148639;;;;;;;;;;;;;;;;;;;;;;;;
81,19754902;37,9079745;5,583413223;;;;;;;;;;;;;;;;;;;;;;;;
81,28639619;37,91240813;5,566491235;;;;;;;;;;;;;;;;;;;;;;;;
81,37487747;37,91683691;5,549632875;;;;;;;;;;;;;;;;;;;;;;;;
81,46299505;37,92126088;5,5328378;;;;;;;;;;;;;;;;;;;;;;;;
81,55075113;37,92568007;5,516105666;;;;;;;;;;;;;;;;;;;;;;;;
81,63814786;37,9300945;5,499436134;;;;;;;;;;;;;;;;;;;;;;;;
81,7251874;37,9345042;5,482828869;;;;;;;;;;;;;;;;;;;;;;;;
81,81187185;37,93890921;5,466283534;;;;;;;;;;;;;;;;;;;;;;;;
81,89820334;37,94330955;5,449799801;;;;;;;;;;;;;;;;;;;;;;;;
81,98418395;37,94770525;5,433377339;;;;;;;;;;;;;;;;;;;;;;;;
82,06981574;37,95209634;5,417015824;;;;;;;;;;;;;;;;;;;;;;;;
82,15510076;37,95648285;5,400714933;;;;;;;;;;;;;;;;;;;;;;;;
82,24004106;37,9608648;5,384474345;;;;;;;;;;;;;;;;;;;;;;;;
82,32463865;37,96524223;5,368293742;;;;;;;;;;;;;;;;;;;;;;;;
82,40889551;37,96961516;5,352172808;;;;;;;;;;;;;;;;;;;;;;;;
82,49286028;37,97398362;5,339076961;;;;;;;;;;;;;;;;;;;;;;;;
82,5765264;37,97834764;5,325507552;;;;;;;;;;;;;;;;;;;;;;;;
82,65991399;37,98270723;5,313161559;;;;;;;;;;;;;;;;;;;;;;;;
82,74302965;37,98706242;5,301183035;;;;;;;;;;;;;;;;;;;;;;;;
82,82587472;37,99141324;5,289238155;;;;;;;;;;;;;;;;;;;;;;;;
82,90845056;37,99575971;5,277326778;;;;;;;;;;;;;;;;;;;;;;;;
82,99075847;38,00010185;5,265448766;;;;;;;;;;;;;;;;;;;;;;;;
83,07279978;38,00443968;5,253603978;;;;;;;;;;;;;;;;;;;;;;;;
83,1545758;38,00877323;5,241792278;;;;;;;;;;;;;;;;;;;;;;;;
83,23608782;38,01310252;5,230013528;;;;;;;;;;;;;;;;;;;;;;;;
83,31733713;38,01742757;5,218267593;;;;;;;;;;;;;;;;;;;;;;;;
83,39832501;38,0217484;5,206554337;;;;;;;;;;;;;;;;;;;;;;;;
83,47905273;38,02606503;5,194873626;;;;;;;;;;;;;;;;;;;;;;;;
83,55952154;38,03037749;5,183225327;;;;;;;;;;;;;;;;;;;;;;;;
83,63973269;38,03468579;5,171609308;;;;;;;;;;;;;;;;;;;;;;;;
83,71968743;38,03898997;5,160025436;;;;;;;;;;;;;;;;;;;;;;;;
83,79938698;38,04329003;5,148473582;;;;;;;;;;;;;;;;;;;;;;;;
83,87883258;38,04758601;5,136953614;;;;;;;;;;;;;;;;;;;;;;;;
83,95802542;38,05187791;5,125465406;;;;;;;;;;;;;;;;;;;;;;;;
84,03696672;38,05616577;5,114008827;;;;;;;;;;;;;;;;;;;;;;;;
84,11565766;38,0604496;5,102583752;;;;;;;;;;;;;;;;;;;;;;;;
84,19409945;38,06472942;5,091190053;;;;;;;;;;;;;;;;;;;;;;;;
84,27229325;38,06900525;5,079827605;;;;;;;;;;;;;;;;;;;;;;;;
84,35024023;38,07327712;5,068496283;;;;;;;;;;;;;;;;;;;;;;;;
84,42794156;38,07754504;5,057195962;;;;;;;;;;;;;;;;;;;;;;;;
84,5053984;38,08180903;5,045926521;;;;;;;;;;;;;;;;;;;;;;;;
84,58261187;38,08606911;5,034687835;;;;;;;;;;;;;;;;;;;;;;;;
84,65958312;38,09032531;5,023479784;;;;;;;;;;;;;;;;;;;;;;;;
84,73631329;38,09457763;5,012302247;;;;;;;;;;;;;;;;;;;;;;;;
84,81280348;38,0988261;5,001155102;;;;;;;;;;;;;;;;;;;;;;;;
84,88905482;38,10307075;4,990038232;;;;;;;;;;;;;;;;;;;;;;;;
84,9650684;38,10731158;4,978951517;;;;;;;;;;;;;;;;;;;;;;;;
85,04084533;38,11154861;4,967894839;;;;;;;;;;;;;;;;;;;;;;;;
85,11638669;38,11578187;4,956868081;;;;;;;;;;;;;;;;;;;;;;;;
85,19169356;38,12001137;4,945871127;;;;;;;;;;;;;;;;;;;;;;;;
85,26676702;38,12423714;4,93490386;;;;;;;;;;;;;;;;;;;;;;;;
85,34160814;38,12845918;4,923966167;;;;;;;;;;;;;;;;;;;;;;;;
85,41621797;38,13267752;4,913057931;;;;;;;;;;;;;;;;;;;;;;;;
85,49059757;38,13689218;4,902179041;;;;;;;;;;;;;;;;;;;;;;;;
85,56474798;38,14110317;4,891329383;;;;;;;;;;;;;;;;;;;;;;;;
85,63867024;38,14531051;4,880508844;;;;;;;;;;;;;;;;;;;;;;;;
85,71236538;38,14951422;4,869717313;;;;;;;;;;;;;;;;;;;;;;;;
85,78583442;38,15371431;4,858954679;;;;;;;;;;;;;;;;;;;;;;;;
85,85907838;38,15791081;4,848220832;;;;;;;;;;;;;;;;;;;;;;;;
85,93209827;38,16210373;4,837515663;;;;;;;;;;;;;;;;;;;;;;;;
86,00489509;38,16629308;4,826839062;;;;;;;;;;;;;;;;;;;;;;;;
86,07746983;38,17047889;4,816190921;;;;;;;;;;;;;;;;;;;;;;;;
86,14982349;38,17466117;4,805571133;;;;;;;;;;;;;;;;;;;;;;;;
86,22195706;38,17883993;4,794979591;;;;;;;;;;;;;;;;;;;;;;;;
86,29387149;38,1830152;4,784416187;;;;;;;;;;;;;;;;;;;;;;;;
86,36556777;38,187187;4,773880818;;;;;;;;;;;;;;;;;;;;;;;;
86,43704686;38,19135532;4,763373377;;;;;;;;;;;;;;;;;;;;;;;;
86,50830971;38,1955202;4,75289376;;;;;;;;;;;;;;;;;;;;;;;;
86,57935727;38,19968165;4,742441863;;;;;;;;;;;;;;;;;;;;;;;;
86,65019049;38,20383969;4,732017583;;;;;;;;;;;;;;;;;;;;;;;;
86,72081031;38,20799432;4,721620817;;;;;;;;;;;;;;;;;;;;;;;;
86,79121765;38,21214558;4,711251464;;;;;;;;;;;;;;;;;;;;;;;;
86,86141345;38,21629346;4,700909421;;;;;;;;;;;;;;;;;;;;;;;;
86,93139862;38,220438;4,690594588;;;;;;;;;;;;;;;;;;;;;;;;
87,00117407;38,22457919;4,680306865;;;;;;;;;;;;;;;;;;;;;;;;
87,07074072;38,22871707;4,670046152;;;;;;;;;;;;;;;;;;;;;;;;
87,14009945;38,23285164;4,659812349;;;;;;;;;;;;;;;;;;;;;;;;
87,20925118;38,23698291;4,649605359;;;;;;;;;;;;;;;;;;;;;;;;
87,27819679;38,24111092;4,639425083;;;;;;;;;;;;;;;;;;;;;;;;
87,34693716;38,24523566;4,629271424;;;;;;;;;;;;;;;;;;;;;;;;
87,41547318;38,24935715;4,619144284;;;;;;;;;;;;;;;;;;;;;;;;
87,48380571;38,25347542;4,609043568;;;;;;;;;;;;;;;;;;;;;;;;
87,55193562;38,25759047;4,59896918;;;;;;;;;;;;;;;;;;;;;;;;
87,61986378;38,26170231;4,588921024;;;;;;;;;;;;;;;;;;;;;;;;
87,68759104;38,26581097;4,578899006;;;;;;;;;;;;;;;;;;;;;;;;
87,75511825;38,26991645;4,568903031;;;;;;;;;;;;;;;;;;;;;;;;
87,82244625;38,27401878;4,558933006;;;;;;;;;;;;;;;;;;;;;;;;
87,8895759;38,27811796;4,548988837;;;;;;;;;;;;;;;;;;;;;;;;
87,95650801;38,28221401;4,539070432;;;;;;;;;;;;;;;;;;;;;;;;
88,02324343;38,28630694;4,529177699;;;;;;;;;;;;;;;;;;;;;;;;
88,08978298;38,29039677;4,519310546;;;;;;;;;;;;;;;;;;;;;;;;
88,15612746;38,29448351;4,509468882;;;;;;;;;;;;;;;;;;;;;;;;
88,22227771;38,29856717;4,499652617;;;;;;;;;;;;;;;;;;;;;;;;
88,28823453;38,30264777;4,48986166;;;;;;;;;;;;;;;;;;;;;;;;
88,35399872;38,30672533;4,480095921;;;;;;;;;;;;;;;;;;;;;;;;
88,41957109;38,31079984;4,470355312;;;;;;;;;;;;;;;;;;;;;;;;
88,48495242;38,31487134;4,460639743;;;;;;;;;;;;;;;;;;;;;;;;
88,5501435;38,31893983;4,450949128;;;;;;;;;;;;;;;;;;;;;;;;
88,61514513;38,32300532;4,441283377;;;;;;;;;;;;;;;;;;;;;;;;
88,67995807;38,32706783;4,431642403;;;;;;;;;;;;;;;;;;;;;;;;
88,74458311;38,33112737;4,422026121;;;;;;;;;;;;;;;;;;;;;;;;
88,80902102;38,33518396;4,412434443;;;;;;;;;;;;;;;;;;;;;;;;
88,87327255;38,3392376;4,402867284;;;;;;;;;;;;;;;;;;;;;;;;
88,93733848;38,34328831;4,393324558;;;;;;;;;;;;;;;;;;;;;;;;
89,00121956;38,34733611;4,38380618;;;;;;;;;;;;;;;;;;;;;;;;
89,06491653;38,351381;4,374312066;;;;;;;;;;;;;;;;;;;;;;;;
89,12843015;38,35542299;4,364842133;;;;;;;;;;;;;;;;;;;;;;;;
89,19176116;38,35946211;4,355396295;;;;;;;;;;;;;;;;;;;;;;;;
89,2549103;38,36349835;4,34597447;;;;;;;;;;;;;;;;;;;;;;;;
89,3178783;38,36753175;4,336576576;;;;;;;;;;;;;;;;;;;;;;;;
89,38066589;38,37156229;4,32720253;;;;;;;;;;;;;;;;;;;;;;;;
89,4432738;38,37559001;4,31785225;;;;;;;;;;;;;;;;;;;;;;;;
89,50570275;38,37961491;4,308525655;;;;;;;;;;;;;;;;;;;;;;;;
89,56795345;38,383637;4,299222663;;;;;;;;;;;;;;;;;;;;;;;;
89,63002661;38,38765629;4,289943195;;;;;;;;;;;;;;;;;;;;;;;;
89,69192295;38,3916728;4,280687169;;;;;;;;;;;;;;;;;;;;;;;;
89,75364317;38,39568654;4,271454507;;;;;;;;;;;;;;;;;;;;;;;;
89,81518797;38,39969752;4,262245129;;;;;;;;;;;;;;;;;;;;;;;;
89,87655804;38,40370575;4,253058955;;;;;;;;;;;;;;;;;;;;;;;;
89,93775407;38,40771125;4,243895908;;;;;;;;;;;;;;;;;;;;;;;;
89,99877676;38,41171402;4,234755909;;;;;;;;;;;;;;;;;;;;;;;;
90,05962679;38,41571407;4,225638881;;;;;;;;;;;;;;;;;;;;;;;;
90,1203006;38,41971142;4,21625036;;;;;;;;;;;;;;;;;;;;;;;;
90,18079769;38,42370608;4,206802365;;;;;;;;;;;;;;;;;;;;;;;;
90,24111877;38,42769806;4,197379018;;;;;;;;;;;;;;;;;;;;;;;;
90,30126455;38,43168738;4,187980233;;;;;;;;;;;;;;;;;;;;;;;;
90,36123572;38,43567403;4,178605927;;;;;;;;;;;;;;;;;;;;;;;;
90,421033;38,43965804;4,169256013;;;;;;;;;;;;;;;;;;;;;;;;
90,48065707;38,44363941;4,159930408;;;;;;;;;;;;;;;;;;;;;;;;
90,54010862;38,44761817;4,150629028;;;;;;;;;;;;;;;;;;;;;;;;
90,59938833;38,4515943;4,141351789;;;;;;;;;;;;;;;;;;;;;;;;
90,6584969;38,45556784;4,132098609;;;;;;;;;;;;;;;;;;;;;;;;
90,71743499;38,45953879;4,122869405;;;;;;;;;;;;;;;;;;;;;;;;
90,77620328;38,46350715;4,113664095;;;;;;;;;;;;;;;;;;;;;;;;
90,83480244;38,46747295;4,104482597;;;;;;;;;;;;;;;;;;;;;;;;
90,89323314;38,47143619;4,095324829;;;;;;;;;;;;;;;;;;;;;;;;
90,95149604;38,47539688;4,086190712;;;;;;;;;;;;;;;;;;;;;;;;
91,0095918;38,47935503;4,077080164;;;;;;;;;;;;;;;;;;;;;;;;
91,06752106;38,48331066;4,067993106;;;;;;;;;;;;;;;;;;;;;;;;
91,1252845;38,48726377;4,058929457;;;;;;;;;;;;;;;;;;;;;;;;
91,18288274;38,49121438;4,049889139;;;;;;;;;;;;;;;;;;;;;;;;
91,24031644;38,49516248;4,040872072;;;;;;;;;;;;;;;;;;;;;;;;
91,29758623;38,49910811;4,031878179;;;;;;;;;;;;;;;;;;;;;;;;
91,35469276;38,50305126;4,02290738;;;;;;;;;;;;;;;;;;;;;;;;
91,41163665;38,50699194;4,013959599;;;;;;;;;;;;;;;;;;;;;;;;
91,46841853;38,51093017;4,005034758;;;;;;;;;;;;;;;;;;;;;;;;
91,52503904;38,51486596;3,99613278;;;;;;;;;;;;;;;;;;;;;;;;
91,58149879;38,51879931;3,987253588;;;;;;;;;;;;;;;;;;;;;;;;
91,6377984;38,52273023;3,978397107;;;;;;;;;;;;;;;;;;;;;;;;
91,69393848;38,52665874;3,96956326;;;;;;;;;;;;;;;;;;;;;;;;
91,74991966;38,53058485;3,960751972;;;;;;;;;;;;;;;;;;;;;;;;
91,80574253;38,53450856;3,951963168;;;;;;;;;;;;;;;;;;;;;;;;
91,86140771;38,53842988;3,943196774;;;;;;;;;;;;;;;;;;;;;;;;
91,9169158;38,54234883;3,934452714;;;;;;;;;;;;;;;;;;;;;;;;
91,97226739;38,54626541;3,925730915;;;;;;;;;;;;;;;;;;;;;;;;
92,02746307;38,55017963;3,917031304;;;;;;;;;;;;;;;;;;;;;;;;
92,08250345;38,55409151;3,908353806;;;;;;;;;;;;;;;;;;;;;;;;
92,13738911;38,55800104;3,89969835;;;;;;;;;;;;;;;;;;;;;;;;
92,19212064;38,56190825;3,891064862;;;;;;;;;;;;;;;;;;;;;;;;
92,24669862;38,56581314;3,88245327;;;;;;;;;;;;;;;;;;;;;;;;
92,30112362;38,56971572;3,873863503;;;;;;;;;;;;;;;;;;;;;;;;
92,35539624;38,573616;3,865295488;;;;;;;;;;;;;;;;;;;;;;;;
92,40951702;38,57751398;3,856749156;;;;;;;;;;;;;;;;;;;;;;;;
92,46348656;38,58140968;3,848224433;;;;;;;;;;;;;;;;;;;;;;;;
92,51730541;38,58530311;3,839721252;;;;;;;;;;;;;;;;;;;;;;;;
92,57097415;38,58919428;3,83123954;;;;;;;;;;;;;;;;;;;;;;;;
92,62449332;38,59308319;3,822779228;;;;;;;;;;;;;;;;;;;;;;;;
92,67786349;38,59696985;3,814340247;;;;;;;;;;;;;;;;;;;;;;;;
92,73108521;38,60085427;3,805922527;;;;;;;;;;;;;;;;;;;;;;;;
92,78415904;38,60473646;3,797526;;;;;;;;;;;;;;;;;;;;;;;;
92,83708552;38,60861644;3,789150597;;;;;;;;;;;;;;;;;;;;;;;;
92,8898652;38,6124942;3,78079625;;;;;;;;;;;;;;;;;;;;;;;;
92,94249863;38,61636975;3,77246289;;;;;;;;;;;;;;;;;;;;;;;;
92,99498634;38,62024312;3,76415045;;;;;;;;;;;;;;;;;;;;;;;;
93,04732887;38,62411429;3,755858864;;;;;;;;;;;;;;;;;;;;;;;;
93,09952676;38,62798329;3,747588063;;;;;;;;;;;;;;;;;;;;;;;;
93,15158054;38,63185012;3,739337982;;;;;;;;;;;;;;;;;;;;;;;;
93,20349073;38,63571479;3,731108553;;;;;;;;;;;;;;;;;;;;;;;;
93,25525787;38,63957731;3,722899711;;;;;;;;;;;;;;;;;;;;;;;;
93,30688248;38,64343768;3,71471139;;;;;;;;;;;;;;;;;;;;;;;;
93,35836507;38,64729591;3,706543525;;;;;;;;;;;;;;;;;;;;;;;;
93,40970618;38,65115202;3,69839605;;;;;;;;;;;;;;;;;;;;;;;;
93,4609063;38,65500601;3,690268901;;;;;;;;;;;;;;;;;;;;;;;;
93,51196596;38,65885789;3,682162012;;;;;;;;;;;;;;;;;;;;;;;;
93,56288566;38,66270766;3,67407532;;;;;;;;;;;;;;;;;;;;;;;;
93,61366592;38,66655534;3,666008761;;;;;;;;;;;;;;;;;;;;;;;;
93,66430723;38,67040094;3,657962271;;;;;;;;;;;;;;;;;;;;;;;;
93,71481011;38,67424445;3,649935786;;;;;;;;;;;;;;;;;;;;;;;;
93,76517504;38,67808589;3,641929244;;;;;;;;;;;;;;;;;;;;;;;;
93,81540253;38,68192527;3,633942581;;;;;;;;;;;;;;;;;;;;;;;;
93,86549308;38,68576259;3,625975736;;;;;;;;;;;;;;;;;;;;;;;;
93,91544717;38,68959787;3,618028645;;;;;;;;;;;;;;;;;;;;;;;;
93,96526529;38,6934311;3,610101247;;;;;;;;;;;;;;;;;;;;;;;;
94,01494793;38,69726231;3,60219348;;;;;;;;;;;;;;;;;;;;;;;;
94,06449558;38,70109148;3,594305282;;;;;;;;;;;;;;;;;;;;;;;;
94,11390872;38,70491865;3,586436593;;;;;;;;;;;;;;;;;;;;;;;;
94,16318782;38,7087438;3,578587351;;;;;;;;;;;;;;;;;;;;;;;;
94,21233337;38,71256695;3,570757496;;;;;;;;;;;;;;;;;;;;;;;;
94,26134585;38,7163881;3,562946968;;;;;;;;;;;;;;;;;;;;;;;;
94,31022571;38,72020727;3,555155706;;;;;;;;;;;;;;;;;;;;;;;;
94,35897344;38,72402446;3,54738365;;;;;;;;;;;;;;;;;;;;;;;;
94,4075895;38,72783968;3,539630741;;;;;;;;;;;;;;;;;;;;;;;;
94,45607435;38,73165293;3,53189692;;;;;;;;;;;;;;;;;;;;;;;;
94,50442847;38,73546423;3,524182128;;;;;;;;;;;;;;;;;;;;;;;;
94,55265231;38,73927357;3,516486305;;;;;;;;;;;;;;;;;;;;;;;;
94,60074633;38,74308098;3,508809393;;;;;;;;;;;;;;;;;;;;;;;;
94,64871098;38,74688644;3,501151334;;;;;;;;;;;;;;;;;;;;;;;;
94,69654673;38,75068998;3,49351207;;;;;;;;;;;;;;;;;;;;;;;;
94,74425401;38,7544916;3,485891544;;;;;;;;;;;;;;;;;;;;;;;;
94,79183329;38,7582913;3,478289696;;;;;;;;;;;;;;;;;;;;;;;;
94,83928502;38,7620891;3,470706471;;;;;;;;;;;;;;;;;;;;;;;;
94,88660962;38,76588499;3,463141811;;;;;;;;;;;;;;;;;;;;;;;;
94,93380756;38,76967899;3,45559566;;;;;;;;;;;;;;;;;;;;;;;;
94,98087926;38,77347111;3,44806796;;;;;;;;;;;;;;;;;;;;;;;;
95,02782517;38,77726135;3,440558656;;;;;;;;;;;;;;;;;;;;;;;;
95,07464573;38,78104971;3,433067691;;;;;;;;;;;;;;;;;;;;;;;;
95,12134137;38,78483621;3,42559501;;;;;;;;;;;;;;;;;;;;;;;;
95,16791251;38,78862085;3,418140557;;;;;;;;;;;;;;;;;;;;;;;;
95,21435961;38,79240364;3,410704276;;;;;;;;;;;;;;;;;;;;;;;;
95,26068307;38,79618458;3,403286113;;;;;;;;;;;;;;;;;;;;;;;;
95,30688333;38,79996368;3,395886012;;;;;;;;;;;;;;;;;;;;;;;;
95,35296081;38,80374095;3,38850392;;;;;;;;;;;;;;;;;;;;;;;;
95,39891593;38,8075164;3,381139781;;;;;;;;;;;;;;;;;;;;;;;;
95,44474912;38,81129003;3,373793541;;;;;;;;;;;;;;;;;;;;;;;;
95,49046079;38,81506184;3,366465147;;;;;;;;;;;;;;;;;;;;;;;;
95,53605136;38,81883185;3,359154544;;;;;;;;;;;;;;;;;;;;;;;;
95,58152124;38,82260006;3,351861679;;;;;;;;;;;;;;;;;;;;;;;;
95,62687084;38,82636648;3,344586499;;;;;;;;;;;;;;;;;;;;;;;;
95,67210058;38,83013111;3,337328951;;;;;;;;;;;;;;;;;;;;;;;;
95,71721086;38,83389397;3,330088981;;;;;;;;;;;;;;;;;;;;;;;;
95,76220209;38,83765505;3,322866538;;;;;;;;;;;;;;;;;;;;;;;;
95,80707467;38,84141436;3,315661568;;;;;;;;;;;;;;;;;;;;;;;;
95,85182901;38,84517191;3,30847402;;;;;;;;;;;;;;;;;;;;;;;;
95,89646551;38,84892771;3,301303842;;;;;;;;;;;;;;;;;;;;;;;;
95,94098456;38,85268176;3,294150981;;;;;;;;;;;;;;;;;;;;;;;;
95,98538656;38,85643406;3,287015386;;;;;;;;;;;;;;;;;;;;;;;;
96,02967191;38,86018463;3,279897007;;;;;;;;;;;;;;;;;;;;;;;;
96,073841;38,86393347;3,272795791;;;;;;;;;;;;;;;;;;;;;;;;
96,11789423;38,86768059;3,265711687;;;;;;;;;;;;;;;;;;;;;;;;
96,16183197;38,87142599;3,258644646;;;;;;;;;;;;;;;;;;;;;;;;
96,20565463;38,87516968;3,251594617;;;;;;;;;;;;;;;;;;;;;;;;
96,24936257;38,87891167;3,244561548;;;;;;;;;;;;;;;;;;;;;;;;
96,2929562;38,88265195;3,237545391;;;;;;;;;;;;;;;;;;;;;;;;
96,33643589;38,88639054;3,230546095;;;;;;;;;;;;;;;;;;;;;;;;
96,37980202;38,89012745;3,223563611;;;;;;;;;;;;;;;;;;;;;;;;
96,42305497;38,89386267;3,216597889;;;;;;;;;;;;;;;;;;;;;;;;
96,46619512;38,89759621;3,209648879;;;;;;;;;;;;;;;;;;;;;;;;
96,50922284;38,90132809;3,202716533;;;;;;;;;;;;;;;;;;;;;;;;
96,55213851;38,90505831;3,195800802;;;;;;;;;;;;;;;;;;;;;;;;
96,5949425;38,90878686;3,188901637;;;;;;;;;;;;;;;;;;;;;;;;
96,63763517;38,91251376;3,182018989;;;;;;;;;;;;;;;;;;;;;;;;
96,68021691;38,91623902;3,17515281;;;;;;;;;;;;;;;;;;;;;;;;
96,72268807;38,91996264;3,168303053;;;;;;;;;;;;;;;;;;;;;;;;
96,76504901;38,92368462;3,161469669;;;;;;;;;;;;;;;;;;;;;;;;
96,80730011;38,92740497;3,15465261;;;;;;;;;;;;;;;;;;;;;;;;
96,84944173;38,9311237;3,147851829;;;;;;;;;;;;;;;;;;;;;;;;
96,89147422;38,93484081;3,141067278;;;;;;;;;;;;;;;;;;;;;;;;
96,93339794;38,9385563;3,134298911;;;;;;;;;;;;;;;;;;;;;;;;
96,97523246;38,94227019;3,128982647;;;;;;;;;;;;;;;;;;;;;;;;
97,01697271;38,94598248;3,123280007;;;;;;;;;;;;;;;;;;;;;;;;
97,05861898;38,94969317;3,11758885;;;;;;;;;;;;;;;;;;;;;;;;
97,10017154;38,95340227;3,111909148;;;;;;;;;;;;;;;;;;;;;;;;
97,14163067;38,95710978;3,106240872;;;;;;;;;;;;;;;;;;;;;;;;
97,18299663;38,96081571;3,100583994;;;;;;;;;;;;;;;;;;;;;;;;
97,22426969;38,96452006;3,094938488;;;;;;;;;;;;;;;;;;;;;;;;
97,26545014;38,96822284;3,089304323;;;;;;;;;;;;;;;;;;;;;;;;
97,30653822;38,97192405;3,083681474;;;;;;;;;;;;;;;;;;;;;;;;
97,34753422;38,9756237;3,078069911;;;;;;;;;;;;;;;;;;;;;;;;
97,3884384;38,97932179;3,072469609;;;;;;;;;;;;;;;;;;;;;;;;
97,42925101;38,98301833;3,066880537;;;;;;;;;;;;;;;;;;;;;;;;
97,46997234;38,98671332;3,061302671;;;;;;;;;;;;;;;;;;;;;;;;
97,51060264;38,99040677;3,055735981;;;;;;;;;;;;;;;;;;;;;;;;
97,55114216;38,99409867;3,050180442;;;;;;;;;;;;;;;;;;;;;;;;
97,59159119;38,99778904;3,044636025;;;;;;;;;;;;;;;;;;;;;;;;
97,63194996;39,00147789;3,039102704;;;;;;;;;;;;;;;;;;;;;;;;
97,67221875;39,0051652;3,033580451;;;;;;;;;;;;;;;;;;;;;;;;
97,71239781;39,008851;3,028069241;;;;;;;;;;;;;;;;;;;;;;;;
97,75248739;39,01253528;3,022569045;;;;;;;;;;;;;;;;;;;;;;;;
97,79248776;39,01621805;3,017079838;;;;;;;;;;;;;;;;;;;;;;;;
97,83239917;39,01989932;3,011601592;;;;;;;;;;;;;;;;;;;;;;;;
97,87222186;39,02357908;3,006134281;;;;;;;;;;;;;;;;;;;;;;;;
97,91195611;39,02725735;3,000677879;;;;;;;;;;;;;;;;;;;;;;;;
97,95160214;39,03093412;2,99523236;;;;;;;;;;;;;;;;;;;;;;;;
97,99116023;39,0346094;2,989797697;;;;;;;;;;;;;;;;;;;;;;;;
98,03063061;39,0382832;2,984373863;;;;;;;;;;;;;;;;;;;;;;;;
98,07001354;39,04195552;2,978960833;;;;;;;;;;;;;;;;;;;;;;;;
98,10930926;39,04562637;2,973558582;;;;;;;;;;;;;;;;;;;;;;;;
98,14851802;39,04929575;2,968167082;;;;;;;;;;;;;;;;;;;;;;;;
98,18764007;39,05296366;2,962786308;;;;;;;;;;;;;;;;;;;;;;;;
98,22667565;39,05663011;2,957416234;;;;;;;;;;;;;;;;;;;;;;;;
98,265625;39,0602951;2,952056835;;;;;;;;;;;;;;;;;;;;;;;;
98,30448838;39,06395864;2,946708085;;;;;;;;;;;;;;;;;;;;;;;;
98,34326601;39,06762073;2,941369959;;;;;;;;;;;;;;;;;;;;;;;;
98,38195815;39,07128138;2,93604243;;;;;;;;;;;;;;;;;;;;;;;;
98,42056502;39,07494059;2,930725475;;;;;;;;;;;;;;;;;;;;;;;;
98,45908688;39,07859836;2,925419067;;;;;;;;;;;;;;;;;;;;;;;;
98,49752396;39,0822547;2,920123182;;;;;;;;;;;;;;;;;;;;;;;;
98,5358765;39,08590961;2,914837793;;;;;;;;;;;;;;;;;;;;;;;;
98,57414473;39,0895631;2,909562877;;;;;;;;;;;;;;;;;;;;;;;;
98,61232888;39,09321518;2,904298409;;;;;;;;;;;;;;;;;;;;;;;;
98,65042921;39,09686584;2,899044363;;;;;;;;;;;;;;;;;;;;;;;;
98,68844593;39,10051509;2,893800714;;;;;;;;;;;;;;;;;;;;;;;;
98,72637928;39,10416293;2,888567439;;;;;;;;;;;;;;;;;;;;;;;;
98,76422949;39,10780937;2,883344512;;;;;;;;;;;;;;;;;;;;;;;;
98,8019968;39,11145442;2,87813191;;;;;;;;;;;;;;;;;;;;;;;;
98,83968143;39,11509807;2,872929606;;;;;;;;;;;;;;;;;;;;;;;;
98,87728361;39,11874033;2,867737578;;;;;;;;;;;;;;;;;;;;;;;;
98,91480358;39,12238121;2,8625558;;;;;;;;;;;;;;;;;;;;;;;;
98,95224155;39,1260207;2,85738425;;;;;;;;;;;;;;;;;;;;;;;;
98,98959776;39,12965882;2,852222901;;;;;;;;;;;;;;;;;;;;;;;;
99,02687244;39,13329557;2,847071731;;;;;;;;;;;;;;;;;;;;;;;;
99,0640658;39,13693094;2,841930716;;;;;;;;;;;;;;;;;;;;;;;;
99,10117807;39,14056495;2,836799831;;;;;;;;;;;;;;;;;;;;;;;;
99,13820948;39,14419761;2,831679052;;;;;;;;;;;;;;;;;;;;;;;;
99,17516024;39,1478289;2,826568357;;;;;;;;;;;;;;;;;;;;;;;;
99,21203059;39,15145884;2,821467721;;;;;;;;;;;;;;;;;;;;;;;;
99,24882073;39,15508743;2,81637712;;;;;;;;;;;;;;;;;;;;;;;;
99,28553089;39,15871468;2,811296532;;;;;;;;;;;;;;;;;;;;;;;;
99,32216129;39,16234059;2,806225932;;;;;;;;;;;;;;;;;;;;;;;;
99,35871215;39,16596515;2,801165298;;;;;;;;;;;;;;;;;;;;;;;;
99,39518368;39,16958839;2,796114605;;;;;;;;;;;;;;;;;;;;;;;;
99,43157611;39,1732103;2,791073831;;;;;;;;;;;;;;;;;;;;;;;;
99,46788964;39,17683088;2,786042953;;;;;;;;;;;;;;;;;;;;;;;;
99,50412449;39,18045013;2,781021947;;;;;;;;;;;;;;;;;;;;;;;;
99,54028088;39,18406808;2,776010791;;;;;;;;;;;;;;;;;;;;;;;;
99,57635902;39,1876847;2,771009461;;;;;;;;;;;;;;;;;;;;;;;;
99,61235913;39,19130002;2,766017934;;;;;;;;;;;;;;;;;;;;;;;;
99,64828141;39,19491403;2,761036189;;;;;;;;;;;;;;;;;;;;;;;;
99,68412607;39,19852673;2,756064201;;;;;;;;;;;;;;;;;;;;;;;;
99,71989333;39,20213814;2,751101949;;;;;;;;;;;;;;;;;;;;;;;;
99,7555834;39,20574825;2,74614941;;;;;;;;;;;;;;;;;;;;;;;;
99,79119648;39,20935707;2,741206561;;;;;;;;;;;;;;;;;;;;;;;;
99,82673278;39,21296461;2,73627338;;;;;;;;;;;;;;;;;;;;;;;;
99,86219252;39,21657085;2,731349844;;;;;;;;;;;;;;;;;;;;;;;;
99,89757589;39,22017582;2,726435932;;;;;;;;;;;;;;;;;;;;;;;;
99,9328831;39,22377951;2,72153162;;;;;;;;;;;;;;;;;;;;;;;;
99,96811436;39,22738193;2,716636887;;;;;;;;;;;;;;;;;;;;;;;;
100,0032699;39,23098308;2,71175171;;;;;;;;;;;;;;;;;;;;;;;;
100,0383498;39,23458296;2,706876068;;;;;;;;;;;;;;;;;;;;;;;;
100,0733545;39,23818158;2,702009939;;;;;;;;;;;;;;;;;;;;;;;;
100,1082839;39,24177894;2,6971533;;;;;;;;;;;;;;;;;;;;;;;;
100,1431385;39,24537505;2,69230613;;;;;;;;;;;;;;;;;;;;;;;;
100,1779183;39,2489699;2,687468407;;;;;;;;;;;;;;;;;;;;;;;;
100,2126236;39,25256351;2,68264011;;;;;;;;;;;;;;;;;;;;;;;;
100,2472545;39,25615587;2,677821216;;;;;;;;;;;;;;;;;;;;;;;;
100,2818113;39,25974699;2,673011704;;;;;;;;;;;;;;;;;;;;;;;;
100,3162941;39,26333688;2,668211553;;;;;;;;;;;;;;;;;;;;;;;;
100,3507032;39,26692553;2,663420741;;;;;;;;;;;;;;;;;;;;;;;;
100,3850388;39,27051294;2,658639246;;;;;;;;;;;;;;;;;;;;;;;;
100,419301;39,27409914;2,653867049;;;;;;;;;;;;;;;;;;;;;;;;
100,45349;39,2776841;2,649104126;;;;;;;;;;;;;;;;;;;;;;;;
100,4876061;39,28126785;2,644350457;;;;;;;;;;;;;;;;;;;;;;;;
100,5216494;39,28485038;2,639606021;;;;;;;;;;;;;;;;;;;;;;;;
100,5556201;39,2884317;2,634870797;;;;;;;;;;;;;;;;;;;;;;;;
100,5895184;39,29201181;2,630144764;;;;;;;;;;;;;;;;;;;;;;;;
100,6233446;39,29559071;2,6254279;;;;;;;;;;;;;;;;;;;;;;;;
100,6570987;39,29916841;2,620720186;;;;;;;;;;;;;;;;;;;;;;;;
100,690781;39,30274491;2,6160216;;;;;;;;;;;;;;;;;;;;;;;;
100,7243917;39,30632021;2,611332121;;;;;;;;;;;;;;;;;;;;;;;;
100,7579309;39,30989432;2,606651729;;;;;;;;;;;;;;;;;;;;;;;;
100,7913989;39,31346724;2,601980403;;;;;;;;;;;;;;;;;;;;;;;;
100,8247959;39,31703897;2,597318122;;;;;;;;;;;;;;;;;;;;;;;;
100,8581219;39,32060952;2,592664867;;;;;;;;;;;;;;;;;;;;;;;;
100,8913773;39,32417889;2,588020616;;;;;;;;;;;;;;;;;;;;;;;;
100,9245622;39,32774709;2,58338535;;;;;;;;;;;;;;;;;;;;;;;;
100,9576767;39,33131411;2,578759047;;;;;;;;;;;;;;;;;;;;;;;;
100,9907212;39,33487996;2,574141688;;;;;;;;;;;;;;;;;;;;;;;;
101,0236956;39,33844464;2,569533253;;;;;;;;;;;;;;;;;;;;;;;;
101,0566003;39,34200816;2,564933721;;;;;;;;;;;;;;;;;;;;;;;;
101,0894354;39,34557052;2,560343072;;;;;;;;;;;;;;;;;;;;;;;;
101,1222011;39,34913173;2,555761286;;;;;;;;;;;;;;;;;;;;;;;;
101,1548976;39,35269178;2,551188343;;;;;;;;;;;;;;;;;;;;;;;;
101,1875251;39,35625067;2,546624224;;;;;;;;;;;;;;;;;;;;;;;;
101,2200836;39,35980843;2,542068908;;;;;;;;;;;;;;;;;;;;;;;;
101,2525735;39,36336503;2,537522376;;;;;;;;;;;;;;;;;;;;;;;;
101,2849949;39,3669205;2,532984608;;;;;;;;;;;;;;;;;;;;;;;;
101,3173479;39,37047482;2,528455584;;;;;;;;;;;;;;;;;;;;;;;;
101,3496328;39,37402802;2,523935285;;;;;;;;;;;;;;;;;;;;;;;;
101,3818498;39,37758008;2,519423691;;;;;;;;;;;;;;;;;;;;;;;;
101,4139989;39,38113101;2,514920783;;;;;;;;;;;;;;;;;;;;;;;;
101,4460804;39,38468081;2,510426541;;;;;;;;;;;;;;;;;;;;;;;;
101,4780944;39,3882295;2,505940945;;;;;;;;;;;;;;;;;;;;;;;;
101,5100412;39,39177706;2,501463977;;;;;;;;;;;;;;;;;;;;;;;;
101,5419209;39,39532351;2,496995618;;;;;;;;;;;;;;;;;;;;;;;;
101,5737336;39,39886884;2,492535847;;;;;;;;;;;;;;;;;;;;;;;;
101,6054796;39,40241306;2,488084646;;;;;;;;;;;;;;;;;;;;;;;;
101,637159;39,40595618;2,483641995;;;;;;;;;;;;;;;;;;;;;;;;
101,668772;39,40949819;2,479207877;;;;;;;;;;;;;;;;;;;;;;;;
101,7003187;39,4130391;2,47478227;;;;;;;;;;;;;;;;;;;;;;;;
101,7317993;39,41657891;2,470365158;;;;;;;;;;;;;;;;;;;;;;;;
101,7632141;39,42011763;2,46595652;;;;;;;;;;;;;;;;;;;;;;;;
101,7945631;39,42365526;2,461556339;;;;;;;;;;;;;;;;;;;;;;;;
101,8258466;39,42719179;2,457164594;;;;;;;;;;;;;;;;;;;;;;;;
101,8570646;39,43072724;2,452781268;;;;;;;;;;;;;;;;;;;;;;;;
101,8882174;39,4342616;2,448406342;;;;;;;;;;;;;;;;;;;;;;;;
101,9193052;39,43779489;2,444039797;;;;;;;;;;;;;;;;;;;;;;;;
101,950328;39,44132709;2,439681614;;;;;;;;;;;;;;;;;;;;;;;;
101,9812862;39,44485822;2,435331775;;;;;;;;;;;;;;;;;;;;;;;;
102,0121797;39,44838828;2,430990263;;;;;;;;;;;;;;;;;;;;;;;;
102,0430088;39,45191727;2,426657057;;;;;;;;;;;;;;;;;;;;;;;;
102,0737737;39,4554452;2,42233214;;;;;;;;;;;;;;;;;;;;;;;;
102,1044746;39,45897206;2,418015494;;;;;;;;;;;;;;;;;;;;;;;;
102,1351115;39,46249786;2,4137071;;;;;;;;;;;;;;;;;;;;;;;;
102,1656846;39,4660226;2,40940694;;;;;;;;;;;;;;;;;;;;;;;;
102,1961941;39,46954629;2,405114995;;;;;;;;;;;;;;;;;;;;;;;;
102,2266403;39,47306893;2,400831249;;;;;;;;;;;;;;;;;;;;;;;;
102,2570231;39,47659051;2,396555683;;;;;;;;;;;;;;;;;;;;;;;;
102,2873428;39,48011105;2,392288278;;;;;;;;;;;;;;;;;;;;;;;;
102,3175996;39,48363055;2,388029017;;;;;;;;;;;;;;;;;;;;;;;;
102,3477936;39,48714901;2,383777882;;;;;;;;;;;;;;;;;;;;;;;;
102,377925;39,49066643;2,379534856;;;;;;;;;;;;;;;;;;;;;;;;
102,4079938;39,49418281;2,375299919;;;;;;;;;;;;;;;;;;;;;;;;
102,4380004;39,49769816;2,371073055;;;;;;;;;;;;;;;;;;;;;;;;
102,4679448;39,50121248;2,366854246;;;;;;;;;;;;;;;;;;;;;;;;
102,4978271;39,50472577;2,362643474;;;;;;;;;;;;;;;;;;;;;;;;
102,5276477;39,50823804;2,358440722;;;;;;;;;;;;;;;;;;;;;;;;
102,5574065;39,51174929;2,354245972;;;;;;;;;;;;;;;;;;;;;;;;
102,5871038;39,51525952;2,350059207;;;;;;;;;;;;;;;;;;;;;;;;
102,6167397;39,51876873;2,345880408;;;;;;;;;;;;;;;;;;;;;;;;
102,6463143;39,52227693;2,34170956;;;;;;;;;;;;;;;;;;;;;;;;
102,6758279;39,52578412;2,337546643;;;;;;;;;;;;;;;;;;;;;;;;
102,7052806;39,5292903;2,333391642;;;;;;;;;;;;;;;;;;;;;;;;
102,7346725;39,53279548;2,329244539;;;;;;;;;;;;;;;;;;;;;;;;
102,7640037;39,53629965;2,325105316;;;;;;;;;;;;;;;;;;;;;;;;
102,7932745;39,53980282;2,320973956;;;;;;;;;;;;;;;;;;;;;;;;
102,8224849;39,543305;2,316850443;;;;;;;;;;;;;;;;;;;;;;;;
102,8516352;39,54680618;2,31273476;;;;;;;;;;;;;;;;;;;;;;;;
102,8807255;39,55030636;2,308626888;;;;;;;;;;;;;;;;;;;;;;;;
102,9097559;39,55380556;2,304526812;;;;;;;;;;;;;;;;;;;;;;;;
102,9387265;39,55730377;2,300434514;;;;;;;;;;;;;;;;;;;;;;;;
102,9676363;39,560801;2,296247368;;;;;;;;;;;;;;;;;;;;;;;;
102,9964849;39,56429724;2,292033237;;;;;;;;;;;;;;;;;;;;;;;;
103,0252726;39,56779251;2,287827369;;;;;;;;;;;;;;;;;;;;;;;;
103,0539993;39,5712868;2,283629745;;;;;;;;;;;;;;;;;;;;;;;;
103,0826654;39,57478011;2,279440346;;;;;;;;;;;;;;;;;;;;;;;;
103,111271;39,57827245;2,275259155;;;;;;;;;;;;;;;;;;;;;;;;
103,1398161;39,58176383;2,271086152;;;;;;;;;;;;;;;;;;;;;;;;
103,1683011;39,58525423;2,26692132;;;;;;;;;;;;;;;;;;;;;;;;
103,1967259;39,58874368;2,26276464;;;;;;;;;;;;;;;;;;;;;;;;
103,2250908;39,59223216;2,258616094;;;;;;;;;;;;;;;;;;;;;;;;
103,253396;39,59571969;2,254475664;;;;;;;;;;;;;;;;;;;;;;;;
103,2816415;39,59920625;2,250343332;;;;;;;;;;;;;;;;;;;;;;;;
103,3098275;39,60269187;2,246219079;;;;;;;;;;;;;;;;;;;;;;;;
103,3379542;39,60617653;2,242102889;;;;;;;;;;;;;;;;;;;;;;;;
103,3660217;39,60966025;2,237994742;;;;;;;;;;;;;;;;;;;;;;;;
103,3940302;39,61314302;2,233894621;;;;;;;;;;;;;;;;;;;;;;;;
103,4219799;39,61662484;2,229802507;;;;;;;;;;;;;;;;;;;;;;;;
103,4498707;39,62010573;2,225718385;;;;;;;;;;;;;;;;;;;;;;;;
103,4777031;39,62358567;2,221642234;;;;;;;;;;;;;;;;;;;;;;;;
103,5054769;39,62706468;2,217574039;;;;;;;;;;;;;;;;;;;;;;;;
103,5331925;39,63054276;2,21351378;;;;;;;;;;;;;;;;;;;;;;;;
103,5608499;39,63401991;2,209461441;;;;;;;;;;;;;;;;;;;;;;;;
103,5884494;39,63749612;2,205417004;;;;;;;;;;;;;;;;;;;;;;;;
103,6159909;39,64097141;2,201380451;;;;;;;;;;;;;;;;;;;;;;;;
103,6434748;39,64444578;2,197351766;;;;;;;;;;;;;;;;;;;;;;;;
103,6709011;39,64791923;2,19333093;;;;;;;;;;;;;;;;;;;;;;;;
103,69827;39,65139175;2,189317926;;;;;;;;;;;;;;;;;;;;;;;;
103,7255816;39,65486336;2,185312737;;;;;;;;;;;;;;;;;;;;;;;;
103,752836;39,65833406;2,181315346;;;;;;;;;;;;;;;;;;;;;;;;
103,7800335;39,66180385;2,177325735;;;;;;;;;;;;;;;;;;;;;;;;
103,8071741;39,66527272;2,173343888;;;;;;;;;;;;;;;;;;;;;;;;
103,834258;39,66874069;2,169369787;;;;;;;;;;;;;;;;;;;;;;;;
103,8612853;39,67220775;2,165403414;;;;;;;;;;;;;;;;;;;;;;;;
103,8882562;39,67567391;2,161444754;;;;;;;;;;;;;;;;;;;;;;;;
103,9151708;39,67913918;2,157493789;;;;;;;;;;;;;;;;;;;;;;;;
103,9420293;39,68260354;2,153550502;;;;;;;;;;;;;;;;;;;;;;;;
103,9688318;39,68606701;2,149614876;;;;;;;;;;;;;;;;;;;;;;;;
103,9955783;39,68952959;2,145686895;;;;;;;;;;;;;;;;;;;;;;;;
104,0222692;39,69299127;2,141766541;;;;;;;;;;;;;;;;;;;;;;;;
104,0489044;39,69645207;2,137853798;;;;;;;;;;;;;;;;;;;;;;;;
104,0754842;39,69991198;2,13394865;;;;;;;;;;;;;;;;;;;;;;;;
104,1020087;39,70337101;2,130051078;;;;;;;;;;;;;;;;;;;;;;;;
104,1284779;39,70682915;2,126161068;;;;;;;;;;;;;;;;;;;;;;;;
104,1548922;39,71028642;2,122278602;;;;;;;;;;;;;;;;;;;;;;;;
104,1812515;39,71374281;2,118403664;;;;;;;;;;;;;;;;;;;;;;;;
104,207556;39,71719833;2,114536237;;;;;;;;;;;;;;;;;;;;;;;;
104,2338059;39,72065297;2,110676305;;;;;;;;;;;;;;;;;;;;;;;;
104,2600013;39,72410675;2,106823851;;;;;;;;;;;;;;;;;;;;;;;;
104,2861423;39,72755965;2,10297886;;;;;;;;;;;;;;;;;;;;;;;;
104,312229;39,73101169;2,099141314;;;;;;;;;;;;;;;;;;;;;;;;
104,3382617;39,73446287;2,095311198;;;;;;;;;;;;;;;;;;;;;;;;
104,3642403;39,73791319;2,091488495;;;;;;;;;;;;;;;;;;;;;;;;
104,3901652;39,74136264;2,08767319;;;;;;;;;;;;;;;;;;;;;;;;
104,4160363;39,74481125;2,083865266;;;;;;;;;;;;;;;;;;;;;;;;
104,4418538;39,74825899;2,080064706;;;;;;;;;;;;;;;;;;;;;;;;
104,4676179;39,75170589;2,076271496;;;;;;;;;;;;;;;;;;;;;;;;
104,4933286;39,75515193;2,072485619;;;;;;;;;;;;;;;;;;;;;;;;
104,5189862;39,75859713;2,068707058;;;;;;;;;;;;;;;;;;;;;;;;
104,5445907;39,76204148;2,064935799;;;;;;;;;;;;;;;;;;;;;;;;
104,5701423;39,76548498;2,061171825;;;;;;;;;;;;;;;;;;;;;;;;
104,595641;39,76892765;2,05741512;;;;;;;;;;;;;;;;;;;;;;;;
104,6210871;39,77236947;2,053665669;;;;;;;;;;;;;;;;;;;;;;;;
104,6464807;39,77581046;2,049923456;;;;;;;;;;;;;;;;;;;;;;;;
104,6718218;39,77925062;2,046188465;;;;;;;;;;;;;;;;;;;;;;;;
104,6971107;39,78268994;2,042460681;;;;;;;;;;;;;;;;;;;;;;;;
104,7223473;39,78612843;2,038740088;;;;;;;;;;;;;;;;;;;;;;;;
104,747532;39,78956609;2,03502667;;;;;;;;;;;;;;;;;;;;;;;;
104,7726647;39,79300293;2,031320411;;;;;;;;;;;;;;;;;;;;;;;;
104,7977456;39,79643894;2,027621298;;;;;;;;;;;;;;;;;;;;;;;;
104,8227749;39,79987412;2,023929313;;;;;;;;;;;;;;;;;;;;;;;;
104,8477527;39,80330849;2,020244441;;;;;;;;;;;;;;;;;;;;;;;;
104,872679;39,80674204;2,016566668;;;;;;;;;;;;;;;;;;;;;;;;
104,8975541;39,81017478;2,012895977;;;;;;;;;;;;;;;;;;;;;;;;
104,9223779;39,8136067;2,009232354;;;;;;;;;;;;;;;;;;;;;;;;
104,9471508;39,8170378;2,005575783;;;;;;;;;;;;;;;;;;;;;;;;
104,9718727;39,8204681;2,00192625;;;;;;;;;;;;;;;;;;;;;;;;
104,9965439;39,82389759;1,998283738;;;;;;;;;;;;;;;;;;;;;;;;
105,0211643;39,82732628;1,994648233;;;;;;;;;;;;;;;;;;;;;;;;
105,0457343;39,83075416;1,991019719;;;;;;;;;;;;;;;;;;;;;;;;
105,0702538;39,83418124;1,987398182;;;;;;;;;;;;;;;;;;;;;;;;
105,0947229;39,83760751;1,983783607;;;;;;;;;;;;;;;;;;;;;;;;
105,1191419;39,841033;1,980175979;;;;;;;;;;;;;;;;;;;;;;;;
105,1435109;39,84445768;1,976575282;;;;;;;;;;;;;;;;;;;;;;;;
105,1678299;39,84788157;1,972981502;;;;;;;;;;;;;;;;;;;;;;;;
105,192099;39,85130467;1,969394625;;;;;;;;;;;;;;;;;;;;;;;;
105,2163185;39,85472698;1,965814634;;;;;;;;;;;;;;;;;;;;;;;;
105,2404884;39,85814851;1,962241516;;;;;;;;;;;;;;;;;;;;;;;;
105,2646088;39,86156924;1,958675255;;;;;;;;;;;;;;;;;;;;;;;;
105,2886798;39,8649892;1,955115838;;;;;;;;;;;;;;;;;;;;;;;;
105,3127016;39,86840837;1,951563249;;;;;;;;;;;;;;;;;;;;;;;;
104,9633148;39,87185166;-33,250461;;;;;;;;;;;;;;;;;;;;;;;;
104,5511472;39,87530856;-33,08213271;;;;;;;;;;;;;;;;;;;;;;;;
104,1394449;39,87877917;-32,91365883;;;;;;;;;;;;;;;;;;;;;;;;
103,7282155;39,88226357;-32,74494827;;;;;;;;;;;;;;;;;;;;;;;;
103,3174674;39,88576187;-32,57589849;;;;;;;;;;;;;;;;;;;;;;;;
102,9072107;39,88927415;-32,40639369;;;;;;;;;;;;;;;;;;;;;;;;
102,4974573;39,89280052;-32,23630254;;;;;;;;;;;;;;;;;;;;;;;;
102,0882206;39,89634105;-32,06547556;;;;;;;;;;;;;;;;;;;;;;;;
101,6795163;39,89989586;-31,89374189;;;;;;;;;;;;;;;;;;;;;;;;
101,2713625;39,90346503;-31,72090537;;;;;;;;;;;;;;;;;;;;;;;;
100,8637802;39,90704866;-31,54673982;;;;;;;;;;;;;;;;;;;;;;;;
100,4567935;39,91064684;-31,3709831;;;;;;;;;;;;;;;;;;;;;;;;
100,0504305;39,91425968;-31,19332998;;;;;;;;;;;;;;;;;;;;;;;;
99,64472356;39,91788726;-31,01342305;;;;;;;;;;;;;;;;;;;;;;;;
99,23971033;39,92152968;-30,83084145;;;;;;;;;;;;;;;;;;;;;;;;
98,83543456;39,92518703;-30,64508658;;;;;;;;;;;;;;;;;;;;;;;;
98,43194735;39,9288594;-30,45556391;;;;;;;;;;;;;;;;;;;;;;;;
98,02930847;39,93254688;-30,26155955;;;;;;;;;;;;;;;;;;;;;;;;
97,6275882;39,93624956;-30,06220978;;;;;;;;;;;;;;;;;;;;;;;;
97,22686951;39,93996752;-29,85646115;;;;;;;;;;;;;;;;;;;;;;;;
96,82725088;39,94370084;-29,64301731;;;;;;;;;;;;;;;;;;;;;;;;
96,42884987;39,9474496;-29,42026754;;;;;;;;;;;;;;;;;;;;;;;;
96,03180782;39,95121386;-29,1861892;;;;;;;;;;;;;;;;;;;;;;;;
95,63629583;39,95499369;-28,93821241;;;;;;;;;;;;;;;;;;;;;;;;
95,24252294;39,95878912;-28,6730293;;;;;;;;;;;;;;;;;;;;;;;;
94,85074695;39,96260021;-28,38631949;;;;;;;;;;;;;;;;;;;;;;;;
94,46128931;39,96642696;-28,07234668;;;;;;;;;;;;;;;;;;;;;;;;
94,07455604;39,97026938;-27,72335037;;;;;;;;;;;;;;;;;;;;;;;;
93,69106737;39,97412742;-27,32860193;;;;;;;;;;;;;;;;;;;;;;;;
93,31150143;39,97800102;-26,87288908;;;;;;;;;;;;;;;;;;;;;;;;
92,93675989;39,98189029;-26,72701325;;;;;;;;;;;;;;;;;;;;;;;;
92,5625458;39,98579535;-26,64582168;;;;;;;;;;;;;;;;;;;;;;;;
92,18795255;39,98971637;-26,5644594;;;;;;;;;;;;;;;;;;;;;;;;
91,8129779;39,99365348;-26,482933;;;;;;;;;;;;;;;;;;;;;;;;
91,43761947;39,99760683;-26,40124893;;;;;;;;;;;;;;;;;;;;;;;;
91,06187475;40,00157659;-26,31941359;;;;;;;;;;;;;;;;;;;;;;;;
90,68574109;40,00556289;-26,23743325;;;;;;;;;;;;;;;;;;;;;;;;
90,30921569;40,0095659;-26,1553141;;;;;;;;;;;;;;;;;;;;;;;;
89,93229562;40,01358578;-26,07306223;;;;;;;;;;;;;;;;;;;;;;;;
89,5549778;40,01762268;-25,99068366;;;;;;;;;;;;;;;;;;;;;;;;
89,17725901;40,02167677;-25,9081843;;;;;;;;;;;;;;;;;;;;;;;;
88,79913589;40,02574822;-25,82556998;;;;;;;;;;;;;;;;;;;;;;;;
88,4206049;40,0298372;-25,74284643;;;;;;;;;;;;;;;;;;;;;;;;
88,04166239;40,03394387;-25,66001932;;;;;;;;;;;;;;;;;;;;;;;;
87,66230452;40,0380684;-25,5770942;;;;;;;;;;;;;;;;;;;;;;;;
87,28252732;40,04221098;-25,49407658;;;;;;;;;;;;;;;;;;;;;;;;
86,90232664;40,04637179;-25,41097185;;;;;;;;;;;;;;;;;;;;;;;;
86,5216982;40,050551;-25,32778533;;;;;;;;;;;;;;;;;;;;;;;;
86,14063752;40,05474881;-25,24452228;;;;;;;;;;;;;;;;;;;;;;;;
85,75913998;40,05896539;-25,16118784;;;;;;;;;;;;;;;;;;;;;;;;
85,37720078;40,06320094;-25,07778711;;;;;;;;;;;;;;;;;;;;;;;;
84,99481496;40,06745566;-24,9943251;;;;;;;;;;;;;;;;;;;;;;;;
84,61197737;40,07172974;-24,91080674;;;;;;;;;;;;;;;;;;;;;;;;
84,2286827;40,07602338;-24,82723688;;;;;;;;;;;;;;;;;;;;;;;;
83,84492544;40,08033678;-24,74362032;;;;;;;;;;;;;;;;;;;;;;;;
83,4606999;40,08467017;-24,65996176;;;;;;;;;;;;;;;;;;;;;;;;
83,07600023;40,08902373;-24,57626585;;;;;;;;;;;;;;;;;;;;;;;;
82,69082034;40,0933977;-24,49253714;;;;;;;;;;;;;;;;;;;;;;;;
82,305154;40,09779228;-24,40878016;;;;;;;;;;;;;;;;;;;;;;;;
81,91899473;40,10220771;-24,32499931;;;;;;;;;;;;;;;;;;;;;;;;
81,53233588;40,1066442;-24,24119897;;;;;;;;;;;;;;;;;;;;;;;;
81,14517058;40,11110199;-24,15738343;;;;;;;;;;;;;;;;;;;;;;;;
80,75749177;40,11558132;-24,07355692;;;;;;;;;;;;;;;;;;;;;;;;
80,36929213;40,12008241;-23,9897236;;;;;;;;;;;;;;;;;;;;;;;;
79,98056417;40,12460552;-23,90588758;;;;;;;;;;;;;;;;;;;;;;;;
79,59130014;40,12915089;-23,82205289;;;;;;;;;;;;;;;;;;;;;;;;
79,20149207;40,13371949;-24,4952291;;;;;;;;;;;;;;;;;;;;;;;;
78,79861932;40,13831185;-24,65167802;;;;;;;;;;;;;;;;;;;;;;;;
78,39106554;40,14292835;-24,66091407;;;;;;;;;;;;;;;;;;;;;;;;
77,98121627;40,14756932;-24,61287225;;;;;;;;;;;;;;;;;;;;;;;;
77,56999694;40,15223508;-24,5381704;;;;;;;;;;;;;;;;;;;;;;;;
77,1578357;40,15692594;-24,44955345;;;;;;;;;;;;;;;;;;;;;;;;
76,74495355;40,16164222;-24,35309386;;;;;;;;;;;;;;;;;;;;;;;;
76,33147261;40,16638421;-24,25198175;;;;;;;;;;;;;;;;;;;;;;;;
75,91746287;40,17115223;-24,1480221;;;;;;;;;;;;;;;;;;;;;;;;
75,50296476;40,17594661;-24,04229742;;;;;;;;;;;;;;;;;;;;;;;;
75,08800075;40,18076765;-23,93548821;;;;;;;;;;;;;;;;;;;;;;;;
74,67258198;40,1856157;-23,82803908;;;;;;;;;;;;;;;;;;;;;;;;
74,25671198;40,19049108;-23,72025006;;;;;;;;;;;;;;;;;;;;;;;;
73,84038909;40,19539414;-23,61232917;;;;;;;;;;;;;;;;;;;;;;;;
73,4236079;40,20032521;-23,50442405;;;;;;;;;;;;;;;;;;;;;;;;
73,00636023;40,20528467;-23,39664155;;;;;;;;;;;;;;;;;;;;;;;;
72,58863579;40,21027286;-23,28906035;;;;;;;;;;;;;;;;;;;;;;;;
72,17042261;40,21529016;-23,18173919;;;;;;;;;;;;;;;;;;;;;;;;
71,75170736;40,22033695;-23,0747225;;;;;;;;;;;;;;;;;;;;;;;;
71,33247558;40,22541362;-22,96804422;;;;;;;;;;;;;;;;;;;;;;;;
70,91271184;40,23052055;-22,86173048;;;;;;;;;;;;;;;;;;;;;;;;
70,49239982;40,23565816;-22,75580157;;;;;;;;;;;;;;;;;;;;;;;;
70,07152244;40,24082685;-22,65027327;;;;;;;;;;;;;;;;;;;;;;;;
69,65006188;40,24602706;-22,54515792;;;;;;;;;;;;;;;;;;;;;;;;
69,22799964;40,25125922;-22,44046516;;;;;;;;;;;;;;;;;;;;;;;;
68,80531657;40,25652376;-22,33620251;;;;;;;;;;;;;;;;;;;;;;;;
68,38199286;40,26182115;-22,23237581;;;;;;;;;;;;;;;;;;;;;;;;
67,95800811;40,26715185;-22,12898956;;;;;;;;;;;;;;;;;;;;;;;;
67,53334128;40,27251634;-22,02604716;;;;;;;;;;;;;;;;;;;;;;;;
67,10797068;40,27791511;-21,92355113;;;;;;;;;;;;;;;;;;;;;;;;
66,68187405;40,28334866;-21,82150327;;;;;;;;;;;;;;;;;;;;;;;;
66,25502843;40,2888175;-21,71957319;;;;;;;;;;;;;;;;;;;;;;;;
65,82741684;40,29432217;-21,61806415;;;;;;;;;;;;;;;;;;;;;;;;
65,39901572;40,29986321;-21,51700868;;;;;;;;;;;;;;;;;;;;;;;;
64,96980026;40,30544117;-21,41640191;;;;;;;;;;;;;;;;;;;;;;;;
64,53974499;40,31105662;-21,31623841;;;;;;;;;;;;;;;;;;;;;;;;
64,10882389;40,31671015;-21,21651203;;;;;;;;;;;;;;;;;;;;;;;;
63,67701029;40,32240236;-21,11721572;;;;;;;;;;;;;;;;;;;;;;;;
63,24427688;40,32813388;-21,01834127;;;;;;;;;;;;;;;;;;;;;;;;
62,81059574;40,33390534;-20,91987891;;;;;;;;;;;;;;;;;;;;;;;;
62,37593835;40,33971739;-20,82181682;;;;;;;;;;;;;;;;;;;;;;;;
61,94027553;40,34557071;-20,7241404;;;;;;;;;;;;;;;;;;;;;;;;
61,50357759;40,35146598;-20,62683126;;;;;;;;;;;;;;;;;;;;;;;;
61,06581427;40,35740394;-20,52986567;;;;;;;;;;;;;;;;;;;;;;;;
60,62695492;40,3633853;-20,43321236;;;;;;;;;;;;;;;;;;;;;;;;
60,1869686;40,36941082;-20,33682898;;;;;;;;;;;;;;;;;;;;;;;;
59,74582429;40,37548129;-20,24065668;;;;;;;;;;;;;;;;;;;;;;;;
59,30349129;40,38159751;-20,14461114;;;;;;;;;;;;;;;;;;;;;;;;
58,85993977;40,38776029;-20,04856735;;;;;;;;;;;;;;;;;;;;;;;;
58,41514168;40,3939705;-19,95233263;;;;;;;;;;;;;;;;;;;;;;;;
57,96907239;40,40022901;-19,85559612;;;;;;;;;;;;;;;;;;;;;;;;
57,52171345;40,40653671;-19,75782767;;;;;;;;;;;;;;;;;;;;;;;;
57,07305789;40,41289454;-19,65805908;;;;;;;;;;;;;;;;;;;;;;;;
56,62312076;40,41930343;-19,55435904;;;;;;;;;;;;;;;;;;;;;;;;
56,17196242;40,42576434;-19,44239031;;;;;;;;;;;;;;;;;;;;;;;;
55,71974684;40,43227818;-19,31061291;;;;;;;;;;;;;;;;;;;;;;;;
55,26691617;40,43884574;-19,11892013;;;;;;;;;;;;;;;;;;;;;;;;
54,81488346;40,44546696;-18,63615039;;;;;;;;;;;;;;;;;;;;;;;;
54,37066504;40,45211442;-8,972028468;;;;;;;;;;;;;;;;;;;;;;;;
54,15595645;40,45880034;-12,93797886;;;;;;;;;;;;;;;;;;;;;;;;
53,8445485;40,46552502;-12,82346727;;;;;;;;;;;;;;;;;;;;;;;;
53,53410691;40,4722888;-12,70644095;;;;;;;;;;;;;;;;;;;;;;;;
53,22471025;40,47909198;-12,5866766;;;;;;;;;;;;;;;;;;;;;;;;
52,91644439;40,48593486;-12,46392683;;;;;;;;;;;;;;;;;;;;;;;;
52,60940329;40,49281774;-12,33791674;;;;;;;;;;;;;;;;;;;;;;;;
52,30368987;40,49974089;-12,20833988;;;;;;;;;;;;;;;;;;;;;;;;
51,99941706;40,50670459;-12,07485348;;;;;;;;;;;;;;;;;;;;;;;;
51,69670901;40,51370906;-11,93707268;;;;;;;;;;;;;;;;;;;;;;;;
51,3957024;40,52075455;-11,79456367;;;;;;;;;;;;;;;;;;;;;;;;
51,09654805;40,52784124;-11,64683531;;;;;;;;;;;;;;;;;;;;;;;;
50,79941276;40,53496932;-11,49332899;;;;;;;;;;;;;;;;;;;;;;;;
50,50448142;40,54213893;-11,33340606;;;;;;;;;;;;;;;;;;;;;;;;
50,21195959;40,54935017;-11,16633229;;;;;;;;;;;;;;;;;;;;;;;;
49,92207648;40,5566031;-10,99125826;;;;;;;;;;;;;;;;;;;;;;;;
49,63508856;40,56389775;-10,80719456;;;;;;;;;;;;;;;;;;;;;;;;
49,35128391;40,57123406;-10,61297983;;;;;;;;;;;;;;;;;;;;;;;;
49,07098749;40,57861193;-10,407239;;;;;;;;;;;;;;;;;;;;;;;;
48,79456775;40,58603117;-10,18832798;;;;;;;;;;;;;;;;;;;;;;;;
48,52244475;40,59349153;-9,954258769;;;;;;;;;;;;;;;;;;;;;;;;
48,25510059;40,60099261;-9,702596024;;;;;;;;;;;;;;;;;;;;;;;;
47,9930928;40,60853391;-9,430310517;;;;;;;;;;;;;;;;;;;;;;;;
47,73707202;40,61611481;-9,133565208;;;;;;;;;;;;;;;;;;;;;;;;
47,48780591;40,62373447;-8,807391688;;;;;;;;;;;;;;;;;;;;;;;;
47,24621237;40,63139186;-8,445179108;;;;;;;;;;;;;;;;;;;;;;;;
47,01340746;40,63908568;-8,037822096;;;;;;;;;;;;;;;;;;;;;;;;
46,79077775;40,6468143;-7,57219817;;;;;;;;;;;;;;;;;;;;;;;;
46,58009616;40,654578;-7,528665481;;;;;;;;;;;;;;;;;;;;;;;;
46,36967522;40,66237717;-7,513088696;;;;;;;;;;;;;;;;;;;;;;;;
46,15873001;40,67021225;-7,497934282;;;;;;;;;;;;;;;;;;;;;;;;
45,9472413;40,67808365;-7,483223106;;;;;;;;;;;;;;;;;;;;;;;;
45,73518889;40,68599181;-7,468977469;;;;;;;;;;;;;;;;;;;;;;;;
45,52255154;40,6939372;-7,455221208;;;;;;;;;;;;;;;;;;;;;;;;
45,3093069;40,70192027;-7,4419798;;;;;;;;;;;;;;;;;;;;;;;;
45,09543145;40,7099415;-7,429280479;;;;;;;;;;;;;;;;;;;;;;;;
44,88090038;40,71800138;-7,417152353;;;;;;;;;;;;;;;;;;;;;;;;
44,66568754;40,72610041;-7,405626536;;;;;;;;;;;;;;;;;;;;;;;;
44,44976532;40,73423911;-7,394736283;;;;;;;;;;;;;;;;;;;;;;;;
44,23310456;40,74241802;-7,384517137;;;;;;;;;;;;;;;;;;;;;;;;
44,01567442;40,75063767;-7,37500708;;;;;;;;;;;;;;;;;;;;;;;;
43,79744228;40,75889865;-7,366246695;;;;;;;;;;;;;;;;;;;;;;;;
43,57837363;40,76720154;-7,358279337;;;;;;;;;;;;;;;;;;;;;;;;
43,35843186;40,77554693;-7,351151315;;;;;;;;;;;;;;;;;;;;;;;;
43,1375782;40,78393545;-7,344912074;;;;;;;;;;;;;;;;;;;;;;;;
42,91577149;40,79236775;-7,339614397;;;;;;;;;;;;;;;;;;;;;;;;
42,69296805;40,8008445;-7,335314603;;;;;;;;;;;;;;;;;;;;;;;;
42,46912147;40,80936638;-7,332072764;;;;;;;;;;;;;;;;;;;;;;;;
42,24418242;40,81793412;-7,329952923;;;;;;;;;;;;;;;;;;;;;;;;
42,01809844;40,82654845;-7,329023313;;;;;;;;;;;;;;;;;;;;;;;;
41,7908137;40,83521016;-7,329356588;;;;;;;;;;;;;;;;;;;;;;;;
41,56226876;40,84392003;-7,331030056;;;;;;;;;;;;;;;;;;;;;;;;
41,3324003;40,85267809;-7,212329977;;;;;;;;;;;;;;;;;;;;;;;;
41,10500269;40,86148466;-7,142678667;;;;;;;;;;;;;;;;;;;;;;;;
40,87855359;40,87034006;-7,069328796;;;;;;;;;;;;;;;;;;;;;;;;
40,65318749;40,87924454;-6,991830002;;;;;;;;;;;;;;;;;;;;;;;;
40,42905633;40,88819836;-6,909659057;;;;;;;;;;;;;;;;;;;;;;;;
40,20633225;40,89720169;-6,822203906;;;;;;;;;;;;;;;;;;;;;;;;
39,98521109;40,90625466;-6,728743097;;;;;;;;;;;;;;;;;;;;;;;;
39,76591648;40,91535736;-6,628418867;;;;;;;;;;;;;;;;;;;;;;;;
39,54870505;40,92450978;-6,520201341;;;;;;;;;;;;;;;;;;;;;;;;
39,33387289;40,93371182;-6,40284001;;;;;;;;;;;;;;;;;;;;;;;;
39,12176383;40,94296328;-6,274796552;;;;;;;;;;;;;;;;;;;;;;;;
38,91278014;40,95226383;-6,134149447;;;;;;;;;;;;;;;;;;;;;;;;
38,70739671;40,96161298;-5,9784545;;;;;;;;;;;;;;;;;;;;;;;;
38,50618026;40,97101005;-5,804533608;;;;;;;;;;;;;;;;;;;;;;;;
38,30981608;40,98045412;-5,608140896;;;;;;;;;;;;;;;;;;;;;;;;
38,11914679;40,98994398;-5,383406275;;;;;;;;;;;;;;;;;;;;;;;;
37,93523083;40,99947802;-5,121843006;;;;;;;;;;;;;;;;;;;;;;;;
37,75943614;41,00905412;-4,810410974;;;;;;;;;;;;;;;;;;;;;;;;
37,59360226;41,01866941;-4,427229027;;;;;;;;;;;;;;;;;;;;;;;;
37,44035347;41,0283199;-3,930065581;;;;;;;;;;;;;;;;;;;;;;;;
37,3038161;41,03799943;-3,212625494;;;;;;;;;;;;;;;;;;;;;;;;
37,1918679;41,04768548;-0,717393505;;;;;;;;;;;;;;;;;;;;;;;;
37,16685255;41,05737153;0;;;;;;;;;;;;;;;;;;;;;;;;
37,1418372;41,06705758;-0,717393505;;;;;;;;;;;;;;;;;;;;;;;;
37,19251744;41,07675016;1,452436318;;;;;;;;;;;;;;;;;;;;;;;;
37,24390441;41,08642952;1,47469947;;;;;;;;;;;;;;;;;;;;;;;;
37,29585063;41,09609553;1,492808857;;;;;;;;;;;;;;;;;;;;;;;;
37,34823998;41,10574808;1,507642954;;;;;;;;;;;;;;;;;;;;;;;;
37,40098028;41,11538709;1,519874497;;;;;;;;;;;;;;;;;;;;;;;;
37,45399794;41,12501251;1,530025178;;;;;;;;;;;;;;;;;;;;;;;;
37,50723393;41,1346243;1,538503673;;;;;;;;;;;;;;;;;;;;;;;;
37,5606407;41,14422245;1,54563276;;;;;;;;;;;;;;;;;;;;;;;;
37,61417981;41,15380695;1,551669104;;;;;;;;;;;;;;;;;;;;;;;;
37,66782011;41,16337781;1,556817936;;;;;;;;;;;;;;;;;;;;;;;;
37,72153632;41,17293504;1,561244128;;;;;;;;;;;;;;;;;;;;;;;;
37,77530784;41,18247866;1,565080651;;;;;;;;;;;;;;;;;;;;;;;;
37,82911791;41,19200869;1,568435102;;;;;;;;;;;;;;;;;;;;;;;;
37,88295283;41,20152517;1,571394799;;;;;;;;;;;;;;;;;;;;;;;;
37,93680143;41,21102812;1,574030779;;;;;;;;;;;;;;;;;;;;;;;;
37,99065457;41,22051759;1,576400952;;;;;;;;;;;;;;;;;;;;;;;;
38,04450476;41,22999361;1,578552626;;;;;;;;;;;;;;;;;;;;;;;;
38,09834591;41,23945621;1,580524506;;;;;;;;;;;;;;;;;;;;;;;;
38,15217301;41,24890544;1,582348311;;;;;;;;;;;;;;;;;;;;;;;;
38,20598197;41,25834133;1,584050069;;;;;;;;;;;;;;;;;;;;;;;;
38,29689188;41,26776394;2,680017226;;;;;;;;;;;;;;;;;;;;;;;;
38,41064927;41,27716418;3,361539041;;;;;;;;;;;;;;;;;;;;;;;;
38,54132482;41,28653658;3,872941802;;;;;;;;;;;;;;;;;;;;;;;;
38,68534287;41,29587721;4,28290628;;;;;;;;;;;;;;;;;;;;;;;;
38,84026105;41,30518306;4,624276912;;;;;;;;;;;;;;;;;;;;;;;;
39,00428793;41,31445179;4,915777017;;;;;;;;;;;;;;;;;;;;;;;;
39,17604739;41,32368154;5,169255726;;;;;;;;;;;;;;;;;;;;;;;;
39,35444748;41,33287083;5,392754821;;;;;;;;;;;;;;;;;;;;;;;;
39,53860072;41,34201846;5,592013192;;;;;;;;;;;;;;;;;;;;;;;;
39,72777243;41,35112349;5,771284379;;;;;;;;;;;;;;;;;;;;;;;;
39,92134546;41,36018516;5,933815712;;;;;;;;;;;;;;;;;;;;;;;;
40,11879524;41,36920289;6,082145989;;;;;;;;;;;;;;;;;;;;;;;;
40,31967156;41,37817624;6,218299199;;;;;;;;;;;;;;;;;;;;;;;;
40,52358479;41,38710489;6,34391547;;;;;;;;;;;;;;;;;;;;;;;;
40,73019543;41,3959886;6,460342402;;;;;;;;;;;;;;;;;;;;;;;;
40,93920586;41,40482726;6,568700512;;;;;;;;;;;;;;;;;;;;;;;;
41,15035385;41,41362078;6,669931183;;;;;;;;;;;;;;;;;;;;;;;;
41,36340725;41,42236919;6,764832516;;;;;;;;;;;;;;;;;;;;;;;;
41,57815978;41,43107253;6,854086596;;;;;;;;;;;;;;;;;;;;;;;;
41,84199938;41,43973092;8,464479265;;;;;;;;;;;;;;;;;;;;;;;;
42,13845121;41,44833472;9,571093583;;;;;;;;;;;;;;;;;;;;;;;;
42,45768263;41,45687799;10,37956597;;;;;;;;;;;;;;;;;;;;;;;;
42,79351018;41,46535702;11,00189785;;;;;;;;;;;;;;;;;;;;;;;;
43,14174534;41,47376951;11,49861496;;;;;;;;;;;;;;;;;;;;;;;;
43,49941017;41,48211409;11,90608403;;;;;;;;;;;;;;;;;;;;;;;;
43,86431305;41,49039007;12,24773154;;;;;;;;;;;;;;;;;;;;;;;;
44,23479851;41,4985972;12,53942146;;;;;;;;;;;;;;;;;;;;;;;;
44,60959027;41,50673558;12,79231317;;;;;;;;;;;;;;;;;;;;;;;;
44,98768808;41,5148056;13,01449732;;;;;;;;;;;;;;;;;;;;;;;;
45,36829743;41,52280779;13,21198658;;;;;;;;;;;;;;;;;;;;;;;;
45,75078012;41,53074284;13,38934293;;;;;;;;;;;;;;;;;;;;;;;;
46,13461873;41,53861156;13,55008952;;;;;;;;;;;;;;;;;;;;;;;;
46,51361457;41,54641481;13,49138012;;;;;;;;;;;;;;;;;;;;;;;;
46,88633273;41,55415448;13,37690485;;;;;;;;;;;;;;;;;;;;;;;;
47,25297314;41,56183263;13,26421607;;;;;;;;;;;;;;;;;;;;;;;;
47,61372553;41,56945119;13,15325872;;;;;;;;;;;;;;;;;;;;;;;;
47,96877019;41,57701204;13,04398053;;;;;;;;;;;;;;;;;;;;;;;;
48,31827854;41,58451692;12,93633183;;;;;;;;;;;;;;;;;;;;;;;;
48,66241381;41,59196752;12,83026531;;;;;;;;;;;;;;;;;;;;;;;;
49,00133152;41,59936543;12,72573593;;;;;;;;;;;;;;;;;;;;;;;;
49,33518;41,60671216;12,62270073;;;;;;;;;;;;;;;;;;;;;;;;
49,66410086;41,61400919;12,52111869;;;;;;;;;;;;;;;;;;;;;;;;
49,9882294;41,62125788;12,42095067;;;;;;;;;;;;;;;;;;;;;;;;
50,30786006;41,62845958;12,32852703;;;;;;;;;;;;;;;;;;;;;;;;
50,62335613;41,63561552;12,24686133;;;;;;;;;;;;;;;;;;;;;;;;
50,93482029;41,64272686;12,16617358;;;;;;;;;;;;;;;;;;;;;;;;
51,24235111;41,64979472;12,08644053;;;;;;;;;;;;;;;;;;;;;;;;
51,54604329;41,65682016;12,00763987;;;;;;;;;;;;;;;;;;;;;;;;
51,84598787;41,6638042;11,92975013;;;;;;;;;;;;;;;;;;;;;;;;
52,14227241;41,67074785;11,85275068;;;;;;;;;;;;;;;;;;;;;;;;
52,4349812;41,67765203;11,77662165;;;;;;;;;;;;;;;;;;;;;;;;
52,72419541;41,68451768;11,70134389;;;;;;;;;;;;;;;;;;;;;;;;
53,00999325;41,69134566;11,62689897;;;;;;;;;;;;;;;;;;;;;;;;
53,29245012;41,69813684;11,55326909;;;;;;;;;;;;;;;;;;;;;;;;
53,57163876;41,70489201;11,48043711;;;;;;;;;;;;;;;;;;;;;;;;
53,84762936;41,71161199;11,40838645;;;;;;;;;;;;;;;;;;;;;;;;
54,12048971;41,71829752;11,33710114;;;;;;;;;;;;;;;;;;;;;;;;
54,3902853;41,72494934;11,26656569;;;;;;;;;;;;;;;;;;;;;;;;
54,6570794;41,73156817;11,19676519;;;;;;;;;;;;;;;;;;;;;;;;
54,92082636;41,73815469;11,12317754;;;;;;;;;;;;;;;;;;;;;;;;
55,18158792;41,74470958;11,05034002;;;;;;;;;;;;;;;;;;;;;;;;
55,43942469;41,7512335;10,97827341;;;;;;;;;;;;;;;;;;;;;;;;
55,6943953;41,75772707;10,90696278;;;;;;;;;;;;;;;;;;;;;;;;
55,94655651;41,76419092;10,83639366;;;;;;;;;;;;;;;;;;;;;;;;
56,19596331;41,77062563;10,76655204;;;;;;;;;;;;;;;;;;;;;;;;
56,44266896;41,77703179;10,69742434;;;;;;;;;;;;;;;;;;;;;;;;
56,68672511;41,78340994;10,62899739;;;;;;;;;;;;;;;;;;;;;;;;
56,92818184;41,78976063;10,56125843;;;;;;;;;;;;;;;;;;;;;;;;
57,16708771;41,79608439;10,49419506;;;;;;;;;;;;;;;;;;;;;;;;
57,40348986;41,80238172;10,42779524;;;;;;;;;;;;;;;;;;;;;;;;
57,63743406;41,80865312;10,36204729;;;;;;;;;;;;;;;;;;;;;;;;
57,86896473;41,81489906;10,29693988;;;;;;;;;;;;;;;;;;;;;;;;
58,09812506;41,82112001;10,23246195;;;;;;;;;;;;;;;;;;;;;;;;
58,32495698;41,82731642;10,16860281;;;;;;;;;;;;;;;;;;;;;;;;
58,54950127;41,83348874;10,10535202;;;;;;;;;;;;;;;;;;;;;;;;
58,77179759;41,83963738;10,04269944;;;;;;;;;;;;;;;;;;;;;;;;
58,99188449;41,84576277;9,980635201;;;;;;;;;;;;;;;;;;;;;;;;
59,20979119;41,8518653;9,91877057;;;;;;;;;;;;;;;;;;;;;;;;
59,42553556;41,85794538;9,856619782;;;;;;;;;;;;;;;;;;;;;;;;
59,63915389;41,86400338;9,795049098;;;;;;;;;;;;;;;;;;;;;;;;
59,8506815;41,87003968;9,734049251;;;;;;;;;;;;;;;;;;;;;;;;
60,06015281;41,87605465;9,673611212;;;;;;;;;;;;;;;;;;;;;;;;
60,26760131;41,88204864;9,61372618;;;;;;;;;;;;;;;;;;;;;;;;
60,47305969;41,888022;9,554385576;;;;;;;;;;;;;;;;;;;;;;;;
60,67655978;41,89397506;9,495581035;;;;;;;;;;;;;;;;;;;;;;;;
60,87813262;41,89990816;9,437304397;;;;;;;;;;;;;;;;;;;;;;;;
61,07780849;41,90582161;9,379547701;;;;;;;;;;;;;;;;;;;;;;;;
61,27561691;41,91171574;9,322303179;;;;;;;;;;;;;;;;;;;;;;;;
61,4715867;41,91759083;9,265563246;;;;;;;;;;;;;;;;;;;;;;;;
61,66574599;41,92344719;9,209320499;;;;;;;;;;;;;;;;;;;;;;;;
61,85812222;41,92928512;9,153567707;;;;;;;;;;;;;;;;;;;;;;;;
62,0487422;41,93510489;9,098297807;;;;;;;;;;;;;;;;;;;;;;;;
62,2376321;41,94090678;9,043503897;;;;;;;;;;;;;;;;;;;;;;;;
62,42523476;41,94669106;9,009216977;;;;;;;;;;;;;;;;;;;;;;;;
62,61175395;41,95245796;8,984185234;;;;;;;;;;;;;;;;;;;;;;;;
62,79698685;41,95820768;8,948886283;;;;;;;;;;;;;;;;;;;;;;;;
62,98094933;41,96394044;8,913803806;;;;;;;;;;;;;;;;;;;;;;;;
63,16365697;41,96965645;8,87893535;;;;;;;;;;;;;;;;;;;;;;;;
63,345125;41,97535593;8,844278511;;;;;;;;;;;;;;;;;;;;;;;;
63,52536841;41,98103908;8,809830932;;;;;;;;;;;;;;;;;;;;;;;;
63,70440184;41,98670611;8,775590297;;;;;;;;;;;;;;;;;;;;;;;;
63,8822397;41,99235721;8,741554336;;;;;;;;;;;;;;;;;;;;;;;;
64,0588961;41,99799258;8,707720819;;;;;;;;;;;;;;;;;;;;;;;;
64,23438488;42,00361241;8,674087557;;;;;;;;;;;;;;;;;;;;;;;;
64,40871963;42,00921688;8,640652401;;;;;;;;;;;;;;;;;;;;;;;;
64,58191369;42,01480619;8,60741324;;;;;;;;;;;;;;;;;;;;;;;;
64,75398014;42,02038051;8,574368003;;;;;;;;;;;;;;;;;;;;;;;;
64,92493184;42,02594001;8,541514653;;;;;;;;;;;;;;;;;;;;;;;;
65,0947814;42,03148487;8,508851191;;;;;;;;;;;;;;;;;;;;;;;;
65,26354121;42,03701527;8,47637565;;;;;;;;;;;;;;;;;;;;;;;;
65,43122343;42,04253137;8,444086099;;;;;;;;;;;;;;;;;;;;;;;;
65,59784002;42,04803333;8,411980641;;;;;;;;;;;;;;;;;;;;;;;;
65,7634027;42,05352131;8,38005741;;;;;;;;;;;;;;;;;;;;;;;;
65,92792301;42,05899548;8,348314572;;;;;;;;;;;;;;;;;;;;;;;;
66,09141229;42,06445599;8,316750324;;;;;;;;;;;;;;;;;;;;;;;;
66,25388166;42,06990299;8,285362891;;;;;;;;;;;;;;;;;;;;;;;;
66,41534208;42,07533664;8,254150531;;;;;;;;;;;;;;;;;;;;;;;;
66,57580428;42,08075707;8,223111529;;;;;;;;;;;;;;;;;;;;;;;;
66,73527887;42,08616444;8,192244196;;;;;;;;;;;;;;;;;;;;;;;;
66,89377621;42,09155889;8,161546873;;;;;;;;;;;;;;;;;;;;;;;;
67,05130655;42,09694056;8,131017928;;;;;;;;;;;;;;;;;;;;;;;;
67,20787994;42,10230958;8,100655752;;;;;;;;;;;;;;;;;;;;;;;;
67,36350625;42,10766609;8,070458764;;;;;;;;;;;;;;;;;;;;;;;;
67,51819522;42,11301023;8,040425408;;;;;;;;;;;;;;;;;;;;;;;;
67,67195641;42,11834213;8,010554151;;;;;;;;;;;;;;;;;;;;;;;;
67,82479924;42,12366191;7,980843484;;;;;;;;;;;;;;;;;;;;;;;;
67,97673296;42,1289697;7,951291923;;;;;;;;;;;;;;;;;;;;;;;;
68,12776669;42,13426563;7,921898004;;;;;;;;;;;;;;;;;;;;;;;;
68,27790941;42,13954982;7,892660288;;;;;;;;;;;;;;;;;;;;;;;;
68,42716993;42,14482239;7,863577356;;;;;;;;;;;;;;;;;;;;;;;;
68,57555694;42,15008346;7,83464781;;;;;;;;;;;;;;;;;;;;;;;;
68,72307901;42,15533314;7,805870274;;;;;;;;;;;;;;;;;;;;;;;;
68,86979299;42,16057156;7,779812069;;;;;;;;;;;;;;;;;;;;;;;;
69,01573056;42,16579881;7,75516207;;;;;;;;;;;;;;;;;;;;;;;;
69,16089878;42,17101502;7,7306258;;;;;;;;;;;;;;;;;;;;;;;;
69,30530463;42,17622027;7,706202333;;;;;;;;;;;;;;;;;;;;;;;;
69,44895497;42,18141468;7,681890759;;;;;;;;;;;;;;;;;;;;;;;;
69,59185656;42,18659834;7,657690179;;;;;;;;;;;;;;;;;;;;;;;;
69,73401609;42,19177136;7,633599708;;;;;;;;;;;;;;;;;;;;;;;;
69,87544012;42,19693383;7,60961847;;;;;;;;;;;;;;;;;;;;;;;;
70,01613513;42,20208586;7,585745603;;;;;;;;;;;;;;;;;;;;;;;;
70,15610753;42,20722753;7,561980256;;;;;;;;;;;;;;;;;;;;;;;;
70,29536362;42,21235894;7,538321589;;;;;;;;;;;;;;;;;;;;;;;;
70,4339096;42,21748019;7,514768772;;;;;;;;;;;;;;;;;;;;;;;;
70,57175162;42,22259137;7,491320989;;;;;;;;;;;;;;;;;;;;;;;;
70,70889571;42,22769256;7,467977432;;;;;;;;;;;;;;;;;;;;;;;;
70,84534784;42,23278385;7,444737303;;;;;;;;;;;;;;;;;;;;;;;;
70,98111389;42,23786535;7,421599816;;;;;;;;;;;;;;;;;;;;;;;;
71,11619967;42,24293712;7,398564195;;;;;;;;;;;;;;;;;;;;;;;;
71,25061091;42,24799926;7,375629672;;;;;;;;;;;;;;;;;;;;;;;;
71,38435324;42,25305184;7,35279549;;;;;;;;;;;;;;;;;;;;;;;;
71,51743225;42,25809497;7,330060903;;;;;;;;;;;;;;;;;;;;;;;;
71,64985343;42,2631287;7,307425171;;;;;;;;;;;;;;;;;;;;;;;;
71,78162222;42,26815314;7,284887566;;;;;;;;;;;;;;;;;;;;;;;;
71,91274397;42,27316835;7,262447367;;;;;;;;;;;;;;;;;;;;;;;;
72,04322396;42,27817442;7,240103863;;;;;;;;;;;;;;;;;;;;;;;;
72,17306743;42,28317142;7,217856353;;;;;;;;;;;;;;;;;;;;;;;;
72,30227951;42,28815943;7,19570414;;;;;;;;;;;;;;;;;;;;;;;;
72,43086531;42,29313852;7,173646541;;;;;;;;;;;;;;;;;;;;;;;;
72,55882983;42,29810878;7,151682877;;;;;;;;;;;;;;;;;;;;;;;;
72,68617804;42,30307027;7,129812479;;;;;;;;;;;;;;;;;;;;;;;;
72,81291483;42,30802307;7,108034687;;;;;;;;;;;;;;;;;;;;;;;;
72,93904504;42,31296725;7,086348845;;;;;;;;;;;;;;;;;;;;;;;;
73,06457344;42,31790287;7,064754308;;;;;;;;;;;;;;;;;;;;;;;;
73,18950474;42,32283002;7,043250439;;;;;;;;;;;;;;;;;;;;;;;;
73,31384361;42,32774876;7,021836605;;;;;;;;;;;;;;;;;;;;;;;;
73,43759464;42,33265916;7,000512184;;;;;;;;;;;;;;;;;;;;;;;;
73,56076238;42,33756128;6,979276559;;;;;;;;;;;;;;;;;;;;;;;;
73,68335131;42,34245519;6,95812912;;;;;;;;;;;;;;;;;;;;;;;;
73,80536587;42,34734096;6,937069264;;;;;;;;;;;;;;;;;;;;;;;;
73,92681044;42,35221866;6,916096397;;;;;;;;;;;;;;;;;;;;;;;;
74,04768935;42,35708834;6,89520993;;;;;;;;;;;;;;;;;;;;;;;;
74,16800687;42,36195007;6,874409279;;;;;;;;;;;;;;;;;;;;;;;;
74,28776723;42,36680392;6,853693869;;;;;;;;;;;;;;;;;;;;;;;;
74,40697461;42,37164994;6,83306313;;;;;;;;;;;;;;;;;;;;;;;;
74,52563313;42,37648819;6,8125165;;;;;;;;;;;;;;;;;;;;;;;;
74,64374687;42,38131874;6,792053421;;;;;;;;;;;;;;;;;;;;;;;;
74,76131986;42,38614165;6,771673342;;;;;;;;;;;;;;;;;;;;;;;;
74,87835609;42,39095698;6,751375718;;;;;;;;;;;;;;;;;;;;;;;;
74,99485718;42,39576478;6,731026315;;;;;;;;;;;;;;;;;;;;;;;;
75,11081125;42,4005651;6,709845045;;;;;;;;;;;;;;;;;;;;;;;;
75,22622238;42,40535802;6,688752676;;;;;;;;;;;;;;;;;;;;;;;;
75,34109459;42,41014359;6,667748617;;;;;;;;;;;;;;;;;;;;;;;;
75,45543185;42,41492186;6,646832281;;;;;;;;;;;;;;;;;;;;;;;;
75,5692381;42,41969289;6,626003089;;;;;;;;;;;;;;;;;;;;;;;;
75,68251724;42,42445673;6,605260468;;;;;;;;;;;;;;;;;;;;;;;;
75,79527309;42,42921344;6,584603851;;;;;;;;;;;;;;;;;;;;;;;;
75,90750946;42,43396308;6,564032677;;;;;;;;;;;;;;;;;;;;;;;;
76,0192301;42,43870569;6,54354639;;;;;;;;;;;;;;;;;;;;;;;;
76,13043874;42,44344134;6,523144441;;;;;;;;;;;;;;;;;;;;;;;;
76,24113905;42,44817006;6,502826287;;;;;;;;;;;;;;;;;;;;;;;;
76,35133465;42,45289192;6,482591389;;;;;;;;;;;;;;;;;;;;;;;;
76,46102915;42,45760697;6,462439216;;;;;;;;;;;;;;;;;;;;;;;;
76,57022609;42,46231525;6,442369241;;;;;;;;;;;;;;;;;;;;;;;;
76,67892899;42,46701681;6,422380942;;;;;;;;;;;;;;;;;;;;;;;;
76,78714133;42,47171172;6,402473802;;;;;;;;;;;;;;;;;;;;;;;;
76,89486654;42,4764;6,382647312;;;;;;;;;;;;;;;;;;;;;;;;
77,00210802;42,48108172;6,362900965;;;;;;;;;;;;;;;;;;;;;;;;
77,10886915;42,48575691;6,34323426;;;;;;;;;;;;;;;;;;;;;;;;
77,21515324;42,49042564;6,323646703;;;;;;;;;;;;;;;;;;;;;;;;
77,32096359;42,49508794;6,304137803;;;;;;;;;;;;;;;;;;;;;;;;
77,42630346;42,49974385;6,284707073;;;;;;;;;;;;;;;;;;;;;;;;
77,53117608;42,50439344;6,265354033;;;;;;;;;;;;;;;;;;;;;;;;
77,63558462;42,50903673;6,246078207;;;;;;;;;;;;;;;;;;;;;;;;
77,73953226;42,51367378;6,226879123;;;;;;;;;;;;;;;;;;;;;;;;
77,8430221;42,51830463;6,207756314;;;;;;;;;;;;;;;;;;;;;;;;
77,94605725;42,52292932;6,188709318;;;;;;;;;;;;;;;;;;;;;;;;
78,04864076;42,5275479;6,169737677;;;;;;;;;;;;;;;;;;;;;;;;
78,15077566;42,5321604;6,150840937;;;;;;;;;;;;;;;;;;;;;;;;
78,25246494;42,53676689;6,132018649;;;;;;;;;;;;;;;;;;;;;;;;
78,35371157;42,54136738;6,113270369;;;;;;;;;;;;;;;;;;;;;;;;
78,45451848;42,54596193;6,094595655;;;;;;;;;;;;;;;;;;;;;;;;
78,55488859;42,55055057;6,075994071;;;;;;;;;;;;;;;;;;;;;;;;
78,65482476;42,55513336;6,057465185;;;;;;;;;;;;;;;;;;;;;;;;
78,75432985;42,55971032;6,039008569;;;;;;;;;;;;;;;;;;;;;;;;
78,85340667;42,56428149;6,020623798;;;;;;;;;;;;;;;;;;;;;;;;
78,95205801;42,56884693;6,002310451;;;;;;;;;;;;;;;;;;;;;;;;
79,05028663;42,57340666;5,984068113;;;;;;;;;;;;;;;;;;;;;;;;
79,14809528;42,57796072;5,965896371;;;;;;;;;;;;;;;;;;;;;;;;
79,24548666;42,58250916;5,947794816;;;;;;;;;;;;;;;;;;;;;;;;
79,34246345;42,587052;5,929763042;;;;;;;;;;;;;;;;;;;;;;;;
79,43902831;42,59158929;5,911800649;;;;;;;;;;;;;;;;;;;;;;;;
79,53518386;42,59612107;5,893907239;;;;;;;;;;;;;;;;;;;;;;;;
79,63093272;42,60064737;5,876082418;;;;;;;;;;;;;;;;;;;;;;;;
79,72627745;42,60516823;5,858325794;;;;;;;;;;;;;;;;;;;;;;;;
79,82122062;42,60968368;5,840636981;;;;;;;;;;;;;;;;;;;;;;;;
79,91576476;42,61419376;5,823015596;;;;;;;;;;;;;;;;;;;;;;;;
80,00991236;42,6186985;5,805461257;;;;;;;;;;;;;;;;;;;;;;;;
80,10366592;42,62319794;5,787973589;;;;;;;;;;;;;;;;;;;;;;;;
80,19702788;42,62769212;5,770552217;;;;;;;;;;;;;;;;;;;;;;;;
80,29000069;42,63218106;5,753196772;;;;;;;;;;;;;;;;;;;;;;;;
80,38258676;42,63666481;5,735906886;;;;;;;;;;;;;;;;;;;;;;;;
80,47478847;42,64114339;5,718682195;;;;;;;;;;;;;;;;;;;;;;;;
80,5666082;42,64561684;5,701522339;;;;;;;;;;;;;;;;;;;;;;;;
80,65804828;42,65008519;5,684426961;;;;;;;;;;;;;;;;;;;;;;;;
80,74911104;42,65454848;5,667395705;;;;;;;;;;;;;;;;;;;;;;;;
80,83979879;42,65900673;5,65042822;;;;;;;;;;;;;;;;;;;;;;;;
80,9301138;42,66345999;5,633524159;;;;;;;;;;;;;;;;;;;;;;;;
81,02005834;42,66790827;5,616683175;;;;;;;;;;;;;;;;;;;;;;;;
81,10963463;42,67235161;5,599904926;;;;;;;;;;;;;;;;;;;;;;;;
81,19884455;42,67679005;5,583166518;;;;;;;;;;;;;;;;;;;;;;;;
81,28768638;42,68122361;5,566245457;;;;;;;;;;;;;;;;;;;;;;;;
81,37616235;42,68565232;5,549388021;;;;;;;;;;;;;;;;;;;;;;;;
81,46427466;42,69007622;5,532593864;;;;;;;;;;;;;;;;;;;;;;;;
81,5520255;42,69449534;5,515862644;;;;;;;;;;;;;;;;;;;;;;;;
81,63941701;42,6989097;5,499194021;;;;;;;;;;;;;;;;;;;;;;;;
81,72645136;42,70331933;5,482587659;;;;;;;;;;;;;;;;;;;;;;;;
81,81313067;42,70772427;5,466043223;;;;;;;;;;;;;;;;;;;;;;;;
81,89945704;42,71212454;5,449560384;;;;;;;;;;;;;;;;;;;;;;;;
81,98543255;42,71652018;5,433138811;;;;;;;;;;;;;;;;;;;;;;;;
82,07105928;42,7209112;5,416778181;;;;;;;;;;;;;;;;;;;;;;;;
82,15633928;42,72529764;5,400478169;;;;;;;;;;;;;;;;;;;;;;;;
82,24127457;42,72967953;5,384238456;;;;;;;;;;;;;;;;;;;;;;;;
82,32586718;42,7340569;5,368058724;;;;;;;;;;;;;;;;;;;;;;;;
82,41011911;42,73842976;5,351938656;;;;;;;;;;;;;;;;;;;;;;;;
82,49407952;42,74279816;5,338879257;;;;;;;;;;;;;;;;;;;;;;;;
82,57774131;42,74716211;5,325310472;;;;;;;;;;;;;;;;;;;;;;;;
82,66112493;42,75152164;5,312987078;;;;;;;;;;;;;;;;;;;;;;;;
82,74423664;42,75587677;5,301009044;;;;;;;;;;;;;;;;;;;;;;;;
82,82707779;42,76022752;5,289064653;;;;;;;;;;;;;;;;;;;;;;;;
82,90964972;42,76457393;5,277153763;;;;;;;;;;;;;;;;;;;;;;;;
82,99195375;42,76891601;5,265276234;;;;;;;;;;;;;;;;;;;;;;;;
83,07399119;42,77325378;5,253431929;;;;;;;;;;;;;;;;;;;;;;;;
83,15576336;42,77758726;5,241620709;;;;;;;;;;;;;;;;;;;;;;;;
83,23727155;42,78191649;5,229842438;;;;;;;;;;;;;;;;;;;;;;;;
83,31851705;42,78624147;5,218096979;;;;;;;;;;;;;;;;;;;;;;;;
83,39950114;42,79056224;5,206384197;;;;;;;;;;;;;;;;;;;;;;;;
83,48022508;42,79487881;5,194703959;;;;;;;;;;;;;;;;;;;;;;;;
83,56069013;42,79919121;5,18305613;;;;;;;;;;;;;;;;;;;;;;;;
83,64089754;42,80349946;5,171440579;;;;;;;;;;;;;;;;;;;;;;;;
83,72084856;42,80780357;5,159857174;;;;;;;;;;;;;;;;;;;;;;;;
83,80054441;42,81210358;5,148305784;;;;;;;;;;;;;;;;;;;;;;;;
83,87998632;42,81639949;5,13678628;;;;;;;;;;;;;;;;;;;;;;;;
83,95917549;42,82069134;5,125298533;;;;;;;;;;;;;;;;;;;;;;;;
84,03811314;42,82497914;5,113842413;;;;;;;;;;;;;;;;;;;;;;;;
84,11680046;42,82926291;5,102417795;;;;;;;;;;;;;;;;;;;;;;;;
84,19523863;42,83354267;5,091024552;;;;;;;;;;;;;;;;;;;;;;;;
84,27342883;42,83781845;5,079662557;;;;;;;;;;;;;;;;;;;;;;;;
84,35137223;42,84209025;5,068331687;;;;;;;;;;;;;;;;;;;;;;;;
84,42907;42,84635812;5,057031817;;;;;;;;;;;;;;;;;;;;;;;;
84,50652328;42,85062205;5,045762823;;;;;;;;;;;;;;;;;;;;;;;;
84,58373322;42,85488208;5,034524584;;;;;;;;;;;;;;;;;;;;;;;;
84,66070096;42,85913821;5,023316978;;;;;;;;;;;;;;;;;;;;;;;;
84,73742763;42,86339048;5,012139883;;;;;;;;;;;;;;;;;;;;;;;;
84,81391434;42,8676389;5,00099318;;;;;;;;;;;;;;;;;;;;;;;;
84,89016221;42,87188349;4,989876749;;;;;;;;;;;;;;;;;;;;;;;;
84,96617234;42,87612426;4,978790472;;;;;;;;;;;;;;;;;;;;;;;;
85,04194583;42,88036124;4,96773423;;;;;;;;;;;;;;;;;;;;;;;;
85,11748377;42,88459445;4,956707907;;;;;;;;;;;;;;;;;;;;;;;;
85,19278724;42,88882389;4,945711385;;;;;;;;;;;;;;;;;;;;;;;;
85,26785732;42,8930496;4,93474455;;;;;;;;;;;;;;;;;;;;;;;;
85,34269507;42,89727159;4,923807285;;;;;;;;;;;;;;;;;;;;;;;;
85,41730154;42,90148988;4,912899478;;;;;;;;;;;;;;;;;;;;;;;;
85,4916778;42,90570448;4,902021013;;;;;;;;;;;;;;;;;;;;;;;;
85,56582488;42,90991542;4,891171779;;;;;;;;;;;;;;;;;;;;;;;;
85,63974383;42,91412271;4,880351663;;;;;;;;;;;;;;;;;;;;;;;;
85,71343567;42,91832636;4,869560553;;;;;;;;;;;;;;;;;;;;;;;;
85,78690143;42,92252641;4,858798339;;;;;;;;;;;;;;;;;;;;;;;;
85,86014213;42,92672285;4,84806491;;;;;;;;;;;;;;;;;;;;;;;;
85,93315876;42,93091572;4,837360157;;;;;;;;;;;;;;;;;;;;;;;;
86,00595234;42,93510502;4,826683971;;;;;;;;;;;;;;;;;;;;;;;;
86,07852387;42,93929077;4,816036243;;;;;;;;;;;;;;;;;;;;;;;;
86,15087432;42,943473;4,805416867;;;;;;;;;;;;;;;;;;;;;;;;
86,22300469;42,94765172;4,794825734;;;;;;;;;;;;;;;;;;;;;;;;
86,29491594;42,95182694;4,78426274;;;;;;;;;;;;;;;;;;;;;;;;
86,36660906;42,95599868;4,773727777;;;;;;;;;;;;;;;;;;;;;;;;
86,43808499;42,96016696;4,763220741;;;;;;;;;;;;;;;;;;;;;;;;
86,5093447;42,96433179;4,752741528;;;;;;;;;;;;;;;;;;;;;;;;
86,58038914;42,96849319;4,742290034;;;;;;;;;;;;;;;;;;;;;;;;
86,65121925;42,97265117;4,731866155;;;;;;;;;;;;;;;;;;;;;;;;
86,72183597;42,97680576;4,721469789;;;;;;;;;;;;;;;;;;;;;;;;
86,79224023;42,98095696;4,711100833;;;;;;;;;;;;;;;;;;;;;;;;
86,86243296;42,9851048;4,700759187;;;;;;;;;;;;;;;;;;;;;;;;
86,93241507;42,98924928;4,690444749;;;;;;;;;;;;;;;;;;;;;;;;
87,00218748;42,99339043;4,68015742;;;;;;;;;;;;;;;;;;;;;;;;
87,07175109;42,99752826;4,669897099;;;;;;;;;;;;;;;;;;;;;;;;
87,14110681;43,00166278;4,659663687;;;;;;;;;;;;;;;;;;;;;;;;
87,21025554;43,00579401;4,649457086;;;;;;;;;;;;;;;;;;;;;;;;
87,27919815;43,00992196;4,639277198;;;;;;;;;;;;;;;;;;;;;;;;
87,34793555;43,01404666;4,629123925;;;;;;;;;;;;;;;;;;;;;;;;
87,4164686;43,01816811;4,618997171;;;;;;;;;;;;;;;;;;;;;;;;
87,48479817;43,02228632;4,608896838;;;;;;;;;;;;;;;;;;;;;;;;
87,55292515;43,02640133;4,598822832;;;;;;;;;;;;;;;;;;;;;;;;
87,62085038;43,03051312;4,588775057;;;;;;;;;;;;;;;;;;;;;;;;
87,68857472;43,03462173;4,578753418;;;;;;;;;;;;;;;;;;;;;;;;
87,75609902;43,03872717;4,568757822;;;;;;;;;;;;;;;;;;;;;;;;
87,82342414;43,04282945;4,558788173;;;;;;;;;;;;;;;;;;;;;;;;
87,8905509;43,04692859;4,54884438;;;;;;;;;;;;;;;;;;;;;;;;
87,95748015;43,05102459;4,538926349;;;;;;;;;;;;;;;;;;;;;;;;
88,02421271;43,05511748;4,529033989;;;;;;;;;;;;;;;;;;;;;;;;
88,09074941;43,05920726;4,519167207;;;;;;;;;;;;;;;;;;;;;;;;
88,15709107;43,06329395;4,509325914;;;;;;;;;;;;;;;;;;;;;;;;
88,2232385;43,06737757;4,499510017;;;;;;;;;;;;;;;;;;;;;;;;
88,28919251;43,07145813;4,489719427;;;;;;;;;;;;;;;;;;;;;;;;
88,35495391;43,07553564;4,479954055;;;;;;;;;;;;;;;;;;;;;;;;
88,42052349;43,07961012;4,47021381;;;;;;;;;;;;;;;;;;;;;;;;
88,42076854;43,07962538;4,460498606;;;;;;;;;;;;;;;;;;;;;;;;
;;;;;;;;;;;;;;;;;;;;;;;;;;
;;;;;;;;;;;;;;;;;;;;;;;;;;
;;;;;;;;;;;;;;;;;;;;;;;;;;
