Speed (linear);Time;Acceleration (linear)
77,0160476;0,003025581;-0,329665495
77,01053311;0,007699931;-0,327703996
77,11725655;0,012374616;6,341688826
77,22350321;0,017042832;6,322107482
77,3292764;0,021704625;6,302604755
77,43457935;0,026360042;6,283180161
77,53941531;0,031009128;6,263833219
77,64378744;0,035651928;6,244563454
77,74769891;0,040288487;6,225370393
77,85115283;0,044918849;6,206253572
77,9541523;0,049543058;6,187212526
78,05670037;0,054161157;6,1682468
78,15880007;0,058773189;6,14935594
78,26045438;0,063379196;6,130539496
78,36166628;0,067979221;6,111797025
78,46243869;0,072573304;6,093128086
78,56277452;0,077161486;6,074532243
78,66267664;0,081743809;6,056009064
78,76214789;0,086320313;6,037558121
78,8611911;0,090891036;6,01917899
78,95980906;0,095456019;6,000871251
79,05800451;0,100015301;5,982634487
79,1557802;0,104568919;5,964468287
79,25313883;0,109116913;5,946372242
79,35008308;0,11365932;5,928345947
79,44661561;0,118196177;5,910389001
79,54273904;0,122727522;5,892501007
79,63845598;0,127253391;5,87468157
79,733769;0,13177382;5,856930301
79,82868065;0,136288845;5,839246812
79,92319347;0,140798503;5,82163072
80,01730995;0,145302827;5,804081646
80,11103258;0,149801854;5,786599212
80,20436381;0,154295617;5,769183046
80,29730608;0,158784151;5,751832776
80,38986179;0,163267489;5,734548038
80,48203333;0,167745666;5,717328466
80,57382307;0,172218714;5,700173701
80,66523336;0,176686666;5,683083385
80,75626651;0,181149555;5,666057164
80,84692482;0,185607414;5,649094687
80,93721057;0,190060273;5,632195605
81,02712602;0,194508166;5,615359574
81,11667341;0,198951122;5,598586251
81,20585426;0,203389174;5,58183165
81,2946672;0,207822352;5,564915613
81,38311445;0,212250687;5,548063172
81,47119822;0,216674209;5,531273984
81,55892068;0,221092948;5,514547705
81,64628399;0,225506935;5,497883998
81,73329031;0,229916199;5,481282524
81,81994174;0,234320769;5,464742952
81,9062404;0,238720674;5,448264949
81,99218837;0,243115944;5,431848188
82,07778772;0,247506606;5,415492343
82,1630405;0,251892689;5,399197091
82,24794874;0,256274221;5,382962113
82,33251445;0,26065123;5,366787091
82,41673962;0,265023743;5,350671709
82,50067647;0,269391788;5,33780952
82,58431482;0,273755388;5,324244109
82,66767699;0,278114569;5,312042993
82,75076736;0,282469355;5,300067613
82,83358727;0,286819768;5,288125863
82,91613805;0,291165831;5,276217604
82,99842105;0,295507567;5,264342696
83,08043756;0,299844999;5,252501
83,16218891;0,304178149;5,240692379
83,24367637;0,308507039;5,228916695
83,32490125;0,312831692;5,217173813
83,40586481;0,317152129;5,205463598
83,48656833;0,321468373;5,193785916
83,56701305;0,325780444;5,182140633
83,64720024;0,330088363;5,170527617
83,72713113;0,334392154;5,158946737
83,80680695;0,338691835;5,147397862
83,88622892;0,342987429;5,135880862
83,96539825;0,347278956;5,124395608
84,04431615;0,351566436;5,112941973
84,12298381;0,355849891;5,101519829
84,20140242;0,360129339;5,09012905
84,27957315;0,364404803;5,07876951
84,35749717;0,3686763;5,067441085
84,43517565;0,372943852;5,056143649
84,51260974;0,377207478;5,044877081
84,58980058;0,381467198;5,033641258
84,6667493;0,38572303;5,022436058
84,74345704;0,389974994;5,01126136
84,81992491;0,39422311;5,000117044
84,89615402;0,398467395;4,989002991
84,97214549;0,40270787;4,977919082
85,0479004;0,406944553;4,9668652
85,12341984;0,411177461;4,955841226
85,1987049;0,415406615;4,944847045
85,27375665;0,419632031;4,933882542
85,34857616;0,423853729;4,9229476
85,42316447;0,428071725;4,912042107
85,49752265;0,432286039;4,901165947
85,57165174;0,436496687;4,890319009
85,64555277;0,440703688;4,87950118
85,71922678;0,444907058;4,868712349
85,79267479;0,449106816;4,857952405
85,86589781;0,453302979;4,847221237
85,93889685;0,457495563;4,836518737
86,01167292;0,461684586;4,825844795
86,084227;0,465870064;4,815199303
86,1565601;0,470052015;4,804582153
86,22867318;0,474230455;4,79399324
86,30056723;0,4784054;4,783432455
86,37224321;0,482576867;4,772899695
86,44370209;0,486744873;4,762394853
86,51494482;0,490909433;4,751917826
86,58597236;0,495070564;4,741468509
86,65678564;0,499228281;4,731046799
86,7273856;0,503382601;4,720652594
86,79777318;0,507533539;4,710285792
86,86794929;0,511681111;4,699946291
86,93791486;0,515825332;4,689633991
87,0076708;0,519966218;4,679348791
87,07721802;0,524103785;4,669090592
87,14655741;0,528238046;4,658859294
87,21568988;0,532369018;4,6486548
87,28461631;0,536496716;4,63847701
87,35333759;0,540621154;4,628325828
87,42185459;0,544742348;4,618201157
87,49016819;0,548860311;4,6081029
87,55827925;0,552975059;4,598030963
87,62618863;0,557086606;4,587985248
87,6938972;0,561194967;4,577965663
87,76140579;0,565300156;4,567972112
87,82871526;0,569402187;4,558004502
87,89582645;0,573501074;4,54806274
87,96274019;0,577596832;4,538146733
88,0294573;0,581689473;4,52825639
88,09597862;0,585779014;4,518391618
88,16230496;0,589865466;4,508552327
88,22843714;0,593948844;4,498738425
88,29437596;0,598029161;4,488949824
88,36012222;0,602106431;4,479186432
88,42567674;0,606180667;4,469448162
88,49104029;0,610251882;4,459734925
88,55621367;0,614320091;4,450046632
88,62119767;0,618385305;4,440383195
88,68599306;0,622447539;4,430744528
88,75060061;0,626506804;4,421130544
88,8150211;0,630563115;4,411541156
88,8792553;0,634616483;4,401976279
88,94330395;0,638666922;4,392435828
89,00716783;0,642714445;4,382919717
89,07084767;0,646759063;4,373427862
89,13434423;0,650800789;4,363960179
89,19765825;0,654839636;4,354516584
89,26079046;0,658875617;4,345096995
89,32374161;0,662908743;4,335701328
89,38651241;0,666939026;4,326329502
89,4491036;0,670966479;4,316981434
89,51151589;0,674991114;4,307657043
89,57375;0,679012943;4,298356249
89,63580665;0,683031978;4,28907897
89,69768653;0,68704823;4,279825127
89,75939036;0,691061711;4,27059464
89,82091883;0,695072434;4,261387429
89,88227264;0,699080409;4,252203416
89,94345248;0,703085648;4,243042522
90,00445904;0,707088163;4,233904668
90,065293;0,711087965;4,224789778
90,12595029;0,715085065;4,215368152
90,18643094;0,719079475;4,205922459
90,24673564;0,723071206;4,196501407
90,3068651;0,72706027;4,187104909
90,36682004;0,731046678;4,177732881
90,42660113;0,735030441;4,168385238
90,48620908;0,739011571;4,159061896
90,54564457;0,742990077;4,149762771
90,6049083;0,746965973;4,140487779
90,66400093;0,750939267;4,131236839
90,72292316;0,754909972;4,122009867
90,78167565;0,758878098;4,112806781
90,84025907;0,762843656;4,103627499
90,89867409;0,766806657;4,094471941
90,95692137;0,770767111;4,085340025
91,01500157;0,774725028;4,076231671
91,07291535;0,77868042;4,067146799
91,13066335;0,782633297;4,05808533
91,18824622;0,786583669;4,049047184
91,2456646;0,790531546;4,040032282
91,30291914;0,794476939;4,031040545
91,36001047;0,798419858;4,022071897
91,41693923;0,802360313;4,013126258
91,47370604;0,806298314;4,004203553
91,53031152;0,810233871;3,995303703
91,58675631;0,814166994;3,986426633
91,64304101;0,818097693;3,977572266
91,69916626;0,822025979;3,968740526
91,75513264;0,825951859;3,959931338
91,81094078;0,829875346;3,951144628
91,86659129;0,833796447;3,942380319
91,92208475;0,837715173;3,933638339
91,97742177;0,841631533;3,924918613
92,03260295;0,845545537;3,916221067
92,08762887;0,849457194;3,907545628
92,14250014;0,853366514;3,898892223
92,19721732;0,857273506;3,890260781
92,251781;0,861178179;3,881651227
92,30619177;0,865080543;3,873063492
92,3604502;0,868980607;3,864497503
92,41455686;0,872878379;3,855953188
92,46851232;0,876773869;3,847430478
92,52231714;0,880667086;3,838929301
92,5759719;0,884558039;3,830449588
92,62947716;0,888446737;3,821991269
92,68283346;0,892333189;3,813554274
92,73604136;0,896217404;3,805138534
92,78910143;0,900099389;3,796743979
92,8420142;0,903979155;3,788370543
92,89478022;0,90785671;3,780018156
92,94740003;0,911732063;3,77168675
92,99987418;0,915605221;3,763376258
93,0522032;0,919476194;3,755086613
93,10438762;0,92334499;3,746817748
93,15642799;0,927211618;3,738569595
93,20832482;0,931076085;3,730342089
93,26007864;0,934938401;3,722135164
93,31168998;0,938798574;3,713948754
93,36315936;0,942656611;3,705782793
93,41448729;0,946512522;3,697637216
93,46567429;0,950366314;3,689511959
93,51672087;0,954217995;3,681406957
93,56762755;0,958067574;3,673322146
93,61839483;0,961915059;3,665257461
93,66902321;0,965760457;3,657212839
93,7195132;0,969603777;3,649188217
93,76986529;0,973445026;3,641183531
93,82007999;0,977284212;3,63319872
93,87015779;0,981121344;3,625233719
93,92009918;0,984956429;3,617288468
93,96990464;0,988789474;3,609362903
94,01957467;0,992620488;3,601456964
94,06910976;0,996449478;3,593570588
94,11851037;1,000276451;3,585703715
94,167777;1,004101416;3,577856284
94,21691012;1,00792438;3,570028234
94,26591021;1,01174535;3,562219505
94,31477773;1,015564334;3,554430037
94,36351315;1,019381339;3,546659769
94,41211696;1,023196373;3,538908643
94,4605896;1,027009443;3,5311766
94,50893155;1,030820556;3,523463579
94,55714326;1,03462972;3,515769522
94,60522519;1,038436942;3,508094371
94,65317781;1,042242228;3,500438068
94,70100155;1,046045587;3,492800554
94,74869688;1,049847025;3,485181771
94,79626425;1,05364655;3,477581663
94,84370409;1,057444168;3,470000172
94,89101687;1,061239886;3,462437241
94,93820301;1,065033712;3,454892813
94,98526296;1,068825652;3,447366831
95,03219717;1,072615714;3,439859239
95,07900605;1,076403904;3,432369982
95,12569006;1,080190229;3,424899003
95,17224962;1,083974695;3,417446247
95,21868517;1,087757311;3,410011659
95,26499712;1,091538081;3,402595183
95,31118591;1,095317014;3,395196764
95,35725196;1,099094115;3,387816348
95,4031957;1,102869392;3,380453881
95,44901753;1,10664285;3,373109308
95,49471789;1,110414497;3,365782575
95,54029718;1,114184339;3,358473629
95,58575583;1,117952383;3,351182415
95,63109424;1,121718634;3,343908882
95,67631282;1,1254831;3,336652975
95,72141198;1,129245787;3,329414643
95,76639212;1,133006701;3,322193831
95,81125366;1,136765848;3,314990489
95,85599699;1,140523236;3,307804563
95,90062252;1,144278869;3,300636001
95,94513064;1,148032755;3,293484753
95,98952174;1,1517849;3,286350766
96,03379624;1,155535309;3,27923399
96,0779545;1,15928399;3,272134372
96,12199694;1,163030947;3,265051862
96,16592393;1,166776188;3,25798641
96,20973587;1,170519717;3,250937964
96,25343314;1,174261542;3,243906475
96,29701613;1,178001669;3,236891893
96,34048521;1,181740102;3,229894167
96,38384077;1,185476849;3,222913248
96,42708318;1,189211915;3,215949086
96,47021283;1,192945306;3,209001633
96,51323009;1,196677028;3,202070838
96,55613532;1,200407086;3,195156654
96,59892891;1,204135487;3,188259032
96,64161123;1,207862237;3,181377922
96,68418263;1,21158734;3,174513277
96,7266435;1,215310804;3,167665049
96,76899418;1,219032632;3,160833189
96,81123506;1,222752832;3,15401765
96,85336648;1,226471409;3,147218385
96,89538881;1,230188368;3,140435346
96,93730241;1,233903715;3,133668486
96,97912812;1,237617456;3,128450471
97,0208596;1,241329595;3,122748902
97,06249712;1,245040137;3,117058814
97,10404096;1,248749087;3,111380179
97,14549139;1,252456451;3,105712967
97,18684868;1,256162233;3,100057151
97,2281131;1,259866438;3,094412703
97,26928492;1,263569071;3,088779595
97,31036441;1,267270136;3,083157799
97,35135183;1,270969639;3,077547287
97,39224746;1,274667585;3,071948033
97,43305156;1,278363978;3,066360007
97,47376438;1,282058823;3,060783184
97,5143862;1,285752124;3,055217535
97,55491728;1,289443887;3,049663034
97,59535788;1,293134116;3,044119653
97,63570825;1,296822816;3,038587365
97,67596867;1,300509992;3,033066143
97,71613937;1,304195648;3,02755596
97,75622063;1,307879788;3,02205679
97,79621269;1,311562418;3,016568606
97,83611581;1,315243542;3,011091381
97,87593025;1,318923165;3,005625089
97,91565626;1,322601291;3,000169702
97,95529409;1,326277925;2,994725196
97,99484399;1,329953071;2,989291544
98,0343062;1,333626733;2,983868719
98,07368099;1,337298917;2,978456695
98,11296859;1,340969627;2,973055447
98,15216926;1,344638867;2,967664948
98,19128324;1,348306641;2,962285173
98,23031077;1,351972954;2,956916095
98,26925209;1,355637811;2,95155769
98,30810746;1,359301215;2,946209932
98,34687711;1,362963171;2,940872795
98,38556129;1,366623684;2,935546253
98,42416023;1,370282758;2,930230282
98,46267418;1,373940396;2,924924857
98,50110336;1,377596604;2,919629951
98,53944803;1,381251385;2,91434554
98,57770841;1,384904745;2,909071599
98,61588474;1,388556686;2,903808103
98,65397726;1,392207213;2,898555028
98,69198619;1,395856331;2,893312348
98,72991178;1,399504044;2,888080038
98,76775426;1,403150355;2,882858075
98,80551385;1,40679527;2,877646434
98,84319078;1,410438791;2,872445089
98,88078529;1,414080923;2,867254018
98,9182976;1,417721671;2,862073195
98,95572794;1,421361038;2,856902596
98,99307654;1,424999029;2,851742198
99,03034363;1,428635647;2,846591976
99,06752942;1,432270896;2,841451906
99,10463414;1,435904781;2,836321964
99,00225484;1,439556159;-31,13979133
98,59292354;1,443222753;-30,99831299
98,18375387;1,446904686;-30,85746592
97,77473948;1,45060208;-30,71724724
97,36587392;1,45431506;-30,57765412
96,95715069;1,458043754;-30,43868373
96,54856321;1,461788289;-30,30033325
96,14010482;1,465548796;-30,16259987
95,73176881;1,469325407;-30,0254808
95,32354834;1,473118257;-29,88897326
94,91543654;1,476927482;-29,75307448
94,50742644;1,480753219;-29,61778171
94,09951099;1,484595609;-29,48309219
93,69168303;1,488454794;-29,34900321
93,28393535;1,492331006;-29,36424522
92,874176;1,496224389;-29,22279679
92,4645841;1,500135088;-29,08160089
92,05515833;1,504063251;-28,94060493
91,64589807;1,508009027;-28,79974806
91,23680358;1,511972568;-28,65895937
90,82787613;1,515954026;-28,51815569
90,41911823;1,519953558;-28,37723886
90,01053381;1,52397132;-28,23609217
89,60212861;1,52800747;-28,09457583
89,19391049;1,532062168;-27,95252108
88,78588994;1,536135577;-27,80972243
88,37808067;1,540227857;-27,66592739
87,97050039;1,544339175;-27,52082268
87,56317176;1,548469694;-27,37401537
87,15612379;1,552619579;-27,22500693
86,74939346;1,556788995;-27,07315672
86,34302815;1,560978106;-26,91762975
85,93708878;1,565187074;-26,75732056
85,53165423;1,569416058;-26,59073961
85,1268277;1,573665212;-26,41583962
84,7227458;1,577934682;-26,22974209
84,31959221;1,582224604;-26,02829257
83,91761862;1,586535094;-25,80530899
83,51717788;1,590866245;-25,55125232
83,11877906;1,595218109;-25,25074494
82,723183;1,599590672;-24,87761787
82,33157879;1,603983812;-24,38415617
81,94593592;1,608397211;-23,67499288
81,56978203;1,612830152;-22,53294392
81,21018804;1,617280963;-20,3482426
80,88414984;1,621744539;-14,39624027
80,65281847;1,626222288;-15,83660069
80,39753409;1,630714192;-15,66717216
80,14418251;1,635220229;-15,49450967
79,89283476;1,639740368;-15,31837319
79,64356652;1,644274575;-15,13849997
79,39645857;1,648822809;-14,95460168
79,15159726;1,653385022;-14,76636087
78,90907504;1,657961158;-14,57342691
78,6689911;1,662551153;-14,37541115
78,43145205;1,667154936;-14,17188114
78,19657273;1,671772423;-13,96235372
77,96447715;1,676403524;-13,74628654
77,73529958;1,681048135;-13,52306782
77,50918579;1,68570614;-13,2920037
77,28629456;1,690377413;-13,05230237
77,06679947;1,695061808;-12,80305416
76,85089101;1,699759169;-12,54320611
76,63877913;1,704469319;-12,27152893
76,43069649;1,709192061;-11,98657359
76,2269023;1,713927178;-11,68661306
76,02768737;1,718674428;-11,36956245
75,83338042;1,72343354;-11,03286696
75,64435646;1,728204213;-10,6733401
75,461048;1,732986108;-10,2869219
75,28396047;1,737778843;-9,868302644
75,11369431;1,742581983;-9,410307134
74,95097784;1,747395028;-8,902820628
74,796719;1,752217398;-8,330752516
74,65209271;1,7570484;-7,669706028
74,5187042;1,761887178;-6,875062889
74,39894334;1,766733525;-6,660091965
74,2827457;1,77158742;-6,609449451
74,16725205;1,776448836;-6,557239137
74,05249316;1,781317747;-6,503342449
73,93850206;1,786194123;-6,447628207
73,82531424;1,791077932;-6,389950748
73,71296798;1,795969136;-6,330147663
73,60150462;1,800867697;-6,268037077
73,49096891;1,805773572;-6,20341432
73,38140949;1,810686713;-6,136047852
73,27287932;1,815607069;-6,065674203
73,16543632;1,820534584;-5,991991613
73,05914407;1,825469195;-5,914651978
72,95407263;1,830410836;-5,833250477
72,85029965;1,835359431;-5,747312022
72,74791161;1,840314901;-5,656273277
72,64700545;1,845277154;-5,559458296
72,54769067;1,850246091;-5,456044828
72,45009198;1,855221604;-5,345016461
72,35435287;1,860203569;-5,225092625
72,26064044;1,86519185;-5,094622459
72,16915218;1,870186292;-4,951416779
72,08012575;1,875186719;-4,792467316
71,99385397;1,880192927;-4,613444267
71,91070886;1,885204678;-4,407711283
71,8311836;1,890221682;-4,164131099
71,75597434;1,895243571;-3,861121395
71,68616989;1,90026983;-3,443720208
71,62385739;1,905298862;-2,182770036
71,58433939;1,910327895;0
71,5448214;1,915356928;-2,182769411
71,54219968;1,920388739;-0,144730578
71,54997227;1,925420734;0,429064768
71,565672;1,930452183;0,86675596
71,58790113;1,935482527;1,227501605
71,61572831;1,94051131;1,537106466
71,64847599;1,945538139;1,809605401
71,68562291;1,95056267;2,053642392
71,72675232;1,955584597;2,274990321
71,7715214;1,960603645;2,477731859
71,81964195;1,965619562;2,664880454
71,87086751;1,970632119;2,838735389
71,92498433;1,975641102;3,001098167
71,98180493;1,980646317;3,153411211
72,04116324;1,985647581;3,296850488
72,10291095;1,990644724;3,432389486
72,16691468;1,995637588;3,5608447
72,23305371;2,000626023;3,68290876
72,30121822;2,005609891;3,799175082
72,37130781;2,01058906;3,910156548
72,4432303;2,015563407;4,016299895
72,51690073;2,020532816;4,117996962
72,59224054;2,025497176;4,21559359
72,66917684;2,030456384;4,309396756
72,74764182;2,035410341;4,39968034
72,82757225;2,040358955;4,486689848
72,90890899;2,045302138;4,570646292
72,99159665;2,050239806;4,651749423
73,07558322;2,05517188;4,730180437
73,1609142;2,060098287;4,811428406
73,2478456;2,065018947;4,907392369
73,336313;2,069933767;5,000035603
73,42625606;2,074842659;5,089577515
73,51761816;2,079745537;5,176216921
73,61034606;2,084642322;5,260134603
73,70438961;2,089532939;5,341495469
73,79970149;2,094417316;5,420450397
73,89623698;2,099295384;5,497137806
73,99395378;2,10416708;5,57168502
74,09281179;2,109032343;5,644209435
74,19277299;2,113891114;5,714819542
74,29380124;2,118743338;5,783615819
74,3958622;2,123588965;5,850691503
74,49892315;2,128427943;5,916133284
74,60295296;2,133260228;5,980021904
74,7079219;2,138085774;6,042432693
74,81380161;2,14290454;6,10343605
74,92056499;2,147716487;6,163097857
75,02818615;2,152521576;6,221479868
75,13664029;2,157319773;6,27864004
75,24590368;2,162111044;6,334632842
75,35595358;2,166895357;6,38950953
75,46676819;2,171672684;6,443318388
75,5783266;2,176442995;6,496104962
75,69060871;2,181206266;6,547912252
75,80332724;2,18596247;6,583127974
75,91552655;2,190711602;6,562562897
76,02721041;2,195453715;6,542082667
76,13838253;2,200188862;6,521686737
76,24904658;2,204917094;6,501374562
76,35920618;2,209638465;6,481145606
76,46886493;2,214353024;6,460999336
76,57802638;2,219060823;6,440935227
76,68669404;2,22376191;6,420952756
76,79487138;2,228456336;6,401051409
76,90256184;2,233144149;6,381230674
77,00976881;2,237825397;6,361490046
77,11649567;2,242500129;6,341829026
77,22274573;2,247168391;6,322247118
77,32852228;2,25183023;6,302743831
77,43382859;2,256485692;6,28331868
77,53866787;2,261134823;6,263971185
77,6430433;2,265777668;6,24470087
77,74695805;2,270414271;6,225507263
77,85041524;2,275044677;6,206389898
77,95341794;2,27966893;6,187348313
78,05596923;2,284287073;6,168382051
78,15807211;2,288899148;6,149490657
78,2597296;2,293505198;6,130673683
78,36094465;2,298105265;6,111930685
78,46172019;2,30269939;6,093261223
78,56205913;2,307287615;6,074664859
78,66196433;2,31186998;6,056141162
78,76143866;2,316446524;6,037689704
78,86048492;2,321017289;6,019310062
78,9591059;2,325582313;6,001001814
79,05730436;2,330141635;5,982764545
79,15508304;2,334695294;5,964597842
79,25244464;2,339243328;5,946501297
79,34939185;2,343785774;5,928474505
79,44592731;2,348322671;5,910517065
79,54205365;2,352854055;5,892628579
79,63777349;2,357379963;5,874808654
79,73308938;2,361900431;5,857056899
79,82800389;2,366415495;5,839372927
79,92251955;2,370925191;5,821756355
80,01663886;2,375429553;5,804206803
80,11036429;2,379928617;5,786723895
80,20369831;2,384422418;5,769307256
80,29664335;2,388910989;5,751956517
80,38920181;2,393394364;5,734671312
80,48137609;2,397872578;5,717451276
80,57316855;2,402345662;5,700296049
80,66458154;2,406813651;5,683205273
80,75561737;2,411276576;5,666178596
80,84627836;2,41573447;5,649215664
80,93656676;2,420187366;5,632316131
81,02648485;2,424635293;5,615479651
81,11603487;2,429078285;5,598705881
81,20521835;2,433516372;5,581952749
81,29403391;2,437949584;5,565036255
81,38248377;2,442377954;5,548183362
81,47057012;2,44680151;5,531393723
81,55829516;2,451220283;5,514666996
81,64566103;2,455634304;5,498002843
81,73266989;2,460043602;5,481400926
81,81932385;2,464448205;5,464860912
81,90562502;2,468848144;5,44838247
81,99157549;2,473243446;5,431965273
82,07717733;2,477634141;5,415608994
82,16243258;2,482020257;5,39931331
82,24734327;2,486401821;5,383077903
82,33191142;2,490778862;5,366902453
82,41613902;2,495151408;5,350786646
82,500078;2,499519484;5,337906567
82,58371848;2,503883116;5,324340849
82,66708259;2,508242329;5,312128641
82,7501749;2,512597146;5,30015302
82,83299673;2,51694759;5,28821103
82,91554944;2,521293684;5,276302533
82,99783434;2,525635451;5,264427387
83,07985276;2,529972914;5,252585454
83,16160599;2,534306094;5,240776597
83,24309533;2,538635015;5,229000679
83,32432208;2,542959698;5,217257563
83,40528751;2,547280165;5,205547115
83,48599287;2,551596438;5,193869201
83,56643945;2,555908539;5,182223687
83,64662847;2,560216488;5,170610441
83,72656118;2,564520308;5,159029332
83,80623882;2,568820019;5,147480229
83,88566259;2,573115642;5,135963002
83,96483373;2,577407197;5,124477522
84,04375342;2,581694707;5,113023662
84,12242286;2,58597819;5,101601293
84,20084324;2,590257667;5,090210291
84,27901574;2,594533159;5,078850528
84,35694152;2,598804685;5,067521881
84,43462175;2,603072265;5,056224224
84,51205758;2,607335918;5,044957436
84,58925015;2,611595666;5,033721394
84,6662006;2,615851526;5,022515975
84,74291005;2,620103518;5,01134106
84,81937963;2,624351661;5,000196528
84,89561045;2,628595974;4,989082259
84,97160361;2,632836475;4,977998135
85,04736021;2,637073185;4,966944038
85,12288133;2,641306121;4,955919852
85,19816806;2,645535301;4,944925459
85,27322147;2,649760744;4,933960744
85,34804263;2,653982468;4,923025592
85,42263259;2,658200491;4,912119888
85,49699241;2,66241483;4,901243519
85,57112313;2,666625505;4,890396373
85,64502579;2,670832532;4,879578337
85,71870142;2,675035928;4,868789299
85,79215103;2,679235712;4,858029149
85,86537566;2,6834319;4,847297776
85,9383763;2,687624509;4,836595071
86,01115395;2,691813558;4,825920925
86,08370962;2,695999061;4,815275231
86,15604429;2,700181037;4,804657879
86,22815894;2,704359502;4,794068764
86,30005455;2,708534472;4,783507779
86,37173209;2,712705964;4,772974819
86,44319251;2,716873995;4,762469778
86,51443678;2,721038579;4,751992553
86,58546585;2,725199735;4,741543038
86,65628066;2,729357476;4,731121132
86,72688214;2,73351182;4,720726731
86,79727123;2,737662782;4,710359733
86,86744885;2,741810378;4,700020038
86,93741592;2,745954623;4,689707544
87,00717336;2,750095533;4,679422151
87,07672206;2,754233123;4,669163759
87,14606294;2,758367408;4,658932269
87,21519688;2,762498404;4,648727584
87,28412478;2,766626125;4,638549604
87,35284752;2,770750586;4,628398232
87,42136597;2,774871803;4,618273372
87,48968102;2,778989789;4,608174927
87,55779352;2,78310456;4,598102802
87,62570435;2,78721613;4,5880569
87,69341434;2,791324514;4,578037129
87,76092436;2,795429725;4,568043392
87,82823525;2,799531778;4,558075597
87,89534785;2,803630688;4,548133651
87,962263;2,807726468;4,538217461
88,02898151;2,811819132;4,528326934
88,09550423;2,815908694;4,51846198
88,16183196;2,819995169;4,508622507
88,22796552;2,824078568;4,498808425
88,29390571;2,828158907;4,489019643
88,35965335;2,832236199;4,479256072
88,42520923;2,836310456;4,469517623
88,49057415;2,840381694;4,459804207
88,55574889;2,844449924;4,450115736
88,62073423;2,848515159;4,440452122
88,68553096;2,852577414;4,430813278
88,75013986;2,856636701;4,421199118
88,81456168;2,860693032;4,411609555
88,8787972;2,864746422;4,402044504
88,94284718;2,868796882;4,392503878
89,00671237;2,872844425;4,382987593
89,07039353;2,876889063;4,373495565
89,1338914;2,880930811;4,36402771
89,19720671;2,884969678;4,354583943
89,26034022;2,889005679;4,345164183
89,32329266;2,893038825;4,335768346
89,38606475;2,897069129;4,326396349
89,44865722;2,901096602;4,317048112
89,51107078;2,905121258;4,307723553
89,57330616;2,909143107;4,298422591
89,63536407;2,913162161;4,289145144
89,69724522;2,917178433;4,279891134
89,7589503;2,921191934;4,27066048
89,82048002;2,925202676;4,261453103
89,88183508;2,929210671;4,252268925
89,94301616;2,93321593;4,243107865
90,00402395;2,937218464;4,233969848
90,06485914;2,941218285;4,224854794
90,1255177;2,945215404;4,215435703
90,1859996;2,949209834;4,205989833
90,24630556;2,953201584;4,196568605
90,30643627;2,957190667;4,187171933
90,36639245;2,961177094;4,17779973
90,42617478;2,965160876;4,168451913
90,48578396;2,969142024;4,159128398
90,54522069;2,973120549;4,1498291
90,60448564;2,977096463;4,140553937
90,66357949;2,981069776;4,131302825
90,72250293;2,9850405;4,122075682
90,78125663;2,989008644;4,112872425
90,83984126;2,992974221;4,103692974
90,89825748;2,99693724;4,094537247
90,95650596;3,000897711;4,085405162
91,01458735;3,004855647;4,07629664
91,07250231;3,008811057;4,067211601
91,13025149;3,012763952;4,058149965
91,18783554;3,016714341;4,049111652
91,2452551;3,020662236;4,040096585
91,30251081;3,024607647;4,031104683
91,3596033;3,028550583;4,02213587
91,41653321;3,032491056;4,013190068
91,47330118;3,036429074;4,004267198
91,52990781;3,040364649;3,995367186
91,58635374;3,04429779;3,986489953
91,64263959;3,048228506;3,977635424
91,69876597;3,052156809;3,968803523
91,75473349;3,056082706;3,959994175
91,81054276;3,06000621;3,951207304
91,86619438;3,063927328;3,942442836
91,92168896;3,067846071;3,933700696
91,9770271;3,071762448;3,924980811
92,03220939;3,075676469;3,916283107
92,08723642;3,079588143;3,90760751
92,14210879;3,08349748;3,898953949
92,19682707;3,087404488;3,890322349
92,25139185;3,091309178;3,88171264
92,30580371;3,095211558;3,873124749
92,36006322;3,099111638;3,864558605
92,41417096;3,103009426;3,856014136
92,4681275;3,106904933;3,847491271
92,5219334;3,110798166;3,838989941
92,57558923;3,114689135;3,830510075
92,62909555;3,118577849;3,822051603
92,68245291;3,122464317;3,813614456
92,73566187;3,126348548;3,805198564
92,78872299;3,130230549;3,796803859
92,84163681;3,134110331;3,788430272
92,89440387;3,137987902;3,780077735
92,94702473;3,14186327;3,771746179
92,99949992;3,145736444;3,763435538
93,05182997;3,149607432;3,755145745
93,10401543;3,153476244;3,746876731
93,15605682;3,157342887;3,738628431
93,20795467;3,16120737;3,730400778
93,25970952;3,165069701;3,722193706
93,31132187;3,168929889;3,714007149
93,36279226;3,172787942;3,705841042
93,4141212;3,176643868;3,69769532
93,46530921;3,180497675;3,689569919
93,51635679;3,184349371;3,681464772
93,56726447;3,188198965;3,673379816
93,61803274;3,192046465;3,665314988
93,66866211;3,195891878;3,657270223
93,71915308;3,199735212;3,649245459
93,76950616;3,203576476;3,641240631
93,81972184;3,207415677;3,633255678
93,86980061;3,211252824;3,625290536
93,91974297;3,215087923;3,617345143
93,96954941;3,218920983;3,609419438
94,01922041;3,222752011;3,601513359
94,06875645;3,226581015;3,593626844
94,11815803;3,230408003;3,585759832
94,16742561;3,234232983;3,577912262
94,21655968;3,238055961;3,570084074
94,26556071;3,241876945;3,562275207
94,31442918;3,245695943;3,554485602
94,36316555;3,249512962;3,546715197
94,41177029;3,25332801;3,538963935
94,46024387;3,257141094;3,531231755
94,50858675;3,260952221;3,523518598
94,55679939;3,264761399;3,515824407
94,60488225;3,268568635;3,508149121
94,65283578;3,272373935;3,500492683
94,70066045;3,276177308;3,492855035
94,74835669;3,279978759;3,485236119
94,79592497;3,283778298;3,477635878
94,84336572;3,287575929;3,470054254
94,8906794;3,291371661;3,46249119
94,93786645;3,295165501;3,45494663
94,9849273;3,298957454;3,447420517
95,0318624;3,302747529;3,439912794
95,07867218;3,306535733;3,432423406
95,12535708;3,310322071;3,424952297
95,17191753;3,314106551;3,417499411
95,21835396;3,317889179;3,410064693
95,26466679;3,321669963;3,402648088
95,31085646;3,325448908;3,39524954
95,35692339;3,329226023;3,387868996
95,40286799;3,333001312;3,380506401
95,4486907;3,336774784;3,3731617
95,49439192;3,340546444;3,36583484
95,53997208;3,344316298;3,358525767
95,58543159;3,348084355;3,351234427
95,63077085;3,351850619;3,343960768
95,67599028;3,355615098;3,336704735
95,7210903;3,359377797;3,329466277
95,76607129;3,363138724;3,322245341
95,81093368;3,366897884;3,315041874
95,85567785;3,370655284;3,307855824
95,90030422;3,37441093;3,300687138
95,94481317;3,378164829;3,293535767
95,98920511;3,381916986;3,286401657
96,03348044;3,385667407;3,279284757
96,07763953;3,3894161;3,272185017
96,1216828;3,39316307;3,265102385
96,16561061;3,396908322;3,258036811
96,20942337;3,400651864;3,250988244
96,25312146;3,404393702;3,243956635
96,29670526;3,40813384;3,236941932
96,34017515;3,411872286;3,229944085
96,38353152;3,415609045;3,222963047
96,42677474;3,419344122;3,215998765
96,46990519;3,423077525;3,209051193
96,51292325;3,426809259;3,20212028
96,55582929;3,430539329;3,195205977
96,59862367;3,434267742;3,188308236
96,64130678;3,437994504;3,181427009
96,68387898;3,441719619;3,174562247
96,72634063;3,445443094;3,167713901
96,7686921;3,449164934;3,160881925
96,81093376;3,452885146;3,15406627
96,85306596;3,456603734;3,147266888
96,89508907;3,460320704;3,140483733
96,93700344;3,464036063;3,133716758
96,97882983;3,467749815;3,12849122
97,02056198;3,471461965;3,12278957
97,06220017;3,475172519;3,1170994
97,10374468;3,478881481;3,111420682
97,14519577;3,482588856;3,105753389
97,18655373;3,486294649;3,100097492
97,22781881;3,489998865;3,094452963
97,26899129;3,493701509;3,088819774
97,31007143;3,497402586;3,083197897
97,35105952;3,5011021;3,077587305
97,3919558;3,504800057;3,07198797
97,43276055;3,508496461;3,066399865
97,47347402;3,512191317;3,060822962
97,5140965;3,515884629;3,055257233
97,55462822;3,519576403;3,049702652
97,59506946;3,523266643;3,044159192
97,63542048;3,526955354;3,038626825
97,67568153;3,530642541;3,033105524
97,71585288;3,534328207;3,027595263
97,75593477;3,538012359;3,022096014
97,79592747;3,541694999;3,016607751
97,83583123;3,545376134;3,011130448
97,8756463;3,549055768;3,005664078
97,91537294;3,552733904;3,000208614
97,95501139;3,556410549;2,99476403
97,99456192;3,560085705;2,9893303
98,03402476;3,563759379;2,983907398
98,07340017;3,567431573;2,978495297
98,1126884;3,571102293;2,973093972
98,15188968;3,574771543;2,967703397
98,19100428;3,578439328;2,962323545
98,23003242;3,582105652;2,956954391
98,26897437;3,585770519;2,95159591
98,30783035;3,589433933;2,946248076
98,34660061;3,5930959;2,940910863
98,3852854;3,596756423;2,935584246
98,42388495;3,600415507;2,9302682
98,4623995;3,604073155;2,924962699
98,50082929;3,607729374;2,919667718
98,53917455;3,611384165;2,914383232
98,57743554;3,615037534;2,909109217
98,61561247;3,618689486;2,903845647
98,65370558;3,622340023;2,898592497
98,69171511;3,625989151;2,893349742
98,7296413;3,629636874;2,888117359
98,76748436;3,633283195;2,882895322
98,80524454;3,63692812;2,877683607
98,84292207;3,640571651;2,872482189
98,88051716;3,644213793;2,867291044
98,91803006;3,647854551;2,862110148
98,95546099;3,651493928;2,856939477
98,99281017;3,655131928;2,851779006
99,03007784;3,658768556;2,846628711
99,06726421;3,662403815;2,841488569
99,10436951;3,66603771;2,836358555
99,14139396;3,669670244;2,831238645
99,17833779;3,673301421;2,826128817
99,21520122;3,676931246;2,821029046
99,25198447;3,680559723;2,815939308
99,28868776;3,684186854;2,810859581
99,3253113;3,687812645;2,80578984
99,36185532;3,691437099;2,800730062
99,39832004;3,695060219;2,795680225
99,43470566;3,698682011;2,790640304
99,47101241;3,702302477;2,785610276
99,5072405;3,705921622;2,780590119
99,54339014;3,709539449;2,77557981
99,57946156;3,713155963;2,770579325
99,61545495;3,716771166;2,765588641
99,65137054;3,720385063;2,760607737
99,68720853;3,723997658;2,755636588
99,72296914;3,727608953;2,750675174
99,75865257;3,731218954;2,745723469
99,79425903;3,734827664;2,740781454
99,82978873;3,738435086;2,735849104
99,86524189;3,742041224;2,730926398
99,90061869;3,745646082;2,726013312
99,93591936;3,749249663;2,721109826
99,97114409;3,752851971;2,716215917
100,0062931;3,75645301;2,711331562
100,0413666;3,760052784;2,70645674
100,0763647;3,763651295;2,701591429
100,1112877;3,767248548;2,696735606
100,1461358;3,770844546;2,69188925
100,1809092;3,774439293;2,68705234
100,2156081;3,778032792;2,682224853
100,2502326;3,781625047;2,677406767
100,284783;3,785216061;2,672598062
100,3192595;3,788805838;2,667798716
100,3536623;3,792394381;2,663008707
100,3879915;3,795981694;2,658228014
100,4222474;3,79956778;2,653456615
100,4564301;3,803152643;2,64869449
100,4905399;3,806736287;2,643941617
100,524577;3,810318713;2,639197975
100,5585414;3,813899927;2,634463543
100,5924336;3,817479931;2,6297383
100,6262535;3,821058729;2,625022225
100,6600014;3,824636325;2,620315297
100,6936776;3,82821272;2,615617496
100,7272821;3,83178792;2,6109288
100,7608152;3,835361927;2,60624919
100,7942771;3,838934744;2,601578643
100,8276679;3,842506376;2,596917141
100,8609879;3,846076824;2,592264662
100,8942372;3,849646093;2,587621185
100,927416;3,853214186;2,582986691
100,9605245;3,856781106;2,578361159
100,9935629;3,860346856;2,573744569
101,0265313;3,86391144;2,569136901
101,05943;3,86747486;2,564538135
101,0922592;3,87103712;2,55994825
101,1250189;3,874598224;2,555367226
101,1577094;3,878158174;2,550795044
101,1903309;3,881716973;2,546231683
101,2228836;3,885274625;2,541677125
101,2553676;3,888831133;2,537131348
101,287783;3,8923865;2,532594334
101,3201302;3,89594073;2,528066062
101,3524093;3,899493824;2,523546513
101,3846203;3,903045787;2,519035667
101,4167636;3,906596622;2,514533506
101,4488393;3,910146331;2,510040009
101,4808476;3,913694917;2,505555157
101,5127885;3,917242385;2,501078931
101,5446624;3,920788736;2,496611311
101,5764694;3,924333974;2,492152279
101,6082097;3,927878102;2,487701815
101,6398833;3,931421123;2,4832599
101,6714906;3,934963039;2,478826515
101,7030316;3,938503855;2,474401641
101,7345066;3,942043572;2,469985259
101,7659157;3,945582195;2,46557735
101,7972591;3,949119725;2,461177895
101,8285369;3,952656166;2,456786876
101,8597493;3,956191521;2,452404274
101,8908965;3,959725792;2,44803007
101,9219787;3,963258983;2,443664246
101,952996;3,966791097;2,439306782
101,9839485;3,970322136;2,434957661
102,0148365;3,973852103;2,430616864
102,0456601;3,977381001;2,426284373
102,0764195;3,980908834;2,421960169
102,1071148;3,984435603;2,417644234
102,1377462;3,987961313;2,413336549
102,1683138;3,991485964;2,409037097
102,1988179;3,995009562;2,40474586
102,2292586;3,998532107;2,400462818
102,259636;4,002053604;2,396187955
102,2899503;4,005574055;2,391921253
102,3202017;4,009093462;2,387662692
102,3503903;4,012611829;2,383412256
102,3805162;4,016129158;2,379169926
102,4105797;4,019645452;2,374935686
102,4405809;4,023160714;2,370709516
102,47052;4,026674946;2,3664914
102,500397;4,030188152;2,362281319
102,5302122;4,033700333;2,358079256
102,5599657;4,037211493;2,353885194
102,5896577;4,040721635;2,349699115
102,6192884;4,044230761;2,345521002
102,6488578;4,047738873;2,341350837
102,6783661;4,051245975;2,337188603
102,7078135;4,054752069;2,333034282
102,7372001;4,058257158;2,328887858
102,7665262;4,061761244;2,324749313
102,7957918;4,06526433;2,32061863
102,824997;4,068766419;2,316495792
102,8541421;4,072267513;2,312380781
102,8832272;4,075767615;2,308273581
102,9122525;4,079266728;2,304174175
102,941218;4,082764854;2,300082546
102,9701225;4,086261995;2,295884216
102,9989659;4,089758155;2,291670797
103,0277483;4,093253335;2,28746564
103,0564698;4,09674754;2,283268724
103,0851307;4,10024077;2,279080033
103,113731;4,103733029;2,274899548
103,142271;4,10722432;2,270727249
103,1707507;4,110714645;2,26656312
103,1991704;4,114204006;2,262407141
103,2275302;4,117692406;2,258259294
103,2558302;4,121179848;2,254119562
103,2840705;4,124666334;2,249987926
103,3122515;4,128151866;2,245864369
103,3403731;4,131636448;2,241748871
103,3684355;4,135120082;2,237641416
103,3964389;4,13860277;2,233541985
103,4243835;4,142084514;2,22945056
103,4522693;4,145565318;2,225367125
103,4800966;4,149045184;2,22129166
103,5078655;4,152524114;2,217224148
103,535576;4,15600211;2,213164572
103,5632284;4,159479176;2,209112914
103,5908229;4,162955313;2,205069157
103,6183595;4,166430525;2,201033282
103,6458384;4,169904812;2,197005273
103,6732597;4,173378179;2,192985112
103,7006237;4,176850627;2,188972782
103,7279304;4,180322159;2,184968265
103,7551799;4,183792776;2,180971545
103,7823725;4,187262483;2,176982603
103,8095082;4,19073128;2,173001423
103,8365872;4,19419917;2,169027988
103,8636097;4,197666156;2,16506228
103,8905757;4,20113224;2,161104283
103,9174855;4,204597425;2,15715398
103,9443391;4,208061712;2,153211353
103,9711368;4,211525104;2,149276386
103,9978785;4,214987603;2,145349062
104,0245646;4,218449212;2,141429365
104,0511951;4,221909933;2,137517276
104,0777701;4,225369769;2,13361278
104,1042898;4,228828721;2,129715861
104,1307543;4,232286791;2,125826501
104,1571638;4,235743983;2,121944683
104,1835184;4,239200299;2,118070392
104,2098182;4,24265574;2,114203611
104,2360634;4,246110309;2,110344324
104,2622541;4,249564008;2,106492513
104,2883904;4,253016839;2,102648164
104,3144725;4,256468805;2,098811258
104,3405005;4,259919909;2,094981781
104,3664745;4,263370151;2,091159716
104,3923947;4,266819534;2,087345047
104,4182612;4,270268061;2,083537757
104,4440741;4,273715734;2,079737831
104,4698336;4,277162555;2,075945253
104,4955398;4,280608526;2,072160006
104,5211928;4,284053649;2,068382075
104,5467927;4,287497926;2,064611444
104,5723397;4,290941361;2,060848096
104,597834;4,294383954;2,057092017
104,6232755;4,297825707;2,05334319
104,6486646;4,301266624;2,049601599
104,6740012;4,304706707;2,045867229
104,6992855;4,308145956;2,042140065
104,7245177;4,311584375;2,03842009
104,7496979;4,315021965;2,034707289
104,7748261;4,318458729;2,031001646
104,7999026;4,321894669;2,027303147
104,8249275;4,325329787;2,023611775
104,8499008;4,328764085;2,019927515
104,8748227;4,332197564;2,016250352
104,8996933;4,335630228;2,01258027
104,9245128;4,339062078;2,008917255
104,9492813;4,342493116;2,005261291
104,9739989;4,345923344;2,001612362
104,9986656;4,349352765;1,997970454
105,0232817;4,35278138;1,994335552
105,0478473;4,356209191;1,99070764
105,0723625;4,359636201;1,987086703
105,0968273;4,363062411;1,983472726
105,121242;4,366487824;1,979865695
105,1456066;4,369912441;1,976265595
105,1699213;4,373336264;1,97267241
105,1941862;4,376759296;1,969086125
105,2184014;4,380181539;1,965506727
105,242567;4,383602994;1,9619342
105,2666832;4,387023663;1,958368529
105,29075;4,390443548;1,9548097
105,3147676;4,393862652;1,951257698
105,338736;4,397280976;1,947712509
105,3626555;4,400698522;1,944174117
105,3865262;4,404115293;1,940642509
105,410348;4,407531289;1,93711767
105,4341213;4,410946513;1,933599585
105,457846;4,414360968;1,93008824
105,4815223;4,417774654;1,926583621
105,5051503;4,421187574;1,923085712
105,5287302;4,42459973;1,919594501
105,5522619;4,428011123;1,916109973
105,5757458;4,431421756;1,912632113
105,3226376;4,434850814;-27,34391641
104,9850876;4,438290963;-27,3272996
104,6466517;4,441742302;-27,30897441
104,3073426;4,445204933;-27,28898076
103,9671726;4,448678959;-27,26735762
103,6261535;4,452164484;-27,24414303
103,284297;4,455661612;-27,21937414
102,9416143;4,459170449;-27,19308724
102,5981164;4,4626911;-27,1653178
102,2538138;4,466223673;-27,13610047
101,9087169;4,469768277;-27,10546909
101,5628355;4,47332502;-27,07345677
101,2161795;4,476894014;-27,04009587
100,8687581;4,480475371;-27,00541803
100,5205804;4,484069202;-26,96945418
100,1716552;4,487675614;-26,91730973
99,82218551;4,491294717;-26,86397908
99,47218095;4,494926618;-26,81009105
99,12164319;4,498571428;-26,75565588
98,77057375;4,502229259;-26,70068367
98,41897401;4,505900225;-26,64518441
98,06684523;4,509584439;-26,58916794
97,71418854;4,513282018;-26,53264397
97,36100498;4,516993079;-26,4756221
97,00729544;4,520717741;-26,41811178
96,65306069;4,524456125;-26,36012236
96,29830138;4,528208352;-26,30166307
95,94301805;4,531974546;-26,242743
95,58721109;4,535754832;-26,18337115
95,23088078;4,539549338;-26,12355638
94,87402728;4,54335819;-26,06330744
94,5166506;4,547181521;-26,00263299
94,15875065;4,55101946;-25,94154155
93,80032719;4,554872143;-25,88004155
93,44137986;4,558739705;-25,81814131
93,08190816;4,562622282;-25,75584903
92,72191148;4,566520015;-25,69317283
92,36138906;4,570433044;-25,63012069
92,00034;4,574361512;-25,56670053
91,63876327;4,578305566;-25,50292014
91,27665772;4,582265351;-25,43878723
90,91402204;4,586241017;-25,37430939
90,55085479;4,590232717;-25,30949413
90,18715438;4,594240602;-25,24434886
89,8229191;4,598264831;-25,17888091
89,45814708;4,60230553;-25,06776473
89,09349844;4,606362831;-24,95934882
88,72893511;4,610436867;-24,85146984
88,36445024;4,614527774;-24,74412597
88,0000369;4,61863569;-24,63731544
87,63568807;4,622760753;-24,53103648
87,27139662;4,626903105;-24,42528737
86,90715535;4,631062888;-24,32006637
86,54295696;4,63524025;-24,21537181
86,17879403;4,639435338;-24,11120201
85,81465907;4,643648301;-24,00755532
85,45054446;4,647879292;-23,90443012
85,08644248;4,652128466;-23,80182481
84,72234533;4,65639598;-23,6997378
84,35824505;4,660681994;-23,59816756
83,99413361;4,664986669;-23,49711254
83,63000284;4,669310171;-23,39657124
83,26584444;4,673652666;-23,29654219
82,90165002;4,678014324;-23,19702392
82,53741103;4,682395319;-23,09801502
82,17311881;4,686795825;-22,99951407
81,80876457;4,691216022;-22,90151971
81,44433938;4,69565609;-22,80403057
81,07983414;4,700116215;-22,70704535
80,71523967;4,704596582;-22,61056273
80,35054657;4,709097384;-22,51458147
79,98574535;4,713618815;-22,41910031
79,62082633;4,71816107;-22,32411805
79,25577968;4,722724375;-22,2541436
78,89019088;4,727308936;-22,16152873
78,52442774;4,731914962;-22,06941213
78,1584795;4,736542667;-21,97779276
77,79233521;4,741192269;-21,88666961
77,42598373;4,745863989;-21,79604167
77,05941372;4,750558052;-21,70590801
76,69261364;4,755274689;-21,61626768
76,32557174;4,760014133;-21,5271198
75,95827605;4,764776623;-21,43846349
75,59071439;4,769562401;-21,35029793
75,22287433;4,774371716;-21,26262232
74,85474324;4,779204819;-21,17543587
74,48630821;4,784061968;-21,08873787
74,11755612;4,788943425;-21,00252761
73,74847355;4,793849457;-20,91680442
73,37904686;4,798780338;-20,83156767
73,00926211;4,803736347;-20,74681676
72,63910509;4,808717766;-20,66255113
72,26856131;4,813724886;-20,57877026
71,89761596;4,818758003;-20,49547365
71,52625394;4,823817419;-20,41266087
71,15445984;4,828903442;-20,33033148
70,78221791;4,834016387;-20,24848514
70,40951206;4,839156577;-20,16712148
70,03632587;4,844325475;-20,90394967
69,64734451;4,849524121;-21,29536947
69,24879899;4,854753343;-21,50849258
68,84389736;4,86001385;-21,61985497
68,4344643;4,865306285;-21,66888218
68,02161211;4,870631252;-21,67764097
67,60605432;4,875989331;-21,65928815
67,18826653;4,881381089;-21,62207072
66,76857503;4,886807089;-21,57137309
66,3472084;4,892267896;-21,51083189
65,92432904;4,897764075;-21,44297474
65,50005312;4,903296199;-21,3696022
65,07446368;4,908864849;-21,29202452
64,64761944;4,914470618;-21,21121314
64,21956089;4,920114108;-21,12790025
63,79031456;4,925795935;-21,04264586
63,35989609;4,931516731;-20,95588393
62,92831253;4,93727714;-20,86795471
62,4955639;4,943077824;-20,77912783
62,06164453;4,948919462;-20,68961898
61,62654393;4,954802753;-20,59960226
61,19024754;4,960728412;-20,50921926
60,75273724;4,966697173;-20,41705918
60,31402487;4,972709787;-20,32303795
59,87412437;4,978767028;-20,22943455
59,43299996;4,984869693;-20,13624702
58,99061474;4,991018607;-20,04347341
58,54693065;4,997214617;-19,95111177
58,10190842;5,003458599;-19,85916018
57,6555075;5,00975146;-19,7676167
57,20768601;5,016094134;-19,67647939
56,75840067;5,022487586;-19,58574635
56,30760674;5,028932816;-19,49541566
55,85525795;5,035430858;-19,4054854
55,40130639;5,041982781;-19,31595368
54,9457025;5,048589692;-19,2268186
54,4883949;5,05525274;-19,13807825
54,02933037;5,061973113;-19,04973076
53,56845369;5,068752045;-18,96177423
53,10570758;5,075590817;-18,87420679
52,64103258;5,082490757;-18,78702654
52,1743669;5,089453246;-18,70023163
51,70564633;5,096458346;-12,47185576
51,39112656;5,103506191;-12,28444338
51,07944269;5,110596869;-12,08757409
50,77088997;5,117730412;-11,88001407
50,46580222;5,124906794;-11,66030438
50,16455857;5,132125911;-11,42670382
49,86759199;5,139387577;-11,17711244
49,57539994;5,146691504;-10,90896665
49,2885581;5,154037282;-10,61909245
49,00773829;5,161424363;-10,30349396
48,73373243;5,168852023;-9,957038661
48,46748544;5,176319331;-9,572970126
48,21014189;5,183825099;-9,142115424
47,96311495;5,19136781;-8,651513316
47,72819381;5,198945526;-8,081837666
47,5077231;5,206555726;-7,401982011
47,30493307;5,214195041;-6,555617535
47,12464353;5,22185866;-5,417060682
46,97519208;5,229538151;-3,511542504
46,8781114;5,237239517;-4,802833461
46,74495323;5,24496275;-4,760243958
46,61260112;5,252707826;-4,714572557
46,48114813;5,260474699;-4,665413947
46,35069969;5,268263303;-4,612290565
46,22137579;5,276073546;-4,554634692
46,09331369;5,283905308;-4,491764518
45,96667135;5,291758431;-4,422851522
45,84163183;5,299632721;-4,346874966
45,71840904;5,307527933;-4,262556712
45,5972554;5,315443766;-4,168264901
45,47847236;5,32337985;-4,061866135
45,36242524;5,331335727;-3,940488043
45,2495651;5,339310834;-3,80011537
45,14046233;5,347304464;-3,634850171
45,035862;5,355315718;-3,435415111
44,93678286;5,363343419;-3,185661966
44,8447181;5,371385931;-2,852361941
44,76213355;5,379443935;-2,966463966
44,67607995;5,387517455;-2,954292568
44,5902144;5,39560651;-2,940622666
44,50458171;5,403711107;-2,925147187
44,41923601;5,411831241;-2,907485944
44,33424298;5,419966892;-2,887163782
44,24968273;5,428118023;-2,863580078
44,16565364;5,43628457;-2,835965033
44,08227749;5,444466443;-2,803315063
43,99970656;5,452663512;-2,764293595
43,91813378;5,460875602;-2,717071617
43,83780757;5,46910247;-2,659056219
43,75905503;5,477343791;-2,586392907
43,68231997;5,485599113;-2,492957689
43,60823137;5,493867801;-2,368003255
43,53774236;5,502148903;-2,189267179
43,472476;5,510440773;-1,891370641
43,4160172;5,518742085;-1,652301929
43,36663861;5,527052864;-1,651113472
43,31723927;5,535373136;-1,64995202
43,26781829;5,543702926;-1,648836282
43,21837424;5,552042262;-1,64779865
43,16890467;5,560391172;-1,646895215
43,11940547;5,568749683;-1,646223032
43,06986956;5,577117828;-1,645949717
43,02028479;5,585495644;-1,646363604
42,97063024;5,593883172;-1,647956948
42,92087002;5,602280468;-1,651558805
42,87094295;5,610687608;-1,658532753
42,82074629;5,6191047;-1,671033392
42,77011142;5,627531909;-1,692249392
42,71877204;5,635969475;-1,726439421
42,66633103;5,644417752;-1,778479477
42,61224072;5,652877231;-1,85282101
42,55581468;5,661347714;-1,813171873
42,50052429;5,669829237;-1,811586841
42,44521023;5,678321831;-1,809950554
42,389874;5,68682553;-1,808234527
42,33451795;5,695340366;-1,806394804
42,27914578;5,703866371;-1,804363399
42,22376335;5,712403573;-1,802034868
42,16837973;5,720952001;-1,799245044
42,11300916;5,729511675;-1,795736955
42,05767383;5,738082612;-1,7911052
42,00240861;5,746664816;-1,784702712
41,94726856;5,755258272;-1,775478063
41,89234158;5,763862937;-1,761674118
41,83777057;5,772478717;-1,740217614
41,78379457;5,781105432;-1,705301106
41,73083444;5,789742729;-1,644259394
41,6797074;5,798385547;-0,85583083
41,65307895;5,807028366;0
41,62645051;5,815671184;-0,85583083
41,65763244;5,824319531;1,001538069
41,70613871;5,832961405;1,559148338
41,76642187;5,841593228;1,939951818
41,8356467;5,850212592;2,23092111
41,91202754;5,858817694;2,46561852
41,99431736;5,867407114;2,661214056
42,08158927;5,875979702;2,827873654
42,17312481;5,884534512;2,972192026
42,26835009;5,893070754;3,098725114
42,36679625;5,901587765;3,210768927
42,4680734;5,910084986;3,310793572
42,57185278;5,918561942;3,400702475
42,67785396;5,927018233;3,481995815
42,78583544;5,935453522;3,555878145
42,89558761;5,943867521;3,623331853
43,00692724;5,952259993;3,685168831
43,11969325;5,960630737;3,742067758
43,23374332;5,968979591;3,794601596
43,33638767;5,97730642;3,424150892
43,43215747;5,985613527;3,202405368
43,52119892;5,993902316;2,983998499
43,60366915;6,002174147;2,769447053
43,67973782;6,010430333;2,55931564
43,74958876;6,018672141;2,354221474
43,81342184;6,026900789;2,154838538
43,8714548;6,03511745;1,961900357
43,81454621;6,043357731;-4,271560398
43,68783032;6,051624288;-4,666312589
43,54896269;6,059919547;-5,045624952
43,39828555;6,068245929;-5,411919359
43,23606339;6,07660587;-5,766853085
43,0625054;6,085001827;-6,11160361
42,87777946;6,093436292;-6,447030977
42,68202134;6,101911798;-6,773776372
42,47534109;6,110428819;-6,752581436
42,26829832;6,118987833;-6,730352158
42,06091968;6,127589325;-6,707984362
41,85320446;6,136233788;-6,685459998
41,64515248;6,144921725;-6,662759269
41,4367642;6,153653647;-6,639860436
41,22804075;6,162430071;-6,616739593
41,01898402;6,171251525;-6,593370414
40,8095968;6,180118546;-6,569723864
40,59988284;6,189031677;-6,545767879
40,38984701;6,197991471;-6,521466984
40,17949541;6,206998488;-6,496781877
39,96883555;6,216053298;-6,471668939
39,75787652;6,225156476;-6,446079671
39,5466292;6,234308605;-6,419960055
39,3351065;6,243510278;-6,393249806
39,12332358;6,252762089;-6,365881511
38,91129821;6,262064643;-6,337779622
38,69905108;6,271416573;-6,069012995
38,49472592;6,280818126;-6,003133089
38,29154634;6,2902695;-5,932214718
38,08970307;6,299770834;-5,855502212
37,88941677;6,309322199;-5,772085287
37,6909441;6,318923586;-5,680855196
37,49458539;6,328574881;-5,580443984
37,30069475;6,33827585;-5,469138206
37,10969336;6,348026111;-5,344752703
36,92208751;6,357825098;-5,204439404
36,73849388;6,367672012;-5,044385075
36,55967602;6,377565764;-4,859307646
36,3865996;6,387504881;-4,641558314
36,22052082;6,397487373;-4,379371082
36,06313949;6,407510512;-4,052994907
35,91689407;6,417570414;-3,624349047
35,78563592;6,427661025;-2,998049118
35,67672818;6,437758573;-0,674212926
35,65221975;6,447856121;0
35,62771132;6,457953669;-0,674212926
35,66241953;6,468064736;-1,589729069
35,60455365;6,478192276;-1,588524544
35,5466374;6,488336358;-1,587318458
35,4886706;6,498497052;-1,586108141
35,43065315;6,508674425;-1,584888429
35,37258515;6,518868547;-1,583649308
35,31446705;6,529079488;-1,582371309
35,25630005;6,539307317;-1,581016472
35,19808674;6,549552101;-1,579510549
35,13983246;6,559813906;-1,577707716
35,08154799;6,570092791;-1,575319969
35,02325488;6,580388802;-1,571773458
34,96499608;6,590701962;-1,565907355
34,90685806;6,601022294;-0,652960106
34,8825985;6,611342626;0
34,85833895;6,621662958;-0,652960106
34,86002462;6,631990472;0,045339467
34,85485867;6,642317487;-0,138954616
34,84751994;6,652646033;-0,197369258
34,84002775;6,662976754;-0,201453908
34,83253459;6,673309696;-0,201436508
34,82504054;6,683644862;-0,201417475
34,81754557;6,693982251;-0,201398453
34,8100497;6,704321865;-0,201379434
34,80255293;6,714663706;-0,201360417
34,79505525;6,725007775;-0,201341402
34,78755666;6,735354073;-0,201322391
34,78005716;6,745702601;-0,201303382
34,77255676;6,75605336;-0,201284375
34,76505544;6,766406352;-0,201265372
34,75755321;6,776761578;-0,20124637
34,85180131;6,787119039;2,527649016
34,9815527;6,79744849;3,489251357
35,13520824;6,807739629;4,147461059
35,3067373;6,817985761;4,650238496
35,49231466;6,828182116;5,055656716
35,68926377;6,838325157;5,393657195
35,89559785;6,848412224;5,682030313
36,10978274;6,858441309;5,93232617
36,33059989;6,868410906;6,152514956
36,55706074;6,878319909;6,348347571
36,78835002;6,888167527;6,52411765
37,02378655;6,897953234;6,683118461
37,26279505;6,907676713;6,827931817
37,50488537;6,917337824;6,960618736
37,74963677;6,926936573;7,08284976
37,98573174;6,936473089;6,876928496
38,21587506;6,945950332;6,745495722
38,44031217;6,9553705;6,618102104
38,65928175;6,964735669;6,494798776
38,87301589;6,974047792;6,375623651
39,0817401;6,983308715;6,260601638
39,28567343;6,992520178;6,149744908
39,48502847;7,001683824;6,043053229
39,68001141;7,010801204;5,940514358
39,87082202;7,019873782;5,842104502
40,05765374;7,028902941;5,747788831
40,24069364;7,037889988;5,657522058
40,42012242;7,046836155;5,571249067
40,59611451;7,05574261;5,488905593
40,76883801;7,064610454;5,41041894
40,98576736;7,073440728;6,82404131
41,23181839;7,082224265;7,781319701
41,49963282;7,090955386;8,520428949
41,78431639;7,099630161;9,115944266
42,08238161;7,108245834;9,609916259
42,39123035;7,116800483;10,02861915
42,70886549;7,125292806;10,38961758
43,03371566;7,133721969;10,70523326
43,36452187;7,142087503;10,9844293
43,70026066;7,15038922;11,23391381
44,04009012;7,158627157;11,45882406
44,38331078;7,166801527;11,66317006
44,72933661;7,174912684;11,85013276
45,07767316;7,182961093;12,02227064
45,42790063;7,190947309;12,18166648
45,77966076;7,198871954;12,3300339
46,1289582;7,206735708;12,33851727
46,47333575;7,214539916;12,25754443
46,81284674;7,222286294;12,17454354
47,14754149;7,229976491;12,08951692
47,47746744;7,237612096;12,00246715
47,80266934;7,24519464;11,91339702
48,12318937;7,2527256;11,82230956
48,43906731;7,260206401;11,72920804
48,75034061;7,267638419;11,63409596
49,05704456;7,275022982;11,53697705
49,35921239;7,282361378;11,43785527
49,65687533;7,289654849;11,3367348
49,95006276;7,296904601;11,23362006
50,23880226;7,304111799;11,12851566
50,52311972;7,311277575;11,02142646
50,8030394;7,318403025;10,91235751
51,07858399;7,325489216;10,80131407
51,34977473;7,332537179;10,68830162
51,62246182;7,339547921;10,80433686
51,89630359;7,346521629;10,90770568
52,17119048;7,35345854;11,0074177
52,44702229;7,3603589;11,10376076
52,72370729;7,367222969;11,19699402
53,00116137;7,374051017;11,28735145
53,27930731;7,380843321;11,37504484
53,55807417;7,387600165;11,46026644
53,83421942;7,394321841;11,4118885
54,10723115;7,401009038;11,34056615
54,37717498;7,407662492;11,26999443
54,64411428;7,414282917;11,20015836
54,9080087;7,420871001;11,12675664
55,16891471;7,427427421;11,05388106
55,42689302;7,433952835;10,98177713
55,68200234;7,440447877;10,9104299
55,93429954;7,446913162;10,83982488
56,18383967;7,453349284;10,76994803
56,4306761;7,459756821;10,70078575
56,67486054;7,46613633;10,63232487
56,91644314;7,472488352;10,56455258
57,15547255;7,478813414;10,49745647
57,39199597;7,485112023;10,43102451
57,62605922;7,491384675;10,36524498
57,85770682;7,497631849;10,30010652
58,08698198;7,50385401;10,23559809
58,31392672;7,510051612;10,17170896
58,53858186;7,516225095;10,10842868
58,76098711;7,522374885;10,0457471
58,9811811;7,528501399;9,983654336
59,1991944;7,53460504;9,921822406
59,41504358;7,540686204;9,859643031
59,62876496;7,546745276;9,79804422
59,84039392;7,55278263;9,737016693
60,04996491;7,558798634;9,676551409
60,25751149;7,564793641;9,616639557
60,46306637;7,570768;9,557272547
60,66666141;7,576722048;9,498442004
60,86832771;7,582656115;9,440139758
61,06809558;7,588570521;9,382357839
61,26599457;7,594465579;9,325088469
61,46205354;7,600341596;9,268324054
61,65630065;7,606198868;9,212057184
61,84876338;7,612037688;9,156280617
62,03946856;7,617858338;9,100987283
62,2284424;7,623661095;9,046170274
62,41609549;7,629446231;9,010308181
62,60267788;7,635213974;8,985914151
62,78797321;7,640964527;8,950604569
62,97199735;7,646698109;8,91551158
63,15476589;7,652414936;8,880632731
63,3362941;7,658115218;8,845965617
63,51659695;7,663799163;8,811507875
63,69568912;7,669466973;8,77725719
63,87358502;7,675118847;8,743211289
64,05029877;7,680754979;8,709367939
64,22584424;7,686375562;8,675724951
64,40023502;7,691980782;8,642280172
64,57348446;7,697570824;8,609031492
64,74560566;7,703145868;8,575976835
64,91661149;7,708706091;8,543114163
65,08651457;7,714251667;8,510441476
65,2553273;7,719782766;8,477956805
65,42306185;7,725299557;8,445658219
65,58973018;7,730802204;8,413543817
65,75534405;7,736290868;8,381611733
65,91991499;7,741765708;8,34986013
66,08345434;7,74722688;8,318287204
66,24597325;7,752674538;8,28689118
66,40748267;7,75810883;8,255670312
66,56799337;7,763529906;8,224622886
66,72751592;7,76893791;8,193747211
66,88606074;7,774332986;8,163041626
67,04363806;7,779715273;8,132504498
67,20025793;7,78508491;8,102134217
67,35593025;7,790442033;8,071929201
67,51066476;7,795786774;8,041887892
67,66447103;7,801119265;8,012008756
67,81735847;7,806439634;7,982290284
67,96933637;7,81174801;7,952730989
68,12041383;7,817044516;7,923329408
68,27059984;7,822329275;7,894084099
68,41990322;7,827602409;7,864993642
68,56833269;7,832864036;7,83605664
68,71589678;7,838114273;7,807271715
68,86264885;7,843353235;7,78101835
69,00862415;7,848581033;7,756362776
69,15382977;7,853797772;7,731820975
69,29827268;7,859003558;7,707392023
69,44195974;7,864198492;7,683075007
69,58489773;7,869382678;7,65886903
69,72709333;7,874556214;7,634773204
69,86855311;7,8797192;7,610786654
70,00928357;7,884871733;7,586908516
70,1492911;7,890013908;7,56313794
70,28858201;7,89514582;7,539474084
70,42716251;7,900267562;7,515916119
70,56503875;7,905379226;7,492463228
70,70221677;7,910480903;7,469114601
70,83870255;7,915572681;7,445869441
70,97450196;7,920654649;7,422726961
71,10962082;7,925726893;7,399686385
71,24406485;7,930789499;7,376746944
71,37783971;7,935842551;7,353907882
71,51095097;7,940886134;7,33116845
71,64340414;7,945920328;7,308527909
71,77520465;7,950945214;7,28598553
71,90635786;7,955960874;7,263540593
72,03686906;7,960967386;7,241192385
72,16674348;7,965964826;7,218940205
72,29598627;7,970953274;7,196783356
72,42460252;7,975932803;7,174721154
72,55259726;7,98090349;7,15275292
72,67997544;7,985865407;7,130877985
72,80674196;7,990818629;7,109095686
72,93290167;7,995763226;7,087405371
73,05845934;8,00069927;7,065806392
73,18341969;8,00562683;7,044298111
73,30778737;8,010545977;7,022879896
73,43156699;8,015456779;7,001551125
73,5547631;8,020359303;6,980311179
73,67738019;8,025253615;6,959159448
73,79942268;8,030139782;6,938095332
73,92089498;8,035017869;6,917118232
74,0418014;8,03988794;6,89622756
74,16214623;8,044750059;6,875422733
74,28193369;8,049604287;6,854703175
74,40116797;8,054450688;6,834068316
74,51985318;8,059289321;6,813517593
74,63799343;8,064120249;6,793050448
74,75559272;8,06894353;6,77266633
74,87265506;8,073759223;6,752364693
74,98918296;8,078567387;6,732062556
75,10516364;8,083368079;6,710876931
75,22060118;8,088161358;6,689780236
75,3354996;8,092947281;6,66877188
75,44986289;8,097725905;6,647851275
75,56369497;8,102497285;6,627017843
75,67699974;8,107261478;6,606271009
75,78978105;8,112018537;6,585610207
75,90204269;8,116768518;6,565034874
76,01378842;8,121511473;6,544544457
76,12502197;8,126247456;6,524138404
76,23574701;8,130976519;6,503816172
76,34596717;8,135698713;6,483577223
76,45568604;8,14041409;6,463421024
76,56490719;8,1451227;6,443347048
76,67363413;8,149824593;6,423354773
76,78187033;8,154519818;6,403443684
76,88961924;8,159208425;6,383613269
76,99688426;8,163890461;6,363863021
77,10366875;8,168565975;6,344192441
77,20997605;8,173235014;6,324601032
77,31580945;8,177897624;6,305088303
77,42117222;8,182553851;6,285653768
77,52606757;8,187203742;6,266296947
77,63049869;8,191847342;6,247017363
77,73446875;8,196484694;6,227814544
77,83798087;8,201115844;6,208688022
77,94103814;8,205740836;6,189637336
78,04364363;8,210359712;6,170662027
78,14580036;8,214972516;6,151761641
78,24751132;8,219579289;6,132935729
78,34877949;8,224180074;6,114183847
78,4496078;8,228774913;6,095505552
78,54999916;8,233363846;6,076900408
78,64995645;8,237946914;6,058367984
78,74948251;8,242524158;6,039907849
78,84858017;8,247095616;6,021519581
78,94725222;8,25166133;6,003202758
79,04550142;8,256221336;5,984956963
79,1433305;8,260775675;5,966781784
79,24074219;8,265324384;5,948676812
79,33773916;8,269867502;5,930641642
79,43432406;8,274405065;5,912675871
79,53049953;8,278937111;5,894779103
79,62626818;8,283463676;5,876950942
79,72163258;8,287984797;5,859190999
79,8165953;8,29250051;5,841498885
79,91115885;8,29701085;5,823874217
80,00532576;8,301515853;5,806316614
80,09909849;8,306015554;5,7888257
80,19247951;8,310509986;5,771401101
80,28547126;8,314999185;5,754042445
80,37807615;8,319483185;5,736749368
80,47029657;8,323962018;5,719521503
80,56213489;8,328435718;5,70235849
80,65359345;8,332904319;5,685259973
80,74467458;8,337367852;5,668225595
80,83538058;8,34182635;5,651255006
80,92571373;8,346279846;5,634347856
81,0156763;8,35072837;5,617503801
81,10527052;8,355171955;5,600722497
81,19449846;8,35961063;5,583994129
81,28335821;8,364044428;5,567069954
81,37185199;8,368473379;5,55020942
81,459982;8,372897513;5,533412183
81,54775043;8,377316861;5,516677898
81,63515943;8,381731453;5,500006227
81,72221117;8,386141317;5,483396834
81,80890776;8,390546485;5,466849383
81,8952513;8,394946983;5,450363544
81,98124389;8,399342843;5,433938989
82,0668876;8,403734091;5,417575391
82,15218448;8,408120757;5,401272428
82,23713655;8,412502868;5,385029779
82,32174585;8,416880452;5,368847126
82,40601435;8,421253537;5,352724154
82,48998937;8,42562215;5,339542482
82,5736657;8,429986316;5,325971605
82,65706263;8,43434606;5,313572399
82,74018758;8,438701404;5,30159272
82,8230419;8,443052374;5,28964669
82,90562693;8,44739899;5,277734168
82,987944;8,451741277;5,265855015
83,06999442;8,456079256;5,254009092
83,1517795;8,460412951;5,242196261
83,23330054;8,464742383;5,230416385
83,31455883;8,469067575;5,218669328
83,39555564;8,473388549;5,206954955
83,47629224;8,477705326;5,195273132
83,5567699;8,482017927;5,183623725
83,63698986;8,486326375;5,172006602
83,71695336;8,490630691;5,160421632
83,79666163;8,494930895;5,148868683
83,8761159;8,499227009;5,137347626
83,95531738;8,503519053;5,125858331
84,03426727;8,507807048;5,114400672
84,11296677;8,512091015;5,10297452
84,19141707;8,516370974;5,091579748
84,26961935;8,520646944;5,080216232
84,34757476;8,524918946;5,068883846
84,42528449;8,529187;5,057582466
84,50274968;8,533451125;5,046311969
84,57997147;8,537711342;5,035072232
84,656951;8,541967669;5,023863134
84,7336894;8,546220125;5,012684553
84,81018779;8,55046873;5,00153637
84,88644729;8,554713503;4,990418465
84,962469;8,558954463;4,979330719
85,03825401;8,563191628;4,968273014
85,11380342;8,567425017;4,957245233
85,18911831;8,571654648;4,94624726
85,26419975;8,57588054;4,935278979
85,3390488;8,580102711;4,924340274
85,41366654;8,584321178;4,913431032
85,48805401;8,58853596;4,902551139
85,56221225;8,592747075;4,891700481
85,6361423;8,59695454;4,880878946
85,7098452;8,601158372;4,870086424
85,78332197;8,60535859;4,859322802
85,85657362;8,60955521;4,848587972
85,92960117;8,613748249;4,837881822
86,00240561;8,617937725;4,827204244
86,07498795;8,622123655;4,816555131
86,14734916;8,626306054;4,805934373
86,21949025;8,630484941;4,795341865
86,29141217;8,634660331;4,7847775
86,36311591;8,638832241;4,774241172
86,43460241;8,643000687;4,763732776
86,50587265;8,647165686;4,753252208
86,57692758;8,651327253;4,742799363
86,64776812;8,655485405;4,732374139
86,71839523;8,659640157;4,721976433
86,78880984;8,663791525;4,711606142
86,85901286;8,667939525;4,701263166
86,92900523;8,672084173;4,690947403
86,99878785;8,676225483;4,680658753
87,06836163;8,680363472;4,670397116
87,13772748;8,684498154;4,660162394
87,20688628;8,688629545;4,649954487
87,27583893;8,692757659;4,639773298
87,34458632;8,696882512;4,629618729
87,41312932;8,701004119;4,619490682
87,48146881;8,705122493;4,609389063
87,54960564;8,70923765;4,599313775
87,6175407;8,713349605;4,589264722
87,68527482;8,717458371;4,57924181
87,75280887;8,721563964;4,569244944
87,82014368;8,725666396;4,559274032
87,88728011;8,729765684;4,549328979
87,95421897;8,73386184;4,539409694
88,02096111;8,737954878;4,529516083
88,08750735;8,742044813;4,519648056
88,15385851;8,746131658;4,50980552
88,2200154;8,750215427;4,499988387
88,28597882;8,754296134;4,490196564
88,3517496;8,758373791;4,480429963
88,41732852;8,762448414;4,470688495
88,48271638;8,766520014;4,46097207
88,54791397;8,770588605;4,451280601
88,61292207;8,7746542;4,441614
88,67774146;8,778716813;4,43197218
88,74237292;8,782776457;4,422355053
88,80681723;8,786833143;4,412762534
88,87107513;8,790886886;4,403194536
88,9351474;8,794937698;4,393650975
88,9990348;8,798985591;4,384131765
89,06273806;8,803030579;4,374636822
89,12625795;8,807072673;4,365166061
89,18959521;8,811111887;4,3557194
89,25275056;8,815148232;4,346296754
89,31572475;8,819181722;4,336898041
89,37851851;8,823212367;4,32752318
89,44113256;8,82724018;4,318172087
89,50356762;8,831265174;4,308844682
89,56582442;8,83528736;4,299540884
89,62790365;8,83930675;4,290260611
89,68980603;8,843323357;4,281003784
89,75153227;8,847337191;4,271770323
89,81308307;8,851348264;4,262560148
89,87445911;8,855356589;4,253373182
89,93566109;8,859362176;4,244209344
89,99668971;8,863365038;4,235068557
90,05754564;8,867365185;4,225950743
90,11822551;8,871362629;4,216574381
90,17872864;8,875357381;4,20712554
90,23905574;8,879349454;4,19770135
90,29920751;8,883338857;4,188301726
90,35918466;8,887325603;4,178926583
90,41898788;8,891309703;4,169575835
90,47861787;8,895291167;4,160249399
90,53807531;8,899270008;4,150947191
90,5973609;8,903246236;4,141669127
90,65647532;8,907219861;4,132415124
90,71541924;8,911190896;4,1231851
90,77419333;8,91515935;4,113978973
90,83279827;8,919125235;4,10479666
90,89123473;8,923088561;4,095638081
90,94950337;8,927049339;4,086503155
91,00760484;8,93100758;4,077391802
91,06553979;8,934963293;4,06830394
91,1233089;8,93891649;4,059239491
91,18091279;8,94286718;4,050198375
91,23835211;8,946815375;4,041180513
91,29562751;8,950761084;4,032185827
91,35273961;8,954704318;4,023214239
91,40968906;8,958645087;4,014265671
91,46647649;8,9625834;4,005340045
91,52310251;8,966519268;3,996437286
91,57956775;8,970452701;3,987557315
91,63587284;8,974383709;3,978700057
91,69201838;8,978312302;3,969865436
91,74800499;8,982238488;3,961053377
91,80383327;8,98616228;3,952263804
91,85950384;8,990083684;3,943496644
91,9150173;8,994002713;3,93475182
91,97037423;8,997919374;3,92602926
92,02557525;9,001833678;3,91732889
92,08062094;9,005745634;3,908650636
92,13551189;9,009655252;3,899994426
92,19024869;9,01356254;3,891360187
92,24483191;9,017467508;3,882747847
92,29926215;9,021370166;3,874157333
92,35353997;9,025270522;3,865588575
92,40766595;9,029168586;3,857041501
92,46164066;9,033064366;3,848516039
92,51546466;9,036957873;3,840012121
92,56913853;9,040849114;3,831529675
92,62266281;9,044738099;3,823068631
92,67603807;9,048624837;3,814628921
92,72926487;9,052509336;3,806210474
92,78234376;9,056391606;3,797813222
92,83527528;9,060271655;3,789437097
92,88805998;9,064149491;3,781082029
92,94069841;9,068025123;3,772747952
92,9931911;9,071898561;3,764434797
93,04553859;9,075769812;3,756142498
93,09774143;9,079638886;3,747870986
93,14980013;9,083505789;3,739620196
93,20171524;9,087370532;3,731390061
93,25348726;9,091233122;3,723180515
93,30511674;9,095093567;3,714991493
93,35660419;9,098951876;3,706822928
93,40795013;9,102808058;3,698674756
93,45915508;9,106662119;3,690546911
93,51021954;9,11051407;3,68243933
93,56114403;9,114363916;3,674351947
93,61192905;9,118211667;3,6662847
93,66257511;9,122057331;3,658237523
93,71308272;9,125900915;3,650210354
93,76345237;9,129742428;3,64220313
93,81368456;9,133581877;3,634215788
93,86377979;9,13741927;3,626248265
93,91373854;9,141254616;3,618300498
93,96356132;9,145087921;3,610372427
94,01324859;9,148919193;3,602463988
94,06280085;9,15274844;3,594575121
94,11221859;9,156575671;3,586705765
94,16150228;9,160400891;3,578855858
94,2106524;9,16422411;3,57102534
94,25966942;9,168045334;3,563214151
94,30855381;9,171864571;3,55542223
94,35730606;9,175681828;3,547649518
94,40592662;9,179497113;3,539895954
94,45441596;9,183310433;3,53216148
94,50277455;9,187121795;3,524446037
94,55100284;9,190931207;3,516749565
94,5991013;9,194738676;3,509072007
94,64707038;9,198544209;3,501413304
94,69491053;9,202347813;3,493773397
94,74262221;9,206149496;3,486152229
94,79020587;9,209949264;3,478549743
94,83766195;9,213747124;3,470965881
94,8849909;9,217543085;3,463400586
94,93219317;9,221337152;3,455853802
94,97926919;9,225129332;3,448325471
95,0262194;9,228919633;3,440815538
95,07304424;9,232708061;3,433323946
95,11974415;9,236494623;3,425850639
95,16631956;9,240279326;3,418395563
95,21277089;9,244062177;3,410958661
95,25909858;9,247843183;3,403539878
95,30530305;9,251622349;3,39613916
95,35138473;9,255399684;3,388756451
95,39734404;9,259175193;3,381391698
95,4431814;9,262948883;3,374044847
95,48889722;9,26672076;3,366715842
95,53449193;9,270490832;3,359404631
95,57996593;9,274259104;3,352111159
95,62531965;9,278025584;3,344835374
95,67055349;9,281790277;3,337577223
95,71566785;9,285553191;3,330336652
95,76066315;9,28931433;3,323113609
95,80553979;9,293073703;3,315908042
95,85029818;9,296831314;3,308719898
95,8949387;9,300587171;3,301549126
95,93946177;9,30434128;3,294395673
95,98386777;9,308093646;3,287259488
96,02815711;9,311844276;3,280140519
96,07233018;9,315593177;3,273038716
96,11638736;9,319340353;3,265954028
96,16032906;9,323085813;3,258886403
96,20415565;9,32682956;3,251835792
96,24786752;9,330571602;3,244802143
96,29146505;9,334311945;3,237785408
96,33494864;9,338050594;3,230785535
96,37831865;9,341787556;3,223802476
96,42157547;9,345522836;3,21683618
96,46471948;9,34925644;3,209886599
96,50775104;9,352988374;3,202953683
96,55067054;9,356718644;3,196037384
96,59347835;9,360447257;3,189137652
96,63617483;9,364174216;3,18225444
96,67876036;9,367899529;3,175387698
96,7212353;9,371623201;3,168537379
96,76360002;9,375345238;3,161703435
96,80585487;9,379065645;3,154885817
96,84800023;9,382784429;3,14808448
96,89003645;9,386501594;3,141299374
96,93196389;9,390217146;3,134530453
96,97380164;9,393931091;3,129178104
97,01554512;9,397643434;3,12347507
97,0571946;9,40135418;3,11778352
97,09875037;9,405063333;3,112103426
97,14021269;9,408770899;3,10643476
97,18158183;9,412476882;3,100777493
97,22285808;9,416181287;3,095131597
97,26404168;9,41988412;3,089497045
97,30513293;9,423585385;3,083873808
97,34613207;9,427285087;3,07826186
97,38703939;9,430983231;3,072661172
97,42785514;9,434679822;3,067071717
97,46857959;9,438374864;3,061493467
97,50921299;9,442068362;3,055926395
97,54975563;9,44576032;3,050370474
97,59020774;9,449450745;3,044825677
97,6305696;9,453139639;3,039291977
97,67084147;9,456827009;3,033769345
97,71102359;9,460512858;3,028257757
97,75111624;9,464197192;3,022757185
97,79111966;9,467880014;3,017267602
97,8310341;9,47156133;3,011788981
97,87085984;9,475241144;3,006321297
97,9105971;9,478919461;3,000864522
97,95024616;9,482596284;2,99541863
97,98980725;9,48627162;2,989983595
98,02928063;9,489945471;2,984559391
98,06866655;9,493617843;2,979145992
98,10796525;9,497288741;2,973743372
98,14717698;9,500958167;2,968351504
98,186302;9,504626128;2,962970363
98,22534053;9,508292627;2,957599924
98,26429284;9,511957669;2,95224016
98,30315915;9,515621259;2,946891046
98,34193972;9,519283399;2,941552556
98,38063478;9,522944096;2,936224665
98,41924457;9,526603353;2,930907348
98,45776933;9,530261174;2,92560058
98,49620931;9,533917564;2,920304334
98,53456474;9,537572527;2,915018587
98,57283585;9,541226067;2,909743313
98,61102288;9,544878189;2,904478487
98,64912607;9,548528896;2,899224084
98,68714565;9,552178194;2,893980081
98,72508185;9,555826085;2,88874645
98,76293491;9,559472575;2,88352317
98,80070505;9,563117667;2,878310214
98,83839251;9,566761366;2,873107558
98,87599751;9,570403675;2,867915179
98,91352029;9,574044599;2,862733051
98,95096106;9,577684142;2,85756115
98,98832007;9,581322308;2,852399453
99,02559753;9,584959101;2,847247935
99,06279368;9,588594524;2,842106572
99,09990872;9,592228583;2,83697534
99,13694289;9,59586128;2,831854216
99,17389641;9,599492621;2,826743176
99,21076951;9,603122608;2,821642196
99,24756239;9,606751247;2,816551252
99,28427529;9,61037854;2,811470321
99,32090842;9,614004492;2,80639938
99,35746199;9,617629106;2,801338405
99,39393624;9,621252387;2,796287372
99,43033137;9,624874338;2,791246259
99,4666476;9,628494964;2,786215042
99,50288514;9,632114268;2,781193699
99,53904422;9,635732253;2,776182205
99,57512503;9,639348925;2,771180539
99,6111278;9,642964285;2,766188678
99,64705274;9,646578339;2,761206598
99,68290006;9,65019109;2,756234277
99,71866997;9,653802542;2,751271692
99,54699625;9,657432341;-28,15839
99,17904277;9,661075623;-27,98393032
98,81201073;9,664732453;-27,80880475
98,44591927;9,668402897;-27,63294404
98,08078868;9,672087019;-27,45627449
97,71664056;9,675784883;-27,27871764
97,35349779;9,679496553;-27,10018985
96,99138474;9,683222091;-26,92060184
96,63032729;9,68696156;-26,73985818
96,27035296;9,690715021;-26,55785678
95,91149103;9,694482593;-26,4864262
95,55224874;9,69826439;-26,39917125
95,19283803;9,702060527;-26,3122185
94,83325282;9,70587112;-26,22556588
94,47348698;9,709696287;-26,13921133
94,11353431;9,713536148;-26,05315277
93,75338854;9,717390825;-25,96738814
93,39304334;9,721260441;-25,88191538
93,0324923;9,72514512;-25,79673243
92,67172893;9,729044991;-25,71183724
92,31074668;9,732960182;-25,62722775
91,94953891;9,736890824;-25,5429019
91,58809893;9,740837049;-25,45885765
91,22641994;9,744798993;-25,37509294
90,86449507;9,748776792;-25,29160573
90,50231737;9,752770584;-25,20839398
90,13987981;9,756780512;-25,12545564
89,77717525;9,760806718;-25,04278866
89,41419649;9,764849349;-24,96039102
89,05093623;9,76890855;-24,87826066
88,68738706;9,772984474;-24,79639556
88,3235415;9,777077272;-24,71479368
87,95939195;9,781187099;-24,63345299
87,59493073;9,785314112;-24,55237145
87,23015005;9,789458472;-24,47154704
86,86504202;9,793620341;-24,39097772
86,49959862;9,797799884;-24,31066147
86,13381175;9,80199727;-24,23059627
85,76767319;9,806212669;-24,15078008
85,40117459;9,810446254;-24,07121089
85,03430749;9,814698203;-23,99188667
84,66706332;9,818968694;-23,9128054
84,29943338;9,823257911;-23,83396507
83,93140884;9,827566038;-23,75536364
83,56298072;9,831893204;-23,60054627
83,19533622;9,836239536;-23,44726746
82,82846162;9,840605163;-23,29286648
82,46238496;9,844990212;-23,13723589
82,09713643;9,849394812;-22,98025951
81,73274864;9,853819087;-22,82181148
81,36925671;9,858263164;-22,66175526
81,00669861;9,862727166;-22,49994244
80,64511533;9,867211217;-22,33621142
80,28455119;9,871715437;-22,17038588
79,92505415;9,876239944;-22,00227308
79,56667616;9,880784855;-21,83166188
79,20947351;9,885350283;-21,65832049
78,85350731;9,889936338;-21,48199387
78,49884395;9,894543125;-21,30240072
78,14555564;9,899170748;-21,11922999
77,79372104;9,903819303;-20,93213684
77,44342599;9,908488881;-20,74073791
77,09476422;9,913179567;-20,54460572
76,74783838;9,917891438;-20,34326211
76,40276095;9,922624565;-20,13617045
76,05965558;9,927379008;-19,92272632
75,71865834;9,932154815;-19,70224636
75,37991943;9,936952026;-19,47395473
75,04360503;9,941770665;-19,23696672
74,70989947;9,94661074;-18,99026855
74,37900788;9,951472244;-18,73269249
74,05115927;9,956355148;-18,46288565
73,72661024;9,961259403;-18,17927071
73,40564946;9,966184932;-17,87999569
73,08860312;9,971131628;-17,56286902
72,77584166;9,976099545;-17,38178406
72,46497711;9,981088776;-17,23521975
72,15541135;9,98609941;-17,08654893
71,84719938;9,991131531;-16,93560965
71,5404;9,996185222;-16,78222603
71,23507619;10,00126056;-16,62620673
70,93129541;10,0063576;-16,46734308
70,62913005;10,01147643;-16,30540708
70,32865784;10,01661708;-16,14014895
70,02996236;10,02177962;-15,97129439
69,73313363;10,02696408;-15,79854139
69,43826871;10,0321705;-15,62155646
69,14547243;10,03739889;-15,43997023
68,8548582;10,04264926;-15,25337227
68,56654895;10,04792162;-15,06130494
68,28067816;10,05321594;-14,86325597
67,99739112;10,05853219;-14,65864966
67,71684631;10,06387033;-14,44683608
67,43921705;10,06923029;-14,22707793
67,16469346;10,07461198;-13,99853434
66,89348468;10,08001529;-13,76024057
66,62582161;10,08544009;-13,51108254
66,36196016;10,0908862;-13,2497642
66,10218517;10,09635343;-12,97476527
65,84681525;10,10184156;-12,68428567
65,59620878;10,10735029;-12,37617096
65,35077147;10,11287931;-12,0478103
65,11096606;10,11842825;-11,69599327
64,877325;10,12399687;-11,44017495
64,64798348;10,12958514;-11,30395404
64,42057283;10,13519304;-11,16395837
64,19519005;10,14082051;-11,01986559
63,97193989;10,14646748;-10,87131576
63,75093568;10,15213389;-10,71790529
63,53230035;10,15781964;-10,55917949
63,31616762;10,16352463;-10,39462342
63,10268332;10,16924873;-10,22365066
62,89200709;10,17499179;-10,04558912
62,68431424;10,18075365;-9,859663105
62,47979816;10,18653412;-9,664970323
62,27867311;10,19233298;-9,460451866
62,08117773;10,19814998;-9,244852435
61,88757945;10,20398484;-9,016666613
61,69818003;10,20983723;-8,774064642
61,51332271;10,21570679;-8,514787286
61,33340175;10,2215931;-8,235992314
61,15887523;10,22749568;-7,934022225
60,99028291;10,23341398;-7,604037156
60,82827219;10,23934736;-7,23940256
60,67363723;10,24529508;-6,830594875
60,52738192;10,25125625;-6,363058032
60,39082935;10,25722979;-5,812428508
60,26583469;10,2632143;-5,131581049
60,15527866;10,26920784;-4,200372817
60,06464825;10,2752048;-1,587421106
60,03037731;10,28120177;0
59,99610636;10,28719873;-1,587421106
60,013544;10,29319912;0,807245499
60,03769916;10,29919777;1,118547009
60,06741092;10,305194;1,376408869
60,10187236;10,31118727;1,597229516
60,14048206;10,3171771;1,79052075
60,18277049;10,32316308;1,962381578
60,22835879;10,32914486;2,116998567
60,27693357;10,33512211;2,257391499
60,32823056;10,34109454;2,385822261
60,38202347;10,3470619;2,504036118
60,43811603;10,35302394;2,613412406
60,49633628;10,35898044;2,715063055
60,55653215;10,36493122;2,809899442
60,6185682;10,37087608;2,898679196
60,68232298;10,37681485;2,982039852
60,74768697;10,38274738;3,060523599
60,81456089;10,38867354;3,13459585
60,88285438;10,39459317;3,204659412
60,95248484;10,40050617;3,271065472
61,02337649;10,40641241;3,334122231
61,09545962;10,41231178;3,394101772
61,16866988;10,4182042;3,451245584
61,24294772;10,42408957;3,505769049
61,31823791;10,4299678;3,557865121
61,3944891;10,43583881;3,607707372
61,47165346;10,44170253;3,655452526
61,54153365;10,44755888;3,314545302
61,60554586;10,45340859;3,039667927
61,66351491;10,45925222;2,755567185
61,7152375;10,46509036;2,460954203
61,76047347;10,4709236;2,154126885
61,79893267;10,47675257;1,832761288
61,83025416;10,48257791;1,493545252
61,81584922;10,48840992;-4,168373261
61,72833331;10,49425012;-4,119936656
61,64171278;10,50009845;-4,067307681
61,55607979;10,50595482;-4,009834277
61,47154075;10,51181913;-3,946707802
61,38821966;10,51769129;-3,876906523
61,30626277;10,52357116;-3,799110023
61,22584499;10,52945859;-3,711563806
61,14717927;10,53535342;-3,611853441
61,07053081;10,54125542;-3,496501262
60,99623991;10,54716435;-3,360178323
60,92476173;10,55307988;-3,193957553
60,85674348;10,55900159;-2,980620654
60,79320209;10,56492888;-2,676845414
60,73608297;10,57085954;-1,619143983
60,70151365;10,5767902;0
60,66694433;10,58272086;-1,619143419
60,65950503;10,5886549;-0,348240325
60,66573338;10,59458966;0,291519163
60,68095415;10,60052382;0,712483766
60,70310496;10,60645649;1,0371389
60,73094983;10,61238699;1,304220918
60,76364333;10,61831478;1,532027192
60,80056156;10,62423937;1,730930914
60,84122076;10,63016037;1,907485938
60,88523242;10,63607741;2,066144712
60,93227638;10,64199017;2,210094271
60,98208337;10,64789837;2,341707733
61,03442331;10,65380175;2,462807649
61,08909702;10,65970006;2,574828994
61,14593019;10,66559309;2,678924946
61,20476886;10,67148064;2,776038228
61,26547603;10,67736254;2,8669508
61,32792892;10,68323861;2,952319431
61,39201687;10,68910869;3,032701765
61,45763964;10,69497264;3,108575807
61,524706;10,70083034;3,180354757
61,59313256;10,70668164;3,248398481
61,66284289;10,71252645;3,313022498
61,73376661;10,71836465;3,374505122
61,80583882;10,72419614;3,433093193
61,87478928;10,73002084;3,288226267
61,94153532;10,73583904;3,186648689
62,00611142;10,74165097;3,08637574
62,06855284;10,74745685;2,9874611
62,12889558;10,75325689;2,889958666
62,18717641;10,75905129;2,793922438
62,24343287;10,76484027;2,699406387
62,2977033;10,77062401;2,606464308
62,3500268;10,77640271;2,515149655
62,40044326;10,78217657;2,425515354
62,44899335;10,78794576;2,3376136
62,4957185;10,79371046;2,251495628
62,54066088;10,79947086;2,167211471
62,58386338;10,80522711;2,084809693
62,62536962;10,81097939;2,004337107
62,66522387;10,81672786;1,925838468
62,70347101;10,82247268;1,849356162
62,74015652;10,82821399;1,774929872
62,77532642;10,83395194;1,702596241
62,80902717;10,83968667;1,632388526
62,84130564;10,84541834;1,564336254
62,87220905;10,85114705;1,498464886
62,90178484;10,85687295;1,434795488
62,93008061;10,86259616;1,373344423
62,96689054;10,86831679;1,787385782
63,0109083;10,87403408;2,138627868
63,06115321;10,87974738;2,44288375
63,11688925;10,88545613;2,712020795
63,17753833;10,89115983;2,953689415
63,24263141;10,89685806;3,173163623
63,31177847;10,90255042;3,374261247
63,38464906;10,90823656;3,559850848
63,46095885;10,91391617;3,732151936
63,54046014;10,91958895;3,892923072
63,62293494;10,92525463;4,043585161
63,70818966;10,93091297;4,185305319
63,79605115;10,93656374;4,31905572
63,88636348;10,94220672;4,445655983
63,97898547;10,94784172;4,565804403
64,07378866;10,95346857;4,680101417
64,17065559;10,95908709;4,789067553
64,26947852;10,96469713;4,893157354
64,37015819;10,97029855;4,992770338
64,47260294;10,9758912;5,088259732
64,57672782;10,98147497;5,179939504
64,6824539;10,98704973;5,268090081
64,78970772;10,99261538;5,352963047
64,89842069;10,99817182;5,434785026
65,0037541;11,00371895;5,274670061
65,10551121;11,00925709;5,103853371
65,2036696;11,01478658;4,931058722
65,29820556;11,02030774;4,756243423
65,38909397;11,02582091;4,579359411
65,47630815;11,03132642;4,400352428
65,55981978;11,03682459;4,219161059
65,63959863;11,04231576;4,035715568
65,71561247;11,04780025;3,849936492
65,78782675;11,0532784;3,661732936
65,8562044;11,05875054;3,471000465
65,92070543;11,06421699;3,277618499
65,98128663;11,0696781;3,081447048
66,03790102;11,07513419;2,882322558
66,0904973;11,08058561;2,680052588
66,13901916;11,08603268;2,474408855
66,18340435;11,09147576;2,265118027
66,22358356;11,09691519;2,051849282
66,25947892;11,10235132;1,834197154
66,29100208;11,10778451;1,611657276
66,31805151;11,11321511;1,38359109
66,34050886;11,1186435;1,149172719
66,3582336;11,12407004;0,907305612
66,37105499;11,12949514;0,656484954
66,38258699;11,1349192;0,59057962
66,39454607;11,1403423;0,612557535
66,40690096;11,14576444;0,63294582
66,41962318;11,15118556;0,651885229
66,43268669;11,15660564;0,669500687
66,44606761;11,16202466;0,685903565
66,45974407;11,16744259;0,701193535
66,47369592;11,1728594;0,715460129
66,48790461;11,17827508;0,728784038
66,50235302;11,1836896;0,7412382
66,51702534;11,18910294;0,752888738
66,53190694;11,19451509;0,763795742
66,54698425;11,19992603;0,774013957
66,5622447;11,20533574;0,783593361
66,57767662;11,21074421;0,79257968
66,59326916;11,21615143;0,801014821
66,60901223;11,22155738;0,808937263
66,62489644;11,22696205;0,816382394
66,64091304;11,23236544;0,823382808
66,65705386;11,23776753;0,829968568
66,6733113;11,24316831;0,836167436
66,68967825;11,24856777;0,842005088
66,70614807;11,2539659;0,847505289
66,72271455;11,25936271;0,852690067
66,7393719;11,26475817;0,857579853
66,77606658;11,27015229;1,889645194
66,8274724;11,27554344;2,648671573
66,89071693;11,28093045;3,261166559
66,96395679;11,28631236;3,780143895
67,04587801;11,29168839;4,232846562
67,13548262;11,29705784;4,635509225
67,23197963;11,30242014;4,998744676
67,33472258;11,30777473;5,329947381
67,44317082;11,31312115;5,634515828
67,55686401;11,31845898;5,91653468
67,67540446;11,32378783;6,179182988
67,79844458;11,32910734;6,424992171
67,92567754;11,33441719;6,656016375
68,05683027;11,3397171;6,873949096
68,19165798;11,3450068;7,080205478
68,32993989;11,35028604;7,275981901
68,47147581;11,35555459;7,462300088
68,61608336;11,36081226;7,640040396
68,76336979;11,36605884;7,79800776
68,90987025;11,37129419;7,773044334
69,05559625;11,3765184;7,7484256
69,20055482;11,38173159;7,723920339
69,34475291;11,38693386;7,699527631
69,48819736;11,39212531;7,675246569
69,6308949;11,39730605;7,651076257
69,77285218;11,40247617;7,627015812
69,91407575;11,40763577;7,603064363
70,05457207;11,41278495;7,579221051
70,19434751;11,4179238;7,555485027
70,33340835;11,42305242;7,531855454
70,47176077;11,42817089;7,508331508
70,60941089;11,43327932;7,484912372
70,74636473;11,43837779;7,461597242
70,88262824;11,44346639;7,438385325
71,01820726;11,44854521;7,415275835
71,15310759;11,45361434;7,392268
71,28733492;11,45867385;7,369361055
71,42089489;11,46372383;7,346554245
71,55379305;11,46876437;7,323846826
71,68603488;11,47379555;7,301238062
71,81762579;11,47881745;7,278727227
71,94857111;11,48383015;7,256313602
72,07887613;11,48883372;7,233996478
72,20854602;11,49382825;7,211775157
72,33758595;11,49881381;7,189648945
72,46600096;11,50379048;7,16761716
72,59379606;11,50875832;7,145679126
72,7209762;11,51371743;7,123834176
72,84754625;11,51866785;7,102081651
72,97351104;11,52360968;7,080420899
73,09887531;11,52854298;7,058851277
73,22364377;11,53346782;7,037372148
73,34782107;11,53838426;7,015982883
73,47035501;11,54329238;6,934874905
73,59113109;11,54819232;6,846806726
73,71015616;11,55308421;6,758633818
73,8274371;11,55796821;6,670367763
73,94298084;11,56284444;6,582020257
74,05679435;11,56771306;6,493603115
74,16888462;11,57257419;6,405128272
74,27925872;11,57742798;6,316607786
74,38792374;11,58227455;6,228053841
74,49488687;11,58711405;6,139478748
74,6001553;11,5919466;6,05089495
74,70373632;11,59677232;5,962315022
74,80563727;11,60159136;5,873751677
74,90586558;11,60640383;5,785217767
75,00442872;11,61120986;5,696726284
75,10133425;11,61600958;5,608290366
75,19658983;11,6208031;5,519923301
75,29020316;11,62559055;5,431638526
75,38218207;11,63037205;5,343449633
75,47253446;11,63514772;5,255370371
75,57142496;11,63991766;5,758886571
75,67796082;11,64468137;6,212242676
75,79073769;11,64943837;6,585434915
75,90299493;11,65418829;6,564860307
76,01473629;11,65893118;6,544370608
76,1259655;11,66366711;6,52396527
76,23668623;11,66839611;6,503643749
76,34690211;11,67311825;6,483405505
76,45661674;11,67783357;6,463250008
76,56583367;11,68254212;6,443176729
76,67455642;11,68724396;6,423185147
76,78278846;11,69193913;6,403274745
76,89053325;11,69662768;6,383445014
76,99779417;11,70130966;6,363695446
77,10457459;11,70598512;6,34402554
77,21087785;11,7106541;6,324434802
77,31670723;11,71531665;6,30492274
77,42206601;11,71997283;6,285488869
77,5269574;11,72462267;6,266132706
77,63138459;11,72926621;6,246853777
77,73535074;11,73390351;6,227651608
77,83885898;11,73853461;6,208525733
77,9419124;11,74315955;6,18947569
78,04451406;11,74777837;6,17050102
78,14666698;11,75239112;6,151601269
78,24837417;11,75699785;6,132775988
78,34963859;11,76159858;6,114024733
78,45046317;11,76619337;6,095347062
78,55085083;11,77078225;6,076742539
78,65080444;11,77536527;6,05821073
78,75032685;11,77994247;6,039751209
78,84942088;11,78451387;6,02136355
78,94808932;11,78907954;6,003047332
79,04633493;11,7936395;5,984802139
79,14416046;11,79819379;5,966627559
79,24156861;11,80274245;5,948523182
79,33856206;11,80728552;5,930488604
79,43514347;11,81182304;5,912523422
79,53131547;11,81635504;5,894627238
79,62708067;11,82088155;5,876799659
79,72244165;11,82540263;5,859040294
79,81740096;11,8299183;5,841348755
79,91196113;11,83442859;5,823724659
80,00612467;11,83893355;5,806167625
80,09989407;11,8434332;5,788677276
80,19317373;11,84792759;5,765193495
80,22866835;11,8524233;-9,409560902
80,07637886;11,85692706;-8,825203374
79,93329125;11,86143828;-8,153748198
79,80087092;11,86595628;-7,352920572
79,68127714;11,87048014;-6,329149175
79,57820146;11,87500839;-4,742721663
79,50088701;11,87954258;-6,386667211
79,39663674;11,88408315;-6,807157801
79,28536682;11,88863046;-7,19368405
79,16760382;11,8931849;-7,553425382
79,043758;11,89774682;-7,891216575
78,91416127;11,90231656;-8,210499056
78,77908981;11,90689445;-8,513826832
78,63877838;11,91148082;-8,803158144
78,49343;11,91607599;-9,080034349
78,34322269;11,92068026;-9,345695128
78,18831437;11,92529394;-9,601155743
78,02884645;11,92991732;-9,847260562
77,86494664;11,93455072;-10,08472123
77,69673109;11,93919443;-10,3141445
77,52430605;11,94384873;-10,53605305
77,34776929;11,94851393;-10,7509012
77,16721115;11,9531903;-10,95908708
76,98271549;11,95787815;-11,16096218
76,79436042;11,96257775;-11,35683886
76,60221895;11,9672894;-11,54699638
76,4063595;11,97201338;-11,73168584
76,20684639;11,97674999;-11,91113417
76,00374021;11,98149951;-12,08554741
75,79709813;11,98626224;-12,25511348
75,58697427;11,99103846;-12,42000447
75,37341987;11,99582846;-12,58037859
75,15648355;12,00063255;-12,73638179
74,93621153;12,00545101;-12,8881492
74,71264776;12,01028386;-12,78266538
74,49025175;12,01513105;-12,63396952
74,26979032;12,01999254;-12,48183579
74,05134108;12,02486828;-12,32599572
73,83498714;12,0297582;-12,16615252
73,62081764;12,03466224;-12,00197688
73,4089284;12,03958031;-11,83310191
73,19942265;12,04451233;-11,65911711
72,99241187;12,0494582;-11,47956097
72,78801681;12,05441781;-11,29391199
72,58636862;12,05939103;-11,10157741
72,38761024;12,06437774;-10,90187926
72,19189803;12,06937778;-10,69403656
71,99940378;12,07439099;-10,47714252
71,81031707;12,07941718;-10,25013485
71,62484827;12,08445615;-10,01175628
71,44323224;12,08950766;-9,760501396
71,26573305;12,09457148;-9,494543014
71,09265007;12,09964731;-9,211627963
70,92432602;12,10473485;-8,908924806
70,76115788;12,10983374;-8,582793321
70,60361211;12,11494358;-8,228419993
70,45224672;12,12006393;-7,839209576
70,30774463;12,12519425;-7,40569681
70,17096751;12,13033395;-6,913412693
70,04304928;12,13548228;-6,338125489
69,92557852;12,14063832;-5,632908621
69,82102191;12,14580079;-4,677840397
69,73408478;12,15096612;-2,078291658
69,69543855;12,15613145;0
69,65679232;12,16129678;-2,078291658
69,6490052;12,16646498;-0,418538465
69,64956348;12,17163375;0,030002928
69,65643339;12,17680249;0,369202433
69,66846389;12,18197071;0,646605904
69,68488948;12,18713804;0,882983089
69,70515449;12,19230415;1,089633416
69,72883244;12,19746876;1,273514531
69,75558314;12,20263162;1,439270854
69,78512743;12,2077925;1,590184945
69,81723122;12,21295119;1,72867799
69,85169475;12,21810751;1,856595994
69,88834523;12,22326129;1,975384207
69,92703142;12,22841236;2,08619891
69,96761968;12,23356058;2,189982059
70,00999095;12,23870582;2,287512823
70,05403837;12,24384794;2,379444219
70,09966548;12,24898683;2,46632979
70,1467847;12,25412238;2,548643437
70,19531616;12,25925447;2,626794455
70,24518667;12,26438302;2,701139102
70,29632895;12,26950793;2,771989641
70,34868089;12,27462911;2,839621493
70,40218503;12,27974647;2,904278966
70,45678801;12,28485995;2,966179885
70,51244018;12,28996946;3,025519384
70,56909522;12,29507495;3,082473016
70,62255652;12,30018222;-7,33597792
70,48767582;12,30529921;-7,262996462
70,35388301;12,31042587;-7,187617959
70,22122864;12,31556214;-7,109644472
70,08976724;12,32070797;-7,028854372
69,95955779;12,32586329;-6,944998309
69,83066431;12,33102805;-6,857794246
69,70315643;12,33620217;-6,766921314
69,57711024;12,34138556;-6,672012096
69,45260911;12,34657814;-6,572642834
69,32974489;12,3517798;-6,468320841
69,20861917;12,35699044;-6,358468055
69,089345;12,36220995;-6,24239921
68,97204894;12,36743819;-6,119292286
68,85687376;12,37267501;-5,988147626
68,74398185;12,37792026;-5,847729899
68,63355981;12,38317375;-5,696483215
68,52582463;12,38843529;-5,532402438
68,42103238;12,39370465;-5,352829465
68,31949083;12,39898157;-5,154112831
68,22157855;12,40426576;-4,930998491
68,12777578;12,40955687;-4,675435193
68,0387182;12,41485447;-4,3739118
67,95530175;12,42015803;-4,000237307
67,87892595;12,4254668;-3,487620585
67,81227199;12,43077853;-1,974907436
67,77450735;12,43609026;0
67,73674272;12,441402;-1,974906833
67,72657997;12,44671669;-0,531166254
67,72724112;12,45203218;0,034550474
67,73553974;12,45734762;0,433674689
67,74990205;12,46266241;0,750647149
67,76934311;12,46797607;1,016304332
67,79317258;12,4732882;1,246070439
67,82087265;12,47859847;1,448977976
67,85203695;12,48390657;1,630856602
67,88633604;12,48921223;1,795727709
67,92349622;12,49451522;1,94650342
67,96328573;12,4998153;2,085372266
67,90583793;12,50512701;-6,856208316
67,77473235;12,51044958;-7,213559671
67,63651154;12,51578358;-7,55094695
67,49151513;12,52112959;-7,87116696
67,34002972;12,52648814;-8,176340149
67,18230162;12,53185979;-8,468120472
67,01854569;12,53724506;-8,747828313
66,84895162;12,54264449;-9,016538381
66,67368858;12,54805861;-9,275139914
66,49290868;12,55348792;-9,524379172
66,30674972;12,55893295;-9,764890188
66,11533728;12,56439421;-9,99721753
65,91878643;12,56987168;-9,885118268
65,72386311;12,57536527;-9,755861633
65,53092219;12,5808749;-9,622432977
65,3400642;12,58640049;-9,48445478
65,15139821;12,59194194;-9,341500406
64,96504284;12,59749911;-9,193084993
64,78112757;12,60307188;-9,038654061
64,59979425;12,6086601;-8,877569113
64,42119885;12,61426361;-8,709089185
64,24551375;12,61988221;-8,532346867
64,07293039;12,62551569;-8,346316605
63,90366268;12,63116381;-8,149772049
63,73795129;12,63682632;-7,941227374
63,57606914;12,64250291;-7,718854573
63,4183287;12,64819325;-7,480363429
63,26509173;12,65389697;-7,22282124
63,11678289;12,65961362;-6,942370525
62,97390925;12,66534272;-6,633763685
62,83708945;12,6710837;-6,289544162
62,7071002;12,67683588;-5,898476392
62,58495542;12,68259846;-5,442155465
62,47205641;12,68837041;-4,886260341
62,37052458;12,69415037;-4,14986994
62,28417469;12,69993587;-2,862708071
62,2245508;12,70572663;-2,714758525
62,1679569;12,71152267;-2,711122171
62,11138734;12,71732399;-2,707316478
62,05484571;12,7231306;-2,703303859
61,99833642;12,7289425;-2,699038284
61,94186486;12,7347597;-2,694463251
61,88543762;12,74058221;-2,689509208
61,82906277;12,74641002;-2,684090257
61,77275023;12,75224314;-2,678099877
61,71651216;12,75808158;-2,671405333
61,66036359;12,76392532;-2,663840236
61,60432309;12,76977438;-2,655194491
61,54841373;12,77562873;-2,645200415
61,49266433;12,78148838;-2,633513138
61,43711105;12,78735331;-2,619682086
61,38179973;12,79322351;-2,603108073
61,32678906;12,79909893;-2,582975957
61,27215516;12,80497956;-2,558143363
61,21799864;12,81086533;-2,526944294
61,16445578;12,81675618;-2,486811342
61,11171781;12,82265201;-2,433456844
61,06006769;12,82855269;-2,358750427
61,00996209;12,83445798;-2,243212349
60,96227353;12,84036663;-1,629909706
60,92760348;12,84627528;0
60,89293343;12,85218393;-1,629909706
60,89395097;12,85809595;0,047809131
60,90708061;12,86400787;0,616910189
60,9289189;12,86991851;1,026316769
60,95769966;12,87582703;1,353071802
60,99229469;12,88173277;1,627185865
61,0319043;12,88763515;1,8641059
61,07592466;12,89353371;2,073029466
61,12387981;12,89942801;2,259957819
61,17538284;12,90531769;2,429062507
61,23011175;12,91120241;2,583381329
61,28779363;12,91708187;2,725206879
61,34819374;12,9229558;2,85631899
61,41110771;12,92882394;2,978131518
61,47635582;12,93468607;3,09178917
61,54377867;12,94054198;3,198233701
61,61323383;12,94639148;3,298250561
61,68459323;12,95223438;3,392502614
61,75774108;12,95807052;3,481555053
61,83257216;12,96389975;3,565894173
61,90899047;12,96972192;3,645941756
61,98690804;12,97553691;3,722066254
62,06624399;12,98134459;3,794591609
62,14692376;12,98714484;3,86380428
62,22887837;12,99293756;3,929958921
62,31204386;12,99872266;3,993282996
62,40035853;13,00450003;4,246194322
62,49457328;13,01026923;4,536291843
62,59415501;13,01602973;4,801942643
62,69865286;13,02178107;5,047032781
62,80767955;13,02752282;5,274557569
62,92089819;13,0332546;5,486882934
63,03801265;13,03897607;5,685915617
63,15876028;13,04468691;5,873218343
63,28290643;13,05038683;6,050090283
63,41024006;13,05607557;6,217624819
63,54057028;13,06175289;6,376751972
63,6737236;13,06741856;6,528270218
63,80954164;13,07307238;6,672870753
63,94787924;13,07871417;6,811156309
64,08860288;13,08434376;6,943655924
64,23158937;13,08996098;7,070836706
64,37672472;13,0955657;7,193113286
64,52390321;13,10115778;7,310855511
64,67302648;13,10673711;7,424394742
64,8240029;13,11230357;7,534029075
64,97674687;13,11785707;7,640027679
65,13117834;13,12339752;7,742634452
65,28722225;13,12892482;7,842071097
65,44480818;13,13443892;7,938539744
65,6038699;13,13993974;8,032225191
65,76910649;13,14542722;8,364320689
65,93359098;13,15090091;8,347220619
66,09704482;13,15636095;8,315662511
66,25947914;13,16180749;8,284281159
66,42090487;13,16724067;8,253074819
66,58133277;13,17266065;8,222041778
66,7407734;13,17806758;8,191180349
66,89923715;13,18346158;8,160488874
67,05673425;13,18884281;8,129965719
67,21327473;13,19421139;8,099609279
67,36886849;13,19956748;8,069417973
67,52352523;13,20491119;8,039390245
67,67725452;13,21024267;8,009524563
67,83006578;13,21556203;7,979819421
67,98196824;13,22086941;7,950273332
68,13297103;13,22616494;7,920884837
68,2830831;13,23144872;7,891652494
68,43231329;13,23672089;7,862574886
68,58067027;13,24198156;7,833650617
68,72816259;13,24723086;7,804878311
68,87484962;13,25246888;7,778958238
69,02076048;13,25769576;7,754312186
69,16590224;13,26291158;7,72977983
69,31028186;13,26811645;7,705360245
69,45390621;13,27331049;7,681052522
69,59678205;13,27849378;7,656855763
69,73891604;13,28366644;7,632769081
69,88031477;13,28882855;7,608791603
70,02098471;13,29398021;7,584922466
70,16093224;13,29912153;7,56116082
70,30016368;13,30425259;7,537505824
70,43868524;13,30937349;7,513956652
70,57650303;13,31448432;7,490512484
70,71362311;13,31958516;7,467172514
70,85005143;13,32467612;7,443935946
70,98579388;13,32975727;7,420801993
71,12085625;13,33482871;7,397769878
71,25524427;13,33989052;7,374838835
71,38896359;13,34494278;7,352008109
71,52201977;13,34998557;7,32927695
71,65441831;13,35501899;7,306644621
71,78616465;13,3600431;7,284110395
71,91726413;13,365058;7,26167355
72,04772204;13,37006375;7,239333375
72,1775436;13,37506044;7,217089169
72,30673396;13,38004814;7,194940238
72,43529819;13,38502693;7,172885897
72,56324133;13,38999688;7,150925467
72,69056833;13,39495807;7,129058281
72,81728408;13,39991057;7,107283677
72,94339341;13,40485445;7,085601002
73,06890109;13,40978978;7,064009609
73,19381184;13,41471664;7,042508862
73,31813032;13,41963509;7,021098129
73,44186112;13,4245452;6,999776787
73,56500878;13,42944703;6,978544219
73,68757779;13,43434067;6,957399817
73,80957257;13,43922616;6,936342978
73,93099752;13,44410357;6,915373107
74,05185696;13,44897298;6,894489615
74,17215515;13,45383444;6,87369192
74,29189633;13,45868801;6,852979445
74,41108467;13,46353376;6,832351623
74,52972429;13,46837175;6,81180789
74,64781928;13,47320204;6,791347688
74,76537365;13,47802468;6,770970468
74,8823914;13,48283975;6,750675684
74,99887352;13,48764728;6,730292825
75,11480876;13,49244736;6,709114638
75,2302012;13,49724002;6,688025331
75,34505485;13,50202533;6,667024312
75,4593737;13,50680335;6,646110998
75,57316167;13,51157413;6,625284807
75,68642265;13,51633772;6,604545168
75,79916049;13,52109419;6,583891513
75,91137897;13,52584358;6,563323281
76,02308187;13,53058596;6,542839918
76,13427288;13,53532136;6,522440874
76,24495568;13,54004985;6,502125606
76,35513391;13,54477147;6,481893577
76,46481115;13,54948628;6,461744253
76,57399096;13,55419433;6,441677109
76,68267685;13,55889567;6,421691623
76,79087229;13,56359034;6,401787279
76,89858073;13,5682784;6,381963567
77,00580556;13,57295989;6,36221998
77,11255014;13,57763486;6,34255602
77,21881781;13,58230336;6,322971189
77,32461185;13,58696544;6,303464998
77,42993552;13,59162113;6,284036961
77,53479204;13,5962705;6,264686598
77,6391846;13,60091357;6,245413432
77,74311637;13,60555041;6,226216991
77,84659045;13,61018104;6,20709681
77,94960994;13,61480552;6,188052426
78,05217789;13,61942389;6,169083381
78,15429734;13,62403619;6,150189221
78,25597127;13,62864246;6,131369498
78,35720266;13,63324275;6,112623768
78,45799443;13,6378371;6,093951588
78,55834949;13,64242554;6,075352524
78,65827072;13,64700812;6,056826143
78,75776096;13,65158488;6,038372016
78,85682302;13,65615586;6,019989721
78,95545971;13,66072109;6,001678835
79,05367378;13,66528063;5,983438944
79,15146796;13,66983449;5,965269634
79,24884497;13,67438274;5,947170497
79,34580748;13,67892539;5,929141128
79,44235815;13,68346249;5,911181125
79,5384996;13,68799408;5,893290092
79,63423445;13,69252019;5,875467634
79,72956526;13,69704086;5,85771336
79,8244946;13,70155612;5,840026884
79,91902499;13,70606601;5,822407822
80,01315894;13,71057057;5,804855794
80,10689892;13,71506983;5,787370423
80,20024739;13,71956383;5,769951336
80,2932068;13,72405259;5,752598162
80,38577954;13,72853616;5,735310535
80,47796801;13,73301456;5,718088091
80,56977458;13,73748784;5,700930469
80,66120158;13,74195601;5,683837312
80,75225135;13,74641913;5,666808266
80,84292618;13,75087721;5,64984298
80,93322835;13,75533029;5,632941104
81,02316012;13,7597784;5,616102293
81,11272373;13,76422157;5,599326206
81,20192089;13,76865984;5,582580692
81,29075004;13,77309323;5,565661836
81,37921341;13,77752178;5,548806592
81,46731319;13,78194551;5,532014616
81,55505157;13,78636447;5,515285564
81,64243071;13,79077866;5,498619099
81,72945275;13,79518813;5,482014882
81,81611983;13,79959291;5,465472581
81,90243403;13,80399302;5,448991864
81,98839746;13,80838849;5,432572403
82,07401217;13,81277936;5,416213873
82,15928022;13,81716564;5,399915951
82,24420365;13,82154738;5,383678315
82,32878445;13,82592459;5,36750065
82,41302463;13,8302973;5,351382639
82,4969747;13,83466554;5,338409789
82,5806262;13,83902933;5,324842484
82,66400041;13,84338871;5,312572755
82,74710276;13,84774369;5,300595885
82,82993458;13,8520943;5,288652653
82,91249723;13,85644055;5,276742918
82,99479203;13,86078248;5,26486654
83,07682029;13,8651201;5,25302338
83,15858332;13,86945344;5,2412133
83,24008241;13,87378252;5,229436164
83,32131886;13,87810735;5,217691836
83,40229394;13,88242798;5,205980181
83,48300891;13,88674441;5,194301065
83,56346505;13,89105666;5,182654353
83,64366359;13,89536476;5,171039915
83,72360577;13,89966874;5,159457618
83,80329283;13,9039686;5,147907332
83,88272598;13,90826437;5,136388927
83,96190645;13,91255608;5,124902274
84,04083543;13,91684374;5,113447245
84,11951412;13,92112737;5,102023712
84,1979437;13,92540699;5,09063155
84,27612536;13,92968263;5,079270633
84,35406026;13,93395431;5,067940836
84,43174956;13,93822203;5,056642034
84,50919442;13,94248583;5,045374105
84,58639598;13,94674572;5,034136926
84,66335537;13,95100173;5,022930376
84,74007373;13,95525386;5,011754333
84,81655217;13,95950215;5,000608678
84,89279181;13,9637466;4,98949329
84,96879375;13,96798724;4,978408053
85,04455909;13,97222409;4,967352846
85,12008891;13,97645717;4,956327554
85,1953843;13,98068649;4,94533206
85,27044633;13,98491207;4,934366248
85,34527607;13,98913393;4,923430003
85,41987458;13,99335209;4,912523211
85,4942429;13,99756656;4,901645758
85,56838209;14,00177737;4,890797532
85,64229317;14,00598454;4,879978419
85,71597719;14,01018807;4,86918831
85,78943516;14,01438798;4,858427092
85,86266809;14,0185843;4,847694655
85,93567701;14,02277705;4,836990891
86,0084629;14,02696623;4,826315689
86,08102677;14,03115186;4,815668943
86,15336961;14,03533397;4,805050544
86,22549239;14,03951256;4,794460385
86,29739609;14,04368766;4,78389836
86,36908169;14,04785928;4,773364364
86,44055014;14,05202744;4,762858291
86,5118024;14,05619215;4,752380037
86,58283942;14,06035343;4,741929499
86,65366214;14,0645113;4,731506572
86,72427151;14,06866577;4,721111154
86,79466844;14,07281686;4,710743144
86,86485388;14,07696458;4,700402439
86,93482873;14,08110895;4,690088939
87,00459391;14,08524998;4,679802545
87,07415033;14,08938769;4,669543155
87,14349889;14,0935221;4,659310671
87,21264048;14,09765322;4,649104994
87,28157599;14,10178106;4,638926027
87,35030631;14,10590564;4,628773672
87,41883232;14,11002698;4,618647832
87,48715488;14,11414508;4,60854841
87,55527487;14,11825997;4,598475312
87,62319314;14,12237166;4,588428441
87,69091056;14,12648016;4,578407704
87,75842797;14,13058549;4,568413005
87,82574622;14,13468766;4,558444251
87,89286615;14,13878669;4,548501349
87,95978859;14,14288258;4,538584207
88,02651437;14,14697536;4,528692732
88,09304432;14,15106504;4,518826832
88,15937926;14,15515163;4,508986417
88,22551999;14,15923514;4,499171396
88,29146734;14,16331559;4,489381679
88,35722209;14,167393;4,479617176
88,42278506;14,17146737;4,469877798
88,48815703;14,17553871;4,460163457
88,5533388;14,17960706;4,450474063
88,61833114;14,1836724;4,440809531
88,68313485;14,18773477;4,431169772
88,74775068;14,19179416;4,421554699
88,81217942;14,1958506;4,411964227
88,87642183;14,1999041;4,402398269
88,94047866;14,20395467;4,39285674
89,00435068;14,20800232;4,383339556
89,06803864;14,21204707;4,373846631
89,13154328;14,21608892;4,364377882
89,19486535;14,2201279;4,354933225
89,25800558;14,224164;4,345512577
89,3209647;14,22819725;4,336115855
89,38374346;14,23222766;4,326742978
89,44634256;14,23625524;4,317393862
89,50876274;14,24028;4,308068427
89,57100471;14,24430195;4,298766592
89,63306918;14,24832111;4,289488277
89,69495686;14,25233748;4,2802334
89,75666845;14,25635109;4,271001883
89,81820465;14,26036193;4,261793645
89,87956616;14,26437003;4,252608609
89,94075367;14,26837539;4,243446695
90,00176787;14,27237802;4,234307826
90,06260944;14,27637794;4,225191923
90,12327455;14,28037516;4,215785975
90,18376299;14,28436969;4,206339192
90,24407544;14,28836154;4,196917053
90,30421264;14,29235072;4,187519473
90,36417526;14,29633725;4,178146365
90,42396402;14,30032113;4,168797647
90,4835796;14,30430237;4,159473233
90,5430227;14,308281;4,15017304
90,602294;14,31225701;4,140896984
90,66139418;14,31623042;4,131644983
90,72032392;14,32020124;4,122416954
90,77908389;14,32416947;4,113212814
90,83767477;14,32813515;4,104032483
90,89609721;14,33209826;4,094875879
90,95435189;14,33605883;4,08574292
91,01243946;14,34001686;4,076633527
91,07036057;14,34397236;4,06754762
91,12811588;14,34792535;4,058485118
91,18570603;14,35187583;4,049445943
91,24313167;14,35582382;4,040430016
91,30039343;14,35976932;4,031437258
91,35749196;14,36371235;4,022467592
91,41442788;14,36765291;4,013520938
91,47120183;14,37159102;4,004597221
91,52781443;14,37552668;3,995696364
91,5842663;14,37945991;3,986818289
91,64055807;14,38339072;3,97796292
91,69669034;14,38731911;3,969130183
91,75266373;14,3912451;3,96032
91,80847885;14,39516869;3,951532298
91,8641363;14,3990899;3,942767002
91,91963669;14,40300873;3,934024037
91,97498061;14,40692519;3,925303329
92,03016866;14,4108393;3,916604805
92,08520143;14,41475106;3,907928391
92,14007951;14,41866048;3,899274015
92,19480349;14,42256758;3,890641603
92,24937394;14,42647235;3,882031085
92,30379145;14,43037482;3,873442387
92,3580566;14,43427498;3,864875438
92,41216995;14,43817286;3,856330168
92,46613207;14,44206845;3,847806505
92,51994354;14,44596177;3,839304379
92,57360492;14,44985282;3,830823719
92,62711676;14,45374162;3,822364456
92,68047963;14,45762817;3,81392652
92,73369408;14,46151248;3,805509843
92,78676067;14,46539456;3,797114354
92,83967993;14,46927443;3,788739986
92,89245242;14,47315208;3,780386671
92,94507868;14,47702753;3,77205434
92,99755925;14,48090078;3,763742925
93,04989467;14,48477185;3,755452361
93,10208547;14,48864075;3,747182579
93,15413219;14,49250747;3,738933513
93,20603535;14,49637203;3,730705096
93,25779548;14,50023444;3,722497263
93,3094131;14,50409471;3,714309948
93,36088874;14,50795284;3,706143085
93,41222291;14,51180885;3,697996609
93,46341612;14,51566273;3,689870456
93,5144689;14,51951451;3,681764561
93,56538175;14,52336418;3,673678859
93,61615517;14,52721175;3,665613286
93,66678968;14,53105724;3,657567779
93,71728577;14,53490066;3,649542275
93,76764394;14,538742;3,64153671
93,8178647;14,54258127;3,633551022
93,86794854;14,5464185;3,625585148
93,91789594;14,55025367;3,617639025
93,9677074;14,55408681;3,609712592
94,0173834;14,55791791;3,601805787
94,06692444;14,56174699;3,593918549
94,11633098;14,56557405;3,586050815
94,16560352;14,5693991;3,578202527
94,21474253;14,57322216;3,570373622
94,26374848;14,57704321;3,562564041
94,31262184;14,58086229;3,554773723
94,3613631;14,58467938;3,547002609
94,40997271;14,5884945;3,539250638
94,45845113;14,59230766;3,531517753
94,50679884;14,59611886;3,523803893
94,5550163;14,59992811;3,516109
94,60310395;14,60373541;3,508433015
94,65106227;14,60754078;3,50077588
94,6988917;14,61134423;3,493137537
94,74659269;14,61514575;3,485517929
94,7941657;14,61894536;3,477916997
94,84161117;14,62274306;3,470334685
94,88892955;14,62653886;3,462770935
94,93612128;14,63033277;3,45522569
94,98318679;14,6341248;3,447698895
95,03012654;14,63791494;3,440190492
95,07694096;14,64170321;3,432700426
95,12363047;14,64548962;3,425228641
95,17019552;14,64927417;3,417775081
95,21663653;14,65305687;3,410339691
95,26295394;14,65683772;3,402922416
95,30914816;14,66061673;3,395523201
95,35521963;14,66439391;3,388141991
95,40116875;14,66816927;3,380778732
95,44699597;14,67194281;3,37343337
95,49270168;14,67571454;3,36610585
95,53828631;14,67948446;3,358796119
95,58375028;14,68325258;3,351504124
95,62909399;14,68701891;3,344229811
95,67431785;14,69078346;3,336973126
95,71942228;14,69454622;3,329734019
95,76440768;14,69830721;3,322512434
95,80927445;14,70206644;3,315308321
95,85402299;14,7058239;3,308121627
95,89865371;14,70957962;3,3009523
95,94316701;14,71333358;3,293800288
95,98756328;14,7170858;3,286665539
96,03184291;14,72083629;3,279548003
96,07600631;14,72458504;3,272447629
96,12005385;14,72833208;3,265364364
96,16398594;14,73207739;3,258298159
96,20780295;14,735821;3,251248964
96,25150528;14,7395629;3,244216727
96,2950933;14,7433031;3,237201399
96,33856741;14,74704161;3,230202929
96,38192797;14,75077843;3,223221269
96,42517538;14,75451357;3,216256368
96,46831;14,75824703;3,209308177
96,51133221;14,76197883;3,202376648
96,55424239;14,76570896;3,195461731
96,5970409;14,76943743;3,188563378
96,63972812;14,77316426;3,18168154
96,68230442;14,77688943;3,174816169
96,72477016;14,78061297;3,167967216
96,76712571;14,78433487;3,161134635
96,80937142;14,78805514;3,154318376
96,85150767;14,79177379;3,147518393
96,89353481;14,79549082;3,140734638
96,93545321;14,79920624;3,133967064
96,97728309;14,80292005;3,128702517
97,01901872;14,80663226;3,123000441
97,06066039;14,81034287;3,117309847
97,10220836;14,81405189;3,111630706
97,14366291;14,81775933;3,10596299
97,1850243;14,82146518;3,100306672
97,22629282;14,82516945;3,094661722
97,26746872;14,82887215;3,089028114
97,30855228;14,83257329;3,083405819
97,34954377;14,83627286;3,07779481
97,39044344;14,83997087;3,072195058
97,43125157;14,84366734;3,066606538
97,47196843;14,84736225;3,06102922
97,51259426;14,85105562;3,055463079
97,55312934;14,85474745;3,049908086
97,59357393;14,85843775;3,044364214
97,63392828;14,86212651;3,038831437
97,67419266;14,86581376;3,033309727
97,71436732;14,86949948;3,027799057
97,75445252;14,87318369;3,022299402
97,79444852;14,87686638;3,016810733
97,83435557;14,88054757;3,011333024
97,87417392;14,88422726;3,00586625
97,91390382;14,88790545;3,000410382
97,95354554;14,89158215;2,994965396
97,99309931;14,89525737;2,989531265
98,0325654;14,89893109;2,984107962
98,07194404;14,90260334;2,978695462
98,11123549;14,90627412;2,973293739
98,15043999;14,90994342;2,967902766
98,18955779;14,91361126;2,962522517
98,22858913;14,91727764;2,957152968
98,26753426;14,92094256;2,951794093
98,30639342;14,92460603;2,946445865
98,34516685;14,92826805;2,941108259
98,3838548;14,93192862;2,93578125
98,4224575;14,93558776;2,930464813
98,46097519;14,93924546;2,925158922
98,49940811;14,94290173;2,919863552
98,53775651;14,94655658;2,914578678
98,5760206;14,95021;2,909304276
98,61420064;14,953862;2,904040319
98,65229686;14,95751259;2,898786784
98,69030948;14,96116177;2,893543645
98,72823874;14,96480955;2,888310879
98,76608488;14,96845592;2,883088459
98,80384813;14,9721009;2,877876362
98,84152871;14,97574448;2,872674564
98,87912685;14,97938667;2,867483039
98,91664279;14,98302748;2,862301764
98,95407675;14,98666691;2,857130714
98,99142895;14,99030496;2,851969866
99,02869963;14,99394164;2,846819195
99,065889;14,99757695;2,841678677
99,1029973;15,0012109;2,836548289
99,14002475;15,00484348;2,831428006
99,17697156;15,00847471;2,826317805
99,21383796;15,01210458;2,821217662
99,25062417;15,01573311;2,816127553
99,28733042;15,01936029;2,811047455
99,32395691;15,02298613;2,805977345
99,36050387;15,02661063;2,800917199
99,39697151;15,0302338;2,795866994
99,43336006;15,03385564;2,790826706
99,46966973;15,03747616;2,785796313
99,50590073;15,04109535;2,780775791
99,54205327;15,04471323;2,775765117
99,57812758;15,04832979;2,770764269
99,61412386;15,05194504;2,765773223
99,65004232;15,05555899;2,760791957
99,68588318;15,05917163;2,755820448
99,72164665;15,06278297;2,750858673
99,75733293;15,06639302;2,74590661
99,79294224;15,07000178;2,740964236
99,82847478;15,07360925;2,736031529
99,86393076;15,07721544;2,731108466
99,89931039;15,08082034;2,726195025
99,93461387;15,08442397;2,721291184
99,96984141;15,08802632;2,71639692
100,0049932;15,09162741;2,711512212
100,0400695;15,09522723;2,706637037
100,0750704;15,09882579;2,701771374
100,1099962;15,10242309;2,696915201
100,1448471;15,10601913;2,692068495
100,1796232;15,10961393;2,687231235
100,2143248;15,11320747;2,6824034
100,2489521;15,11679977;2,677584967
100,2835053;15,12039083;2,672775915
100,3179845;15,12398065;2,667976222
100,35239;15,12756924;2,663185868
100,3867219;15,1311566;2,65840483
100,4209805;15,13474273;2,653633088
100,455166;15,13832764;2,64887062
100,4892785;15,14191133;2,644117405
100,5233182;15,1454938;2,639373421
100,5572854;15,14907506;2,634638649
100,494168;15,15266448;-15,43092903
100,294771;15,15626106;-15,42078374
100,0951075;15,15986484;-15,41092956
99,89517227;15,16347585;-15,40136602
99,69495984;15,16709414;-15,39209264
99,49446474;15,17071973;-15,33118391
99,29436058;15,17435262;-15,27114458
99,09463834;15,17799283;-15,21120191
98,89529906;15,18164038;-15,15135245
98,69634384;15,18529529;-15,09159273
98,49777383;15,18895756;-15,03191915
98,29959022;15,19262722;-14,97232809
98,10179428;15,19630428;-14,91281582
97,9043873;15,19998875;-14,85337853
97,70737065;15,20368065;-14,79401235
97,51074576;15,20737999;-14,7347133
97,3145141;15,2110868;-14,67547734
97,11867722;15,21480108;-14,61630031
96,92323673;15,21852285;-14,55717797
96,72819429;15,22225212;-14,49810597
96,53355165;15,22598891;-14,43907986
96,33931062;15,22973324;-14,38009509
96,14547306;15,23348511;-14,321147
95,95204095;15,23724455;-14,26223079
95,75901629;15,24101157;-14,20334157
95,5664012;15,24478617;-14,1444743
95,37419787;15,24856838;-14,08562383
95,18240856;15,25235821;-14,02678486
94,99103563;15,25615568;-13,96795194
94,80008151;15,25996079;-13,90911949
94,60954875;15,26377357;-13,85028178
94,41943996;15,26759401;-13,79143288
94,22975787;15,27142215;-13,73256675
94,04050531;15,27525799;-13,67367712
93,8516852;15,27910155;-13,61475758
93,66330058;15,28295283;-13,5558015
93,47535458;15,28681185;-13,49680207
93,28785047;15,29067863;-13,43775226
93,10079162;15,29455317;-13,37864483
92,91418153;15,29843549;-13,31947231
92,72802382;15,3023255;-13,0857147
92,54477105;15,30622317;-12,96027154
92,36291763;15,31012847;-12,83285688
92,18249963;15,31404136;-12,70334489
92,00355508;15,31796181;-12,5715992
91,82612417;15,32188979;-12,43747164
91,65024944;15,32582525;-12,30080085
91,47597594;15,32976815;-12,16141054
91,30335152;15,33371844;-12,0191076
91,13242704;15,33767609;-11,87367971
90,96325665;15,34164102;-11,72489269
90,7958982;15,3456132;-11,57248726
90,63041354;15,34959256;-11,41617512
90,46686899;15,35357903;-11,25563431
90,30533588;15,35757256;-11,09050354
90,14589109;15,36157306;-10,92037515
89,9886178;15,36558047;-10,74478651
89,83360628;15,3695947;-10,56320912
89,68095493;15,37361567;-10,3750349
89,53077143;15,37764327;-10,17955846
89,38317421;15,38167741;-9,975953998
89,23829429;15,38571799;-9,763244701
89,09627753;15,38976487;-9,54026123
88,95728747;15,39381795;-9,305584381
88,82150913;15,39787707;-9,057463656
88,6891539;15,40194209;-8,793698182
88,56046631;15,40601284;-8,511456144
88,4357334;15,41008914;-8,206988823
88,31529834;15,41417079;-7,875152499
88,19958127;15,41825756;-7,508551888
88,08911264;15,42234919;-7,095857846
87,98459171;15,42644536;-6,618048526
87,88700059;15,43054569;-6,038175383
87,79787;15,43464965;-5,261468225
87,72013571;15,43875581;-3,185898127
87,67304114;15,44286198;0
87,62594657;15,44696814;-3,185898127
87,62032587;15,45107652;-0,380030832
87,62203671;15,45518515;0,115667383
87,62984546;15,45929371;0,527946108
87,64293131;15,4634019;0,884808228
87,66069717;15,46750947;1,201428869
87,68268339;15,47161622;1,487135464
87,70852205;15,47572193;1,748150286
87,73791004;15,47982643;1,988871285
87,77059211;15,48392956;2,212543995
87,80634956;15,48803116;2,421645007
87,84499229;15,4921311;2,618115349
87,8863532;15,49622922;2,803509915
87,93028391;15,50032542;2,979097166
87,97665159;15,50441958;3,145927955
88,02533644;15,50851157;3,30488442
88,07622978;15,5126013;3,456715592
88,12923244;15,51668867;3,602063875
88,18425351;15,52077358;3,741485103
88,24120927;15,52485594;3,875463995
88,30002234;15,52893567;4,004426229
88,36062094;15,53301268;4,128747998
88,42293827;15,53708689;4,248763664
88,48691199;15,54115823;4,364771955
88,55209738;15,54522663;4,450658634
88,61709333;15,54929203;4,440993628
88,68190062;15,55335446;4,431353397
88,74652003;15,55741391;4,421737855
88,81095233;15,56147041;4,412146914
88,87519828;15,56552396;4,402580489
88,93925865;15,56957458;4,393038495
89,00313419;15,57362229;4,383520847
89,06682565;15,57766709;4,374027461
89,13033378;15,581709;4,364558251
89,19365932;15,58574803;4,355113136
89,25680301;15,58978419;4,345692031
89,31976559;15,5938175;4,336294853
89,38254778;15,59784796;4,326921522
89,4451503;15,60187559;4,317571954
89,50757389;15,6059004;4,308246068
89,56981925;15,60992241;4,298943784
89,63188709;15,61394162;4,28966502
89,69377814;15,61795805;4,280409698
89,75549308;15,62197171;4,271177735
89,81703262;15,6259826;4,261969055
89,87839746;15,62999075;4,252783577
89,93958828;15,63399616;4,243621222
90,00060578;15,63799885;4,234481914
90,06145063;15,64199882;4,225365574
90,12211912;15,64599609;4,215966397
90,18261092;15,64999067;4,206519143
90,24292673;15,65398257;4,197096535
90,30306726;15,65797181;4,187698486
90,3630332;15,66195838;4,178324913
90,42282527;15,66594231;4,16897573
90,48244415;15,66992361;4,159650854
90,54189053;15,67390228;4,1503502
90,6011651;15,67787834;4,141073684
90,66026854;15,6818518;4,131821225
90,71920152;15,68582267;4,122592739
90,77796473;15,68979096;4,113388145
90,83655882;15,69375668;4,10420736
90,89498447;15,69771984;4,095050304
90,95324235;15,70168045;4,085916895
91,01133309;15,70563853;4,076807054
91,06925738;15,70959408;4,067720699
91,12701584;15,71354712;4,058657752
91,18460913;15,71749765;4,049618133
91,2420379;15,72144568;4,040601763
91,29930279;15,72539123;4,031608564
91,35640442;15,72933431;4,022638457
91,41334344;15,73327492;4,013691366
91,47012047;15,73721307;4,004767212
91,52673614;15,74114878;3,995865919
91,58319108;15,74508206;3,98698741
91,63948589;15,74901291;3,97813161
91,6956212;15,75294135;3,969298441
91,75159761;15,75686738;3,960487829
91,80741574;15,76079102;3,951699699
91,8630762;15,76471227;3,942933976
91,91857958;15,76863115;3,934190586
91,97392648;15,77254766;3,925469454
92,02911749;15,77646181;3,916770508
92,08415322;15,78037362;3,908093673
92,13903425;15,78428308;3,899438877
92,19376116;15,78819022;3,890806047
92,24833453;15,79209504;3,882195112
92,30275496;15,79599755;3,873605998
92,357023;15,79989776;3,865038636
92,41113924;15,80379568;3,856492952
92,46510425;15,80769131;3,847968878
92,51891859;15,81158467;3,839466341
92,57258282;15,81547577;3,830985273
92,62609751;15,81936461;3,822525603
92,67946322;15,8232512;3,814087261
92,73268049;15,82713556;3,805670178
92,78574989;15,83101768;3,797274286
92,83867196;15,83489759;3,788899516
92,89144724;15,83877528;3,7805458
92,94407629;15,84265078;3,772213069
92,99655963;15,84652407;3,763901256
93,04889782;15,85039518;3,755610295
93,10109137;15,85426412;3,747340117
93,15314083;15,85813088;3,739090656
93,20504672;15,86199549;3,730861847
93,25680958;15,86585794;3,722653622
93,30842991;15,86971825;3,714465916
93,35990825;15,87357642;3,706298663
93,41124511;15,87743246;3,698151799
93,46244101;15,88128639;3,690025259
93,51349646;15,8851382;3,681918978
93,56441197;15,88898791;3,673832891
93,61518805;15,89283553;3,665766935
93,6658252;15,89668106;3,657721047
93,71632393;15,90052451;3,649695162
93,76668473;15,90436589;3,641689217
93,81690811;15,90820521;3,63370315
93,86699455;15,91204247;3,625736898
93,91694455;15,91587768;3,6177904
93,9667586;15,91971086;3,609863592
94,01643718;15,923542;3,601956413
94,06598078;15,92737112;3,594068802
94,11538989;15,93119822;3,586200697
94,16466498;15,93502331;3,578352038
94,21380653;15,9388464;3,570522764
94,26281501;15,9426675;3,562712815
94,31169091;15,94648661;3,55492213
94,36043467;15,95030374;3,54715065
94,40904679;15,95411889;3,539398315
94,45752771;15,95793209;3,531665066
94,50587791;15,96174333;3,523950844
94,55409785;15,96555261;3,51625559
94,60218798;15,96935996;3,508579245
94,65014875;15,97316537;3,500921751
94,69798064;15,97696885;3,493283051
94,74568408;15,98077041;3,485663085
94,79325952;15,98457005;3,478061798
94,84070742;15,98836779;3,470479131
94,88802822;15,99216363;3,462915027
94,93522236;15,99595757;3,45536943
94,98229028;15,99974963;3,447842284
95,02923242;16,00353981;3,440333531
95,07604922;16,00732812;3,432843116
95,12274111;16,01111456;3,425370982
95,16930853;16,01489915;3,417917075
95,21575191;16,01868188;3,410481339
95,26207167;16,02246277;3,403063719
95,30826823;16,02624181;3,39566416
95,35434204;16,03001903;3,388282607
95,40029349;16,03379442;3,380919006
95,44612303;16,037568;3,373573303
95,49183106;16,04133976;3,366245444
95,53741799;16,04510971;3,358935374
95,58288426;16,04887787;3,351643041
95,62823026;16,05264424;3,344368391
95,6734564;16,05640881;3,337111371
95,7185631;16,06017161;3,329871928
95,76355077;16,06393264;3,32265001
95,8084198;16,0676919;3,315445564
95,85317059;16,0714494;3,308258538
95,89780356;16,07520514;3,30108888
95,94231909;16,07895914;3,293936539
95,98671758;16,08271139;3,286801462
96,03099944;16,08646191;3,279683598
96,07516505;16,0902107;3,272582896
96,1192148;16,09395777;3,265499306
96,16314908;16,09770312;3,258432776
96,20696829;16,10144675;3,251383257
96,2506728;16,10518869;3,244350697
96,294263;16,10892892;3,237335046
96,33773927;16,11266746;3,230336256
96,381102;16,11640431;3,223354275
96,42435156;16,12013949;3,216389055
96,46748833;16,12387298;3,209440546
96,51051268;16,12760481;3,2025087
96,55342499;16,13133497;3,195593467
96,59622563;16,13506348;3,188694798
96,63891498;16,13879033;3,181812645
96,68149338;16,14251554;3,174946961
96,72396123;16,14623911;3,168097695
96,76631887;16,14996104;3,161264802
96,80856668;16,15368134;3,154448232
96,85070502;16,15740002;3,147647939
96,89273424;16,16111708;3,140863875
96,9346547;16,16483253;3,134095993
96,97648638;16,16854637;3,128811353
97,01822381;16,17225861;3,123109058
97,05986727;16,17596926;3,117418245
97,10141702;16,17967831;3,111738886
97,14287335;16,18338577;3,106070953
97,18423651;16,18709165;3,100414417
97,2255068;16,19079596;3,094769251
97,26668446;16,19449869;3,089135427
97,30776978;16,19819985;3,083512916
97,34876302;16,20189946;3,077901692
97,38966445;16,2055975;3,072301726
97,43047432;16,20929399;3,066712992
97,47119291;16,21298893;3,061135461
97,51182048;16,21668233;3,055569107
97,55235729;16,22037419;3,050013901
97,5928036;16,22406452;3,044469818
97,63315967;16,22775331;3,038936829
97,67342576;16,23144059;3,033414909
97,71360213;16,23512634;3,027904029
97,75368903;16,23881057;3,022404163
97,79368673;16,2424933;3,016915285
97,83359547;16,24617452;3,011437368
97,87341551;16,24985424;3,005970385
97,9131471;16,25353246;3,00051431
97,95279049;16,25720918;2,995069117
97,99234594;16,26088442;2,989634779
98,0318137;16,26455818;2,98421127
98,07119401;16,26823046;2,978798564
98,11048711;16,27190126;2,973396635
98,14969327;16,27557059;2,968005458
98,18881272;16,27923846;2,962625005
98,22784571;16,28290487;2,957255252
98,26679248;16,28656981;2,951896173
98,30565328;16,29023331;2,946547742
98,34442834;16,29389536;2,941209934
98,38311791;16,29755596;2,935882724
98,42172224;16,30121513;2,930566085
98,46024155;16,30487286;2,925259993
98,49867609;16,30852915;2,919964423
98,53702609;16,31218403;2,91467935
98,57529179;16,31583747;2,909404748
98,61347343;16,3194895;2,904140592
98,65157124;16,32314012;2,898886858
98,68958546;16,32678933;2,893643522
98,72751631;16,33043713;2,888410557
98,76536403;16,33408353;2,883187941
98,80312885;16,33772853;2,877975647
98,84081101;16,34137214;2,872773653
98,87841072;16,34501436;2,867581932
98,91592822;16,3486552;2,862400462
98,95336374;16,35229465;2,857229218
98,9907175;16,35593273;2,852068175
99,02798973;16,35956943;2,84691731
99,06518066;16,36320477;2,841776599
99,1022905;16,36683874;2,836646018
99,13931948;16,37047135;2,831525542
99,17626783;16,3741026;2,826415149
99,21313576;16,3777325;2,821314814
99,2499235;16,38136106;2,816224515
99,28663127;16,38498826;2,811144226
99,32325928;16,38861413;2,806073926
99,35980775;16,39223866;2,80101359
99,33143683;16,39587546;-26,2251213
98,98808482;16,3995248;-25,8810428
98,64806974;16,40318662;-25,5201384
98,31164878;16,40686087;-25,14017632
97,9791119;16,41054748;-24,73852827
97,65078753;16,41424635;-24,3120742
97,3270497;16,41795737;-23,85707673
97,00832684;16,42168041;-23,36901297
96,69511307;16,42541532;-22,84234429
96,38798269;16,4291619;-22,27019421
96,08760919;16,43291993;-21,64388461
95,79479082;16,43668915;-20,95224599
95,51048579;16,44046924;-20,18054892
95,23586245;16,44425982;-19,30876375
94,97237363;16,44806042;-18,3085374
94,72187326;16,45187047;-17,13747381
94,48681225;16,45568927;-15,72694881
94,27060354;16,45951668;-15,40726627
94,05831164;16,46335269;-15,26926868
93,84744845;16,46719728;-15,12959525
93,63804687;16,47105043;-14,98814386
93,43014143;16,4749121;-14,84480496
93,22376845;16,47878228;-14,69946084
93,01896611;16,48266093;-14,55198472
92,81577466;16,48654803;-14,40223983
92,6142365;16,49044352;-14,25007825
92,41439641;16,49434739;-14,09533966
92,21630171;16,49825958;-13,93784986
92,02000251;16,50218006;-13,77741907
91,82555189;16,50610877;-13,61383995
91,63300624;16,51004568;-13,44688531
91,44242552;16,51399071;-13,27630535
91,25387362;16,51794383;-13,10182451
91,06741874;16,52190496;-12,92313763
90,88313387;16,52587404;-12,73990537
90,70109729;16,529851;-12,55174874
90,52139318;16,53383577;-12,35824234
90,34411232;16,53782825;-12,15890619
90,16935292;16,54182838;-11,95319545
89,99722159;16,54583604;-11,74048767
89,82783454;16,54985115;-11,52006651
89,66131896;16,5538736;-11,29110088
89,49781478;16,55790326;-11,0526176
89,33747678;16,56194002;-10,80346522
89,18047728;16,56598374;-10,5422649
89,02700952;16,57003426;-10,26734244
88,87729213;16,57409144;-9,976631698
88,73157496;16,5781551;-9,667533028
88,59014701;16,58222504;-9,336698255
88,45334765;16,58630131;-9,346949219
88,31618541;16,59038387;-9,266621962
88,1799919;16,59447269;-9,184612084
88,04479644;16,59856776;-9,100808025
87,9106301;16,60266904;-9,015087836
87,77752594;16,60677649;-8,927317807
87,64551915;16,61089009;-8,837350853
87,51464727;16,61500979;-8,74502461
87,38495043;16,61913556;-8,650159157
87,25647163;16,62326735;-8,552554305
87,12925707;16,62740513;-8,451986305
87,00335647;16,63154883;-8,348203852
86,87882357;16,63569841;-8,240923175
86,75571657;16,63985382;-8,129821941
86,63409876;16,64401499;-8,014531619
86,51403925;16,64818187;-7,894627776
86,39561382;16,65235439;-7,769617613
86,27890598;16,65653246;-7,63892367
86,1640083;16,66071603;-7,501862207
86,05102401;16,66490499;-7,357613923
85,94006916;16,66909927;-7,205183438
85,83127528;16,67329875;-7,043341765
85,72479301;16,67750334;-6,870542131
85,62079698;16,68171291;-6,684792304
85,5194927;16,68592732;-6,483452356
85,42112647;16,69014643;-6,262896505
85,32600055;16,69437008;-6,017907321
85,2344976;16,69859805;-5,74048629
85,1471233;16,70283013;-5,417198033
85,06458968;16,70706602;-5,021949677
84,98800892;16,71130533;-4,487930136
84,91951633;16,71554692;-2,996799296
84,87375599;16,71978852;0
84,82799566;16,72403011;-2,996798289
84,83818058;16,72827399;0,666640302
84,86793108;16,73251737;1,947514075
84,9123289;16,73675925;2,907370035
84,96870868;16,74099892;3,693933914
85,03532401;16,74523577;4,367452773
85,11088253;16,74946931;4,957671672
85,18620647;16,75369908;4,946672547
85,26129693;16,75792512;4,935703118
85,33615497;16,76214743;4,924763271
85,41078164;16,76636604;4,91385289
85,485178;16,77058097;4,902971862
85,5593451;16,77479223;4,892120074
85,63328397;16,77899983;4,881297415
85,70699565;16,7832038;4,870503771
85,78048115;16,78740416;4,859739032
85,8537415;16,79160092;4,849003089
85,92677771;16,7957941;4,83829583
85,99959077;16,79998371;4,827617149
86,07218169;16,80416978;4,816966935
86,14455145;16,80835231;4,806345081
86,21670104;16,81253134;4,795751482
86,28863143;16,81670686;4,785186029
86,36034359;16,82087891;4,774648617
86,4318385;16,82504749;4,764139141
86,50311709;16,82921262;4,753657498
86,57418033;16,83337432;4,743203582
86,64502916;16,8375326;4,73277729
86,71566452;16,84168748;4,72237852
86,78608734;16,84583898;4,71200717
86,85629854;16,84998711;4,701663138
86,92629904;16,85413189;4,691346323
86,99608977;16,85827333;4,681056625
87,06567162;16,86241145;4,670793944
87,1350455;16,86654626;4,660558182
87,2042123;16,87067778;4,650349238
87,27317292;16,87480602;4,640167016
87,34192824;16,87893099;4,630011418
87,41047914;16,88305273;4,619882347
87,47882648;16,88717123;4,609779706
87,54697115;16,89128651;4,5997034
87,614914;16,89539859;4,589653333
87,68265589;16,89950748;4,579629411
87,75019767;16,90361319;4,569631538
87,81754018;16,90771575;4,559659623
87,88468427;16,91181515;4,549713571
87,95163077;16,91591143;4,539793289
88,01838051;16,92000459;4,529898686
88,08493432;16,92409464;4,52002967
88,15129302;16,92818161;4,510186149
88,21745741;16,9322655;4,500368033
88,28342832;16,93634632;4,490575232
88,34920654;16,9404241;4,480807657
88,41479287;16,94449884;4,471065217
88,48018811;16,94857055;4,461347824
88,54539305;16,95263926;4,451655391
88,61040848;16,95670497;4,441987828
88,67523516;16,9607677;4,43234505
88,73987389;16,96482746;4,422726969
88,80432542;16,96888426;4,413133498
88,86859053;16,97293812;4,403564553
88,93266998;16,97698904;4,394020047
88,99656451;16,98103705;4,384499896
89,0602749;16,98508215;4,375004014
89,12380187;16,98912435;4,365532319
89,18714618;16,99316368;4,356084726
89,25030857;16,99720013;4,346661152
89,31328976;17,00123373;4,337261514
89,37609049;17,00526449;4,327885731
89,43871149;17,00929241;4,318533719
89,50115347;17,01331752;4,309205399
89,56341715;17,01733981;4,299900687
89,62550324;17,02135931;4,290619505
89,68741246;17,02537602;4,281361772
89,74914551;17,02938996;4,272127408
89,81070308;17,03340114;4,262916333
89,87208588;17,03740957;4,253728469
89,93329459;17,04141527;4,244563737
89,9943299;17,04541823;4,235422059
90,05519251;17,04941849;4,226303357
90,11587924;17,05341603;4,216940743
90,1763892;17,05741089;4,207490946
90,2367231;17,06140307;4,198065804
90,29688165;17,06539257;4,18866523
90,35686554;17,06937942;4,17928914
90,41667548;17,07336362;4,16993745
90,47631217;17,07734519;4,160610074
90,53577628;17,08132413;4,151306929
90,59506851;17,08530046;4,142027931
90,65418954;17,08927419;4,132772998
90,71314005;17,09324532;4,123542047
90,77192071;17,09721388;4,114334996
90,83053219;17,10117986;4,105151763
90,88897516;17,10514329;4,095992267
90,94725028;17,10910416;4,086856427
91,00535821;17,1130625;4,077744162
91,0632996;17,11701831;4,068655392
91,12107512;17,12097161;4,059590038
91,17868539;17,12492239;4,05054802
91,23613107;17,12887068;4,041529259
91,29341281;17,13281649;4,032533677
91,35053123;17,13675982;4,023561196
91,40748696;17,14070068;4,014611738
91,46428065;17,14463909;4,005685226
91,52091291;17,14857505;3,996781582
91,57738436;17,15250858;3,98790073
91,63369564;17,15643968;3,979042594
91,68984735;17,16036837;3,970207098
91,7458401;17,16429465;3,961394167
91,8016745;17,16821853;3,952603725
91,85735117;17,17214003;3,943835698
91,91287069;17,17605915;3,935090011
91,96823368;17,1799759;3,92636659
92,02344073;17,1838903;3,917665362
92,07849242;17,18780234;3,908986254
92,13338935;17,19171205;3,900329191
92,1881321;17,19561943;3,891694103
92,24272127;17,19952449;3,883080916
92,29715741;17,20342723;3,874489558
92,35144113;17,20732768;3,865919959
92,40557297;17,21122583;3,857372046
92,45955353;17,2151217;3,84884575
92,51338336;17,2190153;3,840340998
92,56706302;17,22290662;3,831857722
92,62059309;17,2267957;3,823395851
92,67397411;17,23068252;3,814955316
92,72720665;17,23456711;3,806536047
92,78029125;17,23844946;3,798137976
92,83322847;17,2423296;3,789761034
92,88601884;17,24620752;3,781405152
92,93866293;17,25008324;3,773070263
92,99116125;17,25395676;3,7647563
93,04351436;17,25782809;3,756463194
93,09572278;17,26169725;3,748190879
93,14778706;17,26556424;3,739939287
93,19970771;17,26942907;3,731708354
93,25148527;17,27329174;3,723498012
93,30312026;17,27715227;3,715308196
93,3546132;17,28101066;3,70713884
93,40596461;17,28486692;3,69898988
93,457175;17,28872107;3,690861249
93,50824489;17,2925731;3,682752885
93,55917479;17,29642303;3,674664721
93,60996521;17,30027086;3,666596695
93,66061664;17,3041166;3,658548743
93,7111296;17,30796027;3,6505208
93,76150459;17,31180186;3,642512805
93,81174209;17,31564139;3,634524694
93,86184261;17,31947886;3,626556404
93,91180664;17,32331429;3,618607874
93,96163467;17,32714767;3,610679041
94,01132718;17,33097902;3,602769844
94,06088466;17,33480835;3,59488022
94,1103076;17,33863565;3,587010109
94,15959647;17,34246095;3,579159451
94,20875175;17,34628425;3,571328183
94,25777392;17,35010555;3,563516247
94,30666344;17,35392486;3,555723581
94,35542079;17,3577422;3,547950126
94,40404645;17,36155756;3,540195822
94,45254086;17,36537095;3,53246061
94,5009045;17,36918239;3,524744431
94,54913783;17,37299188;3,517047226
94,59724131;17,37679942;3,509368936
94,64521538;17,38060503;3,501709504
94,69306052;17,38440871;3,49406887
94,74077717;17,38821047;3,486446978
94,78836577;17,39201031;3,47884377
94,83582679;17,39580824;3,471259188
94,88316065;17,39960428;3,463693175
94,93036782;17,40339842;3,456145675
94,97744872;17,40719067;3,44861663
95,02440379;17,41098104;3,441105986
95,07123348;17,41476954;3,433613685
95,11793822;17,41855618;3,426139671
95,16451844;17,42234095;3,41868389
95,21097457;17,42612388;3,411246285
95,25730704;17,42990495;3,403826802
95,30351627;17,43368419;3,396425385
95,3496027;17,4374616;3,38904198
95,39556673;17,44123718;3,381676533
95,44140881;17,44501094;3,374328989
95,48712933;17,44878288;3,366999294
95,53272872;17,45255302;3,359687395
95,57820739;17,45632137;3,352393238
95,62356576;17,46008792;3,345116769
95,66880423;17,46385268;3,337857936
95,71392321;17,46761566;3,330616686
95,75892311;17,47137687;3,323392965
95,80380434;17,47513631;3,316186722
95,8485673;17,47889399;3,308997905
95,89321238;17,48264991;3,30182646
95,93773999;17,48640409;3,294672338
95,98215052;17,49015652;3,287535485
96,02644437;17,49390722;3,280415851
96,07062193;17,49765619;3,273313384
96,11468359;17,50140343;3,266228034
96,15862975;17,50514896;3,25915975
96,20246079;17,50889277;3,25210848
96,24617709;17,51263488;3,245074176
96,28977905;17,51637529;3,238056787
96,33326704;17,520114;3,231056262
96,37664144;17,52385103;3,224072553
96,41990264;17,52758637;3,217105609
96,46305101;17,53132004;3,210155381
96,50608692;17,53505204;3,203221821
96,54901075;17,53878238;3,196304879
96,59182288;17,54251105;3,189404507
96,63452366;17,54623808;3,182520655
96,67711348;17,54996345;3,175653277
96,71959269;17,55368719;3,168802323
96,76196167;17,55740929;3,161967745
96,80422077;17,56112976;3,155149497
96,84637037;17,5648486;3,14834753
96,88841081;17,56856583;3,141561796
96,93034246;17,57228145;3,13479225
96,97218386;17,57599545;3,1293991
97,01393098;17,57970786;3,123695621
97,05558409;17,58341867;3,118003627
97,09714348;17,58712788;3,11232309
97,13860942;17,59083551;3,106653982
97,17998216;17,59454155;3,100996274
97,221262;17,59824602;3,095349938
97,26244919;17,60194891;3,089714948
97,303544;17,60565024;3,084091274
97,34454671;17,60935;3,078478889
97,38545757;17,6130482;3,072877765
97,42627686;17,61674486;3,067287876
97,46700484;17,62043996;3,061709193
97,50764176;17,62413351;3,056141689
97,54818791;17,62782553;3,050585337
97,58864352;17,63151602;3,04504011
97,62900887;17,63520497;3,03950598
97,66928421;17,6388924;3,033982921
97,70946981;17,64257831;3,028470906
97,74956591;17,6462627;3,022969907
97,78957278;17,64994558;3,017479899
97,82949067;17,65362695;3,012000855
97,86931983;17,65730683;3,006532748
97,90906051;17,6609852;3,001075551
97,94871298;17,66466208;2,995629238
97,98827747;17,66833747;2,990193784
98,02775424;17,67201138;2,984769161
98,06714354;17,67568381;2,979355344
98,10644562;17,67935477;2,973952307
98,14566071;17,68302425;2,968560024
98,18478908;17,68669227;2,963178468
98,22383096;17,69035882;2,957807615
98,26278659;17,69402392;2,952447438
98,30165623;17,69768757;2,947097912
98,34044011;17,70134976;2,941759012
98,37913848;17,70501052;2,936430711
98,41775157;17,70866983;2,931112985
98,45627962;17,71232771;2,925805809
98,49472287;17,71598415;2,920509156
98,53308157;17,71963917;2,915223003
98,57135594;17,72329276;2,909947324
98,60954622;17,72694494;2,904682094
98,64765265;17,7305957;2,899427289
98,68567546;17,73424506;2,894182883
98,72361489;17,737893;2,888948852
98,76147116;17,74153954;2,883725171
98,7992445;17,74518469;2,878511816
98,83693516;17,74882844;2,873308762
98,87454335;17,75247081;2,868115985
98,91206931;17,75611178;2,86293346
98,94951325;17,75975138;2,857761164
98,98687542;17,7633896;2,852599073
99,02415604;17,76702645;2,847447161
99,06135532;17,77066192;2,842305405
99,0984735;17,77429603;2,837173782
99,1355108;17,77792878;2,832052267
99,17246744;17,78156018;2,826940837
99,20934364;17,78519022;2,821839468
99,24613963;17,78881891;2,816748136
99,28285562;17,79244625;2,811666818
99,31949183;17,79607226;2,806595491
99,35604848;17,79969692;2,80153413
99,39252579;17,80332025;2,796482713
99,42892398;17,80694226;2,791441216
99,46524326;17,81056293;2,786409617
99,50148385;17,81418229;2,781387892
99,53764595;17,81780033;2,776376017
99,5737298;17,82141705;2,771373971
99,60973559;17,82503246;2,766381731
99,64566353;17,82864656;2,761399273
99,68151385;17,83225936;2,756426574
99,71728675;17,83587087;2,751463612
99,75298244;17,83948107;2,746510365
99,78860113;17,84308999;2,74156681
99,82414303;17,84669761;2,736632925
99,85960835;17,85030396;2,731708686
99,89499728;17,85390902;2,726794072
99,93031004;17,8575128;2,721889061
99,96554684;17,86111531;2,71699363
100,0007079;17,86471655;2,712107757
100,0357933;17,86831653;2,70723142
100,0708035;17,87191524;2,702364598
100,1057384;17,87551269;2,697507267
100,1405984;17,87910889;2,692659407
100,1753837;17,88270384;2,687820996
100,2100944;17,88629753;2,682992012
100,2447307;17,88988998;2,678172432
100,2792929;17,8934812;2,673362237
100,3137811;17,89707117;2,668561404
100,3481956;17,90065991;2,663769911
100,3825365;17,90424742;2,658987738
100,4168041;17,9078337;2,654214862
100,4509984;17,91141876;2,649451264
100,4851198;17,91500259;2,64469692
100,5191684;17,91858521;2,639951812
100,5531444;17,92216662;2,635215916
100,587048;17,92574682;2,630489213
100,6208794;17,92932581;2,625771682
100,6546388;17,93290359;2,621063301
100,6883263;17,93648018;2,616364049
100,7219422;17,94005557;2,611673907
100,7554867;17,94362976;2,606992852
100,7889599;17,94720277;2,602320866
100,822362;17,95077459;2,597657926
100,8556932;17,95434523;2,593004013
100,8889538;17,95791468;2,588359106
100,9221438;17,96148296;2,583723185
100,9552634;17,96505007;2,579096229
100,988313;17,968616;2,574478219
101,0212925;17,97218077;2,569869133
101,0542023;17,97574438;2,565268952
101,0870425;17,97930682;2,560677655
101,1198133;17,98286811;2,556095224
101,1525148;17,98642824;2,551521637
101,1851472;17,98998723;2,546956875
101,2177108;17,99354506;2,542400917
101,2502057;17,99710175;2,537853745
101,2826321;18,0006573;2,533315338
101,3149901;18,00421171;2,528785677
101,34728;18,00776498;2,524264743
101,3795019;18,01131713;2,519752514
101,4116559;18,01486814;2,515248973
101,4437423;18,01841803;2,510754099
101,4757613;18,02196679;2,506267874
101,507713;18,02551444;2,501790277
101,5395975;18,02906097;2,49732129
101,5714151;18,03260638;2,492860893
101,3169414;18,03617137;-26,09515937
100,982037;18,03974813;-25,80831233
100,6497204;18,04333668;-25,58300456
100,3192197;18,04693702;-25,3543396
99,99059654;18,05054916;-25,12205806
99,66391675;18,0541731;-24,88587807
99,33925054;18,05780885;-24,64549267
99,01667296;18,06145641;-24,40056683
98,69626434;18,06511576;-24,15073406
98,37811072;18,06878689;-23,89559248
98,06230448;18,0724698;-23,63470024
97,74894487;18,07616445;-23,36757022
97,43813874;18,07987082;-23,09366378
97,13000131;18,08358888;-22,81238343
96,8246571;18,08731859;-22,52306411
96,52224088;18,09105991;-22,22496285
96,22289891;18,09481277;-21,91724626
95,92679028;18,09857712;-21,59897547
95,63408845;18,10235288;-21,2690877
95,34498318;18,10613997;-20,92637359
95,05968262;18,10993831;-20,56944895
94,77841599;18,11374777;-20,19671921
94,50143662;18,11756825;-19,80633414
94,22902577;18,12139961;-19,39612927
93,96149722;18,12524169;-18,96354893
93,699203;18,12909432;-18,50554324
93,44254063;18,13295732;-18,01842743
93,19196234;18,13683045;-17,49768473
92,94798719;18,14071348;-16,93768251
92,71121717;18,14460611;-16,3312489
92,48235949;18,14850803;-15,66901529
92,26225818;18,15241887;-14,93834139
92,05194115;18,15633819;-14,12144107
91,852694;18,16026548;-13,1918254
91,66618459;18,16420086;-13,29130133
91,47788196;18,16814428;-13,15088674
91,2911876;18,17209572;-13,00796146
91,1061472;18,17605512;-12,86235434
90,92280914;18,18002245;-12,71387848
90,74122479;18,18399765;-12,56232914
90,56144875;18,18798067;-12,40748136
90,38353919;18,19197147;-12,24908707
90,20755818;18,19596998;-12,0868717
90,03357213;18,19997614;-11,9205301
89,86165222;18,20398988;-11,74972166
89,69187498;18,20801113;-11,57406434
89,52432289;18,21203982;-11,39312735
89,35908515;18,21607587;-11,20642212
89,19625856;18,22011918;-11,01339094
89,03594854;18,22416966;-10,81339263
88,87827044;18,22822722;-10,60568411
88,72335106;18,23229174;-10,38939639
88,57133056;18,2363631;-10,16350277
88,42236486;18,24044119;-9,926775929
88,27662865;18,24452587;-9,677728606
88,13431931;18,24861698;-9,414529785
87,99566213;18,25271436;-9,134882388
87,86091726;18,25681785;-8,835838583
87,73038955;18,26092723;-8,513508637
87,60444266;18,26504229;-8,16257696
87,48352046;18,26916278;-7,77544152
87,36818131;18,27328842;-7,34054054
87,25915733;18,27741888;-6,838667477
87,15746882;18,28155373;-6,233168255
87,06468509;18,28569244;-5,433477573
86,98372987;18,28983493;-5,32887565
86,90426055;18,2939812;-5,308834781
86,82501784;18,29813125;-5,288087386
86,74601292;18,30228506;-5,266574511
86,66725792;18,30644265;-5,24423092
86,58876594;18,31060399;-5,220984179
86,51055126;18,31476908;-5,196753578
86,43262938;18,31893792;-5,171448839
86,35501724;18,32311049;-5,144968546
86,27773334;18,32728679;-5,117198244
86,20079799;18,33146679;-5,088008092
86,1242335;18,3356505;-5,057249955
86,04806448;18,3398379;-5,024753761
85,97231823;18,34402896;-4,990322859
85,89702507;18,34822368;-4,953728068
85,8222189;18,35242203;-4,914699879
85,7479378;18,356624;-4,87291812
85,67422483;18,36082955;-4,827997943
85,601129;18,36503866;-4,779470441
85,52870661;18,3692513;-4,726755126
85,45702292;18,37346744;-4,669119671
85,38615453;18,37768704;-4,60561889
85,31619264;18,38191005;-4,534998179
85,2472478;18,38613642;-4,455532305
85,17945716;18,39036609;-4,364737289
85,11299611;18,39459899;-4,258806675
85,04809856;18,39883503;-4,131359653
84,98509643;18,40307409;-3,970068114
84,92451076;18,407316;-3,743785444
84,86733981;18,41156021;-2,993334022
84,82160429;18,41580441;0
84,77586876;18,42004861;-2,993334022
84,74832281;18,4242951;-1,801876261
84,72738059;18,42854297;-1,369458443
84,71121115;18,43279189;-1,057094164
84,69887948;18,43704163;-0,806042557
84,68979222;18,44129198;-0,593889441
84,68353015;18,44554279;-0,409207455
84,67977714;18,44979391;-0,245230208
84,67828404;18,45404522;-0,097558337
84,67884817;18,4582966;0,036859184
84,68130064;18,46254796;0,160240946
84,68549803;18,46679919;0,274259907
84,69131671;18,47105022;0,38021441
84,69864875;18,47530095;0,479135887
84,70739895;18,47955131;0,571859746
84,7174826;18,48380123;0,659073748
84,72882373;18,48805065;0,741352042
84,74135379;18,4922995;0,819179727
84,75501053;18,49654772;0,892970989
84,76973715;18,50079526;0,963082748
84,73016813;18,50504976;-7,441450388
84,61619326;18,50931021;-7,70073854
84,49808221;18,51357683;-7,949279572
84,3759827;18,51784983;-8,188331178
84,25002336;18,52212941;-8,418896681
84,1203176;18,52641579;-8,641791629
83,9869664;18,53070917;-8,857689534
83,85006053;18,53500975;-9,06715422
83,70968213;18,53931751;-9,003731006
83,57005274;18,54363243;-8,916842944
83,43154123;18,54795446;-8,827837342
83,29418618;18,55228356;-8,736560785
83,15802876;18,5566197;-8,642843878
83,02311301;18,56096284;-8,546498869
82,88948614;18,56531291;-8,447316807
82,75719888;18,56966988;-8,345064106
82,62630591;18,57403368;-8,239478358
82,49686628;18,57840426;-8,130263204
82,36894402;18,58278155;-8,01708196
82,2426088;18,58716549;-7,899549624
82,11793669;18,591556;-7,777222744
81,99501115;18,59595301;-7,649586371
81,8739242;18,60035642;-7,516037042
81,75477784;18,60476615;-7,375860165
81,63768591;18,60918209;-7,22819943
81,52277635;18,61360414;-7,072014455
81,41019424;18,61803218;-6,906020678
81,30010579;18,62246608;-6,728601399
81,19270369;18,62690568;-6,53767441
81,08821469;18,63135085;-6,330480745
80,98691063;18,63580138;-6,103231513
80,88912507;18,64025709;-5,850475321
80,79528028;18,64471773;-5,563856495
80,70593422;18,64918302;-5,229343022
80,62187231;18,65365261;-4,819691956
80,54432096;18,65812601;-4,265181105
80,4756334;18,66260184;-2,709336598
80,43197787;18,66707767;0
80,38832235;18,67155351;-2,709336598
80,38544397;18,67603177;-0,178539932
80,39441974;18,68051019;0,556729402
80,41253859;18,68498811;1,123961537
80,43825622;18,68946503;1,595694411
80,47053946;18,69394051;2,003709687
80,50863395;18,6984142;2,365342371
80,55195745;18,70288577;2,691293282
80,600043;18,70735493;2,98872321
80,65250534;18,71182143;3,262705639
80,70901966;18,71628502;3,5169918
80,76930741;18,72074549;3,754448618
80,83312638;18,72520263;3,977325913
80,90026354;18,72965625;4,187427832
80,9705297;18,73410617;4,386227441
81,04375548;18,73855224;4,57494595
81,11978815;18,74299428;4,754609077
81,19848917;18,74743216;4,926088146
81,27973218;18,75186574;5,090130681
81,36340137;18,75629489;5,247383615
81,44939016;18,76071948;5,398411181
81,53720201;18,76513941;5,518689416
81,62465418;18,76955457;5,502010224
81,71174882;18,773965;5,48539335
81,79848806;18,77837073;5,468838459
81,884874;18,78277179;5,45234522
81,97090874;18,78716821;5,435913303
82,05659434;18,79156001;5,419542383
82,14193287;18,79594723;5,403232136
82,22692635;18,80032989;5,386982242
82,31157681;18,80470801;5,370792382
82,39588624;18,80908164;5,354662241
82,47989732;18,81345079;5,341178874
82,56360952;18,81781549;5,327602834
82,64703927;18,82217576;5,315016566
82,73019689;18,82653164;5,303032828
82,81308371;18,83088313;5,291082755
82,89570108;18,83523027;5,279166208
82,97805033;18,83957308;5,267283046
83,06013278;18,84391157;5,255433131
83,14194973;18,84824578;5,243616324
83,22350248;18,85257573;5,231832488
83,30479233;18,85690143;5,220081489
83,38582054;18,86122291;5,208363189
83,4665884;18,86554019;5,196677455
83,54709716;18,86985329;5,185024153
83,62734806;18,87416224;5,173403152
83,70734237;18,87846705;5,161814318
83,7870813;18,88276775;5,150257522
83,86656607;18,88706435;5,138732633
83,94579791;18,89135689;5,127239523
84,02477802;18,89564537;5,115778062
84,1035076;18,89992982;5,104348125
84,18198783;18,90421026;5,092949583
84,26021989;18,90848671;5,081582311
84,33820496;18,91275919;5,070246185
84,4159442;18,91702771;5,058941079
84,49343876;18,92129231;5,047666872
84,57068978;18,925553;5,036423439
84,64769841;18,92980979;5,025210659
84,72446578;18,93406271;5,014028412
84,800993;18,93831178;5,002876577
84,87728119;18,94255701;4,991755033
84,95333146;18,94679843;4,980663664
85,02914491;18,95103605;4,969602349
85,10472262;18,95526989;4,958570973
85,18006567;18,95949998;4,947569419
85,25517515;18,96372632;4,93659757
85,33005213;18,96794894;4,925655311
85,40469765;18,97216785;4,914742529
85,47911277;18,97638307;4,903859109
85,55329855;18,98059463;4,893004938
85,62725602;18,98480253;4,882179904
85,7009862;18,9890068;4,871383896
85,77449013;18,99320745;4,860616802
85,84776883;18,9974045;4,849878511
85,92082329;19,00159797;4,839168915
85,99365454;19,00578788;4,828487904
86,06626355;19,00997423;4,817835371
86,13865133;19,01415706;4,807211206
86,21081886;19,01833636;4,796615303
86,28276711;19,02251217;4,786047556
86,35449706;19,0266845;4,775507859
86,42600966;19,03085336;4,764996107
86,49730588;19,03501878;4,754512195
86,56838667;19,03918076;4,744056019
86,63925297;19,04333932;4,733627476
86,70990572;19,04749448;4,723226463
86,78034585;19,05164625;4,712852878
86,85057429;19,05579466;4,702506619
86,92059197;19,05993971;4,692187586
86,99039978;19,06408142;4,681895678
87,05999865;19,06821981;4,671630796
87,12938948;19,07235489;4,661392839
87,19857315;19,07648667;4,65118171
87,26755057;19,08061518;4,64099731
87,33632262;19,08474043;4,630839542
87,40489017;19,08886242;4,620708308
87,47325411;19,09298119;4,610603513
87,54141529;19,09709673;4,600525061
87,60937459;19,10120907;4,590472855
87,67713285;19,10531822;4,580446802
87,74469093;19,10942419;4,570446806
87,81204968;19,113527;4,560472775
87,87920994;19,11762667;4,550524615
87,94617254;19,1217232;4,540602233
88,01293832;19,12581661;4,530705537
88,07950809;19,12990692;4,520834435
88,14588268;19,13399414;4,510988836
88,21206291;19,13807828;4,50116865
88,27804958;19,14215935;4,491373785
88,3438435;19,14623737;4,481604154
88,40944547;19,15031236;4,471859665
88,47485629;19,15438432;4,462140231
88,54007673;19,15845328;4,452445763
88,6051076;19,16251923;4,442776173
88,66994967;19,1665822;4,433131375
88,73460371;19,1706422;4,42351128
88,7990705;19,17469925;4,413915804
88,8633508;19,17875334;4,40434486
88,92744537;19,18280451;4,394798362
88,99135498;19,18685275;4,385276225
89,05508037;19,19089809;4,375778365
89,11862229;19,19494053;4,366304699
89,18198148;19,19898009;4,356855141
89,24515869;19,20301678;4,347429609
89,30815465;19,20705061;4,33802802
89,37097009;19,2110816;4,328650292
89,43360573;19,21510975;4,319296343
89,4960623;19,21913508;4,309966091
89,55834051;19,22315761;4,300659456
89,62044108;19,22717733;4,291376356
89,68236471;19,23119427;4,282116711
89,74411211;19,23520844;4,272880442
89,80568398;19,23921985;4,263667469
89,86708102;19,2432285;4,254477713
89,92830392;19,24723442;4,245311095
89,98935337;19,25123761;4,236167538
90,05023005;19,25523808;4,227046963
90,11093124;19,25923585;4,217713343
90,17145561;19,26323092;4,208261529
90,23180385;19,26722332;4,198834377
90,29197669;19,27121304;4,1894318
90,35197482;19,27520011;4,180053715
90,41179894;19,27918453;4,170700035
90,47144974;19,28316631;4,161370677
90,53092792;19,28714546;4,152065557
90,59023416;19,291122;4,142784591
90,64936914;19,29509594;4,133527697
90,70833354;19,29906729;4,124294791
90,76712804;19,30303605;4,115085792
90,82575331;19,30700225;4,105900617
90,88421001;19,31096588;4,096739186
90,94249881;19,31492696;4,087601417
91,00062037;19,31888551;4,078487231
91,05857533;19,32284153;4,069396546
91,11636436;19,32679503;4,060329283
91,17398811;19,33074602;4,051285362
91,2314472;19,33469451;4,042264706
91,2887423;19,33864052;4,033267235
91,34587403;19,34258405;4,024292871
91,40284302;19,34652512;4,015341536
91,45964991;19,35046372;4,006413153
91,51629533;19,35439989;3,997507645
91,57277989;19,35833361;3,988624935
91,62910422;19,36226491;3,979764947
91,68526893;19,36619379;3,970927606
91,74127464;19,37012027;3,962112835
91,79712195;19,37404435;3,95332056
91,85281147;19,37796604;3,944550706
91,9083438;19,38188535;3,935803198
91,96371955;19,3858023;3,927077962
92,0189393;19,38971689;3,918374925
92,07400365;19,39362912;3,909694013
92,1289132;19,39753902;3,901035153
92,18366852;19,40144659;3,892398274
92,2382702;19,40535184;3,883783301
92,29271882;19,40925477;3,875190164
92,34701495;19,41315541;3,866618791
92,40115918;19,41705375;3,858069111
92,45515206;19,4209498;3,849541052
92,50899418;19,42484358;3,841034544
92,56268608;19,42873509;3,832549517
92,61622834;19,43262435;3,824085901
92,66962151;19,43651136;3,815643627
92,72286615;19,44039613;3,807222624
92,77596281;19,44427866;3,798822825
92,82891204;19,44815898;3,79044416
92,88171438;19,45203708;3,782086562
92,93437039;19,45591298;3,773749962
92,98688059;19,45978668;3,765434292
93,03924554;19,46365819;3,757139486
93,09146575;19,46752753;3,748865476
93,14354178;19,47139469;3,740612195
92,82558959;19,47528743;-24,66123346
92,47999096;19,47919478;-24,60345707
92,13390686;19,48311689;-24,5455715
91,78733332;19,48705389;-24,48757758
91,4402663;19,49100591;-24,42947615
91,09270167;19,49497308;-24,37126802
90,74463522;19,49895556;-24,31295404
90,39606264;19,50295347;-24,25453502
90,04697956;19,50696697;-24,1960118
89,69738149;19,51099619;-24,13738518
89,34726387;19,51504129;-24,07865601
88,99662204;19,51910507;-27,97342509
88,58738138;19,52318771;-27,84024236
88,17819913;19,52728938;-27,70749525
87,76906965;19,53141026;-27,57516429
87,35998748;19,53555053;-27,44322792
86,95094739;19,53971036;-27,31166221
86,5419444;19,54388995;-27,18044041
86,13297383;19,54808947;-27,04953252
85,7240314;19,55230912;-26,91890475
85,31511322;19,55654909;-26,78851883
84,90621595;19,56080958;-26,6583312
84,49733682;19,56509079;-26,52829204
84,08847381;19,56939291;-26,39834406
83,67962574;19,57371615;-26,26842101
83,27079243;19,57806073;-26,13844583
82,86197492;19,58242684;-26,00832837
82,45317571;19,58681471;-25,87796243
82,044399;19,59122455;-25,74722216
81,63565111;19,59565658;-25,61595725
81,2269409;19,60011101;-25,4839869
80,81828029;19,60458809;-25,35109182
80,40968505;19,60908802;-25,21700375
80,00117559;19,61361104;-25,08139139
79,5927782;19,61815739;-24,94384146
79,18452648;19,62272728;-24,80383263
78,77646339;19,62732095;-24,66069925
78,36864383;19,63193864;-24,5135799
77,96113824;19,63658056;-24,36134311
77,55403757;19,64124695;-24,20247777
77,1474602;19,64593806;-24,06808214
76,74099906;19,65065413;-23,93626206
76,33461204;19,65539545;-23,80336984
75,92831873;19,66016226;-23,66920095
75,5221427;19,66495484;-23,53351734
75,11611212;19,66977346;-23,39604043
74,71026066;19,67461838;-23,25644235
74,30462847;19,67948987;-23,11433484
73,89926343;19,68438822;-22,96925509
73,49422268;19,68931368;-22,82064755
73,08957456;19,69426653;-22,66784025
72,68540095;19,69924704;-22,51001363
72,28180035;19,70425546;-22,34615924
71,87889177;19,70929206;-22,17502388
71,47681973;19,71435708;-21,99503341
71,07576087;19,71945075;-21,80418695
70,67593274;19,72457329;-21,59990727
70,27760557;19,7297249;-21,37882534
69,88111853;19,73490573;-21,13646264
69,48690243;19,74011591;-20,86675112
69,09551219;19,7453555;-20,5612856
68,70767449;19,75062449;-20,20811898
68,32435993;19,75592274;-19,78973795
67,94689603;19,76124998;-19,2794846
67,57715254;19,7666057;-18,63480844
67,21786245;19,77198902;-17,78340283
66,87322091;19,77739848;-16,59103302
66,55012642;19,78283465;-16,71273414
66,22305448;19,78829763;-16,51997461
65,89816093;19,79378748;-16,32075676
65,57560653;19,79930425;-16,11439489
65,25556862;19,80484797;-15,90010849
64,93824342;19,81041867;-15,67700468
64,62384868;19,81601633;-15,44405644
64,3126268;19,8216409;-15,20007531
64,00484859;19,82729232;-14,94367681
63,70081787;19,83297048;-14,67323609
63,40087701;19,83867522;-14,38683009
63,10541374;19,84440635;-14,08216124
62,81486978;19,8501636;-13,75645442
62,52975167;19,85594668;-13,40631534
62,25064476;19,86175517;-13,02753063
61,9782317;19,86758859;-12,61477751
61,71331722;19,87344636;-12,16118679
61,45686257;19,87932775;-11,65765663
61,21003502;19,88523188;-11,09171539
60,97428213;19,89115766;-10,4455034
60,75145004;19,89710375;-9,691848079
60,54398708;19,90306843;-8,785581537
60,35533576;19,9090494;-7,640137606
60,190832;19,91504335;-6,037211301
60,06055972;19,92104073;-1,587229504
60,02629058;19,9270381;0
59,99202146;19,93303547;-1,587228533
60,01411872;19,93903627;1,022885115
60,06348597;19,94503486;2,286058914
60,1314926;19,95102852;3,151786553
60,21407983;19,9570154;3,831862136
60,30874276;19,96299406;4,398180089
60,41373485;19,96896335;4,885756697
60,52774904;19,97492226;5,314832633
60,64976081;19,98086994;5,698378005
60,77894039;19,98680566;6,045301483
60,91459921;19,99272877;6,362036358
61,05615504;19,99863868;6,653407669
61,20310817;20,00453489;6,923143127
61,35502453;20,01041695;7,174192132
61,51152318;20,01628444;7,408934392
61,67226706;20,022137;7,629321624
61,83695571;20,02797431;7,836976881
62,00531963;20,03379607;8,033266059
62,17711584;20,03960202;8,219350583
62,35212412;20,04539193;8,39622699
62,53014412;20,05116559;8,564757202
62,71099285;20,05692282;8,725692028
62,89450258;20,06266344;8,879689667
63,07779904;20,06838731;8,895323864
63,25984876;20,07409454;8,860567699
63,44066684;20,07978536;8,826021897
63,62026809;20,08545995;8,791684125
63,79866701;20,09111853;8,75755209
63,97587787;20,09676128;8,723623543
64,15191461;20,1023884;8,689896277
64,32679097;20,10800008;8,656368124
64,50052039;20,1135965;8,623036955
64,67311607;20,11917785;8,589900681
64,84459098;20,12474431;8,556957248
65,01495784;20,13029604;8,524204639
65,18422914;20,13583323;8,491640872
65,35241715;20,14135604;8,459264002
65,51953393;20,14686463;8,427072113
65,68559131;20,15235918;8,395063325
65,85060092;20,15783983;8,36323579
66,01457418;20,16330675;8,33158769
66,17752231;20,16876009;8,300117237
66,33945636;20,17420001;8,268822673
66,50038717;20,17962664;8,237702271
66,66032539;20,18504014;8,20675433
66,81928151;20,19044066;8,175977176
66,97726582;20,19582832;8,145369166
67,13428847;20,20120328;8,114928678
67,29035941;20,20656567;8,08465412
67,44548845;20,21191562;8,054543924
67,59968523;20,21725326;8,024596545
67,75295924;20,22257873;7,994810464
67,90531979;20,22789215;7,965184184
68,05677609;20,23319365;7,935716232
68,20733716;20,23848335;7,906405159
68,3570119;20,24376138;7,877249534
68,50580906;20,24902784;7,848247951
68,65373726;20,25428287;7,819399024
68,80081925;20,25952658;7,791456585
68,94712145;20,26475907;7,766752722
69,092651;20,26998047;7,742163026
69,23446865;20,27519086;7,560615288
69,37006281;20,28039058;7,243665167
69,49917778;20,28558014;6,911044157
69,6215295;20,29076006;6,561222401
69,73679979;20,29593087;6,192356506
69,84462856;20,30109314;5,80218584
69,9446032;20,30624744;5,387879599
70,03624373;20,31139437;4,945802575
70,11898084;20,31653456;4,471139425
70,19212229;20,3216687;3,957256228
70,25479761;20,32679748;3,394531826
70,30585917;20,33192168;2,767993758
70,37042423;20,33704216;3,502547651
70,44574952;20,34215795;4,09002517
70,53039711;20,34726827;4,601128726
70,62328139;20,35237245;5,054911812
70,72354538;20,35746992;5,463712701
70,83049067;20,36256016;5,836072605
70,94353443;20,36764272;6,178198261
71,0621812;20,37271717;6,494769614
71,18600357;20,37778316;6,789419338
71,31462835;20,38284033;7,065034032
71,44772646;20,38788839;7,323952129
71,58049193;20,39292704;7,319283328
71,71260217;20,39795634;7,296694355
71,84406257;20,40297638;7,274203164
71,97487845;20,40798723;7,251809041
72,10505507;20,41298898;7,229511277
72,23459762;20,41798169;7,207309175
72,36351122;20,42296545;7,185202045
72,49180092;20,42794033;7,163189204
72,61947172;20,43290641;7,141269979
72,74652854;20,43786376;7,119443705
72,87297624;20,44281245;7,097709725
72,99881965;20,44775255;7,076067387
73,12406349;20,45268414;7,054516049
73,24871246;20,45760728;7,033055078
73,37277119;20,46252204;7,011683845
73,49624425;20,4674285;6,990401731
73,61913616;20,4723267;6,969208121
73,74145138;20,47721674;6,948102411
73,86319432;20,48209866;6,927084
73,98436933;20,48697253;6,906152297
74,10498072;20,49183843;6,885306715
74,22503274;20,4966964;6,864546675
74,34452959;20,50154652;6,843871604
74,46347542;20,50638884;6,823280936
74,58187434;20,51122342;6,802774111
74,69973041;20,51605033;6,782350574
74,81704763;20,52086963;6,762009778
74,93382996;20,52568136;6,741751179
75,05007039;20,5304856;6,720941837
75,16576575;20,5352824;6,69980292
75,28092008;20,54007181;6,678752623
75,39553739;20,5448539;6,657790356
75,50962163;20,54962872;6,636915536
75,62317671;20,55439633;6,616127586
75,7362065;20,55915677;6,595425937
75,84871483;20,56391011;6,574810024
75,96070547;20,5686564;6,554279289
76,07218215;20,57339569;6,53383318
76,18314858;20,57812804;6,51347115
76,29360841;20,5828535;6,493192657
76,40356526;20,58757211;6,472997168
76,51302269;20,59228393;6,452884152
76,62198424;20,59698901;6,432853084
76,73045341;20,6016874;6,412903447
76,83843365;20,60637915;6,393034726
76,94592839;20,61106431;6,373246412
77,05294101;20,61574292;6,353538004
77,15947485;20,62041503;6,333909002
77,26553323;20,62508069;6,314358913
77,37111943;20,62973995;6,294887249
77,47623669;20,63439285;6,275493527
77,5808882;20,63903943;6,256177267
77,68507716;20,64367975;6,236937997
77,78880669;20,64831385;6,217775245
77,89207991;20,65294176;6,198688549
77,99489989;20,65756354;6,179677447
78,09726967;20,66217923;6,160741483
78,19919227;20,66678886;6,141880207
78,30067067;20,67139249;6,12309317
78,40170781;20,67599015;6,104379931
78,50230663;20,68058189;6,085740051
78,60247001;20,68516774;6,067173094
78,70220081;20,68974775;6,048678631
78,80150188;20,69432196;6,030256236
78,900376;20,6988904;6,011905485
78,99882596;20,70345311;5,99362596
79,09685452;20,70801014;5,975417247
79,19446439;20,71256152;5,957278935
79,29165826;20,7171073;5,939210617
79,38843882;20,7216475;5,921211889
79,48480869;20,72618216;5,903282352
79,58077051;20,73071133;5,88542161
79,67632685;20,73523503;5,867629271
79,77148029;20,73975332;5,849904944
79,86623338;20,74426621;5,832248246
79,96058862;20,74877374;5,814658794
80,05454851;20,75327596;5,797136209
80,14811553;20,7577729;5,779680116
80,24129212;20,76226458;5,762290144
80,33408071;20,76675105;5,744965923
80,42648369;20,77123233;5,727707087
80,51850344;20,77570847;5,710513275
80,61014232;20,78017949;5,693384128
80,70140267;20,78464543;5,676319289
80,7922868;20,78910632;5,659318405
80,882797;20,79356219;5,642381126
80,97293554;20,79801308;5,625507106
81,06270467;20,80245901;5,608696
81,15210662;20,80690001;5,591947467
81,24114121;20,81133613;5,57511134
81,32980877;20,81576738;5,558220581
81,41811152;20,8201938;5,541393281
81,50605165;20,82461542;5,524629098
81,59363133;20,82903227;5,507927689
81,68085273;20,83344438;5,491288718
81,76771796;20,83785178;5,474711848
81,85422916;20,84225449;5,458196747
81,94038841;20,84665256;5,441743085
82,02619779;20,85104599;5,425350536
82,11165937;20,85543484;5,409018775
82,19677518;20,85981911;5,392747479
82,28154726;20,86419884;5,376536331
82,3659776;20,86857406;5,360385012
82,45009522;20,8729448;5,346010723
82,53391338;20,87731108;5,332419433
82,61744011;20,88167292;5,319280765
82,70069422;20,88603036;5,307285036
82,78367706;20,8903834;5,295323023
82,86638998;20,89473209;5,283394585
82,9488343;20,89907643;5,271499582
83,03101135;20,90341645;5,259637875
83,11292245;20,90775218;5,247809325
83,19456888;20,91208364;5,236013796
83,27595195;20,91641085;5,22425115
83,35707294;20,92073382;5,212521252
83,43793312;20,92505259;5,200823967
83,51853375;20,92936718;5,189159162
83,5988761;20,9336776;5,177526704
83,67896139;20,93798387;5,165926461
83,75879088;20,94228603;5,154358302
83,83836578;20,94658409;5,142822096
83,91768731;20,95087806;5,131317714
83,99675669;20,95516798;5,119845028
84,0755751;20,95945386;5,108403909
84,15414376;20,96373572;5,096994231
84,23246382;20,96801359;5,085615868
84,31053648;20,97228747;5,074268695
84,38836289;20,9765574;5,062952586
84,46594422;20,98082339;5,051667419
84,5432816;20,98508547;5,040413071
84,62037619;20,98934364;5,029189418
84,69722911;20,99359794;5,017996341
84,7738415;20,99784837;5,006833719
84,85021445;21,00209496;4,995701431
84,9263491;21,00633773;4,984599358
85,00224652;21,0105767;4,973527383
85,07790783;21,01481188;4,962485388
85,1533341;21,0190433;4,951473255
85,22852642;21,02327097;4,940490869
85,30348584;21,0274949;4,929538115
85,37821344;21,03171513;4,918614877
85,45271028;21,03593166;4,907721042
85,52697739;21,04014452;4,896856496
85,60101582;21,04435372;4,886021127
85,67482661;21,04855927;4,875214823
85,74841078;21,05276121;4,864437472
85,82176935;21,05695954;4,853688965
85,89490333;21,06115428;4,84296919
85,96781374;21,06534545;4,83227804
86,04050157;21,06953306;4,821615405
86,11296781;21,07371714;4,810981177
86,18521345;21,07789769;4,800375249
86,25723946;21,08207474;4,789797515
86,32904683;21,0862483;4,779247868
86,40063651;21,0904184;4,768726203
86,47200947;21,09458503;4,758232415
86,54316666;21,09874823;4,7477664
86,61410903;21,102908;4,737328055
86,68483752;21,10706437;4,726917276
86,75535306;21,11121734;4,716533962
86,82565658;21,11536694;4,70617801
86,895749;21,11951318;4,695849319
86,96563124;21,12365608;4,685547789
87,03530422;21,12779565;4,675273319
87,10476883;21,1319319;4,665025811
87,17402597;21,13606485;4,654805165
87,24307654;21,14019452;4,644611284
87,31192143;21,14432092;4,634444068
87,38056151;21,14844407;4,624303422
87,44899766;21,15256398;4,614189248
87,51723075;21,15668067;4,604101451
87,58526165;21,16079414;4,594039935
87,65309121;21,16490442;4,584004604
87,72072029;21,16901152;4,573995365
87,78814974;21,17311546;4,564012123
87,85538039;21,17721624;4,554054785
87,9224131;21,18131388;4,544123259
87,98924868;21,1854084;4,534217451
88,05588797;21,18949981;4,524337269
88,12233179;21,19358812;4,514482623
88,18858096;21,19767335;4,504653422
88,25463628;21,20175551;4,494849575
88,32049856;21,20583462;4,485070992
88,38616861;21,20991068;4,475317584
88,45164723;21,21398372;4,465589261
88,51693519;21,21805374;4,455885937
88,5820333;21,22212076;4,446207522
88,64694233;21,22618479;4,436553928
88,4352499;21,23027103;-22,75756404
88,10047528;21,23437303;-22,91320084
87,76211163;21,23849106;-23,05105457
87,42038163;21,24262541;-23,17267158
87,07548799;21,24677633;-23,27942819
86,72761565;21,25094411;-23,37255424
86,37693371;21,25512901;-23,45315276
86,0235971;21,25933129;-23,52221634
85,66774799;21,26355122;-23,58064097
85,30951702;21,26778905;-23,62923771
84,94902445;21,27204506;-23,66874273
84,58638108;21,27631949;-23,69982583
84,2216891;21,28061262;-23,72309786
83,85504288;21,28492469;-23,73911706
83,48652959;21,28925597;-23,74839467
83,11622983;21,29360673;-23,75139974
82,74421817;21,29797722;-23,74856338
82,37056359;21,30236772;-23,7402825
81,99532995;21,30677848;-23,72692314
81,61857635;21,31120977;-23,70882333
81,2403575;21,31566187;-23,6862957
80,860724;21,32013505;-23,6596298
80,47972269;21,32462958;-23,62909413
80,09739683;21,32914573;-23,59493799
79,7137864;21,33368376;-23,51900079
79,32955856;21,33824391;-23,43700617
78,94480417;21,34282643;-23,35514961
78,55951317;21,34743156;-23,27343091
78,17367527;21,35205956;-23,1918499
77,78727999;21,35671071;-23,11040639
77,40031663;21,36138526;-23,02910019
77,01277425;21,36608348;-22,94793111
76,62464169;21,37080567;-22,86689897
76,23590753;21,37555209;-22,78600358
75,84656014;21,38032305;-22,70524476
75,4565876;21,38511883;-22,62462232
75,06597774;21,38993974;-22,54413608
74,67471814;21,39478608;-22,46378586
74,28279608;21,39965818;-22,38357147
73,89019856;21,40455634;-22,30349272
73,49691229;21,4094809;-22,22354944
73,10292367;21,4144322;-22,14374143
72,70821879;21,41941057;-22,06406853
72,31278341;21,42441637;-21,98453053
71,91660297;21,42944995;-21,90512727
71,51966255;21,43451168;-21,82585855
71,12194688;21,43960193;-21,74672421
70,72344033;21,44472109;-21,66772404
70,32412687;21,44986953;-21,58885787
69,92399009;21,45504768;-21,51012553
69,52301319;21,46025592;-21,43152682
69,12117891;21,46549565;-22,02243452
68,70576874;21,47076727;-21,89674871
68,290216;21,47607118;-21,769026
67,87455719;21,48140776;-21,6388399
67,45883796;21,48677744;-21,50566897
67,04311523;21,49218062;-21,36886981
66,62745995;21,4976177;-21,22764045
66,21196067;21,5030891;-21,08097031
65,79672821;21,50859521;-20,92757028
65,38190193;21,51413643;-20,76577368
64,96765823;21,51971314;-20,59339307
64,55422226;21,52532569;-20,40750839
64,14188435;21,53097443;-20,20414601
63,73102365;21,53665965;-19,97777793
63,32214298;21,54238157;-19,7205141
62,9159217;21,54814035;-19,42074783
62,51329874;21,55393599;-19,06077407
62,11560863;21,55976833;-18,61235204
61,72481592;21,56563688;-18,02780407
61,34394649;21,57154065;-17,22030556
60,97795329;21,57747775;-16,01354629
60,63568693;21,58344439;-13,97894675
60,33542027;21,58943142;-9,530779021
60,13000052;21,59543941;-9,699370333
59,92021516;21,60146827;-9,555280151
59,71282852;21,60751787;-9,405451607
59,50799106;21,6135881;-9,249286009
59,30586815;21,61967879;-9,086093247
59,1066422;21,62578975;-8,915071752
58,91051537;21,63192078;-8,735282475
58,7177128;21,63807163;-8,545614557
58,52848671;21,64424202;-8,344739172
58,34312155;21,65043164;-8,131046176
58,1619406;21,65664011;-7,902554973
57,98531465;21,66286701;-7,656785491
57,8136737;21,66911185;-7,390564936
57,64752307;21,67537409;-7,099726234
57,48746653;21,68165306;-6,778612982
57,33424077;21,687948;-6,419212892
57,1887699;21,69425801;-6,009507544
57,05225783;21,70058196;-5,529942395
56,92636176;21,70691848;-4,944450217
56,81357168;21,71326564;-4,169790514
56,71829292;21,71962012;-2,856426514
56,65294895;21,72597827;-1,431680562
56,62017869;21,73233643;0
56,58740844;21,73869459;-1,431680017
56,57876863;21,74505643;-0,377240993
56,57664917;21,75141924;-0,092528229
56,57902575;21,75778229;0,103749316
56,58483897;21,76414507;0,253785876
56,59341555;21,7705072;0,374463211
56,60428314;21,77686836;0,474563238
56,61708965;21,7832283;0,559339041
56,63156164;21,78958681;0,632223427
56,64748032;21,79594369;0,695601816
56,66466672;21,80229878;0,751208577
56,68297183;21,80865195;0,800349322
56,70226984;21,81500306;0,844034325
56,72245332;21,82135201;0,883062964
56,74342969;21,82769871;0,918079512
56,76511848;21,83404305;0,949611317
56,78744931;21,84038498;0,978095722
56,81036025;21,8467244;1,003899536
56,83379654;21,85306128;1,027333423
56,85770954;21,85939554;1,048662744
56,8820559;21,86572713;1,068115863
56,90320854;21,87205602;0,928399463
56,92191767;21,87838255;0,821457914
56,93828819;21,884707;0,719013482
56,95243034;21,89102964;0,621319013
56,96445942;21,8973507;0,528615346
56,97449544;21,90367043;0,441123692
56,98266246;21,90998905;0,35903698
56,98908781;21,91630676;0,282510508
56,99390104;21,92262376;0,211652502
56,99723269;21,92894022;0,146515338
56,9992129;21,93525632;0,087088389
56,9999699;21,9415722;0,033293417
56,99962847;21,94788799;-0,015016642
56,99830847;21,95420382;-0,058055023
56,99612352;21,9605198;-0,096094567
56,99317986;21,96683602;-0,129457721
56,98957555;21,97315256;-0,158504046
56,98539993;21,97946951;-0,183616452
56,98073342;21,98578691;-0,205187465
56,96979813;21,99211182;-2,283071205
56,91781334;21,99844251;-2,28059705
56,86583743;22,00477899;-2,278002479
56,81387316;22,01112127;-2,27524778
56,76192423;22,01746936;-2,272280172
56,70999556;22,02382326;-2,269029334
56,65809367;22,03018299;-2,265401269
56,60622729;22,03654854;-2,261269822
56,55440806;22,04291992;-2,256464756
56,50265158;22,04929714;-2,250754723
56,45097882;22,05568018;-2,243822363
56,39941811;22,06206905;-2,235226821
56,34800806;22,06846373;-2,224345181
56,29680175;22,0748642;-2,210276468
56,24587325;22,08127042;-2,191674196
56,19532795;22,08768236;-2,166429134
56,14532036;22,09409992;-2,130995766
56,0960875;22,10052298;-2,078699588
56,04802167;22,10695134;-1,994081004
56,00187449;22,11338342;-1,402994176
55,96938743;22,11981551;0
55,93690039;22,1262476;-1,402993635
55,92964235;22,13268342;-0,313265691
55,92893529;22,13912008;-0,030513475
55,93277854;22,14555682;0,165855519
55,94011027;22,15199312;0,316422616
55,95025141;22,15842857;0,437728918
55,96272388;22,16486286;0,538455035
55,97717049;22,17129571;0,623820726
55,9933134;22,1777269;0,697248952
56,01093009;22,18415624;0,761124226
56,02983836;22,19058356;0,817183473
56,04988643;22,19700871;0,866736089
56,0709461;22,20343156;0,910796411
56,09290788;22,209852;0,950167743
56,11567734;22,21626992;0,985497984
56,13917245;22,22268524;1,017317755
56,16332142;22,22909787;1,046067321
56,18806109;22,23550775;1,072116079
56,21333563;22,24191481;1,095776982
56,23909541;22,24831898;1,117317408
56,26529622;22,25472022;1,136967501
56,2918985;22,26111848;1,15492666
56,35059107;22,26751372;2,549318192
56,43053493;22,27390229;3,47599076
56,5268476;22,28028182;4,193653876
56,636567;22,28665047;4,785564558
56,75764772;22,29300679;5,291355292
56,88856945;22,29934955;5,733649329
57,02814698;22,30567771;6,126825634
57,17542496;22,31199038;6,480702171
57,32961406;22,31828679;6,802335808
57,49004964;22,32456627;7,096998547
57,65616359;22,33082822;7,368749359
57,82746433;22,33707213;7,620789612
58,0035222;22,34329755;7,855694675
58,18395848;22,34950407;8,075570759
58,36843691;22,35569134;8,282164588
58,55665708;22,36185906;8,4769422
58,74834914;22,36800695;8,661146877
58,94326955;22,37413478;8,835842613
59,14119755;22,38024235;9,0019473
59,34193232;22,38632948;9,160258454
59,54529054;22,39239601;9,31147344
59,7449629;22,39844183;9,174034555
59,94182064;22,40446745;9,075045081
60,13587943;22,41047327;8,975491386
60,32715472;22,41645971;8,875391662
60,51566177;22,42242717;8,774764285
60,7014157;22,42837605;8,67362781
60,88443142;22,43430672;8,572000984
61,06472371;22,44021956;8,469902743
61,24230723;22,44611494;8,367352217
61,41719649;22,45199323;8,264368734
61,58940591;22,45785478;8,160971825
61,75894979;22,46369994;8,057181224
61,92584236;22,46952906;7,953016879
62,09009777;22,47534246;7,848498949
62,25173011;22,48114049;7,743647814
62,4107534;22,48692346;7,63848408
62,56718166;22,4926917;7,533028579
62,72102883;22,49844551;7,427302381
62,87230886;22,50418521;7,321326796
63,0210357;22,5099111;7,215123381
63,16722329;22,51562348;7,108713945
63,3486672;22,52132264;8,843601773
63,52888676;22,52700548;8,80915827
63,70789665;22,53267219;8,774921666
63,88571123;22,53832298;8,740889691
63,61013536;22,54401824;-19,49352294
63,21046092;22,54974958;-19,28642661
62,81252742;22,55551727;-19,06362778
62,41669645;22,56132153;-18,821631
62,02341215;22,56716253;-18,5559042
61,63322567;22,57304039;-18,26047204
61,24682898;22,57895511;-17,92730257
60,86510311;22,58490658;-17,54535146
60,48918841;22,59089455;-17,09901425
60,12059052;22,59691851;-16,5654962
59,7613469;22,60297766;-15,9100601
59,41430187;22,60907072;-15,07670464
59,08359401;22,61519571;-13,96761
58,77560872;22,62134943;-12,38869565
58,50115689;22,62752628;-9,84652136
58,2822034;22,63370667;-1,504918404
58,24871985;22,63988706;0
58,21523629;22,64606746;-1,504918404
58,32386235;22,6522514;4,879391578
58,42769859;22,65842384;4,672940355
58,52670437;22,6645853;4,463487511
58,62083572;22,67073633;4,250924087
58,71004494;22,6768775;4,035122933
58,79428013;22,68300933;3,815934854
58,87348454;22,68913237;3,593183696
58,94759585;22,69524718;3,366659977
59,01654526;22,7013543;3,136112504
59,08025626;22,70745428;2,901237158
59,13864317;22,71354769;2,661661575
59,1916091;22,71963508;2,416923748
59,23904332;22,72571702;2,166441326
59,2808176;22,73179409;1,909466153
59,31678098;22,73786688;1,645014409
59,34675215;22,74393599;1,371754195
59,37050757;22,75000204;1,087814034
59,38776192;22,75606565;0,790431796
59,39813303;22,76212751;0,475244428
59,40107061;22,76818831;0,134634796
59,39568026;22,7742488;-0,247061749
59,38008535;22,78030985;-0,714714964
59,38875313;22,78637249;0,397139957
59,41252132;22,79243424;1,089169167
59,44714145;22,79849357;1,587090495
59,49042146;22,80454937;1,985241548
59,54096284;22,81060076;2,320006239
59,59777428;22,81664702;2,610036921
59,66010676;22,82268752;2,866417385
59,72736943;22,8287217;3,09637169
59,79908151;22,83474909;3,30491827
59,87484255;22,84076925;3,495710374
59,95431282;22,84678179;3,67150453
60,03719985;22,85278636;3,834440501
60,12324881;22,85878264;3,986217957
60,21223541;22,86477034;4,128212939
60,3039606;22,87074919;4,261557476
60,39824637;22,87671895;4,387195657
60,49493259;22,88267939;4,505924172
60,59387435;22,8886303;4,618422262
60,69493994;22,8945715;4,725274288
60,79800907;22,9005028;4,82698702
60,90297152;22,90642404;4,924003086
61,00972589;22,91233509;5,016711575
61,11817863;22,91823578;5,105456492
61,22824317;22,92412601;5,19054358
61,35165978;22,93000565;5,830695905
61,48845481;22,93587346;6,475773414
61,63671445;22,94172822;7,034148407
61,79496406;22,9475689;7,52622356
61,96202613;22,95339461;7,965736795
62,1369357;22,95920462;8,362462544
62,31888617;22,96499828;8,72364537
62,50604351;22,97077502;8,999565828
62,69200455;22,97653446;8,968895437
62,8766862;22,98227682;8,933690392
63,0601042;22,98800231;8,898700754
63,24227398;22,99371115;8,863924093
63,42321068;22,99940355;8,829358024
63,60292912;23,0050797;8,795000208
63,78144384;23,01073982;8,760848349
63,95876913;23,01638409;8,726900195
64,13491897;23,02201272;8,693153533
64,3099071;23,02762589;8,659606192
64,483747;23,03322378;8,62625604
64,65645189;23,03880658;8,593100984
64,82803477;23,04437447;8,560138965
64,99850838;23,04992763;8,527367965
65,16788523;23,05546621;8,494785998
65,33617762;23,06099041;8,462391113
65,50339761;23,06650037;8,430181394
65,66955706;23,07199627;8,398154957
65,83466763;23,07747826;8,36630995
65,99874075;23,08294651;8,334644553
66,16178767;23,08840116;8,303156975
66,32381944;23,09384236;8,271845455
66,48484693;23,09927028;8,240708262
66,6448808;23,10468504;8,209743694
66,80393157;23,11008681;8,178950075
66,96200954;23,11547571;8,148325757
67,11912488;23,1208519;8,117869117
67,27528755;23,1262155;8,08757856
67,43050737;23,13156664;8,057452516
67,58479401;23,13690547;8,027489437
67,73815696;23,14223211;7,997687802
67,89060557;23,1475467;7,968046113
68,04214903;23,15284934;7,938562893
68,1927964;23,15814018;7,909236691
68,34255659;23,16341933;7,880066075
68,49143835;23,16868691;7,851049637
68,63945032;23,17394305;7,822185987
68,78660821;23,17918784;7,793855315
68,93298563;23,18442142;7,769140344
69,0785897;23,18964388;7,744539632
69,22342745;23,19485534;7,720052246
69,36750581;23,20005589;7,695677268
69,51083159;23,20524564;7,671413793
69,65341153;23,21042469;7,647260928
69,79525226;23,21559314;7,623217792
69,9363603;23,22075108;7,599283515
70,0767421;23,22589862;7,575457239
70,21640403;23,23103584;7,551738118
70,35535233;23,23616285;7,528125318
70,4935932;23,24127973;7,504618014
70,63113272;23,24638658;7,481215392
70,76797691;23,25148348;7,457916651
70,90413169;23,25657053;7,434720996
71,03960292;23,26164781;7,411627647
71,17439635;23,2667154;7,38863583
71,30851769;23,2717734;7,365744783
71,44197255;23,27682189;7,342953754
71,57476647;23,28186094;7,320261997
71,70690492;23,28689065;7,297668781
71,83839329;23,29191108;7,275173378
71,96923693;23,29692233;7,252775073
72,09944108;23,30192447;7,230473159
72,22901093;23,30691757;7,208266936
72,35795161;23,31190172;7,186155715
72,48626818;23,31687698;7,164138812
72,61396562;23,32184344;7,142215555
72,74104888;23,32680117;7,120385276
72,86752282;23,33175023;7,098647319
72,99339225;23,3366907;7,077001033
73,11866191;23,34162265;7,055445776
73,2433365;23,34654616;7,033980911
73,36742065;23,35146128;7,012605812
73,49091894;23,35636809;6,991319858
73,61383587;23,36126666;6,970122435
73,73617593;23,36615704;6,949012938
73,85794351;23,37103931;6,927990766
73,97914298;23,37591353;6,907055326
74,09977865;23,38077977;6,886206033
74,21985476;23,38563808;6,865442308
74,33937552;23,39048854;6,844763576
74,45834509;23,39533119;6,824169271
74,57676757;23,40016611;6,803658833
74,6907656;23,40499335;6,559880252
74,79627365;23,40981323;6,080615101
74,7063239;23,4146428;-9,527615043
74,5406722;23,41948271;-9,128652346
74,38161767;23,42433251;-8,690923844
74,22988042;23,4291917;-8,203935341
74,08636819;23,43405971;-7,651656133
73,95227432;23,43893582;-7,007255724
73,82926886;23,44381917;-6,218797917
73,7199421;23,44870853;-5,153554014
73,62923077;23,45360058;-2,29669424
73,58878281;23,45849263;0
73,54833487;23,46338468;-2,296693603
73,54158927;23,46827942;-0,382814444
73,53088311;23,47317461;-0,607521584
73,51597221;23,47807051;-0,84599665
73,48530704;23,4829733;-3,273229108
73,42753436;23,48787995;-3,267747751
73,36981306;23,49279046;-3,26196397
73,31214861;23,49770483;-3,255822386
73,25454746;23,50262307;-3,249256881
73,19701729;23,50754516;-3,242188209
73,13956718;23,51247112;-3,234520978
73,08220795;23,51740095;-3,226139757
73,02495249;23,52233463;-3,216904
72,96781624;23,52727217;-3,206641319
72,91081774;23,53221356;-3,195138408
72,8539794;23,53715879;-3,182128505
72,79732844;23,54210787;-3,167273673
72,7408982;23,54706076;-3,150138974
72,68472986;23,55201747;-3,130153516
72,62887496;23,55697797;-3,106549129
72,57339888;23,56194222;-3,078258679
72,5183863;23,56691021;-3,043735847
72,46394983;23,57188188;-3,000606595
72,41024492;23,57685718;-2,94490814
72,35749847;23,58183601;-2,869093766
72,30607339;23,58681825;-2,754819897
72,25666277;23,59180324;-2,218379359
72,21685184;23,59678823;0
72,17704092;23,60177321;-2,218379359
72,20716911;23,60676095;1,677904123
72,2635149;23,6117466;3,139328516
72,3388641;23,61672837;4,201387669
72,42941735;23,62170495;5,054412998
72,53271678;23,6266753;5,773084223
72,6470022;23,63163858;6,396166628
72,77093341;23,63659405;6,94693742
72,89726434;23,64154108;7,093533649
73,02299188;23,64647954;7,07190889
73,14812077;23,65140949;7,050375009
73,27265569;23,65633101;7,028931373
73,39660125;23,66124417;7,007577355
73,51996201;23,66614903;6,986312337
73,64274248;23,67104566;6,965135706
73,76494712;23,67593412;6,944046859
73,88658032;23,68081449;6,923045196
74,00764643;23,68568682;6,902130128
74,12814974;23,69055118;6,881301068
74,24809449;23,69540764;6,86055744
74,36748487;23,70025625;6,839898672
74,48632504;23,70509707;6,819324198
74,60461908;23,70993018;6,79883346
74,72237104;23,71475561;6,778425904
74,83958491;23,71957345;6,758100983
74,95626466;23,72438374;6,737858157
75,07239978;23,72918654;6,716862795
75,1879906;23,73398191;6,695740997
75,30304117;23,73876991;6,674707703
75,41755548;23,74355059;6,653762326
75,53153748;23,74832401;6,632904285
75,64499108;23,75309024;6,612133004
75,75792012;23,75784931;6,591447915
75,87032843;23,76260129;6,570848453
75,98221977;23,76734622;6,550334063
76,09359788;23,77208418;6,529904193
76,20446644;23,77681519;6,509558297
76,31482909;23,78153932;6,489295835
76,42468946;23,78625662;6,469116274
76,53405109;23,79096714;6,449019085
76,64291752;23,79567093;6,429003744
76,75129223;23,80036804;6,409069734
76,85917868;23,80505851;6,389216542
76,96658029;23,80974241;6,36944366
77,07350042;23,81441976;6,349750587
77,17994241;23,81909063;6,330136824
77,28590958;23,82375505;6,310601881
77,39140519;23,82841308;6,291145269
77,49643248;23,83306476;6,271766506
77,60099465;23,83771013;6,252465114
77,70509486;23,84234925;6,23324062
77,80873625;23,84698215;6,214092555
77,91192192;23,85160888;6,195020457
78,01465493;23,85622948;6,176023864
78,11693834;23,860844;6,157102323
78,21877514;23,86545248;6,138255383
78,32016831;23,87005495;6,119482597
78,42112079;23,87465147;6,100783523
78,5216355;23,87924207;6,082157724
78,62171533;23,88382679;6,063604766
78,72136313;23,88840568;6,045124218
78,82058173;23,89297877;6,026715657
78,91937393;23,89754611;6,008378659
79,01774251;23,90210772;5,990112808
79,1156902;23,90666366;5,971917688
79,21321972;23,91121396;5,953792891
79,31033377;23,91575866;5,93573801
79,40703501;23,92029779;5,917752642
79,50332607;23,92483139;5,899836388
79,59920958;23,9293595;5,881988853
79,69468811;23,93388216;5,864209645
79,78976423;23,9383994;5,846498377
79,88444048;23,94291126;5,828854662
79,97871937;23,94741777;5,81127812
80,07260339;23,95191897;5,793768373
80,16609501;23,95641489;5,776325047
80,25919667;23,96090556;5,758947769
80,35191078;23,96539103;5,741636171
80,44423976;23,96987132;5,72438989
80,53618596;23,97434647;5,707208563
80,62775174;23,97881651;5,690091831
80,71893944;23,98328147;5,673039339
80,80975136;23,98774139;5,656050735
80,90018978;23,9921963;5,639125669
80,99025699;23,99664623;5,622263795
81,07995521;24,00109121;5,605464769
81,16928669;24,00553127;5,588728251
81,2582504;24,00996645;5,571852592
81,34462711;24,01439677;5,41575686
81,42577336;24,01882238;5,093218696
81,50147243;24,02324358;4,756061191
81,57148028;24,02766068;4,402579097
81,63551883;24,03207399;4,030647536
81,4977404;24,0364989;-8,797476948
81,35759946;24,04093127;-8,578019982
81,22072413;24,04537092;-8,345444636
81,08734084;24,04981769;-8,09759235
80,95771168;24,05427136;-7,83168552
80,8321445;24,05873172;-7,544047092
80,71100756;24,06319851;-7,229631891
80,59475181;24,06767145;-6,881187226
80,48394687;24,07215022;-6,487604949
80,37934368;24,07663441;-6,030241259
80,28199692;24,08112355;-5,472904029
80,19354986;24,08561697;-4,722867626
80,11715128;24,09011283;-2,68682072
80,07366483;24,09460869;0
80,03017837;24,09910455;-2,68682072
80,02007766;24,10360285;-0,623736121
80,02022354;24,10810172;0,009007366
80,02816272;24,11260059;0,490196975
80,04253383;24,117099;0,887417673
80,06243827;24,12159661;1,229322171
80,08722557;24,1260931;1,531274585
80,11639681;24,1305882;1,802656859
80,14955369;24,13508166;2,049699272
80,18636888;24,13957327;2,276790546
80,22656723;24,14406281;2,487160792
80,26991344;24,1485501;2,683269461
80,31620332;24,15303497;2,867040587
80,36525764;24,15751725;3,040012979
80,41691751;24,1619968;3,203440177
80,47104086;24,16647347;3,358359326
80,5274998;24,17094713;3,505640016
80,58617841;24,17541765;3,646019799
80,64697108;24,17988492;3,78013056
80,70978113;24,18434882;3,908518487
80,77451964;24,18880924;4,03165942
80,84110452;24,19326609;4,149970849
80,90945975;24,19771927;4,26382139
80,97951468;24,20216869;4,373538382
81,05120343;24,20661426;4,479414016
81,12446448;24,2110559;4,581710357
81,1992402;24,21549352;4,680663468
81,27547647;24,21992706;4,776486842
81,35312239;24,22435644;4,869374274
81,43761905;24,2287816;5,304064405
81,52547916;24,23320216;5,52092479
81,61297931;24,23761795;5,504237239
81,70012164;24,24202902;5,48761205
81,78690829;24,24643538;5,471048889
81,87334135;24,25083706;5,454547423
81,95942294;24,25523409;5,438107325
82,04515512;24,25962651;5,421728266
82,13053994;24,26401434;5,405409924
82,21557946;24,26839761;5,389151977
82,30027567;24,27277634;5,372954106
82,3846306;24,27715056;5,356815996
82,46868177;24,28152031;5,342997346
82,55243383;24,2858856;5,329415567
82,63590007;24,29024647;5,316621413
82,719094;24,29460293;5,304633162
82,80201695;24,29895501;5,292678597
82,88467027;24,30330273;5,280757575
82,96705529;24,30764611;5,268869957
83,04917334;24,31198518;5,257015605
83,13102571;24,31631997;5,245194379
83,21261371;24,32065048;5,233406143
83,29393864;24,32497675;5,221650761
83,37500176;24,32929879;5,209928097
83,45580435;24,33361663;5,198238017
83,53634768;24,33793029;5,186580386
83,61663299;24,34223979;5,174955074
83,69666153;24,34654515;5,163361947
83,77643454;24,3508464;5,151800875
83,85595322;24,35514355;5,140271727
83,93521881;24,35943663;5,128774375
84,01423251;24,36372565;5,11730869
84,09299552;24,36801064;5,105874545
84,17150902;24,37229161;5,094471813
84,24977419;24,3765686;5,083100368
84,32779222;24,3808416;5,071760084
84,40556426;24,38511066;5,060450838
84,48309146;24,38937578;5,049172506
84,56037499;24,39363699;5,037924966
84,63741596;24,3978943;5,026708095
84,71421552;24,40214774;5,015521772
84,79077479;24,40639732;5,004365877
84,86709487;24,41064307;4,993240291
84,94317689;24,41488499;4,982144894
85,01902194;24,41912312;4,971079568
85,0946311;24,42335747;4,960044195
85,17000547;24,42758805;4,94903866
85,24514612;24,43181489;4,938062846
85,32005412;24,43603801;4,927116638
85,39473052;24,44025741;4,916199921
85,46917639;24,44447313;4,905312582
85,54339278;24,44868517;4,894454507
85,61738071;24,45289356;4,883625584
85,69114122;24,45709832;4,872825701
85,76467535;24,46129945;4,862054747
85,8379841;24,46549699;4,851312612
85,91106849;24,46969093;4,840599186
85,98392952;24,47388131;4,829914359
86,05656819;24,47806814;4,819258024
86,12898549;24,48225144;4,808630072
86,20118241;24,48643121;4,798030397
86,27315992;24,49060749;4,787458892
86,344919;24,49478028;4,77691545
86,41646061;24,49894961;4,766399968
86,48778571;24,50311548;4,755912339
86,55889524;24,50727792;4,745452461
86,62979017;24,51143694;4,735020229
86,70047141;24,51559255;4,724615541
86,77093992;24,51974478;4,714238295
86,84119662;24,52389363;4,703888388
86,91124242;24,52803913;4,693565721
86,98107824;24,53218129;4,683270192
87,05070499;24,53632012;4,673001702
87,12012358;24,54045564;4,662760151
87,18933491;24,54458786;4,65254544
87,25833985;24,54871681;4,642357472
87,32713931;24,55284249;4,632196149
87,39573415;24,55696492;4,622061373
87,46412526;24,56108411;4,611953049
87,5323135;24,56520009;4,601871079
87,60029974;24,56931285;4,59181537
87,66808483;24,57342243;4,581785826
87,73566963;24,57752883;4,571782351
87,80305498;24,58163206;4,561804854
87,87024173;24,58573215;4,55185324
87,93723071;24,5898291;4,541927417
88,00402276;24,59392292;4,532027292
88,07061869;24,59801365;4,522152773
88,13701933;24,60210128;4,51230377
88,2032255;24,60618583;4,502480191
88,26923801;24,61026731;4,492681946
88,33505765;24,61434574;4,482908946
88,40068524;24,61842113;4,4731611
88,46612157;24,6224935;4,463438321
88,53136742;24,62656285;4,45374052
88,59642359;24,63062921;4,44406761
88,66129085;24,63469258;4,434419501
88,72596999;24,63875297;4,424796109
88,79046177;24,64281041;4,415197346
88,85476696;24,6468649;4,405623126
88,91888633;24,65091646;4,396073365
88,98282062;24,65496509;4,386547976
89,0465706;24,65901081;4,377046875
89,110137;24,66305364;4,367569979
89,17352059;24,66709359;4,358117202
89,23672209;24,67113066;4,348688463
89,29974224;24,67516487;4,339283677
89,36258177;24,67919624;4,329902764
89,42524141;24,68322477;4,32054564
89,48772188;24,68725048;4,311212225
89,5500239;24,69127338;4,301902436
89,61214817;24,69529348;4,292616194
89,67409542;24,69931079;4,283353418
89,73586635;24,70332533;4,274114028
89,79746165;24,7073371;4,264897944
89,85888202;24,71134612;4,255705089
89,92012817;24,71535241;4,246535382
89,98120076;24,71935596;4,237388746
90,0421005;24,72335679;4,228265103
90,10282539;24,72735492;4,218978979
90,16337336;24,73135036;4,209523861
90,22374512;24,73534311;4,200093417
90,28394136;24,73933319;4,190687559
90,34396281;24,74332061;4,181306204
90,40381016;24,74730538;4,171949266
90,46348409;24,75128752;4,162616661
90,52298531;24,75526702;4,153308305
90,5823145;24,75924391;4,144024115
90,64147234;24,7632182;4,134764006
90,70045951;24,76718989;4,125527898
90,75927669;24,771159;4,116315707
90,81792455;24,77512554;4,107127352
90,87640375;24,77908951;4,097962751
90,93471496;24,78305094;4,088821823
90,99285884;24,78700982;4,079704488
91,05083604;24,79096617;4,070610665
91,10864722;24,79492001;4,061540275
91,16629303;24,79887134;4,052493238
91,2237741;24,80282016;4,043469476
91,28109108;24,8067665;4,034468909
91,33824462;24,81071036;4,02549146
91,39523534;24,81465176;4,01653705
91,45206386;24,81859069;4,007605603
91,50873083;24,82252718;3,998697041
91,56523687;24,82646123;3,989811288
91,62158259;24,83039286;3,980948266
91,6777686;24,83432206;3,972107901
91,73379553;24,83824886;3,963290117
91,78966399;24,84217326;3,954494838
91,84537457;24,84609527;3,945721991
91,90092789;24,8500149;3,936971499
91,95632453;24,85393216;3,928243289
92,01156511;24,85784706;3,919537289
92,06665021;24,86175962;3,910853423
92,12158042;24,86566983;3,902191619
92,17635632;24,86957771;3,893551804
92,23097851;24,87348326;3,884933907
92,28544756;24,87738651;3,876337855
92,33976405;24,88128745;3,867763576
92,39392856;24,88518609;3,859210999
92,44794164;24,88908245;3,850680053
92,50180388;24,89297653;3,842170668
92,55551584;24,89686835;3,833682773
92,60907808;24,90075791;3,825216299
92,66249115;24,90464522;3,816771175
92,71575561;24,90853028;3,808347332
92,76887203;24,91241312;3,799944702
92,82184094;24,91629373;3,791563215
92,87466289;24,92017213;3,783202804
92,92733843;24,92404832;3,7748634
92,9798681;24,92792231;3,766544936
93,03225243;24,93179412;3,758247344
93,08449197;24,93566375;3,749970557
93,13658724;24,9395312;3,741714509
93,18853878;24,94339649;3,733479132
93,24034711;24,94725963;3,725264362
93,29201276;24,95112062;3,717070131
93,34353624;24,95497947;3,708896375
93,39491809;24,95883619;3,700743027
93,4461588;24,96269079;3,692610024
93,49725891;24,96654327;3,684497301
93,54821891;24,97039365;3,676404793
93,59903932;24,97424194;3,668332435
93,64972064;24,97808813;3,660280165
93,70026338;24,98193224;3,652247919
93,75066804;24,98577428;3,644235634
93,8009351;24,98961425;3,636243246
93,85106508;24,99345217;3,628270693
93,90105846;24,99728803;3,620317913
93,95091574;25,00112186;3,612384843
94,00063739;25,00495364;3,604471423
94,05022391;25,0087834;3,596577589
94,09967578;25,01261115;3,588703281
94,14899348;25,01643688;3,580848439
94,19817749;25,0202606;3,573013001
94,24722828;25,02408233;3,565196906
94,29614633;25,02790208;3,557400095
94,34493211;25,03171983;3,549622508
94,39358608;25,03553562;3,541864085
94,44210872;25,03934944;3,534124767
94,49050048;25,0431613;3,526404494
94,53876183;25,0469712;3,518703208
94,58689324;25,05077917;3,51102085
94,63489514;25,05458519;3,503357362
94,68276801;25,05838928;3,495712685
94,73051229;25,06219145;3,488086762
94,77812843;25,06599171;3,480479534
94,82561688;25,06979005;3,472890946
94,87297809;25,07358649;3,465320939
94,9202125;25,07738104;3,457769457
94,96732055;25,0811737;3,450236443
95,01430269;25,08496448;3,442721841
95,06115934;25,08875338;3,435225594
95,10789095;25,09254042;3,427747647
95,15449795;25,09632559;3,420287944
95,20098077;25,10010891;3,41284643
95,24733983;25,10389039;3,405423049
95,29357557;25,10767002;3,398017746
95,3396884;25,11144782;3,390630467
95,38567876;25,11522379;3,383261158
95,43154706;25,11899794;3,375909763
95,47729373;25,12277028;3,368576229
95,52291917;25,12654081;3,361260502
95,5684238;25,13030954;3,353962528
95,61380804;25,13407647;3,346682255
95,65907229;25,13784162;3,339419628
95,70421697;25,14160499;3,332174596
95,74924249;25,14536658;3,324947105
95,79414924;25,1491264;3,317737103
95,83893763;25,15288445;3,310544537
95,88360806;25,15664076;3,303369356
95,92816093;25,16039531;3,296211507
95,97259664;25,16414812;3,28907094
96,01691558;25,16789919;3,281947602
96,06111816;25,17164853;3,274841443
96,10520475;25,17539614;3,267752411
96,14917574;25,17914204;3,260680456
96,19303154;25,18288622;3,253625526
96,23677252;25,18662869;3,246587573
96,28039907;25,19036947;3,239566545
96,32391157;25,19410855;3,232562393
96,3673104;25,19784594;3,225575067
96,41059595;25,20158164;3,218604517
96,45376858;25,20531567;3,211650693
96,49682868;25,20904803;3,204713548
96,53977662;25,21277872;3,197793031
96,58261276;25,21650775;3,190889095
96,6253375;25,22023513;3,18400169
96,66795118;25,22396086;3,177130768
96,71045418;25,22768495;3,170276281
96,75284687;25,2314074;3,163438181
96,7951296;25,23512823;3,15661642
96,83730274;25,23884742;3,149810951
96,87936666;25,242565;3,143021726
96,92132171;25,24628096;3,136248697
96,96318344;25,24999531;3,130628555
97,00495084;25,25370806;3,1249226
97,04662417;25,25741921;3,119228136
97,08820372;25,26112877;3,113545134
97,12968975;25,26483674;3,107873568
97,17108253;25,26854312;3,102213408
97,21238235;25,27224793;3,096564626
97,25358946;25,27595116;3,090927196
97,29470414;25,27965282;3,085301087
97,33572666;25,28335292;3,079686274
97,37665727;25,28705146;3,074082729
97,41749625;25,29074844;3,068490423
97,45824387;25,29444388;3,06290933
97,49890038;25,29813777;3,057339421
97,53946604;25,30183012;3,05178067
97,57994112;25,30552093;3,04623305
97,62032589;25,30921022;3,040696534
97,66062059;25,31289797;3,035171093
97,70082548;25,31658421;3,029656703
97,74094083;25,32026892;3,024153335
97,78096689;25,32395213;3,018660963
97,82090391;25,32763383;3,01317956
97,86075215;25,33131402;3,0077091
97,90051187;25,33499272;3,002249556
97,9401833;25,33866992;2,996800903
97,97976671;25,34234564;2,991363113
98,01926235;25,34601986;2,98593616
98,05867046;25,34969261;2,980520019
98,0979913;25,35336388;2,975114663
98,1372251;25,35703368;2,969720067
98,17637212;25,36070202;2,964336204
98,21543259;25,36436889;2,958963048
98,25440678;25,3680343;2,953600575
98,29329491;25,37169825;2,948248758
98,33209723;25,37536076;2,942907572
98,37081399;25,37902183;2,937576992
98,40944542;25,38268145;2,932256991
98,44799176;25,38633963;2,926947546
98,48645325;25,38999639;2,92164863
98,52483013;25,39365171;2,916360218
98,56312264;25,39730561;2,911082286
98,601331;25,40095809;2,905814809
98,63945547;25,40460916;2,900557761
98,67749626;25,40825882;2,895311118
98,71545362;25,41190706;2,890074855
98,75332777;25,41555391;2,884848948
98,79111895;25,41919936;2,879633372
98,82882739;25,42284341;2,874428102
98,86645332;25,42648607;2,869233115
98,90399696;25,43012735;2,864048385
98,94145855;25,43376724;2,858873889
98,9788383;25,43740575;2,853709602
99,01613646;25,4410429;2,848555501
99,05335323;25,44467867;2,843411561
99,09048886;25,44831307;2,838277758
99,12754355;25,45194611;2,833154069
99,16451753;25,4555778;2,82804047
99,20141104;25,45920813;2,822936936
99,23822427;25,46283711;2,817843445
99,27495747;25,46646475;2,812759973
99,31161084;25,47009104;2,807686497
99,3481846;25,47371599;2,802622992
99,38467898;25,47733961;2,797569436
99,42109418;25,4809619;2,792525806
99,45743043;25,48458286;2,787492078
99,49368794;25,4882025;2,782468228
99,52986693;25,49182082;2,777454235
99,5659676;25,49543783;2,772450075
99,60199018;25,49905352;2,767455725
99,63793487;25,5026679;2,762471163
99,67380188;25,50628099;2,757496365
99,70959143;25,50989277;2,752531309
99,74530373;25,51350325;2,747575972
99,78093898;25,51711244;2,742630332
99,81649739;25,52072035;2,737694367
99,85197918;25,52432697;2,732768053
99,88738454;25,5279323;2,727851369
99,92271368;25,53153636;2,722944292
99,95796681;25,53513915;2,7180468
99,99314414;25,53874066;2,713158871
100,0282459;25,54234091;2,708280484
100,0632722;25,54593989;2,703411614
100,0982233;25,54953761;2,698552242
100,1330994;25,55313408;2,693702345
100,1679008;25,5567293;2,688861901
100,2026275;25,56032326;2,684030889
100,2372798;25,56391598;2,679209287
100,271858;25,56750746;2,674397073
100,3063621;25,5710977;2,669594226
100,3407924;25,5746867;2,664800724
100,3751492;25,57827448;2,660016546
100,4094325;25,58186102;2,655241671
100,4436426;25,58544634;2,650476076
100,4777797;25,58903044;2,645719742
100,5118439;25,59261332;2,640972647
100,5458355;25,59619499;2,63623477
100,5797547;25,59977545;2,63150609
100,6136017;25,6033547;2,626786585
100,6473765;25,60693274;2,622076236
100,6810795;25,61050959;2,617375021
100,7147108;25,61408523;2,612682919
100,7482706;25,61765969;2,607999909
100,7817592;25,62123295;2,603325972
100,8151766;25,62480502;2,598661087
100,848523;25,62837592;2,594005232
100,8817988;25,63194563;2,589358388
100,915004;25,63551416;2,584720534
100,9481388;25,63908152;2,580091649
100,9812034;25,6426477;2,575471714
101,014198;25,64621272;2,570860709
101,0471228;25,64977658;2,566258612
101,0799779;25,65333927;2,561665405
101,1127636;25,65690081;2,557081066
101,14548;25,66046119;2,552505577
101,1781274;25,66402042;2,547938916
101,2107058;25,6675785;2,543381065
101,2432154;25,67113544;2,538832003
101,2756565;25,67469123;2,534291711
101,3080293;25,67824589;2,529760169
101,3403338;25,68179941;2,525237357
101,3725703;25,68535179;2,520723255
101,4047389;25,68890305;2,516217845
101,4368399;25,69245318;2,511721107
101,4688734;25,69600219;2,507233021
101,5008395;25,69955007;2,502753569
101,5327385;25,70309684;2,498282729
101,5645705;25,70664249;2,493820485
101,5963357;25,71018704;2,489366816
101,6280343;25,71373047;2,484921702
101,6596664;25,7172728;2,480485126
101,6912322;25,72081403;2,476057068
101,7227319;25,72435416;2,47163751
101,7541656;25,72789319;2,467226431
101,7855336;25,73143113;2,462823814
101,8168359;25,73496798;2,458429639
101,8480728;25,73850374;2,454043889
101,8792444;25,74203841;2,449666543
101,9103509;25,74557201;2,445297584
101,9413924;25,74910453;2,440936993
101,9723692;25,75263597;2,436584751
102,0032813;25,75616633;2,43224084
102,034129;25,75969563;2,427905242
102,0649124;25,76322386;2,423577937
102,0956317;25,76675103;2,419258909
102,126287;25,77027714;2,414948138
102,1568785;25,77380218;2,410645607
102,1874064;25,77732618;2,406351296
102,2178707;25,78084912;2,402065189
102,2482718;25,784371;2,397787266
102,2786097;25,78789185;2,393517511
102,3088846;25,79141164;2,389255904
102,3390967;25,7949304;2,385002429
102,3692461;25,79844812;2,380757067
102,3993329;25,8019648;2,3765198
102,4293574;25,80548045;2,372290611
102,4593197;25,80899506;2,368069482
102,48922;25,81250865;2,363856396
102,5190583;25,81602122;2,359651334
102,5488349;25,81953276;2,355454279
102,5785499;25,82304328;2,351265214
102,6082035;25,82655279;2,34708412
102,6377958;25,83006128;2,342910982
102,667327;25,83356876;2,338745781
102,6967972;25,83707523;2,3345885
102,7262066;25,8405807;2,330439122
102,7555553;25,84408516;2,326297629
102,7848435;25,84758862;2,322164005
102,8140713;25,85109108;2,318038232
102,8432389;25,85459254;2,313920293
102,8723464;25,85809302;2,309810172
102,9013941;25,8615925;2,30570785
102,9303819;25,865091;2,301613312
102,9593094;25,86858851;2,297463625
102,9881756;25,87208503;2,293247109
103,0169808;25,87558058;2,289038861
103,0457251;25,87907515;2,284838862
103,0744087;25,88256874;2,280647094
103,1030316;25,88606137;2,276463539
103,1315942;25,88955302;2,272288178
103,1600965;25,8930437;2,268120993
103,1885386;25,89653343;2,263961965
103,2169208;25,90002219;2,259811076
103,2452431;25,90350999;2,255668309
103,2735058;25,90699683;2,251533644
103,301709;25,91048272;2,247407065
103,3298528;25,91396766;2,243288552
103,3579374;25,91745164;2,239178088
103,3859629;25,92093469;2,235075655
103,4139294;25,92441678;2,230981236
103,4418372;25,92789794;2,226894812
103,4696864;25,93137816;2,222816365
103,4974771;25,93485744;2,218745878
103,5252095;25,93833578;2,214683334
103,5528836;25,9418132;2,210628714
103,5804998;25,94528968;2,206582001
103,608058;25,94876524;2,202543177
103,6355585;25,95223987;2,198512226
103,6630014;25,95571358;2,194489129
103,6903868;25,95918637;2,190473869
103,7177149;25,96265825;2,186466429
103,7449858;25,96612921;2,182466792
103,7721997;25,96959925;2,178474941
103,7993567;25,97306839;2,174490857
103,8264569;25,97653662;2,170514525
103,8535005;25,98000395;2,166545927
103,8804877;25,98347037;2,162585045
103,9074185;25,98693589;2,158631864
103,9342931;25,99040051;2,154686365
103,9611117;25,99386424;2,150748533
103,9878744;25,99732707;2,14681835
104,0145813;26,00078901;2,142895799
104,0412325;26,00425007;2,138980864
104,0678283;26,00771023;2,135073528
104,0943687;26,01116952;2,131173774
104,1208538;26,01462792;2,127281586
104,1472839;26,01808544;2,123396947
104,173659;26,02154208;2,119519841
104,1999794;26,02499785;2,11565025
104,226245;26,02845274;2,111788159
104,2524561;26,03190677;2,107933552
104,2786127;26,03535992;2,104086411
104,3047151;26,03881221;2,100246721
104,3307633;26,04226364;2,096414465
104,3567575;26,0457142;2,092589627
104,3826979;26,04916391;2,088772191
104,4085844;26,05261276;2,084962141
104,4344174;26,05606075;2,08115946
104,4601969;26,05950789;2,077364133
104,485923;26,06295418;2,073576144
104,5115959;26,06639962;2,069795476
104,5372157;26,06984421;2,066022114
104,5627825;26,07328796;2,062256041
104,5882964;26,07673087;2,058497243
104,6137577;26,08017293;2,054745703
104,6391664;26,08361416;2,051001405
104,6645226;26,08705456;2,047264334
104,6898265;26,09049412;2,043534474
104,7150782;26,09393285;2,039811809
104,7402778;26,09737075;2,036096325
104,7654255;26,10080782;2,032388004
104,7905214;26,10424407;2,028686833
104,8155655;26,1076795;2,024992794
104,8405581;26,1111141;2,021305874
104,8654993;26,11454789;2,017626056
104,8903891;26,11798086;2,013953325
104,9152277;26,12141301;2,010287667
104,9400153;26,12484435;2,006629065
104,9647519;26,12827488;2,002977504
104,9894376;26,13170461;1,99933297
105,0140727;26,13513352;1,995695447
105,0386572;26,13856163;1,992064919
105,0631912;26,14198894;1,988441373
105,0876749;26,14541545;1,984824793
105,1121083;26,14884116;1,981215164
105,1364917;26,15226608;1,97761247
105,160825;26,1556902;1,974016698
105,1851086;26,15911353;1,970427832
105,2093423;26,16253606;1,966845858
105,2335265;26,16595781;1,96327076
105,2576611;26,16937878;1,959702525
105,2817464;26,17279896;1,956141136
105,3057824;26,17621835;1,95258658
105,3297693;26,17963697;1,949038842
105,3537071;26,1830548;1,945497908
105,377596;26,18647186;1,941963762
105,4014361;26,18988815;1,93843639
105,4252275;26,19330366;1,934915779
105,4489704;26,19671841;1,931401912
105,4726648;26,20013238;1,927894777
105,4963109;26,20354559;1,924394358
105,5199088;26,20695803;1,920900642
105,5434585;26,21036971;1,917413613
105,5669603;26,21378062;1,913933259
105,5904142;26,21719078;1,910459563
105,6138203;26,22060018;1,906992514
105,6371788;26,22400883;1,903532095
105,6604897;26,22741672;1,900078293
105,6837532;26,23082386;1,896631095
105,7069694;26,23423025;1,893190486
105,7301384;26,23763589;1,889756451
105,7532603;26,24104078;1,886328978
105,7763352;26,24444493;1,882908051
105,7993633;26,24784834;1,879493658
105,8223446;26,25125101;1,876085785
105,8452793;26,25465294;1,872684416
105,8681674;26,25805413;1,86928954
105,8910091;26,26145458;1,865901142
105,9138044;26,2648543;1,862519208
105,9365536;26,26825329;1,859143724
105,9592567;26,27165156;1,855774678
105,9819137;26,27504909;1,852412055
106,0045249;26,27844589;1,849055842
106,0270903;26,28184197;1,845706025
106,04961;26,28523733;1,842362591
106,0720842;26,28863197;1,839025526
106,0945129;26,29202589;1,835694817
106,1168963;26,29541909;1,832370451
106,1392344;26,29881158;1,829052413
106,1615274;26,30220335;1,825740692
106,1837753;26,30559441;1,822435273
106,2059784;26,30898475;1,819136143
106,2281366;26,31237439;1,815843289
106,25025;26,31576333;1,812556698
106,2723189;26,31915155;1,809276356
106,2943432;26,32253908;1,806002251
106,3163232;26,3259259;1,802734369
106,3382588;26,32931202;1,799472698
106,3601503;26,33269744;1,796217223
106,3819976;26,33608217;1,792967934
106,403801;26,3394662;1,789724815
106,4255604;26,34284954;1,786487855
106,4472761;26,34623219;1,78325704
106,468948;26,34961414;1,780032358
106,4905764;26,35299541;1,776813795
106,5121613;26,35637599;1,77360134
106,5337028;26,35975589;1,770394979
106,555201;26,3631351;1,767194699
106,576656;26,36651363;1,764000488
106,598068;26,36989148;1,760812333
106,6194369;26,37326865;1,757630221
106,640763;26,37664515;1,75445414
106,6620463;26,38002097;1,751284077
106,6832868;26,38339611;1,74812002
106,7044848;26,38677059;1,744961956
106,7256403;26,39014439;1,741809873
106,7467534;26,39351753;1,738663758
106,7678242;26,39688999;1,735523598
106,7888528;26,4002618;1,732389382
106,8098393;26,40363293;1,729261097
106,8307837;26,40700341;1,726138731
106,8516863;26,41037322;1,723022271
106,872547;26,41374238;1,719911705
106,8933661;26,41711088;1,71680702
106,9141435;26,42047872;1,713708206
106,9348793;26,42384591;1,710615248
106,9555738;26,42721244;1,707528136
106,9762268;26,43057833;1,704446857
106,9968387;26,43394356;1,701371399
107,0174094;26,43730815;1,698301751
107,037939;26,44067209;1,695237899
107,0584277;26,44403538;1,692179831
107,0788755;26,44739803;1,689127537
107,0992825;26,45076004;1,686081004
107,1196488;26,4541214;1,68304022
107,1399746;26,45748213;1,680005173
107,1602598;26,46084222;1,676975852
107,1805047;26,46420168;1,673952244
107,2007092;26,4675605;1,670934337
107,2208735;26,47091868;1,667922121
107,2409977;26,47427624;1,664915583
107,2610818;26,47763316;1,661914711
107,281126;26,48098946;1,658919494
107,3011303;26,48434513;1,65592992
107,3210948;26,48770017;1,652945978
107,3410197;26,49105459;1,649967655
107,360905;26,49440839;1,646994941
107,3807507;26,49776157;1,644027824
107,4005571;26,50111412;1,641066291
107,4203241;26,50446606;1,638110333
107,4400519;26,50781738;1,635159937
107,4597406;26,51116809;1,632215091
107,4793902;26,51451818;1,629275786
107,4990008;26,51786766;1,626342008
107,5185726;26,52121653;1,623413747
107,5381056;26,52456478;1,620490991
107,5575998;26,52791244;1,617573729
107,5770554;26,53125948;1,614661951
107,5964726;26,53460592;1,611755643
107,6158512;26,53795175;1,608854797
107,6351915;26,54129698;1,605959399
107,6544936;26,54464162;1,603069439
107,6737574;26,54798565;1,600184906
107,6929831;26,55132908;1,597305789
107,7121709;26,55467192;1,594432077
107,7313207;26,55801416;1,591563758
107,7504326;26,5613558;1,588700822
107,7695068;26,56469686;1,585843258
107,7885434;26,56803732;1,582991054
107,8075423;26,57137719;1,5801442
107,8265037;26,57471648;1,577302684
107,8454277;26,57805517;1,574466497
107,8643144;26,58139328;1,571635626
107,8831638;26,58473081;1,568810062
107,901976;26,58806775;1,565989793
107,9207511;26,59140412;1,563174808
107,9394893;26,5947399;1,560365097
107,9581905;26,5980751;1,557560649
107,9768548;26,60140972;1,554761454
107,9954824;26,60474377;1,5519675
108,0140734;26,60807724;1,549178777
108,0326277;26,61141014;1,546395274
108,0511455;26,61474247;1,543616981
108,0696269;26,61807422;1,540843887
108,0880719;26,62140541;1,538075982
108,1064806;26,62473603;1,535313255
108,1248532;26,62806608;1,532555695
108,1431896;26,63139556;1,529803292
108,16149;26,63472448;1,527056035
108,1797545;26,63805284;1,524313915
108,1979831;26,64138063;1,52157692
108,2161759;26,64470787;1,518845041
108,2343329;26,64803454;1,516118266
108,2524544;26,65136066;1,513396586
108,2705403;26,65468622;1,510679991
108,2885907;26,65801122;1,507968469
108,3066057;26,66133567;1,505262011
108,3245854;26,66465957;1,502560606
108,3425298;26,66798291;1,499864245
108,3604391;26,67130571;1,497172916
108,3783133;26,67462795;1,494486611
108,3961524;26,67794965;1,491805318
108,4139567;26,6812708;1,489129027
108,4317261;26,68459141;1,48645773
108,4494607;26,68791147;1,483791414
108,4671606;26,69123099;1,481130071
108,4848258;26,69454997;1,47847369
108,5024566;26,6978684;1,475822261
108,5200528;26,7011863;1,473175775
108,5376146;26,70450366;1,470534221
108,5551422;26,70782048;1,467897589
108,5726354;26,71113677;1,46526587
108,5900945;26,71445252;1,462639054
108,6075195;26,71776774;1,46001713
108,6249105;26,72108243;1,457400089
108,6422675;26,72439658;1,454787921
108,6595907;26,72771021;1,452180616
108,67688;26,73102331;1,449578165
108,6941356;26,73433588;1,446980558
108,7113576;26,73764793;1,444387784
108,728546;26,74095945;1,441799835
108,7457009;26,74427045;1,439216701
108,7628223;26,74758092;1,436638371
108,7799104;26,75089088;1,434064837
108,7969652;26,75420031;1,431496088
108,8139868;26,75750923;1,428932115
108,8309752;26,76081763;1,426372909
108,8479306;26,76412551;1,42381846
108,8648529;26,76743288;1,421268758
108,8817424;26,77073973;1,418723794
108,8985989;26,77404607;1,416183558
108,9154227;26,7773519;1,413648042
108,9322138;26,78065721;1,411117235
108,9489723;26,78396202;1,408591128
108,9656981;26,78726632;1,406069711
108,9823915;26,79057011;1,403552976
108,9990524;26,7938734;1,401040913
109,015681;26,79717618;1,398533512
109,0322773;26,80047846;1,396030765
109,0488414;26,80378023;1,393532662
109,0653733;26,8070815;1,391039193
109,0818731;26,81038228;1,38855035
109,098341;26,81368255;1,386066123
109,1147769;26,81698232;1,383586503
109,1311809;26,8202816;1,381111481
109,1475531;26,82358038;1,378641048
109,1638936;26,82687867;1,376175194
109,1802024;26,83017647;1,37371391
109,1964796;26,83347377;1,371257188
109,2127253;26,83677058;1,368805018
109,2289395;26,8400669;1,366357391
109,2451223;26,84336273;1,363914299
109,2612738;26,84665807;1,361475731
109,2773941;26,84995292;1,35904168
109,2934831;26,85324729;1,356612135
109,309541;26,85654117;1,354187089
109,3255679;26,85983457;1,351766532
109,3415638;26,86312749;1,349350455
109,3575287;26,86641993;1,34693885
109,3734628;26,86971188;1,344531707
109,3893661;26,87300335;1,342129018
109,4052387;26,87629435;1,339730773
109,4210806;26,87958487;1,337336965
109,4368919;26,88287491;1,334947583
109,4526727;26,88616448;1,332562621
109,4684231;26,88945357;1,330182067
109,484143;26,89274219;1,327805915
109,4998326;26,89603034;1,325434155
109,5154919;26,89931802;1,323066779
109,5311211;26,90260522;1,320703777
109,5467201;26,90589196;1,318345141
109,562289;26,90917823;1,315990863
109,5778279;26,91246403;1,313640934
109,5933369;26,91574937;1,311295345
109,6088159;26,91903424;1,308954088
109,6242652;26,92231864;1,306617154
109,6396847;26,92560259;1,304284534
109,6550839;26,92888607;1,302745845
109,6704565;26,93216909;1,300679978
109,6858025;26,93545165;1,298617491
109,7011221;26,93873376;1,296558379
109,7164152;26,9420154;1,294502636
109,731682;26,94529659;1,292450255
109,7150428;26,94858999;-34,21110175
109,3094274;26,95189564;-34,02880188
108,9044731;26,95521361;-33,84641392
108,5001886;26,95854396;-33,66388364
108,0965829;26,96188678;-33,48115288
107,6936662;26,96524212;-33,29815919
107,2914495;26,96861007;-33,11483539
106,8899447;26,9719907;-32,93110909
106,4891648;26,97538407;-32,7469022
106,0891239;26,97879026;-32,56213029
105,6898375;26,98220935;-32,37670198
105,2913221;26,9856414;-32,19051813
104,8935961;26,98908648;-32,00347104
104,4966792;26,99254468;-31,81544345
104,100593;26,99601605;-31,62630751
103,7053608;26,99950067;-31,43592349
103,3110083;27,00299862;-31,24413842
102,9175632;27,00650996;-31,05078445
102,5250561;27,01003516;-31,77892313
102,1217583;27,01357449;-31,9946207
101,7140957;27,01712814;-32,03220917
101,3043032;27,02069627;-31,99119032
100,8933685;27,024279;-31,91033892
100,4817935;27,02787649;-31,80732861
100,0698583;27,03148886;-31,69115354
99,65773035;27,03511622;-31,56678281
99,24551474;27,03875872;-31,43714254
98,83327974;27,04241647;-31,30404603
98,42107082;27,04608961;-31,16866481
98,00891863;27,04977825;-31,03178254
97,59684393;27,05348253;-30,89393902
97,18486058;27,05720258;-30,75551549
96,77297754;27,06093852;-30,61678707
96,36120023;27,0646905;-30,47795603
95,9495314;27,06845863;-30,33917352
95,53797181;27,07224307;-30,20055408
95,12652064;27,07604394;-30,06218559
94,71517587;27,07986138;-29,9241362
94,30393448;27,08369554;-29,78645924
93,89279269;27,08754656;-29,64919679
93,48174603;27,09141458;-29,51238225
93,07078952;27,09529976;-29,37604227
92,65991768;27,09920223;-29,24019821
92,24912465;27,10312216;-29,10486723
91,83840423;27,1070597;-28,97006313
91,4277499;27,111015;-28,83579702
91,01715485;27,11498822;-28,70207779
90,60661205;27,11897952;-28,56891256
90,1961142;27,12298907;-28,43630696
89,78565382;27,12701703;-28,30426542
89,3752232;27,13106357;-28,17220995
88,96482297;27,13512887;-28,0409755
88,55444147;27,13921309;-27,91035063
88,14406997;27,14331642;-27,78033248
87,7336996;27,14743903;-27,65091822
87,32332137;27,1515811;-27,52210504
86,91292616;27,15574283;-27,39389013
86,50250473;27,1599244;-27,2662707
86,0920477;27,16412601;-27,13924396
85,68154553;27,16834784;-27,01280714
85,27098857;27,17259011;-26,88695749
84,860367;27,176853;-26,76169227
84,44967087;27,18113673;-26,63700875
84,03889006;27,18544151;-26,5129042
83,6280143;27,18976755;-26,38937593
83,21703316;27,19411506;-26,26642124
82,80593603;27,19848427;-26,14403744
82,39471216;27,20287541;-26,02222188
81,9833506;27,2072887;-25,90097188
81,57184021;27,21172437;-25,78028481
81,16016969;27,21618267;-25,66015804
80,74832754;27,22066383;-25,54058894
80,33630206;27,2251681;-25,4215749
79,92408136;27,22969574;-25,30311333
79,51165332;27,234247;-25,18520165
79,09900564;27,23882214;-25,06783727
78,68612578;27,24342143;-24,95101764
78,27300096;27,24804513;-24,8347402
77,85961821;27,25269324;-24,42755925
77,45086724;27,25736604;-24,32405308
77,04168652;27,26206381;-24,22065092
76,63206736;27,26678685;-24,11736772
76,2220006;27,27153548;-24,0142176
75,81147666;27,27630998;-23,91121392
75,4004855;27,28111068;-23,80836932
74,98901662;27,2859379;-23,70569575
74,57705908;27,29079197;-23,60320451
74,16460149;27,29567322;-23,50090627
73,75163199;27,30058199;-23,39881115
73,33813827;27,30551863;-23,2969287
72,92410757;27,31048349;-23,19526796
72,50952664;27,31547695;-23,09383746
72,09438176;27,32049936;-22,99264529
71,67865874;27,32555112;-22,89169907
71,2623429;27,33063261;-22,79100602
70,84541907;27,33574422;-22,69057294
70,42787155;27,34088636;-22,59040628
70,00968417;27,34605946;-22,49051209
69,5908402;27,35126393;-22,39089612
69,1713224;27,35650021;-22,29156377
68,75111296;27,36176874;-22,19252014
68,33019353;27,36706999;-22,09377003
67,90854518;27,37240442;-21,99531797
67,4861484;27,37777249;-21,88683238
67,06318407;27,38317468;-21,77743086
66,63965923;27,38861147;-21,66772937
66,21556898;27,39408335;-21,55759888
65,79091081;27,39959082;-21,44688286
65,36568525;27,40513441;-21,33538976
64,93989669;27,41071463;-21,22288287
64,5135544;27,41633203;-21,10906665
64,08667392;27,42198713;-20,99356786
63,65927882;27,42768051;-20,87590915
63,23140316;27,43341271;-20,75547167
62,80309479;27,4391843;-20,63144059
62,37441991;27,44499587;-20,5027246
61,94546955;27,45084797;-20,36783346
61,51636893;27,45674117;-20,2246868
61,08729123;27,46267604;-20,07030578
60,65847869;27,4686531;-19,90029704
60,23027569;27,47467285;-19,70795047
59,80318298;27,4807357;-19,48257749
59,37795071;27,48684198;-19,20624885
58,95574763;27,49299178;-18,84685747
58,53849179;27,49918484;-18,34174193
58,12956221;27,50542017;-17,55301238
57,73554664;27,51169884;-17,63303634
57,33698338;27,5180214;-17,48711052
56,93895544;27,5243884;-17,33694679
56,54157203;27,53080037;-17,18200072
56,14495809;27,53725785;-17,02164248
55,74925687;27,54376137;-16,85513967
55,35463298;27,55031144;-16,68163565
54,96127603;27,55690854;-16,50012233
54,56940519;27,56355315;-16,30940534
54,17927466;27,5702457;-16,10805916
53,79118047;27,57698658;-15,89436853
53,405469;27,58377615;-15,666251
53,02254773;27,59061467;-15,4211528
52,64289892;27,59750237;-15,15590669
52,26709739;27,60443935;-14,86653387
51,89583391;27,61142557;-14,54796161
51,52994651;27,61846088;-14,19360995
51,17046338;27,6255449;-13,79476688
50,81866314;27,63267697;-13,33960633
50,47616226;27,63985615;-12,81156738
50,14504698;27,6470812;-12,24250753
49,82661698;27,65435247;-12,09912307
49,5099033;27,66167028;-11,95033351
49,19508256;27,6690349;-11,79553717
48,88235178;27,67644659;-11,6340433
48,57193134;27,68390555;-11,46505421
48,26406856;27,69141196;-11,28764292
47,95904193;27,69896591;-11,10072443
47,65716626;27,70656746;-10,90301872
47,35879906;27,71421656;-10,69300212
47,06434835;27,7219131;-10,46884246
46,77428255;27,72965684;-10,22831073
46,48914306;27,73744743;-9,968658272
46,20956063;27,74528438;-9,686441247
45,9362771;27,75316698;-9,377262071
45,67017495;27,76109435;-9,035373903
45,41231883;27,7690653;-8,653047332
45,16401608;27,77707831;-8,219496193
44,92690947;27,78513144;-7,718914237
44,70312843;27,7932252;-7,70317718
44,47867666;27,80135962;-7,590510113
44,2563969;27,80953465;-7,471020947
44,03652389;27,81775021;-7,343796903
43,81932381;27,82600612;-7,207748279
43,6051002;27,83430216;-7,061559505
43,39420149;27,842638;-6,903621617
43,18703065;27,8510132;-6,731936742
42,98405795;27,85942719;-6,543979027
42,78583823;27,86787928;-6,336484969
42,59303477;27,87636855;-6,105123784
42,40645373;27,88489389;-5,843951409
42,22709588;27,89345385;-5,544444069
42,05623896;27,90204664;-5,193630758
41,89557892;27,91066992;-4,770015139
41,74749964;27,9193205;-4,232862043
41,61567939;27,92799375;-3,48321394
41,50692053;27,93668004;-1,991635014
41,44464085;27,94538438;-2,743307377
41,3586776;27,95410685;-2,737739397
41,27271014;27,96284752;-2,731704141
41,18675317;27,97160647;-2,725090918
41,10082502;27,98038376;-2,717761517
41,01494855;27,98917945;-2,709542679
40,92915231;27,99799359;-2,700216176
40,84347203;28,00682622;-2,689505575
40,75795254;28,01567737;-2,677058301
40,67265032;28,02454707;-2,662420865
40,58763681;28,0334353;-2,645003884
40,50300296;28,04234203;-2,624031348
40,4188654;28,0512672;-2,59846461
40,33537516;28,06021069;-2,566883856
40,2527303;28,06917234;-2,52729395
40,17119493;28,07815188;-2,476785823
40,09112948;28,08714895;-2,410895472
40,01304193;28,09616322;-2,353853033
39,93665612;28,10519477;-2,349349693
39,86027036;28,11424366;-2,344255659
39,78390391;28,12330994;-2,338381235
39,70758242;28,13239366;-2,331472635
39,63134002;28,14149486;-2,323188074
39,55522234;28,15061356;-2,313063375
39,47929063;28,15974978;-2,300461211
39,4036276;28,16890348;-2,284493854
39,32834592;28,17807461;-2,263900811
39,25360079;28,18726306;-2,236844817
39,17960947;28,19646865;-2,200548296
39,10668305;28,20569108;-2,15058494
39,03528205;28,21492987;-2,079314888
38,96612475;28,22418427;-1,97170116
38,9004359;28,23345289;-1,789557302
38,84072367;28,24273161;-1,265998455
38,79843501;28,25202531;-1,867594441
38,73595035;28,26133402;-1,865672612
38,67342909;28,27065782;-1,863596289
38,61087623;28,27999675;-1,861282153
38,54829962;28,28935088;-1,85860162
38,48571152;28,29872023;-1,855355395
38,42313097;28,30810486;-1,851232764
38,36058767;28,3175048;-1,845745231
38,29812807;28,32692005;-1,838115307
38,23582531;28,33635061;-1,82708235
38,17379588;28,34579639;-1,81054247
38,11222869;28,35525727;-1,784817475
38,05143931;28,36473296;-1,742950979
37,99198296;28,37422289;-1,669727648
37,93493879;28,38371915;-0,739226863
37,90966719;28,3932154;0
37,88439559;28,40271166;-0,739226863
37,92105722;28,41221426;1,071685114
37,98071558;28,42170766;1,745607808
38,05498454;28,43118616;2,176534213
38,13997536;28,44064615;2,495620781
38,23333871;28,45008507;2,747589417
38,33347532;28,45950093;2,954133295
38,43921834;28,4688922;3,127698801
38,54967688;28,47825764;3,276188023
38,66414851;28,48759624;3,404972595
38,78206611;28,49690719;3,517888652
38,9029633;28,50618983;3,617779929
39,02645093;28,51544363;3,706816991
39,15220047;28,52466814;3,786695938
39,27993181;28,53386302;3,858767897
39,40940424;28,54302801;3,924126624
39,54576813;28,55216288;4,146620331
39,68628778;28,56126626;4,28777584
39,83044328;28,5703374;4,414349004
39,97779622;28,57937572;4,528652018
40,12797283;28,58838071;4,632507725
40,28065146;28,59735201;4,727379633
40,43555316;28,60628931;4,814460909
40,59243439;28,61519236;4,894737098
40,75108131;28,62406101;4,969031466
40,91130523;28,63289513;5,038038488
41,0729389;28,64169466;5,102349059
41,23583352;28,65045955;5,162469776
41,39985625;28,65918982;5,218837925
41,1682228;28,66798923;-8,092905707
40,91185688;28,67684206;-7,748084138
40,66492374;28,68574833;-7,608380481
40,4209796;28,69470792;-7,457772677
40,18043283;28,70372059;-7,294452536
39,94375981;28,71278597;-7,116163343
39,71152122;28,7219035;-6,920036948
39,48438413;28,7310724;-6,702347156
39,26315274;28,74029163;-6,458120145
39,04881271;28,7495598;-6,180485409
38,84259815;28,7588751;-5,859518331
38,64609874;28,76823513;-5,479981063
38,46144485;28,77763665;-5,016316882
38,29166517;28,78707519;-4,419184293
38,14150689;28,79654388;-3,564025108
38,02001888;28,80601888;-0,741754295
37,99471764;28,81549388;0
37,9694164;28,82496889;-0,741754295
38,00815461;28,8344502;1,134928527
38,10183608;28,84392185;2,747422629
38,22564978;28,85337022;3,640068943
38,37089118;28,86278798;4,283909758
38,53267568;28,87217009;4,78998096
38,70778459;28,88151281;5,206338466
38,89390855;28,89081326;5,558986288
39,08930042;28,90006921;5,863852934
39,29258962;28,90927889;6,13150677
39,50267237;28,91844093;6,369363805
39,71864186;28,92755423;6,582848662
39,93974136;28,93661799;6,776058558
40,16533145;28,94563157;6,952168049
40,39486622;28,95459452;7,11368847
40,62787561;28,96350654;7,262641115
40,86395187;28,97236745;7,400676781
41,08529559;28,98117717;6,979150563
41,29551387;28,98993943;6,664259325
41,49449562;28,99865709;6,340319224
41,68211145;29,00733294;6,006962926
41,85821112;29,01596974;5,663739378
42,02262028;29,0245702;5,310087337
42,1751359;29,03313701;4,945297805
42,31552011;29,04167285;4,56845921
42,44349144;29,05018036;4,178374569
42,55871209;29,05866223;3,77343112
42,66076861;29,06712113;3,351384358
42,74914099;29,0755598;2,908976432
42,82314944;29,08398102;2,441202197
42,88185321;29,09238769;1,939722371
42,92382576;29,10078285;1,388781359
43,04021869;29,1091698;3,854961335
43,19681712;29,11753407;5,200640758
43,38153817;29,12586802;6,156914816
43,58768154;29,13416648;6,90032152
43,81086456;29,14242569;7,50619615
44,04796489;29,15064283;8,015100553
44,29663795;29,15881574;8,451807485
44,55505912;29,16694277;8,832707557
44,82177109;29,17502266;9,169265102
45,09558679;29,18305447;9,469833729
45,37552417;29,19103751;9,740694878
45,66076059;29,19897131;9,986691293
45,95059976;29,20685554;10,21163332
46,24444722;29,21469004;10,41857023
46,54179169;29,22247476;10,60997748
46,83663991;29,23020974;10,58855277
47,12836813;29,23789603;10,5428779
47,41705892;29,24553474;10,49809082
47,7027923;29,25312695;10,45419491
47,98564588;29,26067367;10,41119253
48,26569493;29,26817592;10,36908512
48,54301246;29,27563463;10,32787323
48,81766936;29,28305073;10,28755654
49,08973441;29,29042511;10,24813397
49,3592744;29,29775862;10,20960366
49,62635418;29,30505208;10,17196305
49,89103674;29,31230629;10,1352089
50,15338329;29,31952202;10,09933735
50,41345328;29,3267;10,06434396
50,67130449;29,33384095;10,03022373
50,92699308;29,34094556;9,996971151
51,1734657;29,34801451;9,685269344
51,41067659;29,3550494;9,366437761
51,63820638;29,36205184;9,025818594
51,8555829;29,36902342;8,661213895
52,06227068;29,37596578;8,269996677
52,25765719;29,38288057;7,848970012
52,44103374;29,38976952;7,394158037
52,61156864;29,39663437;6,900483303
52,76826748;29,40347697;6,361243565
52,90991138;29,41029925;5,76720944
53,03495411;29,41710327;5,104938286
53,0036547;29,42391323;-5,707765116
52,86372389;29,43073909;-5,009788227
52,74061791;29,43757787;-4,04494938
52,64103297;29,44442067;-1,260188458
52,60998935;29,45126348;0
52,57894574;29,45810629;-1,260188458
52,60255468;29,46495313;0,957819006
52,62004079;29,47179691;0,709732847
52,63130705;29,47863841;0,45743138
52,63622286;29,48547844;0,199634022
52,6346002;29,49231784;-0,065903356
52,62613785;29,49915745;-0,34368245
52,610246;29,50599815;-0,645313773
52,57936947;29,51284495;0
52,543002;29,51970052;-1,256156096
52,51199997;29,5265561;0
52,4755938;29,53342048;-1,253386952
52,44462037;29,54028486;0
52,40817535;29,54715808;-1,250621396
52,3772305;29,5540313;0
52,34074648;29,56091337;-1,247859231
52,3098302;29,56779544;0
52,27891393;29,57467751;-1,247858707
52,43338138;29,58156365;6,231011329
52,64462626;29,58842951;8,546514725
52,89082369;29,59526781;10,00074988
53,16104879;29,60207429;11,02810798
53,4417537;29,60884616;11,51432694
53,71922813;29,61558247;11,44191369
53,99354097;29,62228398;11,37027317
54,26475877;29,62895144;11,29938968
54,53294581;29,63558558;11,22924803
54,7981074;29,6421871;11,15743997
55,06025462;29,64875667;11,08423741
55,31944902;29,65529496;11,01181289
55,57575012;29,66180261;10,94015126
55,82921557;29,66828026;10,86923784
56,07990115;29,6747285;10,7990584
56,32786094;29,68114791;10,72959917
56,57314733;29,68753906;10,66084678
56,81581111;29,69390251;10,59278829
57,05590154;29,70023877;10,52541113
57,29346644;29,70654837;10,4587031
57,52855219;29,71283181;10,39265235
57,76120384;29,71908957;10,32724738
57,99146514;29,72532213;10,26247702
58,21937861;29,73152994;10,1983304
58,44498557;29,73771345;10,13479696
58,66832618;29,74387309;10,07186643
58,88943952;29,75000928;10,00952881
59,10836359;29,75612243;9,94777439
59,32511256;29,76221294;9,885553327
59,53971868;29,76828119;9,823713072
59,75221771;29,77432758;9,762447949
59,96264449;29,78035246;9,701748818
60,17103293;29,78635619;9,641606773
60,37741611;29,79233914;9,582013134
60,58182624;29,79830163;9,522959435
60,78429473;29,80424401;9,464437423
60,98485221;29,81016659;9,406439044
61,18352856;29,8160697;9,348956441
61,38035291;29,82195363;9,291981944
61,57535372;29,8278187;9,235508067
61,76855874;29,8336652;9,179527497
61,95999509;29,83949341;9,124033096
62,14968921;29,84530361;9,069017886
62,33766698;29,85109607;9,014475051
62,52472154;29,85687107;8,997334356
62,71055376;29,8626288;8,965360646
62,89510818;29,86836946;8,930177281
63,07840051;29,87409327;8,895209076
63,26044615;29,87980046;8,860453608
63,4412602;29,88549122;8,825908495
63,62085746;29,89116576;8,791571404
63,79925245;29,89682428;8,757440043
63,97645941;29,90246698;8,723512162
64,15249232;29,90809405;8,689785555
64,32736488;29,91370568;8,656258054
64,50109054;29,91930205;8,622927531
64,67368251;29,92488335;8,589791894
64,84515375;29,93044976;8,556849093
65,01551698;29,93600144;8,524097109
65,18478469;29,94153858;8,491533961
65,35296916;29,94706135;8,459157702
65,52008243;29,95256989;8,42696642
65,68613634;29,95806439;8,394958232
65,85114252;29,963545;8,363131291
66,01511238;29,96901188;8,331483778
66,17805716;29,97446517;8,300013907
66,33998789;29,97990504;8,26871992
66,50091541;29,98533163;8,237600088
66,66085038;29,99074509;8,206652712
66,81980328;29,99614556;8,175876118
66,97778441;30,00153319;8,145268662
67,13480391;30,00690811;8,114828723
67,29087174;30,01227045;8,084554709
67,44599769;30,01762036;8,054445051
67,60019142;30,02295796;8,024498206
67,7534624;30,02828339;7,994712653
67,90581997;30,03359677;7,965086897
68,0572733;30,03889823;7,935619465
68,20783144;30,0441879;7,906308905
68,35750327;30,04946588;7,87715379
68,50629756;30,05473231;7,848152712
68,65422291;30,0599873;7,819304285
68,80130232;30,06523097;7,791375044
68,94760196;30,07046343;7,766671558
69,09312898;30,07568479;7,742082236
69,23789037;30,08089515;7,717606149
69,38189305;30,08609461;7,693242378
69,52514385;30,09128329;7,668990021
69,66764946;30,09646127;7,644848184
69,80941651;30,10162866;7,620815988
69,95045154;30,10678556;7,596892565
70,09076097;30,11193206;7,573077059
70,23035114;30,11706825;7,549368623
70,36922833;30,12219424;7,525766425
70,50739868;30,12731012;7,50226964
70,6448683;30,13241596;7,478877458
70,78164318;30,13751187;7,455589075
70,91772925;30,14259794;7,432403702
71,05313233;30,14767424;7,409320555
71,18785821;30,15274087;7,386338864
71,32191255;30,15779792;7,363457867
71,45530096;30,16284545;7,340676813
71,588029;30,16788357;7,317994958
71,7201021;30,17291234;7,295411569
71,85152568;30,17793186;7,272925923
71,98230503;30,18294219;7,250537303
72,11244543;30,18794342;7,228245003
72,24195204;30,19293562;7,206048325
72,37082999;30,19791887;7,18394658
72,49908433;30,20289325;7,161939085
72,62672005;30,20785883;7,140025169
72,75374207;30,21281569;7,118204166
72,88015525;30,21776389;7,096475419
73,0059644;30,2227035;7,074838278
73,13117426;30,22763461;7,053292101
73,25578951;30,23255727;7,031836254
73,37981479;30,23747155;7,010470111
73,50325465;30,24237754;6,98919305
73,62611361;30,24727528;6,96800446
73,74839614;30,25216485;6,946903734
73,87010664;30,25704631;6,925890275
73,99124945;30,26191973;6,904963489
74,11182889;30,26678517;6,884122791
74,23184919;30,27164269;6,863367603
74,35131457;30,27649236;6,842697352
74,47022916;30,28133424;6,822111471
74,58859708;30,28616839;6,801609401
74,70642237;30,29099486;6,781190588
74,82370904;30,29581373;6,760854485
74,94046105;30,30062504;6,740600549
75,05667034;30,30542885;6,719736225
75,17233479;30,31022523;6,698602369
75,28745845;30,31501422;6,677557098
75,40204531;30,31979589;6,656599824
75,51609932;30,3245703;6,635729964
75,6296244;30,3293375;6,614946941
75,74262441;30,33409754;6,594250188
75,85510317;30,33885047;6,573639138
75,96706445;30,34359636;6,553113235
76,078512;30,34833526;6,532671926
76,1894495;30,35306721;6,512314665
76,2998806;30,35779228;6,492040911
76,40980892;30,3625105;6,471850131
76,51923803;30,36722194;6,451741793
76,62817146;30,37192664;6,431715374
76,73661271;30,37662465;6,411770356
76,84456523;30,38131602;6,391906226
76,95203243;30,3860008;6,372122474
77,05901771;30,39067904;6,352418599
77,1655244;30,39535079;6,332794101
77,27155582;30,40001608;6,31324849
77,37711524;30,40467498;6,293781275
77,4822059;30,40932751;6,274391975
77,586831;30,41397374;6,25508011
77,69099372;30,4186137;6,235845207
77,7946972;30,42324745;6,216686798
77,89794454;30,42787501;6,197604416
78,00073881;30,43249644;6,178597603
78,10308306;30,43711178;6,159665903
78,20498029;30,44172108;6,140808864
78,3064335;30,44632436;6,12202604
78,40744561;30,45092169;6,103316988
78,50801957;30,45551309;6,08468127
78,60815825;30,46009861;6,066118451
78,70786452;30,46467828;6,047628102
78,8071412;30,46925216;6,029209796
78,90599111;30,47382027;6,01086311
79,00441702;30,47838266;5,992587627
79,10242167;30,48293937;5,974382932
79,20000778;30,48749043;5,956248615
79,29717806;30,49203589;5,938184269
79,39393517;30,49657577;5,92018949
79,49028175;30,50111012;5,90226388
79,58622041;30,50563898;5,884407042
79,68175376;30,51016238;5,866618584
79,77688434;30,51468035;5,848898117
79,87161471;30,51919293;5,831245257
79,96594739;30,52370017;5,813659621
80,05988485;30,52820208;5,796140831
80,15342958;30,53269872;5,778688512
80,24658402;30,5371901;5,761302291
80,33935059;30,54167628;5,743981802
80,43173169;30,54615727;5,726726677
80,52372971;30,55063311;5,709536555
80,61534698;30,55510384;5,692411078
80,70658586;30,5595695;5,675349889
80,79744864;30,5640301;5,658352634
80,88793762;30,56848568;5,641418966
80,97805507;30,57293629;5,624548536
81,06780325;30,57738194;5,607741
81,15718436;30,58182266;5,590996019
81,246198;30,5862585;5,574148208
81,33484474;30,59068948;5,55726107
81,42312679;30,59511562;5,540437373
81,51104634;30,59953697;5,523676771
81,59860557;30,60395355;5,506978926
81,68580664;30,60836539;5,490343498
81,77265166;30,61277252;5,473770153
81,85914277;30,61717497;5,457258558
81,94528205;30,62157277;5,440808384
82,03107158;30,62596594;5,424419303
82,11651343;30,63035453;5,408090992
82,20160962;30,63473854;5,391823129
82,28636219;30,63911802;5,375615394
82,37077314;30,64349298;5,359467472
82,45487367;30,64786346;5,345236033
82,53867484;30,65222949;5,331647189
82,62218601;30,65659108;5,318597093
82,70542465;30,66094826;5,306603286
82,78839209;30,66530106;5,294643188
82,87108968;30,6696495;5,282716657
82,95351876;30,67399359;5,270823553
83,03568064;30,67833337;5,258963737
83,11757663;30,68266886;5,24713707
83,19920805;30,68700007;5,235343416
83,28057616;30,69132704;5,223582638
83,36168227;30,69564977;5,211854599
83,44252765;30,6999683;5,200159167
83,52311355;30,70428265;5,188496207
83,60344122;30,70859284;5,176865586
83,68351193;30,71289888;5,165267173
83,76332689;30,7172008;5,153700836
83,84288733;30,72149862;5,142166444
83,92219448;30,72579237;5,13066387
84,00124954;30,73008206;5,119192984
84,08005371;30,73436771;5,107753658
84,15860818;30,73864934;5,096345766
84,23691414;30,74292698;5,084969182
84,31497275;30,74720064;5,07362378
84,39278518;30,75147034;5,062309436
84,47035259;30,75573611;5,051026026
84,54767612;30,75999796;5,039773428
84,62475693;30,76425591;5,028551519
84,70159613;30,76850999;5,017360178
84,77819486;30,7727602;5,006199285
84,85455422;30,77700658;4,99506872
84,93067533;30,78124913;4,983968364
85,00655929;30,78548788;4,972898099
85,08220719;30,78972285;4,961857806
85,15762012;30,79395405;4,95084737
85,23279915;30,79818151;4,939866674
85,30774535;30,80240523;4,928915602
85,38245979;30,80662525;4,917994041
85,45694352;30,81084157;4,907101876
85,53119758;30,81505422;4,896238994
85,60522303;30,81926321;4,885405282
85,67902089;30,82346856;4,874600629
85,7525922;30,82767029;4,863824923
85,82593796;30,83186841;4,853078054
85,89905919;30,83606295;4,842359911
85,9719569;30,84025392;4,831670387
86,04463209;30,84444133;4,821009371
86,11708575;30,8486252;4,810376757
86,18931886;30,85280556;4,799772437
86,2613324;30,85698241;4,789196304
86,33312736;30,86115577;4,778648253
86,40470468;30,86532567;4,768128177
86,47606533;30,86949211;4,757635973
86,54721027;30,87365511;4,747171536
86,61814044;30,87781469;4,736734762
86,68885678;30,88197086;4,72632555
86,75936023;30,88612365;4,715943795
86,82965171;30,89027305;4,705589398
86,89973214;30,8944191;4,695262255
86,96960245;30,89856181;4,684962268
87,03926354;30,90270119;4,674689336
87,10871632;30,90683725;4,664443359
87,17796168;30,91097002;4,65422424
87,24700052;30,9150995;4,644031878
87,31583373;30,91922572;4,633866178
87,38446217;30,92334868;4,623727041
87,45288674;30,92746841;4,613614371
87,5211083;30,93158491;4,603528072
87,58912772;30,9356982;4,593468049
87,65694585;30,9398083;4,583434206
87,72456354;30,94391522;4,573426449
87,79198165;30,94801897;4,563444684
87,85920102;30,95211958;4,553488817
87,92622248;30,95621704;4,543558757
87,99304687;30,96031138;4,53365441
88,05967502;30,96440261;4,523775685
88,12610773;30,96849075;4,51392249
88,19234584;30,97257581;4,504094734
88,25839016;30,97665779;4,494292327
88,32424148;30,98073673;4,484515179
88,38990061;30,98481262;4,474763201
88,45536835;30,98888548;4,465036304
88,52064549;30,99295533;4,4553344
88,58573282;30,99702218;4,445657399
88,65063111;31,00108604;4,436005216
88,71534114;31,00514692;4,426377764
88,7798637;31,00920484;4,416774954
88,84419954;31,01325982;4,407196702
88,90834942;31,01731186;4,397642922
88,97231411;31,02136097;4,388113529
89,03609436;31,02540717;4,378608438
89,09969092;31,02945048;4,369127565
89,16310454;31,03349089;4,359670826
89,22633594;31,03752844;4,350238137
89,28938588;31,04156312;4,340829416
89,35225508;31,04559496;4,331444581
89,41494427;31,04962395;4,322083549
89,47745417;31,05365013;4,312746238
89,5397855;31,05767349;4,303432567
89,60193897;31,06169404;4,294142457
89,6639153;31,06571181;4,284875825
89,72571518;31,06972681;4,275632593
89,78733933;31,07373904;4,26641268
89,84878844;31,07774851;4,257216008
89,9100632;31,08175524;4,248042498
89,97116431;31,08575924;4,238892072
90,03209244;31,08976052;4,229764651
90,09284651;31,0937591;4,220536999
90,15342354;31,09775498;4,211077813
90,21382423;31,10174817;4,201643315
90,27404931;31,10573869;4,192233418
90,33409947;31,10972655;4,182848038
90,39397541;31,11371175;4,173487088
90,45367783;31,11769432;4,164150486
90,51320742;31,12167426;4,154838146
90,57256487;31,12565158;4,145549985
90,63175085;31,12962629;4,13628592
90,69076606;31,13359841;4,127045869
90,74961116;31,13756794;4,117829748
90,80828683;31,1415349;4,108637477
90,86679373;31,1454993;4,099468973
90,92513254;31,14946114;4,090324156
90,9833039;31,15342044;4,081202944
91,04130848;31,15737721;4,072105259
91,09914693;31,16133146;4,063031019
91,1568199;31,1652832;4,053980145
91,21432803;31,16923244;4,044952559
91,27167197;31,17317918;4,035948181
91,32885236;31,17712345;4,026966934
91,38586982;31,18106525;4,018008739
91,44272499;31,18500459;4,009073519
91,4994185;31,18894148;4,000161197
91,55595097;31,19287593;3,991271696
91,61232302;31,19680796;3,98240494
91,66853527;31,20073756;3,973560852
91,72458833;31,20466475;3,964739358
91,78048282;31,20858954;3,955940382
91,83621934;31,21251195;3,947163848
91,89179848;31,21643197;3,938409684
91,94722087;31,22034962;3,929677813
92,00248708;31,22426491;3,920968163
92,05759772;31,22817785;3,912280661
92,11255337;31,23208844;3,903615232
92,16735463;31,2359967;3,894971805
92,22200207;31,23990264;3,886350306
92,27406445;31,24380627;3,704704869
92,3200441;31,24770769;3,273710644
92,35953924;31,25160716;2,813420736
92,39206038;31,25550498;2,317621434
92,33284047;31,2594086;-7,89115892
92,22194559;31,26331663;-7,376440856
92,11816728;31,26722869;-6,760946613
92,02294987;31,27114434;-5,962432107
91,93890154;31,27506275;-4,597814811
91,87404352;31,27898325;-3,477670703
91,82496034;31,28290375;0
91,77587716;31,28682425;-3,477670703
91,74626839;31,29074685;-2,096736237
91,72361027;31,29467072;-1,604010962
91,70607532;31,29859555;-1,241025851
91,69271138;31,30252114;-0,945643381
91,68290847;31,30644729;-0,693561696
91,6762329;31,31037387;-0,472249353
91,67235613;31,31430073;-0,274234821
91,67101821;31,31822776;-0,094636976
91,67200701;31,32215485;0,069941525
91,6751452;31,32608189;0,221978189
91,68028177;31,3300088;0,36334567
91,6872862;31,33393549;0,495500261
91,69604426;31,33786188;0,619600955
91,70645494;31,3417879;0,736587993
91,71842813;31,34571347;0,847236589
91,73188284;31,34963852;0,952194776
91,74674578;31,353563;1,052010783
91,76295029;31,35748685;1,147153265
91,78043536;31,36141;1,238026544
91,79914498;31,3653324;1,324982298
91,81902746;31,36925401;1,408328643
91,84003492;31,37317477;1,488337305
91,86212293;31,37709462;1,565249334
91,88525005;31,38101354;1,639279719
91,90937759;31,38493147;1,710621145
91,9344693;31,38884837;1,77944708
91,96049115;31,39276421;1,845914341
91,98741112;31,39667893;1,910165223
92,01519904;31,40059251;1,972329306
92,04382641;31,40450491;2,03252497
92,07326624;31,40841609;2,090860692
92,10349301;31,41232602;2,147436158
92,13448246;31,41623466;2,202343215
92,18635267;31,420142;3,687526748
92,24094682;31,42404713;3,883360927
92,29538794;31,42794995;3,87476886
92,34967661;31,43185047;3,866198554
92,40381339;31,4357487;3,857649937
92,45779886;31,43964464;3,849122938
92,51163359;31,44353831;3,840617486
92,56531813;31,44742971;3,832133512
92,61885306;31,45131886;3,823670945
92,67223893;31,45520575;3,815229717
92,72547629;31,45909041;3,806809757
92,77856569;31,46297284;3,798410997
92,8315077;31,46685305;3,790033368
92,88430285;31,47073104;3,781676802
92,93695168;31,47460683;3,773341231
92,98945474;31,47848042;3,765026587
93,04181257;31,48235183;3,756732803
93,09402569;31,48622106;3,748459812
93,14609465;31,49008812;3,740207548
93,19801997;31,49395301;3,731975943
93,24980218;31,49781576;3,723764932
93,3014418;31,50167635;3,715574449
93,35293936;31,50553482;3,707404428
93,40429537;31,50939115;3,699254805
93,45551034;31,51324536;3,691125513
93,5065848;31,51709746;3,68301649
93,55751925;31,52094746;3,67492767
93,60831419;31,52479536;3,66685899
93,65897014;31,52864117;3,658810385
93,7094876;31,5324849;3,650781792
93,75986707;31,53632656;3,642773149
93,81010904;31,54016616;3,634784391
93,86021401;31,5440037;3,626815457
93,91018248;31,54783919;3,618866285
93,96001492;31,55167264;3,610936812
94,00971184;31,55550406;3,603026976
94,05927371;31,55933345;3,595136717
94,10870102;31,56316082;3,587265972
94,15799424;31,56698619;3,579414681
94,20715386;31,57080955;3,571582783
94,25618036;31,57463091;3,563770218
94,30507419;31,57845029;3,555976926
94,35383584;31,58226769;3,548202846
94,40246577;31,58608311;3,54044792
94,45096445;31,58989657;3,532712088
94,49933234;31,59370807;3,52499529
94,5475699;31,59751763;3,517297468
94,5956776;31,60132523;3,509618564
94,64365588;31,6051309;3,501958519
94,69150521;31,60893464;3,494317274
94,73922603;31,61273646;3,486694773
94,78681879;31,61653637;3,479090957
94,83428395;31,62033436;3,47150577
94,88162195;31,62413046;3,463939154
94,92883323;31,62792466;3,456391052
94,97591824;31,63171698;3,448861408
95,0228774;31,63550741;3,441350165
95,06971116;31,63929597;3,433857268
95,11641996;31,64308267;3,42638266
95,16300423;31,6468675;3,418926286
95,20946439;31,65065049;3,41148809
95,25580088;31,65443162;3,404068018
95,30201412;31,65821092;3,396666014
95,34810453;31,66198838;3,389282024
95,39407255;31,66576402;3,381915993
95,43991858;31,66953784;3,374567867
95,48564305;31,67330985;3,367237592
95,53124638;31,67708005;3,359925115
95,57672898;31,68084845;3,352630381
95,62209125;31,68461506;3,345353337
95,66733362;31,68837988;3,338093931
95,71245648;31,69214292;3,330852109
95,75746026;31,69590418;3,323627819
95,80234534;31,69966368;3,316421008
95,84711214;31,70342142;3,309231624
95,89176105;31,7071774;3,302059615
95,93629248;31,71093163;3,294904929
95,98070681;31,71468412;3,287767515
96,02500445;31,71843488;3,280647321
96,06918579;31,7221839;3,273544297
96,11325122;31,7259312;3,26645839
96,15720114;31,72967678;3,259389551
96,20103591;31,73342065;3,252337729
96,24475595;31,73716281;3,245302873
96,28836162;31,74090328;3,238284934
96,33185331;31,74464205;3,231283861
96,37523141;31,74837913;3,224299605
96,41849628;31,75211453;3,217332116
96,46164832;31,75584825;3,210381346
96,50468789;31,75958031;3,203447244
96,54761536;31,76331069;3,196529762
96,59043112;31,76703942;3,189628851
96,63313552;31,7707665;3,182744462
96,67572894;31,77449193;3,175876548
96,71821175;31,77821572;3,16902506
96,76058431;31,78193787;3,162189951
96,80284698;31,7856584;3,155371171
96,84500014;31,7893773;3,148568675
96,88704412;31,79309458;3,141782414
96,92897931;31,79681024;3,135012342
96,97082378;31,8005243;3,12958489
97,01257396;31,80423676;3,123881037
97,05423014;31,80794762;3,11818867
97,09579257;31,81165688;3,11250776
97,13726154;31,81536456;3,106838281
97,17863732;31,81907066;3,101180202
97,21992017;31,82277518;3,095533497
97,26111037;31,82647812;3,089898138
97,30220819;31,8301795;3,084274096
97,34321388;31,83387931;3,078661344
97,38412773;31,83757757;3,073059855
97,42495;31,84127427;3,0674696
97,46568094;31,84496942;3,061890553
97,50632083;31,84866303;3,056322686
97,54686992;31,8523551;3,050765971
97,58732848;31,85604563;3,045220382
97,62769676;31,85973463;3,039685892
97,66797503;31,86342211;3,034162473
97,70816354;31,86710807;3,028650099
97,74826255;31,87079251;3,023148742
97,78827232;31,87447544;3,017658377
97,8281931;31,87815686;3,012178976
97,86802514;31,88183678;3,006710513
97,9077687;31,88551521;3,001252962
97,94742403;31,88919214;2,995806296
97,98699138;31,89286758;2,990370488
98,02647101;31,89654153;2,984945514
98,06586315;31,90021401;2,979531346
98,10516806;31,90388501;2,974127958
98,14438598;31,90755455;2,968735325
98,18351716;31,91122261;2,963353421
98,22256185;31,91488921;2,95798222
98,26152029;31,91855436;2,952621696
98,30039273;31,92221805;2,947271824
98,33917939;31,9258803;2,941932578
98,37788054;31,9295411;2,936603933
98,4164964;31,93320045;2,931285863
98,45502721;31,93685838;2,925978344
98,49347322;31,94051487;2,920681349
98,53183467;31,94416993;2,915394855
98,57011178;31,94782358;2,910118836
98,60830479;31,9514758;2,904853266
98,64641395;31,95512661;2,899598122
98,68443948;31,958776;2,894353378
98,72238161;31,962424;2,889119009
98,76024058;31,96607059;2,883894992
98,79801662;31,96971578;2,878681301
98,83570997;31,97335958;2,873477913
98,87332084;31,97700198;2,868284802
98,91084946;31,98064301;2,863101944
98,94829608;31,98428265;2,857929315
98,9856609;31,98792091;2,852766892
99,02294417;31,9915578;2,847614649
99,0601461;31,99519332;2,842472564
99,09726691;31,99882748;2,837340611
99,13430684;32,00246027;2,832218768
99,1712661;32,00609171;2,82710701
99,20814492;32,00972179;2,822005314
99,24494351;32,01335053;2,816913656
99,2816621;32,01697792;2,811832012
99,3183009;32,02060396;2,80676036
99,35486014;32,02422867;2,801698675
99,39134003;32,02785205;2,796646935
99,42774079;32,0314741;2,791605116
99,46406264;32,03509482;2,786573195
99,50030578;32,03871421;2,781551148
99,53647044;32,04233229;2,776538954
99,57255682;32,04594906;2,771536589
99,60856515;32,04956451;2,766544029
99,64449563;32,05317866;2,761561253
99,68034847;32,0567915;2,756588237
99,71612388;32,06040305;2,751624959
99,75182208;32,06401329;2,746671396
99,78744328;32,06762225;2,741727526
99,82298767;32,07122992;2,736793326
99,85845547;32,0748363;2,731868774
99,89384689;32,07844141;2,726953847
99,92916213;32,08204523;2,722048524
99,96440139;32,08564778;2,717152782
99,99956488;32,08924907;2,712266598
100,0346528;32,09284908;2,707389951
100,0696654;32,09644783;2,702522819
100,1046028;32,10004533;2,697665181
100,1394652;32,10364157;2,692817013
100,1742529;32,10723655;2,687978294
100,208966;32,11083029;2,683149004
100,2436048;32,11442278;2,678329119
100,2781694;32,11801403;2,673518618
100,31266;32,12160405;2,66871748
100,3470769;32,12519283;2,663925684
100,3814202;32,12878038;2,659143208
100,4156901;32,1323667;2,65437003
100,4498868;32,13595179;2,64960613
100,4840106;32,13953567;2,644851486
100,5180616;32,14311833;2,640106077
100,5520399;32,14669978;2,635369882
100,5859459;32,15028001;2,630642881
100,6197796;32,15385904;2,625925051
100,6535414;32,15743687;2,621216372
100,6872312;32,16101349;2,616516824
100,7208495;32,16458892;2,611826385
100,7543962;32,16816316;2,607145036
100,7878718;32,1717362;2,602472754
100,8212762;32,17530806;2,597809521
100,8546097;32,17887873;2,593155314
100,8878725;32,18244823;2,588510115
100,9210648;32,18601655;2,583873901
100,9541868;32,18958369;2,579246654
100,9872386;32,19314966;2,574628353
101,0202204;32,19671447;2,570018977
101,0531325;32,20027811;2,565418506
101,0859749;32,2038406;2,560826921
101,118748;32,20740192;2,556244201
101,1514517;32,21096209;2,551670327
101,1840864;32,21452111;2,547105278
101,2166523;32,21807898;2,542549034
101,2491494;32,22163571;2,538001577
101,281578;32,2251913;2,533462885
101,3139382;32,22874574;2,52893294
101,3462303;32,23229905;2,524411721
101,3784544;32,23585123;2,51989921
101,4106107;32,23940228;2,515395386
101,4426993;32,24295221;2,510900231
101,4747204;32,24650101;2,506413724
101,5066743;32,25004869;2,501935847
101,538561;32,25359526;2,49746658
101,5703808;32,25714071;2,493005904
101,6021338;32,26068505;2,4885538
101,6338202;32,26422828;2,484110248
101,6654402;32,26777041;2,47967523
101,6969939;32,27131144;2,475248727
101,7284816;32,27485136;2,47083072
101,7599033;32,27839019;2,466421189
101,7912592;32,28192793;2,462020116
101,8225496;32,28546458;2,457627482
101,8537745;32,28900015;2,453243269
101,8849342;32,29253462;2,448867457
101,9160288;32,29606802;2,444500029
101,9470585;32,29960034;2,440140965
101,9780234;32,30313159;2,435790247
102,0089238;32,30666176;2,431447857
102,0397597;32,31019086;2,427113776
102,0705314;32,3137189;2,422787985
102,1012389;32,31724587;2,418470467
102,1318826;32,32077178;2,414161204
102,1624624;32,32429664;2,409860176
102,1929787;32,32782044;2,405567366
102,2234315;32,33134318;2,401282756
102,253821;32,33486488;2,397006327
102,2841474;32,33838553;2,392738063
102,3144108;32,34190514;2,388477944
102,3446114;32,34542371;2,384225952
102,3747493;32,34894123;2,379982071
102,4048248;32,35245773;2,375746282
102,4348379;32,35597318;2,371518567
102,4647889;32,35948761;2,367298909
102,4946778;32,36300102;2,363087291
102,5245048;32,36651339;2,358883693
102,5542701;32,37002475;2,3546881
102,5839739;32,37353509;2,350500493
102,6136163;32,37704441;2,346320855
102,6431974;32,38055271;2,342149168
102,6727174;32,38406001;2,337985416
102,7021765;32,38756629;2,333829581
102,7315748;32,39107158;2,329681645
102,7609124;32,39457585;2,325541592
102,7901896;32,39807913;2,321409403
102,8194064;32,40158141;2,317285064
102,848563;32,4050827;2,313168555
102,8776596;32,40858299;2,30905986
102,9066963;32,41208229;2,304958962
102,9356732;32,4155806;2,300865844
102,9645895;32,41907793;2,296692404
102,9934445;32,42257428;2,292477401
103,0222386;32,42606965;2,288270662
103,0509718;32,42956404;2,284072169
103,0796443;32,43305746;2,279881904
103,1082562;32,4365499;2,275699847
103,1368077;32,44004138;2,271525982
103,165299;32,44353189;2,267360289
103,1937302;32,44702143;2,26320275
103,2221014;32,45051002;2,259053347
103,2504128;32,45399764;2,254912061
103,2786646;32,45748431;2,250778876
103,3068569;32,46097003;2,246653772
103,3349899;32,46445479;2,242536731
103,3630636;32,46793861;2,238427737
103,3910784;32,47142147;2,23432677
103,4190342;32,4749034;2,230233813
103,4469313;32,47838438;2,226148848
103,4747697;32,48186443;2,222071857
103,5025498;32,48534354;2,218002823
103,5302715;32,48882171;2,213941728
103,557935;32,49229896;2,209888555
103,5855406;32,49577527;2,205843285
103,6130883;32,49925066;2,201805901
103,6405782;32,50272513;2,197776387
103,6680106;32,50619867;2,193754723
103,6953855;32,50967129;2,189740894
103,7227031;32,513143;2,185734882
103,7499636;32,51661379;2,181736669
103,7771671;32,52008367;2,177746238
103,8043137;32,52355264;2,173763573
103,8314036;32,52702071;2,169788655
103,8584369;32,53048787;2,165821468
103,8854137;32,53395412;2,161861995
103,9123342;32,53741948;2,157910219
103,9391986;32,54088394;2,153966123
103,966007;32,5443475;2,15002969
103,9927594;32,54781017;2,146100903
104,0194561;32,55127195;2,142179745
104,0460972;32,55473284;2,1382662
104,0726829;32,55819285;2,134360251
104,0992132;32,56165197;2,130461881
104,1256883;32,56511021;2,126571074
104,1521083;32,56856757;2,122687813
104,1784734;32,57202405;2,118812081
104,2047837;32,57547966;2,114943863
104,2310393;32,5789344;2,111083141
104,2572405;32,58238826;2,107229899
104,2833872;32,58584126;2,103384121
104,3094797;32,58929339;2,099545791
104,335518;32,59274466;2,095714892
104,3615024;32,59619507;2,091891408
104,3874329;32,59964461;2,088075323
104,4133096;32,6030933;2,084266621
104,4391328;32,60654114;2,080465285
104,4649025;32,60998812;2,076671301
104,4906189;32,61343426;2,07288465
104,516282;32,61687954;2,069105319
104,5418921;32,62032398;2,06533329
104,5674493;32,62376758;2,061568548
104,5929536;32,62721033;2,057811078
104,6184053;32,63065225;2,054060862
104,6438044;32,63409332;2,050317886
104,669151;32,63753357;2,046582134
104,6944454;32,64097297;2,04285359
104,7196875;32,64441155;2,039132239
104,7448777;32,6478493;2,035418065
104,7700159;32,65128622;2,031711052
104,7951023;32,65472232;2,028011185
104,820137;32,6581576;2,024318449
104,8451202;32,66159205;2,020632828
104,8700519;32,66502569;2,016954307
104,8949324;32,66845851;2,01328287
104,9197617;32,67189051;2,009618502
104,9445399;32,67532171;2,005961188
104,9692672;32,67875209;2,002310912
104,9939437;32,68218166;1,99866766
105,0185695;32,68561043;1,995031417
105,0431447;32,6890384;1,991402166
105,0676695;32,69246556;1,987779894
105,092144;32,69589193;1,984164586
105,1165683;32,69931749;1,980556225
105,1409425;32,70274226;1,976954798
105,1652668;32,70616624;1,973360289
105,1895412;32,70958942;1,969772684
105,2137659;32,71301181;1,966191967
105,237941;32,71643342;1,962618125
105,2620666;32,71985424;1,959051142
105,2861429;32,72327427;1,955491003
105,3101699;32,72669353;1,951937694
105,3341478;32,730112;1,948391201
105,3580766;32,73352969;1,944851508
105,3819566;32,73694661;1,941318601
105,4057878;32,74036276;1,937792466
105,4295704;32,74377813;1,934273088
105,4533044;32,74719273;1,930760453
105,4769899;32,75060657;1,927254546
105,5006272;32,75401963;1,923755354
105,5242162;32,75743193;1,920262861
105,5477572;32,76084347;1,916777053
105,5712502;32,76425425;1,913297916
105,5946954;32,76766427;1,909825437
105,6180928;32,77107353;1,9063596
105,6414426;32,77448204;1,902900392
105,6647448;32,77788979;1,899447798
105,6879997;32,7812968;1,896001805
105,7112072;32,78470305;1,892562398
105,7343676;32,78810855;1,889129563
105,7574809;32,79151331;1,885703288
105,7805473;32,79491733;1,882283556
105,8035668;32,7983206;1,878870356
105,8265396;32,80172313;1,875463672
105,8494657;32,80512492;1,872063491
105,8723453;32,80852598;1,8686698
105,8951785;32,8119263;1,865282584
105,9179655;32,81532589;1,86190183
105,9407062;32,81872475;1,858527524
105,9634008;32,82212287;1,855159653
105,9860495;32,82552027;1,851798202
106,0086523;32,82891695;1,848443159
106,0312094;32,83231289;1,84509451
106,0537208;32,83570812;1,84175224
106,0761866;32,83910263;1,838416338
106,098607;32,84249641;1,835086789
106,1209821;32,84588948;1,831763581
106,143312;32,84928184;1,828446699
106,1655967;32,85267348;1,82513613
106,1878365;32,85606441;1,821831861
106,2100313;32,85945463;1,818533879
106,2321813;32,86284414;1,815242171
106,2542866;32,86623294;1,811956723
106,2763473;32,86962104;1,808677522
106,2983636;32,87300844;1,805404555
106,3203354;32,87639513;1,802137809
106,342263;32,87978112;1,798877271
106,3641463;32,88316642;1,795622928
106,3859856;32,88655102;1,792374767
106,4077809;32,88993492;1,789132775
106,4295324;32,89331813;1,785896939
106,45124;32,89670065;1,782667246
106,472904;32,90008248;1,779443683
106,4945245;32,90346363;1,776226238
106,5161014;32,90684408;1,773014897
106,537635;32,91022385;1,769809648
106,5591253;32,91360294;1,766610479
106,5805725;32,91698135;1,763417375
106,6019765;32,92035907;1,760230326
106,6233376;32,92373612;1,757049317
106,6446559;32,92711249;1,753874337
106,6659313;32,93048819;1,750705373
106,6871641;32,93386321;1,747542412
106,7083543;32,93723756;1,744385442
106,7295021;32,94061124;1,74123445
106,7506074;32,94398426;1,738089424
106,7716705;32,9473566;1,734950352
106,7926914;32,95072828;1,731817221
106,8136702;32,9540993;1,728690018
106,834607;32,95746966;1,725568732
106,8555019;32,96083935;1,72245335
106,876355;32,96420839;1,71934386
106,8971664;32,96757677;1,716240249
106,9179362;32,97094449;1,713142506
106,9386645;32,97431156;1,710050618
106,9593514;32,97767797;1,706964573
106,9799969;32,98104374;1,703884359
107,0006012;32,98440885;1,700809963
107,0211644;32,98777332;1,697741375
107,0416865;32,99113714;1,694678581
107,0621677;32,99450032;1,69162157
107,0826081;32,99786285;1,688570329
107,1030077;33,00122474;1,685524848
107,1233666;33,00458599;1,682485113
107,1436849;33,0079466;1,679451114
107,1639628;33,01130657;1,676422837
107,1842002;33,01466591;1,673400272
107,2043974;33,01802462;1,670383406
107,2245543;33,02138269;1,667372229
107,2446712;33,02474013;1,664366727
107,264748;33,02809694;1,661366889
107,2847849;33,03145312;1,658372705
107,3047819;33,03480867;1,655384161
107,3247392;33,0381636;1,652401246
107,3446568;33,04151791;1,64942395
107,3645349;33,04487159;1,646452259
107,3843734;33,04822466;1,643486163
107,4041726;33,0515771;1,640525651
107,4239325;33,05492892;1,637570709
107,4436531;33,05828013;1,634621329
107,4633346;33,06163073;1,631677497
107,4829771;33,06498071;1,628739202
107,5025806;33,06833007;1,625806433
107,5221453;33,07167883;1,622879179
107,5416712;33,07502698;1,619957428
107,5611584;33,07837452;1,617041169
107,580607;33,08172145;1,614130392
107,600017;33,08506778;1,611225083
107,6193887;33,0884135;1,608325233
107,638722;33,09175862;1,60543083
107,658017;33,09510315;1,602541863
107,6772739;33,09844707;1,599658321
107,6964927;33,10179039;1,596780192
107,7156735;33,10513312;1,593907467
107,7348164;33,10847525;1,591040132
107,7539214;33,11181679;1,588178179
107,7729887;33,11515773;1,585321595
107,7920184;33,11849809;1,58247037
107,8110104;33,12183785;1,579624492
107,829965;33,12517703;1,576783951
107,8488822;33,12851562;1,573948736
107,867762;33,13185362;1,571118836
107,8866046;33,13519104;1,56829424
107,9054101;33,13852788;1,565474938
107,9241784;33,14186414;1,562660918
107,9429098;33,14519981;1,559852169
107,9616043;33,14853491;1,557048682
107,9802619;33,15186943;1,554250445
107,9988828;33,15520337;1,551457448
108,017467;33,15853674;1,54866968
108,0360147;33,16186953;1,54588713
108,0545258;33,16520175;1,543109788
108,0730006;33,1685334;1,540337644
108,0914389;33,17186449;1,537570685
108,1098411;33,175195;1,534808903
108,128207;33,17852495;1,532052286
108,1465369;33,18185433;1,529300825
108,1648307;33,18518314;1,526554508
108,1830886;33,1885114;1,523813325
108,2013106;33,19183909;1,521077266
108,2194969;33,19516622;1,51834632
108,2376474;33,19849279;1,515620478
108,2557624;33,20181881;1,512899728
108,2738418;33,20514427;1,51018406
108,2918857;33,20846917;1,507473464
108,3098942;33,21179352;1,504767931
108,3278675;33,21511731;1,502067448
108,3458055;33,21844056;1,499372008
108,3637083;33,22176325;1,496681598
108,3815761;33,2250854;1,493996209
108,3994089;33,228407;1,491315831
108,4172068;33,23172805;1,488640454
108,4349698;33,23504855;1,485970067
108,4526981;33,23836852;1,483304661
108,4703916;33,24168794;1,480644226
108,4880506;33,24500681;1,477988751
108,505675;33,24832515;1,475338226
108,5232649;33,25164295;1,472692642
108,5408205;33,25496021;1,470051988
108,5583418;33,25827694;1,467416255
108,5758288;33,26159313;1,464785433
108,5932816;33,26490878;1,462159511
108,6107004;33,2682239;1,45953848
108,6280852;33,27153849;1,456922331
108,645436;33,27485255;1,454311053
108,662753;33,27816608;1,451704636
108,6800361;33,28147909;1,44910307
108,6972856;33,28479156;1,446506347
108,7145014;33,28810351;1,443914456
108,7316837;33,29141494;1,441327388
108,7488324;33,29472584;1,438745132
108,7659478;33,29803622;1,436167679
108,7830298;33,30134608;1,43359502
108,8000785;33,30465542;1,431027145
108,817094;33,30796424;1,428464044
108,8340764;33,31127255;1,425905708
108,8510257;33,31458033;1,423352127
108,8679421;33,31788761;1,420803292
108,8848255;33,32119436;1,418259193
108,9016761;33,32450061;1,41571982
108,9184939;33,32780634;1,413185165
108,935279;33,33111157;1,410655218
108,9520315;33,33441628;1,408129969
108,9687514;33,33772049;1,405609408
108,9854388;33,34102419;1,403093528
109,0020939;33,34432738;1,400582318
109,0187165;33,34763007;1,398075768
109,0353069;33,35093226;1,39557387
109,0518651;33,35423394;1,393076615
109,0683912;33,35753512;1,390583992
109,0848852;33,3608358;1,388095993
109,1013472;33,36413598;1,385612609
109,1177772;33,36743567;1,38313383
109,1341754;33,37073486;1,380659647
109,1505418;33,37403355;1,378190052
109,1668765;33,37733174;1,375725034
109,1831795;33,38062945;1,373264584
109,199451;33,38392666;1,370808695
109,2156909;33,38722338;1,368357356
109,2318994;33,39051961;1,365910559
109,2480765;33,39381535;1,363468293
109,2642223;33,3971106;1,361030552
109,2803368;33,40040537;1,358597325
109,2964201;33,40369965;1,356168603
109,3124724;33,40699344;1,353744378
109,3284936;33,41028675;1,35132464
109,3444838;33,41357958;1,348909381
109,3604431;33,41687193;1,346498592
109,3763716;33,4201638;1,344092264
109,3922693;33,42345518;1,341690388
109,4081362;33,42674609;1,339292955
109,4239725;33,43003652;1,336899956
109,4397783;33,43332648;1,334511383
109,4555535;33,43661596;1,332127227
109,4712983;33,43990497;1,329747478
109,4870127;33,4431935;1,327372129
109,5026967;33,44648156;1,325001171
109,5183505;33,44976915;1,322634595
109,5339742;33,45305627;1,320272392
109,5495677;33,45634292;1,317914553
109,5651311;33,45962911;1,31556107
109,5806645;33,46291482;1,313211935
109,596168;33,46620007;1,310867138
109,6116416;33,46948486;1,308526672
109,6270855;33,47276918;1,306190527
109,6424996;33,47605304;1,303858695
109,6578939;33,47933644;1,302368237
109,6732616;33,48261938;1,300302988
109,6886028;33,48590186;1,298241118
109,7039175;33,48918387;1,296182622
109,7192059;33,49246543;1,294127493
109,7344678;33,49574654;1,292075726
109,7497035;33,49902718;1,290027315
109,7649128;33,50230738;1,287982254
109,780096;33,50558711;1,285940537
109,795253;33,50886639;1,283902159
109,8103839;33,51214523;1,281867113
109,8254887;33,5154236;1,279835393
109,8405675;33,51870153;1,277806995
109,8556204;33,52197901;1,275781912
109,8706473;33,52525604;1,273760138
109,8856484;33,52853262;1,271741668
109,9006236;33,53180875;1,269726495
109,9155731;33,53508444;1,267714615
109,9304969;33,53835968;1,265706021
109,945395;33,54163447;1,263700708
109,9602675;33,54490883;1,26169867
109,9751144;33,54818274;1,259699901
109,9899358;33,55145621;1,257704395
110,0047317;33,55472923;1,255712148
110,0195022;33,55800182;1,253723153
110,0342474;33,56127397;1,251737404
110,0489672;33,56454567;1,249754896
110,0636617;33,56781695;1,247775624
110,078331;33,57108778;1,245799581
110,0929751;33,57435818;1,243826763
110,1075941;33,57762814;1,241857163
110,122188;33,58089767;1,239890776
110,1367568;33,58416677;1,237927597
110,1513007;33,58743543;1,235967619
110,1658196;33,59070366;1,234010837
110,1803136;33,59397146;1,232057247
110,1947828;33,59723883;1,230106841
110,2092272;33,60050578;1,228159615
110,2236468;33,60377229;1,226215564
110,2380417;33,60703838;1,224274681
110,252412;33,61030404;1,222336961
110,2667576;33,61356927;1,220402399
110,2810787;33,61683408;1,218470989
110,2953753;33,62009847;1,216542726
110,3096473;33,62336243;1,214617604
110,323895;33,62662597;1,212695618
110,3381183;33,62988909;1,210776763
110,3523172;33,63315179;1,208861033
110,3664918;33,63641407;1,206948422
110,3806422;33,63967593;1,205038926
110,3947685;33,64293737;1,203132539
110,4088705;33,64619839;1,201229255
110,4229485;33,649459;1,19932907
110,4370023;33,65271919;1,197431977
110,4510322;33,65597897;1,195537972
110,4650381;33,65923833;1,193647049
110,4790201;33,66249728;1,191759203
110,4929782;33,66575582;1,189874428
110,5069125;33,66901395;1,18799272
110,5208229;33,67227166;1,186114073
110,5347097;33,67552896;1,184238481
110,5485727;33,67878586;1,18236594
110,5624121;33,68204235;1,180496444
110,5762279;33,68529843;1,178629988
110,5900201;33,6885541;1,176766566
110,6037887;33,69180937;1,174906174
110,6175339;33,69506423;1,173048806
110,6312557;33,69831868;1,171194458
110,6449541;33,70157274;1,169343123
110,6586291;33,70482639;1,167494797
110,6722808;33,70807964;1,165649474
110,6859093;33,71133248;1,16380715
110,6995146;33,71458493;1,161967818
110,7130967;33,71783698;1,160131475
110,7266556;33,72108862;1,158298115
110,7401915;33,72433987;1,156467732
110,7537043;33,72759073;1,154640322
110,7671942;33,73084118;1,15281588
110,780661;33,73409124;1,1509944
110,794105;33,73734091;1,149175877
110,8075261;33,74059018;1,147360307
110,8209244;33,74383905;1,145547683
110,8342999;33,74708754;1,143738002
110,8476526;33,75033563;1,141931258
110,8609827;33,75358333;1,140127446
110,8742901;33,75683064;1,138326562
110,8875749;33,76007756;1,136528599
110,9008371;33,76332409;1,134733553
110,9140768;33,76657024;1,132941419
110,927294;33,76981599;1,131152192
110,9404887;33,77306136;1,129365867
110,9536611;33,77630634;1,127582439
110,9668111;33,77955094;1,125801903
110,9799387;33,78279515;1,124024255
110,9930441;33,78603898;1,122249488
111,0061273;33,78928243;1,120477599
111,0191882;33,79252549;1,118708582
111,032227;33,79576818;1,116942433
111,0452437;33,79901048;1,115179146
111,0582383;33,8022524;1,113418716
111,0712109;33,80549394;1,11166114
111,0841615;33,80873511;1,109906411
111,0970902;33,81197589;1,108154525
111,1099969;33,8152163;1,106405478
111,1228818;33,81845633;1,104659263
111,1357448;33,82169599;1,102915877
111,1485861;33,82493527;1,101175315
111,1614056;33,82817418;1,099437571
111,1742034;33,83141271;1,097702642
111,1869796;33,83465088;1,095970521
111,1997341;33,83788867;1,094241205
111,212467;33,84112608;1,092514689
111,2251784;33,84436313;1,090790967
111,2378683;33,84759981;1,089070035
111,2505367;33,85083612;1,087351889
111,2631837;33,85407205;1,085636523
111,2758093;33,85730763;1,083923933
111,2884136;33,86054283;1,082214114
111,3009965;33,86377767;1,080507061
111,3135582;33,86701214;1,07880277
111,3260987;33,87024625;1,077101235
111,338618;33,87347999;1,075402453
111,3511161;33,87671337;1,073706419
111,3635931;33,87994639;1,072013127
111,376049;33,88317904;1,070322574
111,3884839;33,88641134;1,068634753
111,4008979;33,88964327;1,066949662
111,4132908;33,89287484;1,065267295
111,4256628;33,89610605;1,063587648
111,438014;33,8993369;1,061910715
111,4503443;33,9025674;1,060236493
111,4626538;33,90579754;1,058564977
111,4749426;33,90902732;1,056896162
111,4872106;33,91225674;1,055230043
111,499458;33,91548581;1,053566616
111,5116847;33,91871453;1,051905877
111,5238908;33,92194289;1,05024782
111,5360763;33,9251709;1,048592442
111,5482413;33,92839855;1,046939737
111,5603857;33,93162586;1,045289702
111,5725098;33,93485281;1,043642331
111,5846134;33,93807941;1,04199762
111,5345377;33,94131932;-36,04949972
111,1140675;33,94457154;-35,88460668
110,693932;33,94783613;-35,72039205
110,274127;33,95111318;-35,55685569
109,8546483;33,95440279;-35,39399732
109,4354916;33,95770504;-35,23181654
109,0166526;33,96102002;-35,07031286
108,5981267;33,96434781;-34,90948568
108,1799095;33,9676885;-34,7493343
107,7619965;33,97104219;-34,58985794
107,3443831;33,97440897;-34,43105572
106,9270646;33,97778894;-34,27292669
106,5100361;33,98118218;-34,1154698
106,093293;33,98458879;-33,95868395
105,6768304;33,98800887;-33,80256796
105,2606432;33,99144252;-33,64712057
104,8447265;33,99488984;-33,49234048
104,4290753;33,99835092;-33,33822631
104,0136844;34,00182587;-33,18477664
103,5985485;34,0053148;-33,03198997
103,1836625;34,0088178;-32,87986478
102,769021;34,01233498;-32,72839948
102,3546185;34,01586645;-32,57759245
101,9404497;34,01941233;-32,427442
101,5265089;34,02297271;-32,27794643
101,1127905;34,02654771;-32,12910397
100,6992889;34,03013744;-31,98091284
100,2859983;34,03374202;-31,82994486
99,87295743;34,03736156;-31,6794553
99,46016328;34,04099618;-31,52952447
99,04761154;34,04464598;-31,38013643
98,63529813;34,04831111;-31,23127369
98,22321908;34,05199166;-31,08291695
97,81137064;34,05568777;-30,9350448
97,39974927;34,05939955;-30,78763341
96,98835169;34,06312714;-30,64065608
96,57717493;34,06687066;-30,49408278
96,16621635;34,07063024;-30,34787955
95,75547376;34,074406;-30,20200775
95,34494542;34,07819808;-30,05642321
94,93463019;34,08200662;-29,91107513
94,5245276;34,08583174;-29,76590474
94,11463799;34,08967359;-29,62084363
93,70496264;34,09353229;-29,47581168
93,29550398;34,097408;-29,3307144
92,8862658;34,10130085;-29,18543955
92,47725355;34,10521098;-29,03985286
92,06847466;34,10913854;-28,89379241
91,65993898;34,11308368;-28,74706124
91,25165938;34,11704653;-28,59941766
90,84365239;34,12102725;-28,45056214
90,43593916;34,12502598;-28,30011957
90,02854666;34,12904287;-28,14761471
89,62150923;34,13307808;-27,99243784
89,21487075;34,13713173;-27,83379577
88,80868752;34,14120399;-27,67064051
88,40303232;34,14529499;-27,50156327
87,99800009;34,14940488;-27,32463287
87,59371625;34,15353377;-27,13714243
87,19034894;34,15768181;-26,93519929
86,78812782;34,16184908;-26,71303571
86,38737371;34,16603574;-26,53062893
85,98750521;34,17024194;-26,38924427
85,58791068;34,17446786;-26,247541
85,18859888;34,17871366;-26,10544313
84,78957987;34,18297953;-25,96286694
84,3908652;34,18726562;-25,81971999
83,99246809;34,19157213;-25,67589988
83,59440357;34,19589923;-25,53129291
83,19668875;34,20024709;-25,38577248
82,79934307;34,20461589;-25,23919724
82,40238857;34,20900582;-25,09140884
82,0058502;34,21341706;-24,94222937
81,60975627;34,21784979;-24,79145827
81,21413882;34,22230418;-24,63886868
80,8190342;34,22678043;-24,48420304
80,42448362;34,23127872;-24,32716783
80,03053386;34,23579921;-24,1674272
79,63723813;34,24034211;-24,00459523
79,24465702;34,24490757;-23,83822646
78,85285967;34,24949579;-23,66780425
78,46192516;34,25410692;-23,49272631
78,07194418;34,25874113;-23,31228663
77,68302105;34,2633986;-23,12565284
77,29527619;34,26807946;-22,93183725
76,90884912;34,27278388;-22,72965995
76,52390222;34,27751197;-22,51770082
76,14062535;34,28226387;-22,29423676
75,75924177;34,28703967;-22,05715845
75,38001557;34,29183946;-21,80385829
75,00326128;34,2966633;-21,53107748
74,62935645;34,30151121;-21,23469343
74,25875825;34,30638337;-21,06793806
73,88923149;34,31127997;-20,92363291
73,52039468;34,31620121;-20,77777299
73,15228597;34,32114729;-20,63020894
72,78494695;34,3261184;-20,48077731
72,41842299;34,33111474;-20,32929885
72,05276357;34,3361365;-20,17557658
71,68802277;34,34118387;-20,01939349
71,32425966;34,34625704;-19,86050996
70,96153894;34,35135619;-19,69866074
70,59993144;34,35648151;-19,53355137
70,23951491;34,36163317;-19,36485413
69,88037472;34,36681135;-19,19220312
69,52260482;34,37201619;-19,01518855
69,16630875;34,37724787;-18,83335
68,8116008;34,38250652;-18,64616821
68,45860744;34,38779228;-18,45305543
68,10746886;34,39310528;-18,25334364
67,75834087;34,39844563;-18,04627024
67,41139707;34,40381341;-17,83096058
67,06683144;34,4092087;-17,60640629
66,72486142;34,41463155;-17,37143834
66,38573155;34,42008199;-17,12469316
66,04971797;34,42556001;-16,86456943
65,71713375;34,43106558;-16,58917257
65,38833554;34,43659862;-16,2962421
65,06373181;34,442159;-15,98305548
64,74379319;34,44774654;-15,6462981
64,42906563;34,4533614;-15,51331491
64,11548685;34,45900379;-15,39142186
63,80284747;34,46467386;-15,26789644
63,49119491;34,47037182;-15,1426108
63,1805801;34,47609782;-15,0154262
62,87105784;34,48185205;-14,8861918
62,56268706;34,48763467;-14,75474326
62,25553126;34,49344584;-14,62090117
61,94965891;34,49928572;-14,48446923
61,64514389;34,50515444;-14,34523213
61,34206605;34,51105217;-14,20295315
61,04051177;34,51697901;-14,0573713
60,74057465;34,5229351;-13,90819805
60,44235622;34,52892054;-13,75511344
60,14596682;34,53493542;-13,59776154
59,85152656;34,54097983;-13,435745
59,55916643;34,54705383;-13,26861858
59,26902958;34,55315746;-13,09588139
58,98127278;34,55929075;-12,91696744
58,69606816;34,5654537;-12,73123409
58,41360521;34,57164628;-12,53794795
58,13409314;34,57786844;-12,33626709
57,85776373;34,58412008;-12,12521896
57,58487464;34,59040108;-11,90367199
57,31571357;34,59671127;-11,67029917
57,05060318;34,60305042;-11,42353013
56,78990729;34,60941883;-11,37984617
56,52900973;34,61581666;-11,28541349
56,26908198;34,62224407;-11,18916242
56,01017986;34,62870119;-11,09095141
55,75236347;34,63518818;-10,99062564
55,49569761;34,64170517;-10,88801545
55,24025222;34,64825228;-10,78293435
54,98610286;34,65482962;-10,67517688
54,7333313;34,6614373;-10,56451595
54,48202617;34,66807542;-10,4506998
54,23228366;34,67474403;-10,33344842
53,98420835;34,68144321;-10,2124492
53,73791419;34,688173;-10,08735178
53,49352559;34,69493341;-9,957761882
53,25117867;34,70172445;-9,823233671
53,01102275;34,7085461;-9,683260518
52,77322212;34,71539829;-9,537263484
52,53795805;34,72228094;-9,384576929
52,30543131;34,72919393;-9,224430291
52,07586505;34,7361371;-9,055924717
51,84950845;34,74311024;-8,878002651
51,62664112;34,7501131;-8,689407609
51,40757863;34,75714536;-8,488629982
51,19267946;34,76420662;-8,273832414
50,982354;34,77129706;-8,216917609
50,77261248;34,77841666;-8,114114469
50,5646432;34,78556539;-8,006783236
50,35858516;34,7927432;-7,894439972
50,15459199;34,79995;-7,776527587
49,95283408;34,80718567;-7,652400286
49,75350115;34,81445006;-7,521303577
49,55680548;34,82174297;-7,382348178
49,36298569;34,82906417;-7,234475374
49,17231172;34,83641334;-7,076410176
48,98509093;34,84379014;-6,906596552
48,80167614;34,85119412;-6,72310559
48,6224762;34,85862477;-6,523501335
48,44797027;34,86608147;-6,304637704
48,27872782;34,87356348;-6,062337493
48,11543741;34,8810699;-5,790857063
47,95895044;34,88859965;-5,481930284
47,81035121;34,8961514;-5,122898306
47,67107858;34,90372346;-4,692552719
47,54316222;34,91131363;-4,1499027
47,42976774;34,91891869;-3,390945935
47,33692974;34,92652838;-1,052787093
47,30808875;34,93413807;0
47,27924776;34,94174777;-1,052787093
47,2798316;34,9493621;0,021298841
47,29268577;34,95697634;0,46893768
47,31309513;34,96458851;0,744763305
47,33900401;34,9721974;0,945856032
47,36919931;34,97980212;1,102944074
47,40286573;34,987402;1,230518027
47,4394131;34,99499647;1,336766835
47,47839309;35,0025851;1,426842506
47,51945342;35,0101675;1,504227489
47,56231028;35,01774334;1,571400145
47,60673057;35,02531236;1,630194049
47,65251993;35,03287432;1,682007422
47,69951431;35,04042901;1,727932657
47,74757386;35,04797625;1,768840279
47,79657832;35,0555159;1,80543552
47,8464236;35,06304782;1,838297679
47,89701901;35,0705719;1,867908259
47,94828513;35,07808802;1,894671565
48,00015212;35,08559611;1,918930078
48,05255831;35,09309609;1,940976149
48,10544905;35,10058788;1,961061029
48,15053184;35,10807144;1,67340123
48,18836802;35,115548;1,405734649
48,21890877;35,12301868;1,135577913
48,24209207;35,13048463;0,86255657
48,25783621;35,13794699;0,586057633
48,26602786;35,14540692;0,305024123
48,26649672;35,15286558;0,017461258
48,25895035;35,16032417;-0,281046758
48,24190053;35,16778656;0
48,21267937;35,17524896;-1,087719293
48,18356911;35,18272038;0
48,1543718;35,19019181;-1,085517228
48,12520307;35,19767683;-1,082217978
48,09604153;35,20516186;0
48,06680703;35,21265598;-1,080021293
48,03766933;35,22015009;0
47,99785389;35,2276583;-1,862005262
47,94752472;35,23517569;-2,163519426
47,88897427;35,24270262;-2,239442716
47,82829224;35,2502391;-2,236366083
47,76761661;35,25778517;-2,233025182
47,70695458;35,26534085;-2,229338762
47,64631562;35,27290614;-2,225199977
47,58571215;35,28048108;-2,220467782
47,52516051;35,28806566;-2,214955088
47,46468225;35,29565991;-2,208412201
47,40430583;35,30326382;-2,20050322
47,34406909;35,31087739;-2,190771575
47,28402259;35,31850059;-2,178588174
47,22423443;35,3261334;-2,163070319
47,16479732;35,33377577;-2,142948557
47,10583942;35,3414276;-2,116333846
47,04754161;35,34908878;-2,080275019
46,99016713;35,3567591;-2,029815161
46,93411749;35,36443828;-1,955605451
46,88005474;35,37212578;-1,835843646
46,82924775;35,37981799;-1,034089656
46,80061179;35,38751019;0
46,77197584;35,3952024;-1,034089656
46,79944476;35,40289932;0,991339282
46,84436985;35,41059172;1,622275725
46,90158895;35,41827674;2,068204283
46,96840267;35,42595238;2,41795483
47,04308514;35,43361711;2,706571487
47,12441564;35,44126967;2,952189427
47,21147584;35,44890902;3,165633361
47,30354556;35,45653429;3,353971893
47,40004284;35,46414471;3,522117029
47,50048663;35,47173964;3,673641825
47,60447219;35,47931851;3,811238129
47,71165414;35,48688083;3,936991001
47,82173433;35,49442615;4,052552285
47,93445284;35,50195411;4,159255245
48,04958127;35,50946437;4,258193011
48,16691746;35,51695663;4,35027389
48,28628144;35,52443064;4,436261371
48,40751209;35,53188617;4,516803687
48,53046456;35,53932303;4,592456095
48,65811327;35,54674105;4,779977521
48,78719599;35,55413961;4,846390429
48,91760864;35,5615186;4,90931113
49,04925611;35,56887791;4,969042894
49,18205135;35,57621747;5,025854562
49,31591443;35,58353722;5,079985512
49,45077188;35,59083709;5,131649749
49,58655594;35,59811706;5,181039307
49,72320411;35,60537709;5,228327101
49,86065855;35,61261717;5,273669318
49,99886573;35,61983729;5,317207459
50,13777598;35,62703746;5,359070063
50,27734318;35,63421767;5,399374197
50,41752445;35,64137795;5,438226735
50,55827988;35,64851833;5,475725459
50,69957227;35,65563882;5,511960025
50,84136692;35,66273947;5,547012796
50,98363146;35,66982032;5,58095958
51,12633561;35,67688141;5,613870268
51,26945107;35,68392279;5,64580941
51,41654522;35,69094452;5,81900948
51,56676749;35,69794616;5,959807192
51,71988257;35,7049274;6,092322109
51,87567901;35,71188797;6,217418168
52,03396596;35,71882764;6,33583551
52,19457037;35,72574619;6,448213291
52,3573348;35,73264346;6,555107391
52,52211548;35,73951929;6,657004356
52,6887808;35,74637355;6,754332491
52,85720986;35,75320612;6,847470806
53,02729141;35,76001692;6,936756278
53,19892279;35,76680588;7,022489815
53,37200907;35,77357293;7,104941191
53,54646234;35,78031804;7,184353152
53,72220102;35,78704118;7,26094487
53,89914927;35,79374232;7,334914855
54,07723651;35,80042146;7,406443429
54,25639694;35,8070786;7,475694839
54,43656912;35,81371376;7,542819077
54,61769566;35,82032697;7,607953441
54,79972286;35,82691824;7,671223894
54,97857525;35,83348761;7,562547181
55,15524716;35,84003562;7,494730105
55,32978111;35,84656265;7,427826283
55,50221904;35,85306909;7,361846272
55,67260236;35,85955532;7,296799811
55,84097196;35,86602169;7,23269582
56,00736819;35,87246857;7,169542411
56,17183086;35,8788963;7,10734689
56,33439928;35,88530521;7,046115768
56,49511224;35,89169562;6,985854766
56,65400799;35,89806785;6,926568825
56,81112428;35,90442221;6,868262118
56,96649835;35,910759;6,810938056
57,12016693;35,9170785;6,754599303
57,27216623;35,923381;6,699247786
57,42253195;35,92966678;6,644884708
57,57129929;35,9359361;6,591510559
57,71850296;35,94218921;6,539125137
57,86417712;35,94842638;6,487727553
58,00835548;35,95464785;6,437316257
58,1510712;35,96085385;6,387889046
58,29235696;35,96704462;6,339443085
58,42429988;35,97322039;5,934617248
58,54771015;35,97938221;5,563394153
58,56903561;35,98554704;-7,807203761
58,39576729;35,99173002;-7,704135557
58,22428283;35,99793107;-7,596732334
58,05469508;36,00415007;-7,484551921
57,88712796;36,01038689;-7,36708589
57,72171807;36,01664139;-7,24374531
57,55861662;36,02291338;-7,113842348
57,39799184;36,02920269;-6,976566124
57,24003194;36,03550908;-6,830950475
57,08494882;36,0418323;-6,675830035
56,93298286;36,04817207;-6,509779002
56,78440909;36,05452805;-6,33102346
56,63954553;36,06089987;-6,137311768
56,49876447;36,0672871;-5,925715551
56,36250851;36,07368923;-5,692309583
56,23131412;36,08010567;-5,431626024
56,10584792;36,08653574;-5,135651232
55,98696661;36,09297799;-4,564608802
55,88110376;36,0994324;-4,533420223
55,77576567;36,10589896;-4,500387161
55,67099834;36,11237765;-4,465306212
55,56685285;36,11886842;-4,427944172
55,46338612;36,12537123;-4,388032037
55,36066174;36,13188603;-4,34525739
55,25875112;36,13841277;-4,299254594
55,15773475;36,14495136;-4,249591994
55,05770386;36,15150173;-4,195754905
54,95876243;36,15806377;-4,137122592
54,86102984;36,16463735;-4,072936405
54,76464419;36,17122234;-4,002254563
54,66976685;36,17781858;-3,923886042
54,57658851;36,18442586;-3,836290415
54,48533768;36,19104396;-3,737419482
54,39629308;36,19767259;-3,624453121
54,30980241;36,20431144;-3,493327777
54,22631245;36,21096008;-3,337815485
54,1464215;36,21761799;-3,14748355
54,07098106;36,22428449;-2,902217496
54,00132956;36,23095857;-2,551463935
53,94002634;36,23763656;-1,314336447
53,90842868;36,24431456;0
53,87683103;36,25099255;-1,314336447
53,92710713;36,25767445;2,090059506
54,00278919;36,26435013;3,14916238
54,09706007;36,27101645;3,928156387
54,20616963;36,27767116;4,554402885
54,32765074;36,28431247;5,081038406
54,4597229;36,29093893;5,536396891
54,60102564;36,29754932;5,937737538
54,75047832;36,3041426;6,296504367
54,9071982;36,31071789;6,620747323
55,07044874;36,3172744;6,916381038
55,23960511;36,32381149;7,187899135
55,41413015;36,33032855;7,438807365
55,593557;36,33682509;7,67190027
55,77747618;36,34330066;7,889445505
55,96552576;36,34975488;8,093310963
56,15738372;36,35618741;8,285055045
56,35276187;36,36259796;8,465992362
56,55140105;36,36898629;8,637242595
56,75306712;36,37535218;8,799767509
56,95754773;36,38169545;8,954399445
57,16464961;36,38801595;9,101863588
57,3741963;36,39431355;9,242795581
57,58442691;36,40058814;9,306954083
57,79301689;36,40683983;9,268159294
57,99999819;36,41306896;9,229995018
58,20540216;36,41927586;9,192461439
58,40925959;36,42546085;9,155558401
58,61160069;36,43162426;9,119285425
58,81245512;36,43776639;9,083641717
59,01185199;36,44388754;9,048626182
59,20981988;36,44998801;9,014237433
59,40638684;36,45606808;8,980473802
59,6015804;36,46212803;8,947333352
59,79542758;36,46816814;8,914813888
59,98795493;36,47418867;8,882912967
60,17918849;36,48018987;8,851627907
60,36915381;36,48617201;8,820955801
60,55787598;36,49213532;8,790893524
60,74537964;36,49808005;8,761437743
60,93168896;36,50400642;8,73258493
61,11682765;36,50991468;8,704331367
61,30081901;36,51580504;8,676673161
61,4836859;36,52167771;8,649606246
61,66545073;36,52753293;8,623126401
61,84613552;36,53337088;8,597229251
62,03686463;36,53919178;9,101742445
62,22586204;36,54499478;9,046918949
62,41352929;36,55078015;9,010614566
62,60012944;36,55654813;8,986399598
62,7854423;36,56229892;8,95108703
62,96948376;36,56803273;8,915991089
63,1522694;36,57374979;8,881109322
63,33381451;36,5794503;8,846439321
63,51413405;36,58513446;8,811978726
63,69324272;36,59080249;8,777725219
63,87115491;36,59645458;8,743676526
64,04788477;36,60209093;8,709830415
64,22344616;36,60771173;8,676184695
64,39785267;36,61331716;8,642737214
64,57111767;36,6189074;8,60948586
64,74325425;36,62448265;8,576428558
64,91427528;36,63004308;8,543563269
65,08419339;36,63558885;8,510887991
65,25302097;36,64112015;8,478400757
65,42077022;36,64663714;8,446099633
65,58745309;36,65213998;8,41398272
65,75308133;36,65762883;8,382048149
65,91766649;36,66310386;8,350294085
66,0812199;36,66856522;8,318718722
66,24375272;36,67401306;8,287320285
66,4052759;36,67944753;8,256097029
66,56580022;36,68486879;8,225047237
66,72533624;36,69027697;8,194169219
66,88389439;36,69567222;8,163461315
67,0414849;36,70105469;8,132921888
67,19811782;36,70642449;8,102549332
67,35380307;36,71178179;8,072342061
67,50855036;36,7171267;8,042298519
67,66236929;36,72245936;8,012417171
67,81526926;36,72777989;7,982696507
67,96725956;36,73308843;7,953135041
68,11834931;36,7383851;7,923731307
68,26854747;36,74367002;7,894483866
68,4178629;36,74894331;7,865391297
68,56630428;36,75420509;7,836452201
68,71388018;36,75945548;7,8076652
68,86064294;36,7646946;7,78135704
69,00662884;36,76992255;7,7566999
69,15184496;36,77513944;7,732156546
69,29629827;36,78034538;7,707726053
69,43999564;36,78554046;7,68340751
69,58294386;36,79072479;7,659200017
69,72514958;36,79589847;7,635102687
69,86661941;36,8010616;7,611114645
70,00735982;36,80621428;7,587235027
70,14737721;36,81135659;7,563462983
70,28667789;36,81648865;7,53979767
70,4252681;36,82161053;7,51623826
70,56315395;36,82672233;7,492783934
70,7003415;36,83182414;7,469433883
70,83683672;36,83691605;7,446187311
70,9726455;36,84199816;7,423043429
71,10777364;36,84707053;7,400001462
71,24222688;36,85213327;7,37706064
71,37601087;36,85718645;7,354220207
71,50913119;36,86223016;7,331479415
71,64159334;36,86726449;7,308837524
71,77340276;36,8722895;7,286293804
71,90456481;36,87730529;7,263847537
72,03508478;36,88231192;7,241498008
72,16496789;36,88730949;7,219244516
72,2942193;36,89229806;7,197086366
72,4228441;36,89727771;7,175022871
72,55084732;36,90224852;7,153053354
72,67823392;36,90721055;7,131177144
72,80500879;36,91216389;7,109393581
72,93117678;36,91710861;7,087702009
73,05674267;36,92204477;7,066101783
73,18171117;36,92697245;7,044592263
73,30608695;36,93189171;7,023172819
73,4298746;36,93680262;7,001842825
73,55307867;36,94170526;6,980601666
73,67570366;36,94659968;6,959448731
73,797754;36,95148596;6,938383417
73,91923408;36,95636416;6,917405129
74,04014823;36,96123434;6,896513276
74,16050073;36,96609657;6,875707277
74,2802958;36,9709509;6,854986554
74,39953763;36,97579741;6,834350539
74,51823034;36,98063615;6,813798666
74,63637803;36,98546718;6,793330379
74,75398471;36,99029057;6,772945127
74,87105438;36,99510636;6,752642364
74,98758981;36,99991463;6,732353497
75,10357796;37,00471543;6,71116665
75,21902291;37,00950881;6,69006874
75,3339287;37,01429483;6,669059177
75,44829929;37,01907355;6,648137374
75,56213862;37,02384503;6,627302751
75,6754506;37,02860932;6,606554734
75,78823905;37,03336648;6,585892757
75,90050779;37,03811656;6,565316257
76,01226057;37,04285961;6,544824679
76,12350111;37,04759569;6,524417474
76,23423309;37,05232484;6,504094097
76,34446014;37,05704713;6,48385401
76,45418586;37,0617626;6,463696681
76,56341381;37,0664713;6,443621582
76,67214749;37,07117329;6,423628191
76,78039039;37,0758686;6,403715993
76,88814596;37,0805573;6,383884475
76,99541759;37,08523943;6,364133133
77,10220864;37,08991503;6,344461464
77,20852246;37,09458416;6,324868973
77,31436234;37,09924686;6,305355169
77,41973153;37,10390317;6,285919567
77,52463326;37,10855315;6,266561684
77,62907072;37,11319683;6,247281044
77,73304708;37,11783427;6,228077176
77,83656546;37,12246551;6,208949613
77,93962894;37,12709058;6,18989789
78,0422406;37,13170954;6,170921551
78,14440345;37,13632243;6,152020142
78,2461205;37,14092928;6,133193212
78,34739472;37,14553015;6,114440318
78,44822904;37,15012507;6,095761018
78,54862637;37,15471408;6,077154875
78,64858959;37,15929723;6,058621457
78,74812154;37,16387456;6,040160334
78,84722505;37,16844609;6,021771084
78,94590291;37,17301188;6,003453284
79,04415789;37,17757197;5,985206519
79,14199271;37,18212639;5,967030376
79,2394101;37,18667517;5,948924444
79,33641273;37,19121837;5,93088832
79,43300326;37,195756;5,912921601
79,52918433;37,20028813;5,89502389
79,62495854;37,20481477;5,877194792
79,72032846;37,20933596;5,859433916
79,81529666;37,21385175;5,841740875
79,90986567;37,21836216;5,824115285
80,00403799;37,22286724;5,806556766
80,09781611;37,22736701;5,789064941
80,19120249;37,23186152;5,771639435
80,28419955;37,23635079;5,754279879
80,37680973;37,24083486;5,736985905
80,41979554;37,24532185;-11,62886467
80,23195256;37,24981931;-11,53560559
80,04518123;37,25432722;-11,44106518
79,85950992;37,25884558;-11,34516635
79,67496845;37,26337436;-11,24782633
79,49158825;37,26791355;-11,1489562
79,30940245;37,27246311;-11,04846016
79,12844598;37,27702303;-10,94623484
78,94875575;37,28159328;-10,84216848
78,77037077;37,28617382;-10,73613991
78,59333238;37,29076462;-10,62801754
78,41768436;37,29536564;-10,51765802
78,24347322;37,29997684;-10,40490481
78,07074839;37,30459818;-10,28958647
77,89956253;37,3092296;-10,17151463
77,72997179;37,31387104;-10,05048168
77,56203623;37,31852246;-9,926257914
77,39582015;37,32318357;-9,594613531
77,23482257;37,32785434;-9,498450281
77,07510834;37,33253472;-9,400049435
76,91672323;37,33722468;-9,299249511
76,75971603;37,34192417;-9,195872754
76,60413892;37,34663312;-9,08972281
76,4500477;37,3513515;-8,980581961
76,29750229;37,35607922;-8,868207816
76,14656709;37,36081623;-8,752329312
75,99731156;37,36556245;-8,632641856
75,84981081;37,37031781;-8,508801345
75,70414631;37,37508221;-8,380416764
75,56040675;37,37985556;-8,247040903
75,41868902;37,38463776;-8,10815857
75,2790995;37,38942871;-7,963171454
75,14175549;37,39422827;-7,811378348
75,00678708;37,39903633;-7,651948912
74,87433949;37,40385273;-7,483888166
74,74457598;37,40867733;-7,305987362
74,61768166;37,41350994;-7,116754272
74,4938686;37,41835038;-6,914311225
74,37338266;37,42319844;-6,696240537
74,25651308;37,42805388;-6,459339776
74,14360645;37,43291644;-6,199212756
74,03508791;37,43778581;-5,909537167
73,93149525;37,44266165;-5,58062736
73,83353851;37,44754352;-5,196226921
73,74221619;37,4524309;-4,724792599
73,65908549;37,45732306;-4,085638509
73,58713014;37,46221791;-2,29426988
73,54670177;37,46711276;0
73,50627339;37,47200761;-2,29426988
73,50540721;37,47690515;-0,049127731
73,51608021;37,48180275;0,605341964
73,53556075;37,48669963;1,105040737
73,56230881;37,49159522;1,517695496
73,5953;37,49648903;1,872614703
73,63378942;37,50138065;2,185679297
73,67720398;37,50626971;2,466650006
73,72508529;37,51115589;2,72203757
73,77705607;37,5160389;2,956443123
73,83279896;37,52091846;3,173261359
73,89204236;37,52579434;3,375081883
73,95455055;37,53066632;3,563933502
74,02011659;37,53553417;3,741440658
74,08855705;37,54039771;3,908927822
74,15970797;37,54525676;4,067491561
74,23342179;37,55011115;4,218051753
74,30956485;37,55496072;4,361388876
74,38801546;37,55980532;4,498171748
74,46866227;37,56464481;4,628978548
74,55140297;37,56947905;4,754313002
74,63614321;37,57430794;4,874617037
74,72279565;37,57913134;4,990280792
74,81127921;37,58394914;5,101650644
74,90151842;37,58876125;5,209035701
74,99344281;37,59356756;5,312713103
75,08698646;37,59836798;5,4129324
75,18208756;37,60316242;5,509919188
75,27868804;37,6079508;5,603878148
75,37673325;37,61273303;5,694995615
75,47633102;37,61750904;5,792712205
75,57696718;37,62227874;5,860839668
75,67860953;37,6270421;5,927330164
75,78122735;37,63179906;5,992263825
75,88479135;37,63654958;6,05571545
75,98927355;37,64129361;6,117754969
76,09464722;37,64603112;6,178447863
76,20088677;37,65076207;6,237855532
76,3079677;37,65548643;6,296035629
76,41586657;37,66020415;6,353042359
76,52456086;37,66491521;6,40892675
76,63347022;37,66961959;6,430741014
76,74188755;37,67431727;6,410799951
76,84981633;37,67900832;6,390939751
76,95725996;37,68369278;6,371159906
77,06422182;37,6883707;6,351459913
77,17070527;37,69304213;6,331839273
77,2767136;37,69770712;6,312297495
77,38225008;37,7023657;6,292834091
77,48731797;37,70701793;6,273448577
77,59192045;37,71166385;6,254140476
77,69606071;37,71630351;6,234909313
77,79974187;37,72093695;6,215754621
77,90296705;37,72556421;6,196675935
78,00573931;37,73018535;6,177672795
78,10806169;37,73480039;6,158744745
78,20993721;37,73940939;6,139891336
78,31136884;37,74401239;6,121112119
78,41235953;37,74860942;6,102406653
78,51291219;37,75320053;6,083774499
78,61302972;37,75778577;6,065215224
78,71271498;37,76236516;6,046728397
78,81197079;37,76693875;6,028313592
78,91079996;37,77150659;6,009970388
79,00920526;37,7760687;5,991698366
79,10718944;37,78062513;5,973497112
79,20475522;37,78517592;5,955366216
79,30190529;37,7897211;5,937305271
79,39864232;37,79426071;5,919313874
79,49496895;37,7987948;5,901391626
79,5908878;37,80332338;5,883538131
79,68640144;37,80784652;5,865752997
79,78151246;37,81236422;5,848035836
79,87622338;37,81687655;5,830386262
79,97053672;37,82138352;5,812803894
80,06445498;37,82588518;5,795288354
80,15798063;37,83038156;5,777839266
80,2511161;37,83487269;5,760456259
80,34386382;37,83935861;5,743138965
80,43622619;37,84383935;5,725887018
80,52820558;37,84831494;5,708700057
80,61980435;37,85278543;5,691577722
80,71102484;37,85725083;5,674519658
80,80186934;37,86171119;5,657525513
80,89172591;37,86616653;5,602298414
80,98033458;37,87061692;5,530639175
81,06770229;37,87506245;5,459156319
81,15708382;37,87950318;5,591014858
81,24609787;37,88393902;5,574167278
81,33474502;37,88837;5,557280069
81,42302748;37,89279616;5,5404563
81,51094745;37,89721751;5,523695628
81,59850708;37,90163409;5,506997712
81,68570855;37,90604594;5,490362214
81,77255398;37,91045308;5,473788799
81,85904548;37,91485553;5,457277134
81,94518516;37,91925333;5,440826891
82,03097508;37,92364651;5,424437742
82,11641732;37,9280351;5,408109362
82,2015139;37,93241912;5,391841431
82,28626685;37,9367986;5,375633629
82,37067819;37,94117357;5,35948564
82,45477906;37,94554406;5,345251372
82,53858056;37,94991009;5,33166248
82,62209205;37,95427169;5,31861063
82,70533099;37,95862887;5,306616785
82,78829873;37,96298168;5,294656649
82,87099663;37,96733012;5,28273008
82,95342601;37,97167422;5,270836938
83,03558819;37,976014;5,258977085
83,11748448;37,98034949;5,247150381
83,19911619;37,98468071;5,23535669
83,28048461;37,98900768;5,223595874
83,36159101;37,99333042;5,211867799
83,44243668;37,99764896;5,20017233
83,52302287;38,00196331;5,188509334
83,60335083;38,0062735;5,176878677
83,68342183;38,01057955;5,165280227
83,76323707;38,01488147;5,153713854
83,84279781;38,0191793;5,142179426
83,92210524;38,02347305;5,130676816
84,00116059;38,02776274;5,119205894
84,07996504;38,0320484;5,107766533
84,15851979;38,03633004;5,096358606
84,23682602;38,04060768;5,084981986
84,31488491;38,04488134;5,073636549
84,28484211;38,04916829;-20,01712089
83,97591797;38,05347092;-19,76251137
83,66980737;38,05778919;-19,49932772
83,36667511;38,06212305;-19,22669662
83,06670173;38,06647245;-18,94362624
82,77008564;38,0708373;-18,64898417
82,47704552;38,07521751;-18,34147008
82,18782329;38,07961297;-18,01958111
81,90268763;38,08402355;-17,68156796
81,6219382;38,0884491;-17,32537784
81,34591093;38,09288943;-16,94857976
81,07498446;38,09734435;-16,54826442
80,80958835;38,10181361;-16,12090755
80,55021354;38,10629694;-15,66217863
80,29742607;38,11079403;-15,16666566
80,05188533;38,11530449;-14,62746517
79,81436927;38,11982791;-14,03554643
79,58581008;38,12436378;-13,37871389
79,36734728;38,12891151;-12,63980181
79,16041072;38,1334712;-12,65104734
78,95274527;38,13804282;-12,51885843
78,74671202;38,14262633;-12,38414347
78,54236562;38,1472217;-12,24672437
78,33976411;38,15182888;-12,10640649
78,13896925;38,15644781;-11,96297651
77,9400469;38,16107845;-11,81619987
77,74306734;38,16572073;-11,6658178
77,54810578;38,17037458;-11,51154382
77,35524282;38,17503994;-11,35305946
77,16456508;38,17971671;-11,19000924
76,97616583;38,18440481;-11,0219945
76,7901458;38,18910414;-10,84856583
76,60661411;38,1938146;-10,66921385
76,42568933;38,19853607;-10,48335753
76,24750079;38,20326841;-10,29032959
76,07219011;38,2080115;-10,08935775
75,89991313;38,21276518;-9,879540464
75,73084219;38,21752928;-9,659814844
75,56516904;38,22230362;-9,428913673
75,40310845;38,227088;-9,185306394
75,24490296;38,23188219;-8,92711621
75,09082898;38,23668596;-8,652000212
74,94120512;38,24149902;-8,356970124
74,7964036;38,24632108;-8,038113096
74,6568666;38,2511518;-7,690134462
74,52313075;38,25599078;-7,305559935
74,39586554;38,26083757;-6,873223152
74,27593845;38,26569164;-6,37505215
74,16453659;38,2705526;-6,008330999
74,05939399;38,27542044;-5,966587795
73,95483426;38,28029513;-5,923384794
73,85088551;38,28517664;-5,878605808
73,74757808;38,29006496;-5,83212172
73,6449447;38,29496006;-5,783788472
73,54302082;38,29986189;-5,733444624
73,44184493;38,30477044;-5,680908384
73,3414589;38,30968566;-5,625973963
73,24190849;38,31460751;-5,56840705
73,1432438;38,31953594;-5,507939126
73,04551996;38,32447091;-5,44426026
72,94879785;38,32941236;-5,377009828
72,85314509;38,33436022;-5,305764399
72,75863712;38,33931444;-5,23002164
72,66535873;38,34427494;-5,149178529
72,57340582;38,34924163;-5,062501199
72,48288789;38,35421442;-4,969082126
72,39393111;38,35919321;-4,867777496
72,30668275;38,36417789;-4,757112258
72,22131713;38,36916832;-4,635129803
72,13804445;38,37416436;-4,499140866
72,05712412;38,37916582;-4,345274299
71,97888624;38,38417252;-4,167596858
71,9037691;38,38918418;-3,956153917
71,83239217;38,3942005;-3,691669549
71,7657252;38,39922103;-3,325155853
71,70562668;38,40424433;-2,187353917
71,66607085;38,40926763;0
71,62651504;38,41429092;-2,187353033
71,60212507;38,419317;-1,347969712
71,58631508;38,42434478;-0,873478661
71,57594624;38,42937367;-0,572736891
71,56971648;38,4344033;-0,344059844
71,56686224;38,43943336;-0,157621254
71,56686757;38,44446362;0,000294651
71,56935482;38,44949388;0,137349439
71,57403288;38,45452396;0,258337634
71,58066905;38,45955372;0,366494601
71,58907223;38,46458301;0,464124682
71,59908223;38,46961171;0,552937213
71,6105625;38,47463971;0,634241074
71,62339506;38,4796669;0,709064408
71,6374769;38,48469319;0,778231933
71,65271713;38,48971849;0,842416879
71,66903503;38,49474273;0,902177039
71,68635831;38,49976582;0,957980501
71,70462191;38,50478769;1,010224452
71,72376693;38,50980829;1,059249203
71,74373984;38,51482755;1,105348845
71,76449173;38,51984541;1,148779472
71,78597779;38,52486182;1,189765618
71,80815682;38,52987672;1,228505358
71,8309908;38,53489008;1,265174401
71,85444458;38,53990184;1,299929401
71,87848557;38,54491197;1,332910669
71,90308349;38,54992043;1,364244412
71,92821011;38,55492717;1,394044584
71,95756834;38,55993216;1,629386503
71,99179634;38,5649351;1,900434951
72,03039193;38,56993567;2,143955158
72,072951;38,57493356;2,365390488
72,11913949;38,5799285;2,568627091
72,16867549;38,58492024;2,756554241
72,22131717;38,58990856;2,931389188
72,27685425;38,59489323;3,094877313
72,33510187;38,59987408;3,248421542
72,39589597;38,60485092;3,393169394
72,45908982;38,60982358;3,530073481
72,52455124;38,6147919;3,659934728
72,59216049;38,61975573;3,783434006
72,66180848;38,62471495;3,901155751
72,73339538;38,62966941;4,013605925
72,80682944;38,63461899;4,1212259
72,88202605;38,63956358;4,224403328
72,95890688;38,64450307;4,323480774
73,03739924;38,64943736;4,418762645
73,11743543;38,65436634;4,510520805
73,19895228;38,65928992;4,598999178
73,28189069;38,66420803;4,684417543
73,36619527;38,66912056;4,766974697
73,45181398;38,67402746;4,846851101
73,53869785;38,67892863;4,924211118
73,62680071;38,68382401;4,99920491
73,73471135;38,68871353;6,130489987
73,85648578;38,6935959;6,928242499
73,97769204;38,69847022;6,907306023
74,09833444;38,70333655;6,8864557
74,21841724;38,70819496;6,865690951
74,33794464;38,71304551;6,845011202
74,4569208;38,71788826;6,824415888
74,57534982;38,72272327;6,803904447
74,69323576;38,7275506;6,783476325
74,81058264;38,73237031;6,763130973
74,92739441;38,73718247;6,742867849
75,04366506;38,74198712;6,722111866
75,15939041;38,74678433;6,700968039
75,27457452;38,75157415;6,679912863
75,38922138;38,75635664;6,658945749
75,50333495;38,76113186;6,638066114
75,61691916;38,76589986;6,617273382
75,72997786;38,7706607;6,596566982
75,84251489;38,77541443;6,575946349
75,95453402;38,78016111;6,555410924
76,06603899;38,78490078;6,534960155
76,17703351;38,78963351;6,514593496
76,28752122;38,79435935;6,494310404
76,39750575;38,79907834;6,474110345
76,50699067;38,80379053;6,453992787
76,61597951;38,80849598;6,433957208
76,72447578;38,81319474;6,414003087
76,83248294;38,81788686;6,39412991
76,9400044;38,82257238;6,374337169
77,04704356;38,82725135;6,354624361
77,15360376;38,83192382;6,334990986
77,25968831;38,83658983;6,315436552
77,3653005;38,84124944;6,29596057
77,47044357;38,84590269;6,276562556
77,57512073;38,85054962;6,25724203
77,67933515;38,85519029;6,23799852
77,78308997;38,85982473;6,218831555
77,88638831;38,86445298;6,19974067
77,98923324;38,8690751;6,180725405
78,0916278;38,87369112;6,161785304
78,19357502;38,87830109;6,142919915
78,29507787;38,88290505;6,12412879
78,39613931;38,88750304;6,105411487
78,49676226;38,8920951;6,086767566
78,59694962;38,89668128;6,068196593
78,69670423;38,90126161;6,049698138
78,79602896;38,90583613;6,031271773
78,89492659;38,91040489;6,012917077
78,9933999;38,91496792;5,994633629
79,09145166;38,91952526;5,976421016
79,18908458;38,92407696;5,958278827
79,28630136;38,92862304;5,940206654
79,38310467;38,93316354;5,922204093
79,47949716;38,93769851;5,904270745
79,57548144;38,94222798;5,886406214
79,67106011;38,94675199;5,868610107
79,76623574;38,95127057;5,850882035
79,86101087;38,95578376;5,833221612
79,95538801;38,96029159;5,815628456
80,04936968;38,9647941;5,798102188
80,14295833;38,96929133;5,780642433
80,23615642;38,9737833;5,763248818
80,32896637;38,97827005;5,745920975
80,42139058;38,98275163;5,728658538
80,51343144;38,98722805;5,711461145
80,60509129;38,99169935;5,694328436
80,69637249;38,99616557;5,677260054
80,78727733;39,00062674;5,660255647
80,87780812;39,00508288;5,643314865
80,96796713;39,00953404;5,62643736
81,0577566;39,01398025;5,609622788
81,14717878;39,01842152;5,592870809
81,2362337;39,02285791;5,576046021
81,32492147;39,02728943;5,559151747
81,41324431;39,03171611;5,542320952
81,50120441;39,036138;5,525553291
81,58880394;39,04055511;5,508848425
81,67604507;39,04496748;5,492206014
81,76292992;39,04937514;5,475625723
81,84946061;39,05377811;5,459107219
81,93563924;39,05817643;5,442650173
82,0214679;39,06257012;5,426254257
82,10694863;39,06695922;5,409919147
82,19208349;39,07134374;5,393644521
82,27687449;39,07572373;5,377430059
82,36132365;39,0800992;5,361275445
82,44545785;39,08447018;5,346762522
82,52929251;39,0888367;5,333168859
82,61283434;39,09319879;5,319944234
82,69610347;39,09755647;5,307946638
82,77910126;39,10190976;5,295982767
82,86182904;39,10625868;5,284052478
82,94428817;39,11060326;5,272155633
83,02647994;39,11494352;5,26029209
83,10840569;39,11927949;5,248461713
83,19006671;39,12361118;5,236664363
83,27146429;39,12793862;5,224899905
83,35259972;39,13226183;5,213168202
83,43347427;39,13658083;5,20146912
83,51408921;39,14089565;5,189802525
83,59444578;39,1452063;5,178168284
83,67454524;39,1495128;5,166566265
83,75438882;39,15381519;5,154996337
83,83397775;39,15811347;5,14345837
83,91331324;39,16240767;5,131952234
83,99239651;39,16669781;5,1204778
84,07122876;39,17098392;5,109034942
84,14981117;39,175266;5,097623531
84,22814494;39,17954408;5,086243442
84,30623123;39,18381819;5,074894549
84,38407121;39,18808834;5,063576728
84,46166604;39,19235454;5,052289856
84,53901687;39,19661683;5,041033808
84,61612483;39,20087522;5,029808464
84,69299107;39,20512973;5,018613701
84,76961671;39,20938038;5,0074494
84,78036367;39,21364185;-19,72588685
84,47774254;39,21791859;-19,581628
84,1762586;39,22221065;-19,43630802
83,8759406;39,22651806;-19,289852
83,5768188;39,23084088;-19,14218028
83,27892512;39,23517916;-18,99320805
82,98229319;39,23953293;-18,84284491
82,68695851;39,24390224;-18,69099437
82,39295852;39,24828711;-18,53755329
82,1003328;39,2526876;-18,3824113
81,80912316;39,25710373;-18,2254501
81,51937384;39,26153553;-18,0665427
81,23113165;39,26598302;-17,90555255
80,94444618;39,27044624;-17,74233262
80,65937003;39,27492519;-17,57672427
80,37595898;39,27941989;-17,40855607
80,09427232;39,28393036;-17,23764234
79,81437305;39,28845659;-17,06378163
79,53632827;39,29299859;-16,88675489
79,26020946;39,29755636;-16,70632335
78,98609292;39,30212987;-16,52222614
78,71406013;39,30671912;-16,33417755
78,44419831;39,31132408;-16,14186372
78,17660091;39,31594471;-15,94493891
77,91136823;39,32058099;-15,74302105
77,64860814;39,32523284;-15,53568643
77,38843685;39,32990023;-15,3224635
77,13097982;39,33458307;-15,09902522
76,87643711;39,33928139;-14,97516107
76,623148;39,34399521;-14,84986378
76,37114939;39,34872455;-14,72303953
76,1204802;39,35346944;-14,59458779
75,87118152;39,35822988;-14,46440064
75,62329675;39,36300588;-14,33236202
75,37687181;39,36779745;-14,19834694
75,13195528;39,37260459;-14,0622205
74,88859864;39,3774273;-13,92383683
74,64685648;39,38226556;-13,7830379
74,40678675;39,38711938;-13,63965211
74,16845106;39,39198872;-13,49349268
73,93191496;39,39687357;-13,34435582
73,69724833;39,4017739;-13,1920186
73,46452572;39,40668966;-13,03623645
73,23382683;39,41162081;-12,87674027
73,00523699;39,41656731;-12,71323297
72,77884772;39,42152907;-12,54538548
72,55475739;39,42650605;-12,37283183
72,33307194;39,43149815;-12,19516342
72,11390572;39,43650529;-12,01192199
71,89738253;39,44152736;-11,82259102
71,6836367;39,44656424;-11,62658521
71,47281453;39,4516158;-11,42323741
71,26507581;39,4566819;-11,21178204
71,06059582;39,46176237;-10,99133417
70,85956765;39,46685703;-10,76086232
70,66220504;39,47196568;-10,5191529
70,46874591;39,47708809;-10,26476264
70,27945685;39,482224;-9,995953784
70,09463878;39,48737351;-9,980509405
69,90961788;39,49253657;-9,873538064
69,72609828;39,49771313;-9,763899097
69,54414172;39,50290316;-9,651387803
69,36381428;39,50810659;-9,53577782
69,18518691;39,51332335;-9,416817902
69,00833587;39,51855337;-9,294228055
68,83334336;39,52379657;-9,167694877
68,6602982;39,52905287;-9,036865885
68,48929661;39,53432216;-8,901342553
68,3204432;39,53960432;-8,760671677
68,15385202;39,54489925;-8,614334562
67,98964794;39,55020679;-8,461733297
67,82796823;39,55552681;-8,302173123
67,66896452;39,56085913;-8,134839427
67,51280523;39,56620357;-7,958767214
67,35967858;39,57155994;-7,772799822
67,20979643;39,57692799;-7,575531831
67,0633993;39,58230749;-7,365228082
66,92076291;39,58769814;-7,13970531
66,78220718;39,59309965;-6,896152787
66,64810864;39,59851164;-6,63084853
66,51891863;39,60393372;-6,338685283
66,39519075;39,60936542;-6,01232229
66,27762513;39,61480619;-5,640521776
66,16714559;39,62025536;-5,204439015
66,06504996;39,62571211;-4,667547959
65,97335928;39,63117527;-3,93654124
65,89593785;39,63664149;-1,874693995
65,85904689;39,64210771;0
65,82215593;39,64757393;-1,874693995
65,82198302;39,65304321;-0,00878215
65,83068678;39,65851251;0,442051418
65,84621277;39,66398108;0,788647337
65,8673546;39,66944837;1,074158621
65,89329505;39,6749139;1,318386398
65,92343423;39,68037727;1,532383944
65,95730831;39,68583815;1,723067835
65,9945454;39,69129623;1,895106517
66,03483914;39,69675123;2,051826331
66,07793187;39,70220289;2,195695883
66,12360331;39,70765101;2,328606408
66,17166254;39,71309536;2,452044264
66,22194228;39,71853575;2,567202339
66,27429458;39,72397202;2,675054898
66,32858753;39,72940399;2,776409546
66,3847027;39,73483151;2,871944328
66,44253313;39,74025445;2,962234844
66,50198174;39,74567266;3,047774491
66,56295993;39,75108604;3,128989834
66,62538659;39,75649445;3,206252479
66,68918713;39,76189779;3,279888369
66,63410945;39,76731271;-7,751118483
66,48301146;39,7727405;-8,068954376
66,32534375;39,77818174;-8,372120855
66,16134666;39,78363701;-8,662144705
65,99123103;39,78910631;-8,597369611
65,8219533;39,79458959;-8,500618641
65,65415277;39,80008679;-8,400863326
65,4879004;39,80559784;-8,297850446
65,32327279;39,81112268;-8,191296362
65,16035286;39,8166612;-8,080881831
64,9992306;39,82221333;-7,966245647
64,84000398;39,82777895;-7,84697675
64,68278004;39,83335796;-7,722604335
64,52767612;39,8389502;-7,592585306
64,37482148;39,84455555;-7,456288144
64,22435911;39,85017384;-7,312971854
64,0764481;39,85580489;-7,161758028
63,93126659;39,8614485;-7,001593047
63,78901538;39,86710443;-6,831195804
63,64992283;39,87277245;-6,648983547
63,51425119;39,87845227;-6,452963453
63,38230521;39,88414357;-6,240568339
63,25444421;39,88984599;-6,008396683
63,13109958;39,89555912;-5,751778422
63,01280131;39,90128247;-5,463998062
62,90022076;39,90701548;-5,13477156
62,79424507;39,91275746;-4,746851368
62,69612226;39,91850754;-4,266816787
62,60779789;39,9242645;-3,609406247
62,53299273;39,93002472;-1,705775188
62,49762043;39,93578494;0
62,46224813;39,94154516;-1,705775188
62,48890629;39,94730864;1,284821809
62,53818843;39,95306966;2,376224541
62,60387778;39,95882615;3,169824757
62,68271515;39,96457659;3,80827552
62,77259945;39,9703198;4,347370217
62,87202959;39,97605478;4,815963371
62,97986432;39,9817807;5,231318086
63,09519889;39,98749681;5,604749555
63,21729417;39,99320248;5,944156158
63,34553256;39,99889712;6,255311475
63,47938877;40,00458024;6,542587449
63,61840976;40,01025137;6,80938818
63,76220019;40,01591011;7,058424641
63,91041179;40,02155609;7,291896397
64,06273524;40,02718897;7,511616207
64,2188939;40,03280846;7,719098064
64,37863887;40,03841429;7,915621021
64,54174499;40,04400621;8,102276482
64,7080077;40,04958399;8,280003932
64,87724031;40,05514745;8,449618376
65,04739681;40,06069639;8,517965835
65,21646011;40,06623081;8,485437941
65,38444244;40,07175089;8,453096575
65,55135581;40,07725679;8,420939829
65,71721203;40,08274867;8,388965828
65,88202267;40,08822668;8,35717273
66,04579913;40,093691;8,325558722
66,20855258;40,09914176;8,294122024
66,37029404;40,10457912;8,262860883
66,5310343;40,11000324;8,231773575
66,690784;40,11541425;8,200858407
66,84955357;40,12081229;8,17011371
67,0073533;40,12619752;8,139537844
67,16419327;40,13157006;8,109129195
67,32008342;40,13693006;8,078886174
67,47503353;40,14227765;8,048807217
67,6290532;40,14761296;8,018890785
67,78215189;40,15293611;7,989135364
67,9343389;40,15824725;7,95953946
68,08562339;40,16354648;7,930101606
68,23601436;40,16883394;7,900820355
68,38552069;40,17410975;7,871694282
68,53415109;40,17937402;7,842721984
68,68191417;40,18462687;7,81390208
68,82884654;40,18986843;7,786725309
68,97500049;40,19509879;7,762043342
69,12038314;40,20031808;7,737475364
69,26500147;40,20552638;7,713020447
69,40886238;40,21072381;7,688677676
69,55197267;40,21591047;7,664446149
69,69433903;40,22108645;7,640324977
69,83596806;40,22625187;7,616313282
69,97686628;40,2314068;7,592410198
70,11704011;40,23655136;7,568614871
70,25649586;40,24168563;7,544926457
70,39523979;40,24680971;7,521344125
70,53327804;40,2519237;7,497867054
70,67061668;40,25702767;7,474494433
70,80726171;40,26212173;7,451225462
70,94321902;40,26720595;7,428059353
71,07849444;40,27228043;7,404995325
71,21309372;40,27734525;7,382032609
71,34702253;40,2824005;7,359170445
71,48028646;40,28744626;7,336408083
71,61289104;40,29248262;7,313744783
71,74484171;40,29750965;7,291179812
71,87614385;40,30252743;7,268712448
72,00680277;40,30753604;7,246341977
72,13682371;40,31253557;7,224067694
72,26621183;40,31752609;7,201888904
72,39497224;40,32250767;7,179804917
72,52310998;40,32748039;7,157815054
72,65063003;40,33244433;7,135918643
72,7775373;40,33739955;7,114115022
72,90383664;40,34234613;7,092403534
73,02953284;40,34728414;7,070783531
73,15463064;40,35221365;7,049254372
73,2791347;40,35713474;7,027815426
73,40304965;40,36204746;7,006466065
73,52638004;40,36695189;6,985205671
73,64913037;40,37184809;6,964033634
73,7713051;40,37673613;6,942949349
73,89290861;40,38161608;6,921952217
74,01394526;40,38648799;6,901041649
74,13441933;40,39135194;6,88021706
74,25433507;40,39620798;6,859477872
74,37369665;40,40105618;6,838823514
74,49250823;40,40589661;6,818253421
74,6107739;40,41072931;6,797767035
74,72849769;40,41555435;6,777363802
74,84568362;40,42037179;6,757043176
74,96233562;40,42518168;6,736804617
75,07844224;40,42998409;6,715758917
75,19400478;40,43477908;6,694641749
75,30902728;40,43956669;6,673613055
75,42351373;40,444347;6,652672248
75,53746808;40,44912005;6,631818746
75,65089422;40,45388589;6,611051975
75,76379601;40,45864459;6,590371366
75,87617726;40,4633962;6,569776356
75,98804174;40,46814078;6,549266387
76,09939318;40,47287836;6,52884091
76,21023526;40,47760902;6,508499379
76,32057163;40,48233279;6,488241255
76,43040589;40,48704974;6,468066004
76,53974161;40,49175991;6,447973096
76,6485823;40,49646335;6,42796201
76,75693147;40,50116011;6,408032228
76,86479255;40,50585024;6,388183237
76,97216895;40,51053378;6,36841453
77,07906406;40,5152108;6,348725606
77,18548121;40,51988133;6,329115967
77,2914237;40,52454542;6,309585121
77,39689481;40,52920311;6,290132581
77,50189776;40,53385446;6,270757866
77,60643575;40,53849951;6,251460496
77,71051195;40,5431383;6,23224
77,81412949;40,54777088;6,213095909
77,91729148;40,55239729;6,19402776
78,02000097;40,55701757;6,175035094
78,12226101;40,56163177;6,156117455
78,2240746;40,56623994;6,137274393
78,32544471;40,5708421;6,118505463
78,42637428;40,57543831;6,099810222
78,52686624;40,5800286;6,081188233
78,62692347;40,58461302;6,062639062
78,72654881;40,5891916;6,04416228
78,8257451;40,59376439;6,025757461
78,92451514;40,59833143;6,007424185
79,02286169;40,60289275;5,989162033
79,1207875;40,60744839;5,970970591
79,21829529;40,6119984;5,952849451
79,31538774;40,6165428;5,934798205
79,41206752;40,62108164;5,916816452
79,50833726;40,62561496;5,898903792
79,60419958;40,63014279;5,881059831
79,69965706;40,63466516;5,863284176
79,79471226;40,63918212;5,84557644
79,88936773;40,6436937;5,827936239
79,98362596;40,64819993;5,81036319
80,07748945;40,65270085;5,792856917
80,17096067;40,6571965;5,775417044
80,26404206;40,6616869;5,758043201
80,35673602;40,6661721;5,74073502
80,44904497;40,67065212;5,723492135
80,54097127;40,675127;5,706314186
80,63251728;40,67959678;5,689200814
80,72368532;40,68406148;5,672151663
80,8144777;40,68852113;5,655166381
80,90489671;40,69297578;5,63824462
80,99494461;40,69742545;5,621386033
81,08462366;40,70187017;5,604590276
81,17393606;40,70630998;5,587857008
81,26288059;40,7107449;5,57097065
81,35145865;40,71517497;5,554095457
81,43967243;40,71960021;5,53728364
81,52752412;40,72402066;5,520534855
81,6150159;40,72843635;5,503848762
81,70214991;40,7328473;5,487225024
81,78892828;40,73725355;5,470663305
81,87535313;40,74165512;5,454163275
81,96142654;40,74605205;5,437724603
82,04715059;40,75044436;5,421346965
82,13252734;40,75483208;5,405030035
82,21755882;40,75921524;5,388773492
82,30224706;40,76359387;5,372577019
82,38659404;40,76796799;5,3564403
82,47063822;40,77233763;5,342680137
82,55438333;40,77670282;5,329099359
82,63784321;40,78106358;5,316341469
82,72103079;40,78541994;5,304354005
82,80394744;40,78977192;5,292400223
82,88659449;40,79411954;5,280479982
82,96897328;40,79846282;5,268593142
83,05108511;40,80280179;5,256739563
83,1329313;40,80713647;5,244919109
83,21451316;40,81146689;5,233131641
83,29583196;40,81579305;5,221377023
83,37688899;40,820115;5,20965512
83,45768553;40,82443274;5,197965798
83,53822282;40,82874631;5,186308923
83,61850213;40,83305571;5,174684362
83,6985247;40,83736098;5,163091984
83,77829176;40,84166213;5,151531658
83,85780453;40,84595918;5,140003253
83,93706423;40,85025217;5,128506641
84,01607207;40,85454109;5,117041694
84,09482925;40,85882599;5,105608282
84,17333694;40,86310687;5,094206281
84,25159634;40,86738376;5,082835564
84,32960862;40,87165667;5,071496006
84,40737493;40,87592564;5,060187482
84,48489645;40,88019067;5,04890987
84,5621743;40,88445178;5,037663046
84,63920963;40,88870901;5,026446889
84,71600357;40,89296235;5,015261277
84,79255725;40,89721185;5,00410609
84,86887177;40,9014575;4,992981209
84,94494825;40,90569934;4,981886514
85,02078778;40,90993738;4,970821888
85,09639146;40,91417164;4,959787213
85,17176037;40,91840213;4,948782372
85,24689558;40,92262889;4,93780725
85,32179816;40,92685192;4,926861731
85,39646918;40,93107124;4,9159457
85,47090969;40,93528687;4,905059045
85,54512073;40,93949883;4,894201651
85,61910335;40,94370713;4,883373406
85,69285857;40,9479118;4,872574199
85,76638743;40,95211285;4,861803919
85,83969094;40,9563103;4,851062454
85,9127701;40,96050416;4,840349696
85,98562594;40,96469446;4,829665535
86,05825944;40,96888121;4,819009863
86,13067159;40,97306442;4,808382572
86,20286338;40,97724412;4,797783555
86,27483579;40,98142031;4,787212705
86,34658978;40,98559302;4,776669917
86,41812633;40,98976227;4,766155085
86,48944639;40,99392806;4,755668105
86,56055091;40,99809042;4,745208872
86,63144084;41,00224935;4,734777284
86,70211712;41,00640489;4,724373237
86,77258068;41,01055704;4,71399663
86,84283244;41,01470581;4,70364736
86,91287334;41,01885123;4,693325326
86,98270427;41,02299331;4,683030429
87,05232617;41,02713207;4,672762568
87,12173991;41,03126751;4,662521644
87,19094641;41,03539966;4,652307558
87,25994655;41,03952853;4,642120212
87,32874123;41,04365413;4,631959509
87,39733131;41,04777649;4,621825352
87,46571768;41,05189561;4,611717643
87,5339012;41,0560115;4,601636287
87,60188274;41,0601242;4,591581189
87,66966315;41,0642337;4,581552253
87,73724329;41,06834002;4,571549386
87,804624;41,07244318;4,561572494
87,87180613;41,07654319;4,551621482
87,93879051;41,08064007;4,541696259
88,00557797;41,08473383;4,531796732
88,07216934;41,08882448;4,521922809
88,13856544;41,09291203;4,5120744
88,20476708;41,09699651;4,502251413
88,27077508;41,10107792;4,492453758
88,33659024;41,10515628;4,482681345
88,40221335;41,1092316;4,472934085
88,46764523;41,1133039;4,46321189
88,53288665;41,11737318;4,45351467
88,59793841;41,12143947;4,443842339
88,66280128;41,12550277;4,434194808
88,72747603;41,1295631;4,424571991
88,79196346;41,13362047;4,414973801
88,8562643;41,13767489;4,405400153
88,92037934;41,14172637;4,395850961
88,98430933;41,14577494;4,386326139
89,04805502;41,1498206;4,376825604
89,11161715;41,15386336;4,367349271
89,17499648;41,15790323;4,357897056
89,23819375;41,16194024;4,348468876
89,30120968;41,16597439;4,339064648
89,36404501;41,17000569;4,32968429
89,42670046;41,17403415;4,32032772
89,48917676;41,1780598;4,310994857
89,55147462;41,18208263;4,301685618
89,61359476;41,18610266;4,292399924
89,67553789;41,19011991;4,283137694
89,73730471;41,19413438;4,273898848
89,79889593;41,19814609;4,264683308
89,86031223;41,20215505;4,255490993
89,92155432;41,20616127;4,246321825
89,98262288;41,21016476;4,237175726
90,04351859;41,21416553;4,228052618
90,10423935;41,2181636;4,218758209
90,1647832;41,22215897;4,209303668
90,22515086;41,22615166;4,199873797
90,28534302;41,23014168;4,190468512
90,3453604;41,23412904;4,181087728
90,40520369;41,23811375;4,171731358
90,46487359;41,24209582;4,162399319
90,52437079;41,24607526;4,153091528
90,58369598;41,25005209;4,1438079
90,64284983;41,25402632;4,134548352
90,70183303;41,25799795;4,125312803
90,76064625;41,261967;4,116101168
90,81929017;41,26593348;4,106913368
90,87776545;41,26989739;4,09774932
90,93607275;41,27385876;4,088608943
90,99421273;41,27781758;4,079492157
91,05218606;41,28177388;4,070398882
91,10999337;41,28572765;4,061329037
91,16763533;41,28967892;4,052282544
91,22511257;41,29362769;4,043259324
91,28242573;41,29757397;4,034259297
91,33957546;41,30151778;4,025282386
91,39656239;41,30545911;4,016328513
91,45338715;41,30939799;4,0073976
91,51005036;41,31333442;3,998489571
91,56655264;41,31726842;3,989604348
91,62289463;41,32119998;3,980741856
91,67907693;41,32512913;3,971902019
91,73510016;41,32905587;3,96308476
91,79096492;41,33298022;3,954290005
91,84667183;41,33690217;3,945517679
91,90222149;41,34082175;3,936767708
91,95761449;41,34473895;3,928040018
92,01285143;41,3486538;3,919334534
92,06793291;41,3525663;3,910651183
92,12285952;41,35647646;3,901989893
92,17763183;41,36038428;3,89335059
92,23225044;41,36428978;3,884733203
92,28671593;41,36819297;3,876137659
92,34102887;41,37209386;3,867563887
92,39518983;41,37599245;3,859011816
92,4491994;41,37988876;3,850481374
92,50305813;41,38378279;3,841972491
92,55676659;41,38767455;3,833485096
92,61032534;41,39156406;3,82501912
92,66373494;41,39545131;3,816574493
92,71699594;41,39933633;3,808151146
92,77010891;41,40321911;3,799749009
92,82307439;41,40709967;3,791368015
92,87589292;41,41097802;3,783008095
92,92856505;41,41485416;3,77466918
92,98109132;41,4187281;3,766351203
93,03347228;41,42259986;3,758054097
93,08570844;41,42646943;3,749777795
93,13780036;41,43033683;3,741522229
93,18974855;41,43420207;3,733287334
93,24155355;41,43806516;3,725073043
93,29321587;41,4419261;3,71687929
93,34473605;41,4457849;3,708706011
93,3961146;41,44964157;3,700553139
93,44735203;41,45349612;3,692420609
93,49844886;41,45734856;3,684308358
93,5494056;41,46119889;3,67621632
93,60022276;41,46504713;3,668144432
93,65090085;41,46889327;3,66009263
93,70144036;41,47273733;3,65206085
93,7518418;41,47657932;3,644049029
93,80210567;41,48041925;3,636057105
93,85223246;41,48425711;3,628085014
93,90222266;41,48809293;3,620132694
93,95207676;41,49192671;3,612200083
94,00179526;41,49575845;3,60428712
94,05137863;41,49958816;3,596393742
94,10082737;41,50341586;3,588519889
94,15014195;41,50724154;3,5806655
94,19932284;41,51106522;3,572830514
94,24837053;41,5148869;3,565014869
94,29728549;41,5187066;3,557218508
94,34606819;41,52252431;3,549441368
94,3947191;41,52634005;3,541683391
94,44323868;41,53015382;3,533944518
94,49162739;41,53396564;3,526224688
94,53988571;41,5377755;3,518523844
94,58801409;41,54158342;3,510841927
94,63601298;41,54538939;3,503178878
94,68388284;41,54919344;3,495534639
94,73162413;41,55299557;3,487909152
94,77923728;41,55679578;3,480302361
94,82672277;41,56059408;3,472714206
94,87408101;41,56439048;3,465144632
94,92131247;41,56818498;3,457593581
94,96841758;41,57197759;3,450060997
95,01539679;41,57576833;3,442546824
95,06225052;41,57955719;3,435051005
95,10897922;41,58334418;3,427573484
95,15558332;41,58712931;3,420114205
95,20206324;41,59091259;3,412673115
95,24841942;41,59469402;3,405250156
95,29465229;41,59847361;3,397845274
95,34076227;41,60225137;3,390458415
95,38674977;41,6060273;3,383089523
95,43261523;41,60980141;3,375738546
95,47835906;41,6135737;3,368405427
95,52398168;41,61734419;3,361090115
95,56948351;41,62111288;3,353792555
95,61486494;41,62487977;3,346512694
95,6601264;41,62864487;3,339250478
95,7052683;41,6324082;3,332005855
95,75029104;41,63616975;3,324778773
95,79519503;41,63992953;3,317569178
95,83998066;41,64368754;3,310377018
95,88464835;41,6474438;3,303202241
95,92919848;41,65119831;3,296044796
95,97363146;41,65495108;3,288904631
96,01794769;41,65870211;3,281781695
96,06214755;41,66245141;3,274675935
96,10623144;41,66619899;3,267587302
96,15019975;41,66994484;3,260515745
96,19405286;41,67368898;3,253461212
96,23779117;41,67743142;3,246423654
96,28141506;41,68117215;3,23940302
96,3249249;41,68491119;3,232399261
96,36832109;41,68864854;3,225412326
96,41160399;41,69238421;3,218442167
96,454774;41,6961182;3,211488733
96,49783148;41,69985052;3,204551976
96,5407768;41,70358117;3,197631847
96,58361035;41,70731017;3,190728296
96,62633249;41,71103751;3,183841276
96,66894358;41,7147632;3,176970738
96,71144401;41,71848725;3,170116634
96,75383413;41,72220966;3,163278915
96,7961143;41,72593045;3,156457535
96,83828489;41,7296496;3,149652445
96,88034627;41,73336714;3,142863598
96,92229878;41,73708307;3,136090947
96,96415831;41,74079738;3,130495391
97,00592351;41,74451009;3,124789704
97,04759465;41,74822121;3,119095507
97,08917202;41,75193073;3,113412773
97,13065587;41,75563866;3,107741473
97,17204649;41,75934501;3,102081578
97,21334414;41,76304978;3,096433062
97,25454909;41,76675297;3,090795895
97,29566162;41,7704546;3,085170051
97,33668199;41,77415466;3,079555501
97,37761046;41,77785316;3,073952218
97,41844731;41,78155011;3,068360173
97,4591928;41,78524551;3,062779341
97,49984719;41,78893936;3,057209693
97,54041074;41,79263168;3,051651202
97,58088371;41,79632245;3,046103841
97,62126637;41,8000117;3,040567583
97,66155898;41,80369942;3,035042401
97,70176178;41,80738562;3,029528267
97,74187504;41,81107031;3,024025156
97,78189902;41,81475348;3,01853304
97,82183397;41,81843514;3,013051893
97,86168015;41,8221153;3,007581688
97,9014378;41,82579396;3,002122398
97,94110718;41,82947113;2,996673998
97,98068855;41,83314681;2,991236461
98,02018214;41,836821;2,985809761
98,05958821;41,84049371;2,980393872
98,09890701;41,84416495;2,974988767
98,13813879;41,84783472;2,969594421
98,17728379;41,85150301;2,964210808
98,21634225;41,85516985;2,958837902
98,25531443;41,85883523;2,953475678
98,29420055;41,86249915;2,948124109
98,33300088;41,86616163;2,94278317
98,37171564;41,86982266;2,937452837
98,41034509;41,87348224;2,932133083
98,44888945;41,8771404;2,926823883
98,48734896;41,88079712;2,921525212
98,52572387;41,88445241;2,916237045
98,56401441;41,88810628;2,910959357
98,60222082;41,89175872;2,905692123
98,64034333;41,89540976;2,900435318
98,67838218;41,89905938;2,895188918
98,71633759;41,9027076;2,889952897
98,75420981;41,90635441;2,884727231
98,79199906;41,90999982;2,879511895
98,82970557;41,91364384;2,874306865
98,86732958;41,91728647;2,869112117
98,9048713;41,92092772;2,863927626
98,94233098;41,92456758;2,858753369
98,97970883;41,92820606;2,85358932
99,01700508;41,93184317;2,848435455
99,05421996;41,93547891;2,843291752
99,0913537;41,93911328;2,838158185
99,12840651;41,94274629;2,833034732
99,16537861;41,94637795;2,827921367
99,20227024;41,95000824;2,822818068
99,23908161;41,95363719;2,817724811
99,27581294;41,9572648;2,812641573
99,31246445;41,96089106;2,807568329
99,34903636;41,96451598;2,802505057
99,38552889;41,96813957;2,797451732
99,42194225;41,97176183;2,792408333
99,45827666;41,97538276;2,787374835
99,49453234;41,97900237;2,782351216
99,5307095;41,98262066;2,777337452
99,56680835;41,98623763;2,772333521
99,60282911;41,98985329;2,7673394
99,63877198;41,99346765;2,762355065
99,67463719;41,9970807;2,757380495
99,71042494;42,00069245;2,752415666
99,74613543;42,0043029;2,747460556
99,78176889;42,00791207;2,742515142
99,81732551;42,01151994;2,737579401
99,85280551;42,01512653;2,732653312
99,8882091;42,01873184;2,727736852
99,92353647;42,02233586;2,722829999
99,95878783;42,02593862;2,717932731
99,99396339;42,0295401;2,713045024
100,0290633;42,03314032;2,708166859
100,0640879;42,03673928;2,703298211
100,0990373;42,04033697;2,69843906
100,1339117;42,04393341;2,693589384
100,1687113;42,04752859;2,68874916
100,2034363;42,05112253;2,683918368
100,2380869;42,05471522;2,679096984
100,2726633;42,05830667;2,674284989
100,3071657;42,06189688;2,66948236
100,3415943;42,06548586;2,664689076
100,3759493;42,0690736;2,659905115
100,4102309;42,07266012;2,655130456
100,4444393;42,07624541;2,650365078
100,4785747;42,07982948;2,64560896
100,5126373;42,08341233;2,64086208
100,5466272;42,08699397;2,636124417
100,5805447;42,0905744;2,631395951
100,6143899;42,09415362;2,62667666
100,6481631;42,09773164;2,621966524
100,6818644;42,10130846;2,617265522
100,7154941;42,10488408;2,612573632
100,7490522;42,1084585;2,607890834
100,7825391;42,11203174;2,603217109
100,8159548;42,11560378;2,598552434
100,8492997;42,11917465;2,593896789
100,8825738;42,12274433;2,589250155
100,9157773;42,12631283;2,58461251
100,9489105;42,12988017;2,579983835
100,9819734;42,13344633;2,575364108
101,0149664;42,13701132;2,570753311
101,0478896;42,14057515;2,566151422
101,0807431;42,14413781;2,561558421
101,1135272;42,14769932;2,556974289
101,146242;42,15125968;2,552399006
101,1788877;42,15481888;2,547832551
101,2114645;42,15837694;2,543274905
101,2439726;42,16193384;2,538726048
101,2764121;42,16548961;2,53418596
101,3087832;42,16904424;2,529654621
101,3410861;42,17259773;2,525132012
101,3733211;42,17615009;2,520618114
101,4054881;42,17970132;2,516112906
101,4375875;42,18325143;2,51161637
101,4696194;42,18680041;2,507128486
101,501584;42,19034827;2,502649234
101,5334814;42,19389501;2,498178595
101,5653119;42,19744064;2,493716551
101,5970755;42,20098515;2,489263081
101,6287725;42,20452856;2,484818168
101,6604031;42,20807087;2,48038179
101,6919674;42,21161207;2,475953931
101,7234655;42,21515217;2,47153457
101,7548977;42,21869118;2,467123689
101,7862641;42,22222909;2,462721269
101,8175649;42,22576591;2,458327291
101,8488003;42,22930165;2,453941736
101,8799704;42,2328363;2,449564586
101,9110754;42,23636987;2,445195822
101,9421154;42,23990236;2,440835426
101,9730906;42,24343378;2,436483379
102,0040013;42,24696412;2,432139662
102,0348475;42,2504934;2,427804257
102,0656294;42,2540216;2,423477146
102,0963471;42,25754874;2,41915831
102,1270009;42,26107483;2,414847732
102,157591;42,26459985;2,410545392
102,1881173;42,26812382;2,406251273
102,2185803;42,27164673;2,401965357
102,2489798;42,27516859;2,397687625
102,2793163;42,27868941;2,39341806
102,3095897;42,28220919;2,389156643
102,3398003;42,28572792;2,384903357
102,3699483;42,28924561;2,380658184
102,4000337;42,29276227;2,376421106
102,4300567;42,29627789;2,372192105
102,4600176;42,29979248;2,367971164
102,4899164;42,30330605;2,363758264
102,5197532;42,30681859;2,359553389
102,5495284;42,31033011;2,355356521
102,579242;42,31384061;2,351167642
102,6088941;42,31735009;2,346986734
102,638485;42,32085856;2,342813781
102,6680148;42,32436601;2,338648765
102,6974835;42,32787246;2,334491668
102,7268915;42,3313779;2,330342474
102,7562388;42,33488234;2,326201165
102,7855256;42,33838578;2,322067724
102,814752;42,34188822;2,317942134
102,8439182;42,34538966;2,313824378
102,8730244;42,34889011;2,309714438
102,9020706;42,35238957;2,305612298
102,931057;42,35588804;2,301517941
102,9599831;42,35938553;2,297365223
102,9888479;42,36288203;2,2931489
103,0176517;42,36637756;2,288940845
103,0463945;42,3698721;2,284741039
103,0750767;42,37336567;2,280549463
103,1036983;42,37685827;2,276366099
103,1322594;42,3803499;2,272190928
103,1607603;42,38384057;2,268023933
103,189201;42,38733027;2,263865095
103,2175818;42,390819;2,259714396
103,2459028;42,39430678;2,255571818
103,274164;42,3977936;2,251437342
103,3023658;42,40127947;2,247310951
103,3305082;42,40476439;2,243192626
103,3585914;42,40824835;2,23908235
103,3866156;42,41173137;2,234980104
103,4145808;42,41521345;2,230885871
103,4424872;42,41869458;2,226799633
103,470335;42,42217478;2,222721372
103,4981243;42,42565403;2,218651071
103,5258554;42,42913236;2,214588711
103,5535282;42,43260975;2,210534276
103,581143;42,43608621;2,206487747
103,6086998;42,43956175;2,202449107
103,636199;42,44303636;2,198418339
103,6636405;42,44651005;2,194395425
103,6910246;42,44998282;2,190380348
103,7183514;42,45345467;2,18637309
103,7456209;42,45692561;2,182373635
103,7728335;42,46039564;2,178381965
103,7999891;42,46386475;2,174398062
103,8270881;42,46733296;2,17042191
103,8541304;42,47080027;2,166453492
103,8811162;42,47426667;2,16249279
103,5829206;42,47775611;-33,00542277
103,1683065;42,48125963;-32,85575062
102,7539082;42,48477732;-32,70654775
102,3397221;42,4883093;-32,55782733
101,9257448;42,49185568;-32,40680567
101,5120083;42,49541657;-32,25732896
101,0984958;42,49899207;-32,10852027
100,6852012;42,5025823;-31,96037699
100,2721188;42,50618737;-31,8128965
99,85924254;42,50980741;-31,66607618
99,4465663;42,51344252;-31,51991344
99,03408399;42,51709283;-31,37440566
98,62178941;42,52075845;-31,22955025
98,20967628;42,52443952;-31,08534459
97,79773826;42,52813615;-30,94178609
97,38596893;42,53184847;-30,79887215
96,97436181;42,53557661;-30,65660019
96,56291031;42,5393207;-30,51496761
96,1516078;42,54308087;-30,37397184
95,74044753;42,54685724;-30,23361029
95,32942271;42,55064997;-30,09388038
94,91852644;42,55445918;-29,95477954
94,50775173;42,55828502;-29,81630522
94,09709152;42,56212762;-29,67845483
93,68653864;42,56598713;-29,54122583
93,27608587;42,56986369;-29,40461567
92,86572584;42,57375746;-29,26862178
92,45545112;42,57766858;-29,13324164
92,04525419;42,58159721;-28,9984727
91,6351274;42,58554349;-28,86431243
91,22506302;42,58950759;-28,7307583
90,81505321;42,59348967;-28,59780779
90,40509002;42,59748988;-28,46545839
89,9951654;42,6015084;-28,33370758
89,58527118;42,60554539;-28,20255286
89,17539907;42,60960101;-28,07199174
88,76554068;42,61367545;-27,93942936
88,3557257;42,61776888;-27,80729376
87,94594841;42,62188146;-27,67562044
87,53620246;42,62601339;-27,54438964
87,12648169;42,63016483;-27,413579
86,71678015;42,63433598;-27,28316311
86,30709216;42,63852703;-27,15311286
85,89741236;42,64273816;-27,02339469
85,48773583;42,64696957;-26,89396968
85,07805811;42,65122145;-26,76479232
84,66837538;42,65549401;-26,63580905
84,25868458;42,65978744;-26,50695629
83,84898354;42,66410196;-26,37815804
83,43927128;42,66843776;-26,24932256
83,0295482;42,67279507;-26,12033822
82,61981649;42,67717409;-25,99106778
82,21008056;42,68157505;-25,86134082
81,80034761;42,68599817;-25,73094329
81,39062842;42,69044366;-25,5996031
80,98093836;42,69491175;-25,4669697
80,57129878;42,69940267;-25,33258487
80,16173893;42,70391665;-25,19583973
79,75229859;42,70845391;-25,05591042
79,3430319;42,71301468;-24,911659
78,93401291;42,71759919;-24,76147647
78,52534392;42,72220765;-24,6030254
78,11716833;42,72684027;-24,43280132
77,70969135;42,73149726;-24,24534972
77,30321442;42,73617878;-24,03178902
76,89819583;42,74088509;-23,9130594
76,49304363;42,74561647;-23,79896765
76,08767625;42,75037321;-23,68533036
75,68208239;42,75515559;-23,57214251
75,27625058;42,75996392;-23,45939893
74,87016921;42,76479848;-23,34709433
74,46382648;42,76965959;-23,23522329
74,05721045;42,77454755;-23,12378021
73,65030898;42,77946269;-23,01275933
73,24310977;42,78440533;-22,90215472
72,83560036;42,7893758;-22,79196024
72,4277681;42,79437443;-22,68216956
72,01960016;42,79940159;-22,57277611
71,61108354;42,80445761;-22,4637731
71,20220505;42,80954286;-22,35515347
70,79295133;42,81465771;-22,24690987
70,38330882;42,81980254;-22,13903466
69,97326379;42,82497772;-22,0315199
69,56280233;42,83018365;-21,92435725
69,15191032;42,83542073;-21,81753802
68,7405735;42,84068937;-21,71105311
68,32877739;42,84599;-21,60489298
67,91650734;42,85132303;-21,49904758
67,50374855;42,85668892;-21,39350635
67,09048602;42,86208811;-21,28825818
66,67670458;42,86752106;-21,18329131
66,26238892;42,87298827;-21,10125446
65,84707471;42,87849026;-21,01620958
65,43080276;42,88402757;-20,931402
65,01354979;42,88960073;-20,84683094
64,59529186;42,89521031;-20,76249564
64,1760044;42,90085686;-20,67839533
63,75566212;42,90654099;-20,59452923
63,33423904;42,9122633;-20,51089659
62,91170844;42,9180244;-20,42749665
62,48804281;42,92382494;-20,34432862
62,06321387;42,92966557;-20,26139177
61,63719245;42,93554696;-20,17868532
61,20994857;42,94146982;-20,09620851
60,7814513;42,94743486;-20,0139606
60,35166876;42,95344282;-19,93194081
59,92056812;42,95949444;-19,85014841
59,48811549;42,96559053;-19,76858261
59,05427589;42,97173188;-19,68724269
58,61901325;42,97791933;-19,60612787
58,1822903;42,98415374;-19,52523741
57,74406853;42,99043599;-19,44457055
57,30430817;42,996767;-19,36412654
56,86296807;43,00314771;-19,28390462
56,42000568;43,00957973;-19,43198528
55,97005341;43,01606402;-19,33282564
55,51875833;43,02260162;-19,23295788
55,06610395;43,02919357;-19,13214607
54,61207873;43,03584095;-19,03008903
54,15667791;43,04254487;-18,92639699
53,69990596;43,04930648;-18,82055759
53,24177998;43,05612694;-18,71188569
52,78233452;43,06300746;-18,5994471
52,32162862;43,06994926;-18,48193958
51,85975615;43,07695358;-18,35750121
51,39686171;43,08402166;-18,22339003
50,93316554;43,09115475;-18,07542512
50,46900439;43,09835405;-17,9069597
50,00490149;43,10562065;-17,70687312
49,54169352;43,1129555;-17,45532687
49,08077777;43,12035916;-17,11385085
48,62463967;43,12783143;-16,59883239
48,1781282;43,13537035;-15,69512349
47,75216046;43,14296874;-13,66094141
47,37847642;43,15057176;-1,054326141
47,34961861;43,15817477;0
47,32076079;43,16577779;-1,054326141
47,55805502;43,17338545;8,664308335
47,53948371;43,18100115;-9,801805697
47,27075221;43,18865978;-9,610261619
47,00578698;43,19636114;-9,406081332
46,74500443;43,20410493;-9,187330503
46,48888341;43,21189073;-8,951629921
46,23797901;43,21971802;-8,696005738
45,99294089;43,22758609;-8,416668729
45,75453825;43,23549406;-8,10867647
45,52369485;43,24344081;-7,765392019
45,30154019;43,25142494;-7,37756504
45,08948801;43,25944465;-6,931651155
44,88936444;43,26749769;-6,406411994
44,7036366;43,27558106;-5,764964527
44,53587535;43,28369065;-4,931352506
44,39190693;43,29181996;-3,680909509
44,28418317;43,29996903;-3,659676107
44,17682053;43,30813854;-3,757582436
44,06630919;43,31632922;-3,863211353
43,95239681;43,32454186;-3,976493029
43,83482968;43,33277733;-4,097295035
43,71335435;43,34103654;-4,225429975
43,58771902;43,34932046;-4,360663875
43,45767478;43,35763014;-4,502724735
43,32297648;43,36596668;-4,651310745
43,18338347;43,37433125;-4,806097842
43,03866003;43,3827251;-4,966746393
42,8885757;43,39114952;-5,132906893
42,73290532;43,39960589;-5,304224699
42,57142906;43,40809567;-5,480343813
42,4039322;43,41662038;-5,660909831
42,23020491;43,4251816;-5,845572155
42,05004191;43,43378103;-6,033985574
41,86324211;43,44241835;-5,905374349
41,67961842;43,45109356;-5,829506898
41,49755853;43,45980662;-5,747786222
41,31726755;43,46855745;-5,659342051
41,13898148;43,47734587;-5,563119319
40,96297368;43,48617166;-5,457822124
40,78956321;43,49503448;-5,341834177
40,61912584;43,50393389;-5,213102482
40,45210906;43,51286932;-5,068961179
40,28905302;43,52184003;-4,905853075
40,13062074;43,53084506;-4,718865462
39,977644;43,5398832;-4,500902109
39,83119675;43,54895287;-4,241067279
39,69272242;43,55805199;-3,921088705
39,56428003;43,56717767;-3,505722589
39,44910844;43,57632555;-2,906396437
39,35339395;43,58547942;-0,782103915
39,32762055;43,59463329;0
39,30184714;43,60378716;-0,782103915
39,35763781;43,61294704;1,691879795
39,44036953;43,62209393;2,512442154
39,54138156;43,63122163;3,074037062
39,65628861;43,64032602;3,505851383
39,78233073;43,64940402;3,856761163
39,91757779;43,65845327;4,151576781
40,06059216;43,66747185;4,404928295
40,210257;43,67645824;4,62628248
40,36567827;43,68541118;4,822167709
40,52612401;43,69432965;4,997300144
40,69098438;43,7032128;5,15520973
40,85974419;43,71205997;5,298613426
41,03196325;43,7208706;5,429650239
41,20726187;43,72964425;5,550035876
41,38530996;43,73838057;5,661168224
41,56581857;43,74707931;5,764201514
41,74853335;43,75574027;5,860099796
41,95018285;43,76436333;6,495810716
42,16955603;43,77294494;7,100883607
42,40332707;43,7814819;7,606497619
42,64902308;43,7899718;8,038833617
42,90473252;43,79841279;8,414936591
43,1689361;43,80680348;8,746592569
43,44040081;43,81514281;9,042316652
43,7181095;43,82343002;9,308469973
44,00121212;43,8316646;9,549931593
44,28899056;43,83984619;9,770524695
44,58083273;43,84797462;9,973298635
44,87621294;43,85604984;10,1607222
45,17467678;43,86407191;10,33481988
45,47582918;43,87204097;10,49727037
45,77932502;43,87995727;10,6494793
46,08486149;43,88782108;10,79263378
46,39217188;43,89563275;10,92774419
46,69297377;43,90339268;10,7676335
46,99062361;43,91110262;10,72388617
47,28520516;43,91876373;10,68099567
47,57679952;43,9263771;10,63896545
47,86548531;43,93394381;10,59779798
48,15133875;43,94146489;10,55749484
48,43443371;43,94894132;10,5180567
48,71484187;43,95637405;10,47948346
48,99263276;43,96376399;10,4417742
49,26787386;43,97111204;10,40492729
49,54063064;43,97841903;10,36894041
49,81096669;43,98568579;10,33381061
50,07894375;43,99291312;10,29953429
50,34462178;44,00010177;10,26610731
50,60805903;44,00725248;10,23352501
50,86931207;44,01436597;10,2017822
51,12843592;44,02144293;10,17087325
51,38459444;44,02848402;10,10569789
51,63681156;44,03549001;10,00005729
51,88512263;44,04246178;9,893512554
52,12956219;44,04940019;9,786093026
52,37016397;44,05630606;9,677828301
52,60696097;44,0631802;9,568748242
52,8399855;44,0700234;9,458882979
53,06926923;44,07683642;9,348262908
53,29484322;44,08362001;9,2369187
53,51673797;44,09037489;9,1248813
53,73498348;44,09710175;9,012181936
53,94960925;44,1038013;8,898852119
54,16064435;44,11047419;8,784923648
54,36811743;44,11712109;8,670428617
54,57205676;44,12374261;8,555399421
54,77249029;44,1303394;8,439868755
54,96944564;44,13691204;8,32386963
55,16295016;44,14346113;8,207435371
55,35303095;44,14998725;8,090599625
55,54619676;44,15649096;8,250241482
55,74223475;44,16297205;8,402133239
55,94094626;44,16943035;8,546777454
56,14215019;44,17586571;8,684829085
56,34568096;44,182278;8,816863472
56,55138673;44,18866714;8,943388701
56,75912793;44,19503303;9,064855623
56,96877596;44,20137562;9,181666074
57,18021208;44,20769487;9,294179647
57,39332644;44,21399075;9,40271934
57,60801723;44,22026326;9,507576274
57,82418995;44,22651239;9,609013685
58,04175672;44,23273816;9,707270301
58,26063573;44,23894059;9,80256323
58,48075068;44,24511972;9,895090424
58,70203037;44,25127559;9,98503282
58,92280899;44,25740826;10,00011809
59,14140402;44,26351795;9,938451355
59,35782538;44,26960505;9,876128999
59,57210937;44,27566997;9,814376643
59,78429163;44,28171306;9,753198016
59,99440684;44,28773471;9,692584015
60,20248879;44,29373527;9,632525768
60,40857042;44,29971509;9,573014628
60,61268382;44,30567451;9,514042162
60,81486028;44,31161386;9,455600147
61,01513031;44,31753346;9,39768056
61,21352368;44,32343364;9,340275573
61,41006942;44,32931469;9,283377545
61,60479587;44,33517692;9,226979015
61,79773069;44,34102063;9,171072698
61,98890089;44,34684608;9,11565148
62,17833283;44,35265357;9,060708408
62,36626115;44,35844337;9,016257129
62,55315934;44,36421572;8,993936364
62,73879556;44,36997083;8,959978309
62,9231564;44,37570891;8,924827931
63,10625752;44,38143017;8,889892342
63,28811427;44,38713483;8,855169123
63,46874171;44,39282311;8,8206559
63,6481546;44,39849519;8,786350347
63,8263674;44,40415128;8,752250177
64,00339433;44,40979159;8,718353149
64,17924931;44,41541629;8,684657061
64,35394601;44,42102558;8,651159752
64,52749784;44,42661964;8,617859099
64,69991798;44,43219866;8,584753017
64,87121934;44,43776281;8,55183946
65,04141461;44,44331226;8,519116417
65,21051625;44,4488472;8,48658191
65,3785365;44,45436778;8,454233998
65,54548738;44,45987417;8,422070773
65,71138068;44,46536654;8,390090359
65,876228;44,47084505;8,358290912
66,04004073;44,47630984;8,326670619
66,20283008;44,48176108;8,295227697
66,36460704;44,48719891;8,263960394
66,52538243;44,49262349;8,232866985
66,68516688;44,49803496;8,201945774
66,84397085;44,50343346;8,171195094
67,0018046;44,50881914;8,140613302
67,15867825;44,51419213;8,110198782
67,31460173;44,51955256;8,079949947
67,46958483;44,52490059;8,04986523
67,62363715;44,53023632;8,019943093
67,77676816;44,53555991;7,990182018
67,92898717;44,54087146;7,960580514
68,08030333;44,54617111;7,931137111
68,23072567;44,55145899;7,901850361
68,38026304;44,5567352;7,872718839
68,52892419;44,56199988;7,843741142
68,67671771;44,56725314;7,814915886
68,82367766;44,57249509;7,78759791
68,96985895;44,57772584;7,762911906
69,11526868;44,58294552;7,738339924
69,25991385;44,58815421;7,713881035
69,40380136;44,59335202;7,689534324
69,546938;44,59853905;7,665298889
69,68933049;44,60371541;7,64117384
69,83098542;44,6088812;7,617158298
69,9719093;44,6140365;7,593251398
70,11210857;44,61918142;7,569452285
70,25158954;44,62431606;7,545760115
70,39035846;44,6294405;7,522174056
70,5284215;44,63455483;7,498693286
70,66578471;44,63965916;7,475316994
70,8024541;44,64475356;7,452044382
70,93843557;44,64983813;7,428874658
71,07373494;44,65491295;7,405807043
71,20835797;44,65997812;7,382840767
71,34231033;44,6650337;7,359975069
71,47559762;44,6700798;7,3372092
71,60822536;44,67511648;7,314542418
71,74019901;44,68014384;7,291973992
71,87152393;44,68516194;7,269503197
72,00220544;44,69017088;7,247129321
72,13224879;44,69517073;7,224851658
72,26165914;44,70016156;7,202669511
72,39044161;44,70514346;7,180582192
72,51860122;44,71011649;7,158589021
72,64614298;44,71508073;7,136689326
72,77307177;44,72003626;7,114882443
72,89939247;44,72498314;7,093167717
73,02510987;44,72992146;7,071544498
73,15022869;44,73485127;7,050012146
73,27475362;44,73977265;7,028570029
73,39868926;44,74468566;7,007217519
73,52204019;44,74959038;6,985953998
73,6448109;44,75448687;6,964778855
73,76700586;44,7593752;6,943691485
73,88862944;44,76425543;6,922691289
74,00968601;44,76912763;6,901777678
74,13017985;44,77399186;6,880950066
74,25011521;44,77884818;6,860207876
74,36949627;44,78369666;6,839550536
74,48832717;44,78853735;6,818977481
74,60661203;44,79337032;6,798488152
74,72435486;44,79819563;6,778081996
74,84155969;44,80301334;6,757758466
74,95823045;44,8078235;6,737517021
75,07435634;44,81262618;6,71650536
75,18993801;44,81742142;6,695385061
75,30497949;44,8222093;6,674353256
75,41948478;44,82698986;6,653409359
75,53345782;44,83176316;6,632552788
75,64690253;44,83652926;6,611782968
75,75982274;44,84128821;6,591099329
75,87222229;44,84604007;6,570501309
75,98410493;44,85078489;6,549988351
76,09547441;44,85552272;6,529559903
76,20633439;44,86025362;6,50921542
76,31668854;44,86497764;6,488954363
76,42654045;44,86969482;6,468776198
76,53589369;44,87440523;6,448680395
76,64475178;44,87910891;6,428666432
76,75311822;44,8838059;6,408733791
76,86099646;44,88849626;6,388881959
76,9683899;44,89318004;6,369110429
77,07530193;44,89785729;6,349418699
77,18173588;44,90252804;6,329806272
77,28769506;44,90719236;6,310272655
77,39318274;44,91185028;6,290817362
77,49820214;44,91650185;6,27143991
77,60275648;44,92114712;6,25213982
77,70684892;44,92578613;6,232916621
77,81048258;44,93041893;6,213769843
77,91366058;44,93504556;6,194699023
78,01638598;44,93966606;6,175703702
78,11866182;44,94428047;6,156783425
78,22049111;44,94888884;6,13793774
78,32187681;44,95349122;6,119166203
78,42282187;44,95808764;6,10046837
78,52332922;44,96267814;6,081843805
78,62340173;44,96726276;6,063292073
78,72304226;44,97184155;6,044812745
78,81774231;44,97641454;5,752373701
78,90625038;44,98098204;5,382720666
78,98825206;44,98554442;4,992627704
79,06338601;44,99010206;4,579243096
79,13123005;44,99465537;4,138873537
79,19128076;44,99920477;3,66657883
79,24613504;45,00375073;3,351837248
79,1763604;45,00830506;-7,97471462
79,04561019;45,01286683;-7,846789326
78,91674731;45,01743595;-7,713269871
78,78987317;45,02201231;-7,573517769
78,66510019;45,02659581;-7,426776945
78,54255384;45,03118634;-7,272141377
78,42237519;45,03578376;-7,108510308
78,30472419;45,04038794;-6,934524686
78,18978406;45,04499873;-6,748474173
78,07776725;45,04961595;-6,548156145
77,96892375;45,05423943;-6,330652402
77,8635532;45,05886894;-6,091955916
77,76202324;45,06350424;-5,826302357
77,66479917;45,06814506;-5,524858016
77,57249563;45,07279106;-5,172791197
77,48597756;45,07744183;-4,741313027
77,4065949;45,08209679;-4,156762808
77,33693653;45,08675428;-2,515611306
77,29475732;45,09141178;0
77,2525781;45,09606927;-2,515611306
77,22736683;45,10072931;-1,502805125
77,20519053;45,10539087;-1,321464271
77,18534764;45,11005377;-1,182078498
77,16740435;45,11471787;-1,06864121
77,15105981;45,11938305;-0,973198684
77,13609068;45,12404922;-0,891114862
77,1223234;45,1287163;-0,819408954
77,10961869;45,13338421;-0,756031602
77,09786197;45,13805288;-0,699503256
77,08695719;45,14272227;-0,648715161
77,07682261;45,14739232;-0,602811634
77,06738778;45,15206299;-0,561116401
77,05859136;45,15673423;-0,523084376
77,05037947;45,161406;-0,488268909
77,04270445;45,16607826;-0,456298835
77,03552384;45,170751;-0,426861973
77,02879965;45,17542417;-0,399692981
77,02249765;45,18009774;-0,374564241
77,01658694;45,1847717;-0,351278903
77,0160476;45,18522615;-0,329665495
