Speed (linear);Time;Acceleration (linear);;;;;;;;;;;;;;;;;;;;;;;;
93,02811501;0,007563952;3,750893737;;;;;;;;;;;;;;;;;;;;;;;;
62,19776097;0,022275421;-19,2783018;;;;;;;;;;;;;;;;;;;;;;;;
61,17675723;0,037233069;-18,69847681;;;;;;;;;;;;;;;;;;;;;;;;
60,16989043;0,052442871;-18,21783255;;;;;;;;;;;;;;;;;;;;;;;;
59,17236778;0,067909536;-17,64921202;;;;;;;;;;;;;;;;;;;;;;;;
58,18965973;0,083636556;-17,01434698;;;;;;;;;;;;;;;;;;;;;;;;
57,22635383;0,099629178;-16,50768206;;;;;;;;;;;;;;;;;;;;;;;;
56,27594979;0,11589108;-15,91777253;;;;;;;;;;;;;;;;;;;;;;;;
55,34407804;0,13242326;-15,20260568;;;;;;;;;;;;;;;;;;;;;;;;
54,43928208;0,149241646;-15,30099897;;;;;;;;;;;;;;;;;;;;;;;;
53,51286492;0,166352001;-14,82431931;;;;;;;;;;;;;;;;;;;;;;;;
52,59972721;0,183758469;-14,27964095;;;;;;;;;;;;;;;;;;;;;;;;
51,704918;0,201463818;-13,69365112;;;;;;;;;;;;;;;;;;;;;;;;
50,83209484;0,219478019;-13,43863486;;;;;;;;;;;;;;;;;;;;;;;;
49,96058428;0,237811228;-13,17195412;;;;;;;;;;;;;;;;;;;;;;;;
49,09124119;0,256467739;-12,66627031;;;;;;;;;;;;;;;;;;;;;;;;
48,2405309;0,275456952;-12,36373751;;;;;;;;;;;;;;;;;;;;;;;;
47,39533142;0,294787796;-12,03624027;;;;;;;;;;;;;;;;;;;;;;;;
46,55771693;0,314468334;-11,6762201;;;;;;;;;;;;;;;;;;;;;;;;
45,73045748;0,334516772;-11,62711535;;;;;;;;;;;;;;;;;;;;;;;;
44,89127767;0,35494048;-11,21846876;;;;;;;;;;;;;;;;;;;;;;;;
44,06643586;0,37574417;-10,7470254;;;;;;;;;;;;;;;;;;;;;;;;
43,26155583;0,396899294;-9,436520397;;;;;;;;;;;;;;;;;;;;;;;;
42,5428851;0,418382222;-8,393680211;;;;;;;;;;;;;;;;;;;;;;;;
41,89373011;0,440141603;-6,794760026;;;;;;;;;;;;;;;;;;;;;;;;
41,36147094;0,461935885;-0,844210405;;;;;;;;;;;;;;;;;;;;;;;;
41,29523468;0,483730167;0;;;;;;;;;;;;;;;;;;;;;;;;
40,95305299;0,505946686;-5,534616373;;;;;;;;;;;;;;;;;;;;;;;;
40,51039732;0,528408754;-5,476507599;;;;;;;;;;;;;;;;;;;;;;;;
40,06754805;0,55112168;-5,412171547;;;;;;;;;;;;;;;;;;;;;;;;
39,62501354;0,574090526;-5,339387574;;;;;;;;;;;;;;;;;;;;;;;;
39,1835111;0,597319893;-5,254987262;;;;;;;;;;;;;;;;;;;;;;;;
38,74405899;0,620813607;-5,154320631;;;;;;;;;;;;;;;;;;;;;;;;
38,30812011;0,644574203;-5,030305688;;;;;;;;;;;;;;;;;;;;;;;;
37,87783708;0,668602113;-4,871593438;;;;;;;;;;;;;;;;;;;;;;;;
37,45644194;0,692894241;-4,6586005;;;;;;;;;;;;;;;;;;;;;;;;
37,04903959;0,717441254;-4,353337049;;;;;;;;;;;;;;;;;;;;;;;;
36,66433847;0,74222126;-3,864400665;;;;;;;;;;;;;;;;;;;;;;;;
36,31960293;0,767043484;-0,691262753;;;;;;;;;;;;;;;;;;;;;;;;
36,25783168;0,791865707;0;;;;;;;;;;;;;;;;;;;;;;;;
36,19606044;0,816687931;-0,691262753;;;;;;;;;;;;;;;;;;;;;;;;
36,74270121;0,841552515;6,106864898;;;;;;;;;;;;;;;;;;;;;;;;
37,44214967;0,866047176;7,93198326;;;;;;;;;;;;;;;;;;;;;;;;
38,22170526;0,890084257;9,008715125;;;;;;;;;;;;;;;;;;;;;;;;
38,93998268;0,913631087;8,473391381;;;;;;;;;;;;;;;;;;;;;;;;
39,63526961;0,936743578;8,356315078;;;;;;;;;;;;;;;;;;;;;;;;
40,3100923;0,959450627;8,2551788;;;;;;;;;;;;;;;;;;;;;;;;
40,96665435;0,981777542;8,168542169;;;;;;;;;;;;;;;;;;;;;;;;
41,60688041;1,003746629;8,09503705;;;;;;;;;;;;;;;;;;;;;;;;
42,23245387;1,025377667;8,033382656;;;;;;;;;;;;;;;;;;;;;;;;
42,84484916;1,046688292;7,982393863;;;;;;;;;;;;;;;;;;;;;;;;
43,44535984;1,067694318;7,940984361;;;;;;;;;;;;;;;;;;;;;;;;
44,03512266;1,088409994;7,90816602;;;;;;;;;;;;;;;;;;;;;;;;
44,61513848;1,108848225;7,88304558;;;;;;;;;;;;;;;;;;;;;;;;
45,23974315;1,12902075;8,600871618;;;;;;;;;;;;;;;;;;;;;;;;
45,90038251;1,148914762;9,224430576;;;;;;;;;;;;;;;;;;;;;;;;
46,58703305;1,168522442;9,727630417;;;;;;;;;;;;;;;;;;;;;;;;
47,34511037;1,187841122;10,90017679;;;;;;;;;;;;;;;;;;;;;;;;
48,13957433;1,206850477;11,60925438;;;;;;;;;;;;;;;;;;;;;;;;
48,95785218;1,225546114;12,15788487;;;;;;;;;;;;;;;;;;;;;;;;
49,79408971;1,243929273;12,63592402;;;;;;;;;;;;;;;;;;;;;;;;
50,59971836;1,262003707;12,38134112;;;;;;;;;;;;;;;;;;;;;;;;
51,37912978;1,279790368;12,17222161;;;;;;;;;;;;;;;;;;;;;;;;
52,13412741;1,297307208;11,97256837;;;;;;;;;;;;;;;;;;;;;;;;
52,86614384;1,314570372;11,77871539;;;;;;;;;;;;;;;;;;;;;;;;
53,57647921;1,3315945;11,5903369;;;;;;;;;;;;;;;;;;;;;;;;
54,2663178;1,348392916;11,40713673;;;;;;;;;;;;;;;;;;;;;;;;
54,93674208;1,364977789;11,22884467;;;;;;;;;;;;;;;;;;;;;;;;
55,5881978;1,381360268;11,04594292;;;;;;;;;;;;;;;;;;;;;;;;
56,2215187;1,397550755;10,8657925;;;;;;;;;;;;;;;;;;;;;;;;
56,83759414;1,41355886;10,69033844;;;;;;;;;;;;;;;;;;;;;;;;
57,43724529;1,42939345;10,51936068;;;;;;;;;;;;;;;;;;;;;;;;
58,02123228;1,445062726;10,3526557;;;;;;;;;;;;;;;;;;;;;;;;
58,5902604;1,460574289;10,19003478;;;;;;;;;;;;;;;;;;;;;;;;
59,14498545;1,475935203;10,03132255;;;;;;;;;;;;;;;;;;;;;;;;
59,68595013;1,491152047;9,875107392;;;;;;;;;;;;;;;;;;;;;;;;
60,21362889;1,506230973;9,720681567;;;;;;;;;;;;;;;;;;;;;;;;
60,72856616;1,521177755;9,56982762;;;;;;;;;;;;;;;;;;;;;;;;
60,13190134;1,536378596;-16,89694218;;;;;;;;;;;;;;;;;;;;;;;;
59,20724949;1,551805323;-15,61035423;;;;;;;;;;;;;;;;;;;;;;;;
58,3403095;1,567455415;-14,77912602;;;;;;;;;;;;;;;;;;;;;;;;
57,50764863;1,583321512;-13,70712775;;;;;;;;;;;;;;;;;;;;;;;;
56,72472561;1,599387654;-12,21168189;;;;;;;;;;;;;;;;;;;;;;;;
56,01842497;1,615665531;-12,43438039;;;;;;;;;;;;;;;;;;;;;;;;
55,28976584;1,632156025;-12,00806777;;;;;;;;;;;;;;;;;;;;;;;;
54,57689755;1,648858764;-11,53366502;;;;;;;;;;;;;;;;;;;;;;;;
53,88337991;1,665761663;-10,48595615;;;;;;;;;;;;;;;;;;;;;;;;
53,24530491;1,68285853;-9,814683681;;;;;;;;;;;;;;;;;;;;;;;;
52,64122368;1,700139009;-8,991149102;;;;;;;;;;;;;;;;;;;;;;;;
52,08188674;1,717586078;-7,917426639;;;;;;;;;;;;;;;;;;;;;;;;
51,58459756;1,735208063;-8,071232871;;;;;;;;;;;;;;;;;;;;;;;;
51,07256543;1,753003194;-7,75699186;;;;;;;;;;;;;;;;;;;;;;;;
50,57563337;1,770968208;-7,39493099;;;;;;;;;;;;;;;;;;;;;;;;
50,09737324;1,78909776;-6,966385052;;;;;;;;;;;;;;;;;;;;;;;;
49,64270243;1,807383462;-6,439742387;;;;;;;;;;;;;;;;;;;;;;;;
49,21878368;1,825812085;-5,753593609;;;;;;;;;;;;;;;;;;;;;;;;
48,83707277;1,844361262;-4,753112174;;;;;;;;;;;;;;;;;;;;;;;;
48,51967403;1,862938489;-1,09546083;;;;;;;;;;;;;;;;;;;;;;;;
48,44641178;1,881515716;0;;;;;;;;;;;;;;;;;;;;;;;;
48,37314953;1,900092943;-1,09546083;;;;;;;;;;;;;;;;;;;;;;;;
48,57115028;1,918698306;2,956148106;;;;;;;;;;;;;;;;;;;;;;;;
48,8146087;1,937227824;3,649708472;;;;;;;;;;;;;;;;;;;;;;;;
49,09040856;1,955664928;4,155266084;;;;;;;;;;;;;;;;;;;;;;;;
49,39074509;1,973998448;4,550507189;;;;;;;;;;;;;;;;;;;;;;;;
49,71038656;1,992220485;4,872632796;;;;;;;;;;;;;;;;;;;;;;;;
50,04557822;2,010325354;5,142749018;;;;;;;;;;;;;;;;;;;;;;;;
50,39350317;2,02830896;5,374106527;;;;;;;;;;;;;;;;;;;;;;;;
50,75198135;2,046168405;5,575608558;;;;;;;;;;;;;;;;;;;;;;;;
51,1192864;2,063901703;5,753536608;;;;;;;;;;;;;;;;;;;;;;;;
51,49402684;2,081507583;5,912488874;;;;;;;;;;;;;;;;;;;;;;;;
51,87506545;2,098985338;6,055929814;;;;;;;;;;;;;;;;;;;;;;;;
52,26977352;2,116334714;6,319600963;;;;;;;;;;;;;;;;;;;;;;;;
52,67849728;2,133553078;6,593795691;;;;;;;;;;;;;;;;;;;;;;;;
53,09899438;2,150637848;6,836776377;;;;;;;;;;;;;;;;;;;;;;;;
53,52946168;2,167587321;7,054747212;;;;;;;;;;;;;;;;;;;;;;;;
53,96842667;2,184400493;7,25233323;;;;;;;;;;;;;;;;;;;;;;;;
54,41467188;2,20107691;7,43307156;;;;;;;;;;;;;;;;;;;;;;;;
54,86718048;2,217616567;7,599724374;;;;;;;;;;;;;;;;;;;;;;;;
55,32509605;2,234019815;7,754486502;;;;;;;;;;;;;;;;;;;;;;;;
55,85984069;2,250287297;9,131110513;;;;;;;;;;;;;;;;;;;;;;;;
56,4461479;2,266399051;10,10834191;;;;;;;;;;;;;;;;;;;;;;;;
57,05619527;2,282343452;10,62803212;;;;;;;;;;;;;;;;;;;;;;;;
57,65009982;2,298117374;10,45862146;;;;;;;;;;;;;;;;;;;;;;;;
58,22860116;2,313728795;10,29341373;;;;;;;;;;;;;;;;;;;;;;;;
58,79238613;2,329185117;10,13222521;;;;;;;;;;;;;;;;;;;;;;;;
59,34209383;2,344493222;9,974885006;;;;;;;;;;;;;;;;;;;;;;;;
59,87819099;2,359659522;9,818866624;;;;;;;;;;;;;;;;;;;;;;;;
60,4012032;2,374690036;9,665748581;;;;;;;;;;;;;;;;;;;;;;;;
60,91166206;2,389590402;9,516150944;;;;;;;;;;;;;;;;;;;;;;;;
61,41006575;2,404365897;9,369937421;;;;;;;;;;;;;;;;;;;;;;;;
61,89688196;2,419021475;9,226980068;;;;;;;;;;;;;;;;;;;;;;;;
62,37255041;2,433561788;9,087158585;;;;;;;;;;;;;;;;;;;;;;;;
62,83970995;2,447991212;8,993188893;;;;;;;;;;;;;;;;;;;;;;;;
63,29888608;2,462313366;8,905708383;;;;;;;;;;;;;;;;;;;;;;;;
63,75027316;2,476531626;8,818610787;;;;;;;;;;;;;;;;;;;;;;;;
64,19410448;2,490649212;8,732829724;;;;;;;;;;;;;;;;;;;;;;;;
64,63060229;2,504669191;8,648328991;;;;;;;;;;;;;;;;;;;;;;;;
65,05997845;2,518594483;8,565074041;;;;;;;;;;;;;;;;;;;;;;;;
65,48243515;2,532427872;8,483031876;;;;;;;;;;;;;;;;;;;;;;;;
65,89816547;2,546172016;8,402170947;;;;;;;;;;;;;;;;;;;;;;;;
66,307354;2,559829452;8,322461064;;;;;;;;;;;;;;;;;;;;;;;;
66,71017734;2,573402607;8,243873318;;;;;;;;;;;;;;;;;;;;;;;;
67,10680454;2,586893802;8,166379996;;;;;;;;;;;;;;;;;;;;;;;;
67,49739761;2,600305259;8,089954518;;;;;;;;;;;;;;;;;;;;;;;;
67,88211187;2,613639106;8,014571369;;;;;;;;;;;;;;;;;;;;;;;;
68,26109636;2,626897386;7,940206035;;;;;;;;;;;;;;;;;;;;;;;;
68,63449419;2,640082055;7,866834953;;;;;;;;;;;;;;;;;;;;;;;;
69,00245475;2,653194995;7,794687395;;;;;;;;;;;;;;;;;;;;;;;;
69,36554998;2,666238009;7,732858531;;;;;;;;;;;;;;;;;;;;;;;;
69,72388993;2,67921275;7,671743274;;;;;;;;;;;;;;;;;;;;;;;;
70,07758076;2,692120807;7,611327199;;;;;;;;;;;;;;;;;;;;;;;;
70,42672483;2,704963717;7,551596372;;;;;;;;;;;;;;;;;;;;;;;;
70,77142098;2,717742956;7,492537322;;;;;;;;;;;;;;;;;;;;;;;;
71,11176464;2,730459954;7,434137023;;;;;;;;;;;;;;;;;;;;;;;;
71,44784799;2,743116088;7,376382868;;;;;;;;;;;;;;;;;;;;;;;;
71,77976017;2,755712688;7,319262656;;;;;;;;;;;;;;;;;;;;;;;;
72,10758737;2,768251042;7,262764568;;;;;;;;;;;;;;;;;;;;;;;;
72,43141295;2,780732391;7,206877152;;;;;;;;;;;;;;;;;;;;;;;;
72,75131765;2,793157939;7,151589306;;;;;;;;;;;;;;;;;;;;;;;;
73,06737962;2,805528849;7,096890264;;;;;;;;;;;;;;;;;;;;;;;;
73,37967457;2,817846247;7,04276958;;;;;;;;;;;;;;;;;;;;;;;;
73,68827587;2,830111224;6,989217112;;;;;;;;;;;;;;;;;;;;;;;;
73,99325468;2,842324836;6,936223016;;;;;;;;;;;;;;;;;;;;;;;;
74,29467999;2,854488107;6,883777726;;;;;;;;;;;;;;;;;;;;;;;;
74,59261876;2,866602029;6,831871948;;;;;;;;;;;;;;;;;;;;;;;;
74,88713596;2,878667566;6,780496645;;;;;;;;;;;;;;;;;;;;;;;;
75,17828549;2,890685652;6,729430402;;;;;;;;;;;;;;;;;;;;;;;;
75,46602517;2,902657194;6,67647408;;;;;;;;;;;;;;;;;;;;;;;;
75,75041799;2,91458309;6,624072752;;;;;;;;;;;;;;;;;;;;;;;;
76,03152514;2,926464213;6,572217232;;;;;;;;;;;;;;;;;;;;;;;;
76,30940607;2,938301408;6,520898578;;;;;;;;;;;;;;;;;;;;;;;;
76,5841186;2,950095498;6,470108085;;;;;;;;;;;;;;;;;;;;;;;;
76,85571895;2,961847281;6,419837274;;;;;;;;;;;;;;;;;;;;;;;;
77,12426178;2,973557536;6,370077885;;;;;;;;;;;;;;;;;;;;;;;;
77,3898003;2,985227015;6,320821868;;;;;;;;;;;;;;;;;;;;;;;;
77,65238631;2,996856455;6,272061378;;;;;;;;;;;;;;;;;;;;;;;;
77,91207023;3,008446569;6,223788761;;;;;;;;;;;;;;;;;;;;;;;;
78,16890115;3,019998052;6,175996554;;;;;;;;;;;;;;;;;;;;;;;;
78,42292692;3,031511582;6,128677476;;;;;;;;;;;;;;;;;;;;;;;;
78,67419414;3,042987818;6,08182442;;;;;;;;;;;;;;;;;;;;;;;;
78,92274825;3,054427401;6,035430449;;;;;;;;;;;;;;;;;;;;;;;;
79,16863355;3,065830958;5,989488789;;;;;;;;;;;;;;;;;;;;;;;;
79,41189324;3,077199096;5,943992824;;;;;;;;;;;;;;;;;;;;;;;;
79,65256944;3,088532411;5,898936089;;;;;;;;;;;;;;;;;;;;;;;;
79,89070327;3,099831482;5,85431227;;;;;;;;;;;;;;;;;;;;;;;;
80,12633486;3,111096873;5,810115192;;;;;;;;;;;;;;;;;;;;;;;;
80,35950337;3,122329135;5,76633882;;;;;;;;;;;;;;;;;;;;;;;;
80,59024703;3,133528806;5,722977252;;;;;;;;;;;;;;;;;;;;;;;;
80,8186032;3,14469641;5,680024715;;;;;;;;;;;;;;;;;;;;;;;;
81,04460835;3,15583246;5,637475562;;;;;;;;;;;;;;;;;;;;;;;;
81,26829813;3,166937456;5,595324266;;;;;;;;;;;;;;;;;;;;;;;;
81,48968752;3,178011885;5,553067402;;;;;;;;;;;;;;;;;;;;;;;;
81,70880428;3,189056227;5,51103599;;;;;;;;;;;;;;;;;;;;;;;;
81,92568238;3,200070952;5,469398252;;;;;;;;;;;;;;;;;;;;;;;;
82,14035502;3,211056518;5,428148897;;;;;;;;;;;;;;;;;;;;;;;;
82,35285466;3,222013373;5,387282742;;;;;;;;;;;;;;;;;;;;;;;;
82,56326562;3,232941956;5,348130559;;;;;;;;;;;;;;;;;;;;;;;;
82,77184281;3,243842688;5,315065952;;;;;;;;;;;;;;;;;;;;;;;;
82,97872127;3,254715951;5,285096039;;;;;;;;;;;;;;;;;;;;;;;;
83,18392195;3,265562105;5,255336562;;;;;;;;;;;;;;;;;;;;;;;;
83,38746543;3,276381503;5,225785328;;;;;;;;;;;;;;;;;;;;;;;;
83,58937186;3,287174492;5,19644018;;;;;;;;;;;;;;;;;;;;;;;;
83,78966107;3,297941411;5,167298995;;;;;;;;;;;;;;;;;;;;;;;;
83,98835247;3,308682593;5,138359688;;;;;;;;;;;;;;;;;;;;;;;;
84,18546516;3,319398365;5,109620208;;;;;;;;;;;;;;;;;;;;;;;;
84,38101785;3,330089047;5,081078535;;;;;;;;;;;;;;;;;;;;;;;;
84,57502895;3,340754953;5,052732685;;;;;;;;;;;;;;;;;;;;;;;;
84,76751651;3,351396391;5,024580703;;;;;;;;;;;;;;;;;;;;;;;;
84,95849829;3,362013666;4,996620667;;;;;;;;;;;;;;;;;;;;;;;;
85,14799171;3,372607074;4,968850684;;;;;;;;;;;;;;;;;;;;;;;;
85,33601389;3,383176906;4,941268891;;;;;;;;;;;;;;;;;;;;;;;;
85,52258166;3,39372345;4,913873456;;;;;;;;;;;;;;;;;;;;;;;;
85,70771156;3,404246986;4,886662572;;;;;;;;;;;;;;;;;;;;;;;;
85,89141983;3,414747791;4,859634461;;;;;;;;;;;;;;;;;;;;;;;;
86,07372245;3,425226137;4,832787373;;;;;;;;;;;;;;;;;;;;;;;;
86,25463513;3,43568229;4,806119584;;;;;;;;;;;;;;;;;;;;;;;;
86,4341733;3,446116512;4,779629395;;;;;;;;;;;;;;;;;;;;;;;;
86,61235214;3,45652906;4,753315132;;;;;;;;;;;;;;;;;;;;;;;;
86,78918659;3,466920188;4,727175147;;;;;;;;;;;;;;;;;;;;;;;;
86,96469133;3,477290143;4,701207816;;;;;;;;;;;;;;;;;;;;;;;;
87,1388808;3,487639171;4,675411537;;;;;;;;;;;;;;;;;;;;;;;;
87,31176921;3,497967511;4,649784732;;;;;;;;;;;;;;;;;;;;;;;;
87,48337054;3,5082754;4,624325848;;;;;;;;;;;;;;;;;;;;;;;;
87,65369854;3,518563069;4,59903335;;;;;;;;;;;;;;;;;;;;;;;;
87,82276676;3,528830748;4,573905728;;;;;;;;;;;;;;;;;;;;;;;;
87,99058851;3,53907866;4,548941491;;;;;;;;;;;;;;;;;;;;;;;;
88,1571769;3,549307027;4,52413917;;;;;;;;;;;;;;;;;;;;;;;;
88,32254485;3,559516065;4,499497315;;;;;;;;;;;;;;;;;;;;;;;;
88,48670505;3,569705989;4,475014499;;;;;;;;;;;;;;;;;;;;;;;;
88,64967003;3,579877008;4,450689311;;;;;;;;;;;;;;;;;;;;;;;;
88,81145208;3,59002933;4,426520361;;;;;;;;;;;;;;;;;;;;;;;;
87,94476397;3,600383042;-27,34979312;;;;;;;;;;;;;;;;;;;;;;;;
86,92534519;3,610859411;-26,98430628;;;;;;;;;;;;;;;;;;;;;;;;
85,90763409;3,621461053;-26,59782997;;;;;;;;;;;;;;;;;;;;;;;;
84,8925036;3,632191043;-26,28776791;;;;;;;;;;;;;;;;;;;;;;;;
83,87706067;3,643052353;-25,9362034;;;;;;;;;;;;;;;;;;;;;;;;
82,8629366;3,654047998;-25,57456476;;;;;;;;;;;;;;;;;;;;;;;;
81,85058476;3,665180997;-25,19622755;;;;;;;;;;;;;;;;;;;;;;;;
80,84075028;3,676454294;-24,78996732;;;;;;;;;;;;;;;;;;;;;;;;
79,83467752;3,687870612;-24,33541626;;;;;;;;;;;;;;;;;;;;;;;;
78,83452243;3,699433961;-24,07989437;;;;;;;;;;;;;;;;;;;;;;;;
77,83212323;3,711147732;-23,70143787;;;;;;;;;;;;;;;;;;;;;;;;
76,83264365;3,72301526;-23,30003826;;;;;;;;;;;;;;;;;;;;;;;;
75,83719379;3,735039718;-22,86415644;;;;;;;;;;;;;;;;;;;;;;;;
74,84744908;3,747223941;-22,37498018;;;;;;;;;;;;;;;;;;;;;;;;
73,86601073;3,759570549;-21,85699067;;;;;;;;;;;;;;;;;;;;;;;;
72,89451584;3,772082887;-21,43463808;;;;;;;;;;;;;;;;;;;;;;;;
71,92900509;3,784764065;-20,97780488;;;;;;;;;;;;;;;;;;;;;;;;
70,97132124;3,79761679;-20,47247988;;;;;;;;;;;;;;;;;;;;;;;;
70,02406352;3,81064309;-19,89715156;;;;;;;;;;;;;;;;;;;;;;;;
69,09099297;3,823846135;-19,4588504;;;;;;;;;;;;;;;;;;;;;;;;
68,16609511;3,837229399;-19,05211661;;;;;;;;;;;;;;;;;;;;;;;;
67,24816889;3,850796115;-18,61884364;;;;;;;;;;;;;;;;;;;;;;;;
66,3388212;3,864549139;-18,15090512;;;;;;;;;;;;;;;;;;;;;;;;
65,44015381;3,878490749;-17,63698164;;;;;;;;;;;;;;;;;;;;;;;;
64,55495734;3,892624558;-17,25291781;;;;;;;;;;;;;;;;;;;;;;;;
63,67709929;3,906953468;-16,80782899;;;;;;;;;;;;;;;;;;;;;;;;
62,81008299;3,921479798;-16,32327195;;;;;;;;;;;;;;;;;;;;;;;;
61,95646094;3,936205026;-15,78668196;;;;;;;;;;;;;;;;;;;;;;;;
61,11959596;3,951129407;-15,17994536;;;;;;;;;;;;;;;;;;;;;;;;
60,30401136;3,966255206;-14,7471575;;;;;;;;;;;;;;;;;;;;;;;;
59,50098618;3,981583905;-14,27223111;;;;;;;;;;;;;;;;;;;;;;;;
58,71339713;3,997115921;-13,74519281;;;;;;;;;;;;;;;;;;;;;;;;
57,94483117;4,012850171;-13,14852592;;;;;;;;;;;;;;;;;;;;;;;;
57,20005524;4,028783438;-12,45585885;;;;;;;;;;;;;;;;;;;;;;;;
56,48559015;4,044922622;-12,404067;;;;;;;;;;;;;;;;;;;;;;;;
55,76490067;4,061271086;-12,12914069;;;;;;;;;;;;;;;;;;;;;;;;
55,05104656;4,077831868;-11,83834293;;;;;;;;;;;;;;;;;;;;;;;;
54,34525857;4,094607559;-11,52796793;;;;;;;;;;;;;;;;;;;;;;;;
53,64905589;4,111592219;-10,7950973;;;;;;;;;;;;;;;;;;;;;;;;
52,9889921;4,128785131;-10,3699108;;;;;;;;;;;;;;;;;;;;;;;;
52,34715181;4,146183885;-9,887507833;;;;;;;;;;;;;;;;;;;;;;;;
51,72784268;4,163783694;-9,326550769;;;;;;;;;;;;;;;;;;;;;;;;
51,13691884;4,181576336;-8,652302513;;;;;;;;;;;;;;;;;;;;;;;;
50,58270849;4,199564351;-8,483985728;;;;;;;;;;;;;;;;;;;;;;;;
50,03331225;4,217730257;-7,491930846;;;;;;;;;;;;;;;;;;;;;;;;
49,54336051;4,236043331;-6,039169403;;;;;;;;;;;;;;;;;;;;;;;;
49,14521577;4,254383986;-1,119318589;;;;;;;;;;;;;;;;;;;;;;;;
49,07131124;4,272724642;0;;;;;;;;;;;;;;;;;;;;;;;;
48,99740671;4,291065297;-1,119318589;;;;;;;;;;;;;;;;;;;;;;;;
49,08638408;4,309433616;1,345574207;;;;;;;;;;;;;;;;;;;;;;;;
49,27317295;4,327768639;2,829873432;;;;;;;;;;;;;;;;;;;;;;;;
49,5141756;4,346034157;3,665112763;;;;;;;;;;;;;;;;;;;;;;;;
49,79279301;4,36421077;4,257873963;;;;;;;;;;;;;;;;;;;;;;;;
50,0996561;4,382285674;4,715916681;;;;;;;;;;;;;;;;;;;;;;;;
50,42864235;4,40024987;5,087067313;;;;;;;;;;;;;;;;;;;;;;;;
50,77542055;4,41809687;5,397393132;;;;;;;;;;;;;;;;;;;;;;;;
51,13676967;4,435821982;5,662856008;;;;;;;;;;;;;;;;;;;;;;;;
51,51021056;4,453421842;5,894000338;;;;;;;;;;;;;;;;;;;;;;;;
51,89378671;4,470894106;6,098175285;;;;;;;;;;;;;;;;;;;;;;;;
52,28592434;4,488237223;6,280711868;;;;;;;;;;;;;;;;;;;;;;;;
52,68533853;4,505450268;6,445598852;;;;;;;;;;;;;;;;;;;;;;;;
53,09096753;4,52253282;6,595895485;;;;;;;;;;;;;;;;;;;;;;;;
53,50192533;4,539484856;6,733996066;;;;;;;;;;;;;;;;;;;;;;;;
53,9174665;4,55630668;6,861806365;;;;;;;;;;;;;;;;;;;;;;;;
54,33695956;4,572998859;6,98086513;;;;;;;;;;;;;;;;;;;;;;;;
54,75986643;4,589562171;7,092430111;;;;;;;;;;;;;;;;;;;;;;;;
55,18572633;4,605997565;7,197540386;;;;;;;;;;;;;;;;;;;;;;;;
55,61414295;4,62230613;7,297062455;;;;;;;;;;;;;;;;;;;;;;;;
56,04477421;4,638489064;7,391724905;;;;;;;;;;;;;;;;;;;;;;;;
56,62744832;4,654547653;10,0789626;;;;;;;;;;;;;;;;;;;;;;;;
57,23266361;4,670441006;10,57771528;;;;;;;;;;;;;;;;;;;;;;;;
57,82195961;4,686166292;10,40956172;;;;;;;;;;;;;;;;;;;;;;;;
58,39605984;4,701731313;10,24555559;;;;;;;;;;;;;;;;;;;;;;;;
58,95563655;4,717143311;10,0855171;;;;;;;;;;;;;;;;;;;;;;;;
59,50130621;4,732409027;9,929105507;;;;;;;;;;;;;;;;;;;;;;;;
59,06356929;4,747934832;-19,60103716;;;;;;;;;;;;;;;;;;;;;;;;
57,96801055;4,763762397;-19,39634128;;;;;;;;;;;;;;;;;;;;;;;;
56,86282189;4,779906668;-19,19311708;;;;;;;;;;;;;;;;;;;;;;;;
55,74732991;4,796378169;-18,67710243;;;;;;;;;;;;;;;;;;;;;;;;
54,63982617;4,813187414;-18,14248955;;;;;;;;;;;;;;;;;;;;;;;;
53,54196459;4,83033663;-17,1927141;;;;;;;;;;;;;;;;;;;;;;;;
52,48053498;4,84778466;-14,30887413;;;;;;;;;;;;;;;;;;;;;;;;
51,58175296;4,865570723;-15,31058702;;;;;;;;;;;;;;;;;;;;;;;;
50,60141875;4,88369949;-14,65694601;;;;;;;;;;;;;;;;;;;;;;;;
49,64485425;4,90217012;-13,81849778;;;;;;;;;;;;;;;;;;;;;;;;
48,72600333;4,920961728;-12,30280962;;;;;;;;;;;;;;;;;;;;;;;;
47,89372089;4,940064244;-11,33516299;;;;;;;;;;;;;;;;;;;;;;;;
47,11421241;4,959453478;-9,98119175;;;;;;;;;;;;;;;;;;;;;;;;
46,41751284;4,979074725;-7,770332909;;;;;;;;;;;;;;;;;;;;;;;;
45,86864379;4,998937194;-7,79048682;;;;;;;;;;;;;;;;;;;;;;;;
45,31158588;5,019041038;-7,516890199;;;;;;;;;;;;;;;;;;;;;;;;
44,76755971;5,03938442;-7,197658076;;;;;;;;;;;;;;;;;;;;;;;;
44,24043075;5,059962604;-6,81403524;;;;;;;;;;;;;;;;;;;;;;;;
43,73563705;5,080766438;-6,334042905;;;;;;;;;;;;;;;;;;;;;;;;
43,26125649;5,10177954;-5,695322951;;;;;;;;;;;;;;;;;;;;;;;;
42,83042145;5,122971611;-4,741120171;;;;;;;;;;;;;;;;;;;;;;;;
42,4687145;5,144197307;-0,880457527;;;;;;;;;;;;;;;;;;;;;;;;
42,40143653;5,165423003;0;;;;;;;;;;;;;;;;;;;;;;;;
42,33415856;5,186648699;-0,880457527;;;;;;;;;;;;;;;;;;;;;;;;
42,49608567;5,207908127;2,115755501;;;;;;;;;;;;;;;;;;;;;;;;
42,67409385;5,229086548;2,334768759;;;;;;;;;;;;;;;;;;;;;;;;
42,86296742;5,250176627;2,487656916;;;;;;;;;;;;;;;;;;;;;;;;
43,05946658;5,271173773;2,599548573;;;;;;;;;;;;;;;;;;;;;;;;
43,26143602;5,2920751;2,684165529;;;;;;;;;;;;;;;;;;;;;;;;
43,46737886;5,312878848;2,749809535;;;;;;;;;;;;;;;;;;;;;;;;
43,67622478;5,33358403;2,80184714;;;;;;;;;;;;;;;;;;;;;;;;
43,8871924;5,354190207;2,843910268;;;;;;;;;;;;;;;;;;;;;;;;
44,09970246;5,374697328;2,878540022;;;;;;;;;;;;;;;;;;;;;;;;
44,3133205;5,395105629;2,907559236;;;;;;;;;;;;;;;;;;;;;;;;
44,52771777;5,41541555;2,932300937;;;;;;;;;;;;;;;;;;;;;;;;
44,74264381;5,435627679;2,953754907;;;;;;;;;;;;;;;;;;;;;;;;
44,95790679;5,455742717;2,972665144;;;;;;;;;;;;;;;;;;;;;;;;
45,17335928;5,475761443;2,989596576;;;;;;;;;;;;;;;;;;;;;;;;
45,38888766;5,49568469;3,004981807;;;;;;;;;;;;;;;;;;;;;;;;
45,6044043;5,515513332;3,019154515;;;;;;;;;;;;;;;;;;;;;;;;
45,81984163;5,535248268;3,032373689;;;;;;;;;;;;;;;;;;;;;;;;
46,03514761;5,554890414;3,044841459;;;;;;;;;;;;;;;;;;;;;;;;
46,25028239;5,574440693;3,056716361;;;;;;;;;;;;;;;;;;;;;;;;
46,46521555;5,593900034;3,068123293;;;;;;;;;;;;;;;;;;;;;;;;
46,67992416;5,613269362;3,079161062;;;;;;;;;;;;;;;;;;;;;;;;
46,89439114;5,632549599;3,08990813;;;;;;;;;;;;;;;;;;;;;;;;
47,10860404;5,651741659;3,100427027;;;;;;;;;;;;;;;;;;;;;;;;
47,32255408;5,67084645;3,110767757;;;;;;;;;;;;;;;;;;;;;;;;
47,53623536;5,689864865;3,120970438;;;;;;;;;;;;;;;;;;;;;;;;
47,74964432;5,708797791;3,131067357;;;;;;;;;;;;;;;;;;;;;;;;
47,96277918;5,727646099;3,141084576;;;;;;;;;;;;;;;;;;;;;;;;
48,30587514;5,746410649;5,078961703;;;;;;;;;;;;;;;;;;;;;;;;
48,72493716;5,765041923;6,247888074;;;;;;;;;;;;;;;;;;;;;;;;
49,19637511;5,783512958;7,089748279;;;;;;;;;;;;;;;;;;;;;;;;
49,70638791;5,801806989;7,744068311;;;;;;;;;;;;;;;;;;;;;;;;
50,25758737;5,819913314;8,45621417;;;;;;;;;;;;;;;;;;;;;;;;
50,82758886;5,837821057;8,841635726;;;;;;;;;;;;;;;;;;;;;;;;
51,41266246;5,855527976;9,17835809;;;;;;;;;;;;;;;;;;;;;;;;
52,0099148;5,873033392;9,477263294;;;;;;;;;;;;;;;;;;;;;;;;
52,61706049;5,890337784;9,74617153;;;;;;;;;;;;;;;;;;;;;;;;
53,27834849;5,907442503;10,7392069;;;;;;;;;;;;;;;;;;;;;;;;
53,97672603;5,924334918;11,48407472;;;;;;;;;;;;;;;;;;;;;;;;
54,65524265;5,941008771;11,30373642;;;;;;;;;;;;;;;;;;;;;;;;
55,31466225;5,957475627;11,1236846;;;;;;;;;;;;;;;;;;;;;;;;
55,95554801;5,973746178;10,94147517;;;;;;;;;;;;;;;;;;;;;;;;
56,57882056;5,989830374;10,76406072;;;;;;;;;;;;;;;;;;;;;;;;
57,185329;6,005737386;10,59121361;;;;;;;;;;;;;;;;;;;;;;;;
57,77585851;6,021475688;10,42272355;;;;;;;;;;;;;;;;;;;;;;;;
58,35113688;6,037053129;10,25839573;;;;;;;;;;;;;;;;;;;;;;;;
58,91184027;6,052476993;10,09804931;;;;;;;;;;;;;;;;;;;;;;;;
59,45859813;6,067754058;9,941515983;;;;;;;;;;;;;;;;;;;;;;;;
59,99183265;6,082890641;9,785610245;;;;;;;;;;;;;;;;;;;;;;;;
60,5120996;6,097892683;9,633261771;;;;;;;;;;;;;;;;;;;;;;;;
61,01992313;6,112765741;9,484403628;;;;;;;;;;;;;;;;;;;;;;;;
61,51579463;6,127515022;9,338901385;;;;;;;;;;;;;;;;;;;;;;;;
62,00017555;6,142145411;9,196628801;;;;;;;;;;;;;;;;;;;;;;;;
62,47349991;6,156661499;9,057467132;;;;;;;;;;;;;;;;;;;;;;;;
62,93896405;6,171067607;8,975053617;;;;;;;;;;;;;;;;;;;;;;;;
63,39644761;6,185367175;8,886895622;;;;;;;;;;;;;;;;;;;;;;;;
63,84619319;6,199563554;8,800083824;;;;;;;;;;;;;;;;;;;;;;;;
64,28843163;6,213659931;8,714580642;;;;;;;;;;;;;;;;;;;;;;;;
64,7233829;6,22765934;8,630350238;;;;;;;;;;;;;;;;;;;;;;;;
65,15125672;6,24156467;8,547358404;;;;;;;;;;;;;;;;;;;;;;;;
65,57225328;6,255378678;8,465572463;;;;;;;;;;;;;;;;;;;;;;;;
65,98656379;6,269103995;8,384961164;;;;;;;;;;;;;;;;;;;;;;;;
66,3943711;6,282743136;8,3054946;;;;;;;;;;;;;;;;;;;;;;;;
66,79585012;6,296298502;8,227144124;;;;;;;;;;;;;;;;;;;;;;;;
67,19116836;6,309772393;8,149882272;;;;;;;;;;;;;;;;;;;;;;;;
67,58048637;6,32316701;8,073682699;;;;;;;;;;;;;;;;;;;;;;;;
67,96395809;6,336484464;7,998520108;;;;;;;;;;;;;;;;;;;;;;;;
68,34173126;6,349726777;7,924370196;;;;;;;;;;;;;;;;;;;;;;;;
68,71394774;6,36289589;7,851209595;;;;;;;;;;;;;;;;;;;;;;;;
69,08085375;6,375993668;7,781345692;;;;;;;;;;;;;;;;;;;;;;;;
69,4429184;6,389021879;7,719671352;;;;;;;;;;;;;;;;;;;;;;;;
69,80025091;6,401982164;7,658707478;;;;;;;;;;;;;;;;;;;;;;;;
70,15295658;6,414876101;7,598439753;;;;;;;;;;;;;;;;;;;;;;;;
70,50113703;6,427705211;7,538854343;;;;;;;;;;;;;;;;;;;;;;;;
70,84489034;6,440470962;7,479937876;;;;;;;;;;;;;;;;;;;;;;;;
71,18431121;6,453174772;7,421677417;;;;;;;;;;;;;;;;;;;;;;;;
71,51949119;6,465818007;7,364060448;;;;;;;;;;;;;;;;;;;;;;;;
71,85051875;6,478401989;7,307074851;;;;;;;;;;;;;;;;;;;;;;;;
72,17747946;6,490927995;7,250708889;;;;;;;;;;;;;;;;;;;;;;;;
72,50045613;6,503397258;7,194951184;;;;;;;;;;;;;;;;;;;;;;;;
72,81952891;6,515810973;7,13979071;;;;;;;;;;;;;;;;;;;;;;;;
73,13477542;6,528170295;7,085216769;;;;;;;;;;;;;;;;;;;;;;;;
73,44627086;6,540476343;7,031218982;;;;;;;;;;;;;;;;;;;;;;;;
73,75408814;6,552730198;6,977787273;;;;;;;;;;;;;;;;;;;;;;;;
74,05829791;6,564932912;6,924911857;;;;;;;;;;;;;;;;;;;;;;;;
74,35896874;6,5770855;6,872583229;;;;;;;;;;;;;;;;;;;;;;;;
74,65616714;6,589188949;6,820792149;;;;;;;;;;;;;;;;;;;;;;;;
74,94995768;6,601244216;6,769529637;;;;;;;;;;;;;;;;;;;;;;;;
75,24036947;6,613252228;6,718009561;;;;;;;;;;;;;;;;;;;;;;;;
75,52738509;6,625213892;6,665173223;;;;;;;;;;;;;;;;;;;;;;;;
75,81106713;6,637130099;6,612889886;;;;;;;;;;;;;;;;;;;;;;;;
76,09147642;6,649001717;6,561150416;;;;;;;;;;;;;;;;;;;;;;;;
76,36867205;6,660829586;6,509945923;;;;;;;;;;;;;;;;;;;;;;;;
76,64271148;6,672614523;6,45926775;;;;;;;;;;;;;;;;;;;;;;;;
76,9136506;6,684357322;6,409107468;;;;;;;;;;;;;;;;;;;;;;;;
77,18154375;6,696058756;6,359456862;;;;;;;;;;;;;;;;;;;;;;;;
77,44644383;6,707719575;6,310307926;;;;;;;;;;;;;;;;;;;;;;;;
77,70840235;6,719340509;6,261652856;;;;;;;;;;;;;;;;;;;;;;;;
77,96746942;6,730922268;6,213484041;;;;;;;;;;;;;;;;;;;;;;;;
78,22369388;6,742465544;6,165794057;;;;;;;;;;;;;;;;;;;;;;;;
78,4771233;6,753971009;6,118575661;;;;;;;;;;;;;;;;;;;;;;;;
78,72780403;6,765439319;6,071821784;;;;;;;;;;;;;;;;;;;;;;;;
78,97578126;6,776871113;6,025525522;;;;;;;;;;;;;;;;;;;;;;;;
79,22109904;6,788267012;5,979680138;;;;;;;;;;;;;;;;;;;;;;;;
79,46380034;6,799627621;5,934279047;;;;;;;;;;;;;;;;;;;;;;;;
79,70392708;6,810953533;5,889315819;;;;;;;;;;;;;;;;;;;;;;;;
79,94152015;6,822245323;5,844784168;;;;;;;;;;;;;;;;;;;;;;;;
80,17661947;6,833503553;5,80067795;;;;;;;;;;;;;;;;;;;;;;;;
80,40926399;6,844728771;5,75699116;;;;;;;;;;;;;;;;;;;;;;;;
80,63949177;6,855921511;5,713717923;;;;;;;;;;;;;;;;;;;;;;;;
80,86733996;6,867082295;5,670852494;;;;;;;;;;;;;;;;;;;;;;;;
81,09284485;6,878211634;5,628389252;;;;;;;;;;;;;;;;;;;;;;;;
81,31604192;6,889310024;5,586322695;;;;;;;;;;;;;;;;;;;;;;;;
81,53694029;6,900377951;5,544006352;;;;;;;;;;;;;;;;;;;;;;;;
81,75557339;6,911415892;5,502059946;;;;;;;;;;;;;;;;;;;;;;;;
81,97197502;6,922424316;5,460506068;;;;;;;;;;;;;;;;;;;;;;;;
82,18617823;6,933403678;5,41933945;;;;;;;;;;;;;;;;;;;;;;;;
82,39821532;6,944354425;5,378554935;;;;;;;;;;;;;;;;;;;;;;;;
82,6082223;6,955276991;5,340802574;;;;;;;;;;;;;;;;;;;;;;;;
82,81643273;6,966171791;5,308609124;;;;;;;;;;;;;;;;;;;;;;;;
83,02294897;6,977039199;5,27868461;;;;;;;;;;;;;;;;;;;;;;;;
83,22779188;6,987879575;5,248970057;;;;;;;;;;;;;;;;;;;;;;;;
83,43098196;6,998693271;5,219463281;;;;;;;;;;;;;;;;;;;;;;;;
83,63253928;7,00948063;5,190162131;;;;;;;;;;;;;;;;;;;;;;;;
83,83248357;7,020241992;5,161064494;;;;;;;;;;;;;;;;;;;;;;;;
84,03083419;7,030977687;5,132168292;;;;;;;;;;;;;;;;;;;;;;;;
84,22761015;7,041688042;5,103471479;;;;;;;;;;;;;;;;;;;;;;;;
84,42283009;7,052373374;5,074972045;;;;;;;;;;;;;;;;;;;;;;;;
84,61651235;7,063033997;5,04666801;;;;;;;;;;;;;;;;;;;;;;;;
84,80867492;7,073670219;5,018557429;;;;;;;;;;;;;;;;;;;;;;;;
84,99933546;7,084282341;4,990638383;;;;;;;;;;;;;;;;;;;;;;;;
85,18851136;7,094870659;4,962908989;;;;;;;;;;;;;;;;;;;;;;;;
85,37621965;7,105435464;4,935367388;;;;;;;;;;;;;;;;;;;;;;;;
85,56247711;7,115977041;4,908011755;;;;;;;;;;;;;;;;;;;;;;;;
85,74730022;7,126495671;4,880840288;;;;;;;;;;;;;;;;;;;;;;;;
85,93070515;7,136991628;4,853851217;;;;;;;;;;;;;;;;;;;;;;;;
86,11270783;7,147465183;4,827042795;;;;;;;;;;;;;;;;;;;;;;;;
86,2933239;7,157916602;4,800413305;;;;;;;;;;;;;;;;;;;;;;;;
86,47256875;7,168346146;4,773961054;;;;;;;;;;;;;;;;;;;;;;;;
86,65045751;7,178754071;4,747684372;;;;;;;;;;;;;;;;;;;;;;;;
86,82700504;7,189140629;4,721581618;;;;;;;;;;;;;;;;;;;;;;;;
87,00222598;7,199506068;4,695651171;;;;;;;;;;;;;;;;;;;;;;;;
87,17613473;7,209850631;4,669891435;;;;;;;;;;;;;;;;;;;;;;;;
87,34874544;7,220174557;4,644300839;;;;;;;;;;;;;;;;;;;;;;;;
87,52007205;7,230478082;4,618877831;;;;;;;;;;;;;;;;;;;;;;;;
87,69012826;7,240761438;4,593620883;;;;;;;;;;;;;;;;;;;;;;;;
87,85892756;7,251024851;4,568528488;;;;;;;;;;;;;;;;;;;;;;;;
88,02648323;7,261268545;4,543599162;;;;;;;;;;;;;;;;;;;;;;;;
88,19280833;7,271492741;4,518831438;;;;;;;;;;;;;;;;;;;;;;;;
88,35791573;7,281697654;4,494223873;;;;;;;;;;;;;;;;;;;;;;;;
88,52181809;7,291883499;4,469775041;;;;;;;;;;;;;;;;;;;;;;;;
88,68452789;7,302050484;4,445483537;;;;;;;;;;;;;;;;;;;;;;;;
88,84605739;7,312198816;4,421347974;;;;;;;;;;;;;;;;;;;;;;;;
89,00641868;7,322328697;4,397366986;;;;;;;;;;;;;;;;;;;;;;;;
89,16562369;7,332440327;4,373539223;;;;;;;;;;;;;;;;;;;;;;;;
89,32368412;7,342533903;4,349863352;;;;;;;;;;;;;;;;;;;;;;;;
89,48061154;7,352609618;4,326338061;;;;;;;;;;;;;;;;;;;;;;;;
89,63641733;7,362667663;4,302962053;;;;;;;;;;;;;;;;;;;;;;;;
89,79111269;7,372708225;4,279734048;;;;;;;;;;;;;;;;;;;;;;;;
89,94470868;7,382731489;4,256652783;;;;;;;;;;;;;;;;;;;;;;;;
90,09721619;7,392737636;4,23371701;;;;;;;;;;;;;;;;;;;;;;;;
90,24862694;7,402726846;4,210397359;;;;;;;;;;;;;;;;;;;;;;;;
90,39893688;7,412699297;4,186810166;;;;;;;;;;;;;;;;;;;;;;;;
90,548157;7,422655166;4,163376706;;;;;;;;;;;;;;;;;;;;;;;;
90,69629817;7,432594628;4,140095651;;;;;;;;;;;;;;;;;;;;;;;;
90,84337108;7,442517856;4,116965685;;;;;;;;;;;;;;;;;;;;;;;;
90,98938628;7,452425018;4,093985513;;;;;;;;;;;;;;;;;;;;;;;;
91,13435416;7,462316282;4,071153854;;;;;;;;;;;;;;;;;;;;;;;;
91,27828497;7,472191811;4,048469445;;;;;;;;;;;;;;;;;;;;;;;;
91,4211888;7,482051768;4,025931036;;;;;;;;;;;;;;;;;;;;;;;;
91,56307561;7,491896313;4,003537396;;;;;;;;;;;;;;;;;;;;;;;;
91,70395523;7,501725603;3,981287307;;;;;;;;;;;;;;;;;;;;;;;;
91,84383733;7,511539793;3,959179567;;;;;;;;;;;;;;;;;;;;;;;;
91,98273146;7,521339035;3,937212987;;;;;;;;;;;;;;;;;;;;;;;;
92,12064704;7,53112348;3,915386395;;;;;;;;;;;;;;;;;;;;;;;;
92,25759336;7,540893277;3,893698632;;;;;;;;;;;;;;;;;;;;;;;;
92,39357958;7,550648571;3,872148552;;;;;;;;;;;;;;;;;;;;;;;;
92,52861474;7,560389508;3,850735025;;;;;;;;;;;;;;;;;;;;;;;;
92,66270775;7,570116229;3,829456931;;;;;;;;;;;;;;;;;;;;;;;;
92,79586741;7,579828874;3,808313168;;;;;;;;;;;;;;;;;;;;;;;;
92,9281024;7,589527582;3,787302642;;;;;;;;;;;;;;;;;;;;;;;;
93,05942128;7,599212488;3,766424275;;;;;;;;;;;;;;;;;;;;;;;;
93,18983251;7,608883728;3,745677001;;;;;;;;;;;;;;;;;;;;;;;;
93,31934442;7,618541434;3,725059765;;;;;;;;;;;;;;;;;;;;;;;;
93,44796526;7,628185737;3,704571527;;;;;;;;;;;;;;;;;;;;;;;;
93,57570313;7,637816765;3,684211256;;;;;;;;;;;;;;;;;;;;;;;;
93,70256607;7,647434647;3,663977933;;;;;;;;;;;;;;;;;;;;;;;;
93,82856198;7,657039506;3,643870553;;;;;;;;;;;;;;;;;;;;;;;;
93,95369869;7,666631468;3,62388812;;;;;;;;;;;;;;;;;;;;;;;;
94,07798391;7,676210655;3,60402965;;;;;;;;;;;;;;;;;;;;;;;;
94,20142526;7,685777186;3,584294171;;;;;;;;;;;;;;;;;;;;;;;;
94,32403026;7,695331182;3,564680719;;;;;;;;;;;;;;;;;;;;;;;;
94,44580633;7,704872759;3,545188344;;;;;;;;;;;;;;;;;;;;;;;;
94,56676082;7,714402033;3,525816104;;;;;;;;;;;;;;;;;;;;;;;;
94,68690097;7,723919119;3,506563068;;;;;;;;;;;;;;;;;;;;;;;;
94,80623392;7,73342413;3,487428316;;;;;;;;;;;;;;;;;;;;;;;;
94,92476675;7,742917177;3,468410938;;;;;;;;;;;;;;;;;;;;;;;;
95,04250644;7,752398369;3,449510032;;;;;;;;;;;;;;;;;;;;;;;;
95,15945988;7,761867816;3,430724707;;;;;;;;;;;;;;;;;;;;;;;;
95,27563388;7,771325625;3,412054082;;;;;;;;;;;;;;;;;;;;;;;;
95,39103518;7,780771902;3,393497284;;;;;;;;;;;;;;;;;;;;;;;;
95,5056704;7,790206751;3,375053451;;;;;;;;;;;;;;;;;;;;;;;;
95,61954614;7,799630275;3,356721729;;;;;;;;;;;;;;;;;;;;;;;;
95,73266887;7,809042577;3,338501272;;;;;;;;;;;;;;;;;;;;;;;;
95,84504501;7,818443756;3,320391245;;;;;;;;;;;;;;;;;;;;;;;;
95,78995552;7,827941351;-30,09902161;;;;;;;;;;;;;;;;;;;;;;;;
94,76082956;7,837542898;-29,68064721;;;;;;;;;;;;;;;;;;;;;;;;
93,73490116;7,847250591;-29,32740986;;;;;;;;;;;;;;;;;;;;;;;;
92,70997577;7,857066701;-28,97611965;;;;;;;;;;;;;;;;;;;;;;;;
91,68601781;7,86699357;-28,62595277;;;;;;;;;;;;;;;;;;;;;;;;
90,66301982;7,877033617;-28,27567169;;;;;;;;;;;;;;;;;;;;;;;;
89,64101921;7,887189369;-27,93399803;;;;;;;;;;;;;;;;;;;;;;;;
88,61973252;7,89746344;-27,5931238;;;;;;;;;;;;;;;;;;;;;;;;
87,59915508;7,907858533;-27,25210844;;;;;;;;;;;;;;;;;;;;;;;;
86,57931762;7,918377428;-26,90941296;;;;;;;;;;;;;;;;;;;;;;;;
85,5603113;7,929022984;-26,56269465;;;;;;;;;;;;;;;;;;;;;;;;
84,54232258;7,939798112;-26,20821997;;;;;;;;;;;;;;;;;;;;;;;;
83,5256937;7,950705955;-25,87985432;;;;;;;;;;;;;;;;;;;;;;;;
82,50943749;7,96174973;-25,54400244;;;;;;;;;;;;;;;;;;;;;;;;
81,49386947;7,972932743;-25,20351968;;;;;;;;;;;;;;;;;;;;;;;;
80,47920483;7,984258371;-24,8553089;;;;;;;;;;;;;;;;;;;;;;;;
79,46579776;7,995730029;-24,49465721;;;;;;;;;;;;;;;;;;;;;;;;
78,45421813;8,007351122;-24,11407388;;;;;;;;;;;;;;;;;;;;;;;;
77,44538331;8,019125658;-23,8096917;;;;;;;;;;;;;;;;;;;;;;;;
76,43613021;8,031057522;-23,46300662;;;;;;;;;;;;;;;;;;;;;;;;
75,42828358;8,043150645;-23,10357796;;;;;;;;;;;;;;;;;;;;;;;;
74,42246371;8,055408953;-22,72536749;;;;;;;;;;;;;;;;;;;;;;;;
73,41959533;8,067836275;-22,31914905;;;;;;;;;;;;;;;;;;;;;;;;
72,42107322;8,080436191;-21,87018649;;;;;;;;;;;;;;;;;;;;;;;;
71,42904818;8,093214001;-21,61833583;;;;;;;;;;;;;;;;;;;;;;;;
70,43460219;8,106174233;-21,24877608;;;;;;;;;;;;;;;;;;;;;;;;
69,44320155;8,119321357;-20,85721238;;;;;;;;;;;;;;;;;;;;;;;;
68,45603707;8,13265967;-20,43481901;;;;;;;;;;;;;;;;;;;;;;;;
67,47479942;8,146193112;-19,96836848;;;;;;;;;;;;;;;;;;;;;;;;
66,50193275;8,159925128;-19,45306397;;;;;;;;;;;;;;;;;;;;;;;;
65,54026549;8,173860554;-19,06938832;;;;;;;;;;;;;;;;;;;;;;;;
64,58360131;8,188004052;-18,66030277;;;;;;;;;;;;;;;;;;;;;;;;
63,6334823;8,202359952;-18,21726338;;;;;;;;;;;;;;;;;;;;;;;;
62,6919915;8,216932022;-17,7280503;;;;;;;;;;;;;;;;;;;;;;;;
61,7619877;8,231722733;-17,14639606;;;;;;;;;;;;;;;;;;;;;;;;
60,84900109;8,246735342;-16,64143252;;;;;;;;;;;;;;;;;;;;;;;;
59,94960837;8,261971971;-16,06918028;;;;;;;;;;;;;;;;;;;;;;;;
59,06818388;8,277432983;-15,40161332;;;;;;;;;;;;;;;;;;;;;;;;
58,21093555;8,293115974;-14,59336705;;;;;;;;;;;;;;;;;;;;;;;;
57,38701203;8,309014044;-13,56500522;;;;;;;;;;;;;;;;;;;;;;;;
56,61064538;8,325143176;-13,96695218;;;;;;;;;;;;;;;;;;;;;;;;
55,79965606;8,341504656;-13,45315415;;;;;;;;;;;;;;;;;;;;;;;;
55,0072474;8,358098013;-12,86781691;;;;;;;;;;;;;;;;;;;;;;;;
54,23857441;8,374920191;-12,18254376;;;;;;;;;;;;;;;;;;;;;;;;
53,50080151;8,391955353;-10,90717692;;;;;;;;;;;;;;;;;;;;;;;;
52,83190162;8,409203939;-10,5276539;;;;;;;;;;;;;;;;;;;;;;;;
52,17818787;8,426665062;-10,10356608;;;;;;;;;;;;;;;;;;;;;;;;
51,54307728;8,444335995;-9,619989435;;;;;;;;;;;;;;;;;;;;;;;;
50,93109822;8,462211418;-9,054025394;;;;;;;;;;;;;;;;;;;;;;;;
50,34845789;8,480293593;-8,8436398;;;;;;;;;;;;;;;;;;;;;;;;
49,77277382;8,498572075;-8,12355009;;;;;;;;;;;;;;;;;;;;;;;;
49,23822362;8,517029512;-7,184538456;;;;;;;;;;;;;;;;;;;;;;;;
48,76083424;8,535635444;-5,810071054;;;;;;;;;;;;;;;;;;;;;;;;
48,37166779;8,554269541;-1,089860676;;;;;;;;;;;;;;;;;;;;;;;;
48,29855694;8,572903639;0;;;;;;;;;;;;;;;;;;;;;;;;
48,22544608;8,591537736;-1,089860676;;;;;;;;;;;;;;;;;;;;;;;;
48,40276734;8,610200082;2,639319946;;;;;;;;;;;;;;;;;;;;;;;;
48,59252995;8,628794061;2,834887459;;;;;;;;;;;;;;;;;;;;;;;;
48,79189514;8,647315426;2,99001827;;;;;;;;;;;;;;;;;;;;;;;;
48,99882122;8,665761112;3,116146738;;;;;;;;;;;;;;;;;;;;;;;;
49,21178477;8,684128901;3,220667542;;;;;;;;;;;;;;;;;;;;;;;;
49,42961881;8,702417204;3,308642582;;;;;;;;;;;;;;;;;;;;;;;;
49,65141165;8,72062491;3,383683884;;;;;;;;;;;;;;;;;;;;;;;;
49,87644016;8,738751283;3,448451585;;;;;;;;;;;;;;;;;;;;;;;;
50,10412382;8,756795875;3,504953812;;;;;;;;;;;;;;;;;;;;;;;;
50,33399207;8,774758468;3,554736794;;;;;;;;;;;;;;;;;;;;;;;;
50,56566044;8,792639029;3,599010493;;;;;;;;;;;;;;;;;;;;;;;;
50,79881274;8,810437669;3,638734492;;;;;;;;;;;;;;;;;;;;;;;;
51,03318747;8,828154619;3,674678412;;;;;;;;;;;;;;;;;;;;;;;;
51,2685674;8,845790201;3,707465448;;;;;;;;;;;;;;;;;;;;;;;;
51,50477135;8,863344817;3,737604397;;;;;;;;;;;;;;;;;;;;;;;;
51,74164774;8,880818926;3,765513629;;;;;;;;;;;;;;;;;;;;;;;;
51,97906939;8,898213038;3,791539319;;;;;;;;;;;;;;;;;;;;;;;;
52,21692938;8,9155277;3,815969493;;;;;;;;;;;;;;;;;;;;;;;;
52,45513768;8,932763489;3,839044978;;;;;;;;;;;;;;;;;;;;;;;;
52,69361835;8,949921008;3,860968036;;;;;;;;;;;;;;;;;;;;;;;;
52,93230732;8,967000875;3,881909214;;;;;;;;;;;;;;;;;;;;;;;;
53,17115052;8,984003723;3,902012853;;;;;;;;;;;;;;;;;;;;;;;;
53,4101023;9,000930196;3,921401517;;;;;;;;;;;;;;;;;;;;;;;;
53,73034222;9,01778094;5,279026788;;;;;;;;;;;;;;;;;;;;;;;;
54,10879609;9,034531252;6,276066613;;;;;;;;;;;;;;;;;;;;;;;;
54,53025762;9,051164408;7,038511139;;;;;;;;;;;;;;;;;;;;;;;;
54,98504461;9,067669006;7,654213442;;;;;;;;;;;;;;;;;;;;;;;;
55,52846955;9,084037093;9,222297708;;;;;;;;;;;;;;;;;;;;;;;;
56,11851909;9,100244995;10,11251478;;;;;;;;;;;;;;;;;;;;;;;;
56,73737395;9,116282482;10,71889465;;;;;;;;;;;;;;;;;;;;;;;;
57,33967379;9,132145042;10,54719476;;;;;;;;;;;;;;;;;;;;;;;;
57,92618833;9,14784098;10,37980007;;;;;;;;;;;;;;;;;;;;;;;;
58,49763147;9,163377994;10,21651955;;;;;;;;;;;;;;;;;;;;;;;;
59,05466683;9,178763233;10,05717571;;;;;;;;;;;;;;;;;;;;;;;;
59,59787219;9,194003349;9,900867765;;;;;;;;;;;;;;;;;;;;;;;;
60,12769853;9,209104559;9,745840245;;;;;;;;;;;;;;;;;;;;;;;;
60,64469626;9,224072703;9,594408438;;;;;;;;;;;;;;;;;;;;;;;;
61,14938075;9,238913242;9,446431346;;;;;;;;;;;;;;;;;;;;;;;;
61,64223539;9,253631298;9,301776725;;;;;;;;;;;;;;;;;;;;;;;;
62,12371433;9,268231677;9,16032034;;;;;;;;;;;;;;;;;;;;;;;;
62,59424484;9,282718898;9,021945285;;;;;;;;;;;;;;;;;;;;;;;;
63,0576282;9,297097217;8,95220106;;;;;;;;;;;;;;;;;;;;;;;;
63,51309467;9,311369875;8,864393727;;;;;;;;;;;;;;;;;;;;;;;;
63,96088374;9,325540182;8,777922732;;;;;;;;;;;;;;;;;;;;;;;;
64,40122339;9,339611282;8,692750953;;;;;;;;;;;;;;;;;;;;;;;;
64,83433087;9,353586172;8,608842984;;;;;;;;;;;;;;;;;;;;;;;;
65,26041338;9,367467706;8,526165021;;;;;;;;;;;;;;;;;;;;;;;;
65,67966875;9,381258609;8,444684763;;;;;;;;;;;;;;;;;;;;;;;;
66,09228598;9,394961479;8,364371315;;;;;;;;;;;;;;;;;;;;;;;;
66,49844582;9,408578802;8,2851951;;;;;;;;;;;;;;;;;;;;;;;;
66,89832124;9,422112953;8,207127784;;;;;;;;;;;;;;;;;;;;;;;;
67,29207792;9,435566205;8,130142198;;;;;;;;;;;;;;;;;;;;;;;;
67,67987465;9,448940737;8,054212273;;;;;;;;;;;;;;;;;;;;;;;;
68,06186374;9,462238634;7,979312974;;;;;;;;;;;;;;;;;;;;;;;;
68,4381914;9,475461898;7,905420243;;;;;;;;;;;;;;;;;;;;;;;;
68,80899803;9,48861245;7,832510947;;;;;;;;;;;;;;;;;;;;;;;;
69,17464536;9,501692134;7,765378518;;;;;;;;;;;;;;;;;;;;;;;;
69,53547987;9,514702682;7,703888719;;;;;;;;;;;;;;;;;;;;;;;;
69,89160976;9,527645715;7,643105648;;;;;;;;;;;;;;;;;;;;;;;;
70,24313935;9,540522797;7,583015114;;;;;;;;;;;;;;;;;;;;;;;;
70,59016932;9,553335436;7,523603406;;;;;;;;;;;;;;;;;;;;;;;;
70,93279688;9,566085087;7,464857265;;;;;;;;;;;;;;;;;;;;;;;;
71,27111591;9,578773153;7,406763865;;;;;;;;;;;;;;;;;;;;;;;;
71,60521714;9,591400989;7,349310795;;;;;;;;;;;;;;;;;;;;;;;;
71,93518827;9,603969906;7,292486036;;;;;;;;;;;;;;;;;;;;;;;;
72,26111416;9,616481168;7,236277944;;;;;;;;;;;;;;;;;;;;;;;;
72,58307692;9,628935999;7,180675235;;;;;;;;;;;;;;;;;;;;;;;;
72,90115604;9,641335584;7,125666967;;;;;;;;;;;;;;;;;;;;;;;;
73,2154285;9,653681067;7,071242527;;;;;;;;;;;;;;;;;;;;;;;;
73,52596891;9,665973558;7,017391616;;;;;;;;;;;;;;;;;;;;;;;;
73,83284957;9,678214131;6,964104232;;;;;;;;;;;;;;;;;;;;;;;;
74,1361406;9,690403827;6,911370666;;;;;;;;;;;;;;;;;;;;;;;;
74,43591002;9,702543656;6,85918148;;;;;;;;;;;;;;;;;;;;;;;;
74,73222384;9,714634594;6,807527503;;;;;;;;;;;;;;;;;;;;;;;;
75,02514615;9,726677592;6,756399819;;;;;;;;;;;;;;;;;;;;;;;;
75,31467641;9,73867357;6,704336413;;;;;;;;;;;;;;;;;;;;;;;;
75,60082681;9,750623432;6,651643511;;;;;;;;;;;;;;;;;;;;;;;;
75,88365948;9,762528063;6,599501232;;;;;;;;;;;;;;;;;;;;;;;;
75,57034073;9,774549707;-16,29866684;;;;;;;;;;;;;;;;;;;;;;;;
74,86496835;9,786679869;-15,33714695;;;;;;;;;;;;;;;;;;;;;;;;
74,19521688;9,798912953;-14,17452492;;;;;;;;;;;;;;;;;;;;;;;;
73,57098354;9,811249793;-13,93183287;;;;;;;;;;;;;;;;;;;;;;;;
72,95223431;9,823690526;-13,60294681;;;;;;;;;;;;;;;;;;;;;;;;
72,34300404;9,836235091;-13,25919713;;;;;;;;;;;;;;;;;;;;;;;;
71,74421291;9,84888319;-12,89771207;;;;;;;;;;;;;;;;;;;;;;;;
71,15693938;9,861629416;-11,93821747;;;;;;;;;;;;;;;;;;;;;;;;
70,60913741;9,874472445;-11,51100062;;;;;;;;;;;;;;;;;;;;;;;;
70,0769274;9,887410463;-11,04613056;;;;;;;;;;;;;;;;;;;;;;;;
69,56243328;9,900441039;-10,53329867;;;;;;;;;;;;;;;;;;;;;;;;
69,06831543;9,913560955;-9,957620211;;;;;;;;;;;;;;;;;;;;;;;;
68,59800012;9,926765941;-9,296270332;;;;;;;;;;;;;;;;;;;;;;;;
68,15607449;9,940059465;-9,485317597;;;;;;;;;;;;;;;;;;;;;;;;
67,70213863;9,953435934;-8,717736592;;;;;;;;;;;;;;;;;;;;;;;;
67,28233353;9,966887601;-7,767063629;;;;;;;;;;;;;;;;;;;;;;;;
66,9062057;9,980402945;-6,478819655;;;;;;;;;;;;;;;;;;;;;;;;
66,59097717;9,99395957;-4,154795583;;;;;;;;;;;;;;;;;;;;;;;;
66,38820715;10,00755668;-4,038561296;;;;;;;;;;;;;;;;;;;;;;;;
66,19052117;10,0211945;-4,023595537;;;;;;;;;;;;;;;;;;;;;;;;
65,99297819;10,03487323;-4,00866888;;;;;;;;;;;;;;;;;;;;;;;;
65,79557758;10,04859309;-3,993770766;;;;;;;;;;;;;;;;;;;;;;;;
65,59831921;10,06235431;-3,978888001;;;;;;;;;;;;;;;;;;;;;;;;
65,40120361;10,07615709;-3,964004034;;;;;;;;;;;;;;;;;;;;;;;;
65,20423215;10,09000167;-3,949098031;;;;;;;;;;;;;;;;;;;;;;;;
65,00740723;10,10388826;-3,93414367;;;;;;;;;;;;;;;;;;;;;;;;
64,81073262;10,11781708;-3,919107597;;;;;;;;;;;;;;;;;;;;;;;;
64,61421381;10,13178836;-3,903947412;;;;;;;;;;;;;;;;;;;;;;;;
64,41785848;10,14580232;-3,888609051;;;;;;;;;;;;;;;;;;;;;;;;
64,22167717;10,15985918;-3,873023354;;;;;;;;;;;;;;;;;;;;;;;;
64,02568401;10,17395916;-3,857101557;;;;;;;;;;;;;;;;;;;;;;;;
63,82989788;10,18810246;-3,840729324;;;;;;;;;;;;;;;;;;;;;;;;
63,63434368;10,20228931;-3,823758791;;;;;;;;;;;;;;;;;;;;;;;;
63,43905422;10,21651989;-3,805997855;;;;;;;;;;;;;;;;;;;;;;;;
63,24407258;10,2307944;-3,787195625;;;;;;;;;;;;;;;;;;;;;;;;
63,0494553;10,245113;-3,767022362;;;;;;;;;;;;;;;;;;;;;;;;
62,85527665;10,25947586;-3,745041391;;;;;;;;;;;;;;;;;;;;;;;;
62,66163449;10,27388308;-3,720668978;;;;;;;;;;;;;;;;;;;;;;;;
62,46865824;10,28833476;-3,693115561;;;;;;;;;;;;;;;;;;;;;;;;
62,27652011;10,30283091;-3,661296997;;;;;;;;;;;;;;;;;;;;;;;;
62,08545115;10,31737148;-3,623695221;;;;;;;;;;;;;;;;;;;;;;;;
61,89576495;10,33195633;-3,578128527;;;;;;;;;;;;;;;;;;;;;;;;
61,70789374;10,34658513;-3,521348197;;;;;;;;;;;;;;;;;;;;;;;;
61,5224465;10,36125738;-3,4482685;;;;;;;;;;;;;;;;;;;;;;;;
61,34030868;10,3759722;-3,35031688;;;;;;;;;;;;;;;;;;;;;;;;
61,16283118;10,39072817;-3,211235591;;;;;;;;;;;;;;;;;;;;;;;;
60,9922455;10,40552281;-2,992748441;;;;;;;;;;;;;;;;;;;;;;;;
60,83284963;10,42033851;-1,621276804;;;;;;;;;;;;;;;;;;;;;;;;
60,74637638;10,43515421;0;;;;;;;;;;;;;;;;;;;;;;;;
60,65990313;10,44996991;-1,621276804;;;;;;;;;;;;;;;;;;;;;;;;
60,6926043;10,46480673;0,612237584;;;;;;;;;;;;;;;;;;;;;;;;
60,7693118;10,47963555;1,436906847;;;;;;;;;;;;;;;;;;;;;;;;
60,87435383;10,49444566;1,970164142;;;;;;;;;;;;;;;;;;;;;;;;
61,0003972;10,50923021;2,368150829;;;;;;;;;;;;;;;;;;;;;;;;
61,14299593;10,52398421;2,684746764;;;;;;;;;;;;;;;;;;;;;;;;
61,29911709;10,5387038;2,946208395;;;;;;;;;;;;;;;;;;;;;;;;
61,46654435;10,55338591;3,167636834;;;;;;;;;;;;;;;;;;;;;;;;
61,64358328;10,56802802;3,358632969;;;;;;;;;;;;;;;;;;;;;;;;
61,82889632;10,58262808;3,525728503;;;;;;;;;;;;;;;;;;;;;;;;
62,0214023;10,59718438;3,673590106;;;;;;;;;;;;;;;;;;;;;;;;
62,22021103;10,6116955;3,805677909;;;;;;;;;;;;;;;;;;;;;;;;
62,42457889;10,62616025;3,92463309;;;;;;;;;;;;;;;;;;;;;;;;
62,63387726;10,64057765;4,032519385;;;;;;;;;;;;;;;;;;;;;;;;
62,84756956;10,65494687;4,130980579;;;;;;;;;;;;;;;;;;;;;;;;
63,06519396;10,66926723;4,221347128;;;;;;;;;;;;;;;;;;;;;;;;
63,28635022;10,68353818;4,304710604;;;;;;;;;;;;;;;;;;;;;;;;
63,51068936;10,69775926;4,381977078;;;;;;;;;;;;;;;;;;;;;;;;
63,22253747;10,7121035;-9,287270532;;;;;;;;;;;;;;;;;;;;;;;;
62,74294962;10,72655985;-9,349773807;;;;;;;;;;;;;;;;;;;;;;;;
62,25636051;10,74113115;-9,361997936;;;;;;;;;;;;;;;;;;;;;;;;
61,76526126;10,7558204;-9,379012101;;;;;;;;;;;;;;;;;;;;;;;;
61,26928684;10,77063082;-9,401019871;;;;;;;;;;;;;;;;;;;;;;;;
60,76804802;10,78556582;-9,428224686;;;;;;;;;;;;;;;;;;;;;;;;
60,26113008;10,80062906;-9,460828083;;;;;;;;;;;;;;;;;;;;;;;;
59,74809139;10,81582446;-9,499027724;;;;;;;;;;;;;;;;;;;;;;;;
59,22846199;10,8311562;-9,543015216;;;;;;;;;;;;;;;;;;;;;;;;
58,7017422;10,84662878;-9,592973736;;;;;;;;;;;;;;;;;;;;;;;;
58,16740107;10,86224704;-9,649075477;;;;;;;;;;;;;;;;;;;;;;;;
57,62487487;10,87801616;-9,71147892;;;;;;;;;;;;;;;;;;;;;;;;
57,07356549;10,89394174;-9,780325974;;;;;;;;;;;;;;;;;;;;;;;;
56,51283882;10,91002983;-9,855738981;;;;;;;;;;;;;;;;;;;;;;;;
55,94202295;10,92628693;-9,937817631;;;;;;;;;;;;;;;;;;;;;;;;
55,36040639;10,94272102;-10,07694875;;;;;;;;;;;;;;;;;;;;;;;;
54,76422681;10,959336;-9,968017543;;;;;;;;;;;;;;;;;;;;;;;;
54,16800069;10,97613588;-9,858155738;;;;;;;;;;;;;;;;;;;;;;;;
53,57178338;10,99312482;-9,747099313;;;;;;;;;;;;;;;;;;;;;;;;
52,97564907;11,01030705;-9,634540766;;;;;;;;;;;;;;;;;;;;;;;;
52,37969462;11,02768692;-9,520119784;;;;;;;;;;;;;;;;;;;;;;;;
51,7840442;11,04526888;-9,403411451;;;;;;;;;;;;;;;;;;;;;;;;
51,18885501;11,06305743;-9,283911202;;;;;;;;;;;;;;;;;;;;;;;;
50,59432444;11,08105573;-9,099639547;;;;;;;;;;;;;;;;;;;;;;;;
50,0047235;11,09926794;-8,958170589;;;;;;;;;;;;;;;;;;;;;;;;
49,41739032;11,11769815;-8,809564769;;;;;;;;;;;;;;;;;;;;;;;;
48,8328869;11,13635026;-8,652243239;;;;;;;;;;;;;;;;;;;;;;;;
48,25190951;11,15522795;-8,484206907;;;;;;;;;;;;;;;;;;;;;;;;
47,6753255;11,17433452;-8,30288355;;;;;;;;;;;;;;;;;;;;;;;;
47,10422293;11,19367273;-8,104899978;;;;;;;;;;;;;;;;;;;;;;;;
46,53997954;11,2132446;-7,88573012;;;;;;;;;;;;;;;;;;;;;;;;
45,98436096;11,23305049;-7,620359759;;;;;;;;;;;;;;;;;;;;;;;;
45,44102004;11,25308829;-7,290552961;;;;;;;;;;;;;;;;;;;;;;;;
44,9151081;11,27335305;-6,895202468;;;;;;;;;;;;;;;;;;;;;;;;
44,41208155;11,29383552;-6,401937213;;;;;;;;;;;;;;;;;;;;;;;;
43,9400227;11,31451945;-5,747654948;;;;;;;;;;;;;;;;;;;;;;;;
43,51203996;11,33537516;-4,773595087;;;;;;;;;;;;;;;;;;;;;;;;
43,15363567;11,35626376;-0,90335896;;;;;;;;;;;;;;;;;;;;;;;;
43,08570402;11,37715236;0;;;;;;;;;;;;;;;;;;;;;;;;
43,01777237;11,39804096;-0,90335896;;;;;;;;;;;;;;;;;;;;;;;;
43,18907132;11,41896255;2,274351555;;;;;;;;;;;;;;;;;;;;;;;;
43,49746065;11,43980115;4,110817531;;;;;;;;;;;;;;;;;;;;;;;;
43,87923767;11,46049201;5,125410775;;;;;;;;;;;;;;;;;;;;;;;;
44,30994091;11,48100285;5,833002998;;;;;;;;;;;;;;;;;;;;;;;;
44,77588211;11,50131432;6,372168915;;;;;;;;;;;;;;;;;;;;;;;;
45,2682499;11,52141443;6,804383349;;;;;;;;;;;;;;;;;;;;;;;;
45,78092681;11,54129591;7,162958729;;;;;;;;;;;;;;;;;;;;;;;;
46,25386549;11,56095475;6,682583804;;;;;;;;;;;;;;;;;;;;;;;;
46,72491786;11,58041259;6,72468916;;;;;;;;;;;;;;;;;;;;;;;;
47,1941135;11,59967426;6,766397373;;;;;;;;;;;;;;;;;;;;;;;;
47,66148629;11,61874443;6,807791513;;;;;;;;;;;;;;;;;;;;;;;;
48,12707337;11,6376276;6,848942079;;;;;;;;;;;;;;;;;;;;;;;;
48,59091428;11,6563281;6,889909156;;;;;;;;;;;;;;;;;;;;;;;;
49,05305029;11,67485008;6,930744178;;;;;;;;;;;;;;;;;;;;;;;;
49,51352384;11,69319756;6,971491348;;;;;;;;;;;;;;;;;;;;;;;;
49,9723781;11,71137441;7,012188811;;;;;;;;;;;;;;;;;;;;;;;;
50,42965667;11,72938436;7,052869612;;;;;;;;;;;;;;;;;;;;;;;;
50,88540323;11,747231;7,09356249;;;;;;;;;;;;;;;;;;;;;;;;
51,34903704;11,76491781;7,281541072;;;;;;;;;;;;;;;;;;;;;;;;
51,82331712;11,78244491;7,516612881;;;;;;;;;;;;;;;;;;;;;;;;
52,30652193;11,79981161;7,728788837;;;;;;;;;;;;;;;;;;;;;;;;
52,79724479;11,81701788;7,922224195;;;;;;;;;;;;;;;;;;;;;;;;
53,29432395;11,83406422;8,100126505;;;;;;;;;;;;;;;;;;;;;;;;
53,79679134;11,85095157;8,265018457;;;;;;;;;;;;;;;;;;;;;;;;
54,30383434;11,8676812;8,418915618;;;;;;;;;;;;;;;;;;;;;;;;
54,84161139;11,88425461;9,013381345;;;;;;;;;;;;;;;;;;;;;;;;
55,40087601;11,90066551;9,46634973;;;;;;;;;;;;;;;;;;;;;;;;
55,97760866;11,91691074;9,86157221;;;;;;;;;;;;;;;;;;;;;;;;
56,57423078;11,9329886;10,30786408;;;;;;;;;;;;;;;;;;;;;;;;
57,16669702;11,9488969;10,34516105;;;;;;;;;;;;;;;;;;;;;;;;
57,75524162;11,96464033;10,38430581;;;;;;;;;;;;;;;;;;;;;;;;
58,33104746;11,98022333;10,26413743;;;;;;;;;;;;;;;;;;;;;;;;
58,89225521;11,99565251;10,10365317;;;;;;;;;;;;;;;;;;;;;;;;
59,43949594;12,01093465;9,946987752;;;;;;;;;;;;;;;;;;;;;;;;
59,97319909;12,0260761;9,791063731;;;;;;;;;;;;;;;;;;;;;;;;
60,4939155;12,0410828;9,63858925;;;;;;;;;;;;;;;;;;;;;;;;
61,00217053;12,05596033;9,489610015;;;;;;;;;;;;;;;;;;;;;;;;
61,49845667;12,07071391;9,34399129;;;;;;;;;;;;;;;;;;;;;;;;
61,9832364;12,08534842;9,201606555;;;;;;;;;;;;;;;;;;;;;;;;
62,45694466;12,09986848;9,062336816;;;;;;;;;;;;;;;;;;;;;;;;
62,92269467;12,1142784;8,978186024;;;;;;;;;;;;;;;;;;;;;;;;
63,38045534;12,12858167;8,88997987;;;;;;;;;;;;;;;;;;;;;;;;
63,83046967;12,14278163;8,803121272;;;;;;;;;;;;;;;;;;;;;;;;
64,27296892;12,15688148;8,717572583;;;;;;;;;;;;;;;;;;;;;;;;
64,70817342;12,17088425;8,633297907;;;;;;;;;;;;;;;;;;;;;;;;
65,13629325;12,18479285;8,550262981;;;;;;;;;;;;;;;;;;;;;;;;
65,55752891;12,19861003;8,468435075;;;;;;;;;;;;;;;;;;;;;;;;
65,97207194;12,21233843;8,387782889;;;;;;;;;;;;;;;;;;;;;;;;
66,38010545;12,22598057;8,30827647;;;;;;;;;;;;;;;;;;;;;;;;
66,78180463;12,23953885;8,229887128;;;;;;;;;;;;;;;;;;;;;;;;
67,17733726;12,25301558;8,152587359;;;;;;;;;;;;;;;;;;;;;;;;
67,56686411;12,26641295;8,076350779;;;;;;;;;;;;;;;;;;;;;;;;
67,95053935;12,27973309;8,001152055;;;;;;;;;;;;;;;;;;;;;;;;
68,32851093;12,29297802;7,926966851;;;;;;;;;;;;;;;;;;;;;;;;
68,70092093;12,30614968;7,853771767;;;;;;;;;;;;;;;;;;;;;;;;
69,06799968;12,31924994;7,783533471;;;;;;;;;;;;;;;;;;;;;;;;
69,43023316;12,33228058;7,721833812;;;;;;;;;;;;;;;;;;;;;;;;
69,7877307;12,34524323;7,660845134;;;;;;;;;;;;;;;;;;;;;;;;
70,14059777;12,35813948;7,600553101;;;;;;;;;;;;;;;;;;;;;;;;
70,4889361;12,37097085;7,540943863;;;;;;;;;;;;;;;;;;;;;;;;
70,83284387;12,38373881;7,482004032;;;;;;;;;;;;;;;;;;;;;;;;
71,17241593;12,39644478;7,423720657;;;;;;;;;;;;;;;;;;;;;;;;
71,50774392;12,40909013;7,366081207;;;;;;;;;;;;;;;;;;;;;;;;
71,83891642;12,42167618;7,30907355;;;;;;;;;;;;;;;;;;;;;;;;
72,16601911;12,43420421;7,252685935;;;;;;;;;;;;;;;;;;;;;;;;
72,48913487;12,44667545;7,196906973;;;;;;;;;;;;;;;;;;;;;;;;
72,80834397;12,4590911;7,141725624;;;;;;;;;;;;;;;;;;;;;;;;
73,1237241;12,47145232;7,08713118;;;;;;;;;;;;;;;;;;;;;;;;
73,43535055;12,48376023;7,033113251;;;;;;;;;;;;;;;;;;;;;;;;
73,7432963;12,49601591;6,97966175;;;;;;;;;;;;;;;;;;;;;;;;
74,0476321;12,50822041;6,926766883;;;;;;;;;;;;;;;;;;;;;;;;
74,34842656;12,52037475;6,874419134;;;;;;;;;;;;;;;;;;;;;;;;
74,64574629;12,53247991;6,822609254;;;;;;;;;;;;;;;;;;;;;;;;
74,93965592;12,54453686;6,771328255;;;;;;;;;;;;;;;;;;;;;;;;
75,23018861;12,55654653;6,719882609;;;;;;;;;;;;;;;;;;;;;;;;
75,51732289;12,56850981;6,667026604;;;;;;;;;;;;;;;;;;;;;;;;
75,80112142;12,5804276;6,614723927;;;;;;;;;;;;;;;;;;;;;;;;
76,08164508;12,59230078;6,562965434;;;;;;;;;;;;;;;;;;;;;;;;
76,35895303;12,60413018;6,511742228;;;;;;;;;;;;;;;;;;;;;;;;
76,63310278;12,61591661;6,461045644;;;;;;;;;;;;;;;;;;;;;;;;
76,90415027;12,62766088;6,410867244;;;;;;;;;;;;;;;;;;;;;;;;
77,1721499;12,63936376;6,361198805;;;;;;;;;;;;;;;;;;;;;;;;
77,43715463;12,651026;6,312032316;;;;;;;;;;;;;;;;;;;;;;;;
77,69921599;12,66264833;6,263359964;;;;;;;;;;;;;;;;;;;;;;;;
77,95838417;12,67423146;6,215174132;;;;;;;;;;;;;;;;;;;;;;;;
78,21470804;12,68577608;6,167467391;;;;;;;;;;;;;;;;;;;;;;;;
78,4682352;12,69728287;6,12023249;;;;;;;;;;;;;;;;;;;;;;;;
78,71901207;12,70875248;6,073462353;;;;;;;;;;;;;;;;;;;;;;;;
78,96708386;12,72018555;6,027150073;;;;;;;;;;;;;;;;;;;;;;;;
79,21249467;12,7315827;5,981288905;;;;;;;;;;;;;;;;;;;;;;;;
79,4552875;12,74294454;5,93587226;;;;;;;;;;;;;;;;;;;;;;;;
79,69550431;12,75427167;5,890893702;;;;;;;;;;;;;;;;;;;;;;;;
79,93318603;12,76556465;5,84634694;;;;;;;;;;;;;;;;;;;;;;;;
80,16837259;12,77682406;5,802225826;;;;;;;;;;;;;;;;;;;;;;;;
79,48977202;12,78829437;-24,85588539;;;;;;;;;;;;;;;;;;;;;;;;
78,46339444;12,79991722;-24,60938582;;;;;;;;;;;;;;;;;;;;;;;;
77,4336822;12,81169694;-24,31631686;;;;;;;;;;;;;;;;;;;;;;;;
76,40250042;12,82363817;-24,03868926;;;;;;;;;;;;;;;;;;;;;;;;
75,36911488;12,8357458;-23,76413384;;;;;;;;;;;;;;;;;;;;;;;;
74,33329652;12,84802498;-23,49261513;;;;;;;;;;;;;;;;;;;;;;;;
73,29480445;12,86048072;-23,17029482;;;;;;;;;;;;;;;;;;;;;;;;
72,2558329;12,87311819;-22,83815985;;;;;;;;;;;;;;;;;;;;;;;;
71,21681368;12,88594231;-22,45280379;;;;;;;;;;;;;;;;;;;;;;;;
70,18023863;12,89895681;-21,91159232;;;;;;;;;;;;;;;;;;;;;;;;
69,15363226;12,91215898;-20,68252788;;;;;;;;;;;;;;;;;;;;;;;;
68,17063734;12,92556017;-20,98571852;;;;;;;;;;;;;;;;;;;;;;;;
67,15819609;12,93916506;-20,53030753;;;;;;;;;;;;;;;;;;;;;;;;
66,1526706;12,95297748;-19,9883743;;;;;;;;;;;;;;;;;;;;;;;;
65,15875454;12,96699949;-19,2939891;;;;;;;;;;;;;;;;;;;;;;;;
64,18480875;12,98123178;-18,50862109;;;;;;;;;;;;;;;;;;;;;;;;
63,23649669;12,9956773;-17,94943409;;;;;;;;;;;;;;;;;;;;;;;;
62,30305667;13,01033752;-17,28873537;;;;;;;;;;;;;;;;;;;;;;;;
61,39061256;13,02521143;-16,4710362;;;;;;;;;;;;;;;;;;;;;;;;
60,50865347;13,04029366;-15,39373359;;;;;;;;;;;;;;;;;;;;;;;;
59,67283433;13,05560059;-15,89531553;;;;;;;;;;;;;;;;;;;;;;;;
58,79692419;13,07113651;-15,4958798;;;;;;;;;;;;;;;;;;;;;;;;
57,93025003;13,0869052;-15,06352375;;;;;;;;;;;;;;;;;;;;;;;;
57,0751348;13,10290958;-14,58819421;;;;;;;;;;;;;;;;;;;;;;;;
56,23462508;13,11915013;-13,98778754;;;;;;;;;;;;;;;;;;;;;;;;
55,41681496;13,13562727;-13,41394718;;;;;;;;;;;;;;;;;;;;;;;;
54,62113043;13,15233901;-12,74497719;;;;;;;;;;;;;;;;;;;;;;;;
53,85436385;13,16927976;-11,93761428;;;;;;;;;;;;;;;;;;;;;;;;
53,12632802;13,18644081;-11,03864021;;;;;;;;;;;;;;;;;;;;;;;;
52,44436352;13,20382155;-10,59473017;;;;;;;;;;;;;;;;;;;;;;;;
51,78144409;13,22141951;-10,08854707;;;;;;;;;;;;;;;;;;;;;;;;
51,14230804;13,23922948;-9,495960908;;;;;;;;;;;;;;;;;;;;;;;;
50,5334657;13,25723617;-8,515901365;;;;;;;;;;;;;;;;;;;;;;;;
49,98143027;13,27542179;-7,511755825;;;;;;;;;;;;;;;;;;;;;;;;
49,48964887;13,29375498;-6,035420682;;;;;;;;;;;;;;;;;;;;;;;;
49,09131439;13,31213035;-1,704125719;;;;;;;;;;;;;;;;;;;;;;;;
48,97858416;13,33053344;-1,112933505;;;;;;;;;;;;;;;;;;;;;;;;
48,90485109;13,34893652;0;;;;;;;;;;;;;;;;;;;;;;;;
48,83111803;13,3673396;-1,112933505;;;;;;;;;;;;;;;;;;;;;;;;
48,9094924;13,38577047;1,181206236;;;;;;;;;;;;;;;;;;;;;;;;
49,01786889;13,40417181;1,635999726;;;;;;;;;;;;;;;;;;;;;;;;
49,14536192;13,42253246;1,928838505;;;;;;;;;;;;;;;;;;;;;;;;
49,28630905;13,44084548;2,137931335;;;;;;;;;;;;;;;;;;;;;;;;
49,43720889;13,45910613;2,295461829;;;;;;;;;;;;;;;;;;;;;;;;
49,5956958;13,47731104;2,418256246;;;;;;;;;;;;;;;;;;;;;;;;
49,76008275;13,49545777;2,51632259;;;;;;;;;;;;;;;;;;;;;;;;
49,92912236;13,51354456;2,596118842;;;;;;;;;;;;;;;;;;;;;;;;
50,10186825;13,53157011;2,662052602;;;;;;;;;;;;;;;;;;;;;;;;
50,27758851;13,54953352;2,717257203;;;;;;;;;;;;;;;;;;;;;;;;
50,45570875;13,56743414;2,764029673;;;;;;;;;;;;;;;;;;;;;;;;
50,63577294;13,58527156;2,804094643;;;;;;;;;;;;;;;;;;;;;;;;
50,81741568;13,60304556;2,838771743;;;;;;;;;;;;;;;;;;;;;;;;
51,00034194;13,62075602;2,869086293;;;;;;;;;;;;;;;;;;;;;;;;
51,18431203;13,63840296;2,89584501;;;;;;;;;;;;;;;;;;;;;;;;
51,36913025;13,65598647;2,919689282;;;;;;;;;;;;;;;;;;;;;;;;
51,55463607;13,67350672;2,941133554;;;;;;;;;;;;;;;;;;;;;;;;
51,74069738;13,69096393;2,960593554;;;;;;;;;;;;;;;;;;;;;;;;
51,92720511;13,70835836;2,978407403;;;;;;;;;;;;;;;;;;;;;;;;
52,114069;13,72569032;2,994851651;;;;;;;;;;;;;;;;;;;;;;;;
52,30121419;13,74296013;3,010153597;;;;;;;;;;;;;;;;;;;;;;;;
52,48857854;13,76016814;3,024500878;;;;;;;;;;;;;;;;;;;;;;;;
52,67611036;13,77731473;3,038048991;;;;;;;;;;;;;;;;;;;;;;;;
52,86376667;13,79440027;3,050927249;;;;;;;;;;;;;;;;;;;;;;;;
53,05151169;13,81142517;3,063243536;;;;;;;;;;;;;;;;;;;;;;;;
53,23931568;13,82838981;3,075088122;;;;;;;;;;;;;;;;;;;;;;;;
53,42715391;13,84529461;3,086536738;;;;;;;;;;;;;;;;;;;;;;;;
53,61500588;13,86213998;3,097653085;;;;;;;;;;;;;;;;;;;;;;;;
53,8028546;13,87892632;3,108490865;;;;;;;;;;;;;;;;;;;;;;;;
54,0849352;13,89565406;4,684179399;;;;;;;;;;;;;;;;;;;;;;;;
54,42991728;13,91229455;5,758744969;;;;;;;;;;;;;;;;;;;;;;;;
54,82059643;13,92882958;6,563158447;;;;;;;;;;;;;;;;;;;;;;;;
55,24644118;13,94524676;7,20526649;;;;;;;;;;;;;;;;;;;;;;;;
55,70026614;13,96153741;7,738337613;;;;;;;;;;;;;;;;;;;;;;;;
56,16338745;13,97769532;7,961722405;;;;;;;;;;;;;;;;;;;;;;;;
56,64554581;13,99371999;8,357915584;;;;;;;;;;;;;;;;;;;;;;;;
57,143638;14,00960827;8,708242028;;;;;;;;;;;;;;;;;;;;;;;;
57,65519181;14,02535805;9,022236255;;;;;;;;;;;;;;;;;;;;;;;;
58,17820311;14,04096809;9,306887983;;;;;;;;;;;;;;;;;;;;;;;;
58,73709334;14,05643781;10,03556449;;;;;;;;;;;;;;;;;;;;;;;;
59,28817031;14,07176032;9,990327037;;;;;;;;;;;;;;;;;;;;;;;;
59,82559604;14,08694041;9,834255599;;;;;;;;;;;;;;;;;;;;;;;;
60,34988215;14,10198414;9,680780506;;;;;;;;;;;;;;;;;;;;;;;;
60,86156369;14,11689718;9,530839828;;;;;;;;;;;;;;;;;;;;;;;;
61,36114205;14,13168484;9,384296399;;;;;;;;;;;;;;;;;;;;;;;;
61,84908782;14,1463521;9,241021483;;;;;;;;;;;;;;;;;;;;;;;;
62,32584339;14,16090365;9,100894048;;;;;;;;;;;;;;;;;;;;;;;;
62,79364155;14,17534389;8,998739227;;;;;;;;;;;;;;;;;;;;;;;;
63,25360497;14,18967655;8,914437632;;;;;;;;;;;;;;;;;;;;;;;;
63,7057555;14,20390499;8,827207152;;;;;;;;;;;;;;;;;;;;;;;;
64,15032761;14,21803244;8,741296898;;;;;;;;;;;;;;;;;;;;;;;;
64,58754458;14,23206198;8,656670496;;;;;;;;;;;;;;;;;;;;;;;;
65,0176193;14,24599656;8,57329324;;;;;;;;;;;;;;;;;;;;;;;;
65,44075488;14,25983896;8,491131981;;;;;;;;;;;;;;;;;;;;;;;;
65,85714528;14,27359186;8,410155032;;;;;;;;;;;;;;;;;;;;;;;;
66,26697592;14,2872578;8,330332071;;;;;;;;;;;;;;;;;;;;;;;;
66,67042415;14,30083923;8,251634064;;;;;;;;;;;;;;;;;;;;;;;;
67,06765978;14,31433847;8,174033184;;;;;;;;;;;;;;;;;;;;;;;;
67,45884547;14,32775775;8,097502741;;;;;;;;;;;;;;;;;;;;;;;;
67,8441372;14,34109922;8,022017116;;;;;;;;;;;;;;;;;;;;;;;;
68,22368462;14,35436492;7,9475517;;;;;;;;;;;;;;;;;;;;;;;;
68,59763142;14,36755682;7,874082837;;;;;;;;;;;;;;;;;;;;;;;;
68,96611564;14,38067681;7,801587772;;;;;;;;;;;;;;;;;;;;;;;;
69,32968926;14,39372669;7,738969355;;;;;;;;;;;;;;;;;;;;;;;;
69,68849687;14,40670814;7,677783851;;;;;;;;;;;;;;;;;;;;;;;;
70,04264496;14,41962276;7,617298941;;;;;;;;;;;;;;;;;;;;;;;;
70,3922363;14,43247207;7,557500641;;;;;;;;;;;;;;;;;;;;;;;;
70,73737005;14,44525757;7,498375437;;;;;;;;;;;;;;;;;;;;;;;;
71,07814197;14,45798069;7,439910258;;;;;;;;;;;;;;;;;;;;;;;;
71,41464457;14,47064281;7,382092458;;;;;;;;;;;;;;;;;;;;;;;;
71,74696727;14,48324527;7,324909796;;;;;;;;;;;;;;;;;;;;;;;;
72,07519655;14,49578935;7,268350415;;;;;;;;;;;;;;;;;;;;;;;;
72,39941607;14,50827631;7,212402828;;;;;;;;;;;;;;;;;;;;;;;;
72,71970679;14,52070735;7,1570559;;;;;;;;;;;;;;;;;;;;;;;;
73,03614712;14,53308364;7,10229883;;;;;;;;;;;;;;;;;;;;;;;;
73,34881302;14,5454063;7,048121141;;;;;;;;;;;;;;;;;;;;;;;;
73,65777809;14,55767644;6,994512664;;;;;;;;;;;;;;;;;;;;;;;;
73,96311368;14,56989511;6,941463524;;;;;;;;;;;;;;;;;;;;;;;;
74,26488902;14,58206334;6,888964127;;;;;;;;;;;;;;;;;;;;;;;;
74,56317125;14,59418212;6,837005155;;;;;;;;;;;;;;;;;;;;;;;;
74,85802555;14,60625242;6,785577543;;;;;;;;;;;;;;;;;;;;;;;;
75,14951519;14,61827518;6,734672481;;;;;;;;;;;;;;;;;;;;;;;;
75,43759077;14,63025131;6,681709979;;;;;;;;;;;;;;;;;;;;;;;;
75,72231331;14,6421817;6,629253931;;;;;;;;;;;;;;;;;;;;;;;;
76,00374418;14,65406723;6,577344592;;;;;;;;;;;;;;;;;;;;;;;;
76,28194301;14,66590875;6,525972997;;;;;;;;;;;;;;;;;;;;;;;;
76,55696776;14,67770709;6,475130418;;;;;;;;;;;;;;;;;;;;;;;;
76,82887481;14,68946304;6,424808352;;;;;;;;;;;;;;;;;;;;;;;;
77,09771898;14,70117739;6,37499852;;;;;;;;;;;;;;;;;;;;;;;;
77,36355363;14,71285088;6,325692852;;;;;;;;;;;;;;;;;;;;;;;;
77,62643067;14,72448427;6,276883479;;;;;;;;;;;;;;;;;;;;;;;;
77,88640068;14,73607826;6,228562732;;;;;;;;;;;;;;;;;;;;;;;;
78,14351286;14,74763355;6,180723128;;;;;;;;;;;;;;;;;;;;;;;;
78,3978152;14,75915082;6,133357368;;;;;;;;;;;;;;;;;;;;;;;;
78,64935442;14,77063073;6,086458329;;;;;;;;;;;;;;;;;;;;;;;;
78,89817606;14,78207393;6,040019057;;;;;;;;;;;;;;;;;;;;;;;;
78,31168833;14,79369648;-20,93751449;;;;;;;;;;;;;;;;;;;;;;;;
77,4356376;14,80545236;-20,75104228;;;;;;;;;;;;;;;;;;;;;;;;
76,5574292;14,81734503;-20,5674381;;;;;;;;;;;;;;;;;;;;;;;;
75,67686285;14,82937736;-20,27747667;;;;;;;;;;;;;;;;;;;;;;;;
74,79851622;14,84155239;-20,00345035;;;;;;;;;;;;;;;;;;;;;;;;
73,92176252;14,85387328;-19,72944463;;;;;;;;;;;;;;;;;;;;;;;;
73,04665883;14,86634327;-19,45513614;;;;;;;;;;;;;;;;;;;;;;;;
72,17327963;14,87896569;-19,18015952;;;;;;;;;;;;;;;;;;;;;;;;
71,30171977;14,89174456;-18,97632775;;;;;;;;;;;;;;;;;;;;;;;;
70,42873372;14,90468444;-18,81100895;;;;;;;;;;;;;;;;;;;;;;;;
69,55245016;14,9177901;-18,64864806;;;;;;;;;;;;;;;;;;;;;;;;
68,67259968;14,93106661;-18,48925287;;;;;;;;;;;;;;;;;;;;;;;;
67,78889775;14,94451932;-18,33283247;;;;;;;;;;;;;;;;;;;;;;;;
66,90104348;14,95815281;-18,07475978;;;;;;;;;;;;;;;;;;;;;;;;
66,01392425;14,97197168;-17,80147474;;;;;;;;;;;;;;;;;;;;;;;;
65,12833773;14,98598065;-17,52495411;;;;;;;;;;;;;;;;;;;;;;;;
64,2445136;15,00018459;-17,24433974;;;;;;;;;;;;;;;;;;;;;;;;
63,36273889;15,01458842;-16,95860889;;;;;;;;;;;;;;;;;;;;;;;;
62,48337063;15,0291971;-16,65992891;;;;;;;;;;;;;;;;;;;;;;;;
61,60720411;15,0440154;-16,33682175;;;;;;;;;;;;;;;;;;;;;;;;
60,73570183;15,05904802;-16,00023265;;;;;;;;;;;;;;;;;;;;;;;;
59,86981044;15,07429949;-15,64687086;;;;;;;;;;;;;;;;;;;;;;;;
59,01071456;15,08977265;-15,1784808;;;;;;;;;;;;;;;;;;;;;;;;
58,16522173;15,10547495;-15,01520979;;;;;;;;;;;;;;;;;;;;;;;;
57,31643765;15,12141428;-14,85367156;;;;;;;;;;;;;;;;;;;;;;;;
56,46411048;15,13759901;-14,69383822;;;;;;;;;;;;;;;;;;;;;;;;
55,60797362;15,15403804;-14,53568126;;;;;;;;;;;;;;;;;;;;;;;;
54,74774444;15,17073922;-14,29255941;;;;;;;;;;;;;;;;;;;;;;;;
53,88841517;15,18770601;-13,81166304;;;;;;;;;;;;;;;;;;;;;;;;
53,04479252;15,20494021;-13,26569936;;;;;;;;;;;;;;;;;;;;;;;;
52,22174718;15,22244106;-12,62877482;;;;;;;;;;;;;;;;;;;;;;;;
51,42609607;15,24020356;-11,84694716;;;;;;;;;;;;;;;;;;;;;;;;
50,66854303;15,25823161;-11,50002566;;;;;;;;;;;;;;;;;;;;;;;;
49,92217972;15,27652806;-11,11785152;;;;;;;;;;;;;;;;;;;;;;;;
49,18987786;15,29509417;-10,68931945;;;;;;;;;;;;;;;;;;;;;;;;
48,47542523;15,3139285;-10,18142741;;;;;;;;;;;;;;;;;;;;;;;;
47,78508801;15,33302641;-9,592578026;;;;;;;;;;;;;;;;;;;;;;;;
47,12557451;15,35237804;-8,86899255;;;;;;;;;;;;;;;;;;;;;;;;
46,50770842;15,37196507;-7,926678067;;;;;;;;;;;;;;;;;;;;;;;;
45,94877212;15,3917894;-7,706759029;;;;;;;;;;;;;;;;;;;;;;;;
45,3987593;15,41185109;-7,43725443;;;;;;;;;;;;;;;;;;;;;;;;
44,8616253;15,43214825;-7,122679654;;;;;;;;;;;;;;;;;;;;;;;;
44,34117262;15,45267616;-6,744538392;;;;;;;;;;;;;;;;;;;;;;;;
43,84274802;15,47342578;-6,271304974;;;;;;;;;;;;;;;;;;;;;;;;
43,37429013;15,49438101;-5,641528913;;;;;;;;;;;;;;;;;;;;;;;;
42,94869975;15,51551219;-4,700818207;;;;;;;;;;;;;;;;;;;;;;;;
42,591098;15,53667686;-0,88452273;;;;;;;;;;;;;;;;;;;;;;;;
42,52370374;15,55784152;0;;;;;;;;;;;;;;;;;;;;;;;;
42,45630948;15,57900619;-0,88452273;;;;;;;;;;;;;;;;;;;;;;;;
42,63715157;15,60020445;2,369718478;;;;;;;;;;;;;;;;;;;;;;;;
42,86908921;15,6213128;3,052209964;;;;;;;;;;;;;;;;;;;;;;;;
43,13354447;15,64230695;3,499060511;;;;;;;;;;;;;;;;;;;;;;;;
43,42081165;15,66317238;3,824337001;;;;;;;;;;;;;;;;;;;;;;;;
43,72487262;15,68389977;4,074868511;;;;;;;;;;;;;;;;;;;;;;;;
44,04165347;15,70448302;4,275062381;;;;;;;;;;;;;;;;;;;;;;;;
44,36824454;15,72491822;4,439386112;;;;;;;;;;;;;;;;;;;;;;;;
44,70249142;15,745203;4,577144149;;;;;;;;;;;;;;;;;;;;;;;;
45,04275713;15,76533611;4,694668294;;;;;;;;;;;;;;;;;;;;;;;;
45,3877737;15,78531712;4,796449787;;;;;;;;;;;;;;;;;;;;;;;;
45,73654421;15,80514625;4,885776858;;;;;;;;;;;;;;;;;;;;;;;;
46,08827567;15,82482417;4,965117815;;;;;;;;;;;;;;;;;;;;;;;;
46,44233138;15,84435191;5,036363228;;;;;;;;;;;;;;;;;;;;;;;;
46,79819621;15,86373078;5,100985416;;;;;;;;;;;;;;;;;;;;;;;;
47,15545093;15,88296229;5,160147054;;;;;;;;;;;;;;;;;;;;;;;;
47,57940551;15,9020481;6,170299124;;;;;;;;;;;;;;;;;;;;;;;;
48,06427597;15,92096385;7,120323503;;;;;;;;;;;;;;;;;;;;;;;;
48,59269937;15,93968878;7,838977904;;;;;;;;;;;;;;;;;;;;;;;;
49,15365555;15,95821008;8,413078696;;;;;;;;;;;;;;;;;;;;;;;;
49,73648647;15,97652001;8,842058648;;;;;;;;;;;;;;;;;;;;;;;;
50,33672337;15,99461538;9,214097167;;;;;;;;;;;;;;;;;;;;;;;;
50,95079174;16,01249497;9,540181868;;;;;;;;;;;;;;;;;;;;;;;;
51,5759193;16,03015907;9,830476681;;;;;;;;;;;;;;;;;;;;;;;;
52,21768305;16,04760907;10,21591215;;;;;;;;;;;;;;;;;;;;;;;;
52,86595858;16,06484461;10,44797709;;;;;;;;;;;;;;;;;;;;;;;;
53,51942343;16,0818688;10,66235988;;;;;;;;;;;;;;;;;;;;;;;;
54,17699934;16,09868513;10,86206279;;;;;;;;;;;;;;;;;;;;;;;;
54,84991072;16,11529734;11,25195045;;;;;;;;;;;;;;;;;;;;;;;;
55,50381465;16,13170575;11,06992975;;;;;;;;;;;;;;;;;;;;;;;;
56,13946166;16,14792086;10,88914614;;;;;;;;;;;;;;;;;;;;;;;;
56,7577506;16,16395236;10,71308908;;;;;;;;;;;;;;;;;;;;;;;;
57,35951119;16,17980922;10,5415362;;;;;;;;;;;;;;;;;;;;;;;;
57,94551119;16,19549974;10,37428191;;;;;;;;;;;;;;;;;;;;;;;;
58,51646274;16,21103157;10,21113565;;;;;;;;;;;;;;;;;;;;;;;;
59,07302786;16,22641186;10,05192036;;;;;;;;;;;;;;;;;;;;;;;;
59,61577718;16,24164723;9,895631413;;;;;;;;;;;;;;;;;;;;;;;;
60,14516646;16,25674391;9,740726337;;;;;;;;;;;;;;;;;;;;;;;;
60,66174488;16,27170771;9,589412117;;;;;;;;;;;;;;;;;;;;;;;;
61,16602671;16,28654407;9,441548058;;;;;;;;;;;;;;;;;;;;;;;;
61,65849432;16,30125812;9,297002197;;;;;;;;;;;;;;;;;;;;;;;;
62,13960091;16,31585465;9,155650552;;;;;;;;;;;;;;;;;;;;;;;;
62,6097729;16,33033817;9,017376454;;;;;;;;;;;;;;;;;;;;;;;;
63,07288921;16,34471292;8,949261342;;;;;;;;;;;;;;;;;;;;;;;;
63,52809678;16,35898213;8,861499031;;;;;;;;;;;;;;;;;;;;;;;;
63,9756347;16,37314909;8,775071796;;;;;;;;;;;;;;;;;;;;;;;;
64,41573059;16,38721694;8,689942573;;;;;;;;;;;;;;;;;;;;;;;;
64,84860135;16,40118869;8,606076012;;;;;;;;;;;;;;;;;;;;;;;;
65,27445387;16,41506717;8,52343836;;;;;;;;;;;;;;;;;;;;;;;;
65,69348567;16,4288551;8,441997364;;;;;;;;;;;;;;;;;;;;;;;;
66,10588546;16,44255509;8,361722174;;;;;;;;;;;;;;;;;;;;;;;;
66,51183373;16,45616961;8,282583256;;;;;;;;;;;;;;;;;;;;;;;;
66,9115032;16,46970104;8,204552316;;;;;;;;;;;;;;;;;;;;;;;;
67,30505932;16,48315164;8,127602223;;;;;;;;;;;;;;;;;;;;;;;;
67,69266065;16,49652359;8,051706942;;;;;;;;;;;;;;;;;;;;;;;;
68,07445929;16,50981898;7,976841473;;;;;;;;;;;;;;;;;;;;;;;;
68,45060126;16,5230398;7,902981788;;;;;;;;;;;;;;;;;;;;;;;;
68,82122678;16,53618796;7,830104785;;;;;;;;;;;;;;;;;;;;;;;;
69,1867124;16,54926532;7,763323739;;;;;;;;;;;;;;;;;;;;;;;;
69,54738887;16,5622736;7,701857657;;;;;;;;;;;;;;;;;;;;;;;;
69,90336423;16,57521442;7,641097824;;;;;;;;;;;;;;;;;;;;;;;;
70,2547427;16,58808934;7,581030065;;;;;;;;;;;;;;;;;;;;;;;;
70,60162485;16,60089986;7,521640684;;;;;;;;;;;;;;;;;;;;;;;;
70,94410775;16,61364744;7,462916436;;;;;;;;;;;;;;;;;;;;;;;;
71,28228518;16,62633348;7,404844512;;;;;;;;;;;;;;;;;;;;;;;;
71,61624777;16,63895934;7,347412511;;;;;;;;;;;;;;;;;;;;;;;;
71,94608313;16,65152632;7,290608428;;;;;;;;;;;;;;;;;;;;;;;;
72,27187603;16,66403569;7,234420632;;;;;;;;;;;;;;;;;;;;;;;;
72,59370848;16,67648867;7,17883785;;;;;;;;;;;;;;;;;;;;;;;;
72,91165988;16,68888644;7,123849151;;;;;;;;;;;;;;;;;;;;;;;;
73,22580714;16,70123014;7,069443933;;;;;;;;;;;;;;;;;;;;;;;;
73,53622478;16,71352089;7,015611906;;;;;;;;;;;;;;;;;;;;;;;;
73,84298505;16,72575975;6,96234308;;;;;;;;;;;;;;;;;;;;;;;;
74,14615797;16,73794778;6,909627753;;;;;;;;;;;;;;;;;;;;;;;;
74,44581152;16,75008597;6,857456498;;;;;;;;;;;;;;;;;;;;;;;;
74,74201162;16,7621753;6,805820152;;;;;;;;;;;;;;;;;;;;;;;;
75,03482231;16,77421672;6,754709806;;;;;;;;;;;;;;;;;;;;;;;;
75,32423924;16,78621115;6,702576465;;;;;;;;;;;;;;;;;;;;;;;;
75,6102784;16,79815949;6,649902009;;;;;;;;;;;;;;;;;;;;;;;;
75,89300187;16,81006264;6,59777787;;;;;;;;;;;;;;;;;;;;;;;;
76,17246996;16,82192144;6,546194985;;;;;;;;;;;;;;;;;;;;;;;;
76,44874127;16,83373673;6,495144536;;;;;;;;;;;;;;;;;;;;;;;;
76,72187281;16,84550932;6,444617931;;;;;;;;;;;;;;;;;;;;;;;;
76,99191999;16,85724001;6,394606803;;;;;;;;;;;;;;;;;;;;;;;;
77,25893676;16,86892955;6,345103001;;;;;;;;;;;;;;;;;;;;;;;;
77,52297559;16,88057868;6,296098577;;;;;;;;;;;;;;;;;;;;;;;;
77,78408758;16,89218814;6,247585785;;;;;;;;;;;;;;;;;;;;;;;;
78,04232246;16,90375863;6,199557069;;;;;;;;;;;;;;;;;;;;;;;;
78,29772871;16,91529084;6,152005058;;;;;;;;;;;;;;;;;;;;;;;;
78,55035352;16,92678543;6,10492256;;;;;;;;;;;;;;;;;;;;;;;;
78,80024291;16,93824304;6,058302555;;;;;;;;;;;;;;;;;;;;;;;;
79,04744174;16,94966433;6,012138188;;;;;;;;;;;;;;;;;;;;;;;;
79,29199374;16,9610499;5,966422766;;;;;;;;;;;;;;;;;;;;;;;;
79,53394156;16,97240035;5,921149751;;;;;;;;;;;;;;;;;;;;;;;;
79,77332682;16,98371627;5,876312755;;;;;;;;;;;;;;;;;;;;;;;;
80,01019013;16,99499824;5,831905534;;;;;;;;;;;;;;;;;;;;;;;;
80,24457111;17,00624681;5,787921984;;;;;;;;;;;;;;;;;;;;;;;;
80,47650847;17,01746252;5,744356139;;;;;;;;;;;;;;;;;;;;;;;;
80,70603999;17,02864591;5,701202163;;;;;;;;;;;;;;;;;;;;;;;;
80,93320257;17,03979749;5,658454345;;;;;;;;;;;;;;;;;;;;;;;;
81,15803226;17,05091777;5,616107102;;;;;;;;;;;;;;;;;;;;;;;;
81,3805576;17,06200724;5,573987379;;;;;;;;;;;;;;;;;;;;;;;;
81,60079326;17,0730664;5,531759415;;;;;;;;;;;;;;;;;;;;;;;;
81,81877357;17,0840957;5,489927782;;;;;;;;;;;;;;;;;;;;;;;;
82,0345321;17,09509562;5,448487132;;;;;;;;;;;;;;;;;;;;;;;;
82,24810168;17,10606661;5,407432232;;;;;;;;;;;;;;;;;;;;;;;;
82,45951441;17,11700911;5,366757951;;;;;;;;;;;;;;;;;;;;;;;;
82,66897607;17,12792356;5,330897184;;;;;;;;;;;;;;;;;;;;;;;;
82,87669141;17,13881035;5,29988095;;;;;;;;;;;;;;;;;;;;;;;;
83,08271866;17,14966986;5,270017751;;;;;;;;;;;;;;;;;;;;;;;;
83,2870786;17,16050244;5,240363874;;;;;;;;;;;;;;;;;;;;;;;;
83,48979157;17,17130844;5,210917144;;;;;;;;;;;;;;;;;;;;;;;;
83,69087758;17,1820882;5,181675422;;;;;;;;;;;;;;;;;;;;;;;;
83,89035622;17,19284206;5,152636604;;;;;;;;;;;;;;;;;;;;;;;;
84,08824675;17,20357035;5,123798622;;;;;;;;;;;;;;;;;;;;;;;;
84,28456809;17,21427339;5,095159442;;;;;;;;;;;;;;;;;;;;;;;;
84,47933877;17,2249515;5,066717061;;;;;;;;;;;;;;;;;;;;;;;;
84,67257704;17,23560499;5,03846951;;;;;;;;;;;;;;;;;;;;;;;;
84,86430079;17,24623417;5,010414851;;;;;;;;;;;;;;;;;;;;;;;;
85,05452761;17,25683934;4,982551177;;;;;;;;;;;;;;;;;;;;;;;;
85,24327477;17,26742078;4,95487661;;;;;;;;;;;;;;;;;;;;;;;;
85,43055924;17,2779788;4,927389303;;;;;;;;;;;;;;;;;;;;;;;;
85,61639769;17,28851367;4,900087436;;;;;;;;;;;;;;;;;;;;;;;;
85,80080653;17,29902568;4,872969218;;;;;;;;;;;;;;;;;;;;;;;;
85,98380185;17,30951509;4,846032885;;;;;;;;;;;;;;;;;;;;;;;;
86,16539951;17,31998218;4,819276699;;;;;;;;;;;;;;;;;;;;;;;;
86,34561505;17,33042721;4,792698949;;;;;;;;;;;;;;;;;;;;;;;;
86,5244638;17,34085043;4,76629795;;;;;;;;;;;;;;;;;;;;;;;;
86,70196081;17,35125212;4,74007204;;;;;;;;;;;;;;;;;;;;;;;;
86,87812088;17,3616325;4,714019583;;;;;;;;;;;;;;;;;;;;;;;;
87,05295857;17,37199184;4,688138967;;;;;;;;;;;;;;;;;;;;;;;;
87,22648821;17,38233038;4,662428603;;;;;;;;;;;;;;;;;;;;;;;;
87,3987239;17,39264834;4,636886925;;;;;;;;;;;;;;;;;;;;;;;;
87,56967948;17,40294598;4,611512388;;;;;;;;;;;;;;;;;;;;;;;;
87,73936862;17,41322351;4,58630347;;;;;;;;;;;;;;;;;;;;;;;;
87,90780473;17,42348116;4,561258672;;;;;;;;;;;;;;;;;;;;;;;;
88,07500103;17,43371916;4,536376513;;;;;;;;;;;;;;;;;;;;;;;;
88,24097053;17,44393772;4,511655535;;;;;;;;;;;;;;;;;;;;;;;;
88,40572604;17,45413707;4,487094298;;;;;;;;;;;;;;;;;;;;;;;;
88,56928015;17,4643174;4,462691384;;;;;;;;;;;;;;;;;;;;;;;;
88,73164528;17,47447894;4,438445392;;;;;;;;;;;;;;;;;;;;;;;;
88,89283366;17,48462188;4,414354943;;;;;;;;;;;;;;;;;;;;;;;;
89,05285732;17,49474643;4,390418673;;;;;;;;;;;;;;;;;;;;;;;;
89,21172812;17,50485279;4,366635239;;;;;;;;;;;;;;;;;;;;;;;;
89,36945772;17,51494115;4,343003313;;;;;;;;;;;;;;;;;;;;;;;;
89,52605764;17,52501171;4,319521589;;;;;;;;;;;;;;;;;;;;;;;;
89,68153921;17,53506464;4,296188772;;;;;;;;;;;;;;;;;;;;;;;;
89,83591358;17,54510015;4,27300359;;;;;;;;;;;;;;;;;;;;;;;;
89,98919177;17,55511842;4,249964783;;;;;;;;;;;;;;;;;;;;;;;;
90,14138461;17,56511962;4,227071109;;;;;;;;;;;;;;;;;;;;;;;;
90,29247392;17,57510394;4,203518533;;;;;;;;;;;;;;;;;;;;;;;;
90,44246564;17,58507154;4,179976208;;;;;;;;;;;;;;;;;;;;;;;;
90,59137072;17,59502262;4,156587228;;;;;;;;;;;;;;;;;;;;;;;;
90,73919997;17,60495734;4,133350268;;;;;;;;;;;;;;;;;;;;;;;;
90,88596405;17,61487588;4,11026402;;;;;;;;;;;;;;;;;;;;;;;;
91,03167346;17,6247784;4,08732719;;;;;;;;;;;;;;;;;;;;;;;;
91,17633855;17,63466507;4,064538504;;;;;;;;;;;;;;;;;;;;;;;;
91,31996951;17,64453605;4,041896703;;;;;;;;;;;;;;;;;;;;;;;;
91,46257641;17,65439151;4,019400543;;;;;;;;;;;;;;;;;;;;;;;;
91,60416916;17,6642316;3,997048795;;;;;;;;;;;;;;;;;;;;;;;;
91,74475755;17,67405648;3,974840247;;;;;;;;;;;;;;;;;;;;;;;;
91,88435122;17,6838663;3,9527737;;;;;;;;;;;;;;;;;;;;;;;;
92,02295966;17,69366122;3,930847971;;;;;;;;;;;;;;;;;;;;;;;;
92,16059228;17,70344139;3,909061892;;;;;;;;;;;;;;;;;;;;;;;;
92,29725831;17,71320695;3,887414306;;;;;;;;;;;;;;;;;;;;;;;;
92,43296688;17,72295805;3,865904073;;;;;;;;;;;;;;;;;;;;;;;;
92,567727;17,73269484;3,844530066;;;;;;;;;;;;;;;;;;;;;;;;
92,70154754;17,74241745;3,823291171;;;;;;;;;;;;;;;;;;;;;;;;
92,83443727;17,75212603;3,802186286;;;;;;;;;;;;;;;;;;;;;;;;
92,96640483;17,76182071;3,781214323;;;;;;;;;;;;;;;;;;;;;;;;
93,09745876;17,77150162;3,760374208;;;;;;;;;;;;;;;;;;;;;;;;
93,22760747;17,78116891;3,739664878;;;;;;;;;;;;;;;;;;;;;;;;
93,35685927;17,7908227;3,719085282;;;;;;;;;;;;;;;;;;;;;;;;
93,48522237;17,80046313;3,698634383;;;;;;;;;;;;;;;;;;;;;;;;
93,61270485;17,81009032;3,678311153;;;;;;;;;;;;;;;;;;;;;;;;
93,73931471;17,8197044;3,658114578;;;;;;;;;;;;;;;;;;;;;;;;
93,86505983;17,82930549;3,638043654;;;;;;;;;;;;;;;;;;;;;;;;
93,989948;17,83889373;3,61809739;;;;;;;;;;;;;;;;;;;;;;;;
94,1139869;17,84846922;3,598274806;;;;;;;;;;;;;;;;;;;;;;;;
94,23718414;17,85803209;3,57857493;;;;;;;;;;;;;;;;;;;;;;;;
94,35954719;17,86758246;3,558996804;;;;;;;;;;;;;;;;;;;;;;;;
94,48108347;17,87712045;3,53953948;;;;;;;;;;;;;;;;;;;;;;;;
94,60180027;17,88664616;3,520202019;;;;;;;;;;;;;;;;;;;;;;;;
94,72170482;17,89615972;3,500983493;;;;;;;;;;;;;;;;;;;;;;;;
94,84080425;17,90566124;3,481882986;;;;;;;;;;;;;;;;;;;;;;;;
94,9591056;17,91515083;3,462899588;;;;;;;;;;;;;;;;;;;;;;;;
95,07661581;17,92462859;3,444032403;;;;;;;;;;;;;;;;;;;;;;;;
95,19334177;17,93409464;3,425280542;;;;;;;;;;;;;;;;;;;;;;;;
95,30929025;17,94354908;3,406643125;;;;;;;;;;;;;;;;;;;;;;;;
95,42446797;17,95299203;3,388119284;;;;;;;;;;;;;;;;;;;;;;;;
95,53888155;17,96242357;3,369708158;;;;;;;;;;;;;;;;;;;;;;;;
95,65253752;17,97184382;3,351408896;;;;;;;;;;;;;;;;;;;;;;;;
95,76544237;17,98125287;3,333220656;;;;;;;;;;;;;;;;;;;;;;;;
95,87760247;17,99065083;3,315142604;;;;;;;;;;;;;;;;;;;;;;;;
95,98902415;18,0000378;3,297173915;;;;;;;;;;;;;;;;;;;;;;;;
96,09971365;18,00941387;3,279313772;;;;;;;;;;;;;;;;;;;;;;;;
96,20967712;18,01877915;3,261561369;;;;;;;;;;;;;;;;;;;;;;;;
96,31892068;18,02813372;3,243915905;;;;;;;;;;;;;;;;;;;;;;;;
96,42745035;18,03747767;3,226376589;;;;;;;;;;;;;;;;;;;;;;;;
96,53527207;18,04681112;3,208942637;;;;;;;;;;;;;;;;;;;;;;;;
96,64239175;18,05613413;3,191613274;;;;;;;;;;;;;;;;;;;;;;;;
96,74881519;18,06544682;3,174387731;;;;;;;;;;;;;;;;;;;;;;;;
96,85454816;18,07474926;3,157265251;;;;;;;;;;;;;;;;;;;;;;;;
96,95959634;18,08404154;3,140245078;;;;;;;;;;;;;;;;;;;;;;;;
97,06403504;18,09332376;3,125411592;;;;;;;;;;;;;;;;;;;;;;;;
97,16788599;18,10259599;3,111170408;;;;;;;;;;;;;;;;;;;;;;;;
97,27115347;18,11185831;3,0970009;;;;;;;;;;;;;;;;;;;;;;;;
97,37384172;18,12111079;3,082902626;;;;;;;;;;;;;;;;;;;;;;;;
97,47595493;18,13035352;3,068875151;;;;;;;;;;;;;;;;;;;;;;;;
97,57749724;18,13958657;3,05491804;;;;;;;;;;;;;;;;;;;;;;;;
97,67847278;18,14881001;3,041030864;;;;;;;;;;;;;;;;;;;;;;;;
97,7788856;18,15802391;3,027213196;;;;;;;;;;;;;;;;;;;;;;;;
97,87873973;18,16722835;3,013464615;;;;;;;;;;;;;;;;;;;;;;;;
97,97803915;18,1764234;2,999784701;;;;;;;;;;;;;;;;;;;;;;;;
98,07678782;18,18560913;2,986173038;;;;;;;;;;;;;;;;;;;;;;;;
98,17498963;18,19478562;2,972629215;;;;;;;;;;;;;;;;;;;;;;;;
98,27264847;18,20395292;2,959152823;;;;;;;;;;;;;;;;;;;;;;;;
98,36976815;18,21311111;2,945743456;;;;;;;;;;;;;;;;;;;;;;;;
98,46635248;18,22226027;2,932400713;;;;;;;;;;;;;;;;;;;;;;;;
98,56240522;18,23140044;2,919124195;;;;;;;;;;;;;;;;;;;;;;;;
98,65793008;18,24053172;2,905913507;;;;;;;;;;;;;;;;;;;;;;;;
98,75293074;18,24965414;2,892768255;;;;;;;;;;;;;;;;;;;;;;;;
98,84741087;18,2587678;2,879688052;;;;;;;;;;;;;;;;;;;;;;;;
98,94137407;18,26787274;2,866672511;;;;;;;;;;;;;;;;;;;;;;;;
99,03482392;18,27696904;2,853721249;;;;;;;;;;;;;;;;;;;;;;;;
99,12776397;18,28605675;2,840833887;;;;;;;;;;;;;;;;;;;;;;;;
99,22019774;18,29513594;2,828010047;;;;;;;;;;;;;;;;;;;;;;;;
99,3121287;18,30420667;2,815249357;;;;;;;;;;;;;;;;;;;;;;;;
99,20425868;18,31337397;-31,1844041;;;;;;;;;;;;;;;;;;;;;;;;
98,17510295;18,32263823;-30,80948039;;;;;;;;;;;;;;;;;;;;;;;;
97,14756597;18,33200136;-30,43565629;;;;;;;;;;;;;;;;;;;;;;;;
96,12166272;18,34146544;-30,0922258;;;;;;;;;;;;;;;;;;;;;;;;
95,09639981;18,3510326;-29,74838979;;;;;;;;;;;;;;;;;;;;;;;;
94,07181253;18,36070505;-29,4083128;;;;;;;;;;;;;;;;;;;;;;;;
93,04779108;18,37048508;-29,07195879;;;;;;;;;;;;;;;;;;;;;;;;
92,02422202;18,38037508;-28,73929184;;;;;;;;;;;;;;;;;;;;;;;;
91,00098802;18,39037753;-28,40972533;;;;;;;;;;;;;;;;;;;;;;;;
89,9779877;18,40049499;-28,08312615;;;;;;;;;;;;;;;;;;;;;;;;
88,95511989;18,41073014;-27,76023066;;;;;;;;;;;;;;;;;;;;;;;;
87,93225119;18,42108578;-27,44099611;;;;;;;;;;;;;;;;;;;;;;;;
86,90924346;18,43156479;-27,12538027;;;;;;;;;;;;;;;;;;;;;;;;
85,88595352;18,44217021;-26,81334133;;;;;;;;;;;;;;;;;;;;;;;;
84,86223281;18,45290559;-26,58118781;;;;;;;;;;;;;;;;;;;;;;;;
83,83493979;18,46377424;-26,27236538;;;;;;;;;;;;;;;;;;;;;;;;
82,80697733;18,47477962;-25,96710592;;;;;;;;;;;;;;;;;;;;;;;;
81,7781769;18,48592536;-25,66536765;;;;;;;;;;;;;;;;;;;;;;;;
80,74836295;18,49721525;-25,36710923;;;;;;;;;;;;;;;;;;;;;;;;
79,71735236;18,50865327;-25,07228977;;;;;;;;;;;;;;;;;;;;;;;;
78,68495399;18,52024359;-24,78086881;;;;;;;;;;;;;;;;;;;;;;;;
77,65096797;18,53199061;-24,49280634;;;;;;;;;;;;;;;;;;;;;;;;
76,61518515;18,54389894;-24,20806274;;;;;;;;;;;;;;;;;;;;;;;;
75,57738632;18,55597342;-23,92659883;;;;;;;;;;;;;;;;;;;;;;;;
74,53734144;18,56821918;-23,64837582;;;;;;;;;;;;;;;;;;;;;;;;
73,49480879;18,58063929;-23,07274575;;;;;;;;;;;;;;;;;;;;;;;;
72,46317169;18,59323872;-22,73897555;;;;;;;;;;;;;;;;;;;;;;;;
71,43177807;18,60602248;-22,37962409;;;;;;;;;;;;;;;;;;;;;;;;
70,40183355;18,61899533;-21,97314069;;;;;;;;;;;;;;;;;;;;;;;;
69,37563793;18,63216133;-21,47262362;;;;;;;;;;;;;;;;;;;;;;;;
68,35788704;18,64552879;-21,40772213;;;;;;;;;;;;;;;;;;;;;;;;
67,32768649;18,65910398;-21,08112697;;;;;;;;;;;;;;;;;;;;;;;;
66,29743775;18,67289328;-20,73803727;;;;;;;;;;;;;;;;;;;;;;;;
65,26797046;18,68690312;-20,37033971;;;;;;;;;;;;;;;;;;;;;;;;
64,24058409;18,70113972;-19,9650788;;;;;;;;;;;;;;;;;;;;;;;;
63,21733862;18,71561063;-19,64865759;;;;;;;;;;;;;;;;;;;;;;;;
62,19373634;18,7303234;-19,30260333;;;;;;;;;;;;;;;;;;;;;;;;
61,17135528;18,7452856;-18,93279442;;;;;;;;;;;;;;;;;;;;;;;;
60,15156039;18,76050466;-18,52916124;;;;;;;;;;;;;;;;;;;;;;;;
59,13637331;18,77598454;-17,87936352;;;;;;;;;;;;;;;;;;;;;;;;
58,14000011;18,79173343;-17,51666282;;;;;;;;;;;;;;;;;;;;;;;;
57,14687516;18,80775941;-17,12595246;;;;;;;;;;;;;;;;;;;;;;;;
56,15881866;18,82407014;-16,69693918;;;;;;;;;;;;;;;;;;;;;;;;
55,17839723;18,84067246;-16,21432691;;;;;;;;;;;;;;;;;;;;;;;;
54,20929367;18,85757881;-16,01740191;;;;;;;;;;;;;;;;;;;;;;;;
53,23442866;18,8747979;-15,59747683;;;;;;;;;;;;;;;;;;;;;;;;
52,26756079;18,89233752;-15,12670474;;;;;;;;;;;;;;;;;;;;;;;;
51,31242123;18,91020373;-14,58394687;;;;;;;;;;;;;;;;;;;;;;;;
50,37440544;18,92839968;-13,93531588;;;;;;;;;;;;;;;;;;;;;;;;
49,46156692;18,94694365;-13,90515915;;;;;;;;;;;;;;;;;;;;;;;;
48,53328196;18,96584331;-13,42414045;;;;;;;;;;;;;;;;;;;;;;;;
47,61992018;18,98510372;-12,86386695;;;;;;;;;;;;;;;;;;;;;;;;
46,72797202;19,00472562;-12,18673151;;;;;;;;;;;;;;;;;;;;;;;;
45,8671154;19,02471277;-11,64887914;;;;;;;;;;;;;;;;;;;;;;;;
45,02893505;19,04507572;-11,33630499;;;;;;;;;;;;;;;;;;;;;;;;
44,19790867;19,06582403;-10,98992643;;;;;;;;;;;;;;;;;;;;;;;;
43,37702805;19,08696547;-10,59806398;;;;;;;;;;;;;;;;;;;;;;;;
42,57041799;19,10850688;-10,19236277;;;;;;;;;;;;;;;;;;;;;;;;
41,78000996;19,13044906;-9,660758383;;;;;;;;;;;;;;;;;;;;;;;;
41,01688876;19,15278522;-8,997382326;;;;;;;;;;;;;;;;;;;;;;;;
40,29340767;19,17549534;-8,115497283;;;;;;;;;;;;;;;;;;;;;;;;
39,62991363;19,19859419;-8,020371373;;;;;;;;;;;;;;;;;;;;;;;;
38,96297265;19,22209341;-7,846928973;;;;;;;;;;;;;;;;;;;;;;;;
38,29914451;19,24600372;-7,649845403;;;;;;;;;;;;;;;;;;;;;;;;
37,64066791;19,27033414;-7,420232345;;;;;;;;;;;;;;;;;;;;;;;;
36,99073344;19,2950907;-7,14439074;;;;;;;;;;;;;;;;;;;;;;;;
36,35399948;19,32027431;-6,79981606;;;;;;;;;;;;;;;;;;;;;;;;
35,73752124;19,34587695;-6,345900043;;;;;;;;;;;;;;;;;;;;;;;;
35,15262275;19,37182817;-5,054060156;;;;;;;;;;;;;;;;;;;;;;;;
34,68045025;19,39814033;-5,022295292;;;;;;;;;;;;;;;;;;;;;;;;
34,2047195;19,42482651;-4,990052064;;;;;;;;;;;;;;;;;;;;;;;;
33,725324;19,45190054;-4,957000935;;;;;;;;;;;;;;;;;;;;;;;;
33,24218234;19,47937705;-4,922635654;;;;;;;;;;;;;;;;;;;;;;;;
32,75525778;19,50727141;-4,886163563;;;;;;;;;;;;;;;;;;;;;;;;
32,26459078;19,5355997;-4,846316962;;;;;;;;;;;;;;;;;;;;;;;;
31,77035434;19,56437857;-4,801017978;;;;;;;;;;;;;;;;;;;;;;;;
31,27295009;19,59362481;-4,746757648;;;;;;;;;;;;;;;;;;;;;;;;
30,77318067;19,62335469;-4,677378547;;;;;;;;;;;;;;;;;;;;;;;;
30,27257218;19,65358239;-4,581487423;;;;;;;;;;;;;;;;;;;;;;;;
29,77401602;19,68431677;-4,436237446;;;;;;;;;;;;;;;;;;;;;;;;
29,2831741;19,71555363;-4,188975282;;;;;;;;;;;;;;;;;;;;;;;;
28,81211249;19,74685173;-0,500311589;;;;;;;;;;;;;;;;;;;;;;;;
28,75574081;19,77814983;0;;;;;;;;;;;;;;;;;;;;;;;;
28,69936913;19,80944792;-0,500311589;;;;;;;;;;;;;;;;;;;;;;;;
29,19142213;19,8408075;4,358521885;;;;;;;;;;;;;;;;;;;;;;;;
29,74989559;19,87163847;5,03167728;;;;;;;;;;;;;;;;;;;;;;;;
30,34193386;19,90189068;5,436134781;;;;;;;;;;;;;;;;;;;;;;;;
30,95166819;19,9315526;5,710036661;;;;;;;;;;;;;;;;;;;;;;;;
31,57027281;19,96063019;5,909520084;;;;;;;;;;;;;;;;;;;;;;;;
32,19247925;19,98913802;6,062724359;;;;;;;;;;;;;;;;;;;;;;;;
32,81501537;20,01709486;6,185488023;;;;;;;;;;;;;;;;;;;;;;;;
33,43580546;20,04452133;6,287418624;;;;;;;;;;;;;;;;;;;;;;;;
34,05352348;20,07143858;6,374660345;;;;;;;;;;;;;;;;;;;;;;;;
34,66732831;20,09786757;6,451301548;;;;;;;;;;;;;;;;;;;;;;;;
35,40720016;20,12382861;7,916475431;;;;;;;;;;;;;;;;;;;;;;;;
36,23754939;20,14924717;9,074179489;;;;;;;;;;;;;;;;;;;;;;;;
37,17566892;20,17408329;10,49233113;;;;;;;;;;;;;;;;;;;;;;;;
38,1232759;20,19829267;10,87281575;;;;;;;;;;;;;;;;;;;;;;;;
39,07398238;20,22190029;11,18643383;;;;;;;;;;;;;;;;;;;;;;;;
40,06397606;20,24493352;11,93919612;;;;;;;;;;;;;;;;;;;;;;;;
41,07728234;20,26739759;12,52996257;;;;;;;;;;;;;;;;;;;;;;;;
42,10006547;20,28930752;12,96702206;;;;;;;;;;;;;;;;;;;;;;;;
43,14253532;20,31068515;13,54569407;;;;;;;;;;;;;;;;;;;;;;;;
44,19749975;20,33154624;14,04748153;;;;;;;;;;;;;;;;;;;;;;;;
45,21825568;20,35190938;13,92433956;;;;;;;;;;;;;;;;;;;;;;;;
46,20370818;20,37181285;13,75322316;;;;;;;;;;;;;;;;;;;;;;;;
47,14831819;20,3912918;13,47052011;;;;;;;;;;;;;;;;;;;;;;;;
48,0543783;20,4103805;13,18494145;;;;;;;;;;;;;;;;;;;;;;;;
48,92484153;20,42910928;12,91036089;;;;;;;;;;;;;;;;;;;;;;;;
49,76230808;20,44750484;12,6459625;;;;;;;;;;;;;;;;;;;;;;;;
50,56908188;20,46559082;12,39102668;;;;;;;;;;;;;;;;;;;;;;;;
51,34946768;20,48338826;12,18005971;;;;;;;;;;;;;;;;;;;;;;;;
52,10538142;20,50091522;11,98017529;;;;;;;;;;;;;;;;;;;;;;;;
52,83826115;20,51818791;11,78610438;;;;;;;;;;;;;;;;;;;;;;;;
53,54941182;20,53522102;11,59751997;;;;;;;;;;;;;;;;;;;;;;;;
54,24002192;20,55202792;11,41412483;;;;;;;;;;;;;;;;;;;;;;;;
54,9111776;20,56862084;11,2356478;;;;;;;;;;;;;;;;;;;;;;;;
55,56335335;20,58501094;11,05300562;;;;;;;;;;;;;;;;;;;;;;;;
56,19735841;20,60120867;10,87266896;;;;;;;;;;;;;;;;;;;;;;;;
56,81408494;20,61722366;10,69703752;;;;;;;;;;;;;;;;;;;;;;;;
57,4143566;20,6330648;10,52589058;;;;;;;;;;;;;;;;;;;;;;;;
57,99893579;20,64874032;10,35902399;;;;;;;;;;;;;;;;;;;;;;;;
58,56852978;20,66425785;10,19624851;;;;;;;;;;;;;;;;;;;;;;;;
59,1237962;20,67962446;10,03738827;;;;;;;;;;;;;;;;;;;;;;;;
59,66528597;20,69484676;9,881151493;;;;;;;;;;;;;;;;;;;;;;;;
60,19346804;20,70993091;9,726584646;;;;;;;;;;;;;;;;;;;;;;;;
60,70888823;20,7248827;9,575595254;;;;;;;;;;;;;;;;;;;;;;;;
61,21205772;20,73970754;9,428043465;;;;;;;;;;;;;;;;;;;;;;;;
61,7034561;20,75441053;9,283798085;;;;;;;;;;;;;;;;;;;;;;;;
62,18353398;20,76899642;9,142735835;;;;;;;;;;;;;;;;;;;;;;;;
62,6532833;20,78346971;9,015639747;;;;;;;;;;;;;;;;;;;;;;;;
63,11565196;20,79783448;8,941023103;;;;;;;;;;;;;;;;;;;;;;;;
63,57013468;20,81209401;8,853386857;;;;;;;;;;;;;;;;;;;;;;;;
64,01696945;20,8262516;8,767082155;;;;;;;;;;;;;;;;;;;;;;;;
64,45638284;20,84031038;8,6820721;;;;;;;;;;;;;;;;;;;;;;;;
64,8885908;20,85427331;8,598321494;;;;;;;;;;;;;;;;;;;;;;;;
65,31379931;20,86814323;8,51579673;;;;;;;;;;;;;;;;;;;;;;;;
65,73220506;20,88192286;8,434465688;;;;;;;;;;;;;;;;;;;;;;;;
66,14399597;20,89561478;8,354297644;;;;;;;;;;;;;;;;;;;;;;;;
66,54935177;20,90922146;8,275263184;;;;;;;;;;;;;;;;;;;;;;;;
66,9484445;20,92274526;8,197334125;;;;;;;;;;;;;;;;;;;;;;;;
67,34143894;20,93618844;8,12048344;;;;;;;;;;;;;;;;;;;;;;;;
67,72849304;20,94955317;8,044685195;;;;;;;;;;;;;;;;;;;;;;;;
68,10975832;20,96284152;7,96991448;;;;;;;;;;;;;;;;;;;;;;;;
68,48538023;20,97605548;7,896147359;;;;;;;;;;;;;;;;;;;;;;;;
68,85549848;20,98919697;7,823360811;;;;;;;;;;;;;;;;;;;;;;;;
69,22053119;21,00226783;7,757564489;;;;;;;;;;;;;;;;;;;;;;;;
69,58076497;21,01526975;7,696164846;;;;;;;;;;;;;;;;;;;;;;;;
69,93630753;21,02820436;7,63547011;;;;;;;;;;;;;;;;;;;;;;;;
70,28726272;21,04107321;7,575466152;;;;;;;;;;;;;;;;;;;;;;;;
70,63373078;21,05387781;7,516139318;;;;;;;;;;;;;;;;;;;;;;;;
70,97580847;21,06661959;7,457476406;;;;;;;;;;;;;;;;;;;;;;;;
71,31358927;21,07929997;7,399464644;;;;;;;;;;;;;;;;;;;;;;;;
71,64716352;21,09192029;7,342091671;;;;;;;;;;;;;;;;;;;;;;;;
71,97661857;21,10448184;7,285345515;;;;;;;;;;;;;;;;;;;;;;;;
72,3020389;21,1169859;7,229214581;;;;;;;;;;;;;;;;;;;;;;;;
72,62350629;21,12943369;7,173687628;;;;;;;;;;;;;;;;;;;;;;;;
72,94109991;21,14182637;7,118753756;;;;;;;;;;;;;;;;;;;;;;;;
73,25489644;21,15416509;7,064402393;;;;;;;;;;;;;;;;;;;;;;;;
73,56497017;21,16645096;7,010623278;;;;;;;;;;;;;;;;;;;;;;;;
73,87139315;21,17868504;6,957406447;;;;;;;;;;;;;;;;;;;;;;;;
74,17423521;21,19086838;6,904742225;;;;;;;;;;;;;;;;;;;;;;;;
74,47356411;21,20300197;6,85262121;;;;;;;;;;;;;;;;;;;;;;;;
74,76944563;21,2150868;6,801034263;;;;;;;;;;;;;;;;;;;;;;;;
75,0619436;21,2271238;6,749972498;;;;;;;;;;;;;;;;;;;;;;;;
75,35104301;21,2391139;6,697643122;;;;;;;;;;;;;;;;;;;;;;;;
75,63677052;21,25105799;6,645020351;;;;;;;;;;;;;;;;;;;;;;;;
75,91918803;21,26295697;6,592947042;;;;;;;;;;;;;;;;;;;;;;;;
76,19835569;21,27481168;6,541414156;;;;;;;;;;;;;;;;;;;;;;;;
76,47433195;21,28662295;6,490412894;;;;;;;;;;;;;;;;;;;;;;;;
76,74717368;21,29839161;6,439934687;;;;;;;;;;;;;;;;;;;;;;;;
77,01693614;21,31011843;6,389971189;;;;;;;;;;;;;;;;;;;;;;;;
77,28367314;21,32180417;6,340514267;;;;;;;;;;;;;;;;;;;;;;;;
77,54743701;21,33344958;6,291555993;;;;;;;;;;;;;;;;;;;;;;;;
77,80827874;21,34505538;6,243088639;;;;;;;;;;;;;;;;;;;;;;;;
78,06624794;21,35662227;6,195104666;;;;;;;;;;;;;;;;;;;;;;;;
78,32139294;21,36815094;6,14759672;;;;;;;;;;;;;;;;;;;;;;;;
78,57376086;21,37964205;6,100557625;;;;;;;;;;;;;;;;;;;;;;;;
78,82339758;21,39109626;6,053980377;;;;;;;;;;;;;;;;;;;;;;;;
79,07034787;21,40251419;6,007858138;;;;;;;;;;;;;;;;;;;;;;;;
79,31465534;21,41389646;5,962184227;;;;;;;;;;;;;;;;;;;;;;;;
79,55636256;21,42524367;5,916952122;;;;;;;;;;;;;;;;;;;;;;;;
79,79551105;21,4365564;5,872155447;;;;;;;;;;;;;;;;;;;;;;;;
80,03214131;21,44783523;5,827787972;;;;;;;;;;;;;;;;;;;;;;;;
80,2662929;21,45908071;5,783843607;;;;;;;;;;;;;;;;;;;;;;;;
80,49800443;21,47029339;5,740316398;;;;;;;;;;;;;;;;;;;;;;;;
80,72731359;21,48147379;5,697200519;;;;;;;;;;;;;;;;;;;;;;;;
80,95425721;21,49262243;5,654490274;;;;;;;;;;;;;;;;;;;;;;;;
81,17887125;21,50373982;5,612180087;;;;;;;;;;;;;;;;;;;;;;;;
81,40118171;21,51482645;5,570034472;;;;;;;;;;;;;;;;;;;;;;;;
81,62120571;21,5258828;5,527843678;;;;;;;;;;;;;;;;;;;;;;;;
81,83897752;21,53690935;5,486048712;;;;;;;;;;;;;;;;;;;;;;;;
82,05453064;21,54790655;5,444644237;;;;;;;;;;;;;;;;;;;;;;;;
82,26789784;21,55887487;5,403625029;;;;;;;;;;;;;;;;;;;;;;;;
82,47911114;21,56981474;5,362985967;;;;;;;;;;;;;;;;;;;;;;;;
82,68839862;21,58072659;5,327729905;;;;;;;;;;;;;;;;;;;;;;;;
82,89595581;21,59161083;5,297090005;;;;;;;;;;;;;;;;;;;;;;;;
83,10182687;21,60246781;5,2672464;;;;;;;;;;;;;;;;;;;;;;;;
83,30603252;21,6132979;5,237611912;;;;;;;;;;;;;;;;;;;;;;;;
83,50859309;21,62410144;5,20818437;;;;;;;;;;;;;;;;;;;;;;;;
83,70952852;21,63487877;5,178961638;;;;;;;;;;;;;;;;;;;;;;;;
83,90885841;21,64563023;5,149941617;;;;;;;;;;;;;;;;;;;;;;;;
84,10660197;21,65635616;5,121122241;;;;;;;;;;;;;;;;;;;;;;;;
84,30277806;21,66705686;5,092501478;;;;;;;;;;;;;;;;;;;;;;;;
84,49740523;21,67773267;5,06407733;;;;;;;;;;;;;;;;;;;;;;;;
84,69050165;21,68838388;5,03584783;;;;;;;;;;;;;;;;;;;;;;;;
84,88208521;21,69901081;5,007811044;;;;;;;;;;;;;;;;;;;;;;;;
85,07217346;21,70961376;4,979965066;;;;;;;;;;;;;;;;;;;;;;;;
85,26078364;21,72019301;4,952308022;;;;;;;;;;;;;;;;;;;;;;;;
85,4479327;21,73074886;4,924838067;;;;;;;;;;;;;;;;;;;;;;;;
85,63363728;21,74128159;4,897553384;;;;;;;;;;;;;;;;;;;;;;;;
85,81791376;21,75179148;4,870452184;;;;;;;;;;;;;;;;;;;;;;;;
86,00077822;21,7622788;4,843532706;;;;;;;;;;;;;;;;;;;;;;;;
86,18224646;21,77274382;4,816793215;;;;;;;;;;;;;;;;;;;;;;;;
86,36233403;21,78318681;4,790232002;;;;;;;;;;;;;;;;;;;;;;;;
86,54105622;21,79360801;4,763847384;;;;;;;;;;;;;;;;;;;;;;;;
86,71842806;21,8040077;4,737637701;;;;;;;;;;;;;;;;;;;;;;;;
86,89446433;21,81438612;4,711601321;;;;;;;;;;;;;;;;;;;;;;;;
87,06917956;21,82474351;4,685736633;;;;;;;;;;;;;;;;;;;;;;;;
87,24258807;21,83508012;4,660042049;;;;;;;;;;;;;;;;;;;;;;;;
87,41470391;21,84539618;4,634516006;;;;;;;;;;;;;;;;;;;;;;;;
87,58554094;21,85569193;4,609156962;;;;;;;;;;;;;;;;;;;;;;;;
87,75511278;21,8659676;4,583963397;;;;;;;;;;;;;;;;;;;;;;;;
87,92343284;21,87622341;4,558933812;;;;;;;;;;;;;;;;;;;;;;;;
88,09051431;21,88645959;4,53406673;;;;;;;;;;;;;;;;;;;;;;;;
88,25637018;21,89667636;4,509360694;;;;;;;;;;;;;;;;;;;;;;;;
88,42101323;21,90687392;4,484814266;;;;;;;;;;;;;;;;;;;;;;;;
88,58445606;21,9170525;4,46042603;;;;;;;;;;;;;;;;;;;;;;;;
88,74671105;21,92721229;4,436194587;;;;;;;;;;;;;;;;;;;;;;;;
88,90779042;21,93735351;4,412118558;;;;;;;;;;;;;;;;;;;;;;;;
89,06770618;21,94747636;4,388196582;;;;;;;;;;;;;;;;;;;;;;;;
89,22647017;21,95758103;4,364427318;;;;;;;;;;;;;;;;;;;;;;;;
89,38409405;21,96766773;4,340809441;;;;;;;;;;;;;;;;;;;;;;;;
89,54058931;21,97773663;4,317341642;;;;;;;;;;;;;;;;;;;;;;;;
89,69596726;21,98778794;4,294022633;;;;;;;;;;;;;;;;;;;;;;;;
89,85023905;21,99782184;4,27085114;;;;;;;;;;;;;;;;;;;;;;;;
90,00341567;22,0078385;4,247825906;;;;;;;;;;;;;;;;;;;;;;;;
90,15550795;22,01783812;4,22494569;;;;;;;;;;;;;;;;;;;;;;;;
90,30649453;22,02782088;4,20131863;;;;;;;;;;;;;;;;;;;;;;;;
90,45638455;22,03778694;4,177790648;;;;;;;;;;;;;;;;;;;;;;;;
90,60518894;22,04773648;4,154415888;;;;;;;;;;;;;;;;;;;;;;;;
90,75291851;22,05766969;4,131193024;;;;;;;;;;;;;;;;;;;;;;;;
90,89958389;22,06758673;4,108120751;;;;;;;;;;;;;;;;;;;;;;;;
91,04519556;22,07748776;4,085197777;;;;;;;;;;;;;;;;;;;;;;;;
91,18976387;22,08737296;4,062422829;;;;;;;;;;;;;;;;;;;;;;;;
91,333299;22,09724249;4,039794649;;;;;;;;;;;;;;;;;;;;;;;;
91,475811;22,10709651;4,017311995;;;;;;;;;;;;;;;;;;;;;;;;
91,61730977;22,11693517;3,99497364;;;;;;;;;;;;;;;;;;;;;;;;
91,75780508;22,12675865;3,972778372;;;;;;;;;;;;;;;;;;;;;;;;
91,89730655;22,13656708;3,950724995;;;;;;;;;;;;;;;;;;;;;;;;
92,03582369;22,14636062;3,928812326;;;;;;;;;;;;;;;;;;;;;;;;
92,17336586;22,15613942;3,907039199;;;;;;;;;;;;;;;;;;;;;;;;
92,3099423;22,16590363;3,885404458;;;;;;;;;;;;;;;;;;;;;;;;
92,44556213;22,17565339;3,863906964;;;;;;;;;;;;;;;;;;;;;;;;
92,58023433;22,18538885;3,842545592;;;;;;;;;;;;;;;;;;;;;;;;
92,71396779;22,19511015;3,821319228;;;;;;;;;;;;;;;;;;;;;;;;
92,84677124;22,20481742;3,800226773;;;;;;;;;;;;;;;;;;;;;;;;
92,97865332;22,21451081;3,77926714;;;;;;;;;;;;;;;;;;;;;;;;
92,98721345;22,22428101;-24,74476562;;;;;;;;;;;;;;;;;;;;;;;;
92,116873;22,23414308;-24,17020954;;;;;;;;;;;;;;;;;;;;;;;;
91,25874727;22,24409747;-23,6201756;;;;;;;;;;;;;;;;;;;;;;;;
90,41229861;22,25414447;-23,03879057;;;;;;;;;;;;;;;;;;;;;;;;
89,57900422;22,2642841;-22,41821119;;;;;;;;;;;;;;;;;;;;;;;;
88,76068012;22,27451718;-22,00597887;;;;;;;;;;;;;;;;;;;;;;;;
87,94999937;22,2848442;-21,51685419;;;;;;;;;;;;;;;;;;;;;;;;
87,15006181;22,29526545;-21,00633021;;;;;;;;;;;;;;;;;;;;;;;;
86,36197761;22,30578034;-20,31725158;;;;;;;;;;;;;;;;;;;;;;;;
85,59289632;22,31639002;-20,02139148;;;;;;;;;;;;;;;;;;;;;;;;
84,8281822;22,32709564;-19,72445046;;;;;;;;;;;;;;;;;;;;;;;;
84,06799734;22,33789834;-19,42603718;;;;;;;;;;;;;;;;;;;;;;;;
83,31252436;22,3487997;-19,21329705;;;;;;;;;;;;;;;;;;;;;;;;
82,55850046;22,35980089;-18,91676003;;;;;;;;;;;;;;;;;;;;;;;;
81,80931558;22,37090307;-18,61782805;;;;;;;;;;;;;;;;;;;;;;;;
81,06520144;22,38210735;-18,31594869;;;;;;;;;;;;;;;;;;;;;;;;
80,32641993;22,39341528;-18,08633257;;;;;;;;;;;;;;;;;;;;;;;;
79,59015148;22,40482792;-17,77274527;;;;;;;;;;;;;;;;;;;;;;;;
78,85994945;22,41634627;-17,45379057;;;;;;;;;;;;;;;;;;;;;;;;
78,1362097;22,42797126;-17,12847078;;;;;;;;;;;;;;;;;;;;;;;;
77,41938346;22,43970453;-16,913147;;;;;;;;;;;;;;;;;;;;;;;;
76,70497614;22,45154684;-16,56619096;;;;;;;;;;;;;;;;;;;;;;;;
75,99872138;22,46349882;-16,20827213;;;;;;;;;;;;;;;;;;;;;;;;
75,30132594;22,4755589;-15,5467291;;;;;;;;;;;;;;;;;;;;;;;;
74,62634443;22,48772722;-15,15352221;;;;;;;;;;;;;;;;;;;;;;;;
73,96252977;22,50000368;-14,74026169;;;;;;;;;;;;;;;;;;;;;;;;
73,31108052;22,51238785;-14,30276746;;;;;;;;;;;;;;;;;;;;;;;;
72,67342006;22,52487896;-13,83569573;;;;;;;;;;;;;;;;;;;;;;;;
72,05125667;22,53747576;-13,33206357;;;;;;;;;;;;;;;;;;;;;;;;
71,44666744;22,55017647;-12,78249679;;;;;;;;;;;;;;;;;;;;;;;;
70,86221934;22,56297521;-11,78149981;;;;;;;;;;;;;;;;;;;;;;;;
70,31938095;22,57586751;-10,99381709;;;;;;;;;;;;;;;;;;;;;;;;
69,80913299;22,58884718;-10,05663517;;;;;;;;;;;;;;;;;;;;;;;;
69,33921858;22,60190549;-8,882795958;;;;;;;;;;;;;;;;;;;;;;;;
68,92163915;22,61504666;-9,186630187;;;;;;;;;;;;;;;;;;;;;;;;
68,487036;22,62826852;-8,780719184;;;;;;;;;;;;;;;;;;;;;;;;
68,06908518;22,64156825;-8,324287741;;;;;;;;;;;;;;;;;;;;;;;;
67,67052625;22,6549422;-7,799054581;;;;;;;;;;;;;;;;;;;;;;;;
67,29503141;22,6683855;-7,174280896;;;;;;;;;;;;;;;;;;;;;;;;
66,94782566;22,68189149;-6,390408009;;;;;;;;;;;;;;;;;;;;;;;;
66,6371141;22,69545008;-5,296190684;;;;;;;;;;;;;;;;;;;;;;;;
66,37860221;22,70902763;-1,896776791;;;;;;;;;;;;;;;;;;;;;;;;
66,28588931;22,72260518;0;;;;;;;;;;;;;;;;;;;;;;;;
66,19317642;22,73618273;-1,896776791;;;;;;;;;;;;;;;;;;;;;;;;
66,32146168;22,74977929;2,620866939;;;;;;;;;;;;;;;;;;;;;;;;
66,49839932;22,76334956;3,621840565;;;;;;;;;;;;;;;;;;;;;;;;
66,71166386;22,77688372;4,377083362;;;;;;;;;;;;;;;;;;;;;;;;
66,95392701;22,79037462;4,988203077;;;;;;;;;;;;;;;;;;;;;;;;
67,22021226;22,8038167;5,50272931;;;;;;;;;;;;;;;;;;;;;;;;
67,50687794;22,81720553;5,947446935;;;;;;;;;;;;;;;;;;;;;;;;
67,81112796;22,8305375;6,339188008;;;;;;;;;;;;;;;;;;;;;;;;
68,14211087;22,84380966;6,92726064;;;;;;;;;;;;;;;;;;;;;;;;
68,48295942;22,85701735;7,168561621;;;;;;;;;;;;;;;;;;;;;;;;
68,83270994;22,87015931;7,392577234;;;;;;;;;;;;;;;;;;;;;;;;
69,19052987;22,88323449;7,601764069;;;;;;;;;;;;;;;;;;;;;;;;
69,55115634;22,89624205;7,701215097;;;;;;;;;;;;;;;;;;;;;;;;
69,90708283;22,90918216;7,640462614;;;;;;;;;;;;;;;;;;;;;;;;
70,25841351;22,92205639;7,580402059;;;;;;;;;;;;;;;;;;;;;;;;
70,60524889;22,93486625;7,52101974;;;;;;;;;;;;;;;;;;;;;;;;
70,94768604;22,94761318;7,462302418;;;;;;;;;;;;;;;;;;;;;;;;
71,28581868;22,96029858;7,404237286;;;;;;;;;;;;;;;;;;;;;;;;
71,61973742;22,97292381;7,34681195;;;;;;;;;;;;;;;;;;;;;;;;
71,94952985;22,98549018;7,290014408;;;;;;;;;;;;;;;;;;;;;;;;
72,27528067;22,99799895;7,233833031;;;;;;;;;;;;;;;;;;;;;;;;
72,5970719;23,01045134;7,178256552;;;;;;;;;;;;;;;;;;;;;;;;
72,9149829;23,02284853;7,123274044;;;;;;;;;;;;;;;;;;;;;;;;
73,22909056;23,03519167;7,068874906;;;;;;;;;;;;;;;;;;;;;;;;
73,53946938;23,04748187;7,015048853;;;;;;;;;;;;;;;;;;;;;;;;
73,84619156;23,0597202;6,961785897;;;;;;;;;;;;;;;;;;;;;;;;
74,14932713;23,07190769;6,90907634;;;;;;;;;;;;;;;;;;;;;;;;
74,44894402;23,08404536;6,856910757;;;;;;;;;;;;;;;;;;;;;;;;
74,74510815;23,09613418;6,805279988;;;;;;;;;;;;;;;;;;;;;;;;
75,03788353;23,1081751;6,754175126;;;;;;;;;;;;;;;;;;;;;;;;
75,32726461;23,12016905;6,70201966;;;;;;;;;;;;;;;;;;;;;;;;
75,61326859;23,13211691;6,649351038;;;;;;;;;;;;;;;;;;;;;;;;
75,89595752;23,14401958;6,597232638;;;;;;;;;;;;;;;;;;;;;;;;
76,17539168;23,15587792;6,545655398;;;;;;;;;;;;;;;;;;;;;;;;
76,45162968;23,16769276;6,494610501;;;;;;;;;;;;;;;;;;;;;;;;
76,7247285;23,17946491;6,44408936;;;;;;;;;;;;;;;;;;;;;;;;
76,99474354;23,19119516;6,394083609;;;;;;;;;;;;;;;;;;;;;;;;
77,26172873;23,20288427;6,344585099;;;;;;;;;;;;;;;;;;;;;;;;
77,52573652;23,21453298;6,295585885;;;;;;;;;;;;;;;;;;;;;;;;
77,78681799;23,22614203;6,247078223;;;;;;;;;;;;;;;;;;;;;;;;
78,04502288;23,23771212;6,199054558;;;;;;;;;;;;;;;;;;;;;;;;
78,30039963;23,24924392;6,151507521;;;;;;;;;;;;;;;;;;;;;;;;
78,55299544;23,26073812;6,104429923;;;;;;;;;;;;;;;;;;;;;;;;
78,80285631;23,27219535;6,057814744;;;;;;;;;;;;;;;;;;;;;;;;
79,05002708;23,28361625;6,011655133;;;;;;;;;;;;;;;;;;;;;;;;
79,29455147;23,29500145;5,965944397;;;;;;;;;;;;;;;;;;;;;;;;
79,39754616;23,30648503;-24,78894818;;;;;;;;;;;;;;;;;;;;;;;;
78,37274872;23,31812105;-24,50889235;;;;;;;;;;;;;;;;;;;;;;;;
77,34607987;23,32991391;-24,23187084;;;;;;;;;;;;;;;;;;;;;;;;
76,31733241;23,34186828;-23,95784926;;;;;;;;;;;;;;;;;;;;;;;;
75,28628901;23,35398905;-23,6867935;;;;;;;;;;;;;;;;;;;;;;;;
74,25272136;23,36628254;-23,57290862;;;;;;;;;;;;;;;;;;;;;;;;
73,20946522;23,37875424;-23,29875659;;;;;;;;;;;;;;;;;;;;;;;;
72,1633951;23,39140993;-23,02775874;;;;;;;;;;;;;;;;;;;;;;;;
71,11423899;23,40425575;-22,75987753;;;;;;;;;;;;;;;;;;;;;;;;
70,06170968;23,41729819;-22,49507579;;;;;;;;;;;;;;;;;;;;;;;;
69,0055034;23,43053533;-21,29927432;;;;;;;;;;;;;;;;;;;;;;;;
67,99051404;23,44397147;-20,81911777;;;;;;;;;;;;;;;;;;;;;;;;
66,98349065;23,45760976;-20,22105923;;;;;;;;;;;;;;;;;;;;;;;;
65,99068028;23,47145072;-19,39234327;;;;;;;;;;;;;;;;;;;;;;;;
65,02440942;23,48550143;-19,19060364;;;;;;;;;;;;;;;;;;;;;;;;
64,05369959;23,49976609;-18,70797065;;;;;;;;;;;;;;;;;;;;;;;;
63,09299347;23,51424801;-18,15571518;;;;;;;;;;;;;;;;;;;;;;;;
62,14644672;23,52894901;-17,49910875;;;;;;;;;;;;;;;;;;;;;;;;
61,22033097;23,5438683;-16,6780094;;;;;;;;;;;;;;;;;;;;;;;;
60,32456403;23,55901418;-16,55080478;;;;;;;;;;;;;;;;;;;;;;;;
59,42212905;23,57439018;-16,06696043;;;;;;;;;;;;;;;;;;;;;;;;
58,53276475;23,58999879;-15,52345399;;;;;;;;;;;;;;;;;;;;;;;;
57,66048645;23,60584082;-14,89698007;;;;;;;;;;;;;;;;;;;;;;;;
56,81089205;23,62190993;-13,87770169;;;;;;;;;;;;;;;;;;;;;;;;
56,00808377;23,63820596;-13,29400275;;;;;;;;;;;;;;;;;;;;;;;;
55,22818178;23,65472638;-12,61336685;;;;;;;;;;;;;;;;;;;;;;;;
54,47802037;23,67146513;-11,79177792;;;;;;;;;;;;;;;;;;;;;;;;
53,7674537;23,68841059;-10,75120449;;;;;;;;;;;;;;;;;;;;;;;;
53,11159117;23,705577;-11,06212981;;;;;;;;;;;;;;;;;;;;;;;;
52,42796169;23,72296426;-10,638864;;;;;;;;;;;;;;;;;;;;;;;;
51,76203111;23,74057055;-10,15946104;;;;;;;;;;;;;;;;;;;;;;;;
51,11809764;23,75839163;-9,603158801;;;;;;;;;;;;;;;;;;;;;;;;
50,50199857;23,77641044;-8,543560041;;;;;;;;;;;;;;;;;;;;;;;;
49,94779726;23,79460934;-7,543951246;;;;;;;;;;;;;;;;;;;;;;;;
49,45354754;23,8129572;-6,078769227;;;;;;;;;;;;;;;;;;;;;;;;
49,05203078;23,83133272;-1,115745201;;;;;;;;;;;;;;;;;;;;;;;;
48,97822217;23,84970823;0;;;;;;;;;;;;;;;;;;;;;;;;
48,90441357;23,86808374;-1,115745201;;;;;;;;;;;;;;;;;;;;;;;;
48,88972183;23,88648699;-0,221756466;;;;;;;;;;;;;;;;;;;;;;;;
48,97396676;23,90489577;1,271207266;;;;;;;;;;;;;;;;;;;;;;;;
49,09445849;23,92327288;1,821283283;;;;;;;;;;;;;;;;;;;;;;;;
49,23795087;23,94160489;2,174284226;;;;;;;;;;;;;;;;;;;;;;;;
49,39773578;23,95988347;2,428235027;;;;;;;;;;;;;;;;;;;;;;;;
49,56969394;23,97810293;2,621710985;;;;;;;;;;;;;;;;;;;;;;;;
49,75104137;23,99625918;2,77448656;;;;;;;;;;;;;;;;;;;;;;;;
49,93978472;24,01434926;2,898203167;;;;;;;;;;;;;;;;;;;;;;;;
50,13444075;24,03237096;3,000333378;;;;;;;;;;;;;;;;;;;;;;;;
50,33387515;24,05032269;3,085966798;;;;;;;;;;;;;;;;;;;;;;;;
50,53720265;24,06820329;3,158722578;;;;;;;;;;;;;;;;;;;;;;;;
50,74372142;24,08601196;3,221259512;;;;;;;;;;;;;;;;;;;;;;;;
50,95286814;24,10374814;3,275581138;;;;;;;;;;;;;;;;;;;;;;;;
51,16418616;24,12141152;3,323228146;;;;;;;;;;;;;;;;;;;;;;;;
51,37730227;24,13900195;3,365405;;;;;;;;;;;;;;;;;;;;;;;;
51,59190938;24,15651942;3,403066225;;;;;;;;;;;;;;;;;;;;;;;;
51,80775341;24,17396401;3,43697695;;;;;;;;;;;;;;;;;;;;;;;;
52,02462309;24,19133593;3,467756437;;;;;;;;;;;;;;;;;;;;;;;;
52,24234208;24,20863543;3,49591006;;;;;;;;;;;;;;;;;;;;;;;;
52,46076269;24,22586283;3,521853215;;;;;;;;;;;;;;;;;;;;;;;;
52,67976087;24,24301851;3,545929475;;;;;;;;;;;;;;;;;;;;;;;;
52,89923217;24,26010287;3,568424584;;;;;;;;;;;;;;;;;;;;;;;;
53,1190885;24,27711635;3,58957735;;;;;;;;;;;;;;;;;;;;;;;;
53,33925541;24,29405941;3,609588233;;;;;;;;;;;;;;;;;;;;;;;;
53,55966998;24,31093254;3,628626168;;;;;;;;;;;;;;;;;;;;;;;;
53,86930682;24,32773623;5,118533029;;;;;;;;;;;;;;;;;;;;;;;;
54,24054908;24,34444333;6,17239609;;;;;;;;;;;;;;;;;;;;;;;;
54,65684278;24,36103608;6,969135541;;;;;;;;;;;;;;;;;;;;;;;;
55,10784893;24,37750246;7,608201259;;;;;;;;;;;;;;;;;;;;;;;;
55,64426118;24,39383407;9,123618831;;;;;;;;;;;;;;;;;;;;;;;;
56,22699086;24,41000824;10,00788977;;;;;;;;;;;;;;;;;;;;;;;;
56,8429189;24,42601479;10,68882107;;;;;;;;;;;;;;;;;;;;;;;;
57,44242957;24,4418479;10,51788162;;;;;;;;;;;;;;;;;;;;;;;;
58,02628251;24,45751576;10,35121322;;;;;;;;;;;;;;;;;;;;;;;;
58,59518251;24,47302597;10,1886273;;;;;;;;;;;;;;;;;;;;;;;;
59,14978499;24,4883856;10,02994858;;;;;;;;;;;;;;;;;;;;;;;;
59,69063078;24,50360121;9,873738306;;;;;;;;;;;;;;;;;;;;;;;;
60,21819558;24,51867895;9,719344411;;;;;;;;;;;;;;;;;;;;;;;;
60,7330235;24,5336246;9,568521133;;;;;;;;;;;;;;;;;;;;;;;;
61,23562417;24,54844355;9,421129047;;;;;;;;;;;;;;;;;;;;;;;;
61,72647572;24,56314088;9,277037349;;;;;;;;;;;;;;;;;;;;;;;;
62,20602746;24,57772133;9,13612312;;;;;;;;;;;;;;;;;;;;;;;;
62,67546784;24,59218938;9,012969499;;;;;;;;;;;;;;;;;;;;;;;;
63,13745567;24,60654907;8,936822122;;;;;;;;;;;;;;;;;;;;;;;;
63,4574877;24,62097817;-20,85940206;;;;;;;;;;;;;;;;;;;;;;;;
62,37395104;24,63566405;-20,6279597;;;;;;;;;;;;;;;;;;;;;;;;
61,2833682;24,65061778;-20,39080546;;;;;;;;;;;;;;;;;;;;;;;;
60,1856614;24,66585128;-20,1562531;;;;;;;;;;;;;;;;;;;;;;;;
59,0802797;24,68137746;-19,92427078;;;;;;;;;;;;;;;;;;;;;;;;
57,96662794;24,69720649;-19,46238367;;;;;;;;;;;;;;;;;;;;;;;;
56,85757388;24,71335135;-19,13759647;;;;;;;;;;;;;;;;;;;;;;;;
55,74526758;24,72982456;-18,73598098;;;;;;;;;;;;;;;;;;;;;;;;
54,63415721;24,74663535;-18,12832214;;;;;;;;;;;;;;;;;;;;;;;;
53,53705229;24,76379527;-17,63251099;;;;;;;;;;;;;;;;;;;;;;;;
52,44779125;24,7813176;-17,1963277;;;;;;;;;;;;;;;;;;;;;;;;
51,3630404;24,79921392;-16,66010489;;;;;;;;;;;;;;;;;;;;;;;;
50,28968429;24,81749146;-15,94156485;;;;;;;;;;;;;;;;;;;;;;;;
49,24074255;24,83616365;-15,48203808;;;;;;;;;;;;;;;;;;;;;;;;
48,20004215;24,85524396;-15,00985052;;;;;;;;;;;;;;;;;;;;;;;;
47,16902842;24,87474353;-14,44714529;;;;;;;;;;;;;;;;;;;;;;;;
46,15486112;24,8946686;-13,74078269;;;;;;;;;;;;;;;;;;;;;;;;
45,16923143;24,91503524;-13,35664876;;;;;;;;;;;;;;;;;;;;;;;;
44,18992351;24,93585233;-12,75973828;;;;;;;;;;;;;;;;;;;;;;;;
43,23368884;24,95712171;-12,0064013;;;;;;;;;;;;;;;;;;;;;;;;
42,31436173;24,97883161;-10,98594625;;;;;;;;;;;;;;;;;;;;;;;;
41,45574821;25,00100328;-10,8172291;;;;;;;;;;;;;;;;;;;;;;;;
40,59233842;25,02364398;-10,31713488;;;;;;;;;;;;;;;;;;;;;;;;
39,75142474;25,04675379;-9,699252884;;;;;;;;;;;;;;;;;;;;;;;;
38,94449216;25,07031999;-8,889910258;;;;;;;;;;;;;;;;;;;;;;;;
38,19028706;25,09435518;-8,612248909;;;;;;;;;;;;;;;;;;;;;;;;
37,44509775;25,11880571;-7,226426686;;;;;;;;;;;;;;;;;;;;;;;;
36,80901382;25,14351075;-4,263648066;;;;;;;;;;;;;;;;;;;;;;;;
36,42981286;25,16825782;-0,694394097;;;;;;;;;;;;;;;;;;;;;;;;
36,36794969;25,19300488;0;;;;;;;;;;;;;;;;;;;;;;;;
36,30608657;25,21775195;-0,694393439;;;;;;;;;;;;;;;;;;;;;;;;
36,52081731;25,24254118;2,40618302;;;;;;;;;;;;;;;;;;;;;;;;
36,77429721;25,26718466;2,857189184;;;;;;;;;;;;;;;;;;;;;;;;
37,05023565;25,29165827;3,131926605;;;;;;;;;;;;;;;;;;;;;;;;
37,34034709;25,31594962;3,31749913;;;;;;;;;;;;;;;;;;;;;;;;
37,63974047;25,34005223;3,450448434;;;;;;;;;;;;;;;;;;;;;;;;
37,94529738;25,36396313;3,54971682;;;;;;;;;;;;;;;;;;;;;;;;
38,25493461;25,38768148;3,626320045;;;;;;;;;;;;;;;;;;;;;;;;
38,56721713;25,41120786;3,687144244;;;;;;;;;;;;;;;;;;;;;;;;
38,88113517;25,43454374;3,736711452;;;;;;;;;;;;;;;;;;;;;;;;
39,19596752;25,45769121;3,778098544;;;;;;;;;;;;;;;;;;;;;;;;
39,51119373;25,48065276;3,813455671;;;;;;;;;;;;;;;;;;;;;;;;
39,8264357;25,50343112;3,844316857;;;;;;;;;;;;;;;;;;;;;;;;
40,14141783;25,52602917;3,871794863;;;;;;;;;;;;;;;;;;;;;;;;
40,4559392;25,5484499;3,896707952;;;;;;;;;;;;;;;;;;;;;;;;
40,7698539;25,57069633;3,919664768;;;;;;;;;;;;;;;;;;;;;;;;
41,08305681;25,59277146;3,941122518;;;;;;;;;;;;;;;;;;;;;;;;
41,39547332;25,6146783;3,961427622;;;;;;;;;;;;;;;;;;;;;;;;
41,70705175;25,63641981;3,980844583;;;;;;;;;;;;;;;;;;;;;;;;
42,20105909;25,6579989;6,359132597;;;;;;;;;;;;;;;;;;;;;;;;
42,79145902;25,67932537;7,689969914;;;;;;;;;;;;;;;;;;;;;;;;
43,44233236;25,70035761;8,596240595;;;;;;;;;;;;;;;;;;;;;;;;
44,10126953;25,72107473;8,835113551;;;;;;;;;;;;;;;;;;;;;;;;
44,75800806;25,7414823;8,939198309;;;;;;;;;;;;;;;;;;;;;;;;
45,41228703;25,76159044;9,038340692;;;;;;;;;;;;;;;;;;;;;;;;
46,06391886;25,78140886;9,133361577;;;;;;;;;;;;;;;;;;;;;;;;
46,71277314;25,80094693;9,224929328;;;;;;;;;;;;;;;;;;;;;;;;
47,35876436;25,82021361;9,313592981;;;;;;;;;;;;;;;;;;;;;;;;
48,00184227;25,83921748;9,399807198;;;;;;;;;;;;;;;;;;;;;;;;
48,62581066;25,85796676;9,244330914;;;;;;;;;;;;;;;;;;;;;;;;
49,24762819;25,87647545;9,332216444;;;;;;;;;;;;;;;;;;;;;;;;
49,86723042;25,89475045;9,417882746;;;;;;;;;;;;;;;;;;;;;;;;
50,48457709;25,91279837;9,501657104;;;;;;;;;;;;;;;;;;;;;;;;
51,09964749;25,9306256;9,583817601;;;;;;;;;;;;;;;;;;;;;;;;
51,71243665;25,94823824;9,664601834;;;;;;;;;;;;;;;;;;;;;;;;
52,35578;25,96564218;10,26816423;;;;;;;;;;;;;;;;;;;;;;;;
53,01142284;25,98283226;10,59465818;;;;;;;;;;;;;;;;;;;;;;;;
53,67685391;25,99980973;10,88748394;;;;;;;;;;;;;;;;;;;;;;;;
54,35008501;26,01657674;11,1533726;;;;;;;;;;;;;;;;;;;;;;;;
55,01818384;26,03313605;11,20716927;;;;;;;;;;;;;;;;;;;;;;;;
55,66735003;26,04949428;11,02343958;;;;;;;;;;;;;;;;;;;;;;;;
56,29849514;26,06566174;10,84388149;;;;;;;;;;;;;;;;;;;;;;;;
56,9124997;26,08164796;10,66899162;;;;;;;;;;;;;;;;;;;;;;;;
57,51017699;26,09746171;10,49855208;;;;;;;;;;;;;;;;;;;;;;;;
58,09228006;26,11311111;10,33236124;;;;;;;;;;;;;;;;;;;;;;;;
58,65950779;26,1286037;10,17023212;;;;;;;;;;;;;;;;;;;;;;;;
59,21251022;26,14394649;10,0119909;;;;;;;;;;;;;;;;;;;;;;;;
59,75180394;26,15914598;9,855844031;;;;;;;;;;;;;;;;;;;;;;;;
60,27788093;26,17420828;9,701867044;;;;;;;;;;;;;;;;;;;;;;;;
60,79128118;26,18913913;9,551444218;;;;;;;;;;;;;;;;;;;;;;;;
61,29251057;26,20394389;9,404437158;;;;;;;;;;;;;;;;;;;;;;;;
61,78204378;26,21862757;9,260716002;;;;;;;;;;;;;;;;;;;;;;;;
62,26032699;26,23319491;9,120158689;;;;;;;;;;;;;;;;;;;;;;;;
62,72902242;26,24765035;9,006521857;;;;;;;;;;;;;;;;;;;;;;;;
61,76613155;26,26248497;-20,54616411;;;;;;;;;;;;;;;;;;;;;;;;
60,66887078;26,27757;-18,54454969;;;;;;;;;;;;;;;;;;;;;;;;
59,66178831;26,2929066;-17,72462862;;;;;;;;;;;;;;;;;;;;;;;;
58,68318088;26,30848783;-16,42589323;;;;;;;;;;;;;;;;;;;;;;;;
57,76181274;26,32432656;-16,46962947;;;;;;;;;;;;;;;;;;;;;;;;
56,82272366;26,34042624;-15,89026265;;;;;;;;;;;;;;;;;;;;;;;;
55,90174251;26,3567879;-15,19648185;;;;;;;;;;;;;;;;;;;;;;;;
55,00663964;26,37340405;-14,08393987;;;;;;;;;;;;;;;;;;;;;;;;
54,16416444;26,390273;-13,36641308;;;;;;;;;;;;;;;;;;;;;;;;
53,35244573;26,4073886;-12,47748535;;;;;;;;;;;;;;;;;;;;;;;;
52,58363134;26,42473722;-11,30898111;;;;;;;;;;;;;;;;;;;;;;;;
51,87732861;26,44233282;-11,49590221;;;;;;;;;;;;;;;;;;;;;;;;
51,14913004;26,46017326;-10,92937876;;;;;;;;;;;;;;;;;;;;;;;;
50,44718428;26,47825296;-10,25677259;;;;;;;;;;;;;;;;;;;;;;;;
49,77960275;26,49656718;-9,668570854;;;;;;;;;;;;;;;;;;;;;;;;
49,14214236;26,51512035;-9,475840925;;;;;;;;;;;;;;;;;;;;;;;;
48,50923766;26,53391656;-9,269679497;;;;;;;;;;;;;;;;;;;;;;;;
47,88199221;26,55295942;-9,046770393;;;;;;;;;;;;;;;;;;;;;;;;
47,26179709;26,57225185;-8,802711547;;;;;;;;;;;;;;;;;;;;;;;;
46,65042461;26,59179575;-8,531506699;;;;;;;;;;;;;;;;;;;;;;;;
46,0501644;26,61159162;-8,224720891;;;;;;;;;;;;;;;;;;;;;;;;
45,46402858;26,63164431;-8,065791888;;;;;;;;;;;;;;;;;;;;;;;;
44,88176164;26,65194864;-7,609843461;;;;;;;;;;;;;;;;;;;;;;;;
44,3255156;26,67249443;-7,042716682;;;;;;;;;;;;;;;;;;;;;;;;
43,80460225;26,69326327;-6,292140423;;;;;;;;;;;;;;;;;;;;;;;;
43,33415264;26,71422095;-5,175450362;;;;;;;;;;;;;;;;;;;;;;;;
42,94367702;26,73521174;-0,896299957;;;;;;;;;;;;;;;;;;;;;;;;
42,87594646;26,75620253;0;;;;;;;;;;;;;;;;;;;;;;;;
42,80821593;26,77719332;-0,89629947;;;;;;;;;;;;;;;;;;;;;;;;
42,79558379;26,79821732;-0,166901049;;;;;;;;;;;;;;;;;;;;;;;;
42,92659183;26,81924753;1,730421376;;;;;;;;;;;;;;;;;;;;;;;;
43,0995134;26,84021356;2,291029004;;;;;;;;;;;;;;;;;;;;;;;;
43,29784667;26,86109546;2,638292434;;;;;;;;;;;;;;;;;;;;;;;;
43,5134138;26,88188172;2,880738352;;;;;;;;;;;;;;;;;;;;;;;;
43,74130518;26,90256499;3,060596345;;;;;;;;;;;;;;;;;;;;;;;;
43,97828205;26,92314051;3,1992831;;;;;;;;;;;;;;;;;;;;;;;;
44,22208418;26,94360516;3,309258956;;;;;;;;;;;;;;;;;;;;;;;;
44,47107453;26,96395698;3,398417403;;;;;;;;;;;;;;;;;;;;;;;;
44,7240359;26,98419485;3,472056707;;;;;;;;;;;;;;;;;;;;;;;;
44,98004558;27,00431826;3,533884575;;;;;;;;;;;;;;;;;;;;;;;;
45,23839376;27,02432713;3,586578134;;;;;;;;;;;;;;;;;;;;;;;;
45,49852815;27,04422174;3,6321178;;;;;;;;;;;;;;;;;;;;;;;;
45,76001507;27,0640026;3,671997039;;;;;;;;;;;;;;;;;;;;;;;;
46,02251162;27,08367043;3,707359781;;;;;;;;;;;;;;;;;;;;;;;;
46,28574504;27,10322607;3,739093558;;;;;;;;;;;;;;;;;;;;;;;;
46,54949747;27,1226705;3,767894419;;;;;;;;;;;;;;;;;;;;;;;;
46,81359431;27,14200476;3,794313269;;;;;;;;;;;;;;;;;;;;;;;;
47,07789527;27,16122995;3,81878958;;;;;;;;;;;;;;;;;;;;;;;;
47,34228754;27,1803472;3,841676357;;;;;;;;;;;;;;;;;;;;;;;;
47,60668031;27,19935769;3,863258873;;;;;;;;;;;;;;;;;;;;;;;;
47,8710006;27,2182626;3,883768924;;;;;;;;;;;;;;;;;;;;;;;;
48,25034461;27,23706312;5,604807856;;;;;;;;;;;;;;;;;;;;;;;;
48,71438626;27,25571584;6,910546208;;;;;;;;;;;;;;;;;;;;;;;;
49,23550126;27,27419088;7,835122512;;;;;;;;;;;;;;;;;;;;;;;;
49,82315245;27,29247037;8,930031283;;;;;;;;;;;;;;;;;;;;;;;;
50,4351059;27,31053426;9,410323996;;;;;;;;;;;;;;;;;;;;;;;;
51,06594681;27,32837897;9,819916057;;;;;;;;;;;;;;;;;;;;;;;;
51,71162046;27,34600324;10,17652351;;;;;;;;;;;;;;;;;;;;;;;;
52,44905186;27,36340745;11,76968306;;;;;;;;;;;;;;;;;;;;;;;;
53,17166978;27,38056696;11,69772356;;;;;;;;;;;;;;;;;;;;;;;;
53,873125;27,39749327;11,51158817;;;;;;;;;;;;;;;;;;;;;;;;
54,55455682;27,41419919;11,33051288;;;;;;;;;;;;;;;;;;;;;;;;
55,21684398;27,43069643;11,15147593;;;;;;;;;;;;;;;;;;;;;;;;
55,86045235;27,44699581;10,96852562;;;;;;;;;;;;;;;;;;;;;;;;
56,48631401;27,46310739;10,79040609;;;;;;;;;;;;;;;;;;;;;;;;
57,09528831;27,47904045;10,61688692;;;;;;;;;;;;;;;;;;;;;;;;
57,68816959;27,49480357;10,44775535;;;;;;;;;;;;;;;;;;;;;;;;
58,26569387;27,51040469;10,28281436;;;;;;;;;;;;;;;;;;;;;;;;
58,82854471;27,52585117;10,12188109;;;;;;;;;;;;;;;;;;;;;;;;
59,3773583;27,54114987;9,964785434;;;;;;;;;;;;;;;;;;;;;;;;
59,91258784;27,55630716;9,808801434;;;;;;;;;;;;;;;;;;;;;;;;
60,43476809;27,57132905;9,655916597;;;;;;;;;;;;;;;;;;;;;;;;
60,94442835;27,58622114;9,506543037;;;;;;;;;;;;;;;;;;;;;;;;
61,44206475;27,60098869;9,360545025;;;;;;;;;;;;;;;;;;;;;;;;
61,92814308;27,61563663;9,217795137;;;;;;;;;;;;;;;;;;;;;;;;
62,40310132;27,63016961;9,078173546;;;;;;;;;;;;;;;;;;;;;;;;
62,86978207;27,64459197;8,988372202;;;;;;;;;;;;;;;;;;;;;;;;
63,32844487;27,65890727;8,900009285;;;;;;;;;;;;;;;;;;;;;;;;
63,77933411;27,67311889;8,812998352;;;;;;;;;;;;;;;;;;;;;;;;
64,22268237;27,68723005;8,727301548;;;;;;;;;;;;;;;;;;;;;;;;
64,65871119;27,70124379;8,642882781;;;;;;;;;;;;;;;;;;;;;;;;
65,08763178;27,71516302;8,559707607;;;;;;;;;;;;;;;;;;;;;;;;
65,50964572;27,72899054;8,477743125;;;;;;;;;;;;;;;;;;;;;;;;
65,92494553;27,74272897;8,396957877;;;;;;;;;;;;;;;;;;;;;;;;
66,33371527;27,75638086;8,31732176;;;;;;;;;;;;;;;;;;;;;;;;
66,73613101;27,76994862;8,238805943;;;;;;;;;;;;;;;;;;;;;;;;
67,13236135;27,78343457;8,161382791;;;;;;;;;;;;;;;;;;;;;;;;
67,52256785;27,79684092;8,085025793;;;;;;;;;;;;;;;;;;;;;;;;
67,90690541;27,8101698;8,0097095;;;;;;;;;;;;;;;;;;;;;;;;
68,28552267;27,82342324;7,935409464;;;;;;;;;;;;;;;;;;;;;;;;
68,65856237;27,83660319;7,862102182;;;;;;;;;;;;;;;;;;;;;;;;
69,02620326;27,84971153;7,790646429;;;;;;;;;;;;;;;;;;;;;;;;
69,38898608;27,86275006;7,728864399;;;;;;;;;;;;;;;;;;;;;;;;
69,74702065;27,87572042;7,667795023;;;;;;;;;;;;;;;;;;;;;;;;
70,10041285;27,88862419;7,607423909;;;;;;;;;;;;;;;;;;;;;;;;
70,44926484;27,90146292;7,547737153;;;;;;;;;;;;;;;;;;;;;;;;
70,79367521;27,91423807;7,488721315;;;;;;;;;;;;;;;;;;;;;;;;
71,13373916;27,92695107;7,430363394;;;;;;;;;;;;;;;;;;;;;;;;
71,46954871;27,9396033;7,372650813;;;;;;;;;;;;;;;;;;;;;;;;
71,80119277;27,95219607;7,315571396;;;;;;;;;;;;;;;;;;;;;;;;
72,12875735;27,96473068;7,259113347;;;;;;;;;;;;;;;;;;;;;;;;
72,45232565;27,97720837;7,203265237;;;;;;;;;;;;;;;;;;;;;;;;
72,77197821;27,98963033;7,148015989;;;;;;;;;;;;;;;;;;;;;;;;
73,08779304;28,00199773;7,093354855;;;;;;;;;;;;;;;;;;;;;;;;
73,39984569;28,01431168;7,039271411;;;;;;;;;;;;;;;;;;;;;;;;
73,70820939;28,02657329;6,985755535;;;;;;;;;;;;;;;;;;;;;;;;
74,01295514;28,0387836;6,9327974;;;;;;;;;;;;;;;;;;;;;;;;
74,3141518;28,05094363;6,880387459;;;;;;;;;;;;;;;;;;;;;;;;
74,6118662;28,06305438;6,828516434;;;;;;;;;;;;;;;;;;;;;;;;
74,9061632;28,07511681;6,777175306;;;;;;;;;;;;;;;;;;;;;;;;
75,19708917;28,08713184;6,72597162;;;;;;;;;;;;;;;;;;;;;;;;
75,48460944;28,09910039;6,673051652;;;;;;;;;;;;;;;;;;;;;;;;
75,76878687;28,11102335;6,620686074;;;;;;;;;;;;;;;;;;;;;;;;
76,04968255;28,12290159;6,568865715;;;;;;;;;;;;;;;;;;;;;;;;
76,32735583;28,13473596;6,517581649;;;;;;;;;;;;;;;;;;;;;;;;
76,60186441;28,14652727;6,466825186;;;;;;;;;;;;;;;;;;;;;;;;
76,87326439;28,15827634;6,416587862;;;;;;;;;;;;;;;;;;;;;;;;
77,14161036;28,16998392;6,366861431;;;;;;;;;;;;;;;;;;;;;;;;
77,40695544;28,18165077;6,317637856;;;;;;;;;;;;;;;;;;;;;;;;
77,66935132;28,19327763;6,268909304;;;;;;;;;;;;;;;;;;;;;;;;
77,92884833;28,20486522;6,220668134;;;;;;;;;;;;;;;;;;;;;;;;
78,1854955;28,21641421;6,172906896;;;;;;;;;;;;;;;;;;;;;;;;
78,43934058;28,2279253;6,12561832;;;;;;;;;;;;;;;;;;;;;;;;
78,69043011;28,23939913;6,07879531;;;;;;;;;;;;;;;;;;;;;;;;
78,93880944;28,25083636;6,03243094;;;;;;;;;;;;;;;;;;;;;;;;
79,18452279;28,26223759;5,986518446;;;;;;;;;;;;;;;;;;;;;;;;
79,4276133;28,27360345;5,941051221;;;;;;;;;;;;;;;;;;;;;;;;
79,66812303;28,28493452;5,896022813;;;;;;;;;;;;;;;;;;;;;;;;
79,90609303;28,29623139;5,851426915;;;;;;;;;;;;;;;;;;;;;;;;
80,14156336;28,30749461;5,807257361;;;;;;;;;;;;;;;;;;;;;;;;
80,37457312;28,31872474;5,763508126;;;;;;;;;;;;;;;;;;;;;;;;
80,60516049;28,32992231;5,720173316;;;;;;;;;;;;;;;;;;;;;;;;
80,83336276;28,34108785;5,677247166;;;;;;;;;;;;;;;;;;;;;;;;
81,05921636;28,35222186;5,634724037;;;;;;;;;;;;;;;;;;;;;;;;
81,28275688;28,36332486;5,59259841;;;;;;;;;;;;;;;;;;;;;;;;
81,5039975;28,37439732;5,55032354;;;;;;;;;;;;;;;;;;;;;;;;
81,72296775;28,38543972;5,508317877;;;;;;;;;;;;;;;;;;;;;;;;
81,9397015;28,39645253;5,466705541;;;;;;;;;;;;;;;;;;;;;;;;
82,15423193;28,40743622;5,425481248;;;;;;;;;;;;;;;;;;;;;;;;
82,36659145;28,41839123;5,384639823;;;;;;;;;;;;;;;;;;;;;;;;
82,57688003;28,42931799;5,34591156;;;;;;;;;;;;;;;;;;;;;;;;
82,78534611;28,44021692;5,313110773;;;;;;;;;;;;;;;;;;;;;;;;
82,99211484;28,45108841;5,28315461;;;;;;;;;;;;;;;;;;;;;;;;
83,19720715;28,46193281;5,253408741;;;;;;;;;;;;;;;;;;;;;;;;
83,40064357;28,47275048;5,223870972;;;;;;;;;;;;;;;;;;;;;;;;
83,60244425;28,48354177;5,19453915;;;;;;;;;;;;;;;;;;;;;;;;
83,80262898;28,494307;5,165411155;;;;;;;;;;;;;;;;;;;;;;;;
84,00121715;28,50504652;5,136484904;;;;;;;;;;;;;;;;;;;;;;;;
84,19822783;28,51576065;5,107758346;;;;;;;;;;;;;;;;;;;;;;;;
84,39367973;28,52644972;5,079229467;;;;;;;;;;;;;;;;;;;;;;;;
84,58759122;28,53711402;5,050896281;;;;;;;;;;;;;;;;;;;;;;;;
84,77998034;28,54775388;5,022756838;;;;;;;;;;;;;;;;;;;;;;;;
84,97086481;28,55836959;4,994809217;;;;;;;;;;;;;;;;;;;;;;;;
85,16026205;28,56896146;4,967051527;;;;;;;;;;;;;;;;;;;;;;;;
85,34818915;28,57952977;4,939481908;;;;;;;;;;;;;;;;;;;;;;;;
85,53466293;28,59007481;4,912098527;;;;;;;;;;;;;;;;;;;;;;;;
85,71969989;28,60059686;4,884899581;;;;;;;;;;;;;;;;;;;;;;;;
85,90331628;28,61109619;4,857883294;;;;;;;;;;;;;;;;;;;;;;;;
86,08552805;28,62157309;4,831047917;;;;;;;;;;;;;;;;;;;;;;;;
86,26635089;28,63202781;4,804391727;;;;;;;;;;;;;;;;;;;;;;;;
86,44580021;28,64246061;4,777913028;;;;;;;;;;;;;;;;;;;;;;;;
86,62389119;28,65287176;4,751610147;;;;;;;;;;;;;;;;;;;;;;;;
86,80063873;28,6632615;4,725481438;;;;;;;;;;;;;;;;;;;;;;;;
86,97605751;28,67363009;4,699525277;;;;;;;;;;;;;;;;;;;;;;;;
87,15016195;28,68397777;4,673740066;;;;;;;;;;;;;;;;;;;;;;;;
87,32296624;28,69430477;4,648124227;;;;;;;;;;;;;;;;;;;;;;;;
87,49448436;28,70461134;4,622676208;;;;;;;;;;;;;;;;;;;;;;;;
87,66473004;28,7148977;4,597394477;;;;;;;;;;;;;;;;;;;;;;;;
87,83371681;28,72516409;4,572277523;;;;;;;;;;;;;;;;;;;;;;;;
88,00145797;28,73541072;4,547323859;;;;;;;;;;;;;;;;;;;;;;;;
88,16796661;28,74563782;4,522532016;;;;;;;;;;;;;;;;;;;;;;;;
88,33325564;28,75584561;4,497900546;;;;;;;;;;;;;;;;;;;;;;;;
88,49733775;28,7660343;4,473428021;;;;;;;;;;;;;;;;;;;;;;;;
88,66022544;28,7762041;4,449113035;;;;;;;;;;;;;;;;;;;;;;;;
88,821931;28,78635521;4,424954196;;;;;;;;;;;;;;;;;;;;;;;;
88,98246656;28,79648784;4,400950135;;;;;;;;;;;;;;;;;;;;;;;;
89,14184405;28,8066022;4,3770995;;;;;;;;;;;;;;;;;;;;;;;;
89,30007523;28,81669847;4,353400957;;;;;;;;;;;;;;;;;;;;;;;;
89,45717167;28,82677684;4,329853188;;;;;;;;;;;;;;;;;;;;;;;;
89,61314479;28,83683752;4,306454896;;;;;;;;;;;;;;;;;;;;;;;;
89,76800582;28,84688069;4,283204797;;;;;;;;;;;;;;;;;;;;;;;;
89,92176582;28,85690654;4,260101626;;;;;;;;;;;;;;;;;;;;;;;;
90,07443572;28,86691524;4,237144134;;;;;;;;;;;;;;;;;;;;;;;;
90,22601237;28,87690697;4,21394461;;;;;;;;;;;;;;;;;;;;;;;;
90,37648652;28,88688192;4,190334268;;;;;;;;;;;;;;;;;;;;;;;;
90,52586923;28,89684027;4,166877861;;;;;;;;;;;;;;;;;;;;;;;;
90,67417137;28,90678218;4,143574056;;;;;;;;;;;;;;;;;;;;;;;;
90,82140366;28,91670783;4,120421536;;;;;;;;;;;;;;;;;;;;;;;;
90,96757666;28,92661738;4,097419004;;;;;;;;;;;;;;;;;;;;;;;;
91,1127008;28,93651102;4,074565175;;;;;;;;;;;;;;;;;;;;;;;;
91,25678634;28,9463889;4,051858784;;;;;;;;;;;;;;;;;;;;;;;;
91,3998434;28,95625118;4,02929858;;;;;;;;;;;;;;;;;;;;;;;;
91,54188195;28,96609802;4,006883328;;;;;;;;;;;;;;;;;;;;;;;;
91,68291185;28,97592958;3,984611808;;;;;;;;;;;;;;;;;;;;;;;;
91,82294279;28,98574603;3,962482817;;;;;;;;;;;;;;;;;;;;;;;;
91,96198434;28,9955475;3,940495163;;;;;;;;;;;;;;;;;;;;;;;;
92,10004594;29,00533415;3,918647672;;;;;;;;;;;;;;;;;;;;;;;;
92,23713689;29,01510613;3,896939182;;;;;;;;;;;;;;;;;;;;;;;;
92,37326638;29,02486359;3,875368546;;;;;;;;;;;;;;;;;;;;;;;;
92,50844346;29,03460667;3,853934631;;;;;;;;;;;;;;;;;;;;;;;;
92,64267706;29,04433551;3,832636317;;;;;;;;;;;;;;;;;;;;;;;;
92,775976;29,05405026;3,811472498;;;;;;;;;;;;;;;;;;;;;;;;
92,90834898;29,06375104;3,790442079;;;;;;;;;;;;;;;;;;;;;;;;
93,03980458;29,07343801;3,769543979;;;;;;;;;;;;;;;;;;;;;;;;
93,17035126;29,08311129;3,748777132;;;;;;;;;;;;;;;;;;;;;;;;
93,29999739;29,09277101;3,72814048;;;;;;;;;;;;;;;;;;;;;;;;
93,42875121;29,10241732;3,707632981;;;;;;;;;;;;;;;;;;;;;;;;
93,55662085;29,11205033;3,687253602;;;;;;;;;;;;;;;;;;;;;;;;
93,68361437;29,12167017;3,667001324;;;;;;;;;;;;;;;;;;;;;;;;
93,80973969;29,13127697;3,646875138;;;;;;;;;;;;;;;;;;;;;;;;
93,93500463;29,14087086;3,626874048;;;;;;;;;;;;;;;;;;;;;;;;
94,05941694;29,15045195;3,606997068;;;;;;;;;;;;;;;;;;;;;;;;
94,18298424;29,16002037;3,587243223;;;;;;;;;;;;;;;;;;;;;;;;
94,30571406;29,16957624;3,56761155;;;;;;;;;;;;;;;;;;;;;;;;
94,42761386;29,17911967;3,548101095;;;;;;;;;;;;;;;;;;;;;;;;
94,54869098;29,18865078;3,528710915;;;;;;;;;;;;;;;;;;;;;;;;
94,66895268;29,19816968;3,509440078;;;;;;;;;;;;;;;;;;;;;;;;
94,78840612;29,2076765;3,490287663;;;;;;;;;;;;;;;;;;;;;;;;
94,90705838;29,21717133;3,471252757;;;;;;;;;;;;;;;;;;;;;;;;
95,02491646;29,22665429;3,452334458;;;;;;;;;;;;;;;;;;;;;;;;
95,14198726;29,23612549;3,433531872;;;;;;;;;;;;;;;;;;;;;;;;
95,25827761;29,24558504;3,414844118;;;;;;;;;;;;;;;;;;;;;;;;
95,37379425;29,25503303;3,396270322;;;;;;;;;;;;;;;;;;;;;;;;
95,48854383;29,26446959;3,377809619;;;;;;;;;;;;;;;;;;;;;;;;
95,60253294;29,2738948;3,359461153;;;;;;;;;;;;;;;;;;;;;;;;
95,71576808;29,28330878;3,34122408;;;;;;;;;;;;;;;;;;;;;;;;
95,82825567;29,29271162;3,323097561;;;;;;;;;;;;;;;;;;;;;;;;
95,94000206;29,30210342;3,305080767;;;;;;;;;;;;;;;;;;;;;;;;
96,05101352;29,31148428;3,28717288;;;;;;;;;;;;;;;;;;;;;;;;
96,16129626;29,3208543;3,269373086;;;;;;;;;;;;;;;;;;;;;;;;
96,2708564;29,33021358;3,251680583;;;;;;;;;;;;;;;;;;;;;;;;
96,3797;29,3395622;3,234094576;;;;;;;;;;;;;;;;;;;;;;;;
96,48783304;29,34890027;3,216614277;;;;;;;;;;;;;;;;;;;;;;;;
96,59526145;29,35822787;3,199238908;;;;;;;;;;;;;;;;;;;;;;;;
96,70199107;29,3675451;3,181967698;;;;;;;;;;;;;;;;;;;;;;;;
96,80802768;29,37685204;3,164799882;;;;;;;;;;;;;;;;;;;;;;;;
96,91337701;29,38614879;3,147734707;;;;;;;;;;;;;;;;;;;;;;;;
97,01807612;29,39543543;3,131711301;;;;;;;;;;;;;;;;;;;;;;;;
97,12218559;29,40471206;3,117438385;;;;;;;;;;;;;;;;;;;;;;;;
97,22570971;29,41397873;3,10323734;;;;;;;;;;;;;;;;;;;;;;;;
97,32865274;29,42323554;3,089107723;;;;;;;;;;;;;;;;;;;;;;;;
97,43101889;29,43248256;3,075049097;;;;;;;;;;;;;;;;;;;;;;;;
97,53281232;29,44171987;3,061061026;;;;;;;;;;;;;;;;;;;;;;;;
97,63403716;29,45094753;3,047143079;;;;;;;;;;;;;;;;;;;;;;;;
97,7346975;29,46016563;3,033294827;;;;;;;;;;;;;;;;;;;;;;;;
97,83479738;29,46937423;3,019515848;;;;;;;;;;;;;;;;;;;;;;;;
97,9343408;29,47857341;3,00580572;;;;;;;;;;;;;;;;;;;;;;;;
98,03333173;29,48776324;2,992164026;;;;;;;;;;;;;;;;;;;;;;;;
98,13177409;29,49694379;2,978590353;;;;;;;;;;;;;;;;;;;;;;;;
98,22967177;29,50611514;2,965084291;;;;;;;;;;;;;;;;;;;;;;;;
98,32702862;29,51527734;2,951645432;;;;;;;;;;;;;;;;;;;;;;;;
98,42384844;29,52443047;2,938273374;;;;;;;;;;;;;;;;;;;;;;;;
98,52013502;29,53357459;2,924967716;;;;;;;;;;;;;;;;;;;;;;;;
98,61589209;29,54270978;2,911728062;;;;;;;;;;;;;;;;;;;;;;;;
98,71112334;29,5518361;2,898554017;;;;;;;;;;;;;;;;;;;;;;;;
98,80583245;29,56095361;2,885445191;;;;;;;;;;;;;;;;;;;;;;;;
98,90002304;29,57006239;2,872401198;;;;;;;;;;;;;;;;;;;;;;;;
98,99369871;29,57916248;2,859421651;;;;;;;;;;;;;;;;;;;;;;;;
99,08686302;29,58825397;2,846506172;;;;;;;;;;;;;;;;;;;;;;;;
99,17951951;29,59733691;2,833654381;;;;;;;;;;;;;;;;;;;;;;;;
99,27167165;29,60641137;2,820865903;;;;;;;;;;;;;;;;;;;;;;;;
99,36332292;29,6154774;2,808140367;;;;;;;;;;;;;;;;;;;;;;;;
99,45447675;29,62453506;2,795477402;;;;;;;;;;;;;;;;;;;;;;;;
99,54513652;29,63358443;2,782876643;;;;;;;;;;;;;;;;;;;;;;;;
99,63530561;29,64262556;2,770337727;;;;;;;;;;;;;;;;;;;;;;;;
99,72498735;29,6516585;2,757860293;;;;;;;;;;;;;;;;;;;;;;;;
99,81418504;29,66068332;2,745443982;;;;;;;;;;;;;;;;;;;;;;;;
99,90290195;29,66970007;2,733088441;;;;;;;;;;;;;;;;;;;;;;;;
99,99114133;29,67870882;2,720793316;;;;;;;;;;;;;;;;;;;;;;;;
100,0789064;29,68770962;2,708558259;;;;;;;;;;;;;;;;;;;;;;;;
100,1662003;29,69670252;2,696382922;;;;;;;;;;;;;;;;;;;;;;;;
100,2530263;29,70568759;2,684266961;;;;;;;;;;;;;;;;;;;;;;;;
100,3393874;29,71466487;2,672210035;;;;;;;;;;;;;;;;;;;;;;;;
100,4252867;29,72363443;2,660211805;;;;;;;;;;;;;;;;;;;;;;;;
100,5107273;29,73259632;2,648271934;;;;;;;;;;;;;;;;;;;;;;;;
100,5957123;29,74155059;2,636390089;;;;;;;;;;;;;;;;;;;;;;;;
100,6802447;29,75049729;2,624565938;;;;;;;;;;;;;;;;;;;;;;;;
100,7643274;29,75943648;2,612799152;;;;;;;;;;;;;;;;;;;;;;;;
100,8479635;29,76836821;2,601089405;;;;;;;;;;;;;;;;;;;;;;;;
100,9311558;29,77729254;2,589436374;;;;;;;;;;;;;;;;;;;;;;;;
101,0139072;29,78620951;2,577839735;;;;;;;;;;;;;;;;;;;;;;;;
101,0962207;29,79511917;2,566299172;;;;;;;;;;;;;;;;;;;;;;;;
101,1780991;29,80402158;2,554814366;;;;;;;;;;;;;;;;;;;;;;;;
101,2595453;29,81291679;2,543385003;;;;;;;;;;;;;;;;;;;;;;;;
101,340562;29,82180484;2,532010771;;;;;;;;;;;;;;;;;;;;;;;;
101,4211521;29,83068578;2,52069136;;;;;;;;;;;;;;;;;;;;;;;;
101,5013182;29,83955967;2,509426463;;;;;;;;;;;;;;;;;;;;;;;;
101,5810632;29,84842655;2,498215774;;;;;;;;;;;;;;;;;;;;;;;;
101,6603897;29,85728647;2,48705899;;;;;;;;;;;;;;;;;;;;;;;;
101,7393004;29,86613948;2,475955811;;;;;;;;;;;;;;;;;;;;;;;;
101,817798;29,87498562;2,464905937;;;;;;;;;;;;;;;;;;;;;;;;
101,8958852;29,88382493;2,453909072;;;;;;;;;;;;;;;;;;;;;;;;
101,9735646;29,89265748;2,442964922;;;;;;;;;;;;;;;;;;;;;;;;
102,0508387;29,9014833;2,432073193;;;;;;;;;;;;;;;;;;;;;;;;
102,1277102;29,91030243;2,421233596;;;;;;;;;;;;;;;;;;;;;;;;
102,2041815;29,91911493;2,410445843;;;;;;;;;;;;;;;;;;;;;;;;
102,2802553;29,92792083;2,399709648;;;;;;;;;;;;;;;;;;;;;;;;
102,355934;29,93672018;2,389024726;;;;;;;;;;;;;;;;;;;;;;;;
102,4312202;29,94551303;2,378390794;;;;;;;;;;;;;;;;;;;;;;;;
102,5061163;29,95429941;2,367807574;;;;;;;;;;;;;;;;;;;;;;;;
102,5806247;29,96307937;2,357274787;;;;;;;;;;;;;;;;;;;;;;;;
102,6547479;29,97185296;2,346792157;;;;;;;;;;;;;;;;;;;;;;;;
102,7284884;29,98062021;2,336359409;;;;;;;;;;;;;;;;;;;;;;;;
102,8018484;29,98938117;2,325976271;;;;;;;;;;;;;;;;;;;;;;;;
102,8748304;29,99813588;2,315642472;;;;;;;;;;;;;;;;;;;;;;;;
102,9474366;30,00688437;2,305357744;;;;;;;;;;;;;;;;;;;;;;;;
103,019665;30,0156267;2,294977778;;;;;;;;;;;;;;;;;;;;;;;;
103,0915116;30,02436289;2,284447449;;;;;;;;;;;;;;;;;;;;;;;;
103,1629788;30,033093;2,273968735;;;;;;;;;;;;;;;;;;;;;;;;
103,2340689;30,04181706;2,263541345;;;;;;;;;;;;;;;;;;;;;;;;
103,3047845;30,05053511;2,253164994;;;;;;;;;;;;;;;;;;;;;;;;
103,3751278;30,0592472;2,242839396;;;;;;;;;;;;;;;;;;;;;;;;
103,4451012;30,06795335;2,232564269;;;;;;;;;;;;;;;;;;;;;;;;
103,514707;30,07665362;2,22233933;;;;;;;;;;;;;;;;;;;;;;;;
103,5839475;30,08534804;2,212164303;;;;;;;;;;;;;;;;;;;;;;;;
103,652825;30,09403664;2,202038908;;;;;;;;;;;;;;;;;;;;;;;;
103,7213418;30,10271947;2,191962872;;;;;;;;;;;;;;;;;;;;;;;;
103,7895002;30,11139657;2,181935921;;;;;;;;;;;;;;;;;;;;;;;;
103,8573022;30,12006797;2,171957783;;;;;;;;;;;;;;;;;;;;;;;;
103,9247503;30,1287337;2,16202819;;;;;;;;;;;;;;;;;;;;;;;;
103,9918465;30,13739382;2,152146874;;;;;;;;;;;;;;;;;;;;;;;;
104,058593;30,14604834;2,142313568;;;;;;;;;;;;;;;;;;;;;;;;
104,1249921;30,15469731;2,13252801;;;;;;;;;;;;;;;;;;;;;;;;
104,1910457;30,16334077;2,122789936;;;;;;;;;;;;;;;;;;;;;;;;
104,2567562;30,17197875;2,113099088;;;;;;;;;;;;;;;;;;;;;;;;
104,3221255;30,18061128;2,103455205;;;;;;;;;;;;;;;;;;;;;;;;
104,3871558;30,18923841;2,093858031;;;;;;;;;;;;;;;;;;;;;;;;
104,4518492;30,19786016;2,084307312;;;;;;;;;;;;;;;;;;;;;;;;
104,5162077;30,20647657;2,074802793;;;;;;;;;;;;;;;;;;;;;;;;
104,5802333;30,21508767;2,065344224;;;;;;;;;;;;;;;;;;;;;;;;
104,6439281;30,22369351;2,055931353;;;;;;;;;;;;;;;;;;;;;;;;
104,7072941;30,2322941;2,046563934;;;;;;;;;;;;;;;;;;;;;;;;
104,7703333;30,24088949;2,037241719;;;;;;;;;;;;;;;;;;;;;;;;
104,8330477;30,24947971;2,027964464;;;;;;;;;;;;;;;;;;;;;;;;
104,8954392;30,25806479;2,018731924;;;;;;;;;;;;;;;;;;;;;;;;
104,9575097;30,26664476;2,009543859;;;;;;;;;;;;;;;;;;;;;;;;
105,0192614;30,27521966;2,000400028;;;;;;;;;;;;;;;;;;;;;;;;
105,0806959;30,28378952;1,991300193;;;;;;;;;;;;;;;;;;;;;;;;
105,1418153;30,29235436;1,982244116;;;;;;;;;;;;;;;;;;;;;;;;
105,2026215;30,30091423;1,973231563;;;;;;;;;;;;;;;;;;;;;;;;
105,2631163;30,30946915;1,964262299;;;;;;;;;;;;;;;;;;;;;;;;
105,3233016;30,31801915;1,955336093;;;;;;;;;;;;;;;;;;;;;;;;
105,3831792;30,32656427;1,946452713;;;;;;;;;;;;;;;;;;;;;;;;
105,4427509;30,33510453;1,93761193;;;;;;;;;;;;;;;;;;;;;;;;
105,5020187;30,34363997;1,928813517;;;;;;;;;;;;;;;;;;;;;;;;
105,5609843;30,35217061;1,920057246;;;;;;;;;;;;;;;;;;;;;;;;
105,6196494;30,36069649;1,911342894;;;;;;;;;;;;;;;;;;;;;;;;
105,6780159;30,36921763;1,902670237;;;;;;;;;;;;;;;;;;;;;;;;
105,7360856;30,37773407;1,894039053;;;;;;;;;;;;;;;;;;;;;;;;
105,7938601;30,38624583;1,885449121;;;;;;;;;;;;;;;;;;;;;;;;
105,8513413;30,39475294;1,876900222;;;;;;;;;;;;;;;;;;;;;;;;
105,9085309;30,40325543;1,868392139;;;;;;;;;;;;;;;;;;;;;;;;
105,9654305;30,41175333;1,859924655;;;;;;;;;;;;;;;;;;;;;;;;
106,0220419;30,42024666;1,851497556;;;;;;;;;;;;;;;;;;;;;;;;
106,0783668;30,42873546;1,843110628;;;;;;;;;;;;;;;;;;;;;;;;
106,1344068;30,43721976;1,834763658;;;;;;;;;;;;;;;;;;;;;;;;
106,1901637;30,44569957;1,826456437;;;;;;;;;;;;;;;;;;;;;;;;
106,245639;30,45417493;1,818188754;;;;;;;;;;;;;;;;;;;;;;;;
106,3008344;30,46264587;1,809960401;;;;;;;;;;;;;;;;;;;;;;;;
106,3557515;30,4711124;1,801771171;;;;;;;;;;;;;;;;;;;;;;;;
106,410392;30,47957457;1,79362086;;;;;;;;;;;;;;;;;;;;;;;;
106,4647575;30,48803239;1,785509262;;;;;;;;;;;;;;;;;;;;;;;;
106,5188495;30,49648589;1,777436175;;;;;;;;;;;;;;;;;;;;;;;;
106,5726696;30,5049351;1,769401397;;;;;;;;;;;;;;;;;;;;;;;;
106,6262195;30,51338004;1,761404728;;;;;;;;;;;;;;;;;;;;;;;;
106,6795006;30,52182074;1,753445968;;;;;;;;;;;;;;;;;;;;;;;;
106,7325146;30,53025723;1,745524919;;;;;;;;;;;;;;;;;;;;;;;;
106,7852629;30,53868952;1,737641386;;;;;;;;;;;;;;;;;;;;;;;;
106,837747;30,54711765;1,729795172;;;;;;;;;;;;;;;;;;;;;;;;
106,8899686;30,55554164;1,721986082;;;;;;;;;;;;;;;;;;;;;;;;
106,9419291;30,56396151;1,714213925;;;;;;;;;;;;;;;;;;;;;;;;
106,9936299;30,5723773;1,706478508;;;;;;;;;;;;;;;;;;;;;;;;
107,0450727;30,58078901;1,698779641;;;;;;;;;;;;;;;;;;;;;;;;
107,0962588;30,58919669;1,691117133;;;;;;;;;;;;;;;;;;;;;;;;
107,1471897;30,59760034;1,683490797;;;;;;;;;;;;;;;;;;;;;;;;
107,1978669;30,606;1,675900445;;;;;;;;;;;;;;;;;;;;;;;;
107,2482918;30,61439569;1,668345892;;;;;;;;;;;;;;;;;;;;;;;;
107,2984658;30,62278743;1,660826952;;;;;;;;;;;;;;;;;;;;;;;;
107,3483904;30,63117525;1,653343442;;;;;;;;;;;;;;;;;;;;;;;;
107,398067;30,63955917;1,645895179;;;;;;;;;;;;;;;;;;;;;;;;
107,4474969;30,64793921;1,638481982;;;;;;;;;;;;;;;;;;;;;;;;
107,4966817;30,65631539;1,631103669;;;;;;;;;;;;;;;;;;;;;;;;
107,5456225;30,66468774;1,623760062;;;;;;;;;;;;;;;;;;;;;;;;
107,594321;30,67305628;1,616450983;;;;;;;;;;;;;;;;;;;;;;;;
107,6427783;30,68142104;1,609176253;;;;;;;;;;;;;;;;;;;;;;;;
107,6909958;30,68978203;1,601935698;;;;;;;;;;;;;;;;;;;;;;;;
107,738975;30,69813927;1,594729142;;;;;;;;;;;;;;;;;;;;;;;;
107,786717;30,70649279;1,58755641;;;;;;;;;;;;;;;;;;;;;;;;
107,8342234;30,71484262;1,580417331;;;;;;;;;;;;;;;;;;;;;;;;
107,8814953;30,72318876;1,573311732;;;;;;;;;;;;;;;;;;;;;;;;
107,9285341;30,73153125;1,566239442;;;;;;;;;;;;;;;;;;;;;;;;
107,9753411;30,7398701;1,559200292;;;;;;;;;;;;;;;;;;;;;;;;
108,0219175;30,74820534;1,552194111;;;;;;;;;;;;;;;;;;;;;;;;
108,0682647;30,75653698;1,545220734;;;;;;;;;;;;;;;;;;;;;;;;
108,114384;30,76486505;1,538279992;;;;;;;;;;;;;;;;;;;;;;;;
108,1602765;30,77318956;1,53137172;;;;;;;;;;;;;;;;;;;;;;;;
108,2059436;30,78151055;1,524495752;;;;;;;;;;;;;;;;;;;;;;;;
108,2513865;30,78982802;1,517651926;;;;;;;;;;;;;;;;;;;;;;;;
108,2966065;30,798142;1,510840078;;;;;;;;;;;;;;;;;;;;;;;;
108,3416047;30,80645251;1,504060046;;;;;;;;;;;;;;;;;;;;;;;;
108,3863824;30,81475957;1,497311668;;;;;;;;;;;;;;;;;;;;;;;;
108,4309409;30,8230632;1,490594786;;;;;;;;;;;;;;;;;;;;;;;;
108,4752812;30,83136341;1,483909239;;;;;;;;;;;;;;;;;;;;;;;;
108,5194047;30,83966023;1,47725487;;;;;;;;;;;;;;;;;;;;;;;;
108,5633125;30,84795368;1,470631521;;;;;;;;;;;;;;;;;;;;;;;;
108,6070057;30,85624377;1,464039036;;;;;;;;;;;;;;;;;;;;;;;;
108,6504857;30,86453053;1,45747726;;;;;;;;;;;;;;;;;;;;;;;;
108,6937535;30,87281397;1,450946037;;;;;;;;;;;;;;;;;;;;;;;;
108,7368102;30,88109412;1,444445214;;;;;;;;;;;;;;;;;;;;;;;;
108,7796572;30,88937098;1,437974638;;;;;;;;;;;;;;;;;;;;;;;;
108,8222954;30,89764459;1,431534158;;;;;;;;;;;;;;;;;;;;;;;;
108,864726;30,90591495;1,425123622;;;;;;;;;;;;;;;;;;;;;;;;
108,9069502;30,91418209;1,418742881;;;;;;;;;;;;;;;;;;;;;;;;
108,9489691;30,92244603;1,412391785;;;;;;;;;;;;;;;;;;;;;;;;
108,9907838;30,93070678;1,406070185;;;;;;;;;;;;;;;;;;;;;;;;
109,0323954;30,93896436;1,399777934;;;;;;;;;;;;;;;;;;;;;;;;
109,073805;30,94721878;1,393514886;;;;;;;;;;;;;;;;;;;;;;;;
109,1150137;30,95547008;1,387280894;;;;;;;;;;;;;;;;;;;;;;;;
109,1560226;30,96371826;1,381075814;;;;;;;;;;;;;;;;;;;;;;;;
109,1968328;30,97196333;1,3748995;;;;;;;;;;;;;;;;;;;;;;;;
109,2374453;30,98020533;1,368751811;;;;;;;;;;;;;;;;;;;;;;;;
109,2778612;30,98844426;1,362632603;;;;;;;;;;;;;;;;;;;;;;;;
109,3180815;30,99668015;1,356541735;;;;;;;;;;;;;;;;;;;;;;;;
109,3581074;31,00491301;1,350479065;;;;;;;;;;;;;;;;;;;;;;;;
109,3979398;31,01314285;1,344444453;;;;;;;;;;;;;;;;;;;;;;;;
109,4375799;31,02136969;1,338437761;;;;;;;;;;;;;;;;;;;;;;;;
109,4770285;31,02959356;1,332458849;;;;;;;;;;;;;;;;;;;;;;;;
109,5162869;31,03781446;1,326507581;;;;;;;;;;;;;;;;;;;;;;;;
109,5553559;31,04603242;1,320583818;;;;;;;;;;;;;;;;;;;;;;;;
109,5942365;31,05424744;1,314687424;;;;;;;;;;;;;;;;;;;;;;;;
109,6329299;31,06245955;1,308818265;;;;;;;;;;;;;;;;;;;;;;;;
109,671437;31,07066877;1,302976205;;;;;;;;;;;;;;;;;;;;;;;;
109,7097979;31,0788751;1,29848593;;;;;;;;;;;;;;;;;;;;;;;;
109,7479933;31,08707856;1,293338343;;;;;;;;;;;;;;;;;;;;;;;;
109,7860242;31,09527916;1,28821181;;;;;;;;;;;;;;;;;;;;;;;;
109,8238911;31,10347693;1,283106239;;;;;;;;;;;;;;;;;;;;;;;;
109,861595;31,11167187;1,27802154;;;;;;;;;;;;;;;;;;;;;;;;
109,8991367;31,11986399;1,272957622;;;;;;;;;;;;;;;;;;;;;;;;
109,9365168;31,12805332;1,267914393;;;;;;;;;;;;;;;;;;;;;;;;
109,9737362;31,13623986;1,262891764;;;;;;;;;;;;;;;;;;;;;;;;
110,0107956;31,14442363;1,257889646;;;;;;;;;;;;;;;;;;;;;;;;
110,0476958;31,15260465;1,252907949;;;;;;;;;;;;;;;;;;;;;;;;
110,0844376;31,16078292;1,247946584;;;;;;;;;;;;;;;;;;;;;;;;
110,1210216;31,16895846;1,243005463;;;;;;;;;;;;;;;;;;;;;;;;
110,1574488;31,17713129;1,238084498;;;;;;;;;;;;;;;;;;;;;;;;
110,1937197;31,18530141;1,233183602;;;;;;;;;;;;;;;;;;;;;;;;
110,2298352;31,19346885;1,228302688;;;;;;;;;;;;;;;;;;;;;;;;
110,265796;31,20163361;1,22344167;;;;;;;;;;;;;;;;;;;;;;;;
110,3016028;31,2097957;1,21860046;;;;;;;;;;;;;;;;;;;;;;;;
110,3372564;31,21795515;1,213778974;;;;;;;;;;;;;;;;;;;;;;;;
110,3727574;31,22611196;1,208977126;;;;;;;;;;;;;;;;;;;;;;;;
110,4081066;31,23426615;1,204194831;;;;;;;;;;;;;;;;;;;;;;;;
110,4433047;31,24241772;1,199432005;;;;;;;;;;;;;;;;;;;;;;;;
110,4783525;31,2505667;1,194688564;;;;;;;;;;;;;;;;;;;;;;;;
110,5132506;31,25871309;1,189964423;;;;;;;;;;;;;;;;;;;;;;;;
110,5479998;31,26685691;1,1852595;;;;;;;;;;;;;;;;;;;;;;;;
110,5826006;31,27499817;1,180573712;;;;;;;;;;;;;;;;;;;;;;;;
110,617054;31,28313688;1,175906977;;;;;;;;;;;;;;;;;;;;;;;;
110,6513604;31,29127306;1,171259211;;;;;;;;;;;;;;;;;;;;;;;;
110,6855207;31,29940672;1,166630334;;;;;;;;;;;;;;;;;;;;;;;;
110,7195355;31,30753786;1,162020265;;;;;;;;;;;;;;;;;;;;;;;;
110,7534055;31,31566651;1,157428922;;;;;;;;;;;;;;;;;;;;;;;;
110,7871314;31,32379267;1,152856225;;;;;;;;;;;;;;;;;;;;;;;;
110,8207138;31,33191636;1,148302094;;;;;;;;;;;;;;;;;;;;;;;;
110,8541534;31,34003758;1,14376645;;;;;;;;;;;;;;;;;;;;;;;;
110,8874509;31,34815636;1,139249212;;;;;;;;;;;;;;;;;;;;;;;;
110,920607;31,35627269;1,134750301;;;;;;;;;;;;;;;;;;;;;;;;
110,9536223;31,36438661;1,13026964;;;;;;;;;;;;;;;;;;;;;;;;
110,9864974;31,3724981;1,12580715;;;;;;;;;;;;;;;;;;;;;;;;
111,019233;31,3806072;1,121362754;;;;;;;;;;;;;;;;;;;;;;;;
111,0518299;31,3887139;1,116936373;;;;;;;;;;;;;;;;;;;;;;;;
111,0842885;31,39681822;1,11252793;;;;;;;;;;;;;;;;;;;;;;;;
111,1166096;31,40492018;1,10813735;;;;;;;;;;;;;;;;;;;;;;;;
111,1487938;31,41301978;1,103764555;;;;;;;;;;;;;;;;;;;;;;;;
111,1808417;31,42111703;1,099409469;;;;;;;;;;;;;;;;;;;;;;;;
111,2127539;31,42921195;1,095072018;;;;;;;;;;;;;;;;;;;;;;;;
111,2445312;31,43730455;1,090752125;;;;;;;;;;;;;;;;;;;;;;;;
111,2761741;31,44539484;1,086449715;;;;;;;;;;;;;;;;;;;;;;;;
111,3076832;31,45348282;1,082164715;;;;;;;;;;;;;;;;;;;;;;;;
111,3390592;31,46156852;1,07789705;;;;;;;;;;;;;;;;;;;;;;;;
111,3703026;31,46965193;1,073646646;;;;;;;;;;;;;;;;;;;;;;;;
111,4014141;31,47773308;1,069413429;;;;;;;;;;;;;;;;;;;;;;;;
111,4323943;31,48581197;1,065197326;;;;;;;;;;;;;;;;;;;;;;;;
111,4632438;31,49388862;1,060998265;;;;;;;;;;;;;;;;;;;;;;;;
111,4939632;31,50196303;1,056816173;;;;;;;;;;;;;;;;;;;;;;;;
111,5245531;31,51003522;1,052650977;;;;;;;;;;;;;;;;;;;;;;;;
111,5550141;31,51810519;1,048502607;;;;;;;;;;;;;;;;;;;;;;;;
111,5853468;31,52617296;1,04437099;;;;;;;;;;;;;;;;;;;;;;;;
111,6155518;31,53423853;1,040256055;;;;;;;;;;;;;;;;;;;;;;;;
111,6456296;31,54230192;1,036157732;;;;;;;;;;;;;;;;;;;;;;;;
111,6755808;31,55036314;1,032075951;;;;;;;;;;;;;;;;;;;;;;;;
111,7054061;31,5584222;1,02801064;;;;;;;;;;;;;;;;;;;;;;;;
111,735106;31,56647911;1,02396173;;;;;;;;;;;;;;;;;;;;;;;;
111,764681;31,57453387;1,019929152;;;;;;;;;;;;;;;;;;;;;;;;
111,7941318;31,58258651;1,015912836;;;;;;;;;;;;;;;;;;;;;;;;
111,8234589;31,59063702;1,011912714;;;;;;;;;;;;;;;;;;;;;;;;
111,8526629;31,59868542;1,007928718;;;;;;;;;;;;;;;;;;;;;;;;
111,8817443;31,60673172;1,003960778;;;;;;;;;;;;;;;;;;;;;;;;
111,9107037;31,61477593;1,000008827;;;;;;;;;;;;;;;;;;;;;;;;
111,9395416;31,62281805;0,996072797;;;;;;;;;;;;;;;;;;;;;;;;
111,9682587;31,63085811;0,992152622;;;;;;;;;;;;;;;;;;;;;;;;
111,9968554;31,6388961;0,988248234;;;;;;;;;;;;;;;;;;;;;;;;
112,0253323;31,64693204;0,984359566;;;;;;;;;;;;;;;;;;;;;;;;
112,05369;31,65496594;0,980486553;;;;;;;;;;;;;;;;;;;;;;;;
112,0819289;31,6629978;0,976629128;;;;;;;;;;;;;;;;;;;;;;;;
111,7526164;31,67108988;-18,28989229;;;;;;;;;;;;;;;;;;;;;;;;
111,2198044;31,67921953;-17,55955499;;;;;;;;;;;;;;;;;;;;;;;;
110,7058935;31,68738555;-16,77273919;;;;;;;;;;;;;;;;;;;;;;;;
110,2128141;31,69558653;-15,91395586;;;;;;;;;;;;;;;;;;;;;;;;
109,7429779;31,70381931;-14,30305362;;;;;;;;;;;;;;;;;;;;;;;;
109,3190638;31,71208163;-13,13787606;;;;;;;;;;;;;;;;;;;;;;;;
108,9282864;31,72037056;-11,72193054;;;;;;;;;;;;;;;;;;;;;;;;
108,5785021;31,72868199;-9,81863638;;;;;;;;;;;;;;;;;;;;;;;;
108,2847175;31,73700436;-4,755117483;;;;;;;;;;;;;;;;;;;;;;;;
108,1422516;31,74532673;0;;;;;;;;;;;;;;;;;;;;;;;;
107,9997857;31,7536491;-4,755117483;;;;;;;;;;;;;;;;;;;;;;;;
108,0088918;31,76198245;0,303533257;;;;;;;;;;;;;;;;;;;;;;;;
108,053289;31,7703151;1,480030613;;;;;;;;;;;;;;;;;;;;;;;;
108,0994819;31,77864432;1,540522871;;;;;;;;;;;;;;;;;;;;;;;;
108,1454477;31,78696999;1,533604108;;;;;;;;;;;;;;;;;;;;;;;;
108,1911876;31,79529211;1,526717703;;;;;;;;;;;;;;;;;;;;;;;;
108,236703;31,80361072;1,519863492;;;;;;;;;;;;;;;;;;;;;;;;
108,2819949;31,81192583;1,513041311;;;;;;;;;;;;;;;;;;;;;;;;
108,3270648;31,82023746;1,506250999;;;;;;;;;;;;;;;;;;;;;;;;
108,3719137;31,82854563;1,499492394;;;;;;;;;;;;;;;;;;;;;;;;
108,416543;31,83685037;1,492765336;;;;;;;;;;;;;;;;;;;;;;;;
108,4609538;31,84515168;1,486069664;;;;;;;;;;;;;;;;;;;;;;;;
108,5051473;31,8534496;1,479405222;;;;;;;;;;;;;;;;;;;;;;;;
108,5491248;31,86174414;1,47277185;;;;;;;;;;;;;;;;;;;;;;;;
108,5928874;31,87003532;1,466169392;;;;;;;;;;;;;;;;;;;;;;;;
108,6364362;31,87832315;1,459597693;;;;;;;;;;;;;;;;;;;;;;;;
108,6797726;31,88660766;1,453056598;;;;;;;;;;;;;;;;;;;;;;;;
108,7228975;31,89488887;1,446545953;;;;;;;;;;;;;;;;;;;;;;;;
108,7658122;31,9031668;1,440065604;;;;;;;;;;;;;;;;;;;;;;;;
108,8085179;31,91144146;1,4336154;;;;;;;;;;;;;;;;;;;;;;;;
108,8510156;31,91971287;1,427195189;;;;;;;;;;;;;;;;;;;;;;;;
108,8933065;31,92798105;1,420804821;;;;;;;;;;;;;;;;;;;;;;;;
108,9353917;31,93624602;1,414444146;;;;;;;;;;;;;;;;;;;;;;;;
108,9772723;31,9445078;1,408113015;;;;;;;;;;;;;;;;;;;;;;;;
109,0189496;31,9527664;1,401811282;;;;;;;;;;;;;;;;;;;;;;;;
108,5104031;31,96113676;-32,79001593;;;;;;;;;;;;;;;;;;;;;;;;
107,5223325;31,96958558;-32,83070868;;;;;;;;;;;;;;;;;;;;;;;;
106,5237619;31,97811492;-32,75370519;;;;;;;;;;;;;;;;;;;;;;;;
105,5180381;31,98672618;-32,37590267;;;;;;;;;;;;;;;;;;;;;;;;
104,5143682;31,99542085;-32,034703;;;;;;;;;;;;;;;;;;;;;;;;
103,5116556;32,0042005;-31,69686321;;;;;;;;;;;;;;;;;;;;;;;;
102,5098215;32,01306673;-31,36234858;;;;;;;;;;;;;;;;;;;;;;;;
101,5087849;32,02202433;-32,10964014;;;;;;;;;;;;;;;;;;;;;;;;
100,4733337;32,03107508;-31,73695686;;;;;;;;;;;;;;;;;;;;;;;;
99,43925782;32,04022082;-31,36858175;;;;;;;;;;;;;;;;;;;;;;;;
98,40645766;32,04946345;-31,00446468;;;;;;;;;;;;;;;;;;;;;;;;
97,37483106;32,05880495;-30,64455607;;;;;;;;;;;;;;;;;;;;;;;;
96,34427306;32,06824736;-30,28880695;;;;;;;;;;;;;;;;;;;;;;;;
95,31467574;32,07778806;-28,58928847;;;;;;;;;;;;;;;;;;;;;;;;
94,33273351;32,08742743;-27,82732596;;;;;;;;;;;;;;;;;;;;;;;;
93,36707689;32,09716476;-26,79361604;;;;;;;;;;;;;;;;;;;;;;;;
92,42784351;32,10699681;-25,15834118;;;;;;;;;;;;;;;;;;;;;;;;
91,53735431;32,11692737;-25,40088996;;;;;;;;;;;;;;;;;;;;;;;;
90,6292715;32,12695689;-24,76310722;;;;;;;;;;;;;;;;;;;;;;;;
89,73516868;32,13708541;-24,05664348;;;;;;;;;;;;;;;;;;;;;;;;
88,8579992;32,14731247;-23,25566196;;;;;;;;;;;;;;;;;;;;;;;;
88,00178538;32,1576377;-22,50696315;;;;;;;;;;;;;;;;;;;;;;;;
87,16518345;32,16806145;-21,95556463;;;;;;;;;;;;;;;;;;;;;;;;
86,34128993;32,17858384;-21,36853688;;;;;;;;;;;;;;;;;;;;;;;;
85,53183625;32,18920469;-20,73672015;;;;;;;;;;;;;;;;;;;;;;;;
84,73896638;32,19992683;-20,73773931;;;;;;;;;;;;;;;;;;;;;;;;
83,93849606;32,210754;-20,89023179;;;;;;;;;;;;;;;;;;;;;;;;
83,12424079;32,22169;-21,01342315;;;;;;;;;;;;;;;;;;;;;;;;
82,29695022;32,23273874;-21,10999343;;;;;;;;;;;;;;;;;;;;;;;;
81,45729083;32,24390418;-21,18232329;;;;;;;;;;;;;;;;;;;;;;;;
80,60585482;32,25519041;-21,23253875;;;;;;;;;;;;;;;;;;;;;;;;
79,74316742;32,26660164;-21,26254728;;;;;;;;;;;;;;;;;;;;;;;;
78,86969308;32,2781422;-21,27406741;;;;;;;;;;;;;;;;;;;;;;;;
77,98584061;32,28981839;-21,55236308;;;;;;;;;;;;;;;;;;;;;;;;
77,07990203;32,30163638;-21,73727647;;;;;;;;;;;;;;;;;;;;;;;;
76,15509489;32,31360222;-21,84471173;;;;;;;;;;;;;;;;;;;;;;;;
75,21408947;32,32572198;-21,89152762;;;;;;;;;;;;;;;;;;;;;;;;
74,25893778;32,33800387;-22,17207139;;;;;;;;;;;;;;;;;;;;;;;;
73,27860372;32,35045544;-22,27587808;;;;;;;;;;;;;;;;;;;;;;;;
72,2800734;32,36308384;-22,26332983;;;;;;;;;;;;;;;;;;;;;;;;
71,26793251;32,37589615;-22,1792067;;;;;;;;;;;;;;;;;;;;;;;;
70,24493159;32,38889829;-21,9102934;;;;;;;;;;;;;;;;;;;;;;;;
69,21936085;32,40209692;-21,6866568;;;;;;;;;;;;;;;;;;;;;;;;
68,18891823;32,41549909;-21,46472744;;;;;;;;;;;;;;;;;;;;;;;;
67,1532919;32,42911786;-21,78388042;;;;;;;;;;;;;;;;;;;;;;;;
66,08528143;32,44296139;-21,53028504;;;;;;;;;;;;;;;;;;;;;;;;
65,01228228;32,45703844;-21,27959731;;;;;;;;;;;;;;;;;;;;;;;;
63,9338887;32,47135832;-21,03178187;;;;;;;;;;;;;;;;;;;;;;;;
62,84966699;32,48593106;-20,78680363;;;;;;;;;;;;;;;;;;;;;;;;
61,75915262;32,5007674;-20,54462773;;;;;;;;;;;;;;;;;;;;;;;;
60,66184686;32,51587892;-20,30521955;;;;;;;;;;;;;;;;;;;;;;;;
59,55721305;32,5312781;-20,06854462;;;;;;;;;;;;;;;;;;;;;;;;
58,44467221;32,5469719;-19,42015764;;;;;;;;;;;;;;;;;;;;;;;;
57,34747818;32,56297198;-19,05812642;;;;;;;;;;;;;;;;;;;;;;;;
56,24972472;32,57929165;-18,74936886;;;;;;;;;;;;;;;;;;;;;;;;
55,14818429;32,59594534;-18,44948458;;;;;;;;;;;;;;;;;;;;;;;;
54,0420771;32,61294813;-18,1275462;;;;;;;;;;;;;;;;;;;;;;;;
52,93248919;32,63031813;-17,89499712;;;;;;;;;;;;;;;;;;;;;;;;
51,8134794;32,64807455;-17,64008127;;;;;;;;;;;;;;;;;;;;;;;;
50,68587001;32,66623823;-17,37934505;;;;;;;;;;;;;;;;;;;;;;;;
49,54944811;32,68483415;-17,20399621;;;;;;;;;;;;;;;;;;;;;;;;
48,39772141;32,70388872;-16,9829968;;;;;;;;;;;;;;;;;;;;;;;;
47,23274769;32,72342915;-16,69450345;;;;;;;;;;;;;;;;;;;;;;;;
46,05836401;32,74348711;-16,45797614;;;;;;;;;;;;;;;;;;;;;;;;
44,86995537;32,76409777;-16,21625555;;;;;;;;;;;;;;;;;;;;;;;;
43,66673587;32,7853009;-15,98523585;;;;;;;;;;;;;;;;;;;;;;;;
42,44656253;32,80713463;-15,5970133;;;;;;;;;;;;;;;;;;;;;;;;
41,2206147;32,82963594;-15,09723167;;;;;;;;;;;;;;;;;;;;;;;;
39,99766763;32,85284762;-14,64863836;;;;;;;;;;;;;;;;;;;;;;;;
38,77359787;32,87680447;-13,98423029;;;;;;;;;;;;;;;;;;;;;;;;
37,56753234;32,90152603;-13,05712676;;;;;;;;;;;;;;;;;;;;;;;;
36,4054795;32,92704779;-12,4235677;;;;;;;;;;;;;;;;;;;;;;;;
35,26402268;32,95338868;-11,56438791;;;;;;;;;;;;;;;;;;;;;;;;
34,16740389;32,98055578;-10,6244637;;;;;;;;;;;;;;;;;;;;;;;;
33,12831506;33,00840887;-8,137214749;;;;;;;;;;;;;;;;;;;;;;;;
32,31238723;33,03706399;-8,766945377;;;;;;;;;;;;;;;;;;;;;;;;
31,40800299;33,06653383;-8,184564858;;;;;;;;;;;;;;;;;;;;;;;;
30,53969065;33,09679347;-7,317262789;;;;;;;;;;;;;;;;;;;;;;;;
29,74258677;33,12771569;-5,724950973;;;;;;;;;;;;;;;;;;;;;;;;
29,1052853;33,1586981;-0,506942418;;;;;;;;;;;;;;;;;;;;;;;;
29,04874263;33,18968051;0;;;;;;;;;;;;;;;;;;;;;;;;
28,99219996;33,22066292;-0,506942418;;;;;;;;;;;;;;;;;;;;;;;;
29,27417481;33,25170575;2,523170145;;;;;;;;;;;;;;;;;;;;;;;;
29,5481271;33,28244957;2,475224404;;;;;;;;;;;;;;;;;;;;;;;;
29,81742953;33,31290836;2,455982221;;;;;;;;;;;;;;;;;;;;;;;;
30,08369184;33,34309204;2,450388238;;;;;;;;;;;;;;;;;;;;;;;;
30,34768866;33,37300858;2,451234268;;;;;;;;;;;;;;;;;;;;;;;;
30,60980674;33,40266488;2,455147483;;;;;;;;;;;;;;;;;;;;;;;;
30,87025192;33,43206722;2,460548315;;;;;;;;;;;;;;;;;;;;;;;;
31,12914423;33,4612215;2,466688515;;;;;;;;;;;;;;;;;;;;;;;;
31,38656197;33,49013332;2,47320802;;;;;;;;;;;;;;;;;;;;;;;;
31,64256246;33,51880801;2,479930588;;;;;;;;;;;;;;;;;;;;;;;;
31,89719196;33,54725071;2,486768474;;;;;;;;;;;;;;;;;;;;;;;;
32,15049057;33,57546636;2,493677286;;;;;;;;;;;;;;;;;;;;;;;;
32,40249465;33,60345971;2,500634238;;;;;;;;;;;;;;;;;;;;;;;;
32,65323809;33,63123535;2,507627494;;;;;;;;;;;;;;;;;;;;;;;;
32,90275297;33,6587977;2,514650856;;;;;;;;;;;;;;;;;;;;;;;;
33,15106993;33,68615104;2,521701076;;;;;;;;;;;;;;;;;;;;;;;;
33,39821839;33,71329948;2,52877647;;;;;;;;;;;;;;;;;;;;;;;;
33,64422668;33,74024703;2,535876194;;;;;;;;;;;;;;;;;;;;;;;;
33,88912218;33,76699753;2,542999862;;;;;;;;;;;;;;;;;;;;;;;;
34,13293131;33,79355472;2,550147342;;;;;;;;;;;;;;;;;;;;;;;;
34,37567965;33,81992222;2,557318639;;;;;;;;;;;;;;;;;;;;;;;;
34,61739196;33,84610352;2,564513836;;;;;;;;;;;;;;;;;;;;;;;;
34,85809221;33,87210201;2,57173306;;;;;;;;;;;;;;;;;;;;;;;;
35,09780366;33,89792098;2,578976461;;;;;;;;;;;;;;;;;;;;;;;;
35,33654883;33,92356361;2,586244203;;;;;;;;;;;;;;;;;;;;;;;;
35,57434959;33,94903299;2,593536455;;;;;;;;;;;;;;;;;;;;;;;;
35,81122715;33,97433212;2,600853391;;;;;;;;;;;;;;;;;;;;;;;;
36,26683058;33,9994639;5,035715474;;;;;;;;;;;;;;;;;;;;;;;;
36,82251173;34,02427997;6,219998147;;;;;;;;;;;;;;;;;;;;;;;;
37,43746954;34,04872154;6,9889788;;;;;;;;;;;;;;;;;;;;;;;;
38,09067239;34,07276163;7,547611611;;;;;;;;;;;;;;;;;;;;;;;;
38,76946003;34,09638946;7,980085715;;;;;;;;;;;;;;;;;;;;;;;;
39,46557945;34,11960361;8,329683351;;;;;;;;;;;;;;;;;;;;;;;;
40,18283597;34,14240829;8,73671119;;;;;;;;;;;;;;;;;;;;;;;;
40,95778571;34,16480591;9,611011793;;;;;;;;;;;;;;;;;;;;;;;;
41,76879314;34,18677975;10,25218164;;;;;;;;;;;;;;;;;;;;;;;;
42,60278865;34,20832694;10,75153881;;;;;;;;;;;;;;;;;;;;;;;;
43,45133867;34,22945232;11,15759178;;;;;;;;;;;;;;;;;;;;;;;;
44,34607543;34,25016515;11,99923151;;;;;;;;;;;;;;;;;;;;;;;;
45,26350242;34,27046006;12,55687852;;;;;;;;;;;;;;;;;;;;;;;;
46,23139433;34,29034363;13,52165977;;;;;;;;;;;;;;;;;;;;;;;;
47,17485274;34,30981092;13,46215985;;;;;;;;;;;;;;;;;;;;;;;;
48,07985156;34,32888889;13,17690932;;;;;;;;;;;;;;;;;;;;;;;;
48,94933277;34,34760775;12,90263195;;;;;;;;;;;;;;;;;;;;;;;;
49,78588734;34,3659941;12,63851483;;;;;;;;;;;;;;;;;;;;;;;;
50,59181141;34,38407152;12,3838409;;;;;;;;;;;;;;;;;;;;;;;;
51,37147419;34,40186096;12,17424461;;;;;;;;;;;;;;;;;;;;;;;;
52,12670817;34,41938041;11,97453173;;;;;;;;;;;;;;;;;;;;;;;;
52,85894733;34,43664603;11,78062252;;;;;;;;;;;;;;;;;;;;;;;;
53,56949304;34,45367247;11,5921909;;;;;;;;;;;;;;;;;;;;;;;;
54,25953069;34,47047308;11,40894044;;;;;;;;;;;;;;;;;;;;;;;;
54,93014368;34,48706003;11,23060065;;;;;;;;;;;;;;;;;;;;;;;;
55,58178519;34,50344448;11,04776591;;;;;;;;;;;;;;;;;;;;;;;;
56,21528262;34,51963683;10,86756743;;;;;;;;;;;;;;;;;;;;;;;;
56,83152606;34,53564671;10,6920676;;;;;;;;;;;;;;;;;;;;;;;;
57,43133733;34,55148299;10,52104618;;;;;;;;;;;;;;;;;;;;;;;;
58,01547714;34,56715388;10,3542995;;;;;;;;;;;;;;;;;;;;;;;;
58,58465128;34,58266698;10,1916387;;;;;;;;;;;;;;;;;;;;;;;;
59,13951603;34,59802937;10,03288827;;;;;;;;;;;;;;;;;;;;;;;;
59,68061621;34,61324762;9,876667544;;;;;;;;;;;;;;;;;;;;;;;;
60,20842486;34,62832789;9,722205325;;;;;;;;;;;;;;;;;;;;;;;;
60,72348675;34,64327596;9,571316424;;;;;;;;;;;;;;;;;;;;;;;;
61,22631213;34,65809725;9,423861247;;;;;;;;;;;;;;;;;;;;;;;;
61,71737971;34,67279681;9,279708836;;;;;;;;;;;;;;;;;;;;;;;;
62,1971393;34,68737941;9,138736129;;;;;;;;;;;;;;;;;;;;;;;;
62,66670173;34,70184953;9,014024678;;;;;;;;;;;;;;;;;;;;;;;;
63,12884002;34,71621123;8,938482164;;;;;;;;;;;;;;;;;;;;;;;;
63,58309938;34,73046778;8,850884768;;;;;;;;;;;;;;;;;;;;;;;;
64,02971746;34,74462249;8,76461783;;;;;;;;;;;;;;;;;;;;;;;;
64,46892053;34,75867846;8,679644504;;;;;;;;;;;;;;;;;;;;;;;;
64,90092423;34,77263868;8,595929637;;;;;;;;;;;;;;;;;;;;;;;;
65,32593427;34,78650597;8,513439668;;;;;;;;;;;;;;;;;;;;;;;;
65,74414707;34,80028304;8,432142517;;;;;;;;;;;;;;;;;;;;;;;;
66,15575031;34,81397247;8,3520075;;;;;;;;;;;;;;;;;;;;;;;;
66,56092351;34,82757673;8,27300524;;;;;;;;;;;;;;;;;;;;;;;;
66,95983848;34,84109818;8,195107586;;;;;;;;;;;;;;;;;;;;;;;;
67,35265979;34,85453907;8,118287546;;;;;;;;;;;;;;;;;;;;;;;;
67,73954521;34,86790157;8,042519214;;;;;;;;;;;;;;;;;;;;;;;;
68,12064609;34,88118775;7,96777771;;;;;;;;;;;;;;;;;;;;;;;;
68,49610768;34,89439961;7,894039126;;;;;;;;;;;;;;;;;;;;;;;;
68,86606956;34,90753904;7,821280464;;;;;;;;;;;;;;;;;;;;;;;;
69,23096265;34,92060789;7,755787866;;;;;;;;;;;;;;;;;;;;;;;;
69,59105997;34,93360785;7,694408708;;;;;;;;;;;;;;;;;;;;;;;;
69,94646911;34,94654054;7,633734042;;;;;;;;;;;;;;;;;;;;;;;;
70,29729381;34,95940753;7,573749755;;;;;;;;;;;;;;;;;;;;;;;;
70,64363421;34,9722103;7,514442207;;;;;;;;;;;;;;;;;;;;;;;;
70,98558697;34,9849503;7,455798207;;;;;;;;;;;;;;;;;;;;;;;;
71,32324549;34,99762893;7,397804995;;;;;;;;;;;;;;;;;;;;;;;;
71,65670001;35,01024753;7,340450223;;;;;;;;;;;;;;;;;;;;;;;;
71,9860378;35,02280742;7,283721929;;;;;;;;;;;;;;;;;;;;;;;;
72,31134327;35,03530985;7,227608529;;;;;;;;;;;;;;;;;;;;;;;;
72,63269811;35,04775603;7,172098791;;;;;;;;;;;;;;;;;;;;;;;;
72,95018141;35,06014714;7,117181826;;;;;;;;;;;;;;;;;;;;;;;;
73,2638698;35,07248433;7,06284707;;;;;;;;;;;;;;;;;;;;;;;;
73,57383749;35,08476869;7,009084271;;;;;;;;;;;;;;;;;;;;;;;;
73,88015647;35,0970013;6,955883474;;;;;;;;;;;;;;;;;;;;;;;;
74,18289651;35,10918319;6,903235012;;;;;;;;;;;;;;;;;;;;;;;;
74,48212531;35,12131537;6,851129489;;;;;;;;;;;;;;;;;;;;;;;;
74,77790859;35,1333988;6,799557776;;;;;;;;;;;;;;;;;;;;;;;;
75,07031013;35,14543444;6,748510993;;;;;;;;;;;;;;;;;;;;;;;;
75,35931164;35,1574232;6,696121139;;;;;;;;;;;;;;;;;;;;;;;;
75,64494304;35,16936599;6,643514307;;;;;;;;;;;;;;;;;;;;;;;;
75,92726621;35,18126368;6,591456674;;;;;;;;;;;;;;;;;;;;;;;;
76,20634122;35,19311713;6,539939207;;;;;;;;;;;;;;;;;;;;;;;;
76,48222651;35,20492717;6,488953114;;;;;;;;;;;;;;;;;;;;;;;;
76,75497886;35,21669461;6,438489834;;;;;;;;;;;;;;;;;;;;;;;;
77,02465352;35,22842023;6,388541026;;;;;;;;;;;;;;;;;;;;;;;;
77,29130424;35,2401048;6,339098562;;;;;;;;;;;;;;;;;;;;;;;;
77,55498333;35,25174906;6,290154522;;;;;;;;;;;;;;;;;;;;;;;;
77,81574171;35,26335373;6,241701181;;;;;;;;;;;;;;;;;;;;;;;;
78,07362897;35,27491951;6,193731007;;;;;;;;;;;;;;;;;;;;;;;;
78,32869341;35,28644709;6,146236652;;;;;;;;;;;;;;;;;;;;;;;;
78,5809821;35,29793714;6,099210944;;;;;;;;;;;;;;;;;;;;;;;;
78,83054091;35,30939029;6,052646884;;;;;;;;;;;;;;;;;;;;;;;;
79,07741454;35,32080718;6,006537637;;;;;;;;;;;;;;;;;;;;;;;;
79,3216466;35,33218844;5,96087653;;;;;;;;;;;;;;;;;;;;;;;;
79,56327962;35,34353464;5,915657043;;;;;;;;;;;;;;;;;;;;;;;;
79,80235508;35,3548464;5,870872804;;;;;;;;;;;;;;;;;;;;;;;;
80,03891348;35,36612426;5,826517589;;;;;;;;;;;;;;;;;;;;;;;;
80,27299432;35,37736879;5,782585311;;;;;;;;;;;;;;;;;;;;;;;;
80,50463619;35,38858053;5,739070018;;;;;;;;;;;;;;;;;;;;;;;;
80,73387677;35,39976001;5,69596589;;;;;;;;;;;;;;;;;;;;;;;;
80,96075286;35,41090775;5,653267234;;;;;;;;;;;;;;;;;;;;;;;;
81,1853004;35,42202424;5,610968478;;;;;;;;;;;;;;;;;;;;;;;;
81,40754457;35,43310999;5,568814871;;;;;;;;;;;;;;;;;;;;;;;;
81,62750329;35,44416548;5,526635543;;;;;;;;;;;;;;;;;;;;;;;;
81,8452108;35,45519118;5,484851887;;;;;;;;;;;;;;;;;;;;;;;;
82,06070057;35,46618754;5,443458571;;;;;;;;;;;;;;;;;;;;;;;;
82,27400534;35,47715503;5,402450372;;;;;;;;;;;;;;;;;;;;;;;;
82,48515714;35,48809409;5,361822175;;;;;;;;;;;;;;;;;;;;;;;;
82,69439089;35,49900515;5,326752674;;;;;;;;;;;;;;;;;;;;;;;;
82,9018993;35,50988859;5,29622888;;;;;;;;;;;;;;;;;;;;;;;;
83,10772218;35,5207448;5,266391318;;;;;;;;;;;;;;;;;;;;;;;;
83,31188024;35,53157412;5,236762811;;;;;;;;;;;;;;;;;;;;;;;;
83,5143938;35,5423769;5,207341189;;;;;;;;;;;;;;;;;;;;;;;;
83,7152828;35,55315348;5,178124315;;;;;;;;;;;;;;;;;;;;;;;;
83,9145668;35,56390421;5,149110093;;;;;;;;;;;;;;;;;;;;;;;;
84,11226502;35,5746294;5,120296456;;;;;;;;;;;;;;;;;;;;;;;;
84,30839632;35,58532939;5,091681375;;;;;;;;;;;;;;;;;;;;;;;;
84,50297921;35,59600448;5,063262852;;;;;;;;;;;;;;;;;;;;;;;;
84,69603188;35,60665499;5,035038921;;;;;;;;;;;;;;;;;;;;;;;;
84,8875722;35,61728123;5,007007647;;;;;;;;;;;;;;;;;;;;;;;;
85,07761771;35,62788349;4,979167128;;;;;;;;;;;;;;;;;;;;;;;;
85,26618564;35,63846206;4,95151549;;;;;;;;;;;;;;;;;;;;;;;;
85,45329292;35,64901724;4,924050888;;;;;;;;;;;;;;;;;;;;;;;;
85,63895622;35,65954931;4,896771506;;;;;;;;;;;;;;;;;;;;;;;;
85,82319187;35,67005855;4,869675556;;;;;;;;;;;;;;;;;;;;;;;;
86,00601595;35,68054522;4,842761278;;;;;;;;;;;;;;;;;;;;;;;;
86,18744428;35,69100961;4,816026937;;;;;;;;;;;;;;;;;;;;;;;;
86,36749237;35,70145196;4,789470826;;;;;;;;;;;;;;;;;;;;;;;;
86,54617553;35,71187255;4,763091261;;;;;;;;;;;;;;;;;;;;;;;;
86,72350875;35,72227162;4,736886585;;;;;;;;;;;;;;;;;;;;;;;;
86,89950683;35,73264943;4,710855164;;;;;;;;;;;;;;;;;;;;;;;;
87,07418429;35,74300622;4,68499539;;;;;;;;;;;;;;;;;;;;;;;;
87,24755543;35,75334224;4,659305674;;;;;;;;;;;;;;;;;;;;;;;;
87,41963431;35,76365771;4,633784455;;;;;;;;;;;;;;;;;;;;;;;;
87,59043477;35,77395288;4,608430191;;;;;;;;;;;;;;;;;;;;;;;;
87,75997042;35,78422798;4,583241362;;;;;;;;;;;;;;;;;;;;;;;;
87,92825468;35,79448322;4,55821647;;;;;;;;;;;;;;;;;;;;;;;;
88,09530072;35,80471884;4,53335404;;;;;;;;;;;;;;;;;;;;;;;;
88,26112154;35,81493505;4,508652613;;;;;;;;;;;;;;;;;;;;;;;;
88,4257299;35,82513206;4,484110754;;;;;;;;;;;;;;;;;;;;;;;;
88,5891384;35,8353101;4,459727046;;;;;;;;;;;;;;;;;;;;;;;;
88,75135942;35,84546936;4,435500091;;;;;;;;;;;;;;;;;;;;;;;;
88,91240516;35,85561005;4,411428511;;;;;;;;;;;;;;;;;;;;;;;;
89,07228764;35,86573237;4,387510946;;;;;;;;;;;;;;;;;;;;;;;;
89,23101868;35,87583652;4,363746053;;;;;;;;;;;;;;;;;;;;;;;;
89,38860995;35,8859227;4,340132509;;;;;;;;;;;;;;;;;;;;;;;;
89,54507292;35,8959911;4,316669008;;;;;;;;;;;;;;;;;;;;;;;;
89,70041891;35,9060419;4,293354258;;;;;;;;;;;;;;;;;;;;;;;;
89,85465905;35,9160753;4,270186988;;;;;;;;;;;;;;;;;;;;;;;;
90,00780434;35,92609147;4,247165942;;;;;;;;;;;;;;;;;;;;;;;;
90,15986559;35,93609061;4,224289878;;;;;;;;;;;;;;;;;;;;;;;;
90,31082049;35,94607288;4,200639836;;;;;;;;;;;;;;;;;;;;;;;;
90,46067913;35,95603846;4,177116279;;;;;;;;;;;;;;;;;;;;;;;;
90,60945246;35,96598753;4,153745906;;;;;;;;;;;;;;;;;;;;;;;;
90,75715127;35,97592027;4,130527391;;;;;;;;;;;;;;;;;;;;;;;;
90,90378621;35,98583685;4,107459429;;;;;;;;;;;;;;;;;;;;;;;;
91,04936773;35,99573742;4,08454073;;;;;;;;;;;;;;;;;;;;;;;;
91,19390619;36,00562217;4,061770021;;;;;;;;;;;;;;;;;;;;;;;;
91,33741175;36,01549125;4,039146043;;;;;;;;;;;;;;;;;;;;;;;;
91,47989447;36,02534483;4,016667556;;;;;;;;;;;;;;;;;;;;;;;;
91,62136425;36,03518305;3,994333333;;;;;;;;;;;;;;;;;;;;;;;;
91,76183084;36,04500609;3,972142162;;;;;;;;;;;;;;;;;;;;;;;;
91,90130387;36,05481409;3,950092848;;;;;;;;;;;;;;;;;;;;;;;;
92,03979284;36,0646072;3,928184209;;;;;;;;;;;;;;;;;;;;;;;;
92,17730711;36,07438558;3,906415077;;;;;;;;;;;;;;;;;;;;;;;;
92,31385591;36,08414937;3,884784299;;;;;;;;;;;;;;;;;;;;;;;;
92,44944836;36,09389872;3,863290736;;;;;;;;;;;;;;;;;;;;;;;;
92,58409345;36,10363377;3,841933262;;;;;;;;;;;;;;;;;;;;;;;;
92,71780003;36,11335467;3,820710765;;;;;;;;;;;;;;;;;;;;;;;;
92,85057686;36,12306154;3,799622145;;;;;;;;;;;;;;;;;;;;;;;;
92,98243258;36,13275453;3,778666315;;;;;;;;;;;;;;;;;;;;;;;;
93,11337568;36,14243378;3,757842203;;;;;;;;;;;;;;;;;;;;;;;;
93,24341459;36,15209942;3,737148747;;;;;;;;;;;;;;;;;;;;;;;;
93,3725576;36,16175157;3,716584898;;;;;;;;;;;;;;;;;;;;;;;;
93,5008129;36,17139038;3,69614962;;;;;;;;;;;;;;;;;;;;;;;;
93,62818856;36,18101596;3,675841886;;;;;;;;;;;;;;;;;;;;;;;;
93,75469256;36,19062845;3,655660685;;;;;;;;;;;;;;;;;;;;;;;;
93,88033278;36,20022797;3,635605014;;;;;;;;;;;;;;;;;;;;;;;;
94,00511699;36,20981465;3,615673882;;;;;;;;;;;;;;;;;;;;;;;;
94,12905287;36,21938859;3,595866311;;;;;;;;;;;;;;;;;;;;;;;;
94,252148;36,22894993;3,576181331;;;;;;;;;;;;;;;;;;;;;;;;
94,37440985;36,23849879;3,556617984;;;;;;;;;;;;;;;;;;;;;;;;
94,49584582;36,24803527;3,537175324;;;;;;;;;;;;;;;;;;;;;;;;
94,6164632;36,2575595;3,517852414;;;;;;;;;;;;;;;;;;;;;;;;
94,73626921;36,26707159;3,498648327;;;;;;;;;;;;;;;;;;;;;;;;
94,85527096;36,27657164;3,479562147;;;;;;;;;;;;;;;;;;;;;;;;
94,97347547;36,28605978;3,460592967;;;;;;;;;;;;;;;;;;;;;;;;
95,0908897;36,29553611;3,44173989;;;;;;;;;;;;;;;;;;;;;;;;
95,2075205;36,30500074;3,42300203;;;;;;;;;;;;;;;;;;;;;;;;
95,32337465;36,31445378;3,404378507;;;;;;;;;;;;;;;;;;;;;;;;
95,43845884;36,32389532;3,385868455;;;;;;;;;;;;;;;;;;;;;;;;
95,5527797;36,33332548;3,367471014;;;;;;;;;;;;;;;;;;;;;;;;
95,66634374;36,34274436;3,349185334;;;;;;;;;;;;;;;;;;;;;;;;
95,77915744;36,35215206;3,331010573;;;;;;;;;;;;;;;;;;;;;;;;
95,89122718;36,36154867;3,312945899;;;;;;;;;;;;;;;;;;;;;;;;
96,00255925;36,37093431;3,294990488;;;;;;;;;;;;;;;;;;;;;;;;
96,1131599;36,38030906;3,277143525;;;;;;;;;;;;;;;;;;;;;;;;
96,22303527;36,38967302;3,259404203;;;;;;;;;;;;;;;;;;;;;;;;
96,33219147;36,39902629;3,241771723;;;;;;;;;;;;;;;;;;;;;;;;
96,4406345;36,40836896;3,224245296;;;;;;;;;;;;;;;;;;;;;;;;
96,54837031;36,41770113;3,206824137;;;;;;;;;;;;;;;;;;;;;;;;
96,65540479;36,42702288;3,189507474;;;;;;;;;;;;;;;;;;;;;;;;
96,76174374;36,43633431;3,172294538;;;;;;;;;;;;;;;;;;;;;;;;
96,86739291;36,44563551;3,155184571;;;;;;;;;;;;;;;;;;;;;;;;
96,97235798;36,45492656;3,138176822;;;;;;;;;;;;;;;;;;;;;;;;
97,07672481;36,46420755;3,123671882;;;;;;;;;;;;;;;;;;;;;;;;
97,18050441;36,47347857;3,109439459;;;;;;;;;;;;;;;;;;;;;;;;
97,28370106;36,48273969;3,095278657;;;;;;;;;;;;;;;;;;;;;;;;
97,386319;36,49199098;3,081189036;;;;;;;;;;;;;;;;;;;;;;;;
97,4883624;36,50123253;3,067170161;;;;;;;;;;;;;;;;;;;;;;;;
97,58983541;36,5104644;3,053221597;;;;;;;;;;;;;;;;;;;;;;;;
97,69074214;36,51968667;3,039342916;;;;;;;;;;;;;;;;;;;;;;;;
97,79108665;36,52889941;3,025533692;;;;;;;;;;;;;;;;;;;;;;;;
97,89087295;36,53810271;3,011793503;;;;;;;;;;;;;;;;;;;;;;;;
97,99010503;36,54729662;2,99812193;;;;;;;;;;;;;;;;;;;;;;;;
98,08878683;36,55648122;2,984518558;;;;;;;;;;;;;;;;;;;;;;;;
98,18692226;36,56565658;2,970982976;;;;;;;;;;;;;;;;;;;;;;;;
98,28451517;36,57482277;2,957514775;;;;;;;;;;;;;;;;;;;;;;;;
98,3815694;36,58397986;2,944113551;;;;;;;;;;;;;;;;;;;;;;;;
98,47808873;36,59312791;2,930778901;;;;;;;;;;;;;;;;;;;;;;;;
98,57407693;36,602267;2,917510428;;;;;;;;;;;;;;;;;;;;;;;;
98,6695377;36,61139719;2,904307737;;;;;;;;;;;;;;;;;;;;;;;;
98,76447472;36,62051855;2,891170435;;;;;;;;;;;;;;;;;;;;;;;;
98,85889164;36,62963114;2,878098134;;;;;;;;;;;;;;;;;;;;;;;;
98,95279208;36,63873502;2,865090448;;;;;;;;;;;;;;;;;;;;;;;;
99,0461796;36,64783027;2,852146995;;;;;;;;;;;;;;;;;;;;;;;;
99,13905776;36,65691694;2,839267396;;;;;;;;;;;;;;;;;;;;;;;;
99,23143005;36,6659951;2,826451274;;;;;;;;;;;;;;;;;;;;;;;;
99,32329996;36,6750648;2,813698255;;;;;;;;;;;;;;;;;;;;;;;;
99,41467093;36,68412612;2,801007969;;;;;;;;;;;;;;;;;;;;;;;;
99,50554636;36,69317911;2,788380049;;;;;;;;;;;;;;;;;;;;;;;;
99,59592964;36,70222383;2,77581413;;;;;;;;;;;;;;;;;;;;;;;;
99,68582412;36,71126035;2,76330985;;;;;;;;;;;;;;;;;;;;;;;;
99,7752331;36,72028871;2,750866851;;;;;;;;;;;;;;;;;;;;;;;;
99,86415989;36,72930899;2,738484775;;;;;;;;;;;;;;;;;;;;;;;;
99,95260773;36,73832123;2,72616327;;;;;;;;;;;;;;;;;;;;;;;;
100,0405798;36,7473255;2,713901984;;;;;;;;;;;;;;;;;;;;;;;;
100,1280794;36,75632185;2,701700571;;;;;;;;;;;;;;;;;;;;;;;;
100,2151097;36,76531033;2,689558684;;;;;;;;;;;;;;;;;;;;;;;;
100,3016737;36,77429101;2,67747598;;;;;;;;;;;;;;;;;;;;;;;;
100,3877746;36,78326395;2,665452121;;;;;;;;;;;;;;;;;;;;;;;;
100,4734155;36,79222918;2,653486767;;;;;;;;;;;;;;;;;;;;;;;;
100,5585994;36,80118677;2,641579585;;;;;;;;;;;;;;;;;;;;;;;;
100,6433293;36,81013678;2,629730241;;;;;;;;;;;;;;;;;;;;;;;;
100,7276083;36,81907925;2,617938407;;;;;;;;;;;;;;;;;;;;;;;;
100,8114394;36,82801424;2,606203754;;;;;;;;;;;;;;;;;;;;;;;;
100,8948254;36,8369418;2,594525957;;;;;;;;;;;;;;;;;;;;;;;;
100,9777693;36,84586198;2,582904694;;;;;;;;;;;;;;;;;;;;;;;;
101,060274;36,85477483;2,571339645;;;;;;;;;;;;;;;;;;;;;;;;
101,1423424;36,86368041;2,559830491;;;;;;;;;;;;;;;;;;;;;;;;
101,2239772;36,87257876;2,548376919;;;;;;;;;;;;;;;;;;;;;;;;
101,3051814;36,88146993;2,536978613;;;;;;;;;;;;;;;;;;;;;;;;
101,3859577;36,89035398;2,525635264;;;;;;;;;;;;;;;;;;;;;;;;
101,4663089;36,89923095;2,514346562;;;;;;;;;;;;;;;;;;;;;;;;
101,5462377;36,90810089;2,503112203;;;;;;;;;;;;;;;;;;;;;;;;
101,6257469;36,91696384;2,49193188;;;;;;;;;;;;;;;;;;;;;;;;
101,7048392;36,92581987;2,480805294;;;;;;;;;;;;;;;;;;;;;;;;
101,7835172;36,934669;2,469732143;;;;;;;;;;;;;;;;;;;;;;;;
101,8617836;36,9435113;2,45871213;;;;;;;;;;;;;;;;;;;;;;;;
101,939641;36,9523468;2,447744961;;;;;;;;;;;;;;;;;;;;;;;;
102,017092;36,96117556;2,436830341;;;;;;;;;;;;;;;;;;;;;;;;
102,0941392;36,96999761;2,42596798;;;;;;;;;;;;;;;;;;;;;;;;
102,1707853;36,978813;2,415157588;;;;;;;;;;;;;;;;;;;;;;;;
102,2470326;36,98762178;2,404398878;;;;;;;;;;;;;;;;;;;;;;;;
102,3228838;36,99642399;2,393691566;;;;;;;;;;;;;;;;;;;;;;;;
102,3983414;37,00521968;2,383035368;;;;;;;;;;;;;;;;;;;;;;;;
102,4734078;37,01400888;2,372430003;;;;;;;;;;;;;;;;;;;;;;;;
102,5480854;37,02279165;2,361875193;;;;;;;;;;;;;;;;;;;;;;;;
102,6223768;37,03156802;2,35137066;;;;;;;;;;;;;;;;;;;;;;;;
102,6962844;37,04033804;2,340916129;;;;;;;;;;;;;;;;;;;;;;;;
102,7698105;37,04910174;2,330511327;;;;;;;;;;;;;;;;;;;;;;;;
102,8429575;37,05785918;2,320155983;;;;;;;;;;;;;;;;;;;;;;;;
102,9157278;37,06661038;2,309849826;;;;;;;;;;;;;;;;;;;;;;;;
102,9881237;37,0753554;2,299592591;;;;;;;;;;;;;;;;;;;;;;;;
103,060137;37,08409428;2,289046422;;;;;;;;;;;;;;;;;;;;;;;;
103,1317698;37,09282704;2,27854517;;;;;;;;;;;;;;;;;;;;;;;;
103,2030246;37,10155374;2,26809537;;;;;;;;;;;;;;;;;;;;;;;;
103,2739037;37,11027442;2,257696733;;;;;;;;;;;;;;;;;;;;;;;;
103,3444095;37,11898911;2,247348974;;;;;;;;;;;;;;;;;;;;;;;;
103,4145443;37,12769785;2,237051808;;;;;;;;;;;;;;;;;;;;;;;;
103,4843106;37,13640069;2,226804954;;;;;;;;;;;;;;;;;;;;;;;;
103,5537106;37,14509766;2,216608133;;;;;;;;;;;;;;;;;;;;;;;;
103,6227466;37,1537888;2,206461066;;;;;;;;;;;;;;;;;;;;;;;;
103,6914209;37,16247415;2,196363477;;;;;;;;;;;;;;;;;;;;;;;;
103,7597357;37,17115375;2,186315092;;;;;;;;;;;;;;;;;;;;;;;;
103,8276933;37,17982764;2,17631564;;;;;;;;;;;;;;;;;;;;;;;;
103,8952959;37,18849584;2,166364849;;;;;;;;;;;;;;;;;;;;;;;;
103,9625457;37,19715841;2,156462452;;;;;;;;;;;;;;;;;;;;;;;;
104,0294449;37,20581537;2,146608182;;;;;;;;;;;;;;;;;;;;;;;;
104,0959957;37,21446677;2,136801774;;;;;;;;;;;;;;;;;;;;;;;;
104,1622001;37,22311264;2,127042966;;;;;;;;;;;;;;;;;;;;;;;;
104,2280604;37,23175301;2,117331496;;;;;;;;;;;;;;;;;;;;;;;;
104,2935787;37,24038792;2,107667105;;;;;;;;;;;;;;;;;;;;;;;;
104,358757;37,2490174;2,098049535;;;;;;;;;;;;;;;;;;;;;;;;
104,4235975;37,2576415;2,08847853;;;;;;;;;;;;;;;;;;;;;;;;
104,4881022;37,26626024;2,078953837;;;;;;;;;;;;;;;;;;;;;;;;
104,5522731;37,27487366;2,069475203;;;;;;;;;;;;;;;;;;;;;;;;
104,6161123;37,2834818;2,060042377;;;;;;;;;;;;;;;;;;;;;;;;
104,6796219;37,29208468;2,050655111;;;;;;;;;;;;;;;;;;;;;;;;
104,7428038;37,30068234;2,041313156;;;;;;;;;;;;;;;;;;;;;;;;
104,8056599;37,30927482;2,032016268;;;;;;;;;;;;;;;;;;;;;;;;
104,8681924;37,31786214;2,022764203;;;;;;;;;;;;;;;;;;;;;;;;
104,9304031;37,32644434;2,013556717;;;;;;;;;;;;;;;;;;;;;;;;
104,992294;37,33502145;2,00439357;;;;;;;;;;;;;;;;;;;;;;;;
105,053867;37,34359351;1,995274523;;;;;;;;;;;;;;;;;;;;;;;;
105,115124;37,35216055;1,986199338;;;;;;;;;;;;;;;;;;;;;;;;
105,1760669;37,36072259;1,977167779;;;;;;;;;;;;;;;;;;;;;;;;
105,2366977;37,36927967;1,968179612;;;;;;;;;;;;;;;;;;;;;;;;
105,2970181;37,37783182;1,959234603;;;;;;;;;;;;;;;;;;;;;;;;
105,35703;37,38637907;1,950332522;;;;;;;;;;;;;;;;;;;;;;;;
105,4167353;37,39492145;1,941473137;;;;;;;;;;;;;;;;;;;;;;;;
105,4761358;37,40345899;1,932656222;;;;;;;;;;;;;;;;;;;;;;;;
105,5352333;37,41199173;1,923881549;;;;;;;;;;;;;;;;;;;;;;;;
105,5940296;37,42051969;1,915148891;;;;;;;;;;;;;;;;;;;;;;;;
105,6525265;37,4290429;1,906458027;;;;;;;;;;;;;;;;;;;;;;;;
105,7107258;37,43756139;1,897808732;;;;;;;;;;;;;;;;;;;;;;;;
105,7686292;37,44607519;1,889200785;;;;;;;;;;;;;;;;;;;;;;;;
105,8262385;37,45458432;1,880633968;;;;;;;;;;;;;;;;;;;;;;;;
105,8835553;37,46308883;1,872108061;;;;;;;;;;;;;;;;;;;;;;;;
105,9405815;37,47158874;1,863622849;;;;;;;;;;;;;;;;;;;;;;;;
105,9973188;37,48008406;1,855178114;;;;;;;;;;;;;;;;;;;;;;;;
106,0537688;37,48857484;1,846773643;;;;;;;;;;;;;;;;;;;;;;;;
106,1099332;37,49706111;1,838409224;;;;;;;;;;;;;;;;;;;;;;;;
106,1658137;37,50554288;1,830084645;;;;;;;;;;;;;;;;;;;;;;;;
106,2214119;37,51402018;1,821799696;;;;;;;;;;;;;;;;;;;;;;;;
106,2767295;37,52249305;1,813554168;;;;;;;;;;;;;;;;;;;;;;;;
106,3317681;37,53096151;1,805347854;;;;;;;;;;;;;;;;;;;;;;;;
106,3865294;37,53942558;1,797180547;;;;;;;;;;;;;;;;;;;;;;;;
106,441015;37,5478853;1,789052043;;;;;;;;;;;;;;;;;;;;;;;;
106,4952264;37,55634069;1,780962139;;;;;;;;;;;;;;;;;;;;;;;;
106,5491652;37,56479177;1,772910632;;;;;;;;;;;;;;;;;;;;;;;;
106,6028331;37,57323857;1,76489732;;;;;;;;;;;;;;;;;;;;;;;;
106,6562316;37,58168113;1,756922005;;;;;;;;;;;;;;;;;;;;;;;;
106,7093622;37,59011945;1,748984488;;;;;;;;;;;;;;;;;;;;;;;;
106,7622265;37,59855358;1,741084572;;;;;;;;;;;;;;;;;;;;;;;;
106,814826;37,60698352;1,733222061;;;;;;;;;;;;;;;;;;;;;;;;
106,8671622;37,61540932;1,725396759;;;;;;;;;;;;;;;;;;;;;;;;
106,9192367;37,62383099;1,717608474;;;;;;;;;;;;;;;;;;;;;;;;
106,9710509;37,63224856;1,709857012;;;;;;;;;;;;;;;;;;;;;;;;
107,0226063;37,64066205;1,702142183;;;;;;;;;;;;;;;;;;;;;;;;
107,0739045;37,64907149;1,694463797;;;;;;;;;;;;;;;;;;;;;;;;
107,1249468;37,6574769;1,686821665;;;;;;;;;;;;;;;;;;;;;;;;
107,1757348;37,6658783;1,679215599;;;;;;;;;;;;;;;;;;;;;;;;
107,2262699;37,67427572;1,671645413;;;;;;;;;;;;;;;;;;;;;;;;
107,2765534;37,68266919;1,66411092;;;;;;;;;;;;;;;;;;;;;;;;
107,3265869;37,69105872;1,656611938;;;;;;;;;;;;;;;;;;;;;;;;
107,3763718;37,69944434;1,649148282;;;;;;;;;;;;;;;;;;;;;;;;
107,4259095;37,70782607;1,641719771;;;;;;;;;;;;;;;;;;;;;;;;
107,4752013;37,71620394;1,634326224;;;;;;;;;;;;;;;;;;;;;;;;
107,5242486;37,72457797;1,626967461;;;;;;;;;;;;;;;;;;;;;;;;
107,5730529;37,73294817;1,619643303;;;;;;;;;;;;;;;;;;;;;;;;
107,6216155;37,74131458;1,612353573;;;;;;;;;;;;;;;;;;;;;;;;
107,6699377;37,74967721;1,605098094;;;;;;;;;;;;;;;;;;;;;;;;
107,718021;37,75803609;1,59787669;;;;;;;;;;;;;;;;;;;;;;;;
107,7658666;37,76639124;1,590689187;;;;;;;;;;;;;;;;;;;;;;;;
107,8134759;37,77474268;1,583535411;;;;;;;;;;;;;;;;;;;;;;;;
107,8608501;37,78309043;1,576415191;;;;;;;;;;;;;;;;;;;;;;;;
107,9079907;37,79143451;1,569328355;;;;;;;;;;;;;;;;;;;;;;;;
107,9548989;37,79977495;1,562274732;;;;;;;;;;;;;;;;;;;;;;;;
108,001576;37,80811176;1,555254153;;;;;;;;;;;;;;;;;;;;;;;;
108,0480234;37,81644498;1,54826645;;;;;;;;;;;;;;;;;;;;;;;;
108,0942421;37,82477461;1,541311456;;;;;;;;;;;;;;;;;;;;;;;;
108,1402337;37,83310067;1,534389003;;;;;;;;;;;;;;;;;;;;;;;;
108,1859992;37,8414232;1,527498928;;;;;;;;;;;;;;;;;;;;;;;;
108,23154;37,84974221;1,520641065;;;;;;;;;;;;;;;;;;;;;;;;
108,2768573;37,85805771;1,513815252;;;;;;;;;;;;;;;;;;;;;;;;
108,3219524;37,86636974;1,507021325;;;;;;;;;;;;;;;;;;;;;;;;
108,3668264;37,8746783;1,500259124;;;;;;;;;;;;;;;;;;;;;;;;
108,4114806;37,88298343;1,493528487;;;;;;;;;;;;;;;;;;;;;;;;
108,4559161;37,89128513;1,486829255;;;;;;;;;;;;;;;;;;;;;;;;
108,5001343;37,89958343;1,480161271;;;;;;;;;;;;;;;;;;;;;;;;
108,5441363;37,90787836;1,473524374;;;;;;;;;;;;;;;;;;;;;;;;
108,5879232;37,91616991;1,466918411;;;;;;;;;;;;;;;;;;;;;;;;
108,6314963;37,92445813;1,460343223;;;;;;;;;;;;;;;;;;;;;;;;
108,6748567;37,93274302;1,453798656;;;;;;;;;;;;;;;;;;;;;;;;
108,7180056;37,9410246;1,447284557;;;;;;;;;;;;;;;;;;;;;;;;
108,7609442;37,9493029;1,440800772;;;;;;;;;;;;;;;;;;;;;;;;
108,7380101;37,95765938;-34,47701858;;;;;;;;;;;;;;;;;;;;;;;;
107,7008264;37,96609692;-34,0627823;;;;;;;;;;;;;;;;;;;;;;;;
106,6661645;37,97461691;-33,65194082;;;;;;;;;;;;;;;;;;;;;;;;
105,6339941;37,98322076;-33,24425479;;;;;;;;;;;;;;;;;;;;;;;;
104,6042907;37,99190994;-32,83944924;;;;;;;;;;;;;;;;;;;;;;;;
103,5770378;38,00068596;-32,43720468;;;;;;;;;;;;;;;;;;;;;;;;
102,5522279;38,00955032;-32,0280127;;;;;;;;;;;;;;;;;;;;;;;;
101,5301595;38,01850463;-31,63808701;;;;;;;;;;;;;;;;;;;;;;;;
100,5102898;38,02755053;-31,25089311;;;;;;;;;;;;;;;;;;;;;;;;
99,49259705;38,03668971;-30,86614631;;;;;;;;;;;;;;;;;;;;;;;;
98,4770681;38,04592392;-30,48351677;;;;;;;;;;;;;;;;;;;;;;;;
97,4637001;38,05525494;-30,1026183;;;;;;;;;;;;;;;;;;;;;;;;
96,45250309;38,06468458;-29,71742288;;;;;;;;;;;;;;;;;;;;;;;;
95,44369417;38,07421473;-29,34027558;;;;;;;;;;;;;;;;;;;;;;;;
94,43707154;38,08384734;-28,96355888;;;;;;;;;;;;;;;;;;;;;;;;
93,4326915;38,09358437;-28,58655898;;;;;;;;;;;;;;;;;;;;;;;;
92,43063792;38,10342785;-28,20839713;;;;;;;;;;;;;;;;;;;;;;;;
91,43102973;38,11337986;-27,82797695;;;;;;;;;;;;;;;;;;;;;;;;
90,43403065;38,12344254;-27,45723688;;;;;;;;;;;;;;;;;;;;;;;;
89,43937423;38,13361809;-27,08156852;;;;;;;;;;;;;;;;;;;;;;;;
88,44732293;38,14390873;-26,70185359;;;;;;;;;;;;;;;;;;;;;;;;
87,45811795;38,15431671;-26,31628938;;;;;;;;;;;;;;;;;;;;;;;;
86,47207971;38,16484431;-25,9225348;;;;;;;;;;;;;;;;;;;;;;;;
85,48963295;38,17549376;-25,51749546;;;;;;;;;;;;;;;;;;;;;;;;
84,51134195;38,18626765;-25,16479708;;;;;;;;;;;;;;;;;;;;;;;;
83,53530017;38,19716836;-24,76542983;;;;;;;;;;;;;;;;;;;;;;;;
82,56344155;38,20819824;-24,35135845;;;;;;;;;;;;;;;;;;;;;;;;
81,596508;38,21935958;-23,91745721;;;;;;;;;;;;;;;;;;;;;;;;
80,63548493;38,23065452;-23,45662846;;;;;;;;;;;;;;;;;;;;;;;;
79,68169655;38,24208499;-22,95877962;;;;;;;;;;;;;;;;;;;;;;;;
78,7369502;38,25365406;-22,6491494;;;;;;;;;;;;;;;;;;;;;;;;
77,79364378;38,26536401;-22,20226733;;;;;;;;;;;;;;;;;;;;;;;;
76,85768867;38,27721693;-21,72464574;;;;;;;;;;;;;;;;;;;;;;;;
75,93068729;38,28921456;-21,20576959;;;;;;;;;;;;;;;;;;;;;;;;
75,01477852;38,3013582;-20,6305242;;;;;;;;;;;;;;;;;;;;;;;;
74,11287178;38,31364824;-19,95288986;;;;;;;;;;;;;;;;;;;;;;;;
73,23007377;38,32608649;-19,48904975;;;;;;;;;;;;;;;;;;;;;;;;
72,35739838;38,33867448;-18,99148202;;;;;;;;;;;;;;;;;;;;;;;;
71,49676642;38,35141321;-18,45023185;;;;;;;;;;;;;;;;;;;;;;;;
70,65064891;38,36430308;-17,85145784;;;;;;;;;;;;;;;;;;;;;;;;
69,8222783;38,37734338;-17,15734973;;;;;;;;;;;;;;;;;;;;;;;;
69,01682524;38,39053442;-16,60844579;;;;;;;;;;;;;;;;;;;;;;;;
68,22812758;38,40387573;-16,00059981;;;;;;;;;;;;;;;;;;;;;;;;
67,45963929;38,41736577;-15,31430704;;;;;;;;;;;;;;;;;;;;;;;;
66,71591335;38,43100148;-14,52045243;;;;;;;;;;;;;;;;;;;;;;;;
66,00312489;38,4447777;-13,57290027;;;;;;;;;;;;;;;;;;;;;;;;
65,32998534;38,45869993;-13,67055243;;;;;;;;;;;;;;;;;;;;;;;;
64,64481688;38,47276538;-12,99959957;;;;;;;;;;;;;;;;;;;;;;;;
63,98657407;38,48696957;-12,22247902;;;;;;;;;;;;;;;;;;;;;;;;
63,36157648;38,50130563;-11,2926685;;;;;;;;;;;;;;;;;;;;;;;;
62,77876402;38,51576306;-10,12610751;;;;;;;;;;;;;;;;;;;;;;;;
62,2517331;38,53033194;-9,079761792;;;;;;;;;;;;;;;;;;;;;;;;
61,7755181;38,54500501;-8,304631209;;;;;;;;;;;;;;;;;;;;;;;;
61,33684203;38,55977179;-7,321615603;;;;;;;;;;;;;;;;;;;;;;;;
60,94762201;38,57461576;-5,93114968;;;;;;;;;;;;;;;;;;;;;;;;
60,63067146;38,58948088;-1,611687369;;;;;;;;;;;;;;;;;;;;;;;;
60,54442293;38,604346;0;;;;;;;;;;;;;;;;;;;;;;;;
60,45817446;38,61921112;-1,611686393;;;;;;;;;;;;;;;;;;;;;;;;
60,57340923;38,63409744;2,15027273;;;;;;;;;;;;;;;;;;;;;;;;
60,74122248;38,64895544;3,137352112;;;;;;;;;;;;;;;;;;;;;;;;
60,94643216;38,6637724;3,847125626;;;;;;;;;;;;;;;;;;;;;;;;
61,18065473;38,67853947;4,405873329;;;;;;;;;;;;;;;;;;;;;;;;
61,4384149;38,69325;4,867264147;;;;;;;;;;;;;;;;;;;;;;;;
61,71580713;38,70789881;5,260043013;;;;;;;;;;;;;;;;;;;;;;;;
62,00988877;38,72248179;5,601693073;;;;;;;;;;;;;;;;;;;;;;;;
62,31835822;38,7369956;5,903751887;;;;;;;;;;;;;;;;;;;;;;;;
62,63936586;38,75143757;6,174280622;;;;;;;;;;;;;;;;;;;;;;;;
63,04170969;38,76580554;7,778568736;;;;;;;;;;;;;;;;;;;;;;;;
63,49744635;38,7800818;8,867412941;;;;;;;;;;;;;;;;;;;;;;;;
63,9454975;38,7942556;8,780896284;;;;;;;;;;;;;;;;;;;;;;;;
64,38609152;38,80833008;8,6956801;;;;;;;;;;;;;;;;;;;;;;;;
64,819446;38,82230826;8,611728924;;;;;;;;;;;;;;;;;;;;;;;;
65,24576851;38,83619298;8,529008901;;;;;;;;;;;;;;;;;;;;;;;;
65,66525717;38,84998698;8,447487677;;;;;;;;;;;;;;;;;;;;;;;;
66,07810129;38,86369286;8,367134311;;;;;;;;;;;;;;;;;;;;;;;;
66,48448189;38,8773131;8,287919181;;;;;;;;;;;;;;;;;;;;;;;;
66,8845722;38,89085009;8,209813912;;;;;;;;;;;;;;;;;;;;;;;;
67,27853815;38,90430611;8,132791296;;;;;;;;;;;;;;;;;;;;;;;;
67,66653875;38,91768334;8,056825225;;;;;;;;;;;;;;;;;;;;;;;;
68,04872656;38,93098385;7,981890631;;;;;;;;;;;;;;;;;;;;;;;;
68,42524795;38,94420967;7,907963423;;;;;;;;;;;;;;;;;;;;;;;;
68,79624355;38,95736271;7,835020437;;;;;;;;;;;;;;;;;;;;;;;;
69,1620596;38,97044482;7,76752151;;;;;;;;;;;;;;;;;;;;;;;;
69,52305901;38,98345773;7,706006967;;;;;;;;;;;;;;;;;;;;;;;;
69,8793501;38,99640308;7,645199654;;;;;;;;;;;;;;;;;;;;;;;;
70,23103735;39,00928242;7,585085361;;;;;;;;;;;;;;;;;;;;;;;;
70,57822156;39,02209727;7,525650361;;;;;;;;;;;;;;;;;;;;;;;;
70,92100005;39,03484908;7,46688138;;;;;;;;;;;;;;;;;;;;;;;;
71,2594668;39,04753925;7,408765578;;;;;;;;;;;;;;;;;;;;;;;;
71,59371265;39,06016915;7,351290529;;;;;;;;;;;;;;;;;;;;;;;;
71,92382543;39,07274009;7,2944442;;;;;;;;;;;;;;;;;;;;;;;;
72,24989007;39,08525333;7,238214936;;;;;;;;;;;;;;;;;;;;;;;;
72,57198878;39,0977101;7,18259144;;;;;;;;;;;;;;;;;;;;;;;;
72,89020113;39,11011157;7,127562758;;;;;;;;;;;;;;;;;;;;;;;;
73,2046042;39,12245891;7,073118268;;;;;;;;;;;;;;;;;;;;;;;;
73,51527267;39,13475322;7,019247656;;;;;;;;;;;;;;;;;;;;;;;;
73,82227893;39,14699558;6,965940915;;;;;;;;;;;;;;;;;;;;;;;;
74,12569316;39,15918702;6,913188322;;;;;;;;;;;;;;;;;;;;;;;;
74,42558347;39,17132856;6,860980433;;;;;;;;;;;;;;;;;;;;;;;;
74,72201592;39,18342117;6,809308066;;;;;;;;;;;;;;;;;;;;;;;;
75,01505466;39,19546582;6,758162296;;;;;;;;;;;;;;;;;;;;;;;;
75,30470314;39,20746341;6,706171824;;;;;;;;;;;;;;;;;;;;;;;;
75,59096959;39,21941485;6,653459681;;;;;;;;;;;;;;;;;;;;;;;;
75,87391618;39,23132104;6,601298479;;;;;;;;;;;;;;;;;;;;;;;;
76,15360334;39,24318282;6,54967914;;;;;;;;;;;;;;;;;;;;;;;;
76,43008981;39,25500104;6,498592827;;;;;;;;;;;;;;;;;;;;;;;;
76,70343268;39,26677651;6,448030934;;;;;;;;;;;;;;;;;;;;;;;;
76,97368749;39,27851001;6,39798508;;;;;;;;;;;;;;;;;;;;;;;;
77,24090827;39,29020232;6,348447097;;;;;;;;;;;;;;;;;;;;;;;;
77,50514759;39,30185417;6,299409026;;;;;;;;;;;;;;;;;;;;;;;;
77,76645664;39,31346631;6,250863107;;;;;;;;;;;;;;;;;;;;;;;;
78,02488525;39,32503942;6,20280177;;;;;;;;;;;;;;;;;;;;;;;;
78,28048198;39,3365742;6,155217633;;;;;;;;;;;;;;;;;;;;;;;;
78,53329411;39,34807132;6,108103492;;;;;;;;;;;;;;;;;;;;;;;;
78,78336773;39,35953143;6,061452314;;;;;;;;;;;;;;;;;;;;;;;;
79,03074778;39,37095516;6,015257235;;;;;;;;;;;;;;;;;;;;;;;;
79,27547807;39,38234313;5,969511551;;;;;;;;;;;;;;;;;;;;;;;;
79,51760131;39,39369595;5,924208712;;;;;;;;;;;;;;;;;;;;;;;;
79,75715921;39,4050142;5,879342321;;;;;;;;;;;;;;;;;;;;;;;;
79,99419242;39,41629845;5,834906124;;;;;;;;;;;;;;;;;;;;;;;;
80,22874066;39,42754927;5,790894009;;;;;;;;;;;;;;;;;;;;;;;;
80,46084267;39,43876719;5,747299999;;;;;;;;;;;;;;;;;;;;;;;;
80,6905363;39,44995276;5,704118249;;;;;;;;;;;;;;;;;;;;;;;;
80,91785851;39,46110648;5,661343043;;;;;;;;;;;;;;;;;;;;;;;;
81,14284542;39,47222887;5,618968785;;;;;;;;;;;;;;;;;;;;;;;;
81,36552744;39,48332042;5,576867926;;;;;;;;;;;;;;;;;;;;;;;;
81,5859174;39,49438162;5,534612866;;;;;;;;;;;;;;;;;;;;;;;;
81,80404971;39,50541293;5,492754504;;;;;;;;;;;;;;;;;;;;;;;;
82,01995799;39,51641483;5,451287485;;;;;;;;;;;;;;;;;;;;;;;;
82,23367511;39,52738777;5,410206566;;;;;;;;;;;;;;;;;;;;;;;;
82,44523322;39,53833219;5,369506613;;;;;;;;;;;;;;;;;;;;;;;;
82,65482187;39,54924853;5,33320516;;;;;;;;;;;;;;;;;;;;;;;;
82,8626525;39,56013719;5,301914668;;;;;;;;;;;;;;;;;;;;;;;;
83,06879362;39,57099854;5,272037187;;;;;;;;;;;;;;;;;;;;;;;;
83,27326603;39,58183293;5,242369178;;;;;;;;;;;;;;;;;;;;;;;;
83,47609011;39,59264072;5,212908462;;;;;;;;;;;;;;;;;;;;;;;;
83,67728587;39,60342225;5,183652898;;;;;;;;;;;;;;;;;;;;;;;;
83,87687295;39,61417786;5,154600379;;;;;;;;;;;;;;;;;;;;;;;;
84,07487063;39,62490787;5,125748837;;;;;;;;;;;;;;;;;;;;;;;;
84,27129783;39,63561262;5,097096232;;;;;;;;;;;;;;;;;;;;;;;;
84,46617314;39,64629241;5,068640562;;;;;;;;;;;;;;;;;;;;;;;;
84,65951481;39,65694756;5,040379854;;;;;;;;;;;;;;;;;;;;;;;;
84,85134076;39,66757838;5,012312169;;;;;;;;;;;;;;;;;;;;;;;;
85,04166858;39,67818517;4,984435597;;;;;;;;;;;;;;;;;;;;;;;;
85,23051559;39,68876821;4,956748259;;;;;;;;;;;;;;;;;;;;;;;;
85,41789876;39,69932781;4,929248305;;;;;;;;;;;;;;;;;;;;;;;;
85,6038348;39,70986424;4,901933914;;;;;;;;;;;;;;;;;;;;;;;;
85,78834012;39,72037779;4,874803293;;;;;;;;;;;;;;;;;;;;;;;;
85,97143084;39,73086873;4,847854674;;;;;;;;;;;;;;;;;;;;;;;;
86,15312282;39,74133732;4,821086321;;;;;;;;;;;;;;;;;;;;;;;;
86,33343165;39,75178384;4,794496518;;;;;;;;;;;;;;;;;;;;;;;;
86,51237265;39,76220854;4,76808358;;;;;;;;;;;;;;;;;;;;;;;;
86,6899609;39,77261167;4,741845843;;;;;;;;;;;;;;;;;;;;;;;;
86,86621121;39,7829935;4,71578167;;;;;;;;;;;;;;;;;;;;;;;;
87,04113817;39,79335426;4,689889446;;;;;;;;;;;;;;;;;;;;;;;;
87,21475611;39,8036942;4,664167581;;;;;;;;;;;;;;;;;;;;;;;;
87,38707914;39,81401355;4,638614507;;;;;;;;;;;;;;;;;;;;;;;;
87,55812114;39,82431256;4,613228678;;;;;;;;;;;;;;;;;;;;;;;;
87,72789577;39,83459144;4,588008572;;;;;;;;;;;;;;;;;;;;;;;;
87,89641647;39,84485044;4,562952686;;;;;;;;;;;;;;;;;;;;;;;;
88,06369648;39,85508976;4,538059539;;;;;;;;;;;;;;;;;;;;;;;;
88,2297488;39,86530964;4,513327671;;;;;;;;;;;;;;;;;;;;;;;;
88,39458627;39,87551028;4,488755642;;;;;;;;;;;;;;;;;;;;;;;;
88,5582215;39,8856919;4,464342031;;;;;;;;;;;;;;;;;;;;;;;;
88,28807915;39,89599403;-25,00778155;;;;;;;;;;;;;;;;;;;;;;;;
87,3605991;39,90640691;-24,7889006;;;;;;;;;;;;;;;;;;;;;;;;
86,43135253;39,9169332;-24,57192195;;;;;;;;;;;;;;;;;;;;;;;;
85,50020828;39,92757565;-24,35681203;;;;;;;;;;;;;;;;;;;;;;;;
84,56703054;39,93833712;-24,14353733;;;;;;;;;;;;;;;;;;;;;;;;
83,6316785;39,94922062;-23,9320644;;;;;;;;;;;;;;;;;;;;;;;;
82,69400608;39,96022927;-23,72235984;;;;;;;;;;;;;;;;;;;;;;;;
81,75386155;39,97136636;-23,51439031;;;;;;;;;;;;;;;;;;;;;;;;
80,81108715;39,9826353;-23,30812248;;;;;;;;;;;;;;;;;;;;;;;;
79,86551867;39,99403913;-23,01056868;;;;;;;;;;;;;;;;;;;;;;;;
78,92084759;40,00558106;-22,72570491;;;;;;;;;;;;;;;;;;;;;;;;
77,97657316;40,01726442;-22,44283183;;;;;;;;;;;;;;;;;;;;;;;;
77,03262539;40,02909269;-22,16181067;;;;;;;;;;;;;;;;;;;;;;;;
76,08893673;40,04106946;-21,88249004;;;;;;;;;;;;;;;;;;;;;;;;
75,14544282;40,0531985;-21,60470386;;;;;;;;;;;;;;;;;;;;;;;;
74,20208331;40,06548374;-21,33215397;;;;;;;;;;;;;;;;;;;;;;;;
73,25862887;40,07792887;-21,00699822;;;;;;;;;;;;;;;;;;;;;;;;
72,31746375;40,09053764;-20,67687036;;;;;;;;;;;;;;;;;;;;;;;;
71,37890835;40,10331386;-20,34035931;;;;;;;;;;;;;;;;;;;;;;;;
70,44336583;40,11626138;-19,99572816;;;;;;;;;;;;;;;;;;;;;;;;
69,51134299;40,12938361;-19,59020819;;;;;;;;;;;;;;;;;;;;;;;;
68,58590097;40,14268493;-19,28439454;;;;;;;;;;;;;;;;;;;;;;;;
67,66247273;40,15616982;-18,97350293;;;;;;;;;;;;;;;;;;;;;;;;
66,74139292;40,16984283;-18,65619431;;;;;;;;;;;;;;;;;;;;;;;;
65,82308178;40,1837086;-18,33082934;;;;;;;;;;;;;;;;;;;;;;;;
64,90806627;40,19776975;-17,8176942;;;;;;;;;;;;;;;;;;;;;;;;
64,00613192;40,21202925;-17,34389013;;;;;;;;;;;;;;;;;;;;;;;;
63,1157969;40,22648936;-16,82010954;;;;;;;;;;;;;;;;;;;;;;;;
62,24020279;40,24115125;-16,22833202;;;;;;;;;;;;;;;;;;;;;;;;
61,3836259;40,2560145;-15,54131785;;;;;;;;;;;;;;;;;;;;;;;;
60,55204591;40,27107622;-14,71559687;;;;;;;;;;;;;;;;;;;;;;;;
59,75413402;40,28634652;-14,84709458;;;;;;;;;;;;;;;;;;;;;;;;
58,93794357;40,30182772;-14,40665446;;;;;;;;;;;;;;;;;;;;;;;;
58,13502728;40,31752126;-13,92286286;;;;;;;;;;;;;;;;;;;;;;;;
57,34843077;40,33342733;-13,38195587;;;;;;;;;;;;;;;;;;;;;;;;
56,58215495;40,34954436;-12,76379838;;;;;;;;;;;;;;;;;;;;;;;;
55,84158306;40,36587929;-12,66780076;;;;;;;;;;;;;;;;;;;;;;;;
55,09664341;40,38243722;-12,44818285;;;;;;;;;;;;;;;;;;;;;;;;
54,35462537;40,39922322;-12,22098706;;;;;;;;;;;;;;;;;;;;;;;;
53,61611611;40,41624229;-11,9845856;;;;;;;;;;;;;;;;;;;;;;;;
52,88183645;40,43349932;-11,736957;;;;;;;;;;;;;;;;;;;;;;;;
52,1526746;40,4510026;-11,64458077;;;;;;;;;;;;;;;;;;;;;;;;
51,41892843;40,46875758;-11,40423623;;;;;;;;;;;;;;;;;;;;;;;;
50,68999313;40,48676947;-11,14978241;;;;;;;;;;;;;;;;;;;;;;;;
49,96701021;40,50504305;-10,87779791;;;;;;;;;;;;;;;;;;;;;;;;
49,25141523;40,52356247;-9,806206689;;;;;;;;;;;;;;;;;;;;;;;;
48,59763632;40,54232566;-9,346978124;;;;;;;;;;;;;;;;;;;;;;;;
47,96627165;40,56132747;-8,805610988;;;;;;;;;;;;;;;;;;;;;;;;
47,3639105;40,58055817;-8,142958095;;;;;;;;;;;;;;;;;;;;;;;;
46,80016929;40,60000069;-7,284804243;;;;;;;;;;;;;;;;;;;;;;;;
46,29028333;40,6196655;-7,391280302;;;;;;;;;;;;;;;;;;;;;;;;
45,76703006;40,63955483;-7,215302589;;;;;;;;;;;;;;;;;;;;;;;;
45,25040305;40,65967003;-7,016984839;;;;;;;;;;;;;;;;;;;;;;;;
44,74226989;40,68001126;-6,789172258;;;;;;;;;;;;;;;;;;;;;;;;
44,24510945;40,70057691;-6,521290495;;;;;;;;;;;;;;;;;;;;;;;;
43,76229701;40,72136281;-6,196776591;;;;;;;;;;;;;;;;;;;;;;;;
43,29859709;40,74236086;-5,787418181;;;;;;;;;;;;;;;;;;;;;;;;
42,86110876;40,76355658;-5,238330679;;;;;;;;;;;;;;;;;;;;;;;;
42,46140005;40,78492309;-4,412391404;;;;;;;;;;;;;;;;;;;;;;;;
42,12200145;40,80632361;-0,869004543;;;;;;;;;;;;;;;;;;;;;;;;
42,05505172;40,82772413;0;;;;;;;;;;;;;;;;;;;;;;;;
41,98810201;40,84912465;-0,869004059;;;;;;;;;;;;;;;;;;;;;;;;
42,2964486;40,8705593;3,995953042;;;;;;;;;;;;;;;;;;;;;;;;
42,64562767;40,89183768;4,558343961;;;;;;;;;;;;;;;;;;;;;;;;
43,02379633;40,91294183;4,977543262;;;;;;;;;;;;;;;;;;;;;;;;
43,42348093;40,93386049;5,307391596;;;;;;;;;;;;;;;;;;;;;;;;
43,83956079;40,9545866;5,576430861;;;;;;;;;;;;;;;;;;;;;;;;
44,26834431;40,97511601;5,801753358;;;;;;;;;;;;;;;;;;;;;;;;
44,70707658;40,99544656;5,994429372;;;;;;;;;;;;;;;;;;;;;;;;
45,15364993;41,0155776;6,16203364;;;;;;;;;;;;;;;;;;;;;;;;
45,60642141;41,03550955;6,309964531;;;;;;;;;;;;;;;;;;;;;;;;
46,06409168;41,05524361;6,442192299;;;;;;;;;;;;;;;;;;;;;;;;
46,52562132;41,0747816;6,561710995;;;;;;;;;;;;;;;;;;;;;;;;
46,99017124;41,09412578;6,67082518;;;;;;;;;;;;;;;;;;;;;;;;
47,45705907;41,11327873;6,771339213;;;;;;;;;;;;;;;;;;;;;;;;
47,92572662;41,13224324;6,864686367;;;;;;;;;;;;;;;;;;;;;;;;
48,39571517;41,1510223;6,952019373;;;;;;;;;;;;;;;;;;;;;;;;
48,86664637;41,16961898;7,034275392;;;;;;;;;;;;;;;;;;;;;;;;
49,33820737;41,18803645;7,112223599;;;;;;;;;;;;;;;;;;;;;;;;
49,81013903;41,2062779;7,186500642;;;;;;;;;;;;;;;;;;;;;;;;
50,28222655;41,22434651;7,257637464;;;;;;;;;;;;;;;;;;;;;;;;
50,8584734;41,24224547;8,942893293;;;;;;;;;;;;;;;;;;;;;;;;
51,49070429;41,25994164;9,924166122;;;;;;;;;;;;;;;;;;;;;;;;
52,16204005;41,27742052;10,66899714;;;;;;;;;;;;;;;;;;;;;;;;
52,86161675;41,29467445;11,26276173;;;;;;;;;;;;;;;;;;;;;;;;
53,57208443;41,31170004;11,5915032;;;;;;;;;;;;;;;;;;;;;;;;
54,26204824;41,32849983;11,40827139;;;;;;;;;;;;;;;;;;;;;;;;
54,93259122;41,34508601;11,22994931;;;;;;;;;;;;;;;;;;;;;;;;
55,58416381;41,36146973;11,04708971;;;;;;;;;;;;;;;;;;;;;;;;
56,21759576;41,37766139;10,86690906;;;;;;;;;;;;;;;;;;;;;;;;
56,83377688;41,39367061;10,69142621;;;;;;;;;;;;;;;;;;;;;;;;
57,43352875;41,40950626;10,52042099;;;;;;;;;;;;;;;;;;;;;;;;
58,01761187;41,42517655;10,35368977;;;;;;;;;;;;;;;;;;;;;;;;
58,58673185;41,44068908;10,19104377;;;;;;;;;;;;;;;;;;;;;;;;
59,14154478;41,45605092;10,03230751;;;;;;;;;;;;;;;;;;;;;;;;
59,68259469;41,47126865;9,876088846;;;;;;;;;;;;;;;;;;;;;;;;
60,21035516;41,48634843;9,721640128;;;;;;;;;;;;;;;;;;;;;;;;
60,72537082;41,50129602;9,570764193;;;;;;;;;;;;;;;;;;;;;;;;
61,22815181;41,51611684;9,423321481;;;;;;;;;;;;;;;;;;;;;;;;
61,7191767;41,53081597;9,279181066;;;;;;;;;;;;;;;;;;;;;;;;
62,19889523;41,54539814;9,138219913;;;;;;;;;;;;;;;;;;;;;;;;
62,66843354;41,55986785;9,013816224;;;;;;;;;;;;;;;;;;;;;;;;
62,26906993;41,57444816;-10,32534929;;;;;;;;;;;;;;;;;;;;;;;;
61,72710164;41,58914727;-9,427926689;;;;;;;;;;;;;;;;;;;;;;;;
61,22820604;41,60395751;-8,617555747;;;;;;;;;;;;;;;;;;;;;;;;
60,76874484;41,61886768;-7,586985203;;;;;;;;;;;;;;;;;;;;;;;;
60,36150129;41,63385994;-6,124270169;;;;;;;;;;;;;;;;;;;;;;;;
60,03096127;41,64887361;-1,583428616;;;;;;;;;;;;;;;;;;;;;;;;
59,94537821;41,66388728;0;;;;;;;;;;;;;;;;;;;;;;;;
59,85979515;41,67890094;-1,583428616;;;;;;;;;;;;;;;;;;;;;;;;
60,05899195;41,69393608;3,680209676;;;;;;;;;;;;;;;;;;;;;;;;
60,30661314;41,70892134;4,590086078;;;;;;;;;;;;;;;;;;;;;;;;
60,59092374;41,72384508;5,291916479;;;;;;;;;;;;;;;;;;;;;;;;
60,90452276;41,73869879;5,86458468;;;;;;;;;;;;;;;;;;;;;;;;
61,24224017;41,75347602;6,348308002;;;;;;;;;;;;;;;;;;;;;;;;
61,60023718;41,76817176;6,766832922;;;;;;;;;;;;;;;;;;;;;;;;
61,97554526;41,78278209;7,135514454;;;;;;;;;;;;;;;;;;;;;;;;
62,36580138;41,79730395;7,4649184;;;;;;;;;;;;;;;;;;;;;;;;
62,76908319;41,81173493;7,762652305;;;;;;;;;;;;;;;;;;;;;;;;
63,18380029;41,8260732;8,034386441;;;;;;;;;;;;;;;;;;;;;;;;
63,60861904;41,84031736;8,284464002;;;;;;;;;;;;;;;;;;;;;;;;
64,04240879;41,85446639;8,516286012;;;;;;;;;;;;;;;;;;;;;;;;
64,48140254;41,86851957;8,677227577;;;;;;;;;;;;;;;;;;;;;;;;
64,91320296;41,88247709;8,59354828;;;;;;;;;;;;;;;;;;;;;;;;
65,33801547;41,89634175;8,511092941;;;;;;;;;;;;;;;;;;;;;;;;
65,75603625;41,91011628;8,429829522;;;;;;;;;;;;;;;;;;;;;;;;
66,16745272;41,92380323;8,349727377;;;;;;;;;;;;;;;;;;;;;;;;
66,57244418;41,93740509;8,270757164;;;;;;;;;;;;;;;;;;;;;;;;
66,97118222;41,95092419;8,19289077;;;;;;;;;;;;;;;;;;;;;;;;
67,36383123;41,96436281;8,116101231;;;;;;;;;;;;;;;;;;;;;;;;
67,75054877;41,9777231;8,040362673;;;;;;;;;;;;;;;;;;;;;;;;
68,131486;41,99100712;7,965650245;;;;;;;;;;;;;;;;;;;;;;;;
68,50678804;42,00421687;7,891940064;;;;;;;;;;;;;;;;;;;;;;;;
68,87659428;42,01735426;7,81920916;;;;;;;;;;;;;;;;;;;;;;;;
69,2413484;42,03042111;7,754018949;;;;;;;;;;;;;;;;;;;;;;;;
69,60130989;42,04341912;7,69266018;;;;;;;;;;;;;;;;;;;;;;;;
69,95658622;42,05634991;7,632005494;;;;;;;;;;;;;;;;;;;;;;;;
70,30728104;42,06921503;7,572040788;;;;;;;;;;;;;;;;;;;;;;;;
70,65349437;42,08201598;7,512752437;;;;;;;;;;;;;;;;;;;;;;;;
70,99532279;42,09475421;7,454127262;;;;;;;;;;;;;;;;;;;;;;;;
71,33285959;42,1074311;7,396152517;;;;;;;;;;;;;;;;;;;;;;;;
71,66619493;42,120048;7,338815862;;;;;;;;;;;;;;;;;;;;;;;;
71,995416;42,13260623;7,28210535;;;;;;;;;;;;;;;;;;;;;;;;
72,32060713;42,14510702;7,226009403;;;;;;;;;;;;;;;;;;;;;;;;
72,64184993;42,15755161;7,170516803;;;;;;;;;;;;;;;;;;;;;;;;
72,95922343;42,16994116;7,115616668;;;;;;;;;;;;;;;;;;;;;;;;
73,27280416;42,18227682;7,061298445;;;;;;;;;;;;;;;;;;;;;;;;
73,58266631;42,19455968;7,007551888;;;;;;;;;;;;;;;;;;;;;;;;
73,88888176;42,20679082;6,954367053;;;;;;;;;;;;;;;;;;;;;;;;
74,19152024;42,21897128;6,90173428;;;;;;;;;;;;;;;;;;;;;;;;
74,4906494;42,23110204;6,849644181;;;;;;;;;;;;;;;;;;;;;;;;
74,78633489;42,2431841;6,798087634;;;;;;;;;;;;;;;;;;;;;;;;
75,07864044;42,25521838;6,747055765;;;;;;;;;;;;;;;;;;;;;;;;
75,36754447;42,26720581;6,694605692;;;;;;;;;;;;;;;;;;;;;;;;
75,65308022;42,27914729;6,642014729;;;;;;;;;;;;;;;;;;;;;;;;
75,93530946;42,2910437;6,589972701;;;;;;;;;;;;;;;;;;;;;;;;
76,21429225;42,30289589;6,538470585;;;;;;;;;;;;;;;;;;;;;;;;
76,49008696;42,3147047;6,487499594;;;;;;;;;;;;;;;;;;;;;;;;
76,76275035;42,32647093;6,437051174;;;;;;;;;;;;;;;;;;;;;;;;
77,0323376;42,33819537;6,387116989;;;;;;;;;;;;;;;;;;;;;;;;
77,29890243;42,34987877;6,33768892;;;;;;;;;;;;;;;;;;;;;;;;
77,56249711;42,36152189;6,288759049;;;;;;;;;;;;;;;;;;;;;;;;
77,82317252;42,37312544;6,24031966;;;;;;;;;;;;;;;;;;;;;;;;
78,08097821;42,38469011;6,192363225;;;;;;;;;;;;;;;;;;;;;;;;
78,33596245;42,39621661;6,1448824;;;;;;;;;;;;;;;;;;;;;;;;
78,58817227;42,40770559;6,09787002;;;;;;;;;;;;;;;;;;;;;;;;
78,8376535;42,41915769;6,051319089;;;;;;;;;;;;;;;;;;;;;;;;
79,08445082;42,43057356;6,005222778;;;;;;;;;;;;;;;;;;;;;;;;
79,32860781;42,44195379;5,959574418;;;;;;;;;;;;;;;;;;;;;;;;
79,57016695;42,45329901;5,914367493;;;;;;;;;;;;;;;;;;;;;;;;
79,80916972;42,46460978;5,869595636;;;;;;;;;;;;;;;;;;;;;;;;
80,04565656;42,47588668;5,825252627;;;;;;;;;;;;;;;;;;;;;;;;
80,27966697;42,48713026;5,781332381;;;;;;;;;;;;;;;;;;;;;;;;
80,5112395;42,49834107;5,737828953;;;;;;;;;;;;;;;;;;;;;;;;
80,74041181;42,50951964;5,694736525;;;;;;;;;;;;;;;;;;;;;;;;
80,96722066;42,52066647;5,652049407;;;;;;;;;;;;;;;;;;;;;;;;
81,19170198;42,53178208;5,609762031;;;;;;;;;;;;;;;;;;;;;;;;
81,41388017;42,54286696;5,567600467;;;;;;;;;;;;;;;;;;;;;;;;
81,6337739;42,55392158;5,525432553;;;;;;;;;;;;;;;;;;;;;;;;
81,85141738;42,56494643;5,483660158;;;;;;;;;;;;;;;;;;;;;;;;
82,06684408;42,57594196;5,442277952;;;;;;;;;;;;;;;;;;;;;;;;
82,28008671;42,58690863;5,401280714;;;;;;;;;;;;;;;;;;;;;;;;
82,49117727;42,59784688;5,360663333;;;;;;;;;;;;;;;;;;;;;;;;
82,70035753;42,60875714;5,325779595;;;;;;;;;;;;;;;;;;;;;;;;
82,90781737;42,6196398;5,29537141;;;;;;;;;;;;;;;;;;;;;;;;
83,11359229;42,63049523;5,265539866;;;;;;;;;;;;;;;;;;;;;;;;
83,31770297;42,64132378;5,235917314;;;;;;;;;;;;;;;;;;;;;;;;
83,52016973;42,65212581;5,206501585;;;;;;;;;;;;;;;;;;;;;;;;
83,72101249;42,66290165;5,177290545;;;;;;;;;;;;;;;;;;;;;;;;
83,92025081;42,67365164;5,148282095;;;;;;;;;;;;;;;;;;;;;;;;
84,11790389;42,68437611;5,119474173;;;;;;;;;;;;;;;;;;;;;;;;
84,31399059;42,69507538;5,090864749;;;;;;;;;;;;;;;;;;;;;;;;
84,5085294;42,70574976;5,062451826;;;;;;;;;;;;;;;;;;;;;;;;
84,70153852;42,71639957;5,034233439;;;;;;;;;;;;;;;;;;;;;;;;
84,89303578;42,72702512;5,006207656;;;;;;;;;;;;;;;;;;;;;;;;
85,08303873;42,73762669;4,978372572;;;;;;;;;;;;;;;;;;;;;;;;
85,27156459;42,7482046;4,950726316;;;;;;;;;;;;;;;;;;;;;;;;
85,45863029;42,75875911;4,923267043;;;;;;;;;;;;;;;;;;;;;;;;
85,64425247;42,76929052;4,89599294;;;;;;;;;;;;;;;;;;;;;;;;
85,82844747;42,77979911;4,868902218;;;;;;;;;;;;;;;;;;;;;;;;
86,01123137;42,79028514;4,841993117;;;;;;;;;;;;;;;;;;;;;;;;
86,19261995;42,80074889;4,815263904;;;;;;;;;;;;;;;;;;;;;;;;
86,37262874;42,81119062;4,788712872;;;;;;;;;;;;;;;;;;;;;;;;
86,55127302;42,82161059;4,762338339;;;;;;;;;;;;;;;;;;;;;;;;
86,72856781;42,83200905;4,736138648;;;;;;;;;;;;;;;;;;;;;;;;
86,90452786;42,84238625;4,710112165;;;;;;;;;;;;;;;;;;;;;;;;
87,07916771;42,85274245;4,684257283;;;;;;;;;;;;;;;;;;;;;;;;
87,25250164;42,86307787;4,658572415;;;;;;;;;;;;;;;;;;;;;;;;
87,42454372;42,87339276;4,633055999;;;;;;;;;;;;;;;;;;;;;;;;
87,59530776;42,88368735;4,607706493;;;;;;;;;;;;;;;;;;;;;;;;
87,7648074;42,89396187;4,58252238;;;;;;;;;;;;;;;;;;;;;;;;
87,93305601;42,90421655;4,557502162;;;;;;;;;;;;;;;;;;;;;;;;
88,10006678;42,91445161;4,532644363;;;;;;;;;;;;;;;;;;;;;;;;
88,2658527;42,92466727;4,507947526;;;;;;;;;;;;;;;;;;;;;;;;
88,43042652;42,93486374;4,483410216;;;;;;;;;;;;;;;;;;;;;;;;
88,59380084;42,94504123;4,459031016;;;;;;;;;;;;;;;;;;;;;;;;
88,75598803;42,95519995;4,434808531;;;;;;;;;;;;;;;;;;;;;;;;
88,91700029;42,96534011;4,41074138;;;;;;;;;;;;;;;;;;;;;;;;
89,07684962;42,97546191;4,386828206;;;;;;;;;;;;;;;;;;;;;;;;
89,23554786;42,98556555;4,363067667;;;;;;;;;;;;;;;;;;;;;;;;
89,39310666;42,99565122;4,339458438;;;;;;;;;;;;;;;;;;;;;;;;
89,54953748;43,00571911;4,315999215;;;;;;;;;;;;;;;;;;;;;;;;
89,70485164;43,01576941;4,292688707;;;;;;;;;;;;;;;;;;;;;;;;
89,85906028;43,02580231;4,269525642;;;;;;;;;;;;;;;;;;;;;;;;
90,01217438;43,035818;4,246508764;;;;;;;;;;;;;;;;;;;;;;;;
90,16420474;43,04581664;4,223636835;;;;;;;;;;;;;;;;;;;;;;;;
90,31512808;43,05579843;4,199963908;;;;;;;;;;;;;;;;;;;;;;;;
90,46495548;43,06576354;4,176444758;;;;;;;;;;;;;;;;;;;;;;;;
90,61369789;43,07571214;4,153078753;;;;;;;;;;;;;;;;;;;;;;;;
90,76136608;43,08564442;4,129864568;;;;;;;;;;;;;;;;;;;;;;;;
90,90797069;43,09556053;4,1068009;;;;;;;;;;;;;;;;;;;;;;;;
91,0535222;43,10546065;4,083886457;;;;;;;;;;;;;;;;;;;;;;;;
91,19803093;43,11534495;4,061119968;;;;;;;;;;;;;;;;;;;;;;;;
91,34150706;43,12521358;4,038500175;;;;;;;;;;;;;;;;;;;;;;;;
91,48396063;43,13506672;4,016025837;;;;;;;;;;;;;;;;;;;;;;;;
91,62540153;43,14490451;3,993695728;;;;;;;;;;;;;;;;;;;;;;;;
91,76583953;43,15472711;3,971508637;;;;;;;;;;;;;;;;;;;;;;;;
91,90528425;43,16453468;3,949463369;;;;;;;;;;;;;;;;;;;;;;;;
92,04374517;43,17432737;3,927558742;;;;;;;;;;;;;;;;;;;;;;;;
92,18123166;43,18410533;3,905793589;;;;;;;;;;;;;;;;;;;;;;;;
92,31775294;43,19386871;3,884166757;;;;;;;;;;;;;;;;;;;;;;;;
92,45331813;43,20361764;3,862677107;;;;;;;;;;;;;;;;;;;;;;;;
92,58793621;43,21335229;3,841323515;;;;;;;;;;;;;;;;;;;;;;;;
92,72161604;43,22307277;3,820104867;;;;;;;;;;;;;;;;;;;;;;;;
92,85436637;43,23277925;3,799020066;;;;;;;;;;;;;;;;;;;;;;;;
92,98619583;43,24247185;3,778068024;;;;;;;;;;;;;;;;;;;;;;;;
93,11711292;43,2521507;3,757247669;;;;;;;;;;;;;;;;;;;;;;;;
93,24712605;43,26181595;3,73655794;;;;;;;;;;;;;;;;;;;;;;;;
93,37624352;43,27146772;3,715997788;;;;;;;;;;;;;;;;;;;;;;;;
93,50447351;43,28110615;3,695566177;;;;;;;;;;;;;;;;;;;;;;;;
93,63182409;43,29073136;3,675262082;;;;;;;;;;;;;;;;;;;;;;;;
93,75830324;43,30034347;3,65508449;;;;;;;;;;;;;;;;;;;;;;;;
93,88391884;43,30994262;3,6350324;;;;;;;;;;;;;;;;;;;;;;;;
94,00867865;43,31952893;3,615104821;;;;;;;;;;;;;;;;;;;;;;;;
94,13259034;43,32910251;3,595300774;;;;;;;;;;;;;;;;;;;;;;;;
94,25566149;43,3386635;3,575619291;;;;;;;;;;;;;;;;;;;;;;;;
94,37789959;43,34821199;3,556059415;;;;;;;;;;;;;;;;;;;;;;;;
94,49931201;43,35774812;3,536620198;;;;;;;;;;;;;;;;;;;;;;;;
94,61990605;43,367272;3,517300704;;;;;;;;;;;;;;;;;;;;;;;;
94,73968893;43,37678374;3,498100007;;;;;;;;;;;;;;;;;;;;;;;;
94,85866774;43,38628346;3,479017191;;;;;;;;;;;;;;;;;;;;;;;;
94,97684952;43,39577126;3,460051349;;;;;;;;;;;;;;;;;;;;;;;;
95,09424121;43,40524725;3,441201584;;;;;;;;;;;;;;;;;;;;;;;;
95,21084967;43,41471155;3,422467011;;;;;;;;;;;;;;;;;;;;;;;;
95,32668168;43,42416425;3,403846751;;;;;;;;;;;;;;;;;;;;;;;;
95,44174392;43,43360547;3,385339936;;;;;;;;;;;;;;;;;;;;;;;;
95,556043;43,4430353;3,366945708;;;;;;;;;;;;;;;;;;;;;;;;
95,66958547;43,45245386;3,348663216;;;;;;;;;;;;;;;;;;;;;;;;
95,26426399;43,4620044;-29,92004876;;;;;;;;;;;;;;;;;;;;;;;;
94,23555505;43,47166026;-29,57267163;;;;;;;;;;;;;;;;;;;;;;;;
93,20757578;43,48142375;-29,22930799;;;;;;;;;;;;;;;;;;;;;;;;
92,18020819;43,49129722;-28,88991104;;;;;;;;;;;;;;;;;;;;;;;;
91,15333061;43,50128315;-28,55443453;;;;;;;;;;;;;;;;;;;;;;;;
90,12681741;43,5113841;-28,2228327;;;;;;;;;;;;;;;;;;;;;;;;
89,10053879;43,52160274;-27,89506033;;;;;;;;;;;;;;;;;;;;;;;;
88,07436051;43,53194184;-27,57107268;;;;;;;;;;;;;;;;;;;;;;;;
87,04814362;43,54240432;-27,25082553;;;;;;;;;;;;;;;;;;;;;;;;
86,02174413;43,5529928;-26,85608005;;;;;;;;;;;;;;;;;;;;;;;;
84,99802982;43,56371036;-26,53349737;;;;;;;;;;;;;;;;;;;;;;;;
83,97428148;43,57456021;-26,21174832;;;;;;;;;;;;;;;;;;;;;;;;
82,95046485;43,58554566;-25,88961154;;;;;;;;;;;;;;;;;;;;;;;;
81,92659289;43,59667012;-25,56515489;;;;;;;;;;;;;;;;;;;;;;;;
80,90275756;43,60793714;-25,23514485;;;;;;;;;;;;;;;;;;;;;;;;
79,87918845;43,61935054;-24,9342686;;;;;;;;;;;;;;;;;;;;;;;;
78,85468329;43,63091428;-24,6267475;;;;;;;;;;;;;;;;;;;;;;;;
77,82948491;43,64263248;-24,31908489;;;;;;;;;;;;;;;;;;;;;;;;
76,80357122;43,65450944;-24,0101152;;;;;;;;;;;;;;;;;;;;;;;;
75,77696942;43,66654961;-23,69817021;;;;;;;;;;;;;;;;;;;;;;;;
74,74978152;43,6787576;-23,38077884;;;;;;;;;;;;;;;;;;;;;;;;
73,7222254;43,69113811;-23,04959425;;;;;;;;;;;;;;;;;;;;;;;;
72,69490882;43,7036963;-22,75007435;;;;;;;;;;;;;;;;;;;;;;;;
71,66638986;43,71643754;-22,4480039;;;;;;;;;;;;;;;;;;;;;;;;
70,63673392;43,72936744;-22,14166638;;;;;;;;;;;;;;;;;;;;;;;;
69,60609137;43,74249181;-21,82865507;;;;;;;;;;;;;;;;;;;;;;;;
68,57473718;43,75581663;-21,50549513;;;;;;;;;;;;;;;;;;;;;;;;
67,54313261;43,76934849;-21,21356502;;;;;;;;;;;;;;;;;;;;;;;;
66,5097205;43,78309419;-20,91034412;;;;;;;;;;;;;;;;;;;;;;;;
65,47498153;43,79706083;-20,59902193;;;;;;;;;;;;;;;;;;;;;;;;
64,4392647;43,81125572;-20,27600766;;;;;;;;;;;;;;;;;;;;;;;;
63,40312869;43,82568632;-19,93609229;;;;;;;;;;;;;;;;;;;;;;;;
62,36744511;43,84036018;-19,5714524;;;;;;;;;;;;;;;;;;;;;;;;
61,33356578;43,85528727;-19,36295298;;;;;;;;;;;;;;;;;;;;;;;;
60,29304835;43,87047672;-19,04423556;;;;;;;;;;;;;;;;;;;;;;;;
59,25167143;43,88593789;-18,70857029;;;;;;;;;;;;;;;;;;;;;;;;
58,21034855;43,90168028;-18,34899367;;;;;;;;;;;;;;;;;;;;;;;;
57,17046298;43,91771331;-17,95503409;;;;;;;;;;;;;;;;;;;;;;;;
56,13411802;43,93404711;-17,57823338;;;;;;;;;;;;;;;;;;;;;;;;
55,10048878;43,95069184;-17,17817457;;;;;;;;;;;;;;;;;;;;;;;;
54,07115464;43,96765711;-16,72714502;;;;;;;;;;;;;;;;;;;;;;;;
53,04954455;43,98495118;-16,19986617;;;;;;;;;;;;;;;;;;;;;;;;
52,04096278;44,00257485;-15,34044764;;;;;;;;;;;;;;;;;;;;;;;;
51,06768486;44,02053408;-14,75830245;;;;;;;;;;;;;;;;;;;;;;;;
50,11351308;44,03883103;-14,04287318;;;;;;;;;;;;;;;;;;;;;;;;
49,18852272;44,05746099;-13,10974806;;;;;;;;;;;;;;;;;;;;;;;;
48,30927998;44,07642127;-12,33031035;;;;;;;;;;;;;;;;;;;;;;;;
47,46764982;44,09569742;-11,20881865;;;;;;;;;;;;;;;;;;;;;;;;
46,68982353;44,11525471;-9,532802077;;;;;;;;;;;;;;;;;;;;;;;;
46,01865487;44,13500443;-6,30650834;;;;;;;;;;;;;;;;;;;;;;;;
45,57026851;44,15500608;-7,971479196;;;;;;;;;;;;;;;;;;;;;;;;
44,99627449;44,17525476;-7,5301995;;;;;;;;;;;;;;;;;;;;;;;;
44,44735894;44,19574079;-6,983085424;;;;;;;;;;;;;;;;;;;;;;;;
43,9323582;44,21644687;-6,262968024;;;;;;;;;;;;;;;;;;;;;;;;
43,46550486;44,23734113;-5,204409153;;;;;;;;;;;;;;;;;;;;;;;;
43,07403267;44,25834245;-2,904448022;;;;;;;;;;;;;;;;;;;;;;;;
42,85444257;44,27937698;-0,893309893;;;;;;;;;;;;;;;;;;;;;;;;
42,78679731;44,3004115;0;;;;;;;;;;;;;;;;;;;;;;;;
42,71915205;44,32144603;-0,893309893;;;;;;;;;;;;;;;;;;;;;;;;
42,84574891;44,34251386;1,669169984;;;;;;;;;;;;;;;;;;;;;;;;
43,00511781;44,36351945;2,107493803;;;;;;;;;;;;;;;;;;;;;;;;
43,18458438;44,38444719;2,382092912;;;;;;;;;;;;;;;;;;;;;;;;
43,37760117;44,40528796;2,572638737;;;;;;;;;;;;;;;;;;;;;;;;
43,58019243;44,426036;2,712321879;;;;;;;;;;;;;;;;;;;;;;;;
43,78973453;44,44668758;2,81848312;;;;;;;;;;;;;;;;;;;;;;;;
44,00440625;44,46724034;2,901363383;;;;;;;;;;;;;;;;;;;;;;;;
44,22289996;44,48769284;2,967495695;;;;;;;;;;;;;;;;;;;;;;;;
44,44425418;44,50804429;3,021273313;;;;;;;;;;;;;;;;;;;;;;;;
44,6677494;44,52829437;3,06576495;;;;;;;;;;;;;;;;;;;;;;;;
44,89283999;44,54844314;3,10317591;;;;;;;;;;;;;;;;;;;;;;;;
45,11910788;44,56849088;3,135126098;;;;;;;;;;;;;;;;;;;;;;;;
45,34623021;44,58843808;3,162826151;;;;;;;;;;;;;;;;;;;;;;;;
45,57395602;44,60828538;3,187193518;;;;;;;;;;;;;;;;;;;;;;;;
45,80208934;44,6280335;3,208931445;;;;;;;;;;;;;;;;;;;;;;;;
46,03047658;44,64768326;3,228584155;;;;;;;;;;;;;;;;;;;;;;;;
46,25899707;44,66723552;3,246576218;;;;;;;;;;;;;;;;;;;;;;;;
46,48755588;44,68669119;3,263241177;;;;;;;;;;;;;;;;;;;;;;;;
46,71607833;44,70605121;3,278842661;;;;;;;;;;;;;;;;;;;;;;;;
46,94450572;44,72531653;3,293590163;;;;;;;;;;;;;;;;;;;;;;;;
47,17279206;44,7444881;3,307650962;;;;;;;;;;;;;;;;;;;;;;;;
47,40090143;44,7635669;3,321159221;;;;;;;;;;;;;;;;;;;;;;;;
47,62880601;44,78255388;3,33422297;;;;;;;;;;;;;;;;;;;;;;;;
47,85648443;44,80145;3,346929526;;;;;;;;;;;;;;;;;;;;;;;;
48,18405386;44,82025623;4,838370785;;;;;;;;;;;;;;;;;;;;;;;;
48,57261983;44,83893461;5,77860592;;;;;;;;;;;;;;;;;;;;;;;;
49,00482594;44,85746357;6,47943929;;;;;;;;;;;;;;;;;;;;;;;;
49,46998972;44,87582911;7,035577195;;;;;;;;;;;;;;;;;;;;;;;;
49,96084218;44,89402196;7,494588319;;;;;;;;;;;;;;;;;;;;;;;;
50,47213475;44,91203606;7,884138049;;;;;;;;;;;;;;;;;;;;;;;;
51,01397401;44,92986768;8,44067413;;;;;;;;;;;;;;;;;;;;;;;;
51,60057057;44,94750991;9,235994392;;;;;;;;;;;;;;;;;;;;;;;;
52,2202574;44,96495158;9,869195636;;;;;;;;;;;;;;;;;;;;;;;;
52,85204894;44,98218627;10,18281386;;;;;;;;;;;;;;;;;;;;;;;;
53,50378643;44,99921494;10,6313771;;;;;;;;;;;;;;;;;;;;;;;;
54,17113492;45,01603618;11,02026882;;;;;;;;;;;;;;;;;;;;;;;;
54,84420987;45,03265019;11,2534673;;;;;;;;;;;;;;;;;;;;;;;;
55,4982748;45,04906031;11,07150438;;;;;;;;;;;;;;;;;;;;;;;;
56,13407475;45,06527703;10,89067914;;;;;;;;;;;;;;;;;;;;;;;;
56,75250923;45,08131007;10,71458244;;;;;;;;;;;;;;;;;;;;;;;;
57,35440849;45,0971684;10,54299175;;;;;;;;;;;;;;;;;;;;;;;;
57,94054081;45,11286031;10,37570136;;;;;;;;;;;;;;;;;;;;;;;;
58,51161878;45,12839347;10,21252057;;;;;;;;;;;;;;;;;;;;;;;;
59,06830483;45,14377503;10,05327222;;;;;;;;;;;;;;;;;;;;;;;;
59,61117143;45,15901163;9,896978391;;;;;;;;;;;;;;;;;;;;;;;;
60,14067311;45,17410947;9,742041824;;;;;;;;;;;;;;;;;;;;;;;;
60,65735937;45,18907439;9,590697363;;;;;;;;;;;;;;;;;;;;;;;;
61,16174476;45,20391183;9,442804233;;;;;;;;;;;;;;;;;;;;;;;;
61,65431192;45,21862691;9,2982304;;;;;;;;;;;;;;;;;;;;;;;;
62,13551427;45,23322443;9,156851817;;;;;;;;;;;;;;;;;;;;;;;;
62,60577846;45,2477089;9,018551753;;;;;;;;;;;;;;;;;;;;;;;;
63,06896345;45,26208457;8,950017573;;;;;;;;;;;;;;;;;;;;;;;;
63,52423762;45,27635466;8,862243682;;;;;;;;;;;;;;;;;;;;;;;;
63,97184014;45,29052248;8,775805191;;;;;;;;;;;;;;;;;;;;;;;;
64,41199872;45,30459117;8,690665023;;;;;;;;;;;;;;;;;;;;;;;;
64,84493037;45,31856372;8,606787811;;;;;;;;;;;;;;;;;;;;;;;;
65,27084204;45,33244299;8,524139791;;;;;;;;;;;;;;;;;;;;;;;;
65,68993134;45,34623169;8,442688696;;;;;;;;;;;;;;;;;;;;;;;;
66,10238706;45,35993242;8,362403665;;;;;;;;;;;;;;;;;;;;;;;;
66,50838975;45,37354766;8,283255154;;;;;;;;;;;;;;;;;;;;;;;;
66,90811219;45,38707979;8,205214858;;;;;;;;;;;;;;;;;;;;;;;;
67,30171989;45,40053107;8,128255636;;;;;;;;;;;;;;;;;;;;;;;;
67,68937148;45,41390369;8,052351443;;;;;;;;;;;;;;;;;;;;;;;;
68,07121911;45,42719972;7,977477272;;;;;;;;;;;;;;;;;;;;;;;;
68,44740884;45,44042116;7,903609087;;;;;;;;;;;;;;;;;;;;;;;;
68,81808095;45,45356994;7,830723778;;;;;;;;;;;;;;;;;;;;;;;;
69,18360816;45,4666479;7,763852339;;;;;;;;;;;;;;;;;;;;;;;;
69,54432528;45,47965676;7,702380157;;;;;;;;;;;;;;;;;;;;;;;;
69,90034039;45,49259815;7,641614346;;;;;;;;;;;;;;;;;;;;;;;;
70,25175773;45,50547363;7,581540729;;;;;;;;;;;;;;;;;;;;;;;;
70,5986779;45,51828469;7,522145605;;;;;;;;;;;;;;;;;;;;;;;;
70,94119801;45,53103281;7,463415726;;;;;;;;;;;;;;;;;;;;;;;;
71,27941187;45,54371937;7,405338277;;;;;;;;;;;;;;;;;;;;;;;;
71,61341012;45,55634574;7,347900857;;;;;;;;;;;;;;;;;;;;;;;;
71,94328041;45,56891322;7,291091455;;;;;;;;;;;;;;;;;;;;;;;;
72,26910751;45,58142307;7,234898438;;;;;;;;;;;;;;;;;;;;;;;;
72,59097348;45,59387652;7,17931053;;;;;;;;;;;;;;;;;;;;;;;;
72,90895773;45,60627476;7,124316798;;;;;;;;;;;;;;;;;;;;;;;;
73,2231372;45,61861892;7,069906635;;;;;;;;;;;;;;;;;;;;;;;;
73,53358642;45,63091012;7,01606975;;;;;;;;;;;;;;;;;;;;;;;;
73,84037765;45,64314942;6,962796151;;;;;;;;;;;;;;;;;;;;;;;;
74,14358096;45,65533788;6,910076132;;;;;;;;;;;;;;;;;;;;;;;;
74,44326431;45,66747649;6,857900264;;;;;;;;;;;;;;;;;;;;;;;;
74,73949367;45,67956623;6,806259383;;;;;;;;;;;;;;;;;;;;;;;;
75,03233307;45,69160806;6,755144577;;;;;;;;;;;;;;;;;;;;;;;;
75,32177915;45,70360289;6,703029227;;;;;;;;;;;;;;;;;;;;;;;;
75,60784693;45,71555162;6,650350026;;;;;;;;;;;;;;;;;;;;;;;;
75,89059849;45,72745515;6,598221221;;;;;;;;;;;;;;;;;;;;;;;;
76,17009416;45,73931432;6,546633747;;;;;;;;;;;;;;;;;;;;;;;;
76,44639256;45,75112999;6,495578781;;;;;;;;;;;;;;;;;;;;;;;;
76,7195507;45,76290294;6,445047733;;;;;;;;;;;;;;;;;;;;;;;;
76,98962403;45,77463398;6,395032233;;;;;;;;;;;;;;;;;;;;;;;;
77,25666648;45,78632387;6,345524127;;;;;;;;;;;;;;;;;;;;;;;;
77,52073056;45,79797335;6,296515467;;;;;;;;;;;;;;;;;;;;;;;;
77,78186735;45,80958314;6,247998504;;;;;;;;;;;;;;;;;;;;;;;;
78,04012663;45,82115396;6,199965681;;;;;;;;;;;;;;;;;;;;;;;;
78,29555686;45,83268649;6,152409625;;;;;;;;;;;;;;;;;;;;;;;;
78,54820525;45,8441814;6,105323142;;;;;;;;;;;;;;;;;;;;;;;;
78,79811784;45,85563933;6,058699212;;;;;;;;;;;;;;;;;;;;;;;;
79,04533949;45,86706092;6,012530978;;;;;;;;;;;;;;;;;;;;;;;;
79,28991393;45,87844679;5,966811746;;;;;;;;;;;;;;;;;;;;;;;;
79,53188384;45,88979754;5,921534975;;;;;;;;;;;;;;;;;;;;;;;;
79,77129084;45,90111376;5,876694278;;;;;;;;;;;;;;;;;;;;;;;;
80,00817554;45,91239601;5,832283408;;;;;;;;;;;;;;;;;;;;;;;;
80,24257758;45,92364487;5,788296262;;;;;;;;;;;;;;;;;;;;;;;;
80,47453568;45,93486086;5,74472687;;;;;;;;;;;;;;;;;;;;;;;;
80,7040876;45,94604452;5,701569397;;;;;;;;;;;;;;;;;;;;;;;;
80,93127028;45,95719637;5,65881813;;;;;;;;;;;;;;;;;;;;;;;;
81,15611977;45,96831692;5,616467485;;;;;;;;;;;;;;;;;;;;;;;;
81,37866484;45,97940665;5,574350139;;;;;;;;;;;;;;;;;;;;;;;;
81,59891993;45,99046606;5,532118763;;;;;;;;;;;;;;;;;;;;;;;;
81,81691937;46,00149562;5,490283764;;;;;;;;;;;;;;;;;;;;;;;;
82,03269676;46,01249579;5,448839794;;;;;;;;;;;;;;;;;;;;;;;;
82,24628491;46,02346703;5,407781617;;;;;;;;;;;;;;;;;;;;;;;;
82,45771595;46,03440977;5,367104103;;;;;;;;;;;;;;;;;;;;;;;;
82,6671936;46,04532445;5,331187841;;;;;;;;;;;;;;;;;;;;;;;;
82,87492346;46,05621148;5,300137069;;;;;;;;;;;;;;;;;;;;;;;;
83,08096505;46,06707122;5,270272072;;;;;;;;;;;;;;;;;;;;;;;;
83,28533915;46,07790403;5,240616415;;;;;;;;;;;;;;;;;;;;;;;;
83,48806611;46,08871025;5,211167924;;;;;;;;;;;;;;;;;;;;;;;;
83,68916594;46,09949023;5,181924458;;;;;;;;;;;;;;;;;;;;;;;;
83,88865823;46,11024431;5,152883915;;;;;;;;;;;;;;;;;;;;;;;;
84,08656226;46,12097282;5,124044226;;;;;;;;;;;;;;;;;;;;;;;;
84,28289692;46,13167608;5,095403355;;;;;;;;;;;;;;;;;;;;;;;;
84,47768078;46,1423544;5,066959301;;;;;;;;;;;;;;;;;;;;;;;;
84,67093207;46,1530081;5,038710093;;;;;;;;;;;;;;;;;;;;;;;;
84,86266869;46,16363749;5,010653794;;;;;;;;;;;;;;;;;;;;;;;;
85,05290823;46,17424286;4,982788495;;;;;;;;;;;;;;;;;;;;;;;;
85,24166796;46,18482451;4,955112321;;;;;;;;;;;;;;;;;;;;;;;;
85,42896485;46,19538272;4,927623421;;;;;;;;;;;;;;;;;;;;;;;;
85,6148156;46,20591779;4,900319977;;;;;;;;;;;;;;;;;;;;;;;;
85,79923658;46,21642999;4,873200197;;;;;;;;;;;;;;;;;;;;;;;;
85,98224392;46,22691959;4,846262317;;;;;;;;;;;;;;;;;;;;;;;;
86,16385345;46,23738687;4,819504598;;;;;;;;;;;;;;;;;;;;;;;;
86,34408075;46,24783209;4,792925331;;;;;;;;;;;;;;;;;;;;;;;;
86,52294111;46,2582555;4,766522828;;;;;;;;;;;;;;;;;;;;;;;;
86,70044961;46,26865736;4,740295429;;;;;;;;;;;;;;;;;;;;;;;;
86,87662104;46,27903793;4,714241497;;;;;;;;;;;;;;;;;;;;;;;;
87,05146998;46,28939745;4,688359419;;;;;;;;;;;;;;;;;;;;;;;;
87,22501074;46,29973616;4,662647607;;;;;;;;;;;;;;;;;;;;;;;;
87,39725742;46,3100543;4,637104493;;;;;;;;;;;;;;;;;;;;;;;;
87,56822388;46,32035211;4,611728534;;;;;;;;;;;;;;;;;;;;;;;;
87,73792379;46,33062981;4,586518208;;;;;;;;;;;;;;;;;;;;;;;;
87,90637055;46,34088763;4,561472013;;;;;;;;;;;;;;;;;;;;;;;;
88,07357739;46,3511258;4,53658847;;;;;;;;;;;;;;;;;;;;;;;;
88,23955732;46,36134453;4,511866121;;;;;;;;;;;;;;;;;;;;;;;;
88,40432315;46,37154404;4,487303525;;;;;;;;;;;;;;;;;;;;;;;;
88,56788747;46,38172453;4,462899264;;;;;;;;;;;;;;;;;;;;;;;;
88,73026272;46,39188623;4,438651937;;;;;;;;;;;;;;;;;;;;;;;;
88,8914611;46,40202933;4,414560164;;;;;;;;;;;;;;;;;;;;;;;;
89,05149466;46,41215404;4,390622583;;;;;;;;;;;;;;;;;;;;;;;;
89,21037526;46,42226055;4,366837848;;;;;;;;;;;;;;;;;;;;;;;;
89,36811457;46,43234906;4,343204633;;;;;;;;;;;;;;;;;;;;;;;;
89,5247241;46,44241977;4,31972163;;;;;;;;;;;;;;;;;;;;;;;;
89,68021517;46,45247286;4,296387547;;;;;;;;;;;;;;;;;;;;;;;;
89,83459896;46,46250852;4,273201108;;;;;;;;;;;;;;;;;;;;;;;;
89,98788647;46,47252693;4,250161056;;;;;;;;;;;;;;;;;;;;;;;;
90,14008854;46,48252827;4,227266147;;;;;;;;;;;;;;;;;;;;;;;;
90,29118728;46,49251273;4,203720405;;;;;;;;;;;;;;;;;;;;;;;;
90,44118833;46,50248048;4,180176764;;;;;;;;;;;;;;;;;;;;;;;;
90,59010265;46,5124317;4,15678648;;;;;;;;;;;;;;;;;;;;;;;;
90,73794106;46,52236656;4,133548226;;;;;;;;;;;;;;;;;;;;;;;;
90,8847142;46,53228523;4,110460695;;;;;;;;;;;;;;;;;;;;;;;;
91,03043258;46,54218789;4,087522593;;;;;;;;;;;;;;;;;;;;;;;;
91,17510654;46,55207469;4,064732647;;;;;;;;;;;;;;;;;;;;;;;;
91,3187463;46,56194581;4,042089596;;;;;;;;;;;;;;;;;;;;;;;;
91,46136191;46,5718014;4,019592196;;;;;;;;;;;;;;;;;;;;;;;;
91,60296329;46,58164162;3,997239219;;;;;;;;;;;;;;;;;;;;;;;;
91,74356022;46,59146663;3,975029452;;;;;;;;;;;;;;;;;;;;;;;;
91,88316235;46,60127658;3,952961697;;;;;;;;;;;;;;;;;;;;;;;;
92,02177917;46,61107163;3,931034769;;;;;;;;;;;;;;;;;;;;;;;;
92,15942009;46,62085192;3,909247501;;;;;;;;;;;;;;;;;;;;;;;;
92,29609434;46,63061761;3,887598737;;;;;;;;;;;;;;;;;;;;;;;;
92,43181106;46,64036883;3,866087335;;;;;;;;;;;;;;;;;;;;;;;;
92,56657925;46,65010574;3,844712168;;;;;;;;;;;;;;;;;;;;;;;;
92,70040778;46,65982847;3,823472123;;;;;;;;;;;;;;;;;;;;;;;;
92,83330543;46,66953717;3,802366097;;;;;;;;;;;;;;;;;;;;;;;;
92,96528084;46,67923196;3,781393003;;;;;;;;;;;;;;;;;;;;;;;;
93,09634254;46,688913;3,760551766;;;;;;;;;;;;;;;;;;;;;;;;
93,22649895;46,6985804;3,739841322;;;;;;;;;;;;;;;;;;;;;;;;
93,35575838;46,70823431;3,719260622;;;;;;;;;;;;;;;;;;;;;;;;
93,48412904;46,71787485;3,698808627;;;;;;;;;;;;;;;;;;;;;;;;
93,61161901;46,72750215;3,67848431;;;;;;;;;;;;;;;;;;;;;;;;
93,73823629;46,73711634;3,658286657;;;;;;;;;;;;;;;;;;;;;;;;
93,86398877;46,74671755;3,638214664;;;;;;;;;;;;;;;;;;;;;;;;
93,98888423;46,75630589;3,618267339;;;;;;;;;;;;;;;;;;;;;;;;
94,11293036;46,76588149;3,598443701;;;;;;;;;;;;;;;;;;;;;;;;
94,23613476;46,77544447;3,57874278;;;;;;;;;;;;;;;;;;;;;;;;
94,35850491;46,78499495;3,559163618;;;;;;;;;;;;;;;;;;;;;;;;
94,48004822;46,79453304;3,539705265;;;;;;;;;;;;;;;;;;;;;;;;
94,600772;46,80405886;3,520366784;;;;;;;;;;;;;;;;;;;;;;;;
94,72068346;46,81357252;3,501147246;;;;;;;;;;;;;;;;;;;;;;;;
94,83978974;46,82307414;3,482045734;;;;;;;;;;;;;;;;;;;;;;;;
94,95809788;46,83256383;3,463061339;;;;;;;;;;;;;;;;;;;;;;;;
95,07561483;46,8420417;3,444193164;;;;;;;;;;;;;;;;;;;;;;;;
95,19234746;46,85150785;3,425440321;;;;;;;;;;;;;;;;;;;;;;;;
95,30830256;46,86096239;3,40680193;;;;;;;;;;;;;;;;;;;;;;;;
95,42348684;46,87040543;3,388277122;;;;;;;;;;;;;;;;;;;;;;;;
95,53790691;46,87983707;3,369865037;;;;;;;;;;;;;;;;;;;;;;;;
95,65156934;46,88925741;3,351564822;;;;;;;;;;;;;;;;;;;;;;;;
95,76448057;46,89866656;3,333375636;;;;;;;;;;;;;;;;;;;;;;;;
95,87664702;46,90806462;3,315296646;;;;;;;;;;;;;;;;;;;;;;;;
95,98807498;46,91745168;3,297327026;;;;;;;;;;;;;;;;;;;;;;;;
96,09877071;46,92682784;3,279465959;;;;;;;;;;;;;;;;;;;;;;;;
96,20874036;46,93619321;3,261712638;;;;;;;;;;;;;;;;;;;;;;;;
96,31799005;46,94554787;3,244066264;;;;;;;;;;;;;;;;;;;;;;;;
96,42652579;46,95489192;3,226526043;;;;;;;;;;;;;;;;;;;;;;;;
96,53435354;46,96422545;3,209091194;;;;;;;;;;;;;;;;;;;;;;;;
96,64147919;46,97354855;3,191760941;;;;;;;;;;;;;;;;;;;;;;;;
96,74790856;46,98286133;3,174534514;;;;;;;;;;;;;;;;;;;;;;;;
96,85364741;46,99216385;3,157411156;;;;;;;;;;;;;;;;;;;;;;;;
96,95870142;47,00145622;3,140390112;;;;;;;;;;;;;;;;;;;;;;;;
97,06314515;47,01073853;3,125533587;;;;;;;;;;;;;;;;;;;;;;;;
97,16700111;47,02001084;3,111291788;;;;;;;;;;;;;;;;;;;;;;;;
97,27027355;47,02927324;3,097121669;;;;;;;;;;;;;;;;;;;;;;;;
97,37296674;47,03852581;3,083022789;;;;;;;;;;;;;;;;;;;;;;;;
97,47508484;47,04776862;3,068994711;;;;;;;;;;;;;;;;;;;;;;;;
97,57663202;47,05700175;3,055037;;;;;;;;;;;;;;;;;;;;;;;;
97,67761238;47,06622527;3,041149228;;;;;;;;;;;;;;;;;;;;;;;;
97,77802999;47,07543926;3,027330969;;;;;;;;;;;;;;;;;;;;;;;;
97,87788888;47,08464378;3,013581799;;;;;;;;;;;;;;;;;;;;;;;;
97,05529299;47,09401175;-29,15580448;;;;;;;;;;;;;;;;;;;;;;;;
96,07202227;47,10347715;-29,02021723;;;;;;;;;;;;;;;;;;;;;;;;
95,08314561;47,11304249;-28,84894486;;;;;;;;;;;;;;;;;;;;;;;;
94,08972597;47,12271029;-28,6507396;;;;;;;;;;;;;;;;;;;;;;;;
93,09256365;47,13248383;-28,62653607;;;;;;;;;;;;;;;;;;;;;;;;
92,0853461;47,14236608;-28,47356496;;;;;;;;;;;;;;;;;;;;;;;;
91,0723676;47,15235987;-28,25143423;;;;;;;;;;;;;;;;;;;;;;;;
90,05594782;47,16246799;-27,99362645;;;;;;;;;;;;;;;;;;;;;;;;
89,03728071;47,17269329;-27,71641772;;;;;;;;;;;;;;;;;;;;;;;;
88,01700981;47,18303865;-27,42847877;;;;;;;;;;;;;;;;;;;;;;;;
86,99548238;47,19350705;-27,12934373;;;;;;;;;;;;;;;;;;;;;;;;
85,9730801;47,20410148;-26,81809829;;;;;;;;;;;;;;;;;;;;;;;;
84,95023849;47,21482511;-26,51036145;;;;;;;;;;;;;;;;;;;;;;;;
83,92680418;47,22568122;-26,20609277;;;;;;;;;;;;;;;;;;;;;;;;
82,90261769;47,23667325;-25,90525225;;;;;;;;;;;;;;;;;;;;;;;;
81,87751307;47,2478048;-25,60780032;;;;;;;;;;;;;;;;;;;;;;;;
80,85131738;47,25907962;-25,31369781;;;;;;;;;;;;;;;;;;;;;;;;
79,82385027;47,27050186;-25,05324494;;;;;;;;;;;;;;;;;;;;;;;;
78,79365934;47,28207556;-24,74761004;;;;;;;;;;;;;;;;;;;;;;;;
77,76254263;47,29380489;-24,43686019;;;;;;;;;;;;;;;;;;;;;;;;
76,73068125;47,30569414;-24,11213051;;;;;;;;;;;;;;;;;;;;;;;;
75,69865093;47,31774748;-23,74890997;;;;;;;;;;;;;;;;;;;;;;;;
74,66813818;47,32996826;-23,25570552;;;;;;;;;;;;;;;;;;;;;;;;
73,64500724;47,34236141;-22,95677591;;;;;;;;;;;;;;;;;;;;;;;;
72,62078317;47,35493176;-22,62165685;;;;;;;;;;;;;;;;;;;;;;;;
71,59707985;47,36768419;-22,2689607;;;;;;;;;;;;;;;;;;;;;;;;
70,57473909;47,38062357;-21,88823087;;;;;;;;;;;;;;;;;;;;;;;;
69,55514714;47,39375446;-21,46131724;;;;;;;;;;;;;;;;;;;;;;;;
68,54064445;47,40708101;-20,97461848;;;;;;;;;;;;;;;;;;;;;;;;
67,53437522;47,42060872;-20,62227185;;;;;;;;;;;;;;;;;;;;;;;;
66,53007513;47,43434313;-20,24983163;;;;;;;;;;;;;;;;;;;;;;;;
65,52884499;47,44828964;-19,84913515;;;;;;;;;;;;;;;;;;;;;;;;
64,53227076;47,46245335;-19,40792296;;;;;;;;;;;;;;;;;;;;;;;;
63,54267326;47,47684123;-19,11347849;;;;;;;;;;;;;;;;;;;;;;;;
62,55266476;47,49146015;-18,78466625;;;;;;;;;;;;;;;;;;;;;;;;
61,56406337;47,5063171;-18,44166984;;;;;;;;;;;;;;;;;;;;;;;;
60,5777103;47,5214191;-18,07996056;;;;;;;;;;;;;;;;;;;;;;;;
59,59475343;47,53677169;-17,59979826;;;;;;;;;;;;;;;;;;;;;;;;
58,62202438;47,55238235;-17,24430503;;;;;;;;;;;;;;;;;;;;;;;;
57,65292263;47,56825844;-16,8650234;;;;;;;;;;;;;;;;;;;;;;;;
56,68902035;47,58440702;-16,45412324;;;;;;;;;;;;;;;;;;;;;;;;
55,73246186;47,60083451;-16,00044457;;;;;;;;;;;;;;;;;;;;;;;;
54,7862121;47,61755761;-16,08620123;;;;;;;;;;;;;;;;;;;;;;;;
53,81777193;47,63458638;-15,75851683;;;;;;;;;;;;;;;;;;;;;;;;
52,8517183;47,65193093;-15,40988692;;;;;;;;;;;;;;;;;;;;;;;;
51,88951949;47,66959768;-14,87994592;;;;;;;;;;;;;;;;;;;;;;;;
50,94315036;47,68760101;-14,69498632;;;;;;;;;;;;;;;;;;;;;;;;
49,99073884;47,7059564;-14,50999075;;;;;;;;;;;;;;;;;;;;;;;;
49,03192746;47,72468052;-14,32464176;;;;;;;;;;;;;;;;;;;;;;;;
48,06634883;47,74379701;-14,33600273;;;;;;;;;;;;;;;;;;;;;;;;
47,07975385;47,76332612;-14,14841185;;;;;;;;;;;;;;;;;;;;;;;;
46,08505271;47,78328983;-13,959424;;;;;;;;;;;;;;;;;;;;;;;;
45,08179783;47,80370831;-13,65963211;;;;;;;;;;;;;;;;;;;;;;;;
44,07772588;47,82460632;-13,44399728;;;;;;;;;;;;;;;;;;;;;;;;
43,0662957;47,84601066;-13,22077021;;;;;;;;;;;;;;;;;;;;;;;;
42,04756134;47,86794603;-12,8905982;;;;;;;;;;;;;;;;;;;;;;;;
41,02962521;47,89044143;-12,61318773;;;;;;;;;;;;;;;;;;;;;;;;
40,00816552;47,91352719;-12,31020335;;;;;;;;;;;;;;;;;;;;;;;;
38,98508031;47,93722976;-11,88944384;;;;;;;;;;;;;;;;;;;;;;;;
37,97056288;47,96157488;-11,43476466;;;;;;;;;;;;;;;;;;;;;;;;
36,96839223;47,98658229;-10,87524996;;;;;;;;;;;;;;;;;;;;;;;;
35,98932954;48,01225995;-10,16227767;;;;;;;;;;;;;;;;;;;;;;;;
35,04993318;48,03857203;-8,921944443;;;;;;;;;;;;;;;;;;;;;;;;
34,20481533;48,06538258;-6,588816748;;;;;;;;;;;;;;;;;;;;;;;;
33,56887607;48,09280982;-7,644283073;;;;;;;;;;;;;;;;;;;;;;;;
32,81409439;48,12087953;-7,432477282;;;;;;;;;;;;;;;;;;;;;;;;
32,06303555;48,14961377;-7,16839308;;;;;;;;;;;;;;;;;;;;;;;;
31,32151348;48,17902615;-6,820228149;;;;;;;;;;;;;;;;;;;;;;;;
30,59935649;48,20911196;-6,323777279;;;;;;;;;;;;;;;;;;;;;;;;
29,91443503;48,23982398;-5,516681786;;;;;;;;;;;;;;;;;;;;;;;;
29,30449276;48,27059549;-0,511486291;;;;;;;;;;;;;;;;;;;;;;;;
29,24783161;48,301367;0;;;;;;;;;;;;;;;;;;;;;;;;
29,19117047;48,33213851;-0,511486291;;;;;;;;;;;;;;;;;;;;;;;;
29,42048695;48,36296975;2,066054444;;;;;;;;;;;;;;;;;;;;;;;;
29,82531061;48,39356068;3,675959668;;;;;;;;;;;;;;;;;;;;;;;;
30,29137832;48,42373639;4,290313028;;;;;;;;;;;;;;;;;;;;;;;;
30,78828703;48,45344782;4,64569434;;;;;;;;;;;;;;;;;;;;;;;;
31,30176388;48,48267971;4,87934344;;;;;;;;;;;;;;;;;;;;;;;;
31,823961;48,51143209;5,044966315;;;;;;;;;;;;;;;;;;;;;;;;
32,35021636;48,53971267;5,168990797;;;;;;;;;;;;;;;;;;;;;;;;
32,87763697;48,56753319;5,266102025;;;;;;;;;;;;;;;;;;;;;;;;
33,40438247;48,59490742;5,345107247;;;;;;;;;;;;;;;;;;;;;;;;
33,92926873;48,62184999;5,411574514;;;;;;;;;;;;;;;;;;;;;;;;
34,45153434;48,64837576;5,4691636;;;;;;;;;;;;;;;;;;;;;;;;
34,97069686;48,67449942;5,520353526;;;;;;;;;;;;;;;;;;;;;;;;
35,50599278;48,70023525;5,777676382;;;;;;;;;;;;;;;;;;;;;;;;
36,07275512;48,72558308;6,210944338;;;;;;;;;;;;;;;;;;;;;;;;
36,66029778;48,75053266;6,541445205;;;;;;;;;;;;;;;;;;;;;;;;
37,26170561;48,77508238;6,804873495;;;;;;;;;;;;;;;;;;;;;;;;
37,8722775;48,79923586;7,021898068;;;;;;;;;;;;;;;;;;;;;;;;
38,48871179;48,82299995;7,205484719;;;;;;;;;;;;;;;;;;;;;;;;
39,1086371;48,84638343;7,364236642;;;;;;;;;;;;;;;;;;;;;;;;
39,85185855;48,86939625;8,971104341;;;;;;;;;;;;;;;;;;;;;;;;
40,64642029;48,89197989;9,773074701;;;;;;;;;;;;;;;;;;;;;;;;
41,47299599;48,91412206;10,36955035;;;;;;;;;;;;;;;;;;;;;;;;
42,29026403;48,93582293;10,46128217;;;;;;;;;;;;;;;;;;;;;;;;
43,12324145;48,95710442;10,87247995;;;;;;;;;;;;;;;;;;;;;;;;
43,96606163;48,97797484;11,21763525;;;;;;;;;;;;;;;;;;;;;;;;
44,80320644;48,99844517;11,35986427;;;;;;;;;;;;;;;;;;;;;;;;
45,64428475;49,01853302;11,63055716;;;;;;;;;;;;;;;;;;;;;;;;
46,48702794;49,03825071;11,87234876;;;;;;;;;;;;;;;;;;;;;;;;
47,32349094;49,05761095;12,00144415;;;;;;;;;;;;;;;;;;;;;;;;
48,15908629;49,07662899;12,20471877;;;;;;;;;;;;;;;;;;;;;;;;
49,01082094;49,09531705;12,66011197;;;;;;;;;;;;;;;;;;;;;;;;
49,84508975;49,11368035;12,61981453;;;;;;;;;;;;;;;;;;;;;;;;
50,64888372;49,13173629;12,36579703;;;;;;;;;;;;;;;;;;;;;;;;
51,4267338;49,14950568;12,15964152;;;;;;;;;;;;;;;;;;;;;;;;
52,18026333;49,16700631;11,96035876;;;;;;;;;;;;;;;;;;;;;;;;
52,9108961;49,18425421;11,76685507;;;;;;;;;;;;;;;;;;;;;;;;
53,6199246;49,20126394;11,57880666;;;;;;;;;;;;;;;;;;;;;;;;
54,30852643;49,21804874;11,39591906;;;;;;;;;;;;;;;;;;;;;;;;
54,9777781;49,23462072;11,21792356;;;;;;;;;;;;;;;;;;;;;;;;
55,62807938;49,25099097;11,03460483;;;;;;;;;;;;;;;;;;;;;;;;
56,26030326;49,26716985;10,85475305;;;;;;;;;;;;;;;;;;;;;;;;
56,87533461;49,28316692;10,67958343;;;;;;;;;;;;;;;;;;;;;;;;
57,47399063;49,29899101;10,50887701;;;;;;;;;;;;;;;;;;;;;;;;
58,05702788;49,31465026;10,34243121;;;;;;;;;;;;;;;;;;;;;;;;
58,62514839;49,33015226;10,18005822;;;;;;;;;;;;;;;;;;;;;;;;
59,17900507;49,34550404;10,02158341;;;;;;;;;;;;;;;;;;;;;;;;
59,71912745;49,36071213;9,865402774;;;;;;;;;;;;;;;;;;;;;;;;
60,24599882;49,37578268;9,711203185;;;;;;;;;;;;;;;;;;;;;;;;
60,76016136;49,39072143;9,560566537;;;;;;;;;;;;;;;;;;;;;;;;
61,26212294;49,40553377;9,413353887;;;;;;;;;;;;;;;;;;;;;;;;
61,75236009;49,42022474;9,26943487;;;;;;;;;;;;;;;;;;;;;;;;
62,23132067;49,43479908;9,128686967;;;;;;;;;;;;;;;;;;;;;;;;
62,7004139;49,44926125;9,009966417;;;;;;;;;;;;;;;;;;;;;;;;
63,1619738;49,46361522;8,932097745;;;;;;;;;;;;;;;;;;;;;;;;
63,61567237;49,4778643;8,844597902;;;;;;;;;;;;;;;;;;;;;;;;
64,0617464;49,49201176;8,758425792;;;;;;;;;;;;;;;;;;;;;;;;
64,50042137;49,50606071;8,673544693;;;;;;;;;;;;;;;;;;;;;;;;
64,93191219;49,5200141;8,589919574;;;;;;;;;;;;;;;;;;;;;;;;
65,35642386;49,53387478;8,507516981;;;;;;;;;;;;;;;;;;;;;;;;
65,77415217;49,54764542;8,426304941;;;;;;;;;;;;;;;;;;;;;;;;
66,18528418;49,56132861;8,346252867;;;;;;;;;;;;;;;;;;;;;;;;
66,58999882;49,5749268;8,267331471;;;;;;;;;;;;;;;;;;;;;;;;
66,98846739;49,58844234;8,189512691;;;;;;;;;;;;;;;;;;;;;;;;
67,38085394;49,60187749;8,112769614;;;;;;;;;;;;;;;;;;;;;;;;
67,76731576;49,6152344;8,037076411;;;;;;;;;;;;;;;;;;;;;;;;
68,13966274;49,62851514;7,787949255;;;;;;;;;;;;;;;;;;;;;;;;
68,45843379;49,6417233;6,703997489;;;;;;;;;;;;;;;;;;;;;;;;
68,71344003;49,65486997;5,388064059;;;;;;;;;;;;;;;;;;;;;;;;
68,95413019;49,66796784;5,104521256;;;;;;;;;;;;;;;;;;;;;;;;
68,67676644;49,68114043;-7,445373613;;;;;;;;;;;;;;;;;;;;;;;;
68,32369699;49,69437769;-7,004184799;;;;;;;;;;;;;;;;;;;;;;;;
67,9899187;49,7076756;-6,47820963;;;;;;;;;;;;;;;;;;;;;;;;
67,67979068;49,72102868;-5,816861908;;;;;;;;;;;;;;;;;;;;;;;;
67,40016775;49,73442868;-4,891818402;;;;;;;;;;;;;;;;;;;;;;;;
67,16418646;49,74784738;-1,937745527;;;;;;;;;;;;;;;;;;;;;;;;
67,07057916;49,76126608;0;;;;;;;;;;;;;;;;;;;;;;;;
66,97697191;49,77468478;-1,93774468;;;;;;;;;;;;;;;;;;;;;;;;
67,07453309;49,78812224;2,016775503;;;;;;;;;;;;;;;;;;;;;;;;
67,25983718;49,80154015;3,836168424;;;;;;;;;;;;;;;;;;;;;;;;
67,50221546;49,81492109;5,031581337;;;;;;;;;;;;;;;;;;;;;;;;
67,7873833;49,82825398;5,941191665;;;;;;;;;;;;;;;;;;;;;;;;
68,10662377;49,84153079;6,679159242;;;;;;;;;;;;;;;;;;;;;;;;
68,42080076;49,85474536;6,604177179;;;;;;;;;;;;;;;;;;;;;;;;
68,7412644;49,86789926;6,767400818;;;;;;;;;;;;;;;;;;;;;;;;
69,06748266;49,88099183;6,921190057;;;;;;;;;;;;;;;;;;;;;;;;
69,398985;49,89402257;7,066676662;;;;;;;;;;;;;;;;;;;;;;;;
69,73535324;49,90699106;7,204819095;;;;;;;;;;;;;;;;;;;;;;;;
70,07621409;49,91989699;7,336435844;;;;;;;;;;;;;;;;;;;;;;;;
70,42123314;49,93274015;7,462231069;;;;;;;;;;;;;;;;;;;;;;;;
70,76599894;49,94552039;7,493467002;;;;;;;;;;;;;;;;;;;;;;;;
71,10641076;49,95823836;7,435056375;;;;;;;;;;;;;;;;;;;;;;;;
71,44256085;49,97089545;7,377292088;;;;;;;;;;;;;;;;;;;;;;;;
71,77453838;49,98349298;7,320161935;;;;;;;;;;;;;;;;;;;;;;;;
72,10242958;49,99603224;7,263654089;;;;;;;;;;;;;;;;;;;;;;;;
72,42631787;50,00851449;7,207757094;;;;;;;;;;;;;;;;;;;;;;;;
72,74628402;50,02094091;7,152459843;;;;;;;;;;;;;;;;;;;;;;;;
73,06240622;50,03331267;7,097751563;;;;;;;;;;;;;;;;;;;;;;;;
73,37476021;50,04563091;7,043621803;;;;;;;;;;;;;;;;;;;;;;;;
73,68341943;50,05789671;6,990060419;;;;;;;;;;;;;;;;;;;;;;;;
73,98845503;50,07011113;6,93705756;;;;;;;;;;;;;;;;;;;;;;;;
74,28993607;50,08227519;6,884603656;;;;;;;;;;;;;;;;;;;;;;;;
74,58792951;50,09438988;6,832689409;;;;;;;;;;;;;;;;;;;;;;;;
74,88250037;50,10645618;6,781305778;;;;;;;;;;;;;;;;;;;;;;;;
75,17370438;50,11847501;6,730273018;;;;;;;;;;;;;;;;;;;;;;;;
75,46149753;50,13044728;6,677307837;;;;;;;;;;;;;;;;;;;;;;;;
75,74594284;50,14237389;6,624897798;;;;;;;;;;;;;;;;;;;;;;;;
76,02710152;50,15425571;6,57303371;;;;;;;;;;;;;;;;;;;;;;;;
76,30503306;50,1660936;6,521706628;;;;;;;;;;;;;;;;;;;;;;;;
76,5797953;50,17788836;6,470907842;;;;;;;;;;;;;;;;;;;;;;;;
76,85144446;50,18964081;6,420628871;;;;;;;;;;;;;;;;;;;;;;;;
77,12003526;50,20135172;6,370861452;;;;;;;;;;;;;;;;;;;;;;;;
77,38562093;50,21302184;6,321597531;;;;;;;;;;;;;;;;;;;;;;;;
77,64825327;50,2246519;6,272829258;;;;;;;;;;;;;;;;;;;;;;;;
77,90798273;50,23624263;6,224548978;;;;;;;;;;;;;;;;;;;;;;;;
78,16485843;50,24779472;6,176749225;;;;;;;;;;;;;;;;;;;;;;;;
78,41892822;50,25930885;6,129422715;;;;;;;;;;;;;;;;;;;;;;;;
78,67023875;50,27078567;6,082562339;;;;;;;;;;;;;;;;;;;;;;;;
78,91883545;50,28222583;6,036161155;;;;;;;;;;;;;;;;;;;;;;;;
79,16476265;50,29362995;5,990212389;;;;;;;;;;;;;;;;;;;;;;;;
79,40806356;50,30499865;5,94470942;;;;;;;;;;;;;;;;;;;;;;;;
79,64878033;50,31633251;5,899645784;;;;;;;;;;;;;;;;;;;;;;;;
79,88695408;50,32763212;5,855015162;;;;;;;;;;;;;;;;;;;;;;;;
80,12262496;50,33889803;5,810811377;;;;;;;;;;;;;;;;;;;;;;;;
80,35583215;50,35013082;5,767028393;;;;;;;;;;;;;;;;;;;;;;;;
80,5866139;50,361331;5,723660306;;;;;;;;;;;;;;;;;;;;;;;;
80,81500757;50,37249911;5,68070134;;;;;;;;;;;;;;;;;;;;;;;;
81,04104965;50,38363565;5,638145846;;;;;;;;;;;;;;;;;;;;;;;;
81,2647758;50,39474114;5,595988296;;;;;;;;;;;;;;;;;;;;;;;;
81,48620143;50,40581605;5,553735818;;;;;;;;;;;;;;;;;;;;;;;;
81,70535389;50,41686086;5,511698132;;;;;;;;;;;;;;;;;;;;;;;;
81,92226716;50,42787605;5,470054205;;;;;;;;;;;;;;;;;;;;;;;;
82,13697445;50,43886207;5,428798743;;;;;;;;;;;;;;;;;;;;;;;;
82,34950824;50,44981938;5,387926564;;;;;;;;;;;;;;;;;;;;;;;;
82,55994901;50,46074841;5,348671108;;;;;;;;;;;;;;;;;;;;;;;;
82,76855327;50,47164958;5,315542232;;;;;;;;;;;;;;;;;;;;;;;;
82,97545846;50,48252327;5,285568968;;;;;;;;;;;;;;;;;;;;;;;;
83,18068556;50,49336985;5,255806177;;;;;;;;;;;;;;;;;;;;;;;;
83,38425511;50,50418967;5,226251662;;;;;;;;;;;;;;;;;;;;;;;;
83,58618732;50,51498308;5,196903267;;;;;;;;;;;;;;;;;;;;;;;;
83,78650198;50,52575041;5,167758869;;;;;;;;;;;;;;;;;;;;;;;;
83,98521854;50,53649199;5,138816381;;;;;;;;;;;;;;;;;;;;;;;;
84,18235607;50,54720816;5,110073752;;;;;;;;;;;;;;;;;;;;;;;;
84,37793332;50,55789924;5,081528963;;;;;;;;;;;;;;;;;;;;;;;;
84,57196869;50,56856554;5,053180027;;;;;;;;;;;;;;;;;;;;;;;;
84,76448024;50,57920736;5,02502499;;;;;;;;;;;;;;;;;;;;;;;;
84,95548573;50,58982502;4,997061929;;;;;;;;;;;;;;;;;;;;;;;;
85,14500258;50,6004188;4,969288951;;;;;;;;;;;;;;;;;;;;;;;;
85,33304793;50,610989;4,941704193;;;;;;;;;;;;;;;;;;;;;;;;
85,5196386;50,62153591;4,914305821;;;;;;;;;;;;;;;;;;;;;;;;
85,70479114;50,63205981;4,887092029;;;;;;;;;;;;;;;;;;;;;;;;
85,8885218;50,64256097;4,860061037;;;;;;;;;;;;;;;;;;;;;;;;
86,07084655;50,65303967;4,833211097;;;;;;;;;;;;;;;;;;;;;;;;
86,25178112;50,66349618;4,806540482;;;;;;;;;;;;;;;;;;;;;;;;
86,43134093;50,67393074;4,780047493;;;;;;;;;;;;;;;;;;;;;;;;
86,60954119;50,68434363;4,753730457;;;;;;;;;;;;;;;;;;;;;;;;
86,78639681;50,6947351;4,727587725;;;;;;;;;;;;;;;;;;;;;;;;
86,96192249;50,70510539;4,701617672;;;;;;;;;;;;;;;;;;;;;;;;
87,13613267;50,71545474;4,675818697;;;;;;;;;;;;;;;;;;;;;;;;
87,30904157;50,72578341;4,650189222;;;;;;;;;;;;;;;;;;;;;;;;
87,48066318;50,73609162;4,62472769;;;;;;;;;;;;;;;;;;;;;;;;
87,65101124;50,74637961;4,59943257;;;;;;;;;;;;;;;;;;;;;;;;
87,8200993;50,7566476;4,574302348;;;;;;;;;;;;;;;;;;;;;;;;
87,98794069;50,76689582;4,549335535;;;;;;;;;;;;;;;;;;;;;;;;
88,15454851;50,7771245;4,524530661;;;;;;;;;;;;;;;;;;;;;;;;
88,31993568;50,78733384;4,499886277;;;;;;;;;;;;;;;;;;;;;;;;
88,48411492;50,79752407;4,475400954;;;;;;;;;;;;;;;;;;;;;;;;
88,64709872;50,80769538;4,45107328;;;;;;;;;;;;;;;;;;;;;;;;
88,80889941;50,817848;4,426901867;;;;;;;;;;;;;;;;;;;;;;;;
88,96952913;50,82798212;4,402885342;;;;;;;;;;;;;;;;;;;;;;;;
89,12899982;50,83809794;4,379022351;;;;;;;;;;;;;;;;;;;;;;;;
89,28732326;50,84819567;4,355311559;;;;;;;;;;;;;;;;;;;;;;;;
89,44451103;50,85827548;4,331751647;;;;;;;;;;;;;;;;;;;;;;;;
89,60057455;50,86833759;4,308341316;;;;;;;;;;;;;;;;;;;;;;;;
89,75552509;50,87838217;4,285079282;;;;;;;;;;;;;;;;;;;;;;;;
89,90937372;50,88840941;4,261964278;;;;;;;;;;;;;;;;;;;;;;;;
90,06213136;50,89841948;4,238995052;;;;;;;;;;;;;;;;;;;;;;;;
90,21379763;50,90841259;4,215860411;;;;;;;;;;;;;;;;;;;;;;;;
90,36436052;50,91838889;4,192237564;;;;;;;;;;;;;;;;;;;;;;;;
90,51383107;50,92834857;4,16876876;;;;;;;;;;;;;;;;;;;;;;;;
90,66222017;50,9382918;4,145452665;;;;;;;;;;;;;;;;;;;;;;;;
90,80953857;50,94821876;4,122287962;;;;;;;;;;;;;;;;;;;;;;;;
90,95579684;50,95812961;4,099273349;;;;;;;;;;;;;;;;;;;;;;;;
91,1010054;50,96802452;4,076407544;;;;;;;;;;;;;;;;;;;;;;;;
91,24517454;50,97790367;4,053689279;;;;;;;;;;;;;;;;;;;;;;;;
91,38831438;50,9877672;4,031117301;;;;;;;;;;;;;;;;;;;;;;;;
91,53043492;50,99761529;4,008690374;;;;;;;;;;;;;;;;;;;;;;;;
91,67154601;51,00744809;3,986407278;;;;;;;;;;;;;;;;;;;;;;;;
91,81165737;51,01726574;3,964266806;;;;;;;;;;;;;;;;;;;;;;;;
91,95077856;51,02706842;3,942267769;;;;;;;;;;;;;;;;;;;;;;;;
92,08891905;51,03685627;3,920408988;;;;;;;;;;;;;;;;;;;;;;;;
92,22608814;51,04662943;3,898689302;;;;;;;;;;;;;;;;;;;;;;;;
92,36229503;51,05638806;3,877107562;;;;;;;;;;;;;;;;;;;;;;;;
92,49754878;51,06613229;3,855662634;;;;;;;;;;;;;;;;;;;;;;;;
92,63185834;51,07586228;3,834353397;;;;;;;;;;;;;;;;;;;;;;;;
92,76523253;51,08557816;3,813178744;;;;;;;;;;;;;;;;;;;;;;;;
92,89768006;51,09528007;3,792137579;;;;;;;;;;;;;;;;;;;;;;;;
93,02920952;51,10496815;3,771228821;;;;;;;;;;;;;;;;;;;;;;;;
93,15982938;51,11464253;3,7504514;;;;;;;;;;;;;;;;;;;;;;;;
93,28954801;51,12430335;3,72980426;;;;;;;;;;;;;;;;;;;;;;;;
93,41837367;51,13395073;3,709286357;;;;;;;;;;;;;;;;;;;;;;;;
93,54631451;51,14358481;3,688896657;;;;;;;;;;;;;;;;;;;;;;;;
93,67337857;51,15320571;3,668634139;;;;;;;;;;;;;;;;;;;;;;;;
93,7995738;51,16281356;3,648497796;;;;;;;;;;;;;;;;;;;;;;;;
93,92490802;51,17240849;3,628486628;;;;;;;;;;;;;;;;;;;;;;;;
94,04938898;51,18199061;3,608599649;;;;;;;;;;;;;;;;;;;;;;;;
94,17302432;51,19156005;3,588835884;;;;;;;;;;;;;;;;;;;;;;;;
94,29582159;51,20111693;3,569194368;;;;;;;;;;;;;;;;;;;;;;;;
94,41778822;51,21066136;3,549674146;;;;;;;;;;;;;;;;;;;;;;;;
94,53893159;51,22019346;3,530274276;;;;;;;;;;;;;;;;;;;;;;;;
94,65925895;51,22971335;3,510993825;;;;;;;;;;;;;;;;;;;;;;;;
94,77877748;51,23922114;3,491831869;;;;;;;;;;;;;;;;;;;;;;;;
94,89749426;51,24871693;3,472787495;;;;;;;;;;;;;;;;;;;;;;;;
95,01541629;51,25820085;3,4538598;;;;;;;;;;;;;;;;;;;;;;;;
95,1325505;51,267673;3,435047892;;;;;;;;;;;;;;;;;;;;;;;;
95,2489037;51,27713348;3,416350886;;;;;;;;;;;;;;;;;;;;;;;;
95,36448265;51,28658241;3,397767907;;;;;;;;;;;;;;;;;;;;;;;;
95,47929401;51,29601989;3,379298092;;;;;;;;;;;;;;;;;;;;;;;;
95,59334436;51,30544601;3,360940583;;;;;;;;;;;;;;;;;;;;;;;;
95,70664022;51,3148609;3,342694534;;;;;;;;;;;;;;;;;;;;;;;;
95,81918802;51,32426463;3,324559107;;;;;;;;;;;;;;;;;;;;;;;;
95,93099411;51,33365732;3,306533472;;;;;;;;;;;;;;;;;;;;;;;;
96,04206476;51,34303907;3,288616809;;;;;;;;;;;;;;;;;;;;;;;;
96,1524062;51,35240996;3,270808305;;;;;;;;;;;;;;;;;;;;;;;;
96,26202454;51,3617701;3,253107157;;;;;;;;;;;;;;;;;;;;;;;;
96,37092585;51,37111958;3,235512568;;;;;;;;;;;;;;;;;;;;;;;;
96,47911612;51,3804585;3,218023751;;;;;;;;;;;;;;;;;;;;;;;;
96,58660128;51,38978694;3,200639927;;;;;;;;;;;;;;;;;;;;;;;;
96,69338719;51,399105;3,183360323;;;;;;;;;;;;;;;;;;;;;;;;
96,79947962;51,40841278;3,166184176;;;;;;;;;;;;;;;;;;;;;;;;
96,90488431;51,41771035;3,149110729;;;;;;;;;;;;;;;;;;;;;;;;
97,0096069;51,4269978;3,132139233;;;;;;;;;;;;;;;;;;;;;;;;
97,11376403;51,43627524;3,118593254;;;;;;;;;;;;;;;;;;;;;;;;
97,21733547;51,44554272;3,104386397;;;;;;;;;;;;;;;;;;;;;;;;
97,32032547;51,45480033;3,090251004;;;;;;;;;;;;;;;;;;;;;;;;
97,42273824;51,46404814;3,076186637;;;;;;;;;;;;;;;;;;;;;;;;
97,52457797;51,47328623;3,06219286;;;;;;;;;;;;;;;;;;;;;;;;
97,62584877;51,48251467;3,048269241;;;;;;;;;;;;;;;;;;;;;;;;
97,72655474;51,49173354;3,034415353;;;;;;;;;;;;;;;;;;;;;;;;
97,82669992;51,50094291;3,020630772;;;;;;;;;;;;;;;;;;;;;;;;
97,92628833;51,51014285;3,006915075;;;;;;;;;;;;;;;;;;;;;;;;
98,02532392;51,51933344;2,993267847;;;;;;;;;;;;;;;;;;;;;;;;
98,12381062;51,52851474;2,979688673;;;;;;;;;;;;;;;;;;;;;;;;
98,22175233;51,53768682;2,966177142;;;;;;;;;;;;;;;;;;;;;;;;
98,3191529;51,54684976;2,952732848;;;;;;;;;;;;;;;;;;;;;;;;
98,41601614;51,55600363;2,939355388;;;;;;;;;;;;;;;;;;;;;;;;
98,51234582;51,56514848;2,926044359;;;;;;;;;;;;;;;;;;;;;;;;
98,60814569;51,57428439;2,912799367;;;;;;;;;;;;;;;;;;;;;;;;
98,70341945;51,58341143;2,899620015;;;;;;;;;;;;;;;;;;;;;;;;
98,79817077;51,59252965;2,886505915;;;;;;;;;;;;;;;;;;;;;;;;
98,89240328;51,60163913;2,873456677;;;;;;;;;;;;;;;;;;;;;;;;
98,98612058;51,61073993;2,860471919;;;;;;;;;;;;;;;;;;;;;;;;
99,07932624;51,61983211;2,847551257;;;;;;;;;;;;;;;;;;;;;;;;
99,17202377;51,62891575;2,834694315;;;;;;;;;;;;;;;;;;;;;;;;
99,26421669;51,63799089;2,821900716;;;;;;;;;;;;;;;;;;;;;;;;
99,35590846;51,6470576;2,809170089;;;;;;;;;;;;;;;;;;;;;;;;
99,4471025;51,65611594;2,796502064;;;;;;;;;;;;;;;;;;;;;;;;
99,53780221;51,66516598;2,783896274;;;;;;;;;;;;;;;;;;;;;;;;
99,62801097;51,67420777;2,771352355;;;;;;;;;;;;;;;;;;;;;;;;
99,71773211;51,68324137;2,758869948;;;;;;;;;;;;;;;;;;;;;;;;
99,80696894;51,69226685;2,746448693;;;;;;;;;;;;;;;;;;;;;;;;
99,89572472;51,70128426;2,734088237;;;;;;;;;;;;;;;;;;;;;;;;
99,98400271;51,71029365;2,721788225;;;;;;;;;;;;;;;;;;;;;;;;
100,0718061;51,71929509;2,709548309;;;;;;;;;;;;;;;;;;;;;;;;
100,1591381;51,72828863;2,697368142;;;;;;;;;;;;;;;;;;;;;;;;
100,2460019;51,73727433;2,685247378;;;;;;;;;;;;;;;;;;;;;;;;
100,3324006;51,74625225;2,673185677;;;;;;;;;;;;;;;;;;;;;;;;
100,4183373;51,75522243;2,661182699;;;;;;;;;;;;;;;;;;;;;;;;
100,503815;51,76418494;2,649238108;;;;;;;;;;;;;;;;;;;;;;;;
100,5888368;51,77313982;2,637351569;;;;;;;;;;;;;;;;;;;;;;;;
100,6734058;51,78208713;2,625522751;;;;;;;;;;;;;;;;;;;;;;;;
100,7575249;51,79102693;2,613751325;;;;;;;;;;;;;;;;;;;;;;;;
100,841197;51,79995927;2,602036965;;;;;;;;;;;;;;;;;;;;;;;;
100,9244252;51,80888419;2,590379345;;;;;;;;;;;;;;;;;;;;;;;;
101,0072123;51,81780176;2,578778146;;;;;;;;;;;;;;;;;;;;;;;;
101,0895612;51,82671201;2,567233046;;;;;;;;;;;;;;;;;;;;;;;;
101,1714748;51,83561501;2,55574373;;;;;;;;;;;;;;;;;;;;;;;;
101,2529559;51,8445108;2,544309882;;;;;;;;;;;;;;;;;;;;;;;;
101,3340074;51,85339943;2,53293119;;;;;;;;;;;;;;;;;;;;;;;;
101,4146319;51,86228095;2,521607345;;;;;;;;;;;;;;;;;;;;;;;;
101,4948323;51,8711554;2,510338038;;;;;;;;;;;;;;;;;;;;;;;;
101,5746114;51,88002285;2,499122964;;;;;;;;;;;;;;;;;;;;;;;;
101,6539717;51,88888333;2,48796182;;;;;;;;;;;;;;;;;;;;;;;;
101,7329161;51,8977369;2,476854304;;;;;;;;;;;;;;;;;;;;;;;;
101,8114471;51,90658359;2,465800118;;;;;;;;;;;;;;;;;;;;;;;;
101,864311;51,91550628;-31,06644402;;;;;;;;;;;;;;;;;;;;;;;;
100,8664041;51,92451805;-30,73008543;;;;;;;;;;;;;;;;;;;;;;;;
99,86944779;51,9336204;-30,33211924;;;;;;;;;;;;;;;;;;;;;;;;
98,87551041;51,94281493;-29,94429602;;;;;;;;;;;;;;;;;;;;;;;;
97,8843456;51,95210324;-29,55793001;;;;;;;;;;;;;;;;;;;;;;;;
96,89599001;51,96148699;-29,17263269;;;;;;;;;;;;;;;;;;;;;;;;
95,91049483;51,97096787;-28,78795851;;;;;;;;;;;;;;;;;;;;;;;;
94,92792851;51,98054773;-28,44287682;;;;;;;;;;;;;;;;;;;;;;;;
93,94700398;51,99022842;-28,07343579;;;;;;;;;;;;;;;;;;;;;;;;
92,9686317;52,00001179;-27,70491549;;;;;;;;;;;;;;;;;;;;;;;;
91,99286113;52,00989975;-27,33689015;;;;;;;;;;;;;;;;;;;;;;;;
91,01975897;52,01989426;-26,96886934;;;;;;;;;;;;;;;;;;;;;;;;
90,04941242;52,02999754;-26,65363481;;;;;;;;;;;;;;;;;;;;;;;;
89,07997142;52,04021166;-26,28700549;;;;;;;;;;;;;;;;;;;;;;;;
88,11337701;52,0505387;-25,91882412;;;;;;;;;;;;;;;;;;;;;;;;
87,14978322;52,06098083;-25,54824399;;;;;;;;;;;;;;;;;;;;;;;;
86,1893829;52,07154011;-25,15755209;;;;;;;;;;;;;;;;;;;;;;;;
85,23305832;52,08221904;-24,83955967;;;;;;;;;;;;;;;;;;;;;;;;
84,2781228;52,09302018;-24,52339736;;;;;;;;;;;;;;;;;;;;;;;;
83,32455263;52,10394617;-24,20886587;;;;;;;;;;;;;;;;;;;;;;;;
82,37233088;52,11499977;-23,89574476;;;;;;;;;;;;;;;;;;;;;;;;
81,42144859;52,12618417;-23,64839199;;;;;;;;;;;;;;;;;;;;;;;;
80,4692741;52,13750232;-23,33964292;;;;;;;;;;;;;;;;;;;;;;;;
79,51829238;52,14895729;-23,03174232;;;;;;;;;;;;;;;;;;;;;;;;
78,56851182;52,16055224;-22,72437679;;;;;;;;;;;;;;;;;;;;;;;;
77,61995443;52,17229008;-22,35967436;;;;;;;;;;;;;;;;;;;;;;;;
76,67511932;52,1841741;-22,04588817;;;;;;;;;;;;;;;;;;;;;;;;
75,73194163;52,19620771;-21,73062379;;;;;;;;;;;;;;;;;;;;;;;;
74,79054969;52,20839439;-21,41319774;;;;;;;;;;;;;;;;;;;;;;;;
73,85110867;52,22073774;-21,09403074;;;;;;;;;;;;;;;;;;;;;;;;
72,91377329;52,23324187;-20,8285168;;;;;;;;;;;;;;;;;;;;;;;;
71,97617984;52,2459111;-20,56440112;;;;;;;;;;;;;;;;;;;;;;;;
71,03825335;52,25874992;-20,30150275;;;;;;;;;;;;;;;;;;;;;;;;
70,09992324;52,27176216;-19,94403868;;;;;;;;;;;;;;;;;;;;;;;;
69,16566364;52,28495184;-19,59651484;;;;;;;;;;;;;;;;;;;;;;;;
68,2351653;52,29832297;-19,23719019;;;;;;;;;;;;;;;;;;;;;;;;
67,30916215;52,31187952;-18,86291179;;;;;;;;;;;;;;;;;;;;;;;;
66,38858469;52,32562587;-18,52321209;;;;;;;;;;;;;;;;;;;;;;;;
65,47192914;52,33956694;-18,22076439;;;;;;;;;;;;;;;;;;;;;;;;
64,5574683;52,35370773;-17,91168369;;;;;;;;;;;;;;;;;;;;;;;;
63,64564065;52,36805333;-17,59430913;;;;;;;;;;;;;;;;;;;;;;;;
62,7369972;52,38260934;-17,30601464;;;;;;;;;;;;;;;;;;;;;;;;
61,83013377;52,39738095;-16,96996211;;;;;;;;;;;;;;;;;;;;;;;;
60,92770894;52,41237326;-16,61860808;;;;;;;;;;;;;;;;;;;;;;;;
60,030764;52,42759123;-16,24796005;;;;;;;;;;;;;;;;;;;;;;;;
59,14062476;52,44304005;-15,89075516;;;;;;;;;;;;;;;;;;;;;;;;
58,25684803;52,4587238;-15,45455479;;;;;;;;;;;;;;;;;;;;;;;;
57,38426108;52,47464569;-14,97423698;;;;;;;;;;;;;;;;;;;;;;;;
56,52595577;52,49080771;-14,43475414;;;;;;;;;;;;;;;;;;;;;;;;
55,68609433;52,50721964;-14,35154356;;;;;;;;;;;;;;;;;;;;;;;;
54,83816291;52,52388903;-14,11395751;;;;;;;;;;;;;;;;;;;;;;;;
53,99118724;52,54082363;-13,8698142;;;;;;;;;;;;;;;;;;;;;;;;
53,14561994;52,55803137;-13,61757784;;;;;;;;;;;;;;;;;;;;;;;;
52,30203999;52,57552507;-13,5756117;;;;;;;;;;;;;;;;;;;;;;;;
51,44708421;52,59331386;-13,32641166;;;;;;;;;;;;;;;;;;;;;;;;
50,59366565;52,61140701;-13,06647091;;;;;;;;;;;;;;;;;;;;;;;;
49,74257652;52,62980477;-12,43458308;;;;;;;;;;;;;;;;;;;;;;;;
48,9190102;52,64851394;-12,08952409;;;;;;;;;;;;;;;;;;;;;;;;
48,1047442;52,66754034;-11,70949954;;;;;;;;;;;;;;;;;;;;;;;;
47,30270167;52,68688818;-11,283066;;;;;;;;;;;;;;;;;;;;;;;;
46,51681086;52,70657124;-11,17987997;;;;;;;;;;;;;;;;;;;;;;;;
45,72461588;52,72658905;-10,61085875;;;;;;;;;;;;;;;;;;;;;;;;
44,95995357;52,74693552;-9,914823207;;;;;;;;;;;;;;;;;;;;;;;;
44,23371966;52,76760496;-9,288875366;;;;;;;;;;;;;;;;;;;;;;;;
43,54253444;52,78860381;-9,035346488;;;;;;;;;;;;;;;;;;;;;;;;
42,85949981;52,80993715;-8,75021123;;;;;;;;;;;;;;;;;;;;;;;;
42,18748332;52,83160802;-8,422456255;;;;;;;;;;;;;;;;;;;;;;;;
41,53040428;52,85361626;-8,035280508;;;;;;;;;;;;;;;;;;;;;;;;
40,89377166;52,87595672;-7,561281084;;;;;;;;;;;;;;;;;;;;;;;;
40,28565065;52,89863006;-7,246028247;;;;;;;;;;;;;;;;;;;;;;;;
39,69420073;52,92164332;-7,077009181;;;;;;;;;;;;;;;;;;;;;;;;
39,10788652;52,9450022;-6,880979731;;;;;;;;;;;;;;;;;;;;;;;;
38,5292515;52,96871017;-6,647266548;;;;;;;;;;;;;;;;;;;;;;;;
37,96191597;52,99276713;-6,358877335;;;;;;;;;;;;;;;;;;;;;;;;
37,41120496;53,01716706;-5,986474585;;;;;;;;;;;;;;;;;;;;;;;;
36,88535458;53,04189355;-5,472493612;;;;;;;;;;;;;;;;;;;;;;;;
36,39821867;53,06690929;-4,673502846;;;;;;;;;;;;;;;;;;;;;;;;
35,97733848;53,09196787;-0,681599649;;;;;;;;;;;;;;;;;;;;;;;;
35,91585078;53,11702644;0;;;;;;;;;;;;;;;;;;;;;;;;
35,85436309;53,14208501;-0,681599649;;;;;;;;;;;;;;;;;;;;;;;;
36,09270402;53,16718656;2,63751922;;;;;;;;;;;;;;;;;;;;;;;;
36,35167167;53,19212235;2,884828065;;;;;;;;;;;;;;;;;;;;;;;;
36,62314084;53,2168805;3,045789553;;;;;;;;;;;;;;;;;;;;;;;;
36,90247208;53,24145512;3,157403501;;;;;;;;;;;;;;;;;;;;;;;;
37,18679433;53,26584373;3,238331393;;;;;;;;;;;;;;;;;;;;;;;;
37,47424434;53,29004587;3,29918043;;;;;;;;;;;;;;;;;;;;;;;;
37,76357532;53,31406237;3,346438225;;;;;;;;;;;;;;;;;;;;;;;;
38,05393557;53,33789486;3,384271956;;;;;;;;;;;;;;;;;;;;;;;;
38,34473512;53,3615455;3,415452859;;;;;;;;;;;;;;;;;;;;;;;;
38,63556161;53,38501678;3,441871882;;;;;;;;;;;;;;;;;;;;;;;;
38,92612548;53,40831138;3,464845127;;;;;;;;;;;;;;;;;;;;;;;;
39,21622325;53,4314321;3,485303169;;;;;;;;;;;;;;;;;;;;;;;;
39,50571255;53,45438178;3,503912559;;;;;;;;;;;;;;;;;;;;;;;;
39,79449472;53,4771633;3,521155975;;;;;;;;;;;;;;;;;;;;;;;;
40,08250268;53,49977949;3,537386257;;;;;;;;;;;;;;;;;;;;;;;;
40,36969228;53,52223318;3,552863491;;;;;;;;;;;;;;;;;;;;;;;;
40,65603605;53,54452713;3,567780834;;;;;;;;;;;;;;;;;;;;;;;;
40,94151877;53,56666407;3,58228273;;;;;;;;;;;;;;;;;;;;;;;;
41,22613421;53,58864664;3,596477883;;;;;;;;;;;;;;;;;;;;;;;;
41,50988271;53,61047745;3,610448598;;;;;;;;;;;;;;;;;;;;;;;;
41,79276942;53,63215904;3,624257545;;;;;;;;;;;;;;;;;;;;;;;;
42,12368397;53,65369386;4,268467725;;;;;;;;;;;;;;;;;;;;;;;;
42,4830396;53,67505952;4,67203177;;;;;;;;;;;;;;;;;;;;;;;;
42,86328902;53,69624444;4,985849127;;;;;;;;;;;;;;;;;;;;;;;;
43,25932464;53,71724143;5,239317728;;;;;;;;;;;;;;;;;;;;;;;;
43,66749818;53,73804619;5,449787467;;;;;;;;;;;;;;;;;;;;;;;;
44,08510749;53,75865649;5,628380796;;;;;;;;;;;;;;;;;;;;;;;;
44,51009867;53,77907154;5,782648794;;;;;;;;;;;;;;;;;;;;;;;;
44,94088005;53,79929167;5,917938824;;;;;;;;;;;;;;;;;;;;;;;;
45,37619965;53,81931798;6,03816228;;;;;;;;;;;;;;;;;;;;;;;;
45,8150611;53,83915217;6,146254553;;;;;;;;;;;;;;;;;;;;;;;;
46,25666406;53,85879637;6,244464984;;;;;;;;;;;;;;;;;;;;;;;;
46,75683416;53,87825302;7,140802589;;;;;;;;;;;;;;;;;;;;;;;;
47,30576631;53,89750155;7,921706646;;;;;;;;;;;;;;;;;;;;;;;;
47,89024288;53,91652671;8,533676471;;;;;;;;;;;;;;;;;;;;;;;;
48,50141518;53,93531968;9,033700572;;;;;;;;;;;;;;;;;;;;;;;;
49,11877391;53,95387584;9,241596353;;;;;;;;;;;;;;;;;;;;;;;;
49,75103712;53,97219877;9,585183185;;;;;;;;;;;;;;;;;;;;;;;;
50,39501526;53,99028885;9,888450725;;;;;;;;;;;;;;;;;;;;;;;;
51,04822817;54,00814776;10,1600848;;;;;;;;;;;;;;;;;;;;;;;;
51,71004704;54,02577815;10,42737059;;;;;;;;;;;;;;;;;;;;;;;;
52,37659586;54,04318289;10,6380466;;;;;;;;;;;;;;;;;;;;;;;;
53,0467898;54,06036613;10,83409779;;;;;;;;;;;;;;;;;;;;;;;;
53,71974495;54,07733229;11,01793533;;;;;;;;;;;;;;;;;;;;;;;;
54,4055124;54,0940859;11,37013968;;;;;;;;;;;;;;;;;;;;;;;;
55,07206298;54,11062835;11,19260064;;;;;;;;;;;;;;;;;;;;;;;;
55,71971803;54,12697057;11,00854928;;;;;;;;;;;;;;;;;;;;;;;;
56,34942686;54,14312284;10,82938221;;;;;;;;;;;;;;;;;;;;;;;;
56,96206419;54,15909461;10,65486488;;;;;;;;;;;;;;;;;;;;;;;;
57,55843811;54,1748946;10,48478075;;;;;;;;;;;;;;;;;;;;;;;;
58,13929702;54,19053088;10,31892949;;;;;;;;;;;;;;;;;;;;;;;;
58,70533561;54,20601095;10,15712524;;;;;;;;;;;;;;;;;;;;;;;;
59,25720014;54,22134175;9,999195172;;;;;;;;;;;;;;;;;;;;;;;;
59,79538995;54,23652978;9,843092999;;;;;;;;;;;;;;;;;;;;;;;;
60,32040863;54,2515811;9,689412594;;;;;;;;;;;;;;;;;;;;;;;;
60,83279326;54,26650143;9,539274673;;;;;;;;;;;;;;;;;;;;;;;;
61,33304703;54,28129608;9,39254157;;;;;;;;;;;;;;;;;;;;;;;;
61,82164223;54,29597006;9,249084087;;;;;;;;;;;;;;;;;;;;;;;;
62,29902279;54,31052807;9,108780773;;;;;;;;;;;;;;;;;;;;;;;;
62,76718806;54,32497452;9,001925627;;;;;;;;;;;;;;;;;;;;;;;;
63,22760404;54,33931323;8,919449407;;;;;;;;;;;;;;;;;;;;;;;;
63,68019341;54,35354752;8,832142557;;;;;;;;;;;;;;;;;;;;;;;;
64,12519131;54,36768064;8,746158057;;;;;;;;;;;;;;;;;;;;;;;;
64,56282164;54,38171568;8,661459437;;;;;;;;;;;;;;;;;;;;;;;;
64,99329784;54,3956556;8,578011897;;;;;;;;;;;;;;;;;;;;;;;;
65,41682358;54,40950318;8,495782204;;;;;;;;;;;;;;;;;;;;;;;;
65,83359333;54,42326111;8,414738589;;;;;;;;;;;;;;;;;;;;;;;;
66,24379296;54,43693194;8,334850654;;;;;;;;;;;;;;;;;;;;;;;;
66,6476003;54,45051812;8,256089296;;;;;;;;;;;;;;;;;;;;;;;;
67,04518554;54,46402198;8,178426619;;;;;;;;;;;;;;;;;;;;;;;;
67,43671176;54,47744576;8,10183587;;;;;;;;;;;;;;;;;;;;;;;;
67,82233531;54,49079161;8,026291372;;;;;;;;;;;;;;;;;;;;;;;;
68,20220618;54,50406157;7,951768459;;;;;;;;;;;;;;;;;;;;;;;;
68,5764684;54,51725763;7,878243422;;;;;;;;;;;;;;;;;;;;;;;;
68,94526031;54,53038166;7,805693458;;;;;;;;;;;;;;;;;;;;;;;;
69,3091087;54,5434355;7,742475942;;;;;;;;;;;;;;;;;;;;;;;;
69,66818488;54,5564208;7,681250101;;;;;;;;;;;;;;;;;;;;;;;;
70,0225956;54,56933918;7,620725664;;;;;;;;;;;;;;;;;;;;;;;;
70,3724438;54,58219218;7,560888622;;;;;;;;;;;;;;;;;;;;;;;;
70,71782885;54,59498127;7,501725432;;;;;;;;;;;;;;;;;;;;;;;;
71,05884671;54,60770791;7,443223001;;;;;;;;;;;;;;;;;;;;;;;;
71,39559007;54,62037347;7,385368658;;;;;;;;;;;;;;;;;;;;;;;;
71,72814851;54,63297929;7,32815014;;;;;;;;;;;;;;;;;;;;;;;;
72,05660869;54,64552666;7,271555568;;;;;;;;;;;;;;;;;;;;;;;;
72,3810544;54,65801684;7,215573435;;;;;;;;;;;;;;;;;;;;;;;;
72,70156678;54,67045103;7,160192585;;;;;;;;;;;;;;;;;;;;;;;;
73,01822437;54,68283041;7,105402201;;;;;;;;;;;;;;;;;;;;;;;;
73,33110327;54,6951561;7,051191786;;;;;;;;;;;;;;;;;;;;;;;;
73,6402772;54,7074292;6,997551153;;;;;;;;;;;;;;;;;;;;;;;;
73,94581766;54,71965077;6,944470413;;;;;;;;;;;;;;;;;;;;;;;;
74,24779398;54,73182185;6,891939955;;;;;;;;;;;;;;;;;;;;;;;;
74,54627341;54,74394342;6,839950445;;;;;;;;;;;;;;;;;;;;;;;;
74,84132125;54,75601646;6,788492806;;;;;;;;;;;;;;;;;;;;;;;;
75,13300087;54,7680419;6,737558211;;;;;;;;;;;;;;;;;;;;;;;;
75,42126937;54,78002066;6,684715122;;;;;;;;;;;;;;;;;;;;;;;;
75,70618127;54,79195363;6,632227653;;;;;;;;;;;;;;;;;;;;;;;;
75,98779806;54,8038417;6,58028741;;;;;;;;;;;;;;;;;;;;;;;;
76,26617944;54,8156857;6,528885416;;;;;;;;;;;;;;;;;;;;;;;;
76,5413835;54,82748648;6,478012928;;;;;;;;;;;;;;;;;;;;;;;;
76,81346668;54,83924482;6,427661433;;;;;;;;;;;;;;;;;;;;;;;;
77,0824839;54,85096152;6,377822637;;;;;;;;;;;;;;;;;;;;;;;;
77,3484886;54,86263732;6,328488458;;;;;;;;;;;;;;;;;;;;;;;;
77,61153277;54,87427297;6,279651019;;;;;;;;;;;;;;;;;;;;;;;;
77,87166705;54,88586919;6,231302637;;;;;;;;;;;;;;;;;;;;;;;;
78,12894076;54,89742666;6,183435819;;;;;;;;;;;;;;;;;;;;;;;;
78,38340191;54,90894608;6,136043257;;;;;;;;;;;;;;;;;;;;;;;;
78,63509731;54,92042811;6,089117817;;;;;;;;;;;;;;;;;;;;;;;;
78,88407257;54,93187338;6,042652534;;;;;;;;;;;;;;;;;;;;;;;;
79,13037217;54,94328252;5,996640611;;;;;;;;;;;;;;;;;;;;;;;;
79,37403948;54,95465616;5,951075407;;;;;;;;;;;;;;;;;;;;;;;;
79,61511678;54,96599488;5,905950434;;;;;;;;;;;;;;;;;;;;;;;;
79,85364535;54,97729927;5,861259355;;;;;;;;;;;;;;;;;;;;;;;;
80,08966547;54,98856988;5,816995972;;;;;;;;;;;;;;;;;;;;;;;;
80,32321645;54,99980729;5,77315423;;;;;;;;;;;;;;;;;;;;;;;;
80,55433667;55,01101202;5,729728206;;;;;;;;;;;;;;;;;;;;;;;;
80,78306361;55,0221846;5,686712106;;;;;;;;;;;;;;;;;;;;;;;;
81,0094339;55,03332555;5,644100266;;;;;;;;;;;;;;;;;;;;;;;;
81,23348329;55,04443537;5,601887138;;;;;;;;;;;;;;;;;;;;;;;;
81,45523104;55,05551454;5,55967361;;;;;;;;;;;;;;;;;;;;;;;;
81,6747008;55,06656356;5,517580173;;;;;;;;;;;;;;;;;;;;;;;;
81,89192663;55,07758288;5,475881248;;;;;;;;;;;;;;;;;;;;;;;;
82,10694187;55,08857298;5,434571526;;;;;;;;;;;;;;;;;;;;;;;;
82,31977908;55,09953429;5,393645808;;;;;;;;;;;;;;;;;;;;;;;;
82,53047013;55,11046727;5,353099;;;;;;;;;;;;;;;;;;;;;;;;
82,73931507;55,12137233;5,319775152;;;;;;;;;;;;;;;;;;;;;;;;
82,94645797;55,13224987;5,289772106;;;;;;;;;;;;;;;;;;;;;;;;
83,15191985;55,14310024;5,259979844;;;;;;;;;;;;;;;;;;;;;;;;
83,35572132;55,1539238;5,230396166;;;;;;;;;;;;;;;;;;;;;;;;
83,55788262;55,1647209;5,201018907;;;;;;;;;;;;;;;;;;;;;;;;
83,75842362;55,17549188;5,171845943;;;;;;;;;;;;;;;;;;;;;;;;
83,95736379;55,18623707;5,14287518;;;;;;;;;;;;;;;;;;;;;;;;
84,15472229;55,19695679;5,114104563;;;;;;;;;;;;;;;;;;;;;;;;
84,35051788;55,20765138;5,085532067;;;;;;;;;;;;;;;;;;;;;;;;
84,54476902;55,21832114;5,057155702;;;;;;;;;;;;;;;;;;;;;;;;
84,73749383;55,22896639;5,028973509;;;;;;;;;;;;;;;;;;;;;;;;
84,92871009;55,23958743;5,000983561;;;;;;;;;;;;;;;;;;;;;;;;
85,11843528;55,25018455;4,97318396;;;;;;;;;;;;;;;;;;;;;;;;
85,30668658;55,26075805;4,945572839;;;;;;;;;;;;;;;;;;;;;;;;
85,49348086;55,27130822;4,918148361;;;;;;;;;;;;;;;;;;;;;;;;
85,67883469;55,28183534;4,890908714;;;;;;;;;;;;;;;;;;;;;;;;
85,86276437;55,29233968;4,863852117;;;;;;;;;;;;;;;;;;;;;;;;
86,04528592;55,30282153;4,836976816;;;;;;;;;;;;;;;;;;;;;;;;
86,22641509;55,31328114;4,810281081;;;;;;;;;;;;;;;;;;;;;;;;
86,40616734;55,32371877;4,78376321;;;;;;;;;;;;;;;;;;;;;;;;
86,58455792;55,3341347;4,757421525;;;;;;;;;;;;;;;;;;;;;;;;
86,76160178;55,34452916;4,731254375;;;;;;;;;;;;;;;;;;;;;;;;
86,93731364;55,35490241;4,705260131;;;;;;;;;;;;;;;;;;;;;;;;
87,11170799;55,3652547;4,679437189;;;;;;;;;;;;;;;;;;;;;;;;
87,28479908;55,37558626;4,653783967;;;;;;;;;;;;;;;;;;;;;;;;
87,45660091;55,38589733;4,628298906;;;;;;;;;;;;;;;;;;;;;;;;
87,62712728;55,39618815;4,602980471;;;;;;;;;;;;;;;;;;;;;;;;
87,79639176;55,40645894;4,577827146;;;;;;;;;;;;;;;;;;;;;;;;
87,9644077;55,41670993;4,552837438;;;;;;;;;;;;;;;;;;;;;;;;
88,13118825;55,42694135;4,528009875;;;;;;;;;;;;;;;;;;;;;;;;
88,29674634;55,43715339;4,503343004;;;;;;;;;;;;;;;;;;;;;;;;
88,46109471;55,4473463;4,478835393;;;;;;;;;;;;;;;;;;;;;;;;
88,62424591;55,45752026;4,45448563;;;;;;;;;;;;;;;;;;;;;;;;
88,78621227;55,46767549;4,430292321;;;;;;;;;;;;;;;;;;;;;;;;
88,94700597;55,4778122;4,406254092;;;;;;;;;;;;;;;;;;;;;;;;
89,10663897;55,48793059;4,382369587;;;;;;;;;;;;;;;;;;;;;;;;
89,26512307;55,49803084;4,358637467;;;;;;;;;;;;;;;;;;;;;;;;
89,42246988;55,50811317;4,335056412;;;;;;;;;;;;;;;;;;;;;;;;
89,57869086;55,51817775;4,31162512;;;;;;;;;;;;;;;;;;;;;;;;
89,73379727;55,52822479;4,288342304;;;;;;;;;;;;;;;;;;;;;;;;
89,88780022;55,53825445;4,265206695;;;;;;;;;;;;;;;;;;;;;;;;
90,04071066;55,54826693;4,24221704;;;;;;;;;;;;;;;;;;;;;;;;
90,19253302;55,55826241;4,219195349;;;;;;;;;;;;;;;;;;;;;;;;
90,34325042;55,56824107;4,195550728;;;;;;;;;;;;;;;;;;;;;;;;
90,49287395;55,57820307;4,17206034;;;;;;;;;;;;;;;;;;;;;;;;
90,6414145;55,58814861;4,148722846;;;;;;;;;;;;;;;;;;;;;;;;
90,78888285;55,59807784;4,125536929;;;;;;;;;;;;;;;;;;;;;;;;
90,93528959;55,60799095;4,102501285;;;;;;;;;;;;;;;;;;;;;;;;
91,08064517;55,6178881;4,079614627;;;;;;;;;;;;;;;;;;;;;;;;
91,22495988;55,62776945;4,056875687;;;;;;;;;;;;;;;;;;;;;;;;
91,36824388;55,63763517;4,034283209;;;;;;;;;;;;;;;;;;;;;;;;
91,51050719;55,64748542;4,011835955;;;;;;;;;;;;;;;;;;;;;;;;
91,65175967;55,65732036;3,989532703;;;;;;;;;;;;;;;;;;;;;;;;
91,79201105;55,66714014;3,967372244;;;;;;;;;;;;;;;;;;;;;;;;
91,93127094;55,67694491;3,945353385;;;;;;;;;;;;;;;;;;;;;;;;
92,06954879;55,68673483;3,923474948;;;;;;;;;;;;;;;;;;;;;;;;
92,20685395;55,69651005;3,901735768;;;;;;;;;;;;;;;;;;;;;;;;
92,34319562;55,70627072;3,880134695;;;;;;;;;;;;;;;;;;;;;;;;
92,47858288;55,71601697;3,858670593;;;;;;;;;;;;;;;;;;;;;;;;
92,61302471;55,72574895;3,837342339;;;;;;;;;;;;;;;;;;;;;;;;
92,74652993;55,73546681;3,816148823;;;;;;;;;;;;;;;;;;;;;;;;
92,87910727;55,74517067;3,795088949;;;;;;;;;;;;;;;;;;;;;;;;
93,01076533;55,75486069;3,774161633;;;;;;;;;;;;;;;;;;;;;;;;
93,14151262;55,76453699;3,753365804;;;;;;;;;;;;;;;;;;;;;;;;
93,27135751;55,7741997;3,732700404;;;;;;;;;;;;;;;;;;;;;;;;
93,40030827;55,78384897;3,712164386;;;;;;;;;;;;;;;;;;;;;;;;
93,52837307;55,79348491;3,691756717;;;;;;;;;;;;;;;;;;;;;;;;
93,65555996;55,80310766;3,671476373;;;;;;;;;;;;;;;;;;;;;;;;
93,78187691;55,81271734;3,651322343;;;;;;;;;;;;;;;;;;;;;;;;
93,90733176;55,82231408;3,63129363;;;;;;;;;;;;;;;;;;;;;;;;
94,03193227;55,83189799;3,611389243;;;;;;;;;;;;;;;;;;;;;;;;
94,15568609;55,84146921;3,591608207;;;;;;;;;;;;;;;;;;;;;;;;
94,27860077;55,85102785;3,571949554;;;;;;;;;;;;;;;;;;;;;;;;
94,40068379;55,86057402;3,55241233;;;;;;;;;;;;;;;;;;;;;;;;
94,5219425;55,87010785;3,53299559;;;;;;;;;;;;;;;;;;;;;;;;
94,6423842;55,87962945;3,513698398;;;;;;;;;;;;;;;;;;;;;;;;
94,76201606;55,88913893;3,494519832;;;;;;;;;;;;;;;;;;;;;;;;
94,88084518;55,89863641;3,475458975;;;;;;;;;;;;;;;;;;;;;;;;
94,99887857;55,90812199;3,456514924;;;;;;;;;;;;;;;;;;;;;;;;
95,11612317;55,91759578;3,437686784;;;;;;;;;;;;;;;;;;;;;;;;
95,23258581;55,9270579;3,41897367;;;;;;;;;;;;;;;;;;;;;;;;
95,34827325;55,93650845;3,400374706;;;;;;;;;;;;;;;;;;;;;;;;
95,46319217;55,94594753;3,381889026;;;;;;;;;;;;;;;;;;;;;;;;
95,57734916;55,95537525;3,363515773;;;;;;;;;;;;;;;;;;;;;;;;
95,69075075;55,9647917;3,345254099;;;;;;;;;;;;;;;;;;;;;;;;
95,80340337;55,974197;3,327103163;;;;;;;;;;;;;;;;;;;;;;;;
95,9153134;55,98359124;3,309062136;;;;;;;;;;;;;;;;;;;;;;;;
96,02648712;55,99297452;3,291130196;;;;;;;;;;;;;;;;;;;;;;;;
96,13693074;56,00234693;3,273306528;;;;;;;;;;;;;;;;;;;;;;;;
96,24665041;56,01170858;3,255590329;;;;;;;;;;;;;;;;;;;;;;;;
96,35565221;56,02105955;3,237980801;;;;;;;;;;;;;;;;;;;;;;;;
96,46394213;56,03039995;3,220477155;;;;;;;;;;;;;;;;;;;;;;;;
96,57152611;56,03972986;3,20307861;;;;;;;;;;;;;;;;;;;;;;;;
96,67841001;56,04904938;3,185784394;;;;;;;;;;;;;;;;;;;;;;;;
96,78459963;56,05835859;3,168593742;;;;;;;;;;;;;;;;;;;;;;;;
96,8901007;56,06765759;3,151505896;;;;;;;;;;;;;;;;;;;;;;;;
96,9949189;56,07694647;3,134520106;;;;;;;;;;;;;;;;;;;;;;;;
97,0991587;56,0862253;3,12059599;;;;;;;;;;;;;;;;;;;;;;;;
97,2028122;56,09549418;3,106379052;;;;;;;;;;;;;;;;;;;;;;;;
97,30588367;56,10475317;3,092233641;;;;;;;;;;;;;;;;;;;;;;;;
97,40837733;56,11400235;3,078159316;;;;;;;;;;;;;;;;;;;;;;;;
97,51029736;56,12324181;3,064155643;;;;;;;;;;;;;;;;;;;;;;;;
97,61164789;56,1324716;3,050222188;;;;;;;;;;;;;;;;;;;;;;;;
97,71243301;56,14169181;3,036358524;;;;;;;;;;;;;;;;;;;;;;;;
97,81265677;56,15090251;3,022564226;;;;;;;;;;;;;;;;;;;;;;;;
97,9123232;56,16010378;3,008838872;;;;;;;;;;;;;;;;;;;;;;;;
98,01143626;56,16929567;2,995182045;;;;;;;;;;;;;;;;;;;;;;;;
98,10999988;56,17847827;2,981593329;;;;;;;;;;;;;;;;;;;;;;;;
98,20801797;56,18765165;2,968072315;;;;;;;;;;;;;;;;;;;;;;;;
98,30549437;56,19681587;2,954618595;;;;;;;;;;;;;;;;;;;;;;;;
98,40243291;56,20597101;2,941231764;;;;;;;;;;;;;;;;;;;;;;;;
98,49883736;56,21511712;2,927911422;;;;;;;;;;;;;;;;;;;;;;;;
98,59471148;56,22425429;2,91465717;;;;;;;;;;;;;;;;;;;;;;;;
98,69005897;56,23338256;2,901468616;;;;;;;;;;;;;;;;;;;;;;;;
98,78488351;56,24250202;2,888345367;;;;;;;;;;;;;;;;;;;;;;;;
98,87918873;56,25161273;2,875287035;;;;;;;;;;;;;;;;;;;;;;;;
98,97297823;56,26071475;2,862293236;;;;;;;;;;;;;;;;;;;;;;;;
99,06625559;56,26980814;2,849363588;;;;;;;;;;;;;;;;;;;;;;;;
99,15902434;56,27889297;2,836497712;;;;;;;;;;;;;;;;;;;;;;;;
99,25128798;56,2879693;2,823695232;;;;;;;;;;;;;;;;;;;;;;;;
99,34304998;56,29703719;2,810955776;;;;;;;;;;;;;;;;;;;;;;;;
99,43431377;56,3060967;2,798278973;;;;;;;;;;;;;;;;;;;;;;;;
99,52508277;56,31514791;2,785664457;;;;;;;;;;;;;;;;;;;;;;;;
99,61536034;56,32419085;2,773111863;;;;;;;;;;;;;;;;;;;;;;;;
99,70514982;56,3332256;2,760620831;;;;;;;;;;;;;;;;;;;;;;;;
99,79445452;56,34225222;2,748191002;;;;;;;;;;;;;;;;;;;;;;;;
99,88327773;56,35127076;2,735822021;;;;;;;;;;;;;;;;;;;;;;;;
99,97162269;56,36028127;2,723513534;;;;;;;;;;;;;;;;;;;;;;;;
100,0594926;56,36928383;2,711265192;;;;;;;;;;;;;;;;;;;;;;;;
100,1468907;56,37827848;2,699076647;;;;;;;;;;;;;;;;;;;;;;;;
100,2338201;56,38726528;2,686947554;;;;;;;;;;;;;;;;;;;;;;;;
100,320284;56,39624428;2,674877571;;;;;;;;;;;;;;;;;;;;;;;;
100,4062854;56,40521555;2,662866359;;;;;;;;;;;;;;;;;;;;;;;;
100,4918274;56,41417913;2,650913581;;;;;;;;;;;;;;;;;;;;;;;;
100,5769132;56,42313508;2,639018902;;;;;;;;;;;;;;;;;;;;;;;;
100,6615456;56,43208346;2,627181991;;;;;;;;;;;;;;;;;;;;;;;;
100,7457278;56,44102431;2,615402517;;;;;;;;;;;;;;;;;;;;;;;;
100,8294626;56,44995769;2,603680155;;;;;;;;;;;;;;;;;;;;;;;;
100,912753;56,45888365;2,592014579;;;;;;;;;;;;;;;;;;;;;;;;
100,9956019;56,46780225;2,580405468;;;;;;;;;;;;;;;;;;;;;;;;
101,0780123;56,47671353;2,568852502;;;;;;;;;;;;;;;;;;;;;;;;
101,1599869;56,48561754;2,557355364;;;;;;;;;;;;;;;;;;;;;;;;
101,2415286;56,49451434;2,545913738;;;;;;;;;;;;;;;;;;;;;;;;
101,3226403;56,50340397;2,534527312;;;;;;;;;;;;;;;;;;;;;;;;
101,4033246;56,51228649;2,523195776;;;;;;;;;;;;;;;;;;;;;;;;
101,4835845;56,52116194;2,511918821;;;;;;;;;;;;;;;;;;;;;;;;
101,5634226;56,53003037;2,500696143;;;;;;;;;;;;;;;;;;;;;;;;
101,6428416;56,53889183;2,489527436;;;;;;;;;;;;;;;;;;;;;;;;
101,7218443;56,54774636;2,4784124;;;;;;;;;;;;;;;;;;;;;;;;
101,8004333;56,55659402;2,467350736;;;;;;;;;;;;;;;;;;;;;;;;
101,8786112;56,56543484;2,456342146;;;;;;;;;;;;;;;;;;;;;;;;
101,9563808;56,57426889;2,445386336;;;;;;;;;;;;;;;;;;;;;;;;
102,0337445;56,58309619;2,434483013;;;;;;;;;;;;;;;;;;;;;;;;
102,110705;56,5919168;2,423631885;;;;;;;;;;;;;;;;;;;;;;;;
102,1872648;56,60073076;2,412832665;;;;;;;;;;;;;;;;;;;;;;;;
102,2634265;56,60953812;2,402085065;;;;;;;;;;;;;;;;;;;;;;;;
102,3391926;56,61833892;2,391388802;;;;;;;;;;;;;;;;;;;;;;;;
102,4145656;56,62713321;2,380743592;;;;;;;;;;;;;;;;;;;;;;;;
102,4895479;56,63592102;2,370149155;;;;;;;;;;;;;;;;;;;;;;;;
102,564142;56,64470241;2,359605212;;;;;;;;;;;;;;;;;;;;;;;;
102,6383504;56,6534774;2,349111488;;;;;;;;;;;;;;;;;;;;;;;;
102,7121755;56,66224605;2,338667706;;;;;;;;;;;;;;;;;;;;;;;;
102,7856196;56,6710084;2,328273594;;;;;;;;;;;;;;;;;;;;;;;;
102,8586852;56,67976449;2,317928882;;;;;;;;;;;;;;;;;;;;;;;;
102,9313746;56,68851436;2,3076333;;;;;;;;;;;;;;;;;;;;;;;;
103,0036879;56,69725805;2,297318944;;;;;;;;;;;;;;;;;;;;;;;;
103,0756189;56,7059956;2,286777135;;;;;;;;;;;;;;;;;;;;;;;;
103,14717;56,71472706;2,276287005;;;;;;;;;;;;;;;;;;;;;;;;
103,2183435;56,72345245;2,265848264;;;;;;;;;;;;;;;;;;;;;;;;
103,2891419;56,73217183;2,255460624;;;;;;;;;;;;;;;;;;;;;;;;
103,3595675;56,74088524;2,245123801;;;;;;;;;;;;;;;;;;;;;;;;
103,4296227;56,7495927;2,23483751;;;;;;;;;;;;;;;;;;;;;;;;
103,4993098;56,75829427;2,224601471;;;;;;;;;;;;;;;;;;;;;;;;
103,5686311;56,76698998;2,214415404;;;;;;;;;;;;;;;;;;;;;;;;
103,6375889;56,77567987;2,204279032;;;;;;;;;;;;;;;;;;;;;;;;
103,7061854;56,78436398;2,194192079;;;;;;;;;;;;;;;;;;;;;;;;
103,774423;56,79304234;2,184154271;;;;;;;;;;;;;;;;;;;;;;;;
103,8423039;56,801715;2,174165337;;;;;;;;;;;;;;;;;;;;;;;;
103,9098302;56,81038199;2,164225006;;;;;;;;;;;;;;;;;;;;;;;;
103,9770042;56,81904335;2,154333012;;;;;;;;;;;;;;;;;;;;;;;;
104,0438281;56,82769911;2,144489087;;;;;;;;;;;;;;;;;;;;;;;;
104,1103039;56,83634931;2,134692968;;;;;;;;;;;;;;;;;;;;;;;;
104,176434;56,84499398;2,124944391;;;;;;;;;;;;;;;;;;;;;;;;
104,2422203;56,85363317;2,115243097;;;;;;;;;;;;;;;;;;;;;;;;
104,3076651;56,86226691;2,105588826;;;;;;;;;;;;;;;;;;;;;;;;
104,3727704;56,87089523;2,095981321;;;;;;;;;;;;;;;;;;;;;;;;
104,4375383;56,87951817;2,086420326;;;;;;;;;;;;;;;;;;;;;;;;
104,5019708;56,88813576;2,076905589;;;;;;;;;;;;;;;;;;;;;;;;
104,56607;56,89674804;2,067436856;;;;;;;;;;;;;;;;;;;;;;;;
104,629838;56,90535504;2,058013877;;;;;;;;;;;;;;;;;;;;;;;;
104,6932767;56,91395679;2,048636405;;;;;;;;;;;;;;;;;;;;;;;;
104,7563881;56,92255333;2,039304191;;;;;;;;;;;;;;;;;;;;;;;;
104,8191743;56,93114469;2,030016991;;;;;;;;;;;;;;;;;;;;;;;;
104,8816372;56,93973091;2,02077456;;;;;;;;;;;;;;;;;;;;;;;;
104,9437788;56,94831201;2,011576658;;;;;;;;;;;;;;;;;;;;;;;;
105,0056009;56,95688803;2,002423043;;;;;;;;;;;;;;;;;;;;;;;;
105,0671056;56,965459;1,993313476;;;;;;;;;;;;;;;;;;;;;;;;
105,1282947;56,97402496;1,98424772;;;;;;;;;;;;;;;;;;;;;;;;
105,1891702;56,98258592;1,97522554;;;;;;;;;;;;;;;;;;;;;;;;
105,2497338;56,99114194;1,966246701;;;;;;;;;;;;;;;;;;;;;;;;
105,3099875;56,99969303;1,95731097;;;;;;;;;;;;;;;;;;;;;;;;
105,3699332;57,00823923;1,948418117;;;;;;;;;;;;;;;;;;;;;;;;
105,4295726;57,01678056;1,939567912;;;;;;;;;;;;;;;;;;;;;;;;
105,4889076;57,02531707;1,930760127;;;;;;;;;;;;;;;;;;;;;;;;
105,5479399;57,03384877;1,921994534;;;;;;;;;;;;;;;;;;;;;;;;
105,6066715;57,0423757;1,91327091;;;;;;;;;;;;;;;;;;;;;;;;
105,6651041;57,05089789;1,90458903;;;;;;;;;;;;;;;;;;;;;;;;
105,7232394;57,05941537;1,895948671;;;;;;;;;;;;;;;;;;;;;;;;
105,7810792;57,06792816;1,887349614;;;;;;;;;;;;;;;;;;;;;;;;
105,8386253;57,0764363;1,878791639;;;;;;;;;;;;;;;;;;;;;;;;
105,8958793;57,08493981;1,870274528;;;;;;;;;;;;;;;;;;;;;;;;
105,9528431;57,09343872;1,861798063;;;;;;;;;;;;;;;;;;;;;;;;
106,0095182;57,10193307;1,853362031;;;;;;;;;;;;;;;;;;;;;;;;
106,0659065;57,11042287;1,844966217;;;;;;;;;;;;;;;;;;;;;;;;
106,1220095;57,11890816;1,836610408;;;;;;;;;;;;;;;;;;;;;;;;
106,177829;57,12738897;1,828294394;;;;;;;;;;;;;;;;;;;;;;;;
106,2333665;57,13586531;1,820017965;;;;;;;;;;;;;;;;;;;;;;;;
106,2886238;57,14433723;1,811780912;;;;;;;;;;;;;;;;;;;;;;;;
106,3436025;57,15280474;1,803583028;;;;;;;;;;;;;;;;;;;;;;;;
106,3983042;57,16126787;1,795424108;;;;;;;;;;;;;;;;;;;;;;;;
106,4527305;57,16972665;1,787303947;;;;;;;;;;;;;;;;;;;;;;;;
106,506883;57,17818111;1,779222341;;;;;;;;;;;;;;;;;;;;;;;;
106,5607633;57,18663126;1,771179089;;;;;;;;;;;;;;;;;;;;;;;;
106,2463285;57,19518513;-33,47142194;;;;;;;;;;;;;;;;;;;;;;;;
105,2156126;57,20382351;-33,10240796;;;;;;;;;;;;;;;;;;;;;;;;
104,1861882;57,21254799;-32,73674156;;;;;;;;;;;;;;;;;;;;;;;;
103,1579882;57,22136021;-32,37443021;;;;;;;;;;;;;;;;;;;;;;;;
102,1309424;57,23026185;-32,01547859;;;;;;;;;;;;;;;;;;;;;;;;
101,1049776;57,23925465;-31,65988885;;;;;;;;;;;;;;;;;;;;;;;;
100,0800174;57,24834055;-31,34861479;;;;;;;;;;;;;;;;;;;;;;;;
99,05462851;57,25752149;-31,027205;;;;;;;;;;;;;;;;;;;;;;;;
98,02913601;57,26679949;-30,70035056;;;;;;;;;;;;;;;;;;;;;;;;
97,00372033;57,27617659;-30,37050543;;;;;;;;;;;;;;;;;;;;;;;;
95,97848601;57,28565491;-30,03936972;;;;;;;;;;;;;;;;;;;;;;;;
94,95348351;57,29523665;-29,70814636;;;;;;;;;;;;;;;;;;;;;;;;
93,92872356;57,30492397;-29,3562328;;;;;;;;;;;;;;;;;;;;;;;;
92,90494388;57,31471918;-29,01918021;;;;;;;;;;;;;;;;;;;;;;;;
91,88164764;57,32462467;-28,6859462;;;;;;;;;;;;;;;;;;;;;;;;
90,85871366;57,33464292;-28,35648685;;;;;;;;;;;;;;;;;;;;;;;;
89,83601674;57,34477652;-28,0307587;;;;;;;;;;;;;;;;;;;;;;;;
88,81342747;57,35502858;-27,80403473;;;;;;;;;;;;;;;;;;;;;;;;
87,7872526;57,3654019;-27,48109804;;;;;;;;;;;;;;;;;;;;;;;;
86,76099935;57,37589943;-27,16188956;;;;;;;;;;;;;;;;;;;;;;;;
85,73452227;57,3865242;-26,84636569;;;;;;;;;;;;;;;;;;;;;;;;
84,70767046;57,39727942;-26,53448331;;;;;;;;;;;;;;;;;;;;;;;;
83,6802872;57,40816842;-26,22619976;;;;;;;;;;;;;;;;;;;;;;;;
82,65220958;57,41919469;-25,92147287;;;;;;;;;;;;;;;;;;;;;;;;
81,62326803;57,43036187;-25,62026092;;;;;;;;;;;;;;;;;;;;;;;;
80,59328588;57,4416738;-25,32252263;;;;;;;;;;;;;;;;;;;;;;;;
79,56207887;57,45313446;-25,02821719;;;;;;;;;;;;;;;;;;;;;;;;
78,52945457;57,46474696;-24,56035029;;;;;;;;;;;;;;;;;;;;;;;;
77,50270937;57,47651536;-24,23370124;;;;;;;;;;;;;;;;;;;;;;;;
76,476019;57,48844378;-23,89140809;;;;;;;;;;;;;;;;;;;;;;;;
75,4500668;57,50053629;-23,51852168;;;;;;;;;;;;;;;;;;;;;;;;
74,42623412;57,51279781;-23,24101954;;;;;;;;;;;;;;;;;;;;;;;;
73,40034102;57,52523312;-22,91405761;;;;;;;;;;;;;;;;;;;;;;;;
72,37454463;57,53784708;-22,57304433;;;;;;;;;;;;;;;;;;;;;;;;
71,34949656;57,55064457;-22,209309;;;;;;;;;;;;;;;;;;;;;;;;
70,32629231;57,56363031;-21,80784039;;;;;;;;;;;;;;;;;;;;;;;;
69,30680508;57,57681064;-21,5648601;;;;;;;;;;;;;;;;;;;;;;;;
68,28356997;57,59019135;-21,22774885;;;;;;;;;;;;;;;;;;;;;;;;
67,2610177;57,60377829;-20,87212055;;;;;;;;;;;;;;;;;;;;;;;;
66,2401003;57,61757725;-20,48906733;;;;;;;;;;;;;;;;;;;;;;;;
65,22227973;57,63159408;-20,08965879;;;;;;;;;;;;;;;;;;;;;;;;
64,20854401;57,64583539;-19,74160239;;;;;;;;;;;;;;;;;;;;;;;;
63,19641714;57,66030784;-19,37183849;;;;;;;;;;;;;;;;;;;;;;;;
62,18712859;57,67501794;-18,97154353;;;;;;;;;;;;;;;;;;;;;;;;
61,1824649;57,68997268;-18,59076214;;;;;;;;;;;;;;;;;;;;;;;;
60,18159294;57,70517968;-18,23621252;;;;;;;;;;;;;;;;;;;;;;;;
59,18324744;57,72064654;-17,85734565;;;;;;;;;;;;;;;;;;;;;;;;
58,18893818;57,73638059;-17,44525081;;;;;;;;;;;;;;;;;;;;;;;;
57,20079434;57,75238971;-17,05361112;;;;;;;;;;;;;;;;;;;;;;;;
56,21794627;57,76868209;-16,66429541;;;;;;;;;;;;;;;;;;;;;;;;
55,24054245;57,78526548;-16,23757277;;;;;;;;;;;;;;;;;;;;;;;;
54,27115577;57,80214678;-15,75912039;;;;;;;;;;;;;;;;;;;;;;;;
53,31343182;57,8193359;-15,42822666;;;;;;;;;;;;;;;;;;;;;;;;
52,35872068;57,83684195;-15,04122367;;;;;;;;;;;;;;;;;;;;;;;;
51,41079595;57,8546734;-14,6149662;;;;;;;;;;;;;;;;;;;;;;;;
50,4726141;57,87283749;-14,13505347;;;;;;;;;;;;;;;;;;;;;;;;
49,54831273;57,89135371;-14,13594408;;;;;;;;;;;;;;;;;;;;;;;;
48,60603344;57,91023852;-13,95434919;;;;;;;;;;;;;;;;;;;;;;;;
47,65734245;57,92950968;-13,77174348;;;;;;;;;;;;;;;;;;;;;;;;
46,70191156;57,94916544;-12,91384909;;;;;;;;;;;;;;;;;;;;;;;;
45,78811836;57,96920348;-12,10978465;;;;;;;;;;;;;;;;;;;;;;;;
44,91455517;57,98960942;-11,02275313;;;;;;;;;;;;;;;;;;;;;;;;
44,10480854;58,01034449;-9,378627828;;;;;;;;;;;;;;;;;;;;;;;;
43,4047292;58,03144964;-10,017446;;;;;;;;;;;;;;;;;;;;;;;;
42,64361824;58,05294167;-9,921380764;;;;;;;;;;;;;;;;;;;;;;;;
41,87598803;58,07483873;-9,82608758;;;;;;;;;;;;;;;;;;;;;;;;
41,10140319;58,0971605;-9,731520346;;;;;;;;;;;;;;;;;;;;;;;;
40,31939427;58,11992833;-9,637625643;;;;;;;;;;;;;;;;;;;;;;;;
39,52945401;58,14316551;-9,544340671;;;;;;;;;;;;;;;;;;;;;;;;
38,73103318;58,16689748;-9,451590488;;;;;;;;;;;;;;;;;;;;;;;;
37,92353587;58,19111567;-8,733036085;;;;;;;;;;;;;;;;;;;;;;;;
37,16214173;58,21575437;-7,150476477;;;;;;;;;;;;;;;;;;;;;;;;
36,5278993;58,24043493;-0,69718834;;;;;;;;;;;;;;;;;;;;;;;;
36,46595411;58,26511548;0;;;;;;;;;;;;;;;;;;;;;;;;
36,40400893;58,28979604;-0,69718834;;;;;;;;;;;;;;;;;;;;;;;;
36,46227226;58,31451859;0,654635432;;;;;;;;;;;;;;;;;;;;;;;;
36,69677243;58,33920164;2,639015194;;;;;;;;;;;;;;;;;;;;;;;;
36,98877381;58,36372696;3,307255532;;;;;;;;;;;;;;;;;;;;;;;;
37,31408498;58,38805866;3,713846152;;;;;;;;;;;;;;;;;;;;;;;;
37,6608809;58,41217824;3,993942131;;;;;;;;;;;;;;;;;;;;;;;;
38,02220532;58,43607572;4,199936949;;;;;;;;;;;;;;;;;;;;;;;;
38,39357744;58,4597461;4,35814418;;;;;;;;;;;;;;;;;;;;;;;;
38,77195109;58,48318752;4,483678432;;;;;;;;;;;;;;;;;;;;;;;;
39,15518071;58,50640017;4,585975322;;;;;;;;;;;;;;;;;;;;;;;;
39,54171735;58,52938564;4,671269046;;;;;;;;;;;;;;;;;;;;;;;;
39,93042273;58,55214641;4,743851314;;;;;;;;;;;;;;;;;;;;;;;;
40,32044951;58,57468561;4,806769862;;;;;;;;;;;;;;;;;;;;;;;;
40,71116105;58,59700679;4,862242301;;;;;;;;;;;;;;;;;;;;;;;;
41,10207601;58,61911375;4,911914101;;;;;;;;;;;;;;;;;;;;;;;;
41,55903197;58,64101046;5,796863849;;;;;;;;;;;;;;;;;;;;;;;;
42,04719741;58,6626664;6,261630553;;;;;;;;;;;;;;;;;;;;;;;;
42,55832993;58,68407092;6,633237624;;;;;;;;;;;;;;;;;;;;;;;;
43,08671695;58,70521837;6,940515137;;;;;;;;;;;;;;;;;;;;;;;;
43,62822309;58,72610647;7,201148733;;;;;;;;;;;;;;;;;;;;;;;;
44,17976305;58,74673532;7,42676185;;;;;;;;;;;;;;;;;;;;;;;;
44,7389837;58,76710664;7,625381393;;;;;;;;;;;;;;;;;;;;;;;;
45,34564742;58,78722332;8,377011866;;;;;;;;;;;;;;;;;;;;;;;;
45,98350239;58,80707087;8,927144002;;;;;;;;;;;;;;;;;;;;;;;;
46,64438511;58,82664311;9,379537641;;;;;;;;;;;;;;;;;;;;;;;;
47,32249562;58,84593804;9,762360434;;;;;;;;;;;;;;;;;;;;;;;;
48,04182746;58,86495648;10,5063512;;;;;;;;;;;;;;;;;;;;;;;;
48,798527;58,88369015;11,22013233;;;;;;;;;;;;;;;;;;;;;;;;
49,58059018;58,90213333;11,77886762;;;;;;;;;;;;;;;;;;;;;;;;
50,38008813;58,9202856;12,23443837;;;;;;;;;;;;;;;;;;;;;;;;
51,16651;58,9381498;12,22839597;;;;;;;;;;;;;;;;;;;;;;;;
51,92809681;58,95573943;12,02708002;;;;;;;;;;;;;;;;;;;;;;;;
52,66632102;58,97307108;11,83166003;;;;;;;;;;;;;;;;;;;;;;;;
53,38251755;58,9901598;11,64180131;;;;;;;;;;;;;;;;;;;;;;;;
54,07790116;59,00701926;11,45719993;;;;;;;;;;;;;;;;;;;;;;;;
54,75358115;59,02366191;11,27757884;;;;;;;;;;;;;;;;;;;;;;;;
55,41020977;59,0400992;11,09653351;;;;;;;;;;;;;;;;;;;;;;;;
56,04844499;59,05634169;10,91504544;;;;;;;;;;;;;;;;;;;;;;;;
56,66919636;59,07239923;10,73831765;;;;;;;;;;;;;;;;;;;;;;;;
57,27330314;59,08828087;10,56612518;;;;;;;;;;;;;;;;;;;;;;;;
57,86154165;59,103995;10,39826012;;;;;;;;;;;;;;;;;;;;;;;;
58,43463175;59,11954937;10,23452983;;;;;;;;;;;;;;;;;;;;;;;;
58,9932424;59,1349512;10,07475538;;;;;;;;;;;;;;;;;;;;;;;;
59,53797533;59,15020718;9,918383387;;;;;;;;;;;;;;;;;;;;;;;;
60,06926556;59,16532358;9,762945779;;;;;;;;;;;;;;;;;;;;;;;;
60,58766759;59,18030629;9,611120186;;;;;;;;;;;;;;;;;;;;;;;;
61,09370056;59,1951608;9,462764581;;;;;;;;;;;;;;;;;;;;;;;;
61,58785128;59,20989227;9,317745783;;;;;;;;;;;;;;;;;;;;;;;;
62,07057703;59,22450554;9,175938699;;;;;;;;;;;;;;;;;;;;;;;;
62,54230796;59,23900516;9,037225637;;;;;;;;;;;;;;;;;;;;;;;;
63,00658543;59,25339542;8,962032192;;;;;;;;;;;;;;;;;;;;;;;;
63,46291868;59,26767964;8,874074152;;;;;;;;;;;;;;;;;;;;;;;;
63,91154853;59,28186115;8,787456681;;;;;;;;;;;;;;;;;;;;;;;;
64,35270419;59,29594311;8,70214246;;;;;;;;;;;;;;;;;;;;;;;;
64,78660407;59,30992854;8,618095897;;;;;;;;;;;;;;;;;;;;;;;;
65,21345647;59,3238203;8,535283018;;;;;;;;;;;;;;;;;;;;;;;;
65,6334602;59,33762113;8,453671359;;;;;;;;;;;;;;;;;;;;;;;;
66,04680523;59,35133365;8,373229871;;;;;;;;;;;;;;;;;;;;;;;;
66,4536732;59,36496035;8,293928837;;;;;;;;;;;;;;;;;;;;;;;;
66,85423792;59,37850362;8,215739789;;;;;;;;;;;;;;;;;;;;;;;;
67,24866585;59,39196574;8,138635432;;;;;;;;;;;;;;;;;;;;;;;;
67,63711654;59,40534891;8,062589577;;;;;;;;;;;;;;;;;;;;;;;;
68,01974299;59,41865521;7,987577077;;;;;;;;;;;;;;;;;;;;;;;;
68,39669206;59,43188666;7,91357377;;;;;;;;;;;;;;;;;;;;;;;;
68,7681048;59,4450452;7,840556422;;;;;;;;;;;;;;;;;;;;;;;;
69,13429326;59,45813266;7,7722489;;;;;;;;;;;;;;;;;;;;;;;;
69,49565665;59,4711508;7,710679748;;;;;;;;;;;;;;;;;;;;;;;;
69,85230359;59,48410125;7,64981893;;;;;;;;;;;;;;;;;;;;;;;;
70,20433884;59,49698558;7,589652201;;;;;;;;;;;;;;;;;;;;;;;;
70,55186347;59,5098053;7,530165797;;;;;;;;;;;;;;;;;;;;;;;;
70,89497507;59,52256187;7,471346409;;;;;;;;;;;;;;;;;;;;;;;;
71,23376786;59,53525671;7,413181167;;;;;;;;;;;;;;;;;;;;;;;;
71,56833294;59,54789116;7,355657612;;;;;;;;;;;;;;;;;;;;;;;;
71,89875833;59,56046656;7,298763683;;;;;;;;;;;;;;;;;;;;;;;;
72,22512919;59,57298416;7,242487696;;;;;;;;;;;;;;;;;;;;;;;;
72,54752794;59,5854452;7,186818328;;;;;;;;;;;;;;;;;;;;;;;;
72,86603435;59,59785086;7,131744599;;;;;;;;;;;;;;;;;;;;;;;;
73,18072568;59,61020229;7,077255861;;;;;;;;;;;;;;;;;;;;;;;;
73,49167678;59,62250061;7,023341779;;;;;;;;;;;;;;;;;;;;;;;;
73,79896022;59,63474689;6,969992321;;;;;;;;;;;;;;;;;;;;;;;;
74,10264635;59,64694219;6,917197744;;;;;;;;;;;;;;;;;;;;;;;;
74,40280342;59,6590875;6,864948582;;;;;;;;;;;;;;;;;;;;;;;;
74,69949766;59,67118382;6,813235635;;;;;;;;;;;;;;;;;;;;;;;;
74,99279337;59,6832321;6,762049958;;;;;;;;;;;;;;;;;;;;;;;;
75,28270275;59,69523325;6,710220362;;;;;;;;;;;;;;;;;;;;;;;;
75,56922526;59,70718819;6,657465764;;;;;;;;;;;;;;;;;;;;;;;;
75,85242323;59,7190978;6,60526281;;;;;;;;;;;;;;;;;;;;;;;;
76,13235723;59,73096294;6,553602404;;;;;;;;;;;;;;;;;;;;;;;;
76,4090861;59,74278446;6,502475689;;;;;;;;;;;;;;;;;;;;;;;;
76,68266707;59,75456316;6,451874045;;;;;;;;;;;;;;;;;;;;;;;;
76,95315579;59,76629984;6,401789071;;;;;;;;;;;;;;;;;;;;;;;;
77,2206064;59,77799527;6,352212586;;;;;;;;;;;;;;;;;;;;;;;;
77,4850716;59,78965019;6,303136613;;;;;;;;;;;;;;;;;;;;;;;;
77,74660266;59,80126533;6,254553377;;;;;;;;;;;;;;;;;;;;;;;;
78,00524952;59,8128414;6,206455296;;;;;;;;;;;;;;;;;;;;;;;;
78,26106084;59,82437908;6,158834971;;;;;;;;;;;;;;;;;;;;;;;;
78,51408399;59,83587906;6,111685186;;;;;;;;;;;;;;;;;;;;;;;;
78,76436515;59,84734197;6,064998896;;;;;;;;;;;;;;;;;;;;;;;;
79,01194935;59,85876846;6,018769223;;;;;;;;;;;;;;;;;;;;;;;;
79,25688048;59,87015914;5,972989451;;;;;;;;;;;;;;;;;;;;;;;;
79,49920134;59,88151462;5,92765302;;;;;;;;;;;;;;;;;;;;;;;;
79,7389537;59,89283549;5,88275352;;;;;;;;;;;;;;;;;;;;;;;;
79,97617832;59,90412232;5,838284686;;;;;;;;;;;;;;;;;;;;;;;;
80,21091495;59,91537567;5,794240396;;;;;;;;;;;;;;;;;;;;;;;;
80,44320243;59,92659609;5,750614664;;;;;;;;;;;;;;;;;;;;;;;;
80,67307868;59,9377841;5,707401633;;;;;;;;;;;;;;;;;;;;;;;;
80,90058071;59,94894024;5,664595578;;;;;;;;;;;;;;;;;;;;;;;;
81,12574472;59,96006501;5,622190894;;;;;;;;;;;;;;;;;;;;;;;;
81,3486032;59,9711589;5,580111268;;;;;;;;;;;;;;;;;;;;;;;;
81,56916698;59,98222239;5,53782569;;;;;;;;;;;;;;;;;;;;;;;;
81,7874705;59,99325597;5,495937223;;;;;;;;;;;;;;;;;;;;;;;;
82,00354745;60,0042601;5,454440505;;;;;;;;;;;;;;;;;;;;;;;;
82,21743076;60,01523524;5,413330284;;;;;;;;;;;;;;;;;;;;;;;;
82,42915264;60,02618182;5,372601416;;;;;;;;;;;;;;;;;;;;;;;;
82,63888431;60,03710029;5,335803745;;;;;;;;;;;;;;;;;;;;;;;;
82,8468448;60,04799105;5,304204436;;;;;;;;;;;;;;;;;;;;;;;;
83,05311417;60,05885447;5,274310872;;;;;;;;;;;;;;;;;;;;;;;;
83,25771326;60,06969091;5,244626947;;;;;;;;;;;;;;;;;;;;;;;;
83,46066248;60,08050071;5,21515048;;;;;;;;;;;;;;;;;;;;;;;;
83,66198186;60,09128424;5,185879328;;;;;;;;;;;;;;;;;;;;;;;;
83,86169108;60,10204181;5,156811381;;;;;;;;;;;;;;;;;;;;;;;;
84,05980943;60,11277377;5,127944566;;;;;;;;;;;;;;;;;;;;;;;;
84,25635588;60,12348043;5,099276844;;;;;;;;;;;;;;;;;;;;;;;;
84,45134903;60,13416212;5,070806208;;;;;;;;;;;;;;;;;;;;;;;;
84,64480715;60,14481914;5,042530684;;;;;;;;;;;;;;;;;;;;;;;;
84,83674819;60,15545181;5,01444833;;;;;;;;;;;;;;;;;;;;;;;;
85,02718979;60,16606042;4,986557233;;;;;;;;;;;;;;;;;;;;;;;;
85,21614925;60,17664527;4,958855513;;;;;;;;;;;;;;;;;;;;;;;;
85,40364359;60,18720665;4,931341318;;;;;;;;;;;;;;;;;;;;;;;;
85,58968953;60,19774484;4,904012823;;;;;;;;;;;;;;;;;;;;;;;;
85,77430351;60,20826012;4,876868233;;;;;;;;;;;;;;;;;;;;;;;;
85,95750167;60,21875278;4,849905781;;;;;;;;;;;;;;;;;;;;;;;;
86,13929989;60,22922307;4,823123725;;;;;;;;;;;;;;;;;;;;;;;;
86,31971378;60,23967126;4,79652035;;;;;;;;;;;;;;;;;;;;;;;;
86,49875868;60,25009761;4,770093967;;;;;;;;;;;;;;;;;;;;;;;;
86,67644968;60,26050239;4,743842912;;;;;;;;;;;;;;;;;;;;;;;;
86,85280163;60,27088583;4,717765545;;;;;;;;;;;;;;;;;;;;;;;;
87,02782911;60,28124819;4,691860249;;;;;;;;;;;;;;;;;;;;;;;;
87,20154649;60,29158971;4,666125433;;;;;;;;;;;;;;;;;;;;;;;;
87,37396789;60,30191063;4,640559527;;;;;;;;;;;;;;;;;;;;;;;;
87,54510721;60,31221118;4,615160984;;;;;;;;;;;;;;;;;;;;;;;;
87,71497813;60,32249159;4,589928278;;;;;;;;;;;;;;;;;;;;;;;;
87,8835941;60,3327521;4,564859906;;;;;;;;;;;;;;;;;;;;;;;;
88,05096836;60,34299292;4,539954386;;;;;;;;;;;;;;;;;;;;;;;;
88,21711397;60,35321427;4,515210256;;;;;;;;;;;;;;;;;;;;;;;;
88,38204374;60,36341637;4,490626074;;;;;;;;;;;;;;;;;;;;;;;;
88,54577031;60,37359944;4,466200417;;;;;;;;;;;;;;;;;;;;;;;;
88,70830613;60,38376367;4,441931884;;;;;;;;;;;;;;;;;;;;;;;;
88,86966345;60,39390928;4,417819091;;;;;;;;;;;;;;;;;;;;;;;;
89,02985431;60,40403647;4,393860673;;;;;;;;;;;;;;;;;;;;;;;;
89,18889062;60,41414544;4,370055283;;;;;;;;;;;;;;;;;;;;;;;;
89,34678406;60,42423639;4,346401592;;;;;;;;;;;;;;;;;;;;;;;;
89,50354618;60,4343095;4,322898289;;;;;;;;;;;;;;;;;;;;;;;;
89,65918831;60,44436496;4,29954408;;;;;;;;;;;;;;;;;;;;;;;;
89,81372165;60,45440297;4,276337688;;;;;;;;;;;;;;;;;;;;;;;;
89,96715723;60,46442372;4,253277852;;;;;;;;;;;;;;;;;;;;;;;;
90,1195059;60,47442737;4,230363327;;;;;;;;;;;;;;;;;;;;;;;;
90,27075441;60,4844141;4,206926131;;;;;;;;;;;;;;;;;;;;;;;;
90,42090372;60,49438411;4,183361583;;;;;;;;;;;;;;;;;;;;;;;;
90,56996483;60,50433756;4,159950573;;;;;;;;;;;;;;;;;;;;;;;;
90,71794856;60,51427463;4,136691772;;;;;;;;;;;;;;;;;;;;;;;;
90,86486559;60,52419549;4,113583871;;;;;;;;;;;;;;;;;;;;;;;;
91,01072644;60,53410031;4,090625574;;;;;;;;;;;;;;;;;;;;;;;;
91,15554149;60,54398925;4,067815603;;;;;;;;;;;;;;;;;;;;;;;;
91,29932095;60,55386249;4,045152698;;;;;;;;;;;;;;;;;;;;;;;;
91,44207491;60,56372017;4,022635612;;;;;;;;;;;;;;;;;;;;;;;;
91,5838133;60,57356247;4,000263114;;;;;;;;;;;;;;;;;;;;;;;;
91,72454592;60,58338953;3,978033991;;;;;;;;;;;;;;;;;;;;;;;;
91,86428244;60,59320152;3,95594704;;;;;;;;;;;;;;;;;;;;;;;;
92,00303237;60,60299858;3,934001078;;;;;;;;;;;;;;;;;;;;;;;;
92,14080513;60,61278087;3,912194932;;;;;;;;;;;;;;;;;;;;;;;;
92,27760998;60,62254853;3,890527446;;;;;;;;;;;;;;;;;;;;;;;;
92,41345606;60,6323017;3,868997477;;;;;;;;;;;;;;;;;;;;;;;;
92,5483524;60,64204055;3,847603894;;;;;;;;;;;;;;;;;;;;;;;;
92,68230789;60,65176519;3,826345583;;;;;;;;;;;;;;;;;;;;;;;;
92,81533131;60,66147578;3,805221441;;;;;;;;;;;;;;;;;;;;;;;;
92,94743132;60,67117246;3,784230378;;;;;;;;;;;;;;;;;;;;;;;;
93,07861647;60,68085535;3,763371316;;;;;;;;;;;;;;;;;;;;;;;;
93,2088952;60,6905246;3,742643191;;;;;;;;;;;;;;;;;;;;;;;;
93,33827583;60,70018033;3,722044952;;;;;;;;;;;;;;;;;;;;;;;;
93,46676658;60,70982267;3,701575558;;;;;;;;;;;;;;;;;;;;;;;;
93,59437555;60,71945176;3,68123398;;;;;;;;;;;;;;;;;;;;;;;;
93,72111076;60,72906773;3,661019203;;;;;;;;;;;;;;;;;;;;;;;;
93,84698009;60,73867069;3,640930222;;;;;;;;;;;;;;;;;;;;;;;;
93,97199136;60,74826077;3,620966043;;;;;;;;;;;;;;;;;;;;;;;;
94,09615226;60,75783809;3,601125683;;;;;;;;;;;;;;;;;;;;;;;;
94,2194704;60,76740277;3,581408172;;;;;;;;;;;;;;;;;;;;;;;;
94,34195329;60,77695494;3,561812548;;;;;;;;;;;;;;;;;;;;;;;;
94,46360833;60,7864947;3,542337862;;;;;;;;;;;;;;;;;;;;;;;;
94,58444286;60,79602218;3,522983174;;;;;;;;;;;;;;;;;;;;;;;;
94,7044641;60,80553749;3,503747554;;;;;;;;;;;;;;;;;;;;;;;;
94,82367919;60,81504074;3,484630084;;;;;;;;;;;;;;;;;;;;;;;;
94,94209519;60,82453204;3,465629855;;;;;;;;;;;;;;;;;;;;;;;;
95,05971907;60,8340115;3,446745967;;;;;;;;;;;;;;;;;;;;;;;;
95,17655769;60,84347923;3,42797753;;;;;;;;;;;;;;;;;;;;;;;;
95,29261788;60,85293534;3,409323664;;;;;;;;;;;;;;;;;;;;;;;;
95,40790633;60,86237993;3,390783498;;;;;;;;;;;;;;;;;;;;;;;;
95,52242969;60,87181311;3,372356171;;;;;;;;;;;;;;;;;;;;;;;;
95,63619451;60,88123498;3,354040831;;;;;;;;;;;;;;;;;;;;;;;;
95,74920728;60,89064565;3,335836632;;;;;;;;;;;;;;;;;;;;;;;;
95,86147438;60,9000452;3,317742742;;;;;;;;;;;;;;;;;;;;;;;;
95,97300216;60,90943375;3,299758333;;;;;;;;;;;;;;;;;;;;;;;;
96,08379686;60,91881139;3,281882588;;;;;;;;;;;;;;;;;;;;;;;;
96,19386465;60,92817821;3,264114698;;;;;;;;;;;;;;;;;;;;;;;;
96,30321165;60,93753432;3,246453862;;;;;;;;;;;;;;;;;;;;;;;;
96,41184389;60,9468798;3,228899287;;;;;;;;;;;;;;;;;;;;;;;;
96,51976734;60,95621475;3,211450189;;;;;;;;;;;;;;;;;;;;;;;;
96,62698789;60,96553927;3,194105792;;;;;;;;;;;;;;;;;;;;;;;;
96,73351138;60,97485344;3,176865325;;;;;;;;;;;;;;;;;;;;;;;;
96,83934356;60,98415735;3,159728029;;;;;;;;;;;;;;;;;;;;;;;;
96,94449014;60,99345109;3,14269315;;;;;;;;;;;;;;;;;;;;;;;;
97,04901393;61,00273475;3,127470756;;;;;;;;;;;;;;;;;;;;;;;;
97,15294935;61,01200842;3,113219201;;;;;;;;;;;;;;;;;;;;;;;;
97,25630069;61,02127216;3,099039386;;;;;;;;;;;;;;;;;;;;;;;;
97,35907219;61,03052606;3,08493087;;;;;;;;;;;;;;;;;;;;;;;;
97,46126805;61,03977019;3,070893214;;;;;;;;;;;;;;;;;;;;;;;;
96,61542081;61,04918568;-30,33645162;;;;;;;;;;;;;;;;;;;;;;;;
95,58714337;61,05870363;-30,02985709;;;;;;;;;;;;;;;;;;;;;;;;
94,55818178;61,06832622;-29,68121118;;;;;;;;;;;;;;;;;;;;;;;;
93,52998614;61,07805569;-29,33659355;;;;;;;;;;;;;;;;;;;;;;;;
92,50243959;61,0878944;-28,99595724;;;;;;;;;;;;;;;;;;;;;;;;
91,47542162;61,09784478;-28,65925581;;;;;;;;;;;;;;;;;;;;;;;;
90,44880788;61,10790936;-28,32644337;;;;;;;;;;;;;;;;;;;;;;;;
89,42246991;61,11809079;-27,99747452;;;;;;;;;;;;;;;;;;;;;;;;
88,39627488;61,12839179;-27,67230437;;;;;;;;;;;;;;;;;;;;;;;;
87,37008536;61,13881525;-27,35088854;;;;;;;;;;;;;;;;;;;;;;;;
86,34375897;61,14936412;-27,03318313;;;;;;;;;;;;;;;;;;;;;;;;
85,31714808;61,16004153;-26,71914475;;;;;;;;;;;;;;;;;;;;;;;;
84,29009947;61,17085073;-26,40873045;;;;;;;;;;;;;;;;;;;;;;;;
83,26245397;61,1817951;-26,10189779;;;;;;;;;;;;;;;;;;;;;;;;
82,23404599;61,1928782;-25,79860477;;;;;;;;;;;;;;;;;;;;;;;;
81,20470315;61,20410375;-25,49880986;;;;;;;;;;;;;;;;;;;;;;;;
80,17424576;61,21547565;-25,20247197;;;;;;;;;;;;;;;;;;;;;;;;
79,1424863;61,22699797;-24,90955045;;;;;;;;;;;;;;;;;;;;;;;;
78,10922884;61,23867502;-24,6200051;;;;;;;;;;;;;;;;;;;;;;;;
77,07426843;61,2505113;-24,33379611;;;;;;;;;;;;;;;;;;;;;;;;
76,0373904;61,26251156;-24,05088412;;;;;;;;;;;;;;;;;;;;;;;;
74,99836962;61,2746808;-23,77123016;;;;;;;;;;;;;;;;;;;;;;;;
73,95696965;61,28702429;-23,49479567;;;;;;;;;;;;;;;;;;;;;;;;
72,91294186;61,29954759;-23,22154247;;;;;;;;;;;;;;;;;;;;;;;;
71,86602437;61,31225659;-22,95143275;;;;;;;;;;;;;;;;;;;;;;;;
70,815941;61,32515753;-22,6844291;;;;;;;;;;;;;;;;;;;;;;;;
69,76239998;61,33825699;-22,42049444;;;;;;;;;;;;;;;;;;;;;;;;
68,70509259;61,351562;-22,15959204;;;;;;;;;;;;;;;;;;;;;;;;
67,64369164;61,36507913;-21,8135507;;;;;;;;;;;;;;;;;;;;;;;;
66,58220831;61,37881594;-21,53221159;;;;;;;;;;;;;;;;;;;;;;;;
65,51738614;61,39278029;-21,23582173;;;;;;;;;;;;;;;;;;;;;;;;
64,44982604;61,40698006;-20,90266955;;;;;;;;;;;;;;;;;;;;;;;;
63,38129872;61,42142462;-20,65554181;;;;;;;;;;;;;;;;;;;;;;;;
62,3072021;61,4361234;-20,3648298;;;;;;;;;;;;;;;;;;;;;;;;
61,22958499;61,45108617;-20,05565631;;;;;;;;;;;;;;;;;;;;;;;;
60,14926714;61,46632285;-19,71249623;;;;;;;;;;;;;;;;;;;;;;;;
59,06799655;61,48184288;-19,30183351;;;;;;;;;;;;;;;;;;;;;;;;
57,98956212;61,49765745;-18,97011389;;;;;;;;;;;;;;;;;;;;;;;;
56,90954704;61,51377783;-18,60260551;;;;;;;;;;;;;;;;;;;;;;;;
55,82997569;61,53021484;-18,17553496;;;;;;;;;;;;;;;;;;;;;;;;
54,7544702;61,5469778;-17,64252588;;;;;;;;;;;;;;;;;;;;;;;;
53,68980278;61,56408471;-17,52815647;;;;;;;;;;;;;;;;;;;;;;;;
52,61033373;61,58154917;-17,13183736;;;;;;;;;;;;;;;;;;;;;;;;
51,53321972;61,59938409;-16,67173018;;;;;;;;;;;;;;;;;;;;;;;;
50,4627994;61,61760032;-16,10776991;;;;;;;;;;;;;;;;;;;;;;;;
49,40647688;61,63620738;-15,49202113;;;;;;;;;;;;;;;;;;;;;;;;
48,36873739;61,65521897;-15,03750571;;;;;;;;;;;;;;;;;;;;;;;;
47,33954459;61,67464684;-14,50276337;;;;;;;;;;;;;;;;;;;;;;;;
46,32521684;61,69449866;-13,84338602;;;;;;;;;;;;;;;;;;;;;;;;
45,33587741;61,71478601;-13,32582199;;;;;;;;;;;;;;;;;;;;;;;;
44,3626335;61,7355173;-12,72886032;;;;;;;;;;;;;;;;;;;;;;;;
43,41264514;61,75669398;-11,97702581;;;;;;;;;;;;;;;;;;;;;;;;
42,49956368;61,77830431;-10,9619412;;;;;;;;;;;;;;;;;;;;;;;;
41,6467556;61,80036495;-10,70415129;;;;;;;;;;;;;;;;;;;;;;;;
40,79665027;61,82288103;-10,18063534;;;;;;;;;;;;;;;;;;;;;;;;
39,97142938;61,84584984;-9,528100732;;;;;;;;;;;;;;;;;;;;;;;;
39,18357252;61,86924817;-8,53931966;;;;;;;;;;;;;;;;;;;;;;;;
38,46427134;61,8930955;-8,435523387;;;;;;;;;;;;;;;;;;;;;;;;
37,74007847;61,91741251;-8,326865948;;;;;;;;;;;;;;;;;;;;;;;;
37,01113443;61,94222111;-8,211751932;;;;;;;;;;;;;;;;;;;;;;;;
36,27773483;61,96754441;-8,088001326;;;;;;;;;;;;;;;;;;;;;;;;
35,54040145;61,99340648;-7,952569375;;;;;;;;;;;;;;;;;;;;;;;;
34,7999896;62,01983211;-7,801091314;;;;;;;;;;;;;;;;;;;;;;;;
34,0578543;62,04684606;-7,62710774;;;;;;;;;;;;;;;;;;;;;;;;
33,31611631;62,07451767;-7,948412589;;;;;;;;;;;;;;;;;;;;;;;;
32,52431306;62,10287703;-7,725870459;;;;;;;;;;;;;;;;;;;;;;;;
31,7355503;62,13195066;-7,449103003;;;;;;;;;;;;;;;;;;;;;;;;
30,9558895;62,16175624;-7,084817269;;;;;;;;;;;;;;;;;;;;;;;;
30,19568798;62,19229166;-6,565431672;;;;;;;;;;;;;;;;;;;;;;;;
29,47396636;62,22350774;-5,718839676;;;;;;;;;;;;;;;;;;;;;;;;
28,83129525;62,25478498;-0,500743402;;;;;;;;;;;;;;;;;;;;;;;;
28,7749125;62,28606223;0;;;;;;;;;;;;;;;;;;;;;;;;
28,71852976;62,31733947;-0,500743402;;;;;;;;;;;;;;;;;;;;;;;;
29,08832653;62,34867813;3,277783888;;;;;;;;;;;;;;;;;;;;;;;;
29,48561819;62,37961837;3,56683627;;;;;;;;;;;;;;;;;;;;;;;;
29,89552847;62,41014173;3,73038821;;;;;;;;;;;;;;;;;;;;;;;;
30,31095686;62,44024656;3,833164003;;;;;;;;;;;;;;;;;;;;;;;;
30,72814647;62,4699388;3,902906214;;;;;;;;;;;;;;;;;;;;;;;;
31,1450056;62,49922791;3,953490257;;;;;;;;;;;;;;;;;;;;;;;;
31,56034187;62,52812499;3,992484777;;;;;;;;;;;;;;;;;;;;;;;;
31,97347384;62,5566418;4,024254924;;;;;;;;;;;;;;;;;;;;;;;;
32,38402034;62,58479013;4,051419067;;;;;;;;;;;;;;;;;;;;;;;;
32,79178095;62,61258161;4,07559511;;;;;;;;;;;;;;;;;;;;;;;;
33,19666576;62,64002752;4,0978068;;;;;;;;;;;;;;;;;;;;;;;;
33,59865302;62,66713867;4,118714945;;;;;;;;;;;;;;;;;;;;;;;;
33,9977631;62,69392546;4,138753515;;;;;;;;;;;;;;;;;;;;;;;;
34,39404231;62,72039779;4,158211947;;;;;;;;;;;;;;;;;;;;;;;;
34,78755252;62,74656511;4,177286024;;;;;;;;;;;;;;;;;;;;;;;;
35,17836461;62,77243644;4,196109936;;;;;;;;;;;;;;;;;;;;;;;;
35,75868038;62,79802034;6,300790002;;;;;;;;;;;;;;;;;;;;;;;;
36,41582246;62,82318906;7,25263381;;;;;;;;;;;;;;;;;;;;;;;;
37,11978112;62,84790359;7,912109116;;;;;;;;;;;;;;;;;;;;;;;;
37,85364721;62,87214942;8,407700259;;;;;;;;;;;;;;;;;;;;;;;;
38,60687785;62,8959252;8,800162575;;;;;;;;;;;;;;;;;;;;;;;;
39,33647395;62,91923711;8,693650512;;;;;;;;;;;;;;;;;;;;;;;;
40,08090662;62,94211664;9,038072875;;;;;;;;;;;;;;;;;;;;;;;;
40,8350172;62,96457122;9,32883824;;;;;;;;;;;;;;;;;;;;;;;;
41,5951511;62,98661113;9,580271928;;;;;;;;;;;;;;;;;;;;;;;;
42,4160654;63,00824826;10,53890558;;;;;;;;;;;;;;;;;;;;;;;;
43,25970591;63,02946664;11,04441698;;;;;;;;;;;;;;;;;;;;;;;;
44,11762832;63,05027122;11,45477503;;;;;;;;;;;;;;;;;;;;;;;;
44,92955679;63,07067123;11,05566627;;;;;;;;;;;;;;;;;;;;;;;;
45,73131106;63,09070259;11,11804437;;;;;;;;;;;;;;;;;;;;;;;;
46,523539;63,11038276;11,18198227;;;;;;;;;;;;;;;;;;;;;;;;
47,30682819;63,1297278;11,24734108;;;;;;;;;;;;;;;;;;;;;;;;
48,08171358;63,14875254;11,31400307;;;;;;;;;;;;;;;;;;;;;;;;
48,84771146;63,16747067;11,36743548;;;;;;;;;;;;;;;;;;;;;;;;
49,60566281;63,18589528;11,42721872;;;;;;;;;;;;;;;;;;;;;;;;
50,35604617;63,20403837;11,48866179;;;;;;;;;;;;;;;;;;;;;;;;
51,09929984;63,2219111;11,5516407;;;;;;;;;;;;;;;;;;;;;;;;
51,83582643;63,23952387;11,6160472;;;;;;;;;;;;;;;;;;;;;;;;
52,57684611;63,25688638;11,8553604;;;;;;;;;;;;;;;;;;;;;;;;
53,29568092;63,27400418;11,66483546;;;;;;;;;;;;;;;;;;;;;;;;
53,99355953;63,2908911;11,47960368;;;;;;;;;;;;;;;;;;;;;;;;
54,67160349;63,30755976;11,29938488;;;;;;;;;;;;;;;;;;;;;;;;
55,33055808;63,32402168;11,11916792;;;;;;;;;;;;;;;;;;;;;;;;
55,97100228;63,34028756;10,93707867;;;;;;;;;;;;;;;;;;;;;;;;
56,59385485;63,35636732;10,75977859;;;;;;;;;;;;;;;;;;;;;;;;
57,19996326;63,3722701;10,58704052;;;;;;;;;;;;;;;;;;;;;;;;
57,7901112;63,38800438;10,41865454;;;;;;;;;;;;;;;;;;;;;;;;
58,36502515;63,40357798;10,25442623;;;;;;;;;;;;;;;;;;;;;;;;
58,92538004;63,41899817;10,09417505;;;;;;;;;;;;;;;;;;;;;;;;
59,47180417;63,43427172;9,937731394;;;;;;;;;;;;;;;;;;;;;;;;
60,00471488;63,44940495;9,781839883;;;;;;;;;;;;;;;;;;;;;;;;
60,52467126;63,46440377;9,629578482;;;;;;;;;;;;;;;;;;;;;;;;
61,03219661;63,47927374;9,48080402;;;;;;;;;;;;;;;;;;;;;;;;
61,52778157;63,49402005;9,335382274;;;;;;;;;;;;;;;;;;;;;;;;
62,01188689;63,50864759;9,193187193;;;;;;;;;;;;;;;;;;;;;;;;
62,48494594;63,52316094;9,054100213;;;;;;;;;;;;;;;;;;;;;;;;
62,95021251;63,53756441;8,972887795;;;;;;;;;;;;;;;;;;;;;;;;
63,40750457;63,55186142;8,884763084;;;;;;;;;;;;;;;;;;;;;;;;
63,8570644;63,56605532;8,797983634;;;;;;;;;;;;;;;;;;;;;;;;
64,2991226;63,5801493;8,712511905;;;;;;;;;;;;;;;;;;;;;;;;
64,73389885;63,59414638;8,6283121;;;;;;;;;;;;;;;;;;;;;;;;
65,16160264;63,60804945;8,545350052;;;;;;;;;;;;;;;;;;;;;;;;
65,58243394;63,62186127;8,463593117;;;;;;;;;;;;;;;;;;;;;;;;
65,99658375;63,63558445;8,38301008;;;;;;;;;;;;;;;;;;;;;;;;
66,4042347;63,64922152;8,303571065;;;;;;;;;;;;;;;;;;;;;;;;
66,80556154;63,66277488;8,225247454;;;;;;;;;;;;;;;;;;;;;;;;
67,20073161;63,67624681;8,148011812;;;;;;;;;;;;;;;;;;;;;;;;
67,58990527;63,68963952;8,07183782;;;;;;;;;;;;;;;;;;;;;;;;
67,97323631;63,70295512;7,996700205;;;;;;;;;;;;;;;;;;;;;;;;
68,35087232;63,71619562;7,922574689;;;;;;;;;;;;;;;;;;;;;;;;
68,72295505;63,72936297;7,849437926;;;;;;;;;;;;;;;;;;;;;;;;
69,08974164;63,74245904;7,779832889;;;;;;;;;;;;;;;;;;;;;;;;
69,45168959;63,75548557;7,718176051;;;;;;;;;;;;;;;;;;;;;;;;
69,80890801;63,76844422;7,657229324;;;;;;;;;;;;;;;;;;;;;;;;
70,16150213;63,78133656;7,596978404;;;;;;;;;;;;;;;;;;;;;;;;
70,50957345;63,7941641;7,537409467;;;;;;;;;;;;;;;;;;;;;;;;
70,85321997;63,80692833;7,478509152;;;;;;;;;;;;;;;;;;;;;;;;
71,19253633;63,81963064;7,420264535;;;;;;;;;;;;;;;;;;;;;;;;
71,52761399;63,83227242;7,362663108;;;;;;;;;;;;;;;;;;;;;;;;
71,85854136;63,84485497;7,305692762;;;;;;;;;;;;;;;;;;;;;;;;
72,18540392;63,85737958;7,249341769;;;;;;;;;;;;;;;;;;;;;;;;
72,50828443;63,86984747;7,193598761;;;;;;;;;;;;;;;;;;;;;;;;
72,82726297;63,88225985;7,138452718;;;;;;;;;;;;;;;;;;;;;;;;
73,14241711;63,89461786;7,083892951;;;;;;;;;;;;;;;;;;;;;;;;
73,45382199;63,90692262;7,029909089;;;;;;;;;;;;;;;;;;;;;;;;
73,76155044;63,91917522;6,976491064;;;;;;;;;;;;;;;;;;;;;;;;
74,06567309;63,93137669;6,923629096;;;;;;;;;;;;;;;;;;;;;;;;
74,36625844;63,94352807;6,871313687;;;;;;;;;;;;;;;;;;;;;;;;
74,66337297;63,95563034;6,819535605;;;;;;;;;;;;;;;;;;;;;;;;
74,95708118;63,96768444;6,768285874;;;;;;;;;;;;;;;;;;;;;;;;
75,24740938;63,97969131;6,71671433;;;;;;;;;;;;;;;;;;;;;;;;
75,53434297;63,99165185;6,66389159;;;;;;;;;;;;;;;;;;;;;;;;
75,81794448;64,00356696;6,611621624;;;;;;;;;;;;;;;;;;;;;;;;
76,0982747;64,0154375;6,559895306;;;;;;;;;;;;;;;;;;;;;;;;
76,37539268;64,02726432;6,508703751;;;;;;;;;;;;;;;;;;;;;;;;
76,64935584;64,03904822;6,458038308;;;;;;;;;;;;;;;;;;;;;;;;
76,92022003;64,05079;6,407890553;;;;;;;;;;;;;;;;;;;;;;;;
77,18803956;64,06249043;6,358252275;;;;;;;;;;;;;;;;;;;;;;;;
77,4528673;64,07415027;6,309115476;;;;;;;;;;;;;;;;;;;;;;;;
77,7147547;64,08577024;6,260472354;;;;;;;;;;;;;;;;;;;;;;;;
77,97375187;64,09735105;6,212315305;;;;;;;;;;;;;;;;;;;;;;;;
78,22990761;64,1088934;6,164636908;;;;;;;;;;;;;;;;;;;;;;;;
78,48326944;64,12039795;6,117429924;;;;;;;;;;;;;;;;;;;;;;;;
78,73388371;64,13186536;6,070687289;;;;;;;;;;;;;;;;;;;;;;;;
78,98179556;64,14329627;6,024402103;;;;;;;;;;;;;;;;;;;;;;;;
79,22704902;64,1546913;5,978567631;;;;;;;;;;;;;;;;;;;;;;;;
79,46968705;64,16605106;5,933177295;;;;;;;;;;;;;;;;;;;;;;;;
79,70975151;64,17737613;5,888224667;;;;;;;;;;;;;;;;;;;;;;;;
79,94728329;64,1886671;5,843703463;;;;;;;;;;;;;;;;;;;;;;;;
80,18232228;64,19992452;5,799607546;;;;;;;;;;;;;;;;;;;;;;;;
80,41490741;64,21114894;5,755930911;;;;;;;;;;;;;;;;;;;;;;;;
80,64507672;64,22234089;5,712667688;;;;;;;;;;;;;;;;;;;;;;;;
80,87286733;64,2335009;5,669812133;;;;;;;;;;;;;;;;;;;;;;;;
81,09831552;64,24462948;5,62735863;;;;;;;;;;;;;;;;;;;;;;;;
81,32145675;64,25572712;5,585301681;;;;;;;;;;;;;;;;;;;;;;;;
81,54229945;64,26679431;5,542978588;;;;;;;;;;;;;;;;;;;;;;;;
81,76087773;64,27783153;5,501041819;;;;;;;;;;;;;;;;;;;;;;;;
81,97722536;64,28883924;5,459497448;;;;;;;;;;;;;;;;;;;;;;;;
82,19137535;64,2998179;5,418340211;;;;;;;;;;;;;;;;;;;;;;;;
82,40336001;64,31076795;5,377564951;;;;;;;;;;;;;;;;;;;;;;;;
82,61332119;64,32168983;5,339971351;;;;;;;;;;;;;;;;;;;;;;;;
82,82149005;64,33258396;5,307876704;;;;;;;;;;;;;;;;;;;;;;;;
83,02796523;64,34345071;5,277957337;;;;;;;;;;;;;;;;;;;;;;;;
83,23276758;64,35429043;5,248247879;;;;;;;;;;;;;;;;;;;;;;;;
83,43591759;64,36510348;5,218746143;;;;;;;;;;;;;;;;;;;;;;;;
83,63743534;64,3758902;5,189449982;;;;;;;;;;;;;;;;;;;;;;;;
83,83734053;64,38665093;5,160357283;;;;;;;;;;;;;;;;;;;;;;;;
84,03565252;64,397386;5,131465968;;;;;;;;;;;;;;;;;;;;;;;;
84,2323903;64,40809574;5,102773994;;;;;;;;;;;;;;;;;;;;;;;;
84,42757252;64,41878047;5,074279349;;;;;;;;;;;;;;;;;;;;;;;;
84,6212175;64,42944049;5,045980056;;;;;;;;;;;;;;;;;;;;;;;;
84,81334322;64,44007612;5,017874169;;;;;;;;;;;;;;;;;;;;;;;;
85,00396735;64,45068766;4,989959772;;;;;;;;;;;;;;;;;;;;;;;;
85,19310724;64,4612754;4,96223498;;;;;;;;;;;;;;;;;;;;;;;;
85,38077995;64,47183964;4,934697937;;;;;;;;;;;;;;;;;;;;;;;;
85,56700223;64,48238065;4,907346817;;;;;;;;;;;;;;;;;;;;;;;;
85,75179055;64,49289873;4,88017982;;;;;;;;;;;;;;;;;;;;;;;;
85,9351611;64,50339413;4,853195176;;;;;;;;;;;;;;;;;;;;;;;;
86,11712977;64,51386715;4,826391139;;;;;;;;;;;;;;;;;;;;;;;;
86,29771221;64,52431803;4,799765993;;;;;;;;;;;;;;;;;;;;;;;;
86,47692381;64,53474704;4,773318043;;;;;;;;;;;;;;;;;;;;;;;;
86,65477967;64,54515444;4,747045623;;;;;;;;;;;;;;;;;;;;;;;;
86,83129467;64,55554048;4,720947091;;;;;;;;;;;;;;;;;;;;;;;;
87,00648344;64,56590541;4,695020827;;;;;;;;;;;;;;;;;;;;;;;;
87,18036036;64,57624947;4,669265235;;;;;;;;;;;;;;;;;;;;;;;;
87,35293958;64,58657289;4,643678745;;;;;;;;;;;;;;;;;;;;;;;;
87,52423504;64,59687592;4,618259805;;;;;;;;;;;;;;;;;;;;;;;;
87,69426043;64,60715879;4,593006889;;;;;;;;;;;;;;;;;;;;;;;;
87,86302924;64,61742172;4,56791849;;;;;;;;;;;;;;;;;;;;;;;;
88,03055474;64,62766493;4,542993122;;;;;;;;;;;;;;;;;;;;;;;;
88,19684999;64,63788866;4,518229322;;;;;;;;;;;;;;;;;;;;;;;;
88,36192785;64,6480931;4,493625645;;;;;;;;;;;;;;;;;;;;;;;;
88,52580097;64,65827848;4,469180667;;;;;;;;;;;;;;;;;;;;;;;;
88,68848183;64,66844501;4,444892983;;;;;;;;;;;;;;;;;;;;;;;;
88,84998269;64,67859289;4,420761208;;;;;;;;;;;;;;;;;;;;;;;;
89,01031565;64,68872233;4,396783973;;;;;;;;;;;;;;;;;;;;;;;;
89,16949259;64,69883351;4,37295993;;;;;;;;;;;;;;;;;;;;;;;;
89,32752526;64,70892665;4,349287748;;;;;;;;;;;;;;;;;;;;;;;;
89,48442518;64,71900193;4,325766114;;;;;;;;;;;;;;;;;;;;;;;;
89,64020375;64,72905955;4,302393731;;;;;;;;;;;;;;;;;;;;;;;;
89,79487217;64,73909969;4,27916932;;;;;;;;;;;;;;;;;;;;;;;;
89,94844148;64,74912253;4,256091618;;;;;;;;;;;;;;;;;;;;;;;;
90,10092257;64,75912826;4,233159379;;;;;;;;;;;;;;;;;;;;;;;;
90,25230634;64,76911706;4,209820182;;;;;;;;;;;;;;;;;;;;;;;;
90,40258956;64,77908911;4,186236755;;;;;;;;;;;;;;;;;;;;;;;;
90,55178324;64,78904457;4,162807029;;;;;;;;;;;;;;;;;;;;;;;;
90,69989823;64,79898364;4,139529674;;;;;;;;;;;;;;;;;;;;;;;;
90,84694522;64,80890647;4,116403378;;;;;;;;;;;;;;;;;;;;;;;;
90,99293475;64,81881324;4,093426843;;;;;;;;;;;;;;;;;;;;;;;;
91,13787721;64,82870412;4,070598791;;;;;;;;;;;;;;;;;;;;;;;;
91,28178285;64,83857927;4,047917958;;;;;;;;;;;;;;;;;;;;;;;;
91,42466175;64,84843885;4,025383095;;;;;;;;;;;;;;;;;;;;;;;;
91,56652388;64,85828302;4,002992971;;;;;;;;;;;;;;;;;;;;;;;;
91,70737905;64,86811194;3,980746368;;;;;;;;;;;;;;;;;;;;;;;;
91,84723694;64,87792576;3,958642085;;;;;;;;;;;;;;;;;;;;;;;;
91,98610709;64,88772464;3,936678934;;;;;;;;;;;;;;;;;;;;;;;;
92,12399892;64,89750873;3,914855742;;;;;;;;;;;;;;;;;;;;;;;;
92,26092171;64,90727817;3,893171351;;;;;;;;;;;;;;;;;;;;;;;;
92,39688463;64,91703311;3,871624615;;;;;;;;;;;;;;;;;;;;;;;;
92,5318967;64,9267737;3,850214404;;;;;;;;;;;;;;;;;;;;;;;;
92,66596684;64,93650008;3,828939601;;;;;;;;;;;;;;;;;;;;;;;;
92,79910384;64,94621238;3,8077991;;;;;;;;;;;;;;;;;;;;;;;;
92,93131638;64,95591075;3,78679181;;;;;;;;;;;;;;;;;;;;;;;;
92,96854279;64,96568966;-26,52309816;;;;;;;;;;;;;;;;;;;;;;;;
92,03482188;64,97556809;-26,07451033;;;;;;;;;;;;;;;;;;;;;;;;
91,10755061;64,98554753;-25,66639041;;;;;;;;;;;;;;;;;;;;;;;;
90,18546069;64,99562914;-25,18543676;;;;;;;;;;;;;;;;;;;;;;;;
89,27138486;65,00581402;-24,68309143;;;;;;;;;;;;;;;;;;;;;;;;
88,36636613;65,01610306;-24,15356021;;;;;;;;;;;;;;;;;;;;;;;;
87,47170499;65,02649645;-23,47214034;;;;;;;;;;;;;;;;;;;;;;;;
86,59346628;65,03699538;-23,03079658;;;;;;;;;;;;;;;;;;;;;;;;
85,72299057;65,04760095;-22,57478942;;;;;;;;;;;;;;;;;;;;;;;;
84,86108409;65,05831413;-22,10077807;;;;;;;;;;;;;;;;;;;;;;;;
84,00871393;65,06913572;-21,60458219;;;;;;;;;;;;;;;;;;;;;;;;
83,1670483;65,08006792;-21,37933013;;;;;;;;;;;;;;;;;;;;;;;;
82,32564549;65,09111134;-20,8569503;;;;;;;;;;;;;;;;;;;;;;;;
81,49644963;65,10226635;-20,29951605;;;;;;;;;;;;;;;;;;;;;;;;
80,68126118;65,11353292;-19,69773298;;;;;;;;;;;;;;;;;;;;;;;;
79,88232784;65,12490897;-18,77113911;;;;;;;;;;;;;;;;;;;;;;;;
79,11357876;65,13639286;-17,97060313;;;;;;;;;;;;;;;;;;;;;;;;
78,37063784;65,14798192;-17,04599346;;;;;;;;;;;;;;;;;;;;;;;;
77,65946868;65,15967199;-15,94483737;;;;;;;;;;;;;;;;;;;;;;;;
76,98844234;65,17146098;-15,22265933;;;;;;;;;;;;;;;;;;;;;;;;
76,34238687;65,18334869;-14,81322965;;;;;;;;;;;;;;;;;;;;;;;;
75,70844353;65,19533464;-14,38132016;;;;;;;;;;;;;;;;;;;;;;;;
75,08789776;65,20741805;-13,92216556;;;;;;;;;;;;;;;;;;;;;;;;
74,48227966;65,21959287;-12,75797102;;;;;;;;;;;;;;;;;;;;;;;;
73,92310638;65,23184954;-11,18953236;;;;;;;;;;;;;;;;;;;;;;;;
73,42937913;65,24417271;-8,930894954;;;;;;;;;;;;;;;;;;;;;;;;
73,03317426;65,25651283;-2,259065229;;;;;;;;;;;;;;;;;;;;;;;;
72,93281654;65,26885296;0;;;;;;;;;;;;;;;;;;;;;;;;
72,83245881;65,28119308;-2,259065229;;;;;;;;;;;;;;;;;;;;;;;;
72,89657121;65,29355021;1,441192458;;;;;;;;;;;;;;;;;;;;;;;;
73,02229191;65,30589647;2,828582606;;;;;;;;;;;;;;;;;;;;;;;;
73,19068938;65,31822147;3,795299139;;;;;;;;;;;;;;;;;;;;;;;;
73,39222879;65,33051812;4,552718736;;;;;;;;;;;;;;;;;;;;;;;;
73,62089807;65,342781;5,179798701;;;;;;;;;;;;;;;;;;;;;;;;
73,87247586;65,35500579;5,716476119;;;;;;;;;;;;;;;;;;;;;;;;
74,14380236;65,36718894;6,186284133;;;;;;;;;;;;;;;;;;;;;;;;
74,44348315;65,37932752;6,857862139;;;;;;;;;;;;;;;;;;;;;;;;
74,73970999;65,39141723;6,806221648;;;;;;;;;;;;;;;;;;;;;;;;
75,03254693;65,40345902;6,755107224;;;;;;;;;;;;;;;;;;;;;;;;
75,3219905;65,41545381;6,70299033;;;;;;;;;;;;;;;;;;;;;;;;
75,60805582;65,42740251;6,650311536;;;;;;;;;;;;;;;;;;;;;;;;
75,89080497;65,43930601;6,598183131;;;;;;;;;;;;;;;;;;;;;;;;
76,17029827;65,45116515;6,546596052;;;;;;;;;;;;;;;;;;;;;;;;
76,44659434;65,46298078;6,495541474;;;;;;;;;;;;;;;;;;;;;;;;
76,7197502;65,4747537;6,445010808;;;;;;;;;;;;;;;;;;;;;;;;
76,98982128;65,48648471;6,394995684;;;;;;;;;;;;;;;;;;;;;;;;
77,25686153;65,49817457;6,345487947;;;;;;;;;;;;;;;;;;;;;;;;
77,52092343;65,50982402;6,296479651;;;;;;;;;;;;;;;;;;;;;;;;
77,7820581;65,52143379;6,247963046;;;;;;;;;;;;;;;;;;;;;;;;
78,04031528;65,53300458;6,199930576;;;;;;;;;;;;;;;;;;;;;;;;
78,29574345;65,54453708;6,152374867;;;;;;;;;;;;;;;;;;;;;;;;
78,54838982;65,55603196;6,105288727;;;;;;;;;;;;;;;;;;;;;;;;
78,79830041;65,56748986;6,058665134;;;;;;;;;;;;;;;;;;;;;;;;
79,0455201;65,57891143;6,012497232;;;;;;;;;;;;;;;;;;;;;;;;
79,29009262;65,59029728;5,966778328;;;;;;;;;;;;;;;;;;;;;;;;
79,53206063;65,601648;5,92150188;;;;;;;;;;;;;;;;;;;;;;;;
79,77146576;65,61296419;5,8766615;;;;;;;;;;;;;;;;;;;;;;;;
80,00834862;65,62424642;5,832250944;;;;;;;;;;;;;;;;;;;;;;;;
80,24274885;65,63549525;5,788264107;;;;;;;;;;;;;;;;;;;;;;;;
80,47470516;65,64671121;5,74469502;;;;;;;;;;;;;;;;;;;;;;;;
80,70425534;65,65789485;5,701537847;;;;;;;;;;;;;;;;;;;;;;;;
80,93143629;65,66904668;5,658786877;;;;;;;;;;;;;;;;;;;;;;;;
81,15628408;65,6801672;5,616436524;;;;;;;;;;;;;;;;;;;;;;;;
81,37882745;65,69125692;5,574318973;;;;;;;;;;;;;;;;;;;;;;;;
81,59908087;65,70231631;5,53208789;;;;;;;;;;;;;;;;;;;;;;;;
81,81707867;65,71334584;5,49025318;;;;;;;;;;;;;;;;;;;;;;;;
82,03285444;65,72434599;5,448809496;;;;;;;;;;;;;;;;;;;;;;;;
82,246441;65,7353172;5,407751601;;;;;;;;;;;;;;;;;;;;;;;;
82,45787046;65,74625993;5,367074365;;;;;;;;;;;;;;;;;;;;;;;;
82,66734674;65,75717459;5,33116287;;;;;;;;;;;;;;;;;;;;;;;;
82,87507534;65,7680616;5,300115066;;;;;;;;;;;;;;;;;;;;;;;;
82,16536626;65,77911083;-17,89228743;;;;;;;;;;;;;;;;;;;;;;;;
81,45366085;65,79025488;-17,27684164;;;;;;;;;;;;;;;;;;;;;;;;
80,76053809;65,80149242;-16,60596651;;;;;;;;;;;;;;;;;;;;;;;;
80,08874165;65,81282405;-16,30340542;;;;;;;;;;;;;;;;;;;;;;;;
79,42366236;65,82424787;-15,58400855;;;;;;;;;;;;;;;;;;;;;;;;
78,78275832;65,8357612;-14,77647998;;;;;;;;;;;;;;;;;;;;;;;;
78,17030329;65,84736033;-13,8494973;;;;;;;;;;;;;;;;;;;;;;;;
77,5919914;65,85904018;-12,75247678;;;;;;;;;;;;;;;;;;;;;;;;
77,05578213;65,87080124;-12,56637967;;;;;;;;;;;;;;;;;;;;;;;;
76,52372399;65,88264173;-12,04375125;;;;;;;;;;;;;;;;;;;;;;;;
76,01034977;65,89455938;-11,46897454;;;;;;;;;;;;;;;;;;;;;;;;
75,51829047;65,90655123;-10,82596483;;;;;;;;;;;;;;;;;;;;;;;;
75,05092614;65,91861351;-10,09001506;;;;;;;;;;;;;;;;;;;;;;;;
74,61277531;65,930744;-9,607092682;;;;;;;;;;;;;;;;;;;;;;;;
74,19323599;65,94293711;-8,681468655;;;;;;;;;;;;;;;;;;;;;;;;
73,81216114;65,95518502;-7,4893715;;;;;;;;;;;;;;;;;;;;;;;;
73,48193625;65,96747499;-5,684973884;;;;;;;;;;;;;;;;;;;;;;;;
73,23041076;65,97978187;-2,270330934;;;;;;;;;;;;;;;;;;;;;;;;
73,12982427;65,99208875;0;;;;;;;;;;;;;;;;;;;;;;;;
73,02923778;66,00439563;-2,270330934;;;;;;;;;;;;;;;;;;;;;;;;
73,04114186;66,01671947;0,268316585;;;;;;;;;;;;;;;;;;;;;;;;
73,08755987;66,02904129;1,046427243;;;;;;;;;;;;;;;;;;;;;;;;
73,15829299;66,04135529;1,595589833;;;;;;;;;;;;;;;;;;;;;;;;
73,24800835;66,05365738;2,025747873;;;;;;;;;;;;;;;;;;;;;;;;
73,35330154;66,0659444;2,380406191;;;;;;;;;;;;;;;;;;;;;;;;
73,4717694;66,07821379;2,682101468;;;;;;;;;;;;;;;;;;;;;;;;
73,60160829;66,09046339;2,944288113;;;;;;;;;;;;;;;;;;;;;;;;
73,74140725;66,10269138;3,175749256;;;;;;;;;;;;;;;;;;;;;;;;
73,89002895;66,11489619;3,382584456;;;;;;;;;;;;;;;;;;;;;;;;
74,04653579;66,12707646;3,569226724;;;;;;;;;;;;;;;;;;;;;;;;
74,210141;66,13923098;3,739012233;;;;;;;;;;;;;;;;;;;;;;;;
74,38017506;66,1513587;3,894522;;;;;;;;;;;;;;;;;;;;;;;;
74,55606152;66,1634587;4,037798064;;;;;;;;;;;;;;;;;;;;;;;;
74,73729931;66,17553015;4,170486271;;;;;;;;;;;;;;;;;;;;;;;;
74,92344928;66,18757233;4,293933996;;;;;;;;;;;;;;;;;;;;;;;;
75,11412388;66,19958459;4,409259027;;;;;;;;;;;;;;;;;;;;;;;;
75,30897904;66,21156636;4,517399386;;;;;;;;;;;;;;;;;;;;;;;;
75,50770762;66,22351713;4,619150138;;;;;;;;;;;;;;;;;;;;;;;;
75,71003424;66,23543644;4,715191123;;;;;;;;;;;;;;;;;;;;;;;;
75,91571094;66,2473239;4,806108185;;;;;;;;;;;;;;;;;;;;;;;;
76,15178644;66,25917915;5,53143194;;;;;;;;;;;;;;;;;;;;;;;;
76,41782018;66,27099765;6,252760583;;;;;;;;;;;;;;;;;;;;;;;;
76,69130213;66,28277501;6,450275986;;;;;;;;;;;;;;;;;;;;;;;;
76,96169357;66,29451037;6,400207281;;;;;;;;;;;;;;;;;;;;;;;;
77,22904859;66,3062045;6,350646808;;;;;;;;;;;;;;;;;;;;;;;;
77,49341985;66,31785815;6,301586598;;;;;;;;;;;;;;;;;;;;;;;;
77,75485858;66,32947204;6,253018881;;;;;;;;;;;;;;;;;;;;;;;;
78,01341468;66,34104687;6,20493608;;;;;;;;;;;;;;;;;;;;;;;;
78,26913675;66,35258335;6,157330805;;;;;;;;;;;;;;;;;;;;;;;;
78,52207213;66,36408214;6,110195843;;;;;;;;;;;;;;;;;;;;;;;;
78,77226699;66,37554388;6,063524155;;;;;;;;;;;;;;;;;;;;;;;;
79,01976628;66,38696922;6,017308869;;;;;;;;;;;;;;;;;;;;;;;;
79,26461389;66,39835878;5,971543273;;;;;;;;;;;;;;;;;;;;;;;;
79,50685257;66,40971315;5,926220811;;;;;;;;;;;;;;;;;;;;;;;;
79,74652405;66,42103293;5,88133508;;;;;;;;;;;;;;;;;;;;;;;;
79,98366907;66,43231869;5,836879819;;;;;;;;;;;;;;;;;;;;;;;;
80,21832735;66,44357099;5,792848909;;;;;;;;;;;;;;;;;;;;;;;;
80,4505377;66,45479037;5,749236369;;;;;;;;;;;;;;;;;;;;;;;;
80,680338;66,46597737;5,706036347;;;;;;;;;;;;;;;;;;;;;;;;
80,90776525;66,4771325;5,66324312;;;;;;;;;;;;;;;;;;;;;;;;
81,13285561;66,48825628;5,620851089;;;;;;;;;;;;;;;;;;;;;;;;
80,76087726;66,49948535;-15,13415735;;;;;;;;;;;;;;;;;;;;;;;;
80,14908399;66,51080099;-15,05100717;;;;;;;;;;;;;;;;;;;;;;;;
79,5359618;66,52220309;-14,69429356;;;;;;;;;;;;;;;;;;;;;;;;
78,93279666;66,53369154;-14,34418244;;;;;;;;;;;;;;;;;;;;;;;;
78,3395439;66,54526606;-13,97934241;;;;;;;;;;;;;;;;;;;;;;;;
77,75704919;66,55692616;-13,59703552;;;;;;;;;;;;;;;;;;;;;;;;
77,18629508;66,56867115;-13,19385826;;;;;;;;;;;;;;;;;;;;;;;;
76,62843296;66,58050025;-12,79614851;;;;;;;;;;;;;;;;;;;;;;;;
76,08351172;66,59241222;-12,34183251;;;;;;;;;;;;;;;;;;;;;;;;
75,5542558;66,60440541;-11,85042228;;;;;;;;;;;;;;;;;;;;;;;;
75,04260823;66,61647768;-11,31218719;;;;;;;;;;;;;;;;;;;;;;;;
74,55097838;66,62862631;-10,71327969;;;;;;;;;;;;;;;;;;;;;;;;
74,08243239;66,64084787;-10,04719569;;;;;;;;;;;;;;;;;;;;;;;;
73,64037989;66,6531376;-9,233030195;;;;;;;;;;;;;;;;;;;;;;;;
73,23188271;66,66548907;-8,232168068;;;;;;;;;;;;;;;;;;;;;;;;
72,86583703;66,67789289;-6,888501168;;;;;;;;;;;;;;;;;;;;;;;;
72,55823938;66,69033127;-4,500182712;;;;;;;;;;;;;;;;;;;;;;;;
72,35672956;66,70280805;-4,958635597;;;;;;;;;;;;;;;;;;;;;;;;
72,13400549;66,71532371;-4,97387733;;;;;;;;;;;;;;;;;;;;;;;;
71,90990057;66,72787878;-4,994060038;;;;;;;;;;;;;;;;;;;;;;;;
71,68417775;66,74047384;-5,019720223;;;;;;;;;;;;;;;;;;;;;;;;
71,45657247;66,75310954;-5,05141061;;;;;;;;;;;;;;;;;;;;;;;;
71,22679137;66,76578657;-5,089688947;;;;;;;;;;;;;;;;;;;;;;;;
70,99451155;66,77850574;-5,135104754;;;;;;;;;;;;;;;;;;;;;;;;
70,75938033;66,79126789;-5,188184557;;;;;;;;;;;;;;;;;;;;;;;;
70,52101567;66,80407399;-5,249416433;;;;;;;;;;;;;;;;;;;;;;;;
70,27900728;66,81692509;-5,319234855;;;;;;;;;;;;;;;;;;;;;;;;
70,03291842;66,82982234;-5,39800689;;;;;;;;;;;;;;;;;;;;;;;;
69,78228832;66,84276702;-5,486020766;;;;;;;;;;;;;;;;;;;;;;;;
69,52663511;66,85576051;-5,583477572;;;;;;;;;;;;;;;;;;;;;;;;
69,26545923;66,86880432;-5,690486596;;;;;;;;;;;;;;;;;;;;;;;;
68,99824698;66,88190009;-5,807064394;;;;;;;;;;;;;;;;;;;;;;;;
68,72447423;66,8950496;-5,933137365;;;;;;;;;;;;;;;;;;;;;;;;
68,44360995;66,90825477;-6,068547291;;;;;;;;;;;;;;;;;;;;;;;;
68,15511962;66,92151767;-6,213059145;;;;;;;;;;;;;;;;;;;;;;;;
67,85846819;66,93484052;-6,366370376;;;;;;;;;;;;;;;;;;;;;;;;
67,55312272;66,9482257;-6,528120913;;;;;;;;;;;;;;;;;;;;;;;;
67,2385545;66,96167575;-6,697903236;;;;;;;;;;;;;;;;;;;;;;;;
66,91424078;66,97519339;-6,875271987;;;;;;;;;;;;;;;;;;;;;;;;
66,57966594;66,98878151;-7,059752778;;;;;;;;;;;;;;;;;;;;;;;;
66,23432235;67,00244319;-7,250849947;;;;;;;;;;;;;;;;;;;;;;;;
65,87771078;67,01618169;-7,448053198;;;;;;;;;;;;;;;;;;;;;;;;
65,50934052;67,03000048;-7,650843101;;;;;;;;;;;;;;;;;;;;;;;;
65,1287292;67,04390322;-7,858695512;;;;;;;;;;;;;;;;;;;;;;;;
64,73540233;67,05789383;-8,071085033;;;;;;;;;;;;;;;;;;;;;;;;
64,32889268;67,07197641;-8,287487617;;;;;;;;;;;;;;;;;;;;;;;;
63,9087395;67,08615235;-8,247204577;;;;;;;;;;;;;;;;;;;;;;;;
63,48785677;67,10042326;-8,223784334;;;;;;;;;;;;;;;;;;;;;;;;
63,0653576;67,11479083;-8,203223718;;;;;;;;;;;;;;;;;;;;;;;;
62,6410601;67,12925685;-8,185717553;;;;;;;;;;;;;;;;;;;;;;;;
62,21476702;67,14382319;-8,171475016;;;;;;;;;;;;;;;;;;;;;;;;
61,78626435;67,15849185;-8,160720009;;;;;;;;;;;;;;;;;;;;;;;;
61,35531993;67,17326491;-8,153691392;;;;;;;;;;;;;;;;;;;;;;;;
60,92168187;67,18814462;-8,150643029;;;;;;;;;;;;;;;;;;;;;;;;
60,48507693;67,20313332;-8,151843605;;;;;;;;;;;;;;;;;;;;;;;;
60,04520881;67,21823355;-8,157576171;;;;;;;;;;;;;;;;;;;;;;;;
59,60175632;67,23344798;-8,16813738;;;;;;;;;;;;;;;;;;;;;;;;
59,15437155;67,24877948;-8,183836348;;;;;;;;;;;;;;;;;;;;;;;;
58,70267785;67,26423111;-8,20499312;;;;;;;;;;;;;;;;;;;;;;;;
58,24626787;67,27980617;-8,231936684;;;;;;;;;;;;;;;;;;;;;;;;
57,78470151;67,29550396;-7,995087312;;;;;;;;;;;;;;;;;;;;;;;;
57,33288255;67,3113237;-7,759799192;;;;;;;;;;;;;;;;;;;;;;;;
56,89095378;67,32726402;-7,49928382;;;;;;;;;;;;;;;;;;;;;;;;
56,4606063;67,34332283;-7,206381039;;;;;;;;;;;;;;;;;;;;;;;;
56,04399297;67,3594971;-6,870672226;;;;;;;;;;;;;;;;;;;;;;;;
55,64393177;67,37578249;-6,476054167;;;;;;;;;;;;;;;;;;;;;;;;
55,26425752;67,3921728;-5,995367337;;;;;;;;;;;;;;;;;;;;;;;;
54,91050023;67,4086589;-5,3759883;;;;;;;;;;;;;;;;;;;;;;;;
54,59143549;67,42522619;-4,485253905;;;;;;;;;;;;;;;;;;;;;;;;
54,32392495;67,44181771;-1,328569454;;;;;;;;;;;;;;;;;;;;;;;;
54,24457018;67,45840923;0;;;;;;;;;;;;;;;;;;;;;;;;
54,06311337;67,47513021;-3,962172582;;;;;;;;;;;;;;;;;;;;;;;;
53,82460835;67,49192563;-3,945624797;;;;;;;;;;;;;;;;;;;;;;;;
53,58604204;67,50879617;-3,929007044;;;;;;;;;;;;;;;;;;;;;;;;
53,34741788;67,52574254;-3,912271184;;;;;;;;;;;;;;;;;;;;;;;;
53,10874232;67,54276541;-3,895354372;;;;;;;;;;;;;;;;;;;;;;;;
52,87002581;67,55986551;-3,878174215;;;;;;;;;;;;;;;;;;;;;;;;
52,63128407;67,57704353;-3,860622212;;;;;;;;;;;;;;;;;;;;;;;;
52,39253985;67,59430017;-3,842554816;;;;;;;;;;;;;;;;;;;;;;;;
52,15382529;67,61163614;-3,823781161;;;;;;;;;;;;;;;;;;;;;;;;
51,91518507;67,62905212;-3,804046037;;;;;;;;;;;;;;;;;;;;;;;;
51,6766808;67,64654878;-3,783006003;;;;;;;;;;;;;;;;;;;;;;;;
51,43839695;67,66412675;-3,760195408;;;;;;;;;;;;;;;;;;;;;;;;
51,20044917;67,68178662;-3,73497718;;;;;;;;;;;;;;;;;;;;;;;;
50,96299598;67,69952891;-3,706469971;;;;;;;;;;;;;;;;;;;;;;;;
50,7262554;67,71735404;-3,673437236;;;;;;;;;;;;;;;;;;;;;;;;
50,49052928;67,73526226;-3,634112244;;;;;;;;;;;;;;;;;;;;;;;;
50,2562395;67,75325363;-3,585908986;;;;;;;;;;;;;;;;;;;;;;;;
50,023984;67,77132787;-3,524914961;;;;;;;;;;;;;;;;;;;;;;;;
49,79462744;67,78948421;-3,444926498;;;;;;;;;;;;;;;;;;;;;;;;
49,5694573;67,80772112;-3,335395911;;;;;;;;;;;;;;;;;;;;;;;;
49,35047902;67,82603574;-3,176267925;;;;;;;;;;;;;;;;;;;;;;;;
49,14105928;67,8444227;-2,92073765;;;;;;;;;;;;;;;;;;;;;;;;
48,9477267;67,86283739;-1,111753471;;;;;;;;;;;;;;;;;;;;;;;;
48,87402536;67,88125208;0;;;;;;;;;;;;;;;;;;;;;;;;
48,80032402;67,89966677;-1,111753471;;;;;;;;;;;;;;;;;;;;;;;;
48,81455852;67,91810927;0,214397538;;;;;;;;;;;;;;;;;;;;;;;;
48,89036172;67,93654639;1,142067858;;;;;;;;;;;;;;;;;;;;;;;;
48,99427882;67,95495493;1,568069344;;;;;;;;;;;;;;;;;;;;;;;;
49,11609459;67,97332442;1,84206047;;;;;;;;;;;;;;;;;;;;;;;;
49,25046174;67,99164835;2,036910296;;;;;;;;;;;;;;;;;;;;;;;;
49,39407093;68,00992229;2,182968801;;;;;;;;;;;;;;;;;;;;;;;;
49,54468912;68,02814311;2,29618691;;;;;;;;;;;;;;;;;;;;;;;;
49,70072774;68,04630852;2,386075586;;;;;;;;;;;;;;;;;;;;;;;;
49,86101593;68,06441691;2,4587778;;;;;;;;;;;;;;;;;;;;;;;;
50,02466871;68,08246708;2,518485659;;;;;;;;;;;;;;;;;;;;;;;;
50,19100448;68,10045821;2,568176542;;;;;;;;;;;;;;;;;;;;;;;;
50,35949077;68,11838971;2,610029687;;;;;;;;;;;;;;;;;;;;;;;;
50,52970687;68,13626121;2,64567775;;;;;;;;;;;;;;;;;;;;;;;;
50,70131736;68,15407252;2,676366667;;;;;;;;;;;;;;;;;;;;;;;;
50,8740529;68,17182354;2,703061479;;;;;;;;;;;;;;;;;;;;;;;;
51,04769586;68,18951428;2,726518804;;;;;;;;;;;;;;;;;;;;;;;;
51,22206954;68,20714485;2,747337856;;;;;;;;;;;;;;;;;;;;;;;;
51,39702988;68,22471541;2,76599722;;;;;;;;;;;;;;;;;;;;;;;;
51,57245903;68,24222615;2,782881895;;;;;;;;;;;;;;;;;;;;;;;;
51,7482603;68,25967732;2,798303504;;;;;;;;;;;;;;;;;;;;;;;;
51,92435415;68,27706921;2,812515634;;;;;;;;;;;;;;;;;;;;;;;;
52,10067509;68,29440212;2,825725612;;;;;;;;;;;;;;;;;;;;;;;;
52,27716908;68,31167636;2,83810365;;;;;;;;;;;;;;;;;;;;;;;;
52,45379149;68,32889229;2,849790007;;;;;;;;;;;;;;;;;;;;;;;;
52,63050546;68,34605025;2,860900645;;;;;;;;;;;;;;;;;;;;;;;;
52,80728056;68,3631506;2,871531732;;;;;;;;;;;;;;;;;;;;;;;;
52,98409166;68,38019371;2,881763245;;;;;;;;;;;;;;;;;;;;;;;;
53,16091802;68,39717994;2,891661866;;;;;;;;;;;;;;;;;;;;;;;;
53,33774262;68,41410967;2,901283326;;;;;;;;;;;;;;;;;;;;;;;;
53,51455147;68,43098327;2,910674313;;;;;;;;;;;;;;;;;;;;;;;;
53,69133314;68,44780113;2,91987402;;;;;;;;;;;;;;;;;;;;;;;;
53,86807835;68,46456361;2,928915418;;;;;;;;;;;;;;;;;;;;;;;;
54,09447039;68,48127109;3,763982859;;;;;;;;;;;;;;;;;;;;;;;;
54,35827025;68,49790865;4,404355987;;;;;;;;;;;;;;;;;;;;;;;;
54,65088921;68,51446547;4,909339677;;;;;;;;;;;;;;;;;;;;;;;;
54,96660277;68,53093364;5,325316946;;;;;;;;;;;;;;;;;;;;;;;;
55,30129528;68,54730722;5,678058758;;;;;;;;;;;;;;;;;;;;;;;;
55,6518613;68,5635817;5,983566283;;;;;;;;;;;;;;;;;;;;;;;;
56,01587776;68,57975367;6,25252894;;;;;;;;;;;;;;;;;;;;;;;;
56,39140701;68,59582054;6,492469223;;;;;;;;;;;;;;;;;;;;;;;;
56,77687014;68,61178042;6,708891474;;;;;;;;;;;;;;;;;;;;;;;;
57,18927866;68,62763194;7,226933603;;;;;;;;;;;;;;;;;;;;;;;;
57,62842463;68,64336916;7,751370738;;;;;;;;;;;;;;;;;;;;;;;;
58,08957166;68,65898645;8,20221509;;;;;;;;;;;;;;;;;;;;;;;;
58,56909127;68,67447977;8,597249681;;;;;;;;;;;;;;;;;;;;;;;;
59,0641261;68,68984623;8,948685144;;;;;;;;;;;;;;;;;;;;;;;;
59,56422499;68,70508391;9,116637014;;;;;;;;;;;;;;;;;;;;;;;;
60,07566434;68,72019365;9,402311255;;;;;;;;;;;;;;;;;;;;;;;;
60,59391246;68,73517476;9,609290275;;;;;;;;;;;;;;;;;;;;;;;;
61,09979765;68,75002773;9,460976149;;;;;;;;;;;;;;;;;;;;;;;;
61,59380634;68,76475773;9,315997258;;;;;;;;;;;;;;;;;;;;;;;;
62,07639546;68,77936959;9,174228602;;;;;;;;;;;;;;;;;;;;;;;;
62,54799485;68,79386786;9,035552576;;;;;;;;;;;;;;;;;;;;;;;;
63,01217435;68,80825681;8,960955823;;;;;;;;;;;;;;;;;;;;;;;;
63,46841263;68,82253976;8,873014294;;;;;;;;;;;;;;;;;;;;;;;;
63,91695036;68,83672004;8,78641287;;;;;;;;;;;;;;;;;;;;;;;;
64,35801662;68,85080082;8,701114253;;;;;;;;;;;;;;;;;;;;;;;;
64,79182969;68,86478509;8,617082874;;;;;;;;;;;;;;;;;;;;;;;;
65,21859774;68,87867573;8,534284774;;;;;;;;;;;;;;;;;;;;;;;;
65,63851948;68,89247547;8,452687509;;;;;;;;;;;;;;;;;;;;;;;;
66,05178479;68,90618693;8,372260046;;;;;;;;;;;;;;;;;;;;;;;;
66,45857518;68,91981261;8,292972685;;;;;;;;;;;;;;;;;;;;;;;;
66,85906439;68,93335488;8,214796971;;;;;;;;;;;;;;;;;;;;;;;;
67,25341879;68,94681603;8,137705624;;;;;;;;;;;;;;;;;;;;;;;;
67,64179784;68,96019825;8,061672466;;;;;;;;;;;;;;;;;;;;;;;;
68,02435447;68,97350363;7,986672366;;;;;;;;;;;;;;;;;;;;;;;;
68,40123547;68,98673419;7,91268117;;;;;;;;;;;;;;;;;;;;;;;;
68,77258182;68,99989184;7,839675656;;;;;;;;;;;;;;;;;;;;;;;;
69,13871101;69,01297845;7,771496788;;;;;;;;;;;;;;;;;;;;;;;;
69,50001647;69,02599576;7,709936327;;;;;;;;;;;;;;;;;;;;;;;;
69,85660678;69,0389454;7,649084024;;;;;;;;;;;;;;;;;;;;;;;;
70,20858664;69,05182893;7,58892564;;;;;;;;;;;;;;;;;;;;;;;;
70,5560571;69,06464788;7,529447416;;;;;;;;;;;;;;;;;;;;;;;;
70,89911568;69,07740369;7,47063605;;;;;;;;;;;;;;;;;;;;;;;;
71,23785659;69,09009779;7,412478675;;;;;;;;;;;;;;;;;;;;;;;;
71,57237086;69,10273152;7,354962839;;;;;;;;;;;;;;;;;;;;;;;;
71,9027465;69,1153062;7,298076485;;;;;;;;;;;;;;;;;;;;;;;;
72,22906863;69,12782311;7,241807933;;;;;;;;;;;;;;;;;;;;;;;;
72,55141964;69,14028347;7,186145865;;;;;;;;;;;;;;;;;;;;;;;;
72,86987925;69,15268846;7,131079304;;;;;;;;;;;;;;;;;;;;;;;;
73,1845247;69,16503925;7,076597607;;;;;;;;;;;;;;;;;;;;;;;;
73,49543083;69,17733693;7,022690442;;;;;;;;;;;;;;;;;;;;;;;;
73,80267016;69,18958259;6,969347782;;;;;;;;;;;;;;;;;;;;;;;;
74,10631302;69,20177727;6,916559885;;;;;;;;;;;;;;;;;;;;;;;;
74,40642764;69,21392198;6,864317291;;;;;;;;;;;;;;;;;;;;;;;;
74,70308022;69,22601771;6,812610801;;;;;;;;;;;;;;;;;;;;;;;;
74,99633504;69,23806541;6,761431474;;;;;;;;;;;;;;;;;;;;;;;;
75,2862029;69,25006599;6,709576284;;;;;;;;;;;;;;;;;;;;;;;;
75,57268466;69,26202038;6,656828442;;;;;;;;;;;;;;;;;;;;;;;;
75,85584263;69,27392944;6,604632132;;;;;;;;;;;;;;;;;;;;;;;;
76,13573735;69,28579405;6,55297826;;;;;;;;;;;;;;;;;;;;;;;;
76,41242765;69,29761504;6,501857974;;;;;;;;;;;;;;;;;;;;;;;;
76,68597073;69,30939323;6,451262654;;;;;;;;;;;;;;;;;;;;;;;;
76,95642223;69,32112941;6,401183906;;;;;;;;;;;;;;;;;;;;;;;;
77,22383627;69,33282434;6,351613547;;;;;;;;;;;;;;;;;;;;;;;;
77,48826552;69,34447877;6,302543605;;;;;;;;;;;;;;;;;;;;;;;;
77,74976126;69,35609343;6,253966306;;;;;;;;;;;;;;;;;;;;;;;;
78,0083734;69,36766903;6,205874071;;;;;;;;;;;;;;;;;;;;;;;;
78,26415056;69,37920625;6,158259505;;;;;;;;;;;;;;;;;;;;;;;;
78,51714013;69,39070577;6,111115391;;;;;;;;;;;;;;;;;;;;;;;;
78,76738828;69,40216824;6,064434688;;;;;;;;;;;;;;;;;;;;;;;;
79,01493999;69,41359428;6,018210519;;;;;;;;;;;;;;;;;;;;;;;;
79,25983916;69,42498454;5,972436171;;;;;;;;;;;;;;;;;;;;;;;;
79,50212858;69,43633959;5,927105085;;;;;;;;;;;;;;;;;;;;;;;;
79,74185;69,44766004;5,882210852;;;;;;;;;;;;;;;;;;;;;;;;
79,97904416;69,45894646;5,837747211;;;;;;;;;;;;;;;;;;;;;;;;
80,21375082;69,47019941;5,793708041;;;;;;;;;;;;;;;;;;;;;;;;
80,44600879;69,48141943;5,750087355;;;;;;;;;;;;;;;;;;;;;;;;
80,67585597;69,49260706;5,706879302;;;;;;;;;;;;;;;;;;;;;;;;
80,9033294;69,50376282;5,664078155;;;;;;;;;;;;;;;;;;;;;;;;
81,12846522;69,5148872;5,621678312;;;;;;;;;;;;;;;;;;;;;;;;
81,35129563;69,52598072;5,579595309;;;;;;;;;;;;;;;;;;;;;;;;
81,57183175;69,53704385;5,537314586;;;;;;;;;;;;;;;;;;;;;;;;
81,79010803;69,54807707;5,495430909;;;;;;;;;;;;;;;;;;;;;;;;
82,00615815;69,55908085;5,453938916;;;;;;;;;;;;;;;;;;;;;;;;
82,22001501;69,57005563;5,412833357;;;;;;;;;;;;;;;;;;;;;;;;
82,43171083;69,58100187;5,37210909;;;;;;;;;;;;;;;;;;;;;;;;
82,64141975;69,59192;5,33539036;;;;;;;;;;;;;;;;;;;;;;;;
82,84935957;69,60281042;5,30384018;;;;;;;;;;;;;;;;;;;;;;;;
83,05560854;69,61367351;5,273949175;;;;;;;;;;;;;;;;;;;;;;;;
83,26018748;69,62450963;5,244267782;;;;;;;;;;;;;;;;;;;;;;;;
83,46311678;69,63531911;5,214793821;;;;;;;;;;;;;;;;;;;;;;;;
83,66441649;69,64610232;5,185525148;;;;;;;;;;;;;;;;;;;;;;;;
83,86410628;69,65685958;5,156459656;;;;;;;;;;;;;;;;;;;;;;;;
84,06220543;69,66759123;5,127595271;;;;;;;;;;;;;;;;;;;;;;;;
84,25873291;69,67829759;5,098929954;;;;;;;;;;;;;;;;;;;;;;;;
84,45370731;69,68897897;5,070461699;;;;;;;;;;;;;;;;;;;;;;;;
84,6471469;69,6996357;5,042188532;;;;;;;;;;;;;;;;;;;;;;;;
84,83906964;69,71026807;5,014108512;;;;;;;;;;;;;;;;;;;;;;;;
85,02949313;69,72087639;4,986219726;;;;;;;;;;;;;;;;;;;;;;;;
85,2184347;69,73146095;4,958520294;;;;;;;;;;;;;;;;;;;;;;;;
85,40591135;69,74202205;4,931008364;;;;;;;;;;;;;;;;;;;;;;;;
85,59193981;69,75255996;4,903682113;;;;;;;;;;;;;;;;;;;;;;;;
85,7765365;69,76307497;4,876539746;;;;;;;;;;;;;;;;;;;;;;;;
85,95971757;69,77356735;4,849579495;;;;;;;;;;;;;;;;;;;;;;;;
86,14149889;69,78403737;4,822799619;;;;;;;;;;;;;;;;;;;;;;;;
86,32189606;69,79448529;4,796198403;;;;;;;;;;;;;;;;;;;;;;;;
86,50092443;69,80491139;4,769774159;;;;;;;;;;;;;;;;;;;;;;;;
86,67859908;69,8153159;4,743525223;;;;;;;;;;;;;;;;;;;;;;;;
86,85493485;69,82569909;4,717449955;;;;;;;;;;;;;;;;;;;;;;;;
87,02994634;69,83606119;4,691546739;;;;;;;;;;;;;;;;;;;;;;;;
87,2036479;69,84640246;4,665813983;;;;;;;;;;;;;;;;;;;;;;;;
87,37605365;69,85672313;4,640250118;;;;;;;;;;;;;;;;;;;;;;;;
87,54717749;69,86702343;4,614853598;;;;;;;;;;;;;;;;;;;;;;;;
87,71703309;69,8773036;4,589622897;;;;;;;;;;;;;;;;;;;;;;;;
87,8856339;69,88756387;4,564556511;;;;;;;;;;;;;;;;;;;;;;;;
88,05299317;69,89780445;4,53965296;;;;;;;;;;;;;;;;;;;;;;;;
88,21912393;69,90802557;4,51491078;;;;;;;;;;;;;;;;;;;;;;;;
88,38403902;69,91822744;4,490328531;;;;;;;;;;;;;;;;;;;;;;;;
88,54775106;69,92841027;4,465904791;;;;;;;;;;;;;;;;;;;;;;;;
88,7102725;69,93857428;4,441638157;;;;;;;;;;;;;;;;;;;;;;;;
88,87161557;69,94871967;4,417527247;;;;;;;;;;;;;;;;;;;;;;;;
89,03179235;69,95884663;4,393570695;;;;;;;;;;;;;;;;;;;;;;;;
89,19081471;69,96895538;4,369767155;;;;;;;;;;;;;;;;;;;;;;;;
89,34869435;69,97904611;4,346115298;;;;;;;;;;;;;;;;;;;;;;;;
89,50544279;69,989119;4,322613813;;;;;;;;;;;;;;;;;;;;;;;;
89,66107139;69,99917426;4,299261407;;;;;;;;;;;;;;;;;;;;;;;;
89,81559134;70,00921206;4,276056802;;;;;;;;;;;;;;;;;;;;;;;;
89,96901366;70,01923259;4,252998738;;;;;;;;;;;;;;;;;;;;;;;;
90,1213492;70,02923603;4,230085969;;;;;;;;;;;;;;;;;;;;;;;;
90,27258429;70,03922257;4,206639053;;;;;;;;;;;;;;;;;;;;;;;;
90,42272032;70,04919237;4,183076378;;;;;;;;;;;;;;;;;;;;;;;;
90,57176828;70,05914562;4,159667224;;;;;;;;;;;;;;;;;;;;;;;;
90,71973899;70,0690825;4,136410263;;;;;;;;;;;;;;;;;;;;;;;;
90,86664314;70,07900316;4,113304186;;;;;;;;;;;;;;;;;;;;;;;;
91,01249123;70,08890778;4,090347698;;;;;;;;;;;;;;;;;;;;;;;;
91,15729364;70,09879654;4,067539521;;;;;;;;;;;;;;;;;;;;;;;;
91,30106059;70,10866958;4,044878394;;;;;;;;;;;;;;;;;;;;;;;;
91,44380215;70,11852708;4,022363071;;;;;;;;;;;;;;;;;;;;;;;;
91,58552827;70,12836919;3,999992322;;;;;;;;;;;;;;;;;;;;;;;;
91,72624874;70,13819607;3,977764932;;;;;;;;;;;;;;;;;;;;;;;;
91,86597322;70,14800787;3,9556797;;;;;;;;;;;;;;;;;;;;;;;;
92,00471123;70,15780475;3,933735443;;;;;;;;;;;;;;;;;;;;;;;;
92,14247218;70,16758686;3,911930988;;;;;;;;;;;;;;;;;;;;;;;;
92,27926534;70,17735434;3,890265178;;;;;;;;;;;;;;;;;;;;;;;;
92,41509983;70,18710735;3,868736872;;;;;;;;;;;;;;;;;;;;;;;;
92,54998469;70,19684602;3,847344939;;;;;;;;;;;;;;;;;;;;;;;;
92,68392881;70,20657049;3,826088264;;;;;;;;;;;;;;;;;;;;;;;;
92,81694096;70,21628091;3,804965744;;;;;;;;;;;;;;;;;;;;;;;;
92,94902981;70,22597742;3,78397629;;;;;;;;;;;;;;;;;;;;;;;;
93,08020391;70,23566014;3,763118824;;;;;;;;;;;;;;;;;;;;;;;;
93,21047168;70,24532922;3,742392283;;;;;;;;;;;;;;;;;;;;;;;;
93,33984146;70,25498479;3,721795615;;;;;;;;;;;;;;;;;;;;;;;;
93,46832145;70,26462698;3,701327779;;;;;;;;;;;;;;;;;;;;;;;;
93,59591976;70,27425591;3,680987747;;;;;;;;;;;;;;;;;;;;;;;;
93,72264441;70,28387171;3,660774504;;;;;;;;;;;;;;;;;;;;;;;;
93,84850328;70,29347451;3,640687044;;;;;;;;;;;;;;;;;;;;;;;;
93,97350417;70,30306444;3,620724374;;;;;;;;;;;;;;;;;;;;;;;;
94,09765479;70,31264161;3,600885512;;;;;;;;;;;;;;;;;;;;;;;;
94,22096275;70,32220614;3,581169487;;;;;;;;;;;;;;;;;;;;;;;;
94,34343553;70,33175815;3,561575337;;;;;;;;;;;;;;;;;;;;;;;;
94,46508057;70,34129777;3,542102114;;;;;;;;;;;;;;;;;;;;;;;;
94,58590518;70,3508251;3,522748877;;;;;;;;;;;;;;;;;;;;;;;;
94,70591659;70,36034026;3,503514698;;;;;;;;;;;;;;;;;;;;;;;;
94,82512194;70,36984336;3,484398657;;;;;;;;;;;;;;;;;;;;;;;;
94,94352828;70,37933451;3,465399846;;;;;;;;;;;;;;;;;;;;;;;;
95,06114257;70,38881383;3,446517365;;;;;;;;;;;;;;;;;;;;;;;;
95,17797171;70,39828142;3,427750325;;;;;;;;;;;;;;;;;;;;;;;;
95,29402248;70,40773739;3,409097845;;;;;;;;;;;;;;;;;;;;;;;;
95,4093016;70,41718185;3,390559054;;;;;;;;;;;;;;;;;;;;;;;;
95,52381571;70,42661489;3,372133092;;;;;;;;;;;;;;;;;;;;;;;;
95,63757136;70,43603662;3,353819106;;;;;;;;;;;;;;;;;;;;;;;;
95,75057503;70,44544715;3,335616252;;;;;;;;;;;;;;;;;;;;;;;;
95,86283312;70,45484657;3,317523696;;;;;;;;;;;;;;;;;;;;;;;;
95,97435196;70,46423499;3,299540611;;;;;;;;;;;;;;;;;;;;;;;;
96,08513779;70,47361249;3,281666181;;;;;;;;;;;;;;;;;;;;;;;;
96,1951968;70,48297919;3,263899596;;;;;;;;;;;;;;;;;;;;;;;;
96,30453508;70,49233516;3,246240055;;;;;;;;;;;;;;;;;;;;;;;;
96,41315868;70,50168052;3,228686766;;;;;;;;;;;;;;;;;;;;;;;;
96,52107356;70,51101534;3,211238944;;;;;;;;;;;;;;;;;;;;;;;;
96,62828561;70,52033973;3,193895813;;;;;;;;;;;;;;;;;;;;;;;;
96,73480067;70,52965377;3,176656604;;;;;;;;;;;;;;;;;;;;;;;;
96,84062449;70,53895756;3,159520557;;;;;;;;;;;;;;;;;;;;;;;;
96,94576278;70,54825118;3,142486916;;;;;;;;;;;;;;;;;;;;;;;;
97,0502794;70,55753472;3,127297286;;;;;;;;;;;;;;;;;;;;;;;;
97,1542077;70,56680827;3,113046605;;;;;;;;;;;;;;;;;;;;;;;;
97,25755198;70,57607189;3,098867659;;;;;;;;;;;;;;;;;;;;;;;;
97,36031647;70,58532567;3,084760005;;;;;;;;;;;;;;;;;;;;;;;;
97,46250536;70,59456968;3,070723207;;;;;;;;;;;;;;;;;;;;;;;;
97,56412282;70,603804;3,05675683;;;;;;;;;;;;;;;;;;;;;;;;
97,66517296;70,6130287;3,042860445;;;;;;;;;;;;;;;;;;;;;;;;
97,76565984;70,62224386;3,029033624;;;;;;;;;;;;;;;;;;;;;;;;
97,8655875;70,63144955;3,015275945;;;;;;;;;;;;;;;;;;;;;;;;
97,96495994;70,64064584;3,001586988;;;;;;;;;;;;;;;;;;;;;;;;
98,0637811;70,64983279;2,987966338;;;;;;;;;;;;;;;;;;;;;;;;
98,1620549;70,65901049;2,974413581;;;;;;;;;;;;;;;;;;;;;;;;
98,2597852;70,66817901;2,960928309;;;;;;;;;;;;;;;;;;;;;;;;
98,35697586;70,6773384;2,947510116;;;;;;;;;;;;;;;;;;;;;;;;
98,45363066;70,68648874;2,934158599;;;;;;;;;;;;;;;;;;;;;;;;
98,54975337;70,6956301;2,92087336;;;;;;;;;;;;;;;;;;;;;;;;
98,64534771;70,70476254;2,907654002;;;;;;;;;;;;;;;;;;;;;;;;
98,74041738;70,71388614;2,894500133;;;;;;;;;;;;;;;;;;;;;;;;
98,83496602;70,72300095;2,881411364;;;;;;;;;;;;;;;;;;;;;;;;
98,92899727;70,73210703;2,868387307;;;;;;;;;;;;;;;;;;;;;;;;
99,0225147;70,74120447;2,85542758;;;;;;;;;;;;;;;;;;;;;;;;
99,11552186;70,75029331;2,842531803;;;;;;;;;;;;;;;;;;;;;;;;
99,20802227;70,75937362;2,829699597;;;;;;;;;;;;;;;;;;;;;;;;
99,30001942;70,76844547;2,81693059;;;;;;;;;;;;;;;;;;;;;;;;
99,39151675;70,77750891;2,80422441;;;;;;;;;;;;;;;;;;;;;;;;
99,48251769;70,78656401;2,791580689;;;;;;;;;;;;;;;;;;;;;;;;
99,57302563;70,79561083;2,778999061;;;;;;;;;;;;;;;;;;;;;;;;
99,66304391;70,80464942;2,766479163;;;;;;;;;;;;;;;;;;;;;;;;
99,75257586;70,81367985;2,754020637;;;;;;;;;;;;;;;;;;;;;;;;
99,84162477;70,82270217;2,741623125;;;;;;;;;;;;;;;;;;;;;;;;
99,93019392;70,83171645;2,729286273;;;;;;;;;;;;;;;;;;;;;;;;
100,0182865;70,84072274;2,717009729;;;;;;;;;;;;;;;;;;;;;;;;
100,1059058;70,84972109;2,704793145;;;;;;;;;;;;;;;;;;;;;;;;
100,1930549;70,85871157;2,692636176;;;;;;;;;;;;;;;;;;;;;;;;
100,279737;70,86769423;2,680538477;;;;;;;;;;;;;;;;;;;;;;;;
100,3659552;70,87666912;2,668499707;;;;;;;;;;;;;;;;;;;;;;;;
100,4517126;70,8856363;2,656519529;;;;;;;;;;;;;;;;;;;;;;;;
100,5370123;70,89459583;2,644597608;;;;;;;;;;;;;;;;;;;;;;;;
100,6218572;70,90354776;2,632733609;;;;;;;;;;;;;;;;;;;;;;;;
100,7062505;70,91249214;2,620927202;;;;;;;;;;;;;;;;;;;;;;;;
100,790195;70,92142902;2,609178061;;;;;;;;;;;;;;;;;;;;;;;;
100,8736937;70,93035846;2,597485857;;;;;;;;;;;;;;;;;;;;;;;;
100,9567496;70,93928051;2,58585027;;;;;;;;;;;;;;;;;;;;;;;;
101,0393656;70,94819522;2,574270977;;;;;;;;;;;;;;;;;;;;;;;;
101,1215444;70,95710264;2,56274766;;;;;;;;;;;;;;;;;;;;;;;;
101,2032891;70,96600282;2,551280004;;;;;;;;;;;;;;;;;;;;;;;;
101,2846024;70,97489581;2,539867694;;;;;;;;;;;;;;;;;;;;;;;;
101,3654871;70,98378166;2,528510419;;;;;;;;;;;;;;;;;;;;;;;;
101,445946;70,99266043;2,517207871;;;;;;;;;;;;;;;;;;;;;;;;
101,5259818;71,00153214;2,505959741;;;;;;;;;;;;;;;;;;;;;;;;
101,6055973;71,01039687;2,494765726;;;;;;;;;;;;;;;;;;;;;;;;
101,6847951;71,01925465;2,483625523;;;;;;;;;;;;;;;;;;;;;;;;
101,7635781;71,02810553;2,472538832;;;;;;;;;;;;;;;;;;;;;;;;
101,8419487;71,03694956;2,461505354;;;;;;;;;;;;;;;;;;;;;;;;
101,9199097;71,04578678;2,450524795;;;;;;;;;;;;;;;;;;;;;;;;
101,9974637;71,05461725;2,439596859;;;;;;;;;;;;;;;;;;;;;;;;
102,0746132;71,06344099;2,428721255;;;;;;;;;;;;;;;;;;;;;;;;
101,4844193;71,07239971;-31,73751744;;;;;;;;;;;;;;;;;;;;;;;;
100,4608408;71,08145027;-31,2904991;;;;;;;;;;;;;;;;;;;;;;;;
99,44133294;71,09059411;-30,81583519;;;;;;;;;;;;;;;;;;;;;;;;
98,42694295;71,09983251;-30,29188641;;;;;;;;;;;;;;;;;;;;;;;;
97,41948835;71,10916699;-29,84058209;;;;;;;;;;;;;;;;;;;;;;;;
96,41672156;71,11859898;-29,35635549;;;;;;;;;;;;;;;;;;;;;;;;
95,41992141;71,12812978;-28,83259499;;;;;;;;;;;;;;;;;;;;;;;;
94,4306493;71,13776047;-28,24659077;;;;;;;;;;;;;;;;;;;;;;;;
93,45132716;71,14749168;-27,5583285;;;;;;;;;;;;;;;;;;;;;;;;
92,48589361;71,15732504;-27,13848943;;;;;;;;;;;;;;;;;;;;;;;;
91,52518861;71,16726143;-26,53002664;;;;;;;;;;;;;;;;;;;;;;;;
90,57618322;71,17730132;-25,83561082;;;;;;;;;;;;;;;;;;;;;;;;
89,64239087;71,18744455;-25,00925414;;;;;;;;;;;;;;;;;;;;;;;;
88,72916256;71,19768921;-23,82246128;;;;;;;;;;;;;;;;;;;;;;;;
87,85057095;71,20803502;-23,05879452;;;;;;;;;;;;;;;;;;;;;;;;
86,99174818;71,21848097;-22,17572523;;;;;;;;;;;;;;;;;;;;;;;;
86,15782098;71,22902502;-21,11919137;;;;;;;;;;;;;;;;;;;;;;;;
85,35616619;71,23966358;-19,79771794;;;;;;;;;;;;;;;;;;;;;;;;
84,59793723;71,25039833;-19,61622786;;;;;;;;;;;;;;;;;;;;;;;;
83,83986614;71,26122629;-18,51527408;;;;;;;;;;;;;;;;;;;;;;;;
83,11812843;71,27214284;-17,16191664;;;;;;;;;;;;;;;;;;;;;;;;
82,44367267;71,28314074;-15,40335021;;;;;;;;;;;;;;;;;;;;;;;;
81,83381654;71,29421317;-13,81982865;;;;;;;;;;;;;;;;;;;;;;;;
81,28294767;71,30535839;-13,23025808;;;;;;;;;;;;;;;;;;;;;;;;
80,75211282;71,31657417;-12,5818208;;;;;;;;;;;;;;;;;;;;;;;;
80,24409915;71,32785766;-11,85616708;;;;;;;;;;;;;;;;;;;;;;;;
79,76249458;71,33920467;-10,92821717;;;;;;;;;;;;;;;;;;;;;;;;
79,31608547;71,35061062;-9,982005946;;;;;;;;;;;;;;;;;;;;;;;;
78,90621026;71,36206932;-8,806746233;;;;;;;;;;;;;;;;;;;;;;;;
78,54292026;71,3735716;-7,185509569;;;;;;;;;;;;;;;;;;;;;;;;
78,24538128;71,38508954;-2,566982399;;;;;;;;;;;;;;;;;;;;;;;;
78,13894238;71,39660748;0;;;;;;;;;;;;;;;;;;;;;;;;
78,03250348;71,40812543;-2,566982399;;;;;;;;;;;;;;;;;;;;;;;;
78,22859367;71,41965908;4,72265686;;;;;;;;;;;;;;;;;;;;;;;;
78,48196979;71,43116383;6,117672202;;;;;;;;;;;;;;;;;;;;;;;;
78,73259811;71,44263143;6,070927189;;;;;;;;;;;;;;;;;;;;;;;;
78,98052378;71,45406253;6,024639661;;;;;;;;;;;;;;;;;;;;;;;;
79,22579085;71,46545774;5,978802882;;;;;;;;;;;;;;;;;;;;;;;;
79,46844225;71,47681768;5,933410272;;;;;;;;;;;;;;;;;;;;;;;;
79,70851989;71,48814293;5,888455402;;;;;;;;;;;;;;;;;;;;;;;;
79,94606463;71,49943407;5,84393199;;;;;;;;;;;;;;;;;;;;;;;;
80,18111637;71,51069166;5,799833894;;;;;;;;;;;;;;;;;;;;;;;;
80,41371406;71,52191625;5,756155112;;;;;;;;;;;;;;;;;;;;;;;;
80,64389573;71,53310837;5,712889771;;;;;;;;;;;;;;;;;;;;;;;;
80,87169851;71,54426854;5,670032129;;;;;;;;;;;;;;;;;;;;;;;;
81,0971587;71,55539728;5,627576567;;;;;;;;;;;;;;;;;;;;;;;;
81,32031173;71,56649508;5,585517585;;;;;;;;;;;;;;;;;;;;;;;;
81,54116621;71,57756243;5,54319592;;;;;;;;;;;;;;;;;;;;;;;;
80,53544497;71,58888155;-25,12860307;;;;;;;;;;;;;;;;;;;;;;;;
79,51148377;71,60034438;-24,15778259;;;;;;;;;;;;;;;;;;;;;;;;
78,51458342;71,61195209;-23,44853185;;;;;;;;;;;;;;;;;;;;;;;;
77,53472252;71,62370245;-22,25303889;;;;;;;;;;;;;;;;;;;;;;;;
76,59339004;71,63558028;-19,2227176;;;;;;;;;;;;;;;;;;;;;;;;
75,7714231;71,64759707;-20,25488193;;;;;;;;;;;;;;;;;;;;;;;;
74,89518766;71,65975129;-19,35400436;;;;;;;;;;;;;;;;;;;;;;;;
74,04834942;71,67203911;-18,19979403;;;;;;;;;;;;;;;;;;;;;;;;
73,24326056;71,68445523;-16,93282365;;;;;;;;;;;;;;;;;;;;;;;;
72,4863965;71,69699834;-16,2513232;;;;;;;;;;;;;;;;;;;;;;;;
71,75256507;71,70966605;-15,47674152;;;;;;;;;;;;;;;;;;;;;;;;
71,04676741;71,72245453;-14,57338707;;;;;;;;;;;;;;;;;;;;;;;;
70,37583004;71,73536321;-14,10059732;;;;;;;;;;;;;;;;;;;;;;;;
69,72055796;71,74838553;-12,97901804;;;;;;;;;;;;;;;;;;;;;;;;
69,11209692;71,76151143;-11,54148563;;;;;;;;;;;;;;;;;;;;;;;;
68,5667243;71,77472455;-9,515332135;;;;;;;;;;;;;;;;;;;;;;;;
68,11410622;71,78802222;-9,046447447;;;;;;;;;;;;;;;;;;;;;;;;
67,68103825;71,80139149;-7,531276334;;;;;;;;;;;;;;;;;;;;;;;;
67,31856267;71,81480775;-4,882123044;;;;;;;;;;;;;;;;;;;;;;;;
67,08276322;71,82824275;-1,933476483;;;;;;;;;;;;;;;;;;;;;;;;
66,98924875;71,84167774;0;;;;;;;;;;;;;;;;;;;;;;;;
66,89573429;71,85511273;-1,933476483;;;;;;;;;;;;;;;;;;;;;;;;
66,92763163;71,8685665;0,658578935;;;;;;;;;;;;;;;;;;;;;;;;
66,99655722;71,88201386;1,423773728;;;;;;;;;;;;;;;;;;;;;;;;
67,09128022;71,89544739;1,958677306;;;;;;;;;;;;;;;;;;;;;;;;
67,20592823;71,90886195;2,374037645;;;;;;;;;;;;;;;;;;;;;;;;
67,33676014;71,92225362;2,713790098;;;;;;;;;;;;;;;;;;;;;;;;
67,48114317;71,93561928;3,000705389;;;;;;;;;;;;;;;;;;;;;;;;
67,63710858;71,94895634;3,248371671;;;;;;;;;;;;;;;;;;;;;;;;
67,80312259;71,96226265;3,465650525;;;;;;;;;;;;;;;;;;;;;;;;
67,97795447;71,97553637;3,658687441;;;;;;;;;;;;;;;;;;;;;;;;
68,16059441;71,98877596;3,831941273;;;;;;;;;;;;;;;;;;;;;;;;
68,35019936;72,00198007;3,988761164;;;;;;;;;;;;;;;;;;;;;;;;
68,54605561;72,01514755;4,131732646;;;;;;;;;;;;;;;;;;;;;;;;
68,74755204;72,02827741;4,262896613;;;;;;;;;;;;;;;;;;;;;;;;
68,95416036;72,04136878;4,383893943;;;;;;;;;;;;;;;;;;;;;;;;
69,16542026;72,05442093;4,496064449;;;;;;;;;;;;;;;;;;;;;;;;
69,38092786;72,06743321;4,600516623;;;;;;;;;;;;;;;;;;;;;;;;
69,60032672;72,08040508;4,698178042;;;;;;;;;;;;;;;;;;;;;;;;
69,82330064;72,09333605;4,789832604;;;;;;;;;;;;;;;;;;;;;;;;
70,09867419;72,10622573;5,934410535;;;;;;;;;;;;;;;;;;;;;;;;
70,4135688;72,11906478;6,81286864;;;;;;;;;;;;;;;;;;;;;;;;
70,75843183;72,1318464;7,494764447;;;;;;;;;;;;;;;;;;;;;;;;
71,09893881;72,14456574;7,436339403;;;;;;;;;;;;;;;;;;;;;;;;
71,43518205;72,15722415;7,378560975;;;;;;;;;;;;;;;;;;;;;;;;
71,76725079;72,16982299;7,321416945;;;;;;;;;;;;;;;;;;;;;;;;
72,09523132;72,18236353;7,26489548;;;;;;;;;;;;;;;;;;;;;;;;
72,41920714;72,19484701;7,208985115;;;;;;;;;;;;;;;;;;;;;;;;
72,73925906;72,20727466;7,153674735;;;;;;;;;;;;;;;;;;;;;;;;
73,05546533;72,21964762;7,098953561;;;;;;;;;;;;;;;;;;;;;;;;
73,36790175;72,23196702;7,044811135;;;;;;;;;;;;;;;;;;;;;;;;
73,67664179;72,24423397;6,991237305;;;;;;;;;;;;;;;;;;;;;;;;
73,98175667;72,25644951;6,938222215;;;;;;;;;;;;;;;;;;;;;;;;
74,28331548;72,26861467;6,885756288;;;;;;;;;;;;;;;;;;;;;;;;
74,58138524;72,28073045;6,833830221;;;;;;;;;;;;;;;;;;;;;;;;
74,876031;72,2927978;6,782434966;;;;;;;;;;;;;;;;;;;;;;;;
75,16731106;72,30481767;6,731448935;;;;;;;;;;;;;;;;;;;;;;;;
75,45517884;72,31679096;6,678471389;;;;;;;;;;;;;;;;;;;;;;;;
75,73969741;72,32871857;6,626049192;;;;;;;;;;;;;;;;;;;;;;;;
76,02092802;72,34060137;6,574173145;;;;;;;;;;;;;;;;;;;;;;;;
76,29893019;72,35244022;6,5228343;;;;;;;;;;;;;;;;;;;;;;;;
76,5737618;72,36423593;6,472023941;;;;;;;;;;;;;;;;;;;;;;;;
76,84547911;72,3759893;6,421733582;;;;;;;;;;;;;;;;;;;;;;;;
77,11413687;72,38770112;6,371954954;;;;;;;;;;;;;;;;;;;;;;;;
77,37978833;72,39937213;6,32268;;;;;;;;;;;;;;;;;;;;;;;;
77,64248533;72,41100307;6,273900865;;;;;;;;;;;;;;;;;;;;;;;;
77,90227836;72,42259466;6,225609891;;;;;;;;;;;;;;;;;;;;;;;;
78,15921655;72,4341476;6,177799607;;;;;;;;;;;;;;;;;;;;;;;;
78,4133478;72,44566256;6,130462724;;;;;;;;;;;;;;;;;;;;;;;;
78,66471876;72,45714019;6,083592129;;;;;;;;;;;;;;;;;;;;;;;;
78,91337491;72,46858116;6,03718088;;;;;;;;;;;;;;;;;;;;;;;;
79,15936059;72,47998607;5,991222195;;;;;;;;;;;;;;;;;;;;;;;;
79,40271903;72,49135554;5,945709453;;;;;;;;;;;;;;;;;;;;;;;;
79,64349241;72,50269016;5,900636184;;;;;;;;;;;;;;;;;;;;;;;;
79,88172188;72,51399052;5,855996067;;;;;;;;;;;;;;;;;;;;;;;;
80,11744761;72,52525718;5,811782923;;;;;;;;;;;;;;;;;;;;;;;;
80,35070878;72,53649068;5,767990711;;;;;;;;;;;;;;;;;;;;;;;;
80,58154368;72,54769158;5,724613524;;;;;;;;;;;;;;;;;;;;;;;;
80,80998969;72,55886039;5,681645586;;;;;;;;;;;;;;;;;;;;;;;;
81,03608331;72,56999763;5,639081242;;;;;;;;;;;;;;;;;;;;;;;;
81,25986022;72,58110379;5,596914964;;;;;;;;;;;;;;;;;;;;;;;;
81,48133643;72,59217937;5,554668606;;;;;;;;;;;;;;;;;;;;;;;;
81,70053873;72,60322485;5,512622164;;;;;;;;;;;;;;;;;;;;;;;;
81,91750108;72,61424069;5,470969599;;;;;;;;;;;;;;;;;;;;;;;;
82,13225673;72,62522735;5,429705616;;;;;;;;;;;;;;;;;;;;;;;;
82,34483817;72,63618528;5,388825028;;;;;;;;;;;;;;;;;;;;;;;;
82,55532056;72,64711493;5,349425451;;;;;;;;;;;;;;;;;;;;;;;;
82,7639626;72,65801671;5,316206883;;;;;;;;;;;;;;;;;;;;;;;;
82,97090511;72,66889101;5,286228945;;;;;;;;;;;;;;;;;;;;;;;;
83,17616905;72,67973819;5,256461527;;;;;;;;;;;;;;;;;;;;;;;;
83,37977501;72,69055859;5,226902434;;;;;;;;;;;;;;;;;;;;;;;;
83,58174318;72,70135258;5,197549507;;;;;;;;;;;;;;;;;;;;;;;;
83,78209337;72,71212048;5,168400624;;;;;;;;;;;;;;;;;;;;;;;;
83,98084503;72,72286263;5,139453698;;;;;;;;;;;;;;;;;;;;;;;;
83,78095642;72,73366381;-11,74523902;;;;;;;;;;;;;;;;;;;;;;;;
83,32425176;72,74452364;-11,51211244;;;;;;;;;;;;;;;;;;;;;;;;
82,87418101;72,75544184;-11,27061155;;;;;;;;;;;;;;;;;;;;;;;;
82,43118384;72,76641802;-11,01939789;;;;;;;;;;;;;;;;;;;;;;;;
81,99576073;72,77745169;-10,75685535;;;;;;;;;;;;;;;;;;;;;;;;
81,56848528;72,78854283;-10,58366446;;;;;;;;;;;;;;;;;;;;;;;;
81,14589988;72,79969253;-10,61997174;;;;;;;;;;;;;;;;;;;;;;;;
80,71962549;72,81090197;-10,65931106;;;;;;;;;;;;;;;;;;;;;;;;
80,28947988;72,82217236;-10,70168459;;;;;;;;;;;;;;;;;;;;;;;;
79,85527616;72,83350497;-10,74708873;;;;;;;;;;;;;;;;;;;;;;;;
79,41682286;72,84490114;-10,79551398;;;;;;;;;;;;;;;;;;;;;;;;
78,97392395;72,85636225;-10,84694464;;;;;;;;;;;;;;;;;;;;;;;;
78,52637879;72,86788978;-10,90135871;;;;;;;;;;;;;;;;;;;;;;;;
78,07398221;72,87948525;-10,95872771;;;;;;;;;;;;;;;;;;;;;;;;
77,6165245;72,89115026;-11,01901653;;;;;;;;;;;;;;;;;;;;;;;;
77,15379139;72,9028865;-11,08218336;;;;;;;;;;;;;;;;;;;;;;;;
76,6855641;72,91469572;-11,14817959;;;;;;;;;;;;;;;;;;;;;;;;
76,21161929;72,92657978;-11,21694974;;;;;;;;;;;;;;;;;;;;;;;;
75,73172905;72,9385406;-11,28843142;;;;;;;;;;;;;;;;;;;;;;;;
75,24566092;72,95058022;-11,3625553;;;;;;;;;;;;;;;;;;;;;;;;
74,75317779;72,96270078;-11,43924514;;;;;;;;;;;;;;;;;;;;;;;;
74,25403787;72,9749045;-11,51841773;;;;;;;;;;;;;;;;;;;;;;;;
73,74799464;72,98719374;-11,59998298;;;;;;;;;;;;;;;;;;;;;;;;
73,23479673;72,99957096;-11,68384394;;;;;;;;;;;;;;;;;;;;;;;;
72,71418781;73,01203877;-11,76989681;;;;;;;;;;;;;;;;;;;;;;;;
72,1859065;73,02459594;-11,36366589;;;;;;;;;;;;;;;;;;;;;;;;
71,67220277;73,03724014;-10,83731855;;;;;;;;;;;;;;;;;;;;;;;;
71,17889769;73,04996831;-10,24813898;;;;;;;;;;;;;;;;;;;;;;;;
70,70931358;73,06277643;-9,573665037;;;;;;;;;;;;;;;;;;;;;;;;
70,26787895;73,07565919;-8,776588927;;;;;;;;;;;;;;;;;;;;;;;;
69,86083906;73,08861523;-8,472976686;;;;;;;;;;;;;;;;;;;;;;;;
69,46564451;73,10164347;-8,207118789;;;;;;;;;;;;;;;;;;;;;;;;
69,08071705;73,11474249;-7,916136736;;;;;;;;;;;;;;;;;;;;;;;;
68,70741992;73,1279105;-7,593310889;;;;;;;;;;;;;;;;;;;;;;;;
68,34746027;73,1411452;-7,228920027;;;;;;;;;;;;;;;;;;;;;;;;
68,00303889;73,15444365;-6,808007324;;;;;;;;;;;;;;;;;;;;;;;;
67,67710973;73,16780194;-6,305418257;;;;;;;;;;;;;;;;;;;;;;;;
67,3738831;73,18121476;-5,672418916;;;;;;;;;;;;;;;;;;;;;;;;
67,09998382;73,19467409;-4,785463964;;;;;;;;;;;;;;;;;;;;;;;;
66,86811091;73,20815222;-1,922248132;;;;;;;;;;;;;;;;;;;;;;;;
66,774841;73,22163035;0;;;;;;;;;;;;;;;;;;;;;;;;
66,68157108;73,23510848;-1,922248132;;;;;;;;;;;;;;;;;;;;;;;;
66,65446678;73,24860546;-0,557826366;;;;;;;;;;;;;;;;;;;;;;;;
66,66205421;73,26210793;0,156091468;;;;;;;;;;;;;;;;;;;;;;;;
66,68951994;73,27560887;0,565099407;;;;;;;;;;;;;;;;;;;;;;;;
66,73107604;73,28910424;0,855356972;;;;;;;;;;;;;;;;;;;;;;;;
66,7834308;73,30259121;1,07829914;;;;;;;;;;;;;;;;;;;;;;;;
66,84441837;73,31606761;1,25708625;;;;;;;;;;;;;;;;;;;;;;;;
66,91249445;73,32953171;1,404477046;;;;;;;;;;;;;;;;;;;;;;;;
66,98650002;73,34298211;1,528363461;;;;;;;;;;;;;;;;;;;;;;;;
67,06553389;73,35641765;1,634013012;;;;;;;;;;;;;;;;;;;;;;;;
67,14887689;73,36983736;1,725136568;;;;;;;;;;;;;;;;;;;;;;;;
67,23594368;73,38324042;1,804455891;;;;;;;;;;;;;;;;;;;;;;;;
67,32625042;73,39662611;1,874030564;;;;;;;;;;;;;;;;;;;;;;;;
67,41939217;73,40999386;1,935458283;;;;;;;;;;;;;;;;;;;;;;;;
67,51502655;73,42334313;1,990003714;;;;;;;;;;;;;;;;;;;;;;;;
67,61286164;73,4366735;2,038684758;;;;;;;;;;;;;;;;;;;;;;;;
67,71264675;73,44998457;2,082332249;;;;;;;;;;;;;;;;;;;;;;;;
67,81416529;73,46327603;2,121632424;;;;;;;;;;;;;;;;;;;;;;;;
67,91722917;73,4765476;2,157157883;;;;;;;;;;;;;;;;;;;;;;;;
68,02167433;73,48979902;2,189390616;;;;;;;;;;;;;;;;;;;;;;;;
68,12735705;73,5030301;2,218739453;;;;;;;;;;;;;;;;;;;;;;;;
68,23415106;73,51624065;2,245553497;;;;;;;;;;;;;;;;;;;;;;;;
68,34194502;73,52943053;2,270132609;;;;;;;;;;;;;;;;;;;;;;;;
68,45064055;73,5425996;2,292735698;;;;;;;;;;;;;;;;;;;;;;;;
68,56015045;73,55574776;2,313587356;;;;;;;;;;;;;;;;;;;;;;;;
68,67039732;73,56887492;2,332883215;;;;;;;;;;;;;;;;;;;;;;;;
68,78131227;73,581981;2,35079431;;;;;;;;;;;;;;;;;;;;;;;;
68,89283391;73,59506595;2,36747068;;;;;;;;;;;;;;;;;;;;;;;;
69,00490745;73,60812972;2,383044338;;;;;;;;;;;;;;;;;;;;;;;;
69,11748389;73,62117227;2,397631756;;;;;;;;;;;;;;;;;;;;;;;;
69,23051938;73,63419358;2,411335954;;;;;;;;;;;;;;;;;;;;;;;;
69,3439746;73,64719363;2,424248257;;;;;;;;;;;;;;;;;;;;;;;;
69,45781431;73,6601724;2,436449796;;;;;;;;;;;;;;;;;;;;;;;;
69,57200681;73,67312991;2,448012779;;;;;;;;;;;;;;;;;;;;;;;;
69,68652363;73,68606615;2,459001587;;;;;;;;;;;;;;;;;;;;;;;;
69,80133915;73,69898112;2,469473719;;;;;;;;;;;;;;;;;;;;;;;;
69,91643031;73,71187486;2,479480601;;;;;;;;;;;;;;;;;;;;;;;;
70,03177632;73,72474737;2,489068294;;;;;;;;;;;;;;;;;;;;;;;;
70,14735844;73,73759868;2,498278109;;;;;;;;;;;;;;;;;;;;;;;;
70,26315976;73,75042881;2,507147137;;;;;;;;;;;;;;;;;;;;;;;;
70,37916503;73,7632378;2,515708727;;;;;;;;;;;;;;;;;;;;;;;;
70,49536045;73,77602568;2,523992885;;;;;;;;;;;;;;;;;;;;;;;;
70,61173359;73,78879248;2,532026647;;;;;;;;;;;;;;;;;;;;;;;;
70,72827319;73,80153823;2,539834388;;;;;;;;;;;;;;;;;;;;;;;;
70,84496909;73,81426299;2,547438112;;;;;;;;;;;;;;;;;;;;;;;;
70,96181209;73,82696678;2,554857691;;;;;;;;;;;;;;;;;;;;;;;;
71,07879389;73,83964966;2,562111095;;;;;;;;;;;;;;;;;;;;;;;;
71,19590695;73,85231167;2,56921458;;;;;;;;;;;;;;;;;;;;;;;;
71,31314448;73,86495284;2,576182869;;;;;;;;;;;;;;;;;;;;;;;;
71,43050034;73,87757324;2,583029302;;;;;;;;;;;;;;;;;;;;;;;;
71,61685143;73,8901729;4,108380242;;;;;;;;;;;;;;;;;;;;;;;;
71,84998242;73,90273977;5,153119474;;;;;;;;;;;;;;;;;;;;;;;;
72,11972727;73,91526587;5,981840486;;;;;;;;;;;;;;;;;;;;;;;;
72,41944502;73,92774512;6,671469925;;;;;;;;;;;;;;;;;;;;;;;;
72,73949407;73,94017272;7,153634093;;;;;;;;;;;;;;;;;;;;;;;;
73,05569753;73,95254564;7,09891335;;;;;;;;;;;;;;;;;;;;;;;;
73,36813119;73,96486501;7,044771348;;;;;;;;;;;;;;;;;;;;;;;;
73,67686852;73,97713191;6,991197935;;;;;;;;;;;;;;;;;;;;;;;;
73,98198076;73,98934742;6,938183253;;;;;;;;;;;;;;;;;;;;;;;;
74,28353696;74,00151254;6,885717729;;;;;;;;;;;;;;;;;;;;;;;;
74,58160417;74,01362828;6,833792057;;;;;;;;;;;;;;;;;;;;;;;;
74,87624743;74,0256956;6,782397191;;;;;;;;;;;;;;;;;;;;;;;;
75,16752494;74,03771543;6,731409597;;;;;;;;;;;;;;;;;;;;;;;;
75,45539023;74,04968869;6,678432465;;;;;;;;;;;;;;;;;;;;;;;;
75,73990634;74,06161627;6,626010674;;;;;;;;;;;;;;;;;;;;;;;;
76,02113454;74,07349904;6,574135028;;;;;;;;;;;;;;;;;;;;;;;;
76,29913435;74,08533785;6,522796576;;;;;;;;;;;;;;;;;;;;;;;;
76,57396364;74,09713353;6,471986604;;;;;;;;;;;;;;;;;;;;;;;;
76,84567867;74,10888687;6,421696626;;;;;;;;;;;;;;;;;;;;;;;;
77,11433419;74,12059866;6,371918373;;;;;;;;;;;;;;;;;;;;;;;;
77,37998345;74,13226964;6,322643788;;;;;;;;;;;;;;;;;;;;;;;;
77,64267829;74,14390055;6,273865017;;;;;;;;;;;;;;;;;;;;;;;;
77,90246919;74,15549212;6,2255744;;;;;;;;;;;;;;;;;;;;;;;;
78,15940529;74,16704502;6,177764468;;;;;;;;;;;;;;;;;;;;;;;;
78,41353448;74,17855995;6,130427933;;;;;;;;;;;;;;;;;;;;;;;;
78,66490342;74,19003756;6,08355768;;;;;;;;;;;;;;;;;;;;;;;;
78,91355758;74,2014785;6,037146767;;;;;;;;;;;;;;;;;;;;;;;;
79,1595413;74,21288338;5,991188414;;;;;;;;;;;;;;;;;;;;;;;;
79,40289782;74,22425282;5,945675999;;;;;;;;;;;;;;;;;;;;;;;;
79,64366931;74,23558742;5,900603052;;;;;;;;;;;;;;;;;;;;;;;;
79,88189692;74,24688776;5,855963253;;;;;;;;;;;;;;;;;;;;;;;;
80,1176208;74,25815439;5,811750422;;;;;;;;;;;;;;;;;;;;;;;;
80,35088017;74,26938787;5,767958519;;;;;;;;;;;;;;;;;;;;;;;;
80,58171329;74,28058875;5,724581637;;;;;;;;;;;;;;;;;;;;;;;;
80,81015755;74,29175753;5,681613998;;;;;;;;;;;;;;;;;;;;;;;;
81,03624945;74,30289475;5,639049951;;;;;;;;;;;;;;;;;;;;;;;;
81,26002466;74,31400089;5,596883964;;;;;;;;;;;;;;;;;;;;;;;;
81,48149918;74,32507644;5,554637402;;;;;;;;;;;;;;;;;;;;;;;;
81,70069981;74,3361219;5,512591253;;;;;;;;;;;;;;;;;;;;;;;;
81,91766052;74,34713771;5,470938977;;;;;;;;;;;;;;;;;;;;;;;;
82,13241456;74,35812436;5,429675279;;;;;;;;;;;;;;;;;;;;;;;;
82,3449944;74,36908227;5,388794972;;;;;;;;;;;;;;;;;;;;;;;;
82,5554754;74,3800119;5,349400216;;;;;;;;;;;;;;;;;;;;;;;;
82,76411617;74,39091366;5,316184649;;;;;;;;;;;;;;;;;;;;;;;;
82,97105743;74,40178794;5,286206867;;;;;;;;;;;;;;;;;;;;;;;;
83,17632014;74,41263509;5,256439604;;;;;;;;;;;;;;;;;;;;;;;;
83,37992488;74,42345548;5,226880664;;;;;;;;;;;;;;;;;;;;;;;;
83,58189185;74,43424944;5,197527889;;;;;;;;;;;;;;;;;;;;;;;;
83,78224085;74,44501733;5,168379156;;;;;;;;;;;;;;;;;;;;;;;;
83,98099133;74,45575946;5,139432378;;;;;;;;;;;;;;;;;;;;;;;;
84,17816239;74,46647617;5,110685502;;;;;;;;;;;;;;;;;;;;;;;;
84,37377277;74,47716778;5,082136509;;;;;;;;;;;;;;;;;;;;;;;;
84,56784088;74,4878346;5,053783411;;;;;;;;;;;;;;;;;;;;;;;;
84,76038479;74,49847694;5,025624253;;;;;;;;;;;;;;;;;;;;;;;;
84,95142225;74,50909511;4,997657112;;;;;;;;;;;;;;;;;;;;;;;;
85,14097071;74,5196894;4,969880095;;;;;;;;;;;;;;;;;;;;;;;;
85,32904731;74,53026011;4,942291336;;;;;;;;;;;;;;;;;;;;;;;;
85,51566888;74,54080751;4,914889003;;;;;;;;;;;;;;;;;;;;;;;;
85,70085196;74,5513319;4,887671287;;;;;;;;;;;;;;;;;;;;;;;;
85,88461281;74,56183354;4,86063641;;;;;;;;;;;;;;;;;;;;;;;;
86,06696743;74,57231272;4,833782621;;;;;;;;;;;;;;;;;;;;;;;;
86,24793152;74,58276969;4,807108194;;;;;;;;;;;;;;;;;;;;;;;;
86,42752054;74,59320473;4,78061143;;;;;;;;;;;;;;;;;;;;;;;;
86,60574966;74,60361808;4,754290654;;;;;;;;;;;;;;;;;;;;;;;;
86,78263385;74,61401;4,728144217;;;;;;;;;;;;;;;;;;;;;;;;
86,95818778;74,62438074;4,702170493;;;;;;;;;;;;;;;;;;;;;;;;
87,13242591;74,63473054;4,676367881;;;;;;;;;;;;;;;;;;;;;;;;
87,30536245;74,64505964;4,650734802;;;;;;;;;;;;;;;;;;;;;;;;
87,4770114;74,65536829;4,6252697;;;;;;;;;;;;;;;;;;;;;;;;
87,64738652;74,6656567;4,599971041;;;;;;;;;;;;;;;;;;;;;;;;
87,81650135;74,67592512;4,574837313;;;;;;;;;;;;;;;;;;;;;;;;
87,98436922;74,68617377;4,549867026;;;;;;;;;;;;;;;;;;;;;;;;
88,15100325;74,69640286;4,525058709;;;;;;;;;;;;;;;;;;;;;;;;
88,31641636;74,70661261;4,500410913;;;;;;;;;;;;;;;;;;;;;;;;
88,48062126;74,71680324;4,475922207;;;;;;;;;;;;;;;;;;;;;;;;
88,64363046;74,72697496;4,451591182;;;;;;;;;;;;;;;;;;;;;;;;
88,80545629;74,73712797;4,427416446;;;;;;;;;;;;;;;;;;;;;;;;
88,96611089;74,74726248;4,403396627;;;;;;;;;;;;;;;;;;;;;;;;
89,12560621;74,7573787;4,379530371;;;;;;;;;;;;;;;;;;;;;;;;
89,28395403;74,7674768;4,355816342;;;;;;;;;;;;;;;;;;;;;;;;
89,44116593;74,777557;4,332253222;;;;;;;;;;;;;;;;;;;;;;;;
89,59725335;74,78761948;4,308839711;;;;;;;;;;;;;;;;;;;;;;;;
89,75222754;74,79766443;4,285574523;;;;;;;;;;;;;;;;;;;;;;;;
89,90609958;74,80769204;4,262456391;;;;;;;;;;;;;;;;;;;;;;;;
90,05888041;74,81770249;4,239484066;;;;;;;;;;;;;;;;;;;;;;;;
90,21057036;74,82769595;4,216366567;;;;;;;;;;;;;;;;;;;;;;;;
90,3611567;74,8376726;4,192740415;;;;;;;;;;;;;;;;;;;;;;;;
90,51065046;74,84763264;4,169268336;;;;;;;;;;;;;;;;;;;;;;;;
90,65906255;74,85757622;4,145948994;;;;;;;;;;;;;;;;;;;;;;;;
90,8064037;74,86750352;4,122781071;;;;;;;;;;;;;;;;;;;;;;;;
90,9526845;74,87741472;4,099763267;;;;;;;;;;;;;;;;;;;;;;;;
91,09791537;74,88730997;4,076894298;;;;;;;;;;;;;;;;;;;;;;;;
91,24210659;74,89718945;4,054172894;;;;;;;;;;;;;;;;;;;;;;;;
91,38526831;74,90705332;4,031597805;;;;;;;;;;;;;;;;;;;;;;;;
91,52741052;74,91690173;4,009167794;;;;;;;;;;;;;;;;;;;;;;;;
91,66854307;74,92673485;3,986881639;;;;;;;;;;;;;;;;;;;;;;;;
91,80867567;74,93655283;3,964738134;;;;;;;;;;;;;;;;;;;;;;;;
91,94781791;74,94635583;3,942736088;;;;;;;;;;;;;;;;;;;;;;;;
92,08597924;74,95614399;3,920874325;;;;;;;;;;;;;;;;;;;;;;;;
92,22316898;74,96591746;3,89915168;;;;;;;;;;;;;;;;;;;;;;;;
92,35939632;74,9756764;3,877567006;;;;;;;;;;;;;;;;;;;;;;;;
92,49467033;74,98542094;3,856119169;;;;;;;;;;;;;;;;;;;;;;;;
92,62899996;74,99515123;3,834807046;;;;;;;;;;;;;;;;;;;;;;;;
92,76239404;75,00486741;3,81362953;;;;;;;;;;;;;;;;;;;;;;;;
92,89486126;75,01456962;3,792585526;;;;;;;;;;;;;;;;;;;;;;;;
93,02641024;75,02425799;3,771673951;;;;;;;;;;;;;;;;;;;;;;;;
93,02811501;75,02438424;3,750893737;;;;;;;;;;;;;;;;;;;;;;;;
;;;;;;;;;;;;;;;;;;;;;;;;;;
;;;;;;;;;;;;;;;;;;;;;;;;;;
;;;;;;;;;;;;;;;;;;;;;;;;;;
;;;;;;;;;;;;;;;;;;;;;;;;;;
