# Benchmark: 13S1P [GRP8770170 - 17,0 Ah] @ Germany 2012
# META:Vida_Estimada=45
# META:Energia_Virtual_Real_Wh=1049.49
# META:Circuito=Germany 2012
# META:Tiempo_Total_s=1005.37
Time_s,Temp_C
0.00,35.01
0.01,35.01
0.03,35.01
0.04,35.01
0.06,35.02
0.07,35.02
0.09,35.02
0.10,35.03
0.12,35.03
0.13,35.03
0.15,35.03
0.16,35.04
0.18,35.04
0.19,35.04
0.21,35.04
0.22,35.05
0.24,35.05
0.25,35.05
0.26,35.06
0.28,35.06
0.29,35.06
0.31,35.06
0.32,35.07
0.34,35.07
0.35,35.07
0.37,35.07
0.38,35.07
0.40,35.07
0.41,35.08
0.43,35.08
0.44,35.08
0.46,35.09
0.47,35.09
0.49,35.09
0.50,35.09
0.51,35.10
0.53,35.10
0.54,35.10
0.56,35.10
0.57,35.10
0.59,35.10
0.60,35.11
0.62,35.11
0.63,35.12
0.65,35.12
0.66,35.13
0.68,35.14
0.69,35.14
0.71,35.15
0.72,35.15
0.74,35.16
0.75,35.16
0.76,35.17
0.78,35.18
0.79,35.18
0.81,35.19
0.82,35.19
0.84,35.20
0.85,35.20
0.87,35.21
0.88,35.22
0.90,35.22
0.91,35.23
0.93,35.23
0.94,35.24
0.96,35.24
0.97,35.25
0.99,35.26
1.00,35.26
1.02,35.27
1.03,35.27
1.04,35.28
1.06,35.29
1.07,35.29
1.09,35.30
1.10,35.30
1.12,35.31
1.13,35.31
1.15,35.32
1.16,35.32
1.18,35.32
1.19,35.33
1.21,35.33
1.22,35.33
1.24,35.33
1.25,35.34
1.27,35.34
1.28,35.34
1.29,35.34
1.31,35.35
1.32,35.35
1.34,35.35
1.35,35.36
1.37,35.36
1.38,35.36
1.40,35.36
1.41,35.37
1.43,35.37
1.44,35.37
1.46,35.37
1.47,35.37
1.49,35.38
1.50,35.39
1.52,35.39
1.53,35.40
1.54,35.40
1.56,35.41
1.57,35.41
1.59,35.42
1.60,35.43
1.62,35.43
1.63,35.44
1.65,35.44
1.66,35.45
1.68,35.46
1.69,35.46
1.71,35.47
1.72,35.47
1.74,35.48
1.75,35.49
1.77,35.49
1.78,35.50
1.79,35.50
1.81,35.51
1.82,35.52
1.84,35.52
1.85,35.53
1.87,35.53
1.88,35.54
1.90,35.55
1.91,35.55
1.93,35.56
1.94,35.56
1.96,35.57
1.97,35.58
1.99,35.58
2.00,35.59
2.02,35.59
2.03,35.60
2.04,35.61
2.06,35.61
2.07,35.62
2.09,35.62
2.10,35.63
2.12,35.64
2.13,35.64
2.15,35.65
2.16,35.65
2.18,35.66
2.19,35.67
2.21,35.67
2.22,35.68
2.24,35.68
2.25,35.69
2.27,35.70
2.28,35.70
2.29,35.71
2.31,35.71
2.32,35.72
2.34,35.73
2.35,35.73
2.37,35.74
2.38,35.74
2.40,35.75
2.41,35.76
2.43,35.76
2.44,35.77
2.46,35.77
2.47,35.78
2.49,35.79
2.50,35.79
2.52,35.80
2.53,35.80
2.55,35.81
2.56,35.82
2.57,35.82
2.59,35.83
2.60,35.83
2.62,35.84
2.63,35.85
2.65,35.85
2.66,35.86
2.68,35.87
2.69,35.87
2.71,35.88
2.72,35.88
2.74,35.89
2.75,35.90
2.77,35.90
2.78,35.91
2.80,35.91
2.81,35.92
2.82,35.93
2.84,35.93
2.85,35.94
2.87,35.94
2.88,35.95
2.90,35.96
2.91,35.96
2.93,35.97
2.94,35.97
2.96,35.98
2.97,35.99
2.99,35.99
3.00,36.00
3.02,36.01
3.03,36.01
3.05,36.02
3.06,36.02
3.07,36.03
3.09,36.04
3.10,36.04
3.12,36.05
3.13,36.05
3.15,36.06
3.16,36.07
3.18,36.07
3.19,36.08
3.21,36.08
3.22,36.09
3.24,36.10
3.25,36.10
3.27,36.11
3.28,36.12
3.30,36.12
3.31,36.13
3.32,36.13
3.34,36.14
3.35,36.15
3.37,36.15
3.38,36.16
3.40,36.16
3.41,36.16
3.43,36.17
3.44,36.17
3.46,36.17
3.47,36.18
3.49,36.18
3.50,36.18
3.52,36.18
3.53,36.19
3.55,36.19
3.56,36.19
3.57,36.19
3.59,36.20
3.60,36.20
3.62,36.20
3.63,36.21
3.65,36.21
3.66,36.21
3.68,36.21
3.69,36.22
3.71,36.22
3.72,36.22
3.74,36.23
3.75,36.23
3.77,36.23
3.78,36.23
3.80,36.24
3.81,36.24
3.82,36.24
3.84,36.25
3.85,36.25
3.87,36.25
3.88,36.25
3.90,36.26
3.91,36.26
3.93,36.26
3.94,36.27
3.96,36.27
3.97,36.27
3.99,36.27
4.00,36.28
4.02,36.28
4.03,36.28
4.05,36.29
4.06,36.29
4.08,36.29
4.09,36.29
4.10,36.29
4.12,36.30
4.13,36.30
4.15,36.31
4.16,36.31
4.18,36.32
4.19,36.33
4.21,36.33
4.22,36.34
4.24,36.35
4.25,36.35
4.27,36.36
4.28,36.36
4.30,36.37
4.31,36.38
4.33,36.38
4.34,36.39
4.35,36.40
4.37,36.40
4.38,36.41
4.40,36.41
4.41,36.42
4.43,36.43
4.44,36.43
4.46,36.44
4.47,36.45
4.49,36.45
4.50,36.46
4.52,36.46
4.53,36.46
4.55,36.46
4.56,36.47
4.58,36.47
4.59,36.47
4.60,36.47
4.62,36.48
4.63,36.48
4.65,36.48
4.66,36.49
4.68,36.49
4.69,36.49
4.71,36.49
4.72,36.50
4.74,36.50
4.75,36.50
4.77,36.51
4.78,36.51
4.80,36.51
4.81,36.51
4.83,36.51
4.84,36.51
4.85,36.52
4.87,36.52
4.88,36.53
4.90,36.54
4.91,36.54
4.93,36.55
4.94,36.56
4.96,36.56
4.97,36.57
4.99,36.58
5.00,36.58
5.02,36.59
5.03,36.59
5.05,36.60
5.06,36.61
5.08,36.61
5.09,36.62
5.10,36.63
5.12,36.63
5.13,36.64
5.15,36.65
5.16,36.65
5.18,36.66
5.19,36.66
5.21,36.67
5.22,36.68
5.24,36.68
5.25,36.69
5.27,36.70
5.28,36.70
5.30,36.71
5.31,36.72
5.33,36.72
5.34,36.73
5.35,36.73
5.37,36.74
5.38,36.75
5.40,36.75
5.41,36.76
5.43,36.77
5.44,36.77
5.46,36.78
5.47,36.79
5.49,36.79
5.50,36.80
5.52,36.80
5.53,36.81
5.55,36.82
5.56,36.82
5.58,36.83
5.59,36.84
5.61,36.84
5.62,36.85
5.63,36.86
5.65,36.86
5.66,36.87
5.68,36.87
5.69,36.88
5.71,36.89
5.72,36.89
5.74,36.90
5.75,36.91
5.77,36.91
5.78,36.92
5.80,36.93
5.81,36.93
5.83,36.94
5.84,36.94
5.86,36.95
5.87,36.96
5.88,36.96
5.90,36.97
5.91,36.98
5.93,36.98
5.94,36.99
5.96,37.00
5.97,37.00
5.99,37.01
6.00,37.01
6.02,37.02
6.03,37.03
6.05,37.03
6.06,37.04
6.08,37.05
6.09,37.05
6.11,37.06
6.12,37.07
6.13,37.07
6.15,37.08
6.16,37.08
6.18,37.09
6.19,37.10
6.21,37.10
6.22,37.11
6.24,37.12
6.25,37.12
6.27,37.13
6.28,37.13
6.30,37.14
6.31,37.15
6.33,37.15
6.34,37.16
6.36,37.17
6.37,37.17
6.38,37.18
6.40,37.19
6.41,37.19
6.43,37.20
6.44,37.20
6.46,37.21
6.47,37.22
6.49,37.22
6.50,37.23
6.52,37.24
6.53,37.24
6.55,37.25
6.56,37.26
6.58,37.26
6.59,37.27
6.61,37.27
6.62,37.28
6.63,37.29
6.65,37.29
6.66,37.30
6.68,37.31
6.69,37.31
6.71,37.32
6.72,37.32
6.74,37.33
6.75,37.34
6.77,37.34
6.78,37.35
6.80,37.36
6.81,37.36
6.83,37.37
6.84,37.38
6.86,37.38
6.87,37.39
6.88,37.39
6.90,37.40
6.91,37.41
6.93,37.41
6.94,37.42
6.96,37.43
6.97,37.43
6.99,37.44
7.00,37.44
7.02,37.45
7.03,37.46
7.05,37.46
7.06,37.47
7.08,37.48
7.09,37.48
7.11,37.49
7.12,37.50
7.14,37.50
7.15,37.51
7.16,37.51
7.18,37.52
7.19,37.53
7.21,37.53
7.22,37.54
7.24,37.55
7.25,37.55
7.27,37.56
7.28,37.56
7.30,37.57
7.31,37.58
7.33,37.58
7.34,37.59
7.36,37.60
7.37,37.60
7.39,37.61
7.40,37.61
7.41,37.62
7.43,37.63
7.44,37.63
7.46,37.64
7.47,37.65
7.49,37.65
7.50,37.66
7.52,37.66
7.53,37.67
7.55,37.68
7.56,37.68
7.58,37.69
7.59,37.70
7.61,37.70
7.62,37.71
7.64,37.72
7.65,37.72
7.66,37.73
7.68,37.73
7.69,37.74
7.71,37.75
7.72,37.75
7.74,37.76
7.75,37.77
7.77,37.77
7.78,37.78
7.80,37.78
7.81,37.79
7.83,37.80
7.84,37.80
7.86,37.81
7.87,37.81
7.89,37.81
7.90,37.81
7.91,37.82
7.93,37.82
7.94,37.82
7.96,37.82
7.97,37.83
7.99,37.83
8.00,37.83
8.02,37.84
8.03,37.84
8.05,37.84
8.06,37.84
8.08,37.85
8.09,37.85
8.11,37.85
8.12,37.85
8.14,37.86
8.15,37.86
8.16,37.86
8.18,37.87
8.19,37.87
8.21,37.87
8.22,37.87
8.24,37.88
8.25,37.88
8.27,37.88
8.28,37.88
8.30,37.89
8.31,37.89
8.33,37.89
8.34,37.90
8.36,37.90
8.37,37.90
8.39,37.90
8.40,37.91
8.41,37.91
8.43,37.91
8.44,37.91
8.46,37.92
8.47,37.92
8.49,37.92
8.50,37.93
8.52,37.93
8.53,37.93
8.55,37.93
8.56,37.94
8.58,37.94
8.59,37.94
8.61,37.94
8.62,37.95
8.64,37.95
8.65,37.95
8.67,37.95
8.68,37.95
8.69,37.96
8.71,37.97
8.72,37.97
8.74,37.98
8.75,37.98
8.77,37.99
8.78,38.00
8.80,38.00
8.81,38.01
8.83,38.02
8.84,38.02
8.86,38.03
8.87,38.04
8.89,38.04
8.90,38.05
8.92,38.05
8.93,38.06
8.94,38.07
8.96,38.07
8.97,38.08
8.99,38.09
9.00,38.09
9.02,38.10
9.03,38.10
9.05,38.11
9.06,38.12
9.08,38.12
9.09,38.13
9.11,38.14
9.12,38.14
9.14,38.15
9.15,38.15
9.17,38.16
9.18,38.17
9.19,38.17
9.21,38.18
9.22,38.19
9.24,38.19
9.25,38.20
9.27,38.21
9.28,38.21
9.30,38.22
9.31,38.22
9.33,38.23
9.34,38.24
9.36,38.24
9.37,38.25
9.39,38.26
9.40,38.26
9.42,38.27
9.43,38.27
9.44,38.28
9.46,38.29
9.47,38.29
9.49,38.30
9.50,38.31
9.52,38.31
9.53,38.32
9.55,38.32
9.56,38.33
9.58,38.34
9.59,38.34
9.61,38.35
9.62,38.36
9.64,38.36
9.65,38.37
9.67,38.37
9.68,38.38
9.69,38.39
9.71,38.39
9.72,38.40
9.74,38.41
9.75,38.41
9.77,38.42
9.78,38.42
9.80,38.43
9.81,38.44
9.83,38.44
9.84,38.44
9.86,38.44
9.87,38.45
9.89,38.45
9.90,38.45
9.92,38.45
9.93,38.46
9.94,38.46
9.96,38.46
9.97,38.47
9.99,38.47
10.00,38.47
10.02,38.47
10.03,38.48
10.05,38.48
10.06,38.48
10.08,38.48
10.09,38.49
10.11,38.49
10.12,38.49
10.14,38.49
10.15,38.50
10.17,38.50
10.18,38.50
10.20,38.51
10.21,38.51
10.22,38.51
10.24,38.51
10.25,38.52
10.27,38.52
10.28,38.52
10.30,38.52
10.31,38.53
10.33,38.53
10.34,38.53
10.36,38.53
10.37,38.54
10.39,38.54
10.40,38.54
10.42,38.54
10.43,38.55
10.45,38.55
10.46,38.55
10.47,38.56
10.49,38.56
10.50,38.56
10.52,38.56
10.53,38.56
10.55,38.56
10.56,38.57
10.58,38.57
10.59,38.58
10.61,38.59
10.62,38.59
10.64,38.60
10.65,38.61
10.67,38.61
10.68,38.62
10.70,38.62
10.71,38.63
10.72,38.64
10.74,38.64
10.75,38.65
10.77,38.66
10.78,38.66
10.80,38.67
10.81,38.67
10.83,38.67
10.84,38.68
10.86,38.68
10.87,38.68
10.89,38.68
10.90,38.69
10.92,38.69
10.93,38.69
10.95,38.69
10.96,38.70
10.97,38.70
10.99,38.70
11.00,38.70
11.02,38.71
11.03,38.71
11.05,38.71
11.06,38.72
11.08,38.72
11.09,38.72
11.11,38.72
11.12,38.73
11.14,38.73
11.15,38.73
11.17,38.73
11.18,38.74
11.20,38.74
11.21,38.74
11.22,38.74
11.24,38.75
11.25,38.75
11.27,38.75
11.28,38.75
11.30,38.76
11.31,38.76
11.33,38.76
11.34,38.77
11.36,38.76
11.37,38.76
11.39,38.76
11.40,38.77
11.42,38.78
11.43,38.78
11.45,38.79
11.46,38.80
11.47,38.80
11.49,38.81
11.50,38.81
11.52,38.82
11.53,38.83
11.55,38.83
11.56,38.84
11.58,38.85
11.59,38.85
11.61,38.86
11.62,38.86
11.64,38.87
11.65,38.88
11.67,38.88
11.68,38.89
11.70,38.90
11.71,38.90
11.73,38.91
11.74,38.91
11.75,38.92
11.77,38.93
11.78,38.93
11.80,38.94
11.81,38.95
11.83,38.95
11.84,38.96
11.86,38.96
11.87,38.97
11.89,38.98
11.90,38.98
11.92,38.99
11.93,38.99
11.95,39.00
11.96,39.01
11.98,39.01
11.99,39.02
12.00,39.03
12.02,39.03
12.03,39.04
12.05,39.04
12.06,39.05
12.08,39.06
12.09,39.06
12.11,39.07
12.12,39.08
12.14,39.08
12.15,39.09
12.17,39.09
12.18,39.10
12.20,39.11
12.21,39.11
12.23,39.12
12.24,39.12
12.25,39.13
12.27,39.14
12.28,39.14
12.30,39.15
12.31,39.16
12.33,39.16
12.34,39.17
12.36,39.17
12.37,39.18
12.39,39.19
12.40,39.19
12.42,39.20
12.43,39.20
12.45,39.21
12.46,39.22
12.48,39.22
12.49,39.23
12.50,39.23
12.52,39.24
12.53,39.25
12.55,39.25
12.56,39.26
12.58,39.27
12.59,39.27
12.61,39.28
12.62,39.28
12.64,39.29
12.65,39.30
12.67,39.30
12.68,39.31
12.70,39.31
12.71,39.32
12.73,39.33
12.74,39.33
12.75,39.34
12.77,39.34
12.78,39.35
12.80,39.35
12.81,39.35
12.83,39.35
12.84,39.36
12.86,39.36
12.87,39.36
12.89,39.37
12.90,39.37
12.92,39.37
12.93,39.37
12.95,39.38
12.96,39.38
12.98,39.38
12.99,39.38
13.00,39.39
13.02,39.39
13.03,39.39
13.05,39.39
13.06,39.40
13.08,39.40
13.09,39.40
13.11,39.40
13.12,39.41
13.14,39.41
13.15,39.41
13.17,39.41
13.18,39.42
13.20,39.42
13.21,39.42
13.23,39.42
13.24,39.43
13.26,39.43
13.27,39.43
13.28,39.43
13.30,39.44
13.31,39.44
13.33,39.43
13.34,39.43
13.36,39.44
13.37,39.45
13.39,39.45
13.40,39.46
13.42,39.46
13.43,39.47
13.45,39.48
13.46,39.48
13.48,39.49
13.49,39.50
13.51,39.50
13.52,39.51
13.53,39.51
13.55,39.52
13.56,39.53
13.58,39.53
13.59,39.54
13.61,39.54
13.62,39.55
13.64,39.56
13.65,39.56
13.67,39.57
13.68,39.57
13.70,39.58
13.71,39.59
13.73,39.59
13.74,39.60
13.76,39.60
13.77,39.61
13.78,39.62
13.80,39.62
13.81,39.63
13.83,39.63
13.84,39.64
13.86,39.65
13.87,39.65
13.89,39.66
13.90,39.67
13.92,39.67
13.93,39.68
13.95,39.68
13.96,39.69
13.98,39.70
13.99,39.70
14.01,39.71
14.02,39.71
14.03,39.72
14.05,39.73
14.06,39.73
14.08,39.74
14.09,39.74
14.11,39.75
14.12,39.76
14.14,39.76
14.15,39.77
14.17,39.77
14.18,39.78
14.20,39.79
14.21,39.79
14.23,39.80
14.24,39.80
14.26,39.81
14.27,39.82
14.28,39.82
14.30,39.83
14.31,39.83
14.33,39.84
14.34,39.85
14.36,39.85
14.37,39.86
14.39,39.86
14.40,39.87
14.42,39.87
14.43,39.88
14.45,39.89
14.46,39.89
14.48,39.90
14.49,39.90
14.51,39.91
14.52,39.92
14.53,39.92
14.55,39.93
14.56,39.93
14.58,39.94
14.59,39.95
14.61,39.95
14.62,39.96
14.64,39.96
14.65,39.97
14.67,39.98
14.68,39.98
14.70,39.99
14.71,39.99
14.73,40.00
14.74,40.01
14.76,40.01
14.77,40.01
14.79,40.02
14.80,40.02
14.81,40.02
14.83,40.02
14.84,40.03
14.86,40.03
14.87,40.03
14.89,40.03
14.90,40.04
14.92,40.04
14.93,40.04
14.95,40.04
14.96,40.05
14.98,40.05
14.99,40.05
15.01,40.05
15.02,40.06
15.04,40.06
15.05,40.06
15.06,40.06
15.08,40.07
15.09,40.07
15.11,40.07
15.12,40.07
15.14,40.08
15.15,40.08
15.17,40.08
15.18,40.08
15.20,40.09
15.21,40.09
15.23,40.09
15.24,40.09
15.26,40.09
15.27,40.10
15.29,40.10
15.30,40.10
15.31,40.10
15.33,40.11
15.34,40.11
15.36,40.11
15.37,40.11
15.39,40.12
15.40,40.12
15.42,40.12
15.43,40.12
15.45,40.12
15.46,40.12
15.48,40.12
15.49,40.13
15.51,40.14
15.52,40.14
15.54,40.15
15.55,40.15
15.56,40.16
15.58,40.17
15.59,40.17
15.61,40.18
15.62,40.18
15.64,40.19
15.65,40.19
15.67,40.20
15.68,40.21
15.70,40.21
15.71,40.22
15.73,40.22
15.74,40.23
15.76,40.24
15.77,40.24
15.79,40.25
15.80,40.25
15.81,40.26
15.83,40.27
15.84,40.27
15.86,40.28
15.87,40.28
15.89,40.29
15.90,40.29
15.92,40.30
15.93,40.31
15.95,40.31
15.96,40.32
15.98,40.32
15.99,40.33
16.01,40.34
16.02,40.34
16.04,40.35
16.05,40.35
16.06,40.36
16.08,40.37
16.09,40.37
16.11,40.38
16.12,40.38
16.14,40.39
16.15,40.39
16.17,40.40
16.18,40.41
16.20,40.41
16.21,40.42
16.23,40.42
16.24,40.43
16.26,40.44
16.27,40.44
16.29,40.45
16.30,40.45
16.32,40.46
16.33,40.46
16.34,40.47
16.36,40.48
16.37,40.48
16.39,40.49
16.40,40.49
16.42,40.50
16.43,40.51
16.45,40.51
16.46,40.52
16.48,40.52
16.49,40.53
16.51,40.53
16.52,40.54
16.54,40.55
16.55,40.55
16.57,40.56
16.58,40.56
16.59,40.57
16.61,40.57
16.62,40.58
16.64,40.59
16.65,40.59
16.67,40.60
16.68,40.60
16.70,40.61
16.71,40.62
16.73,40.62
16.74,40.63
16.76,40.63
16.77,40.64
16.79,40.64
16.80,40.65
16.82,40.66
16.83,40.66
16.84,40.67
16.86,40.67
16.87,40.68
16.89,40.68
16.90,40.69
16.92,40.70
16.93,40.70
16.95,40.71
16.96,40.71
16.98,40.72
16.99,40.72
17.01,40.73
17.02,40.74
17.04,40.74
17.05,40.75
17.07,40.75
17.08,40.76
17.09,40.76
17.11,40.77
17.12,40.78
17.14,40.78
17.15,40.79
17.17,40.79
17.18,40.80
17.20,40.80
17.21,40.81
17.23,40.82
17.24,40.82
17.26,40.83
17.27,40.83
17.29,40.84
17.30,40.84
17.32,40.85
17.33,40.86
17.34,40.86
17.36,40.87
17.37,40.87
17.39,40.88
17.40,40.88
17.42,40.89
17.43,40.90
17.45,40.90
17.46,40.91
17.48,40.91
17.49,40.92
17.51,40.92
17.52,40.93
17.54,40.94
17.55,40.94
17.57,40.95
17.58,40.95
17.59,40.96
17.61,40.96
17.62,40.97
17.64,40.98
17.65,40.98
17.67,40.99
17.68,40.99
17.70,41.00
17.71,41.00
17.73,41.01
17.74,41.01
17.76,41.02
17.77,41.03
17.79,41.03
17.80,41.04
17.82,41.04
17.83,41.05
17.85,41.05
17.86,41.06
17.87,41.07
17.89,41.07
17.90,41.08
17.92,41.08
17.93,41.09
17.95,41.09
17.96,41.10
17.98,41.10
17.99,41.11
18.01,41.12
18.02,41.12
18.04,41.13
18.05,41.13
18.07,41.14
18.08,41.14
18.10,41.15
18.11,41.16
18.12,41.16
18.14,41.17
18.15,41.17
18.17,41.18
18.18,41.18
18.20,41.19
18.21,41.19
18.23,41.20
18.24,41.21
18.26,41.21
18.27,41.22
18.29,41.22
18.30,41.23
18.32,41.23
18.33,41.24
18.35,41.24
18.36,41.25
18.37,41.26
18.39,41.26
18.40,41.27
18.42,41.27
18.43,41.28
18.45,41.28
18.46,41.29
18.48,41.29
18.49,41.30
18.51,41.31
18.52,41.31
18.54,41.32
18.55,41.32
18.57,41.33
18.58,41.33
18.60,41.34
18.61,41.34
18.62,41.35
18.64,41.36
18.65,41.36
18.67,41.37
18.68,41.37
18.70,41.38
18.71,41.38
18.73,41.39
18.74,41.39
18.76,41.40
18.77,41.41
18.79,41.41
18.80,41.42
18.82,41.42
18.83,41.42
18.85,41.43
18.86,41.43
18.87,41.43
18.89,41.43
18.90,41.44
18.92,41.44
18.93,41.44
18.95,41.44
18.96,41.44
18.98,41.45
18.99,41.45
19.01,41.45
19.02,41.45
19.04,41.46
19.05,41.46
19.07,41.46
19.08,41.46
19.10,41.46
19.11,41.47
19.12,41.47
19.14,41.47
19.15,41.47
19.17,41.48
19.18,41.48
19.20,41.48
19.21,41.48
19.23,41.48
19.24,41.49
19.26,41.49
19.27,41.49
19.29,41.49
19.30,41.50
19.32,41.50
19.33,41.50
19.35,41.50
19.36,41.50
19.38,41.51
19.39,41.51
19.40,41.51
19.42,41.51
19.43,41.52
19.45,41.52
19.46,41.52
19.48,41.52
19.49,41.52
19.51,41.53
19.52,41.53
19.54,41.53
19.55,41.53
19.57,41.54
19.58,41.54
19.60,41.54
19.61,41.54
19.63,41.54
19.64,41.55
19.65,41.55
19.67,41.55
19.68,41.55
19.70,41.56
19.71,41.56
19.73,41.56
19.74,41.56
19.76,41.56
19.77,41.57
19.79,41.57
19.80,41.57
19.82,41.57
19.83,41.58
19.85,41.58
19.86,41.58
19.88,41.58
19.89,41.58
19.90,41.59
19.92,41.59
19.93,41.59
19.95,41.59
19.96,41.60
19.98,41.60
19.99,41.60
20.01,41.60
20.02,41.60
20.04,41.60
20.05,41.60
20.07,41.61
20.08,41.61
20.10,41.62
20.11,41.62
20.13,41.63
20.14,41.63
20.15,41.64
20.17,41.64
20.18,41.65
20.20,41.66
20.21,41.66
20.23,41.67
20.24,41.67
20.26,41.68
20.27,41.68
20.29,41.69
20.30,41.69
20.32,41.70
20.33,41.71
20.35,41.71
20.36,41.72
20.38,41.72
20.39,41.73
20.40,41.73
20.42,41.74
20.43,41.74
20.45,41.75
20.46,41.75
20.48,41.76
20.49,41.77
20.51,41.77
20.52,41.78
20.54,41.78
20.55,41.79
20.57,41.79
20.58,41.80
20.60,41.80
20.61,41.81
20.63,41.81
20.64,41.82
20.65,41.83
20.67,41.83
20.68,41.84
20.70,41.84
20.71,41.85
20.73,41.85
20.74,41.86
20.76,41.86
20.77,41.87
20.79,41.87
20.80,41.88
20.82,41.89
20.83,41.89
20.85,41.90
20.86,41.90
20.88,41.91
20.89,41.91
20.90,41.92
20.92,41.92
20.93,41.93
20.95,41.93
20.96,41.94
20.98,41.94
20.99,41.95
21.01,41.96
21.02,41.96
21.04,41.97
21.05,41.97
21.07,41.98
21.08,41.98
21.10,41.99
21.11,41.99
21.13,42.00
21.14,42.00
21.16,42.01
21.17,42.01
21.18,42.02
21.20,42.03
21.21,42.03
21.23,42.04
21.24,42.04
21.26,42.05
21.27,42.05
21.29,42.06
21.30,42.06
21.32,42.07
21.33,42.07
21.35,42.08
21.36,42.08
21.38,42.09
21.39,42.10
21.41,42.10
21.42,42.11
21.43,42.11
21.45,42.12
21.46,42.12
21.48,42.13
21.49,42.13
21.51,42.14
21.52,42.14
21.54,42.15
21.55,42.15
21.57,42.16
21.58,42.16
21.60,42.17
21.61,42.18
21.63,42.18
21.64,42.19
21.66,42.19
21.67,42.20
21.68,42.20
21.70,42.21
21.71,42.21
21.73,42.22
21.74,42.22
21.76,42.23
21.77,42.23
21.79,42.24
21.80,42.24
21.82,42.25
21.83,42.25
21.85,42.26
21.86,42.27
21.88,42.27
21.89,42.28
21.91,42.28
21.92,42.29
21.93,42.29
21.95,42.30
21.96,42.30
21.98,42.31
21.99,42.31
22.01,42.32
22.02,42.32
22.04,42.33
22.05,42.33
22.07,42.34
22.08,42.34
22.10,42.35
22.11,42.35
22.13,42.36
22.14,42.37
22.16,42.37
22.17,42.38
22.18,42.38
22.20,42.39
22.21,42.39
22.23,42.40
22.24,42.40
22.26,42.41
22.27,42.41
22.29,42.42
22.30,42.42
22.32,42.43
22.33,42.43
22.35,42.44
22.36,42.44
22.38,42.45
22.39,42.45
22.41,42.46
22.42,42.47
22.43,42.47
22.45,42.48
22.46,42.48
22.48,42.49
22.49,42.49
22.51,42.50
22.52,42.50
22.54,42.51
22.55,42.51
22.57,42.52
22.58,42.52
22.60,42.53
22.61,42.53
22.63,42.53
22.64,42.54
22.66,42.54
22.67,42.54
22.69,42.54
22.70,42.55
22.71,42.55
22.73,42.55
22.74,42.55
22.76,42.55
22.77,42.56
22.79,42.56
22.80,42.56
22.82,42.56
22.83,42.56
22.85,42.57
22.86,42.57
22.88,42.57
22.89,42.57
22.91,42.57
22.92,42.58
22.94,42.58
22.95,42.58
22.96,42.58
22.98,42.58
22.99,42.59
23.01,42.59
23.02,42.59
23.04,42.59
23.05,42.59
23.07,42.60
23.08,42.60
23.10,42.60
23.11,42.60
23.13,42.60
23.14,42.61
23.16,42.61
23.17,42.61
23.19,42.61
23.20,42.61
23.21,42.62
23.23,42.62
23.24,42.62
23.26,42.62
23.27,42.63
23.29,42.63
23.30,42.64
23.32,42.64
23.33,42.65
23.35,42.65
23.36,42.66
23.38,42.66
23.39,42.67
23.41,42.67
23.42,42.68
23.44,42.68
23.45,42.69
23.46,42.69
23.48,42.70
23.49,42.70
23.51,42.71
23.52,42.71
23.54,42.72
23.55,42.72
23.57,42.73
23.58,42.73
23.60,42.74
23.61,42.74
23.63,42.75
23.64,42.76
23.66,42.76
23.67,42.77
23.69,42.77
23.70,42.78
23.71,42.78
23.73,42.79
23.74,42.79
23.76,42.80
23.77,42.80
23.79,42.81
23.80,42.81
23.82,42.82
23.83,42.82
23.85,42.83
23.86,42.83
23.88,42.84
23.89,42.84
23.91,42.85
23.92,42.85
23.94,42.85
23.95,42.86
23.96,42.86
23.98,42.86
23.99,42.86
24.01,42.86
24.02,42.87
24.04,42.87
24.05,42.87
24.07,42.87
24.08,42.87
24.10,42.88
24.11,42.88
24.13,42.88
24.14,42.88
24.16,42.88
24.17,42.89
24.19,42.89
24.20,42.89
24.22,42.89
24.23,42.89
24.24,42.90
24.26,42.90
24.27,42.90
24.29,42.90
24.30,42.90
24.32,42.91
24.33,42.91
24.35,42.91
24.36,42.91
24.38,42.91
24.39,42.92
24.41,42.92
24.42,42.92
24.44,42.92
24.45,42.92
24.47,42.92
24.48,42.92
24.49,42.92
24.51,42.93
24.52,42.93
24.54,42.94
24.55,42.94
24.57,42.95
24.58,42.95
24.60,42.96
24.61,42.96
24.63,42.97
24.64,42.97
24.66,42.98
24.67,42.98
24.69,42.99
24.70,42.99
24.72,43.00
24.73,43.00
24.74,43.01
24.76,43.01
24.77,43.02
24.79,43.02
24.80,43.03
24.82,43.03
24.83,43.04
24.85,43.04
24.86,43.05
24.88,43.05
24.89,43.06
24.91,43.06
24.92,43.07
24.94,43.07
24.95,43.08
24.97,43.09
24.98,43.09
24.99,43.10
25.01,43.10
25.02,43.11
25.04,43.11
25.05,43.12
25.07,43.12
25.08,43.13
25.10,43.13
25.11,43.14
25.13,43.14
25.14,43.14
25.16,43.14
25.17,43.15
25.19,43.15
25.20,43.15
25.22,43.15
25.23,43.15
25.24,43.16
25.26,43.16
25.27,43.16
25.29,43.16
25.30,43.16
25.32,43.17
25.33,43.17
25.35,43.17
25.36,43.17
25.38,43.17
25.39,43.18
25.41,43.18
25.42,43.18
25.44,43.18
25.45,43.18
25.47,43.19
25.48,43.19
25.49,43.19
25.51,43.19
25.52,43.19
25.54,43.20
25.55,43.19
25.57,43.19
25.58,43.19
25.60,43.20
25.61,43.20
25.63,43.21
25.64,43.21
25.66,43.22
25.67,43.22
25.69,43.23
25.70,43.23
25.72,43.24
25.73,43.24
25.75,43.25
25.76,43.25
25.77,43.26
25.79,43.26
25.80,43.27
25.82,43.27
25.83,43.28
25.85,43.28
25.86,43.29
25.88,43.29
25.89,43.30
25.91,43.30
25.92,43.31
25.94,43.31
25.95,43.32
25.97,43.32
25.98,43.33
26.00,43.33
26.01,43.34
26.02,43.34
26.04,43.35
26.05,43.35
26.07,43.36
26.08,43.36
26.10,43.37
26.11,43.37
26.13,43.38
26.14,43.38
26.16,43.39
26.17,43.39
26.19,43.40
26.20,43.40
26.22,43.41
26.23,43.41
26.25,43.42
26.26,43.42
26.27,43.43
26.29,43.43
26.30,43.44
26.32,43.44
26.33,43.45
26.35,43.45
26.36,43.46
26.38,43.46
26.39,43.46
26.41,43.47
26.42,43.47
26.44,43.47
26.45,43.47
26.47,43.47
26.48,43.47
26.50,43.48
26.51,43.48
26.52,43.48
26.54,43.48
26.55,43.48
26.57,43.49
26.58,43.49
26.60,43.49
26.61,43.49
26.63,43.49
26.64,43.50
26.66,43.50
26.67,43.50
26.69,43.50
26.70,43.50
26.72,43.51
26.73,43.51
26.75,43.51
26.76,43.51
26.77,43.51
26.79,43.51
26.80,43.51
26.82,43.51
26.83,43.52
26.85,43.52
26.86,43.53
26.88,43.53
26.89,43.54
26.91,43.54
26.92,43.55
26.94,43.55
26.95,43.56
26.97,43.56
26.98,43.57
27.00,43.57
27.01,43.58
27.02,43.58
27.04,43.59
27.05,43.59
27.07,43.60
27.08,43.60
27.10,43.61
27.11,43.61
27.13,43.62
27.14,43.62
27.16,43.63
27.17,43.63
27.19,43.64
27.20,43.64
27.22,43.65
27.23,43.65
27.25,43.66
27.26,43.66
27.28,43.67
27.29,43.67
27.30,43.68
27.32,43.68
27.33,43.68
27.35,43.69
27.36,43.69
27.38,43.70
27.39,43.70
27.41,43.71
27.42,43.71
27.44,43.72
27.45,43.72
27.47,43.73
27.48,43.73
27.50,43.74
27.51,43.74
27.53,43.75
27.54,43.75
27.55,43.76
27.57,43.76
27.58,43.77
27.60,43.77
27.61,43.78
27.63,43.78
27.64,43.79
27.66,43.79
27.67,43.80
27.69,43.80
27.70,43.81
27.72,43.81
27.73,43.82
27.75,43.82
27.76,43.83
27.78,43.83
27.79,43.84
27.80,43.84
27.82,43.85
27.83,43.85
27.85,43.86
27.86,43.86
27.88,43.87
27.89,43.87
27.91,43.87
27.92,43.87
27.94,43.87
27.95,43.87
27.97,43.87
27.98,43.87
28.00,43.87
28.01,43.87
28.03,43.87
28.04,43.87
28.05,43.87
28.07,43.87
28.08,43.87
28.10,43.87
28.11,43.87
28.13,43.87
28.14,43.87
28.16,43.88
28.17,43.87
28.19,43.87
28.20,43.87
28.22,43.87
28.23,43.87
28.25,43.88
28.26,43.88
28.28,43.88
28.29,43.87
28.30,43.87
28.32,43.87
28.33,43.88
28.35,43.88
28.36,43.88
28.38,43.88
28.39,43.88
28.41,43.88
28.42,43.88
28.44,43.88
28.45,43.88
28.47,43.88
28.48,43.88
28.50,43.88
28.51,43.88
28.53,43.88
28.54,43.88
28.55,43.88
28.57,43.88
28.58,43.88
28.60,43.88
28.61,43.88
28.63,43.88
28.64,43.88
28.66,43.88
28.67,43.88
28.69,43.89
28.70,43.88
28.72,43.88
28.73,43.88
28.75,43.88
28.76,43.88
28.78,43.89
28.79,43.89
28.81,43.89
28.82,43.88
28.83,43.88
28.85,43.88
28.86,43.89
28.88,43.89
28.89,43.89
28.91,43.89
28.92,43.89
28.94,43.88
28.95,43.89
28.97,43.89
28.98,43.89
29.00,43.89
29.01,43.89
29.03,43.89
29.04,43.89
29.06,43.89
29.07,43.89
29.08,43.89
29.10,43.89
29.11,43.89
29.13,43.89
29.14,43.89
29.16,43.89
29.17,43.89
29.19,43.89
29.20,43.89
29.22,43.89
29.23,43.89
29.25,43.89
29.26,43.89
29.28,43.89
29.29,43.89
29.31,43.90
29.32,43.90
29.33,43.90
29.35,43.89
29.36,43.89
29.38,43.89
29.39,43.90
29.41,43.90
29.42,43.90
29.44,43.90
29.45,43.90
29.47,43.89
29.48,43.90
29.50,43.90
29.51,43.90
29.53,43.90
29.54,43.90
29.56,43.90
29.57,43.90
29.58,43.90
29.60,43.90
29.61,43.90
29.63,43.90
29.64,43.90
29.66,43.90
29.67,43.90
29.69,43.90
29.70,43.90
29.72,43.90
29.73,43.90
29.75,43.90
29.76,43.90
29.78,43.90
29.79,43.90
29.81,43.90
29.82,43.90
29.83,43.91
29.85,43.91
29.86,43.90
29.88,43.90
29.89,43.90
29.91,43.90
29.92,43.91
29.94,43.91
29.95,43.91
29.97,43.91
29.98,43.91
30.00,43.90
30.01,43.91
30.03,43.91
30.04,43.91
30.06,43.91
30.07,43.91
30.08,43.91
30.10,43.91
30.11,43.91
30.13,43.91
30.14,43.91
30.16,43.91
30.17,43.91
30.19,43.91
30.20,43.91
30.22,43.91
30.23,43.91
30.25,43.91
30.26,43.91
30.28,43.91
30.29,43.91
30.31,43.91
30.32,43.91
30.34,43.91
30.35,43.91
30.36,43.92
30.38,43.92
30.39,43.91
30.41,43.91
30.42,43.91
30.44,43.91
30.45,43.92
30.47,43.92
30.48,43.92
30.50,43.92
30.51,43.91
30.53,43.91
30.54,43.92
30.56,43.92
30.57,43.92
30.59,43.92
30.60,43.92
30.61,43.92
30.63,43.92
30.64,43.92
30.66,43.92
30.67,43.92
30.69,43.92
30.70,43.92
30.72,43.92
30.73,43.92
30.75,43.92
30.76,43.92
30.78,43.92
30.79,43.92
30.81,43.92
30.82,43.92
30.84,43.92
30.85,43.92
30.86,43.92
30.88,43.92
30.89,43.93
30.91,43.92
30.92,43.92
30.94,43.92
30.95,43.92
30.97,43.92
30.98,43.93
31.00,43.93
31.01,43.93
31.03,43.92
31.04,43.92
31.06,43.92
31.07,43.93
31.09,43.93
31.10,43.93
31.11,43.93
31.13,43.93
31.14,43.93
31.16,43.93
31.17,43.93
31.19,43.93
31.20,43.93
31.22,43.93
31.23,43.93
31.25,43.93
31.26,43.93
31.28,43.93
31.29,43.93
31.31,43.93
31.32,43.93
31.34,43.93
31.35,43.93
31.36,43.93
31.38,43.93
31.39,43.93
31.41,43.93
31.42,43.93
31.44,43.93
31.45,43.93
31.47,43.93
31.48,43.93
31.50,43.93
31.51,43.94
31.53,43.94
31.54,43.94
31.56,43.93
31.57,43.93
31.59,43.93
31.60,43.94
31.61,43.94
31.63,43.94
31.64,43.94
31.66,43.94
31.67,43.93
31.69,43.94
31.70,43.94
31.72,43.94
31.73,43.94
31.75,43.94
31.76,43.94
31.78,43.94
31.79,43.94
31.81,43.94
31.82,43.94
31.84,43.94
31.85,43.94
31.87,43.94
31.88,43.94
31.89,43.94
31.91,43.94
31.92,43.94
31.94,43.94
31.95,43.94
31.97,43.94
31.98,43.94
32.00,43.94
32.01,43.94
32.03,43.94
32.04,43.95
32.06,43.95
32.07,43.94
32.09,43.94
32.10,43.94
32.12,43.94
32.13,43.95
32.14,43.95
32.16,43.95
32.17,43.95
32.19,43.94
32.20,43.94
32.22,43.95
32.23,43.95
32.25,43.95
32.26,43.95
32.28,43.95
32.29,43.95
32.31,43.95
32.32,43.95
32.34,43.95
32.35,43.95
32.37,43.95
32.38,43.95
32.39,43.95
32.41,43.95
32.42,43.95
32.44,43.95
32.45,43.95
32.47,43.95
32.48,43.95
32.50,43.95
32.51,43.95
32.53,43.95
32.54,43.95
32.56,43.95
32.57,43.96
32.59,43.95
32.60,43.95
32.62,43.95
32.63,43.95
32.64,43.95
32.66,43.96
32.67,43.96
32.69,43.96
32.70,43.95
32.72,43.95
32.73,43.95
32.75,43.96
32.76,43.96
32.78,43.96
32.79,43.96
32.81,43.96
32.82,43.95
32.84,43.96
32.85,43.96
32.87,43.96
32.88,43.96
32.89,43.96
32.91,43.96
32.92,43.96
32.94,43.96
32.95,43.96
32.97,43.96
32.98,43.96
33.00,43.96
33.01,43.96
33.03,43.96
33.04,43.96
33.06,43.96
33.07,43.96
33.09,43.96
33.10,43.96
33.12,43.96
33.13,43.96
33.14,43.96
33.16,43.96
33.17,43.96
33.19,43.97
33.20,43.97
33.22,43.96
33.23,43.96
33.25,43.96
33.26,43.96
33.28,43.97
33.29,43.97
33.31,43.97
33.32,43.97
33.34,43.96
33.35,43.96
33.37,43.97
33.38,43.97
33.40,43.97
33.41,43.97
33.42,43.97
33.44,43.97
33.45,43.97
33.47,43.97
33.48,43.97
33.50,43.97
33.51,43.97
33.53,43.97
33.54,43.97
33.56,43.97
33.57,43.97
33.59,43.97
33.60,43.97
33.62,43.97
33.63,43.97
33.65,43.97
33.66,43.97
33.67,43.97
33.69,43.97
33.70,43.97
33.72,43.97
33.73,43.97
33.75,43.97
33.76,43.97
33.78,43.97
33.79,43.97
33.81,43.97
33.82,43.98
33.84,43.98
33.85,43.98
33.87,43.98
33.88,43.98
33.90,43.98
33.91,43.99
33.92,43.99
33.94,43.99
33.95,43.99
33.97,43.99
33.98,44.00
34.00,44.00
34.01,44.01
34.03,44.01
34.04,44.02
34.06,44.02
34.07,44.02
34.09,44.02
34.10,44.02
34.12,44.02
34.13,44.02
34.15,44.02
34.16,44.02
34.17,44.02
34.19,44.02
34.20,44.02
34.22,44.02
34.23,44.02
34.25,44.02
34.26,44.02
34.28,44.02
34.29,44.02
34.31,44.02
34.32,44.02
34.34,44.03
34.35,44.03
34.37,44.03
34.38,44.03
34.40,44.03
34.41,44.03
34.42,44.04
34.44,44.04
34.45,44.04
34.47,44.04
34.48,44.04
34.50,44.05
34.51,44.05
34.53,44.05
34.54,44.05
34.56,44.05
34.57,44.05
34.59,44.06
34.60,44.06
34.62,44.06
34.63,44.06
34.65,44.06
34.66,44.07
34.67,44.07
34.69,44.07
34.70,44.07
34.72,44.07
34.73,44.07
34.75,44.08
34.76,44.08
34.78,44.08
34.79,44.08
34.81,44.08
34.82,44.09
34.84,44.09
34.85,44.09
34.87,44.09
34.88,44.09
34.90,44.09
34.91,44.10
34.93,44.10
34.94,44.10
34.95,44.10
34.97,44.10
34.98,44.10
35.00,44.11
35.01,44.11
35.03,44.11
35.04,44.11
35.06,44.11
35.07,44.12
35.09,44.12
35.10,44.12
35.12,44.12
35.13,44.12
35.15,44.12
35.16,44.13
35.18,44.13
35.19,44.13
35.20,44.13
35.22,44.13
35.23,44.14
35.25,44.14
35.26,44.14
35.28,44.14
35.29,44.14
35.31,44.14
35.32,44.15
35.34,44.15
35.35,44.15
35.37,44.15
35.38,44.15
35.40,44.16
35.41,44.16
35.43,44.16
35.44,44.16
35.45,44.16
35.47,44.16
35.48,44.16
35.50,44.16
35.51,44.16
35.53,44.17
35.54,44.17
35.56,44.18
35.57,44.18
35.59,44.19
35.60,44.19
35.62,44.20
35.63,44.20
35.65,44.20
35.66,44.21
35.68,44.21
35.69,44.22
35.70,44.22
35.72,44.23
35.73,44.23
35.75,44.24
35.76,44.24
35.78,44.25
35.79,44.25
35.81,44.26
35.82,44.26
35.84,44.27
35.85,44.27
35.87,44.28
35.88,44.28
35.90,44.29
35.91,44.29
35.93,44.29
35.94,44.30
35.95,44.30
35.97,44.31
35.98,44.31
36.00,44.32
36.01,44.32
36.03,44.33
36.04,44.33
36.06,44.34
36.07,44.34
36.09,44.35
36.10,44.35
36.12,44.36
36.13,44.35
36.15,44.35
36.16,44.36
36.18,44.36
36.19,44.36
36.20,44.36
36.22,44.36
36.23,44.36
36.25,44.36
36.26,44.36
36.28,44.36
36.29,44.36
36.31,44.36
36.32,44.36
36.34,44.36
36.35,44.36
36.37,44.36
36.38,44.36
36.40,44.36
36.41,44.36
36.43,44.36
36.44,44.36
36.46,44.36
36.47,44.36
36.48,44.36
36.50,44.36
36.51,44.36
36.53,44.36
36.54,44.36
36.56,44.36
36.57,44.36
36.59,44.36
36.60,44.36
36.62,44.36
36.63,44.36
36.65,44.36
36.66,44.36
36.68,44.36
36.69,44.37
36.71,44.37
36.72,44.36
36.73,44.36
36.75,44.36
36.76,44.36
36.78,44.37
36.79,44.37
36.81,44.37
36.82,44.37
36.84,44.36
36.85,44.36
36.87,44.37
36.88,44.37
36.90,44.37
36.91,44.37
36.93,44.37
36.94,44.36
36.96,44.37
36.97,44.37
36.98,44.37
37.00,44.37
37.01,44.37
37.03,44.37
37.04,44.37
37.06,44.37
37.07,44.37
37.09,44.37
37.10,44.37
37.12,44.37
37.13,44.37
37.15,44.37
37.16,44.37
37.18,44.37
37.19,44.37
37.21,44.37
37.22,44.37
37.23,44.37
37.25,44.37
37.26,44.37
37.28,44.37
37.29,44.37
37.31,44.37
37.32,44.37
37.34,44.37
37.35,44.37
37.37,44.37
37.38,44.37
37.40,44.38
37.41,44.38
37.43,44.37
37.44,44.37
37.46,44.37
37.47,44.37
37.48,44.38
37.50,44.38
37.51,44.38
37.53,44.37
37.54,44.37
37.56,44.37
37.57,44.38
37.59,44.38
37.60,44.38
37.62,44.38
37.63,44.38
37.65,44.37
37.66,44.38
37.68,44.38
37.69,44.38
37.71,44.38
37.72,44.38
37.73,44.38
37.75,44.38
37.76,44.38
37.78,44.38
37.79,44.38
37.81,44.38
37.82,44.38
37.84,44.38
37.85,44.38
37.87,44.38
37.88,44.38
37.90,44.38
37.91,44.38
37.93,44.38
37.94,44.38
37.96,44.38
37.97,44.38
37.99,44.38
38.00,44.38
38.01,44.38
38.03,44.38
38.04,44.38
38.06,44.38
38.07,44.38
38.09,44.38
38.10,44.39
38.12,44.38
38.13,44.38
38.15,44.38
38.16,44.38
38.18,44.38
38.19,44.39
38.21,44.39
38.22,44.38
38.24,44.38
38.25,44.38
38.26,44.38
38.28,44.39
38.29,44.39
38.31,44.39
38.32,44.39
38.34,44.38
38.35,44.38
38.37,44.39
38.38,44.39
38.40,44.39
38.41,44.39
38.43,44.39
38.44,44.39
38.46,44.39
38.47,44.39
38.49,44.39
38.50,44.39
38.51,44.39
38.53,44.39
38.54,44.39
38.56,44.39
38.57,44.39
38.59,44.39
38.60,44.39
38.62,44.39
38.63,44.39
38.65,44.39
38.66,44.39
38.68,44.39
38.69,44.39
38.71,44.39
38.72,44.39
38.74,44.39
38.75,44.39
38.76,44.39
38.78,44.39
38.79,44.39
38.81,44.39
38.82,44.39
38.84,44.39
38.85,44.39
38.87,44.39
38.88,44.39
38.90,44.40
38.91,44.39
38.93,44.39
38.94,44.39
38.96,44.39
38.97,44.39
38.99,44.40
39.00,44.40
39.01,44.40
39.03,44.39
39.04,44.39
39.06,44.39
39.07,44.40
39.09,44.40
39.10,44.40
39.12,44.40
39.13,44.40
39.15,44.39
39.16,44.40
39.18,44.40
39.19,44.40
39.21,44.40
39.22,44.40
39.24,44.40
39.25,44.40
39.26,44.40
39.28,44.40
39.29,44.40
39.31,44.40
39.32,44.40
39.34,44.40
39.35,44.40
39.37,44.40
39.38,44.40
39.40,44.40
39.41,44.40
39.43,44.40
39.44,44.40
39.46,44.40
39.47,44.40
39.49,44.40
39.50,44.40
39.52,44.40
39.53,44.40
39.54,44.40
39.56,44.40
39.57,44.40
39.59,44.40
39.60,44.40
39.62,44.40
39.63,44.40
39.65,44.40
39.66,44.40
39.68,44.40
39.69,44.41
39.71,44.41
39.72,44.40
39.74,44.40
39.75,44.40
39.77,44.40
39.78,44.41
39.79,44.41
39.81,44.41
39.82,44.40
39.84,44.40
39.85,44.40
39.87,44.41
39.88,44.41
39.90,44.41
39.91,44.41
39.93,44.41
39.94,44.40
39.96,44.41
39.97,44.41
39.99,44.41
40.00,44.41
40.02,44.41
40.03,44.41
40.04,44.41
40.06,44.41
40.07,44.41
40.09,44.41
40.10,44.41
40.12,44.41
40.13,44.41
40.15,44.41
40.16,44.41
40.18,44.41
40.19,44.41
40.21,44.41
40.22,44.41
40.24,44.41
40.25,44.41
40.27,44.41
40.28,44.41
40.29,44.41
40.31,44.41
40.32,44.41
40.34,44.41
40.35,44.41
40.37,44.41
40.38,44.41
40.40,44.42
40.41,44.41
40.43,44.41
40.44,44.41
40.46,44.41
40.47,44.41
40.49,44.42
40.50,44.42
40.52,44.41
40.53,44.41
40.54,44.41
40.56,44.41
40.57,44.42
40.59,44.42
40.60,44.42
40.62,44.42
40.63,44.41
40.65,44.41
40.66,44.42
40.68,44.42
40.69,44.42
40.71,44.42
40.72,44.42
40.74,44.41
40.75,44.42
40.77,44.42
40.78,44.42
40.79,44.42
40.81,44.42
40.82,44.42
40.84,44.42
40.85,44.42
40.87,44.42
40.88,44.42
40.90,44.42
40.91,44.42
40.93,44.42
40.94,44.42
40.96,44.42
40.97,44.42
40.99,44.42
41.00,44.42
41.02,44.42
41.03,44.42
41.04,44.42
41.06,44.42
41.07,44.42
41.09,44.42
41.10,44.42
41.12,44.42
41.13,44.42
41.15,44.42
41.16,44.42
41.18,44.42
41.19,44.43
41.21,44.42
41.22,44.42
41.24,44.42
41.25,44.42
41.27,44.42
41.28,44.43
41.30,44.43
41.31,44.42
41.32,44.42
41.34,44.42
41.35,44.42
41.37,44.43
41.38,44.43
41.40,44.43
41.41,44.43
41.43,44.43
41.44,44.43
41.46,44.44
41.47,44.44
41.49,44.44
41.50,44.44
41.52,44.44
41.53,44.44
41.55,44.45
41.56,44.45
41.57,44.45
41.59,44.45
41.60,44.45
41.62,44.45
41.63,44.46
41.65,44.46
41.66,44.46
41.68,44.46
41.69,44.46
41.71,44.46
41.72,44.47
41.74,44.47
41.75,44.47
41.77,44.47
41.78,44.47
41.80,44.48
41.81,44.48
41.82,44.48
41.84,44.48
41.85,44.48
41.87,44.48
41.88,44.49
41.90,44.49
41.91,44.49
41.93,44.49
41.94,44.49
41.96,44.49
41.97,44.50
41.99,44.50
42.00,44.50
42.02,44.50
42.03,44.50
42.05,44.50
42.06,44.51
42.07,44.51
42.09,44.51
42.10,44.51
42.12,44.51
42.13,44.51
42.15,44.52
42.16,44.52
42.18,44.52
42.19,44.52
42.21,44.52
42.22,44.52
42.24,44.52
42.25,44.53
42.27,44.53
42.28,44.54
42.30,44.54
42.31,44.55
42.32,44.55
42.34,44.55
42.35,44.56
42.37,44.56
42.38,44.57
42.40,44.57
42.41,44.58
42.43,44.58
42.44,44.59
42.46,44.59
42.47,44.60
42.49,44.60
42.50,44.61
42.52,44.61
42.53,44.61
42.55,44.62
42.56,44.62
42.57,44.63
42.59,44.63
42.60,44.64
42.62,44.64
42.63,44.65
42.65,44.65
42.66,44.66
42.68,44.65
42.69,44.65
42.71,44.65
42.72,44.65
42.74,44.66
42.75,44.66
42.77,44.66
42.78,44.65
42.80,44.65
42.81,44.65
42.83,44.66
42.84,44.66
42.85,44.66
42.87,44.66
42.88,44.65
42.90,44.65
42.91,44.66
42.93,44.66
42.94,44.66
42.96,44.66
42.97,44.66
42.99,44.66
43.00,44.66
43.02,44.66
43.03,44.66
43.05,44.66
43.06,44.66
43.08,44.66
43.09,44.66
43.10,44.66
43.12,44.66
43.13,44.66
43.15,44.66
43.16,44.66
43.18,44.66
43.19,44.66
43.21,44.66
43.22,44.66
43.24,44.66
43.25,44.66
43.27,44.66
43.28,44.66
43.30,44.66
43.31,44.66
43.33,44.66
43.34,44.66
43.35,44.66
43.37,44.66
43.38,44.66
43.40,44.66
43.41,44.66
43.43,44.66
43.44,44.66
43.46,44.66
43.47,44.66
43.49,44.66
43.50,44.66
43.52,44.66
43.53,44.67
43.55,44.66
43.56,44.66
43.58,44.66
43.59,44.66
43.60,44.66
43.62,44.67
43.63,44.67
43.65,44.66
43.66,44.66
43.68,44.66
43.69,44.66
43.71,44.67
43.72,44.67
43.74,44.67
43.75,44.66
43.77,44.66
43.78,44.66
43.80,44.67
43.81,44.67
43.83,44.67
43.84,44.67
43.85,44.67
43.87,44.68
43.88,44.68
43.90,44.68
43.91,44.68
43.93,44.68
43.94,44.69
43.96,44.69
43.97,44.69
43.99,44.69
44.00,44.69
44.02,44.69
44.03,44.70
44.05,44.70
44.06,44.70
44.08,44.70
44.09,44.70
44.10,44.70
44.12,44.71
44.13,44.71
44.15,44.71
44.16,44.71
44.18,44.71
44.19,44.71
44.21,44.72
44.22,44.72
44.24,44.72
44.25,44.72
44.27,44.72
44.28,44.72
44.30,44.73
44.31,44.73
44.33,44.73
44.34,44.73
44.36,44.73
44.37,44.73
44.38,44.74
44.40,44.74
44.41,44.74
44.43,44.74
44.44,44.74
44.46,44.74
44.47,44.75
44.49,44.75
44.50,44.75
44.52,44.75
44.53,44.75
44.55,44.75
44.56,44.76
44.58,44.76
44.59,44.76
44.61,44.76
44.62,44.76
44.63,44.76
44.65,44.77
44.66,44.77
44.68,44.77
44.69,44.77
44.71,44.77
44.72,44.77
44.74,44.77
44.75,44.78
44.77,44.78
44.78,44.79
44.80,44.79
44.81,44.80
44.83,44.80
44.84,44.81
44.86,44.81
44.87,44.82
44.88,44.82
44.90,44.82
44.91,44.83
44.93,44.83
44.94,44.84
44.96,44.84
44.97,44.85
44.99,44.85
45.00,44.86
45.02,44.86
45.03,44.87
45.05,44.87
45.06,44.87
45.08,44.88
45.09,44.88
45.11,44.89
45.12,44.89
45.13,44.90
45.15,44.90
45.16,44.91
45.18,44.91
45.19,44.90
45.21,44.90
45.22,44.90
45.24,44.90
45.25,44.91
45.27,44.91
45.28,44.91
45.30,44.90
45.31,44.91
45.33,44.91
45.34,44.91
45.36,44.91
45.37,44.91
45.38,44.91
45.40,44.91
45.41,44.91
45.43,44.92
45.44,44.92
45.46,44.93
45.47,44.93
45.49,44.93
45.50,44.93
45.52,44.93
45.53,44.93
45.55,44.93
45.56,44.93
45.58,44.93
45.59,44.93
45.61,44.93
45.62,44.93
45.63,44.93
45.65,44.93
45.66,44.93
45.68,44.93
45.69,44.94
45.71,44.93
45.72,44.93
45.74,44.93
45.75,44.93
45.77,44.93
45.78,44.94
45.80,44.94
45.81,44.93
45.83,44.93
45.84,44.93
45.86,44.93
45.87,44.94
45.89,44.94
45.90,44.94
45.91,44.93
45.93,44.93
45.94,44.93
45.96,44.94
45.97,44.94
45.99,44.94
46.00,44.94
46.02,44.93
46.03,44.93
46.05,44.94
46.06,44.94
46.08,44.94
46.09,44.94
46.11,44.94
46.12,44.93
46.14,44.94
46.15,44.94
46.16,44.94
46.18,44.94
46.19,44.94
46.21,44.94
46.22,44.94
46.24,44.94
46.25,44.94
46.27,44.94
46.28,44.94
46.30,44.94
46.31,44.94
46.33,44.94
46.34,44.94
46.36,44.94
46.37,44.94
46.39,44.94
46.40,44.94
46.41,44.94
46.43,44.94
46.44,44.94
46.46,44.94
46.47,44.94
46.49,44.94
46.50,44.94
46.52,44.94
46.53,44.94
46.55,44.94
46.56,44.94
46.58,44.94
46.59,44.94
46.61,44.94
46.62,44.94
46.64,44.94
46.65,44.94
46.66,44.94
46.68,44.94
46.69,44.94
46.71,44.94
46.72,44.94
46.74,44.94
46.75,44.94
46.77,44.94
46.78,44.94
46.80,44.94
46.81,44.94
46.83,44.94
46.84,44.94
46.86,44.94
46.87,44.94
46.89,44.94
46.90,44.94
46.91,44.94
46.93,44.95
46.94,44.94
46.96,44.94
46.97,44.94
46.99,44.94
47.00,44.94
47.02,44.95
47.03,44.95
47.05,44.94
47.06,44.94
47.08,44.94
47.09,44.94
47.11,44.95
47.12,44.95
47.14,44.95
47.15,44.94
47.16,44.94
47.18,44.94
47.19,44.95
47.21,44.95
47.22,44.95
47.24,44.95
47.25,44.94
47.27,44.94
47.28,44.95
47.30,44.95
47.31,44.95
47.33,44.95
47.34,44.94
47.36,44.94
47.37,44.95
47.39,44.95
47.40,44.95
47.42,44.95
47.43,44.95
47.44,44.94
47.46,44.95
47.47,44.95
47.49,44.95
47.50,44.95
47.52,44.95
47.53,44.95
47.55,44.95
47.56,44.95
47.58,44.95
47.59,44.95
47.61,44.95
47.62,44.95
47.64,44.95
47.65,44.95
47.67,44.95
47.68,44.95
47.69,44.95
47.71,44.95
47.72,44.95
47.74,44.95
47.75,44.95
47.77,44.95
47.78,44.96
47.80,44.96
47.81,44.96
47.83,44.96
47.84,44.96
47.86,44.96
47.87,44.97
47.89,44.97
47.90,44.97
47.92,44.97
47.93,44.97
47.94,44.97
47.96,44.98
47.97,44.98
47.99,44.98
48.00,44.98
48.02,44.98
48.03,44.98
48.05,44.99
48.06,44.99
48.08,44.99
48.09,44.99
48.11,44.99
48.12,44.99
48.14,45.00
48.15,45.00
48.17,45.00
48.18,45.00
48.19,45.00
48.21,45.00
48.22,45.01
48.24,45.01
48.25,45.01
48.27,45.01
48.28,45.01
48.30,45.01
48.31,45.02
48.33,45.02
48.34,45.02
48.36,45.02
48.37,45.02
48.39,45.02
48.40,45.03
48.42,45.03
48.43,45.03
48.44,45.03
48.46,45.03
48.47,45.03
48.49,45.03
48.50,45.04
48.52,45.04
48.53,45.04
48.55,45.04
48.56,45.04
48.58,45.04
48.59,45.04
48.61,45.04
48.62,45.05
48.64,45.05
48.65,45.05
48.67,45.06
48.68,45.06
48.69,45.07
48.71,45.07
48.72,45.08
48.74,45.08
48.75,45.09
48.77,45.09
48.78,45.09
48.80,45.10
48.81,45.10
48.83,45.11
48.84,45.11
48.86,45.12
48.87,45.12
48.89,45.13
48.90,45.13
48.92,45.13
48.93,45.14
48.95,45.14
48.96,45.15
48.97,45.15
48.99,45.16
49.00,45.16
49.02,45.17
49.03,45.17
49.05,45.17
49.06,45.17
49.08,45.17
49.09,45.17
49.11,45.17
49.12,45.17
49.14,45.17
49.15,45.17
49.17,45.17
49.18,45.17
49.20,45.17
49.21,45.17
49.22,45.17
49.24,45.17
49.25,45.17
49.27,45.17
49.28,45.17
49.30,45.17
49.31,45.17
49.33,45.17
49.34,45.17
49.36,45.17
49.37,45.17
49.39,45.17
49.40,45.17
49.42,45.17
49.43,45.17
49.45,45.17
49.46,45.17
49.47,45.17
49.49,45.17
49.50,45.17
49.52,45.18
49.53,45.17
49.55,45.17
49.56,45.17
49.58,45.17
49.59,45.17
49.61,45.18
49.62,45.17
49.64,45.17
49.65,45.17
49.67,45.17
49.68,45.17
49.70,45.18
49.71,45.18
49.72,45.17
49.74,45.17
49.75,45.17
49.77,45.17
49.78,45.18
49.80,45.18
49.81,45.18
49.83,45.17
49.84,45.17
49.86,45.17
49.87,45.18
49.89,45.18
49.90,45.18
49.92,45.17
49.93,45.17
49.95,45.17
49.96,45.18
49.97,45.18
49.99,45.18
50.00,45.18
50.02,45.17
50.03,45.17
50.05,45.18
50.06,45.18
50.08,45.18
50.09,45.18
50.11,45.17
50.12,45.17
50.14,45.18
50.15,45.18
50.17,45.18
50.18,45.18
50.20,45.18
50.21,45.17
50.22,45.18
50.24,45.18
50.25,45.18
50.27,45.18
50.28,45.18
50.30,45.18
50.31,45.18
50.33,45.18
50.34,45.18
50.36,45.18
50.37,45.18
50.39,45.18
50.40,45.18
50.42,45.18
50.43,45.18
50.45,45.18
50.46,45.18
50.48,45.18
50.49,45.18
50.50,45.18
50.52,45.18
50.53,45.18
50.55,45.18
50.56,45.18
50.58,45.18
50.59,45.18
50.61,45.18
50.62,45.18
50.64,45.18
50.65,45.18
50.67,45.18
50.68,45.18
50.70,45.18
50.71,45.18
50.73,45.18
50.74,45.18
50.75,45.18
50.77,45.18
50.78,45.18
50.80,45.18
50.81,45.18
50.83,45.18
50.84,45.18
50.86,45.18
50.87,45.18
50.89,45.18
50.90,45.18
50.92,45.18
50.93,45.18
50.95,45.18
50.96,45.18
50.98,45.18
50.99,45.18
51.00,45.18
51.02,45.18
51.03,45.18
51.05,45.18
51.06,45.18
51.08,45.18
51.09,45.18
51.11,45.18
51.12,45.18
51.14,45.18
51.15,45.18
51.17,45.18
51.18,45.18
51.20,45.18
51.21,45.18
51.23,45.18
51.24,45.18
51.25,45.18
51.27,45.18
51.28,45.19
51.30,45.18
51.31,45.18
51.33,45.18
51.34,45.18
51.36,45.18
51.37,45.19
51.39,45.18
51.40,45.18
51.42,45.18
51.43,45.18
51.45,45.18
51.46,45.19
51.48,45.19
51.49,45.18
51.50,45.18
51.52,45.18
51.53,45.18
51.55,45.19
51.56,45.19
51.58,45.18
51.59,45.18
51.61,45.18
51.62,45.18
51.64,45.19
51.65,45.19
51.67,45.19
51.68,45.18
51.70,45.18
51.71,45.18
51.73,45.19
51.74,45.19
51.75,45.19
51.77,45.18
51.78,45.18
51.80,45.18
51.81,45.19
51.83,45.19
51.84,45.19
51.86,45.19
51.87,45.19
51.89,45.19
51.90,45.19
51.92,45.19
51.93,45.19
51.95,45.20
51.96,45.20
51.98,45.20
51.99,45.20
52.01,45.20
52.02,45.20
52.03,45.20
52.05,45.21
52.06,45.21
52.08,45.21
52.09,45.21
52.11,45.21
52.12,45.21
52.14,45.22
52.15,45.22
52.17,45.22
52.18,45.22
52.20,45.22
52.21,45.22
52.23,45.23
52.24,45.23
52.26,45.23
52.27,45.23
52.28,45.23
52.30,45.23
52.31,45.24
52.33,45.24
52.34,45.24
52.36,45.24
52.37,45.24
52.39,45.24
52.40,45.25
52.42,45.25
52.43,45.25
52.45,45.25
52.46,45.25
52.48,45.25
52.49,45.25
52.51,45.26
52.52,45.26
52.53,45.26
52.55,45.26
52.56,45.26
52.58,45.26
52.59,45.27
52.61,45.27
52.62,45.27
52.64,45.27
52.65,45.27
52.67,45.27
52.68,45.28
52.70,45.28
52.71,45.28
52.73,45.28
52.74,45.28
52.76,45.28
52.77,45.29
52.78,45.29
52.80,45.29
52.81,45.29
52.83,45.29
52.84,45.29
52.86,45.29
52.87,45.30
52.89,45.30
52.90,45.30
52.92,45.30
52.93,45.29
52.95,45.30
52.96,45.30
52.98,45.31
52.99,45.31
53.01,45.32
53.02,45.32
53.03,45.32
53.05,45.33
53.06,45.33
53.08,45.34
53.09,45.34
53.11,45.35
53.12,45.35
53.14,45.36
53.15,45.36
53.17,45.36
53.18,45.37
53.20,45.37
53.21,45.38
53.23,45.38
53.24,45.39
53.26,45.39
53.27,45.39
53.28,45.40
53.30,45.40
53.31,45.41
53.33,45.41
53.34,45.42
53.36,45.42
53.37,45.43
53.39,45.43
53.40,45.43
53.42,45.44
53.43,45.44
53.45,45.45
53.46,45.45
53.48,45.46
53.49,45.46
53.51,45.45
53.52,45.45
53.54,45.45
53.55,45.46
53.56,45.46
53.58,45.46
53.59,45.45
53.61,45.45
53.62,45.45
53.64,45.46
53.65,45.46
53.67,45.46
53.68,45.45
53.70,45.45
53.71,45.45
53.73,45.46
53.74,45.46
53.76,45.46
53.77,45.45
53.79,45.45
53.80,45.45
53.81,45.46
53.83,45.46
53.84,45.46
53.86,45.46
53.87,45.45
53.89,45.45
53.90,45.46
53.92,45.46
53.93,45.46
53.95,45.46
53.96,45.46
53.98,45.46
53.99,45.46
54.01,45.46
54.02,45.46
54.04,45.47
54.05,45.46
54.06,45.47
54.08,45.47
54.09,45.47
54.11,45.48
54.12,45.48
54.14,45.48
54.15,45.48
54.17,45.49
54.18,45.49
54.20,45.48
54.21,45.48
54.23,45.48
54.24,45.48
54.26,45.49
54.27,45.49
54.29,45.48
54.30,45.48
54.31,45.48
54.33,45.48
54.34,45.49
54.36,45.49
54.37,45.48
54.39,45.48
54.40,45.48
54.42,45.48
54.43,45.49
54.45,45.49
54.46,45.49
54.48,45.48
54.49,45.48
54.51,45.48
54.52,45.49
54.54,45.49
54.55,45.49
54.56,45.48
54.58,45.48
54.59,45.48
54.61,45.49
54.62,45.49
54.64,45.49
54.65,45.48
54.67,45.48
54.68,45.48
54.70,45.49
54.71,45.49
54.73,45.49
54.74,45.48
54.76,45.48
54.77,45.48
54.79,45.49
54.80,45.49
54.81,45.49
54.83,45.49
54.84,45.48
54.86,45.48
54.87,45.49
54.89,45.49
54.90,45.49
54.92,45.49
54.93,45.48
54.95,45.48
54.96,45.49
54.98,45.49
54.99,45.49
55.01,45.49
55.02,45.48
55.04,45.48
55.05,45.49
55.07,45.49
55.08,45.49
55.09,45.49
55.11,45.48
55.12,45.48
55.14,45.49
55.15,45.49
55.17,45.49
55.18,45.49
55.20,45.49
55.21,45.48
55.23,45.49
55.24,45.49
55.26,45.49
55.27,45.49
55.29,45.49
55.30,45.48
55.32,45.49
55.33,45.49
55.34,45.49
55.36,45.49
55.37,45.49
55.39,45.48
55.40,45.49
55.42,45.49
55.43,45.49
55.45,45.49
55.46,45.49
55.48,45.49
55.49,45.49
55.51,45.49
55.52,45.49
55.54,45.49
55.55,45.49
55.57,45.49
55.58,45.49
55.59,45.49
55.61,45.49
55.62,45.49
55.64,45.49
55.65,45.49
55.67,45.49
55.68,45.49
55.70,45.49
55.71,45.49
55.73,45.49
55.74,45.49
55.76,45.49
55.77,45.49
55.79,45.49
55.80,45.49
55.82,45.49
55.83,45.49
55.84,45.49
55.86,45.49
55.87,45.49
55.89,45.49
55.90,45.49
55.92,45.49
55.93,45.49
55.95,45.49
55.96,45.49
55.98,45.49
55.99,45.49
56.01,45.49
56.02,45.49
56.04,45.49
56.05,45.49
56.07,45.49
56.08,45.49
56.09,45.49
56.11,45.49
56.12,45.49
56.14,45.49
56.15,45.49
56.17,45.49
56.18,45.49
56.20,45.49
56.21,45.49
56.23,45.49
56.24,45.49
56.26,45.49
56.27,45.49
56.29,45.49
56.30,45.49
56.32,45.49
56.33,45.49
56.34,45.49
56.36,45.49
56.37,45.49
56.39,45.49
56.40,45.49
56.42,45.49
56.43,45.49
56.45,45.49
56.46,45.49
56.48,45.49
56.49,45.49
56.51,45.49
56.52,45.49
56.54,45.49
56.55,45.49
56.57,45.49
56.58,45.49
56.60,45.49
56.61,45.49
56.62,45.49
56.64,45.49
56.65,45.49
56.67,45.49
56.68,45.49
56.70,45.49
56.71,45.49
56.73,45.49
56.74,45.49
56.76,45.49
56.77,45.49
56.79,45.49
56.80,45.49
56.82,45.49
56.83,45.49
56.85,45.49
56.86,45.49
56.87,45.49
56.89,45.49
56.90,45.49
56.92,45.49
56.93,45.49
56.95,45.49
56.96,45.49
56.98,45.49
56.99,45.49
57.01,45.49
57.02,45.49
57.04,45.49
57.05,45.49
57.07,45.49
57.08,45.49
57.10,45.49
57.11,45.49
57.12,45.49
57.14,45.49
57.15,45.50
57.17,45.50
57.18,45.50
57.20,45.50
57.21,45.50
57.23,45.50
57.24,45.51
57.26,45.51
57.27,45.51
57.29,45.51
57.30,45.51
57.32,45.51
57.33,45.52
57.35,45.52
57.36,45.52
57.37,45.52
57.39,45.52
57.40,45.52
57.42,45.52
57.43,45.53
57.45,45.53
57.46,45.53
57.48,45.53
57.49,45.53
57.51,45.53
57.52,45.54
57.54,45.54
57.55,45.54
57.57,45.54
57.58,45.54
57.60,45.54
57.61,45.54
57.62,45.55
57.64,45.55
57.65,45.55
57.67,45.55
57.68,45.55
57.70,45.55
57.71,45.56
57.73,45.56
57.74,45.56
57.76,45.56
57.77,45.56
57.79,45.56
57.80,45.57
57.82,45.57
57.83,45.57
57.85,45.57
57.86,45.57
57.87,45.57
57.89,45.57
57.90,45.58
57.92,45.58
57.93,45.58
57.95,45.58
57.96,45.58
57.98,45.58
57.99,45.59
58.01,45.59
58.02,45.59
58.04,45.59
58.05,45.59
58.07,45.59
58.08,45.59
58.10,45.60
58.11,45.60
58.13,45.60
58.14,45.60
58.15,45.60
58.17,45.60
58.18,45.61
58.20,45.61
58.21,45.61
58.23,45.61
58.24,45.61
58.26,45.61
58.27,45.61
58.29,45.61
58.30,45.61
58.32,45.62
58.33,45.62
58.35,45.63
58.36,45.63
58.38,45.63
58.39,45.64
58.40,45.64
58.42,45.65
58.43,45.65
58.45,45.66
58.46,45.66
58.48,45.66
58.49,45.67
58.51,45.67
58.52,45.68
58.54,45.68
58.55,45.69
58.57,45.69
58.58,45.69
58.60,45.70
58.61,45.70
58.63,45.71
58.64,45.71
58.65,45.72
58.67,45.72
58.68,45.72
58.70,45.73
58.71,45.73
58.73,45.74
58.74,45.74
58.76,45.75
58.77,45.75
58.79,45.75
58.80,45.76
58.82,45.76
58.83,45.77
58.85,45.77
58.86,45.78
58.88,45.78
58.89,45.78
58.90,45.78
58.92,45.78
58.93,45.78
58.95,45.78
58.96,45.78
58.98,45.78
58.99,45.78
59.01,45.78
59.02,45.78
59.04,45.78
59.05,45.78
59.07,45.78
59.08,45.78
59.10,45.78
59.11,45.78
59.13,45.78
59.14,45.78
59.15,45.78
59.17,45.78
59.18,45.78
59.20,45.78
59.21,45.78
59.23,45.78
59.24,45.78
59.26,45.78
59.27,45.78
59.29,45.78
59.30,45.78
59.32,45.78
59.33,45.78
59.35,45.78
59.36,45.78
59.38,45.78
59.39,45.78
59.40,45.78
59.42,45.78
59.43,45.78
59.45,45.78
59.46,45.78
59.48,45.78
59.49,45.78
59.51,45.78
59.52,45.78
59.54,45.78
59.55,45.78
59.57,45.78
59.58,45.78
59.60,45.78
59.61,45.78
59.63,45.78
59.64,45.78
59.66,45.78
59.67,45.78
59.68,45.78
59.70,45.78
59.71,45.78
59.73,45.78
59.74,45.78
59.76,45.78
59.77,45.78
59.79,45.78
59.80,45.78
59.82,45.78
59.83,45.78
59.85,45.78
59.86,45.78
59.88,45.78
59.89,45.78
59.91,45.78
59.92,45.78
59.93,45.78
59.95,45.78
59.96,45.78
59.98,45.78
59.99,45.78
60.01,45.78
60.02,45.78
60.04,45.78
60.05,45.78
60.07,45.78
60.08,45.78
60.10,45.78
60.11,45.78
60.13,45.78
60.14,45.78
60.16,45.78
60.17,45.78
60.18,45.78
60.20,45.78
60.21,45.78
60.23,45.78
60.24,45.78
60.26,45.78
60.27,45.78
60.29,45.78
60.30,45.78
60.32,45.78
60.33,45.78
60.35,45.78
60.36,45.78
60.38,45.78
60.39,45.78
60.41,45.78
60.42,45.78
60.43,45.78
60.45,45.78
60.46,45.78
60.48,45.78
60.49,45.78
60.51,45.78
60.52,45.78
60.54,45.78
60.55,45.78
60.57,45.78
60.58,45.78
60.60,45.78
60.61,45.78
60.63,45.78
60.64,45.78
60.66,45.78
60.67,45.78
60.68,45.78
60.70,45.78
60.71,45.78
60.73,45.78
60.74,45.78
60.76,45.78
60.77,45.78
60.79,45.78
60.80,45.78
60.82,45.78
60.83,45.78
60.85,45.78
60.86,45.78
60.88,45.78
60.89,45.78
60.91,45.78
60.92,45.78
60.93,45.78
60.95,45.78
60.96,45.78
60.98,45.78
60.99,45.78
61.01,45.78
61.02,45.78
61.04,45.78
61.05,45.78
61.07,45.78
61.08,45.78
61.10,45.78
61.11,45.78
61.13,45.78
61.14,45.78
61.16,45.78
61.17,45.78
61.18,45.78
61.20,45.78
61.21,45.78
61.23,45.78
61.24,45.78
61.26,45.78
61.27,45.78
61.29,45.78
61.30,45.78
61.32,45.78
61.33,45.78
61.35,45.78
61.36,45.78
61.38,45.78
61.39,45.78
61.41,45.78
61.42,45.78
61.44,45.78
61.45,45.78
61.46,45.78
61.48,45.78
61.49,45.78
61.51,45.78
61.52,45.78
61.54,45.78
61.55,45.78
61.57,45.78
61.58,45.78
61.60,45.78
61.61,45.78
61.63,45.78
61.64,45.78
61.66,45.78
61.67,45.78
61.69,45.78
61.70,45.78
61.71,45.78
61.73,45.78
61.74,45.78
61.76,45.78
61.77,45.78
61.79,45.78
61.80,45.78
61.82,45.78
61.83,45.78
61.85,45.78
61.86,45.78
61.88,45.78
61.89,45.78
61.91,45.78
61.92,45.78
61.94,45.78
61.95,45.78
61.96,45.78
61.98,45.78
61.99,45.78
62.01,45.78
62.02,45.78
62.04,45.78
62.05,45.78
62.07,45.78
62.08,45.78
62.10,45.78
62.11,45.78
62.13,45.78
62.14,45.78
62.16,45.78
62.17,45.78
62.19,45.78
62.20,45.78
62.21,45.78
62.23,45.78
62.24,45.78
62.26,45.78
62.27,45.78
62.29,45.78
62.30,45.78
62.32,45.78
62.33,45.78
62.35,45.78
62.36,45.78
62.38,45.78
62.39,45.78
62.41,45.78
62.42,45.78
62.44,45.78
62.45,45.78
62.46,45.78
62.48,45.78
62.49,45.78
62.51,45.78
62.52,45.78
62.54,45.78
62.55,45.78
62.57,45.78
62.58,45.78
62.60,45.78
62.61,45.78
62.63,45.78
62.64,45.78
62.66,45.78
62.67,45.78
62.69,45.78
62.70,45.78
62.71,45.78
62.73,45.78
62.74,45.78
62.76,45.78
62.77,45.78
62.79,45.78
62.80,45.78
62.82,45.78
62.83,45.78
62.85,45.78
62.86,45.78
62.88,45.78
62.89,45.78
62.91,45.78
62.92,45.78
62.94,45.78
62.95,45.78
62.97,45.78
62.98,45.78
62.99,45.78
63.01,45.78
63.02,45.78
63.04,45.78
63.05,45.78
63.07,45.78
63.08,45.78
63.10,45.78
63.11,45.78
63.13,45.78
63.14,45.78
63.16,45.78
63.17,45.78
63.19,45.78
63.20,45.78
63.22,45.78
63.23,45.78
63.24,45.78
63.26,45.78
63.27,45.78
63.29,45.78
63.30,45.78
63.32,45.78
63.33,45.78
63.35,45.78
63.36,45.78
63.38,45.78
63.39,45.78
63.41,45.78
63.42,45.78
63.44,45.78
63.45,45.78
63.47,45.79
63.48,45.79
63.49,45.79
63.51,45.79
63.52,45.79
63.54,45.79
63.55,45.79
63.57,45.80
63.58,45.80
63.60,45.80
63.61,45.80
63.63,45.80
63.64,45.80
63.66,45.81
63.67,45.81
63.69,45.81
63.70,45.81
63.72,45.81
63.73,45.81
63.74,45.81
63.76,45.82
63.77,45.82
63.79,45.82
63.80,45.82
63.82,45.82
63.83,45.82
63.85,45.83
63.86,45.83
63.88,45.83
63.89,45.83
63.91,45.83
63.92,45.83
63.94,45.83
63.95,45.84
63.97,45.84
63.98,45.84
63.99,45.84
64.01,45.84
64.02,45.84
64.04,45.84
64.05,45.85
64.07,45.85
64.08,45.85
64.10,45.85
64.11,45.85
64.13,45.85
64.14,45.86
64.16,45.86
64.17,45.86
64.19,45.86
64.20,45.86
64.22,45.86
64.23,45.86
64.24,45.87
64.26,45.87
64.27,45.87
64.29,45.87
64.30,45.87
64.32,45.87
64.33,45.87
64.35,45.88
64.36,45.88
64.38,45.88
64.39,45.88
64.41,45.88
64.42,45.88
64.44,45.89
64.45,45.89
64.47,45.89
64.48,45.88
64.50,45.88
64.51,45.88
64.52,45.89
64.54,45.89
64.55,45.90
64.57,45.90
64.58,45.90
64.60,45.91
64.61,45.91
64.63,45.92
64.64,45.92
64.66,45.93
64.67,45.93
64.69,45.93
64.70,45.94
64.72,45.94
64.73,45.95
64.75,45.95
64.76,45.96
64.77,45.96
64.79,45.96
64.80,45.97
64.82,45.97
64.83,45.98
64.85,45.98
64.86,45.98
64.88,45.99
64.89,45.99
64.91,46.00
64.92,46.00
64.94,46.01
64.95,46.01
64.97,46.01
64.98,46.02
65.00,46.02
65.01,46.03
65.02,46.03
65.04,46.03
65.05,46.04
65.07,46.04
65.08,46.04
65.10,46.04
65.11,46.04
65.13,46.03
65.14,46.04
65.16,46.04
65.17,46.04
65.19,46.04
65.20,46.03
65.22,46.03
65.23,46.04
65.25,46.04
65.26,46.04
65.27,46.04
65.29,46.03
65.30,46.03
65.32,46.04
65.33,46.04
65.35,46.04
65.36,46.04
65.38,46.03
65.39,46.03
65.41,46.04
65.42,46.04
65.44,46.04
65.45,46.04
65.47,46.03
65.48,46.03
65.50,46.04
65.51,46.04
65.52,46.04
65.54,46.03
65.55,46.03
65.57,46.03
65.58,46.04
65.60,46.04
65.61,46.04
65.63,46.03
65.64,46.03
65.66,46.03
65.67,46.04
65.69,46.04
65.70,46.04
65.72,46.03
65.73,46.03
65.75,46.03
65.76,46.04
65.77,46.04
65.79,46.03
65.80,46.03
65.82,46.03
65.83,46.03
65.85,46.04
65.86,46.04
65.88,46.03
65.89,46.03
65.91,46.03
65.92,46.03
65.94,46.04
65.95,46.04
65.97,46.03
65.98,46.03
66.00,46.03
66.01,46.03
66.03,46.04
66.04,46.04
66.05,46.03
66.07,46.03
66.08,46.03
66.10,46.03
66.11,46.04
66.13,46.03
66.14,46.03
66.16,46.03
66.17,46.03
66.19,46.03
66.20,46.04
66.22,46.03
66.23,46.03
66.25,46.03
66.26,46.03
66.28,46.03
66.29,46.04
66.30,46.03
66.32,46.03
66.33,46.03
66.35,46.03
66.36,46.03
66.38,46.04
66.39,46.03
66.41,46.03
66.42,46.03
66.44,46.03
66.45,46.03
66.47,46.03
66.48,46.03
66.50,46.03
66.51,46.03
66.53,46.03
66.54,46.03
66.55,46.03
66.57,46.03
66.58,46.03
66.60,46.03
66.61,46.03
66.63,46.03
66.64,46.03
66.66,46.03
66.67,46.03
66.69,46.03
66.70,46.03
66.72,46.03
66.73,46.03
66.75,46.03
66.76,46.03
66.78,46.03
66.79,46.03
66.80,46.03
66.82,46.03
66.83,46.03
66.85,46.03
66.86,46.03
66.88,46.03
66.89,46.03
66.91,46.03
66.92,46.03
66.94,46.03
66.95,46.03
66.97,46.03
66.98,46.03
67.00,46.03
67.01,46.03
67.03,46.03
67.04,46.03
67.05,46.03
67.07,46.03
67.08,46.03
67.10,46.03
67.11,46.03
67.13,46.03
67.14,46.03
67.16,46.03
67.17,46.03
67.19,46.03
67.20,46.03
67.22,46.03
67.23,46.03
67.25,46.03
67.26,46.03
67.28,46.03
67.29,46.03
67.30,46.03
67.32,46.03
67.33,46.03
67.35,46.03
67.36,46.03
67.38,46.03
67.39,46.03
67.41,46.03
67.42,46.03
67.44,46.03
67.45,46.03
67.47,46.03
67.48,46.03
67.50,46.03
67.51,46.03
67.53,46.03
67.54,46.03
67.56,46.03
67.57,46.03
67.58,46.03
67.60,46.03
67.61,46.03
67.63,46.03
67.64,46.03
67.66,46.03
67.67,46.03
67.69,46.03
67.70,46.03
67.72,46.03
67.73,46.04
67.75,46.04
67.76,46.04
67.78,46.04
67.79,46.04
67.81,46.04
67.82,46.05
67.83,46.05
67.85,46.05
67.86,46.05
67.88,46.05
67.89,46.05
67.91,46.05
67.92,46.06
67.94,46.06
67.95,46.06
67.97,46.06
67.98,46.06
68.00,46.06
68.01,46.06
68.03,46.07
68.04,46.07
68.06,46.07
68.07,46.07
68.08,46.07
68.10,46.07
68.11,46.07
68.13,46.08
68.14,46.08
68.16,46.08
68.17,46.08
68.19,46.08
68.20,46.08
68.22,46.08
68.23,46.09
68.25,46.09
68.26,46.09
68.28,46.09
68.29,46.09
68.31,46.09
68.32,46.10
68.33,46.10
68.35,46.10
68.36,46.10
68.38,46.10
68.39,46.10
68.41,46.10
68.42,46.11
68.44,46.11
68.45,46.11
68.47,46.11
68.48,46.11
68.50,46.11
68.51,46.11
68.53,46.12
68.54,46.12
68.56,46.12
68.57,46.12
68.58,46.12
68.60,46.12
68.61,46.12
68.63,46.13
68.64,46.13
68.66,46.13
68.67,46.13
68.69,46.13
68.70,46.13
68.72,46.13
68.73,46.13
68.75,46.13
68.76,46.14
68.78,46.14
68.79,46.15
68.81,46.15
68.82,46.15
68.83,46.16
68.85,46.16
68.86,46.17
68.88,46.17
68.89,46.17
68.91,46.18
68.92,46.18
68.94,46.19
68.95,46.19
68.97,46.20
68.98,46.20
69.00,46.20
69.01,46.21
69.03,46.21
69.04,46.22
69.06,46.22
69.07,46.22
69.09,46.23
69.10,46.23
69.11,46.24
69.13,46.24
69.14,46.25
69.16,46.25
69.17,46.25
69.19,46.26
69.20,46.26
69.22,46.27
69.23,46.27
69.25,46.27
69.26,46.28
69.28,46.28
69.29,46.28
69.31,46.28
69.32,46.28
69.34,46.28
69.35,46.28
69.36,46.28
69.38,46.28
69.39,46.28
69.41,46.28
69.42,46.28
69.44,46.28
69.45,46.28
69.47,46.28
69.48,46.28
69.50,46.28
69.51,46.28
69.53,46.28
69.54,46.28
69.56,46.28
69.57,46.28
69.59,46.28
69.60,46.28
69.61,46.28
69.63,46.28
69.64,46.28
69.66,46.28
69.67,46.28
69.69,46.28
69.70,46.28
69.72,46.28
69.73,46.28
69.75,46.28
69.76,46.28
69.78,46.28
69.79,46.28
69.81,46.28
69.82,46.28
69.84,46.28
69.85,46.28
69.86,46.28
69.88,46.28
69.89,46.28
69.91,46.28
69.92,46.28
69.94,46.28
69.95,46.28
69.97,46.28
69.98,46.28
70.00,46.28
70.01,46.28
70.03,46.28
70.04,46.27
70.06,46.28
70.07,46.28
70.09,46.28
70.10,46.28
70.11,46.28
70.13,46.27
70.14,46.28
70.16,46.28
70.17,46.28
70.19,46.28
70.20,46.27
70.22,46.27
70.23,46.28
70.25,46.28
70.26,46.28
70.28,46.28
70.29,46.27
70.31,46.27
70.32,46.28
70.34,46.28
70.35,46.28
70.36,46.27
70.38,46.27
70.39,46.27
70.41,46.28
70.42,46.28
70.44,46.28
70.45,46.27
70.47,46.27
70.48,46.27
70.50,46.28
70.51,46.28
70.53,46.27
70.54,46.27
70.56,46.27
70.57,46.27
70.59,46.28
70.60,46.28
70.62,46.27
70.63,46.27
70.64,46.27
70.66,46.27
70.67,46.28
70.69,46.28
70.70,46.27
70.72,46.27
70.73,46.27
70.75,46.27
70.76,46.28
70.78,46.27
70.79,46.27
70.81,46.27
70.82,46.27
70.84,46.27
70.85,46.28
70.87,46.27
70.88,46.27
70.89,46.27
70.91,46.27
70.92,46.27
70.94,46.27
70.95,46.27
70.97,46.27
70.98,46.27
71.00,46.27
71.01,46.27
71.03,46.27
71.04,46.27
71.06,46.27
71.07,46.27
71.09,46.27
71.10,46.27
71.12,46.27
71.13,46.27
71.14,46.27
71.16,46.27
71.17,46.27
71.19,46.27
71.20,46.27
71.22,46.27
71.23,46.27
71.25,46.27
71.26,46.27
71.28,46.27
71.29,46.27
71.31,46.27
71.32,46.27
71.34,46.27
71.35,46.27
71.37,46.27
71.38,46.27
71.39,46.27
71.41,46.27
71.42,46.27
71.44,46.27
71.45,46.27
71.47,46.27
71.48,46.28
71.50,46.28
71.51,46.28
71.53,46.28
71.54,46.28
71.56,46.28
71.57,46.28
71.59,46.29
71.60,46.29
71.62,46.29
71.63,46.29
71.64,46.29
71.66,46.29
71.67,46.29
71.69,46.30
71.70,46.30
71.72,46.30
71.73,46.30
71.75,46.30
71.76,46.30
71.78,46.30
71.79,46.31
71.81,46.31
71.82,46.31
71.84,46.31
71.85,46.31
71.87,46.31
71.88,46.32
71.89,46.32
71.91,46.33
71.92,46.33
71.94,46.33
71.95,46.34
71.97,46.34
71.98,46.35
72.00,46.35
72.01,46.35
72.03,46.36
72.04,46.36
72.06,46.37
72.07,46.37
72.09,46.37
72.10,46.37
72.12,46.37
72.13,46.37
72.15,46.37
72.16,46.37
72.17,46.37
72.19,46.37
72.20,46.37
72.22,46.37
72.23,46.36
72.25,46.37
72.26,46.37
72.28,46.37
72.29,46.37
72.31,46.37
72.32,46.36
72.34,46.37
72.35,46.37
72.37,46.37
72.38,46.37
72.40,46.36
72.41,46.36
72.42,46.37
72.44,46.37
72.45,46.37
72.47,46.37
72.48,46.37
72.50,46.37
72.51,46.37
72.53,46.37
72.54,46.37
72.56,46.37
72.57,46.38
72.59,46.38
72.60,46.38
72.62,46.38
72.63,46.38
72.65,46.38
72.66,46.38
72.67,46.39
72.69,46.39
72.70,46.39
72.72,46.39
72.73,46.39
72.75,46.39
72.76,46.39
72.78,46.39
72.79,46.40
72.81,46.40
72.82,46.41
72.84,46.41
72.85,46.41
72.87,46.42
72.88,46.42
72.90,46.43
72.91,46.43
72.92,46.43
72.94,46.43
72.95,46.43
72.97,46.43
72.98,46.43
73.00,46.43
73.01,46.43
73.03,46.43
73.04,46.43
73.06,46.43
73.07,46.43
73.09,46.43
73.10,46.43
73.12,46.43
73.13,46.43
73.15,46.43
73.16,46.43
73.17,46.43
73.19,46.43
73.20,46.43
73.22,46.43
73.23,46.43
73.25,46.43
73.26,46.43
73.28,46.43
73.29,46.43
73.31,46.43
73.32,46.43
73.34,46.43
73.35,46.43
73.37,46.43
73.38,46.43
73.40,46.43
73.41,46.43
73.42,46.43
73.44,46.43
73.45,46.43
73.47,46.44
73.48,46.44
73.50,46.44
73.51,46.44
73.53,46.44
73.54,46.44
73.56,46.44
73.57,46.45
73.59,46.45
73.60,46.45
73.62,46.45
73.63,46.45
73.65,46.45
73.66,46.45
73.68,46.46
73.69,46.46
73.70,46.46
73.72,46.46
73.73,46.46
73.75,46.46
73.76,46.46
73.78,46.47
73.79,46.47
73.81,46.47
73.82,46.47
73.84,46.47
73.85,46.47
73.87,46.47
73.88,46.48
73.90,46.48
73.91,46.48
73.93,46.48
73.94,46.48
73.95,46.48
73.97,46.48
73.98,46.49
74.00,46.49
74.01,46.49
74.03,46.49
74.04,46.49
74.06,46.49
74.07,46.49
74.09,46.50
74.10,46.50
74.12,46.50
74.13,46.50
74.15,46.50
74.16,46.50
74.18,46.50
74.19,46.51
74.20,46.51
74.22,46.51
74.23,46.51
74.25,46.51
74.26,46.51
74.28,46.51
74.29,46.52
74.31,46.52
74.32,46.52
74.34,46.52
74.35,46.52
74.37,46.52
74.38,46.52
74.40,46.52
74.41,46.52
74.43,46.52
74.44,46.53
74.45,46.53
74.47,46.53
74.48,46.53
74.50,46.53
74.51,46.53
74.53,46.53
74.54,46.54
74.56,46.54
74.57,46.54
74.59,46.54
74.60,46.54
74.62,46.54
74.63,46.54
74.65,46.54
74.66,46.55
74.68,46.55
74.69,46.55
74.70,46.55
74.72,46.55
74.73,46.55
74.75,46.55
74.76,46.55
74.78,46.55
74.79,46.55
74.81,46.55
74.82,46.56
74.84,46.56
74.85,46.57
74.87,46.57
74.88,46.57
74.90,46.58
74.91,46.58
74.93,46.59
74.94,46.59
74.95,46.59
74.97,46.60
74.98,46.60
75.00,46.61
75.01,46.61
75.03,46.61
75.04,46.62
75.06,46.62
75.07,46.63
75.09,46.63
75.10,46.63
75.12,46.64
75.13,46.64
75.15,46.65
75.16,46.65
75.18,46.65
75.19,46.66
75.21,46.66
75.22,46.67
75.23,46.67
75.25,46.67
75.26,46.68
75.28,46.68
75.29,46.69
75.31,46.69
75.32,46.69
75.34,46.70
75.35,46.70
75.37,46.71
75.38,46.71
75.40,46.71
75.41,46.72
75.43,46.72
75.44,46.73
75.46,46.73
75.47,46.73
75.48,46.74
75.50,46.74
75.51,46.74
75.53,46.74
75.54,46.74
75.56,46.74
75.57,46.74
75.59,46.74
75.60,46.74
75.62,46.74
75.63,46.74
75.65,46.74
75.66,46.74
75.68,46.74
75.69,46.74
75.71,46.74
75.72,46.74
75.73,46.74
75.75,46.74
75.76,46.74
75.78,46.74
75.79,46.74
75.81,46.74
75.82,46.74
75.84,46.74
75.85,46.73
75.87,46.74
75.88,46.74
75.90,46.74
75.91,46.74
75.93,46.73
75.94,46.73
75.96,46.74
75.97,46.74
75.98,46.74
76.00,46.74
76.01,46.73
76.03,46.73
76.04,46.74
76.06,46.74
76.07,46.74
76.09,46.73
76.10,46.73
76.12,46.73
76.13,46.74
76.15,46.74
76.16,46.73
76.18,46.73
76.19,46.73
76.21,46.73
76.22,46.74
76.23,46.73
76.25,46.73
76.26,46.73
76.28,46.73
76.29,46.73
76.31,46.73
76.32,46.73
76.34,46.73
76.35,46.73
76.37,46.73
76.38,46.73
76.40,46.73
76.41,46.73
76.43,46.73
76.44,46.73
76.46,46.73
76.47,46.73
76.48,46.73
76.50,46.73
76.51,46.73
76.53,46.73
76.54,46.73
76.56,46.73
76.57,46.73
76.59,46.73
76.60,46.73
76.62,46.73
76.63,46.73
76.65,46.73
76.66,46.73
76.68,46.73
76.69,46.73
76.71,46.73
76.72,46.73
76.74,46.73
76.75,46.73
76.76,46.73
76.78,46.73
76.79,46.73
76.81,46.73
76.82,46.73
76.84,46.73
76.85,46.73
76.87,46.73
76.88,46.73
76.90,46.73
76.91,46.73
76.93,46.73
76.94,46.73
76.96,46.73
76.97,46.73
76.99,46.73
77.00,46.72
77.01,46.73
77.03,46.73
77.04,46.73
77.06,46.73
77.07,46.72
77.09,46.72
77.10,46.73
77.12,46.73
77.13,46.73
77.15,46.72
77.16,46.72
77.18,46.72
77.19,46.73
77.21,46.73
77.22,46.72
77.24,46.72
77.25,46.72
77.26,46.72
77.28,46.73
77.29,46.73
77.31,46.72
77.32,46.72
77.34,46.72
77.35,46.72
77.37,46.73
77.38,46.72
77.40,46.72
77.41,46.72
77.43,46.72
77.44,46.72
77.46,46.72
77.47,46.72
77.49,46.72
77.50,46.72
77.51,46.72
77.53,46.72
77.54,46.72
77.56,46.72
77.57,46.72
77.59,46.72
77.60,46.72
77.62,46.72
77.63,46.72
77.65,46.72
77.66,46.72
77.68,46.72
77.69,46.72
77.71,46.72
77.72,46.72
77.74,46.72
77.75,46.72
77.76,46.72
77.78,46.72
77.79,46.72
77.81,46.72
77.82,46.72
77.84,46.72
77.85,46.72
77.87,46.72
77.88,46.72
77.90,46.72
77.91,46.72
77.93,46.72
77.94,46.72
77.96,46.72
77.97,46.72
77.99,46.72
78.00,46.72
78.01,46.72
78.03,46.72
78.04,46.72
78.06,46.71
78.07,46.72
78.09,46.72
78.10,46.72
78.12,46.72
78.13,46.71
78.15,46.71
78.16,46.72
78.18,46.72
78.19,46.72
78.21,46.72
78.22,46.71
78.24,46.71
78.25,46.72
78.27,46.72
78.28,46.72
78.29,46.71
78.31,46.71
78.32,46.71
78.34,46.72
78.35,46.72
78.37,46.71
78.38,46.71
78.40,46.71
78.41,46.71
78.43,46.72
78.44,46.71
78.46,46.71
78.47,46.71
78.49,46.71
78.50,46.71
78.52,46.71
78.53,46.71
78.54,46.71
78.56,46.71
78.57,46.71
78.59,46.71
78.60,46.71
78.62,46.71
78.63,46.71
78.65,46.71
78.66,46.71
78.68,46.71
78.69,46.71
78.71,46.71
78.72,46.71
78.74,46.71
78.75,46.71
78.77,46.71
78.78,46.71
78.79,46.71
78.81,46.71
78.82,46.71
78.84,46.72
78.85,46.72
78.87,46.72
78.88,46.72
78.90,46.72
78.91,46.72
78.93,46.72
78.94,46.72
78.96,46.73
78.97,46.73
78.99,46.73
79.00,46.73
79.02,46.73
79.03,46.73
79.04,46.73
79.06,46.74
79.07,46.74
79.09,46.74
79.10,46.74
79.12,46.74
79.13,46.74
79.15,46.74
79.16,46.75
79.18,46.75
79.19,46.75
79.21,46.75
79.22,46.75
79.24,46.75
79.25,46.75
79.27,46.76
79.28,46.76
79.29,46.76
79.31,46.77
79.32,46.77
79.34,46.78
79.35,46.78
79.37,46.78
79.38,46.79
79.40,46.79
79.41,46.80
79.43,46.80
79.44,46.80
79.46,46.81
79.47,46.81
79.49,46.81
79.50,46.81
79.52,46.82
79.53,46.82
79.54,46.82
79.56,46.82
79.57,46.82
79.59,46.82
79.60,46.82
79.62,46.82
79.63,46.83
79.65,46.83
79.66,46.83
79.68,46.83
79.69,46.83
79.71,46.83
79.72,46.83
79.74,46.84
79.75,46.84
79.77,46.84
79.78,46.84
79.80,46.84
79.81,46.84
79.82,46.85
79.84,46.85
79.85,46.85
79.87,46.86
79.88,46.86
79.90,46.87
79.91,46.87
79.93,46.87
79.94,46.88
79.96,46.88
79.97,46.89
79.99,46.89
80.00,46.89
80.02,46.89
80.03,46.89
80.05,46.89
80.06,46.89
80.07,46.89
80.09,46.89
80.10,46.89
80.12,46.89
80.13,46.89
80.15,46.89
80.16,46.89
80.18,46.89
80.19,46.89
80.21,46.89
80.22,46.89
80.24,46.89
80.25,46.89
80.27,46.89
80.28,46.89
80.30,46.89
80.31,46.89
80.32,46.89
80.34,46.89
80.35,46.89
80.37,46.88
80.38,46.89
80.40,46.89
80.41,46.89
80.43,46.89
80.44,46.88
80.46,46.88
80.47,46.89
80.49,46.89
80.50,46.89
80.52,46.88
80.53,46.88
80.55,46.88
80.56,46.89
80.57,46.89
80.59,46.88
80.60,46.88
80.62,46.88
80.63,46.88
80.65,46.89
80.66,46.88
80.68,46.88
80.69,46.88
80.71,46.88
80.72,46.88
80.74,46.88
80.75,46.88
80.77,46.88
80.78,46.88
80.80,46.88
80.81,46.88
80.82,46.88
80.84,46.88
80.85,46.88
80.87,46.88
80.88,46.88
80.90,46.89
80.91,46.89
80.93,46.89
80.94,46.89
80.96,46.89
80.97,46.89
80.99,46.89
81.00,46.90
81.02,46.90
81.03,46.90
81.05,46.90
81.06,46.90
81.07,46.90
81.09,46.90
81.10,46.90
81.12,46.91
81.13,46.91
81.15,46.91
81.16,46.91
81.18,46.91
81.19,46.91
81.21,46.91
81.22,46.92
81.24,46.92
81.25,46.92
81.27,46.92
81.28,46.92
81.30,46.92
81.31,46.92
81.33,46.92
81.34,46.93
81.35,46.93
81.37,46.93
81.38,46.93
81.40,46.93
81.41,46.93
81.43,46.93
81.44,46.94
81.46,46.93
81.47,46.94
81.49,46.93
81.50,46.94
81.52,46.94
81.53,46.94
81.55,46.95
81.56,46.95
81.58,46.95
81.59,46.96
81.60,46.96
81.62,46.97
81.63,46.97
81.65,46.97
81.66,46.98
81.68,46.98
81.69,46.99
81.71,46.99
81.72,46.99
81.74,47.00
81.75,47.00
81.77,47.01
81.78,47.01
81.80,47.01
81.81,47.01
81.83,47.02
81.84,47.02
81.85,47.01
81.87,47.01
81.88,47.01
81.90,47.01
81.91,47.02
81.93,47.01
81.94,47.01
81.96,47.01
81.97,47.01
81.99,47.01
82.00,47.01
82.02,47.01
82.03,47.01
82.05,47.01
82.06,47.01
82.08,47.01
82.09,47.01
82.10,47.01
82.12,47.01
82.13,47.01
82.15,47.01
82.16,47.01
82.18,47.01
82.19,47.01
82.21,47.01
82.22,47.01
82.24,47.01
82.25,47.01
82.27,47.01
82.28,47.01
82.30,47.01
82.31,47.01
82.33,47.01
82.34,47.01
82.35,47.01
82.37,47.01
82.38,47.01
82.40,47.01
82.41,47.01
82.43,47.00
82.44,47.01
82.46,47.01
82.47,47.01
82.49,47.01
82.50,47.00
82.52,47.00
82.53,47.01
82.55,47.01
82.56,47.01
82.58,47.00
82.59,47.00
82.60,47.00
82.62,47.01
82.63,47.01
82.65,47.00
82.66,47.00
82.68,47.00
82.69,47.00
82.71,47.01
82.72,47.00
82.74,47.00
82.75,47.00
82.77,47.00
82.78,47.00
82.80,47.00
82.81,47.00
82.83,47.00
82.84,47.00
82.85,47.00
82.87,47.00
82.88,47.00
82.90,47.00
82.91,47.00
82.93,47.00
82.94,47.00
82.96,47.00
82.97,47.00
82.99,47.00
83.00,47.00
83.02,47.00
83.03,47.00
83.05,47.00
83.06,47.00
83.08,47.00
83.09,47.00
83.11,47.00
83.12,47.00
83.13,47.00
83.15,47.00
83.16,47.00
83.18,47.00
83.19,47.00
83.21,47.00
83.22,47.00
83.24,47.00
83.25,47.00
83.27,47.00
83.28,47.00
83.30,47.00
83.31,46.99
83.33,47.00
83.34,47.00
83.36,47.00
83.37,47.00
83.38,46.99
83.40,46.99
83.41,47.00
83.43,47.00
83.44,47.00
83.46,46.99
83.47,46.99
83.49,46.99
83.50,47.00
83.52,47.00
83.53,46.99
83.55,46.99
83.56,46.99
83.58,46.99
83.59,47.00
83.61,46.99
83.62,46.99
83.63,46.99
83.65,46.99
83.66,46.99
83.68,46.99
83.69,46.99
83.71,46.99
83.72,46.99
83.74,46.99
83.75,46.99
83.77,46.99
83.78,47.00
83.80,47.00
83.81,47.00
83.83,47.00
83.84,47.00
83.86,47.00
83.87,47.01
83.88,47.01
83.90,47.01
83.91,47.01
83.93,47.01
83.94,47.01
83.96,47.01
83.97,47.01
83.99,47.02
84.00,47.02
84.02,47.02
84.03,47.02
84.05,47.02
84.06,47.02
84.08,47.02
84.09,47.03
84.11,47.03
84.12,47.03
84.13,47.03
84.15,47.03
84.16,47.03
84.18,47.03
84.19,47.03
84.21,47.03
84.22,47.03
84.24,47.03
84.25,47.04
84.27,47.04
84.28,47.04
84.30,47.04
84.31,47.04
84.33,47.04
84.34,47.04
84.36,47.04
84.37,47.04
84.38,47.04
84.40,47.05
84.41,47.05
84.43,47.05
84.44,47.06
84.46,47.06
84.47,47.07
84.49,47.07
84.50,47.07
84.52,47.08
84.53,47.08
84.55,47.09
84.56,47.09
84.58,47.09
84.59,47.10
84.61,47.10
84.62,47.11
84.64,47.11
84.65,47.11
84.66,47.12
84.68,47.12
84.69,47.12
84.71,47.13
84.72,47.13
84.74,47.14
84.75,47.14
84.77,47.14
84.78,47.15
84.80,47.15
84.81,47.16
84.83,47.16
84.84,47.16
84.86,47.17
84.87,47.17
84.89,47.18
84.90,47.18
84.91,47.18
84.93,47.18
84.94,47.19
84.96,47.19
84.97,47.19
84.99,47.19
85.00,47.19
85.02,47.19
85.03,47.19
85.05,47.19
85.06,47.20
85.08,47.20
85.09,47.20
85.11,47.20
85.12,47.20
85.14,47.20
85.15,47.20
85.16,47.21
85.18,47.21
85.19,47.21
85.21,47.21
85.22,47.21
85.24,47.20
85.25,47.21
85.27,47.21
85.28,47.22
85.30,47.22
85.31,47.22
85.33,47.23
85.34,47.23
85.36,47.24
85.37,47.24
85.39,47.24
85.40,47.25
85.41,47.25
85.43,47.26
85.44,47.26
85.46,47.26
85.47,47.27
85.49,47.27
85.50,47.27
85.52,47.28
85.53,47.28
85.55,47.29
85.56,47.29
85.58,47.29
85.59,47.30
85.61,47.30
85.62,47.31
85.64,47.31
85.65,47.31
85.66,47.32
85.68,47.32
85.69,47.32
85.71,47.33
85.72,47.33
85.74,47.34
85.75,47.34
85.77,47.34
85.78,47.35
85.80,47.35
85.81,47.36
85.83,47.36
85.84,47.36
85.86,47.37
85.87,47.37
85.89,47.37
85.90,47.38
85.91,47.38
85.93,47.39
85.94,47.39
85.96,47.39
85.97,47.40
85.99,47.40
86.00,47.41
86.02,47.41
86.03,47.41
86.05,47.42
86.06,47.42
86.08,47.42
86.09,47.43
86.11,47.43
86.12,47.44
86.14,47.44
86.15,47.44
86.17,47.45
86.18,47.45
86.19,47.46
86.21,47.46
86.22,47.46
86.24,47.47
86.25,47.47
86.27,47.47
86.28,47.48
86.30,47.48
86.31,47.49
86.33,47.49
86.34,47.49
86.36,47.50
86.37,47.50
86.39,47.50
86.40,47.51
86.42,47.51
86.43,47.52
86.44,47.52
86.46,47.52
86.47,47.53
86.49,47.53
86.50,47.54
86.52,47.54
86.53,47.54
86.55,47.55
86.56,47.55
86.58,47.55
86.59,47.56
86.61,47.56
86.62,47.57
86.64,47.57
86.65,47.57
86.67,47.58
86.68,47.58
86.69,47.58
86.71,47.59
86.72,47.59
86.74,47.60
86.75,47.60
86.77,47.60
86.78,47.61
86.80,47.61
86.81,47.61
86.83,47.62
86.84,47.62
86.86,47.63
86.87,47.63
86.89,47.63
86.90,47.64
86.92,47.64
86.93,47.64
86.94,47.65
86.96,47.65
86.97,47.66
86.99,47.66
87.00,47.66
87.02,47.67
87.03,47.67
87.05,47.67
87.06,47.68
87.08,47.68
87.09,47.69
87.11,47.69
87.12,47.69
87.14,47.70
87.15,47.70
87.17,47.70
87.18,47.71
87.19,47.71
87.21,47.71
87.22,47.71
87.24,47.71
87.25,47.71
87.27,47.71
87.28,47.71
87.30,47.72
87.31,47.72
87.33,47.72
87.34,47.72
87.36,47.72
87.37,47.72
87.39,47.72
87.40,47.72
87.42,47.73
87.43,47.73
87.44,47.73
87.46,47.73
87.47,47.73
87.49,47.73
87.50,47.73
87.52,47.73
87.53,47.74
87.55,47.74
87.56,47.74
87.58,47.74
87.59,47.74
87.61,47.74
87.62,47.74
87.64,47.74
87.65,47.75
87.67,47.75
87.68,47.75
87.70,47.75
87.71,47.75
87.72,47.75
87.74,47.75
87.75,47.75
87.77,47.75
87.78,47.76
87.80,47.76
87.81,47.76
87.83,47.76
87.84,47.76
87.86,47.76
87.87,47.76
87.89,47.76
87.90,47.76
87.92,47.77
87.93,47.77
87.95,47.77
87.96,47.78
87.97,47.78
87.99,47.78
88.00,47.79
88.02,47.79
88.03,47.80
88.05,47.80
88.06,47.80
88.08,47.81
88.09,47.81
88.11,47.81
88.12,47.82
88.14,47.82
88.15,47.83
88.17,47.83
88.18,47.83
88.20,47.84
88.21,47.84
88.22,47.84
88.24,47.85
88.25,47.85
88.27,47.86
88.28,47.86
88.30,47.86
88.31,47.86
88.33,47.86
88.34,47.86
88.36,47.86
88.37,47.86
88.39,47.86
88.40,47.87
88.42,47.87
88.43,47.87
88.45,47.87
88.46,47.87
88.47,47.87
88.49,47.87
88.50,47.87
88.52,47.88
88.53,47.88
88.55,47.88
88.56,47.88
88.58,47.88
88.59,47.88
88.61,47.88
88.62,47.88
88.64,47.88
88.65,47.88
88.67,47.89
88.68,47.89
88.70,47.90
88.71,47.90
88.72,47.90
88.74,47.91
88.75,47.91
88.77,47.91
88.78,47.92
88.80,47.92
88.81,47.93
88.83,47.93
88.84,47.93
88.86,47.94
88.87,47.94
88.89,47.94
88.90,47.95
88.92,47.95
88.93,47.96
88.95,47.96
88.96,47.96
88.97,47.97
88.99,47.97
89.00,47.97
89.02,47.98
89.03,47.98
89.05,47.98
89.06,47.99
89.08,47.99
89.09,48.00
89.11,48.00
89.12,48.00
89.14,48.01
89.15,48.01
89.17,48.01
89.18,48.02
89.20,48.02
89.21,48.03
89.23,48.03
89.24,48.03
89.25,48.04
89.27,48.04
89.28,48.04
89.30,48.05
89.31,48.05
89.33,48.05
89.34,48.06
89.36,48.06
89.37,48.07
89.39,48.07
89.40,48.07
89.42,48.08
89.43,48.08
89.45,48.08
89.46,48.09
89.48,48.09
89.49,48.10
89.50,48.10
89.52,48.10
89.53,48.11
89.55,48.11
89.56,48.11
89.58,48.12
89.59,48.12
89.61,48.12
89.62,48.13
89.64,48.13
89.65,48.14
89.67,48.14
89.68,48.14
89.70,48.15
89.71,48.15
89.73,48.15
89.74,48.16
89.75,48.16
89.77,48.16
89.78,48.17
89.80,48.17
89.81,48.18
89.83,48.18
89.84,48.18
89.86,48.19
89.87,48.19
89.89,48.19
89.90,48.20
89.92,48.20
89.93,48.21
89.95,48.21
89.96,48.21
89.98,48.22
89.99,48.22
90.00,48.22
90.02,48.23
90.03,48.23
90.05,48.23
90.06,48.24
90.08,48.24
90.09,48.25
90.11,48.25
90.12,48.25
90.14,48.26
90.15,48.26
90.17,48.26
90.18,48.27
90.20,48.27
90.21,48.27
90.23,48.28
90.24,48.28
90.25,48.29
90.27,48.29
90.28,48.29
90.30,48.30
90.31,48.30
90.33,48.30
90.34,48.31
90.36,48.31
90.37,48.31
90.39,48.32
90.40,48.32
90.42,48.32
90.43,48.33
90.45,48.33
90.46,48.34
90.48,48.34
90.49,48.34
90.50,48.35
90.52,48.35
90.53,48.35
90.55,48.36
90.56,48.36
90.58,48.36
90.59,48.37
90.61,48.37
90.62,48.38
90.64,48.38
90.65,48.38
90.67,48.39
90.68,48.39
90.70,48.39
90.71,48.40
90.73,48.40
90.74,48.40
90.76,48.41
90.77,48.41
90.78,48.42
90.80,48.42
90.81,48.42
90.83,48.43
90.84,48.43
90.86,48.43
90.87,48.44
90.89,48.44
90.90,48.44
90.92,48.45
90.93,48.45
90.95,48.45
90.96,48.46
90.98,48.46
90.99,48.47
91.01,48.47
91.02,48.47
91.03,48.48
91.05,48.48
91.06,48.48
91.08,48.49
91.09,48.49
91.11,48.49
91.12,48.50
91.14,48.50
91.15,48.50
91.17,48.51
91.18,48.51
91.20,48.52
91.21,48.52
91.23,48.52
91.24,48.53
91.26,48.53
91.27,48.53
91.28,48.54
91.30,48.54
91.31,48.54
91.33,48.55
91.34,48.55
91.36,48.55
91.37,48.56
91.39,48.56
91.40,48.57
91.42,48.57
91.43,48.57
91.45,48.58
91.46,48.58
91.48,48.58
91.49,48.59
91.51,48.59
91.52,48.59
91.53,48.60
91.55,48.60
91.56,48.60
91.58,48.61
91.59,48.61
91.61,48.62
91.62,48.62
91.64,48.62
91.65,48.62
91.67,48.62
91.68,48.62
91.70,48.62
91.71,48.63
91.73,48.63
91.74,48.63
91.76,48.63
91.77,48.63
91.78,48.63
91.80,48.63
91.81,48.63
91.83,48.63
91.84,48.64
91.86,48.64
91.87,48.64
91.89,48.64
91.90,48.64
91.92,48.64
91.93,48.64
91.95,48.64
91.96,48.64
91.98,48.65
91.99,48.65
92.01,48.65
92.02,48.65
92.03,48.65
92.05,48.65
92.06,48.65
92.08,48.65
92.09,48.65
92.11,48.65
92.12,48.66
92.14,48.66
92.15,48.66
92.17,48.66
92.18,48.66
92.20,48.66
92.21,48.66
92.23,48.66
92.24,48.66
92.26,48.67
92.27,48.67
92.29,48.67
92.30,48.67
92.31,48.67
92.33,48.67
92.34,48.67
92.36,48.67
92.37,48.67
92.39,48.68
92.40,48.68
92.42,48.68
92.43,48.67
92.45,48.67
92.46,48.68
92.48,48.68
92.49,48.68
92.51,48.69
92.52,48.69
92.54,48.69
92.55,48.70
92.56,48.70
92.58,48.71
92.59,48.71
92.61,48.71
92.62,48.72
92.64,48.72
92.65,48.72
92.67,48.73
92.68,48.73
92.70,48.73
92.71,48.74
92.73,48.74
92.74,48.74
92.76,48.75
92.77,48.75
92.79,48.75
92.80,48.76
92.81,48.76
92.83,48.77
92.84,48.77
92.86,48.77
92.87,48.78
92.89,48.78
92.90,48.78
92.92,48.79
92.93,48.79
92.95,48.79
92.96,48.80
92.98,48.80
92.99,48.80
93.01,48.81
93.02,48.81
93.04,48.81
93.05,48.82
93.06,48.82
93.08,48.82
93.09,48.83
93.11,48.83
93.12,48.84
93.14,48.84
93.15,48.84
93.17,48.85
93.18,48.85
93.20,48.85
93.21,48.86
93.23,48.86
93.24,48.86
93.26,48.87
93.27,48.87
93.29,48.87
93.30,48.88
93.31,48.88
93.33,48.88
93.34,48.89
93.36,48.89
93.37,48.89
93.39,48.90
93.40,48.90
93.42,48.91
93.43,48.91
93.45,48.91
93.46,48.92
93.48,48.92
93.49,48.92
93.51,48.93
93.52,48.93
93.54,48.93
93.55,48.94
93.56,48.94
93.58,48.94
93.59,48.95
93.61,48.95
93.62,48.95
93.64,48.95
93.65,48.95
93.67,48.95
93.68,48.95
93.70,48.95
93.71,48.96
93.73,48.96
93.74,48.96
93.76,48.96
93.77,48.96
93.79,48.96
93.80,48.96
93.82,48.96
93.83,48.96
93.84,48.97
93.86,48.97
93.87,48.97
93.89,48.97
93.90,48.97
93.92,48.97
93.93,48.97
93.95,48.97
93.96,48.97
93.98,48.97
93.99,48.98
94.01,48.98
94.02,48.98
94.04,48.98
94.05,48.98
94.07,48.98
94.08,48.98
94.09,48.98
94.11,48.98
94.12,48.98
94.14,48.99
94.15,48.99
94.17,48.99
94.18,48.99
94.20,48.99
94.21,48.99
94.23,48.99
94.24,48.99
94.26,48.99
94.27,49.00
94.29,49.00
94.30,49.00
94.32,48.99
94.33,49.00
94.34,49.00
94.36,49.00
94.37,49.00
94.39,49.01
94.40,49.01
94.42,49.01
94.43,49.02
94.45,49.02
94.46,49.02
94.48,49.03
94.49,49.03
94.51,49.04
94.52,49.04
94.54,49.04
94.55,49.05
94.57,49.05
94.58,49.05
94.59,49.05
94.61,49.05
94.62,49.06
94.64,49.06
94.65,49.06
94.67,49.06
94.68,49.06
94.70,49.06
94.71,49.06
94.73,49.06
94.74,49.06
94.76,49.06
94.77,49.07
94.79,49.07
94.80,49.07
94.82,49.07
94.83,49.07
94.84,49.07
94.86,49.07
94.87,49.07
94.89,49.07
94.90,49.08
94.92,49.08
94.93,49.08
94.95,49.08
94.96,49.08
94.98,49.08
94.99,49.08
95.01,49.08
95.02,49.08
95.04,49.08
95.05,49.09
95.07,49.09
95.08,49.09
95.09,49.09
95.11,49.09
95.12,49.09
95.14,49.09
95.15,49.09
95.17,49.09
95.18,49.09
95.20,49.09
95.21,49.10
95.23,49.10
95.24,49.10
95.26,49.11
95.27,49.11
95.29,49.11
95.30,49.12
95.32,49.12
95.33,49.12
95.35,49.13
95.36,49.13
95.37,49.14
95.39,49.14
95.40,49.14
95.42,49.15
95.43,49.15
95.45,49.15
95.46,49.16
95.48,49.16
95.49,49.16
95.51,49.17
95.52,49.17
95.54,49.17
95.55,49.18
95.57,49.18
95.58,49.18
95.60,49.19
95.61,49.19
95.62,49.19
95.64,49.20
95.65,49.20
95.67,49.20
95.68,49.21
95.70,49.21
95.71,49.21
95.73,49.22
95.74,49.22
95.76,49.22
95.77,49.23
95.79,49.23
95.80,49.24
95.82,49.24
95.83,49.24
95.85,49.25
95.86,49.25
95.87,49.25
95.89,49.26
95.90,49.26
95.92,49.26
95.93,49.27
95.95,49.27
95.96,49.27
95.98,49.28
95.99,49.28
96.01,49.28
96.02,49.29
96.04,49.29
96.05,49.29
96.07,49.30
96.08,49.30
96.10,49.30
96.11,49.31
96.12,49.31
96.14,49.31
96.15,49.32
96.17,49.32
96.18,49.32
96.20,49.33
96.21,49.33
96.23,49.33
96.24,49.34
96.26,49.34
96.27,49.34
96.29,49.35
96.30,49.35
96.32,49.35
96.33,49.36
96.35,49.36
96.36,49.36
96.37,49.37
96.39,49.37
96.40,49.37
96.42,49.38
96.43,49.38
96.45,49.39
96.46,49.39
96.48,49.39
96.49,49.40
96.51,49.40
96.52,49.40
96.54,49.41
96.55,49.41
96.57,49.41
96.58,49.41
96.60,49.41
96.61,49.41
96.62,49.41
96.64,49.41
96.65,49.42
96.67,49.42
96.68,49.42
96.70,49.42
96.71,49.42
96.73,49.42
96.74,49.42
96.76,49.42
96.77,49.42
96.79,49.42
96.80,49.43
96.82,49.43
96.83,49.43
96.85,49.43
96.86,49.43
96.88,49.43
96.89,49.43
96.90,49.43
96.92,49.43
96.93,49.43
96.95,49.44
96.96,49.44
96.98,49.44
96.99,49.44
97.01,49.44
97.02,49.44
97.04,49.44
97.05,49.44
97.07,49.44
97.08,49.44
97.10,49.44
97.11,49.44
97.13,49.44
97.14,49.44
97.15,49.45
97.17,49.45
97.18,49.45
97.20,49.46
97.21,49.46
97.23,49.46
97.24,49.47
97.26,49.47
97.27,49.47
97.29,49.48
97.30,49.48
97.32,49.48
97.33,49.49
97.35,49.49
97.36,49.49
97.38,49.50
97.39,49.50
97.40,49.50
97.42,49.51
97.43,49.51
97.45,49.51
97.46,49.52
97.48,49.52
97.49,49.52
97.51,49.53
97.52,49.53
97.54,49.53
97.55,49.54
97.57,49.54
97.58,49.54
97.60,49.55
97.61,49.55
97.63,49.55
97.64,49.56
97.65,49.56
97.67,49.56
97.68,49.57
97.70,49.57
97.71,49.57
97.73,49.58
97.74,49.58
97.76,49.58
97.77,49.59
97.79,49.59
97.80,49.59
97.82,49.60
97.83,49.60
97.85,49.60
97.86,49.61
97.88,49.61
97.89,49.61
97.90,49.62
97.92,49.62
97.93,49.62
97.95,49.63
97.96,49.63
97.98,49.63
97.99,49.64
98.01,49.64
98.02,49.64
98.04,49.65
98.05,49.65
98.07,49.65
98.08,49.66
98.10,49.66
98.11,49.66
98.13,49.67
98.14,49.67
98.15,49.67
98.17,49.68
98.18,49.68
98.20,49.68
98.21,49.69
98.23,49.69
98.24,49.69
98.26,49.70
98.27,49.70
98.29,49.70
98.30,49.71
98.32,49.71
98.33,49.71
98.35,49.72
98.36,49.72
98.38,49.72
98.39,49.73
98.41,49.73
98.42,49.73
98.43,49.74
98.45,49.74
98.46,49.74
98.48,49.75
98.49,49.75
98.51,49.75
98.52,49.76
98.54,49.76
98.55,49.76
98.57,49.76
98.58,49.76
98.60,49.76
98.61,49.77
98.63,49.77
98.64,49.77
98.66,49.77
98.67,49.77
98.68,49.77
98.70,49.77
98.71,49.77
98.73,49.77
98.74,49.77
98.76,49.78
98.77,49.78
98.79,49.78
98.80,49.78
98.82,49.78
98.83,49.78
98.85,49.78
98.86,49.78
98.88,49.78
98.89,49.78
98.91,49.78
98.92,49.79
98.93,49.79
98.95,49.79
98.96,49.79
98.98,49.79
98.99,49.79
99.01,49.79
99.02,49.79
99.04,49.79
99.05,49.79
99.07,49.79
99.08,49.80
99.10,49.80
99.11,49.80
99.13,49.80
99.14,49.80
99.16,49.80
99.17,49.80
99.18,49.80
99.20,49.80
99.21,49.80
99.23,49.80
99.24,49.80
99.26,49.80
99.27,49.80
99.29,49.81
99.30,49.81
99.32,49.81
99.33,49.82
99.35,49.82
99.36,49.82
99.38,49.83
99.39,49.83
99.41,49.83
99.42,49.84
99.43,49.84
99.45,49.84
99.46,49.85
99.48,49.85
99.49,49.85
99.51,49.86
99.52,49.86
99.54,49.86
99.55,49.87
99.57,49.87
99.58,49.87
99.60,49.88
99.61,49.88
99.63,49.88
99.64,49.89
99.66,49.89
99.67,49.89
99.68,49.90
99.70,49.90
99.71,49.90
99.73,49.91
99.74,49.91
99.76,49.91
99.77,49.92
99.79,49.92
99.80,49.92
99.82,49.93
99.83,49.93
99.85,49.93
99.86,49.94
99.88,49.94
99.89,49.94
99.91,49.95
99.92,49.95
99.94,49.95
99.95,49.96
99.96,49.96
99.98,49.96
99.99,49.96
100.01,49.97
100.02,49.97
100.04,49.97
100.05,49.98
100.07,49.98
100.08,49.98
100.10,49.99
100.11,49.99
100.13,49.99
100.14,50.00
100.16,50.00
100.17,50.00
100.19,50.01
100.20,50.01
100.21,50.01
100.23,50.02
100.24,50.02
100.26,50.02
100.27,50.03
100.29,50.03
100.30,50.03
100.32,50.04
100.33,50.04
100.35,50.04
100.36,50.05
100.38,50.05
100.39,50.05
100.41,50.06
100.42,50.06
100.44,50.06
100.45,50.07
100.46,50.07
100.48,50.07
100.49,50.08
100.51,50.08
100.52,50.08
100.54,50.09
100.55,50.09
100.57,50.09
100.58,50.10
100.60,50.10
100.61,50.10
100.63,50.11
100.64,50.11
100.66,50.11
100.67,50.12
100.69,50.12
100.70,50.12
100.71,50.12
100.73,50.13
100.74,50.13
100.76,50.13
100.77,50.14
100.79,50.14
100.80,50.14
100.82,50.15
100.83,50.15
100.85,50.15
100.86,50.16
100.88,50.16
100.89,50.16
100.91,50.17
100.92,50.17
100.94,50.17
100.95,50.18
100.96,50.18
100.98,50.18
100.99,50.19
101.01,50.19
101.02,50.19
101.04,50.20
101.05,50.20
101.07,50.20
101.08,50.21
101.10,50.21
101.11,50.21
101.13,50.22
101.14,50.22
101.16,50.22
101.17,50.23
101.19,50.23
101.20,50.23
101.21,50.24
101.23,50.24
101.24,50.24
101.26,50.24
101.27,50.25
101.29,50.25
101.30,50.25
101.32,50.26
101.33,50.26
101.35,50.26
101.36,50.27
101.38,50.27
101.39,50.27
101.41,50.28
101.42,50.28
101.44,50.28
101.45,50.29
101.47,50.29
101.48,50.29
101.49,50.30
101.51,50.30
101.52,50.30
101.54,50.31
101.55,50.31
101.57,50.31
101.58,50.32
101.60,50.32
101.61,50.32
101.63,50.33
101.64,50.33
101.66,50.33
101.67,50.34
101.69,50.34
101.70,50.34
101.72,50.34
101.73,50.35
101.74,50.35
101.76,50.35
101.77,50.36
101.79,50.36
101.80,50.36
101.82,50.37
101.83,50.37
101.85,50.37
101.86,50.38
101.88,50.38
101.89,50.38
101.91,50.39
101.92,50.39
101.94,50.39
101.95,50.40
101.97,50.40
101.98,50.40
101.99,50.41
102.01,50.41
102.02,50.41
102.04,50.42
102.05,50.42
102.07,50.42
102.08,50.42
102.10,50.43
102.11,50.43
102.13,50.43
102.14,50.44
102.16,50.44
102.17,50.44
102.19,50.45
102.20,50.45
102.22,50.45
102.23,50.46
102.24,50.46
102.26,50.46
102.27,50.47
102.29,50.47
102.30,50.47
102.32,50.48
102.33,50.48
102.35,50.48
102.36,50.49
102.38,50.49
102.39,50.49
102.41,50.49
102.42,50.50
102.44,50.50
102.45,50.50
102.47,50.51
102.48,50.51
102.49,50.51
102.51,50.52
102.52,50.52
102.54,50.52
102.55,50.53
102.57,50.53
102.58,50.53
102.60,50.54
102.61,50.54
102.63,50.54
102.64,50.54
102.66,50.54
102.67,50.54
102.69,50.54
102.70,50.54
102.72,50.54
102.73,50.54
102.74,50.54
102.76,50.55
102.77,50.55
102.79,50.55
102.80,50.55
102.82,50.55
102.83,50.55
102.85,50.55
102.86,50.55
102.88,50.55
102.89,50.55
102.91,50.55
102.92,50.55
102.94,50.56
102.95,50.56
102.97,50.56
102.98,50.56
102.99,50.56
103.01,50.56
103.02,50.56
103.04,50.56
103.05,50.56
103.07,50.56
103.08,50.56
103.10,50.56
103.11,50.57
103.13,50.57
103.14,50.57
103.16,50.57
103.17,50.57
103.19,50.57
103.20,50.57
103.22,50.57
103.23,50.57
103.25,50.57
103.26,50.57
103.27,50.57
103.29,50.58
103.30,50.58
103.32,50.58
103.33,50.58
103.35,50.58
103.36,50.58
103.38,50.58
103.39,50.58
103.41,50.58
103.42,50.58
103.44,50.58
103.45,50.58
103.47,50.59
103.48,50.59
103.50,50.59
103.51,50.59
103.52,50.59
103.54,50.59
103.55,50.59
103.57,50.59
103.58,50.59
103.60,50.59
103.61,50.59
103.63,50.59
103.64,50.59
103.66,50.60
103.67,50.60
103.69,50.60
103.70,50.60
103.72,50.60
103.73,50.60
103.75,50.60
103.76,50.60
103.77,50.60
103.79,50.60
103.80,50.60
103.82,50.60
103.83,50.60
103.85,50.60
103.86,50.61
103.88,50.61
103.89,50.61
103.91,50.61
103.92,50.62
103.94,50.62
103.95,50.62
103.97,50.63
103.98,50.63
104.00,50.63
104.01,50.64
104.02,50.64
104.04,50.64
104.05,50.65
104.07,50.65
104.08,50.65
104.10,50.66
104.11,50.66
104.13,50.66
104.14,50.67
104.16,50.67
104.17,50.67
104.19,50.67
104.20,50.68
104.22,50.68
104.23,50.68
104.25,50.69
104.26,50.69
104.27,50.69
104.29,50.70
104.30,50.70
104.32,50.70
104.33,50.71
104.35,50.71
104.36,50.71
104.38,50.72
104.39,50.72
104.41,50.72
104.42,50.73
104.44,50.73
104.45,50.73
104.47,50.73
104.48,50.74
104.50,50.74
104.51,50.74
104.52,50.75
104.54,50.75
104.55,50.75
104.57,50.76
104.58,50.76
104.60,50.76
104.61,50.77
104.63,50.77
104.64,50.77
104.66,50.78
104.67,50.78
104.69,50.78
104.70,50.78
104.72,50.79
104.73,50.79
104.75,50.79
104.76,50.80
104.78,50.80
104.79,50.80
104.80,50.81
104.82,50.81
104.83,50.81
104.85,50.82
104.86,50.82
104.88,50.82
104.89,50.83
104.91,50.83
104.92,50.83
104.94,50.83
104.95,50.84
104.97,50.84
104.98,50.84
105.00,50.85
105.01,50.85
105.03,50.85
105.04,50.86
105.05,50.86
105.07,50.86
105.08,50.87
105.10,50.87
105.11,50.87
105.13,50.88
105.14,50.88
105.16,50.88
105.17,50.88
105.19,50.89
105.20,50.89
105.22,50.89
105.23,50.90
105.25,50.90
105.26,50.90
105.28,50.91
105.29,50.91
105.30,50.91
105.32,50.92
105.33,50.92
105.35,50.92
105.36,50.92
105.38,50.93
105.39,50.93
105.41,50.93
105.42,50.94
105.44,50.94
105.45,50.94
105.47,50.95
105.48,50.95
105.50,50.95
105.51,50.96
105.53,50.96
105.54,50.96
105.55,50.97
105.57,50.97
105.58,50.97
105.60,50.97
105.61,50.98
105.63,50.98
105.64,50.98
105.66,50.99
105.67,50.99
105.69,50.99
105.70,51.00
105.72,51.00
105.73,51.00
105.75,51.01
105.76,51.01
105.78,51.01
105.79,51.01
105.80,51.02
105.82,51.02
105.83,51.02
105.85,51.03
105.86,51.03
105.88,51.03
105.89,51.04
105.91,51.04
105.92,51.04
105.94,51.05
105.95,51.05
105.97,51.05
105.98,51.06
106.00,51.06
106.01,51.06
106.03,51.06
106.04,51.07
106.05,51.07
106.07,51.07
106.08,51.08
106.10,51.08
106.11,51.08
106.13,51.09
106.14,51.09
106.16,51.09
106.17,51.10
106.19,51.10
106.20,51.10
106.22,51.10
106.23,51.11
106.25,51.11
106.26,51.11
106.28,51.12
106.29,51.12
106.31,51.12
106.32,51.13
106.33,51.13
106.35,51.13
106.36,51.14
106.38,51.14
106.39,51.14
106.41,51.14
106.42,51.14
106.44,51.14
106.45,51.14
106.47,51.15
106.48,51.15
106.50,51.15
106.51,51.15
106.53,51.15
106.54,51.15
106.56,51.15
106.57,51.15
106.58,51.15
106.60,51.15
106.61,51.15
106.63,51.15
106.64,51.15
106.66,51.15
106.67,51.16
106.69,51.16
106.70,51.16
106.72,51.16
106.73,51.16
106.75,51.16
106.76,51.16
106.78,51.16
106.79,51.16
106.81,51.16
106.82,51.16
106.83,51.16
106.85,51.16
106.86,51.17
106.88,51.17
106.89,51.17
106.91,51.17
106.92,51.17
106.94,51.17
106.95,51.17
106.97,51.17
106.98,51.17
107.00,51.17
107.01,51.17
107.03,51.17
107.04,51.17
107.06,51.18
107.07,51.18
107.08,51.18
107.10,51.18
107.11,51.19
107.13,51.19
107.14,51.19
107.16,51.20
107.17,51.20
107.19,51.20
107.20,51.21
107.22,51.21
107.23,51.21
107.25,51.21
107.26,51.22
107.28,51.22
107.29,51.22
107.31,51.23
107.32,51.23
107.33,51.23
107.35,51.24
107.36,51.24
107.38,51.24
107.39,51.25
107.41,51.25
107.42,51.25
107.44,51.25
107.45,51.26
107.47,51.26
107.48,51.26
107.50,51.27
107.51,51.27
107.53,51.27
107.54,51.28
107.56,51.28
107.57,51.28
107.58,51.29
107.60,51.29
107.61,51.29
107.63,51.29
107.64,51.30
107.66,51.30
107.67,51.30
107.69,51.31
107.70,51.31
107.72,51.31
107.73,51.31
107.75,51.31
107.76,51.31
107.78,51.31
107.79,51.31
107.81,51.31
107.82,51.32
107.84,51.32
107.85,51.32
107.86,51.32
107.88,51.32
107.89,51.32
107.91,51.32
107.92,51.32
107.94,51.32
107.95,51.32
107.97,51.32
107.98,51.32
108.00,51.32
108.01,51.32
108.03,51.33
108.04,51.33
108.06,51.33
108.07,51.33
108.09,51.33
108.10,51.33
108.11,51.33
108.13,51.33
108.14,51.33
108.16,51.33
108.17,51.33
108.19,51.33
108.20,51.33
108.22,51.33
108.23,51.33
108.25,51.33
108.26,51.33
108.28,51.33
108.29,51.33
108.31,51.34
108.32,51.34
108.34,51.34
108.35,51.35
108.36,51.35
108.38,51.35
108.39,51.35
108.41,51.36
108.42,51.36
108.44,51.36
108.45,51.37
108.47,51.37
108.48,51.37
108.50,51.38
108.51,51.38
108.53,51.38
108.54,51.38
108.56,51.39
108.57,51.39
108.59,51.39
108.60,51.40
108.61,51.40
108.63,51.40
108.64,51.41
108.66,51.41
108.67,51.41
108.69,51.41
108.70,51.42
108.72,51.42
108.73,51.42
108.75,51.43
108.76,51.43
108.78,51.43
108.79,51.44
108.81,51.44
108.82,51.44
108.84,51.44
108.85,51.45
108.86,51.45
108.88,51.45
108.89,51.46
108.91,51.46
108.92,51.46
108.94,51.46
108.95,51.46
108.97,51.46
108.98,51.46
109.00,51.46
109.01,51.46
109.03,51.47
109.04,51.47
109.06,51.47
109.07,51.47
109.09,51.47
109.10,51.47
109.11,51.47
109.13,51.47
109.14,51.47
109.16,51.47
109.17,51.47
109.19,51.47
109.20,51.47
109.22,51.47
109.23,51.48
109.25,51.48
109.26,51.48
109.28,51.48
109.29,51.48
109.31,51.48
109.32,51.48
109.34,51.48
109.35,51.48
109.37,51.47
109.38,51.48
109.39,51.48
109.41,51.48
109.42,51.49
109.44,51.49
109.45,51.49
109.47,51.50
109.48,51.50
109.50,51.50
109.51,51.51
109.53,51.51
109.54,51.51
109.56,51.51
109.57,51.52
109.59,51.52
109.60,51.52
109.62,51.53
109.63,51.53
109.64,51.53
109.66,51.54
109.67,51.54
109.69,51.54
109.70,51.54
109.72,51.55
109.73,51.55
109.75,51.55
109.76,51.56
109.78,51.56
109.79,51.56
109.81,51.57
109.82,51.57
109.84,51.57
109.85,51.57
109.87,51.58
109.88,51.58
109.89,51.58
109.91,51.59
109.92,51.59
109.94,51.59
109.95,51.60
109.97,51.60
109.98,51.60
110.00,51.60
110.01,51.61
110.03,51.61
110.04,51.61
110.06,51.62
110.07,51.62
110.09,51.62
110.10,51.63
110.12,51.63
110.13,51.63
110.14,51.63
110.16,51.63
110.17,51.64
110.19,51.64
110.20,51.64
110.22,51.64
110.23,51.64
110.25,51.64
110.26,51.64
110.28,51.64
110.29,51.64
110.31,51.64
110.32,51.64
110.34,51.64
110.35,51.64
110.37,51.64
110.38,51.65
110.39,51.65
110.41,51.65
110.42,51.65
110.44,51.65
110.45,51.65
110.47,51.65
110.48,51.65
110.50,51.65
110.51,51.65
110.53,51.65
110.54,51.65
110.56,51.65
110.57,51.65
110.59,51.65
110.60,51.65
110.62,51.65
110.63,51.66
110.64,51.66
110.66,51.66
110.67,51.66
110.69,51.67
110.70,51.67
110.72,51.67
110.73,51.68
110.75,51.68
110.76,51.68
110.78,51.69
110.79,51.69
110.81,51.69
110.82,51.69
110.84,51.70
110.85,51.70
110.87,51.70
110.88,51.71
110.90,51.71
110.91,51.71
110.92,51.71
110.94,51.72
110.95,51.72
110.97,51.72
110.98,51.73
111.00,51.73
111.01,51.73
111.03,51.74
111.04,51.74
111.06,51.74
111.07,51.74
111.09,51.75
111.10,51.75
111.12,51.75
111.13,51.76
111.15,51.76
111.16,51.76
111.17,51.77
111.19,51.77
111.20,51.77
111.22,51.77
111.23,51.78
111.25,51.78
111.26,51.78
111.28,51.79
111.29,51.79
111.31,51.79
111.32,51.79
111.34,51.80
111.35,51.80
111.37,51.80
111.38,51.81
111.40,51.81
111.41,51.81
111.42,51.82
111.44,51.82
111.45,51.82
111.47,51.82
111.48,51.83
111.50,51.83
111.51,51.83
111.53,51.84
111.54,51.84
111.56,51.84
111.57,51.85
111.59,51.85
111.60,51.85
111.62,51.85
111.63,51.86
111.65,51.86
111.66,51.86
111.67,51.87
111.69,51.86
111.70,51.86
111.72,51.86
111.73,51.86
111.75,51.86
111.76,51.86
111.78,51.86
111.79,51.86
111.81,51.86
111.82,51.86
111.84,51.85
111.85,51.86
111.87,51.86
111.88,51.85
111.90,51.85
111.91,51.85
111.92,51.85
111.94,51.85
111.95,51.85
111.97,51.85
111.98,51.85
112.00,51.85
112.01,51.84
112.03,51.85
112.04,51.85
112.06,51.84
112.07,51.84
112.09,51.84
112.10,51.84
112.12,51.84
112.13,51.84
112.15,51.84
112.16,51.84
112.17,51.84
112.19,51.83
112.20,51.84
112.22,51.84
112.23,51.84
112.25,51.83
112.26,51.83
112.28,51.83
112.29,51.83
112.31,51.83
112.32,51.83
112.34,51.83
112.35,51.83
112.37,51.83
112.38,51.83
112.40,51.83
112.41,51.83
112.43,51.82
112.44,51.82
112.45,51.82
112.47,51.82
112.48,51.82
112.50,51.82
112.51,51.82
112.53,51.82
112.54,51.82
112.56,51.82
112.57,51.82
112.59,51.82
112.60,51.82
112.62,51.81
112.63,51.81
112.65,51.82
112.66,51.81
112.68,51.81
112.69,51.81
112.70,51.81
112.72,51.81
112.73,51.81
112.75,51.81
112.76,51.81
112.78,51.81
112.79,51.80
112.81,51.80
112.82,51.81
112.84,51.80
112.85,51.80
112.87,51.80
112.88,51.80
112.90,51.80
112.91,51.80
112.93,51.80
112.94,51.80
112.95,51.80
112.97,51.80
112.98,51.79
113.00,51.80
113.01,51.80
113.03,51.79
113.04,51.79
113.06,51.79
113.07,51.79
113.09,51.79
113.10,51.79
113.12,51.79
113.13,51.79
113.15,51.79
113.16,51.78
113.18,51.79
113.19,51.79
113.20,51.78
113.22,51.78
113.23,51.78
113.25,51.78
113.26,51.78
113.28,51.78
113.29,51.78
113.31,51.78
113.32,51.78
113.34,51.78
113.35,51.78
113.37,51.78
113.38,51.78
113.40,51.77
113.41,51.77
113.43,51.77
113.44,51.77
113.45,51.77
113.47,51.77
113.48,51.77
113.50,51.77
113.51,51.77
113.53,51.77
113.54,51.77
113.56,51.77
113.57,51.76
113.59,51.76
113.60,51.76
113.62,51.76
113.63,51.76
113.65,51.76
113.66,51.76
113.68,51.76
113.69,51.76
113.70,51.76
113.72,51.76
113.73,51.76
113.75,51.76
113.76,51.75
113.78,51.75
113.79,51.76
113.81,51.75
113.82,51.75
113.84,51.75
113.85,51.75
113.87,51.75
113.88,51.75
113.90,51.75
113.91,51.75
113.93,51.75
113.94,51.74
113.96,51.74
113.97,51.75
113.98,51.74
114.00,51.74
114.01,51.74
114.03,51.74
114.04,51.74
114.06,51.74
114.07,51.74
114.09,51.74
114.10,51.74
114.12,51.74
114.13,51.73
114.15,51.74
114.16,51.74
114.18,51.73
114.19,51.73
114.21,51.73
114.22,51.73
114.23,51.73
114.25,51.73
114.26,51.73
114.28,51.73
114.29,51.73
114.31,51.73
114.32,51.73
114.34,51.73
114.35,51.73
114.37,51.72
114.38,51.72
114.40,51.72
114.41,51.72
114.43,51.72
114.44,51.72
114.46,51.72
114.47,51.72
114.48,51.72
114.50,51.72
114.51,51.72
114.53,51.72
114.54,51.71
114.56,51.71
114.57,51.71
114.59,51.71
114.60,51.71
114.62,51.71
114.63,51.71
114.65,51.71
114.66,51.71
114.68,51.71
114.69,51.71
114.71,51.71
114.72,51.71
114.73,51.70
114.75,51.70
114.76,51.71
114.78,51.70
114.79,51.70
114.81,51.70
114.82,51.70
114.84,51.70
114.85,51.70
114.87,51.70
114.88,51.70
114.90,51.70
114.91,51.70
114.93,51.69
114.94,51.70
114.96,51.70
114.97,51.69
114.98,51.69
115.00,51.69
115.01,51.69
115.03,51.69
115.04,51.69
115.06,51.69
115.07,51.69
115.09,51.69
115.10,51.68
115.12,51.69
115.13,51.69
115.15,51.68
115.16,51.68
115.18,51.68
115.19,51.68
115.21,51.68
115.22,51.68
115.23,51.68
115.25,51.68
115.26,51.68
115.28,51.68
115.29,51.68
115.31,51.68
115.32,51.68
115.34,51.67
115.35,51.67
115.37,51.67
115.38,51.67
115.40,51.67
115.41,51.67
115.43,51.67
115.44,51.67
115.46,51.67
115.47,51.67
115.49,51.67
115.50,51.67
115.51,51.67
115.53,51.66
115.54,51.66
115.56,51.67
115.57,51.66
115.59,51.66
115.60,51.66
115.62,51.66
115.63,51.66
115.65,51.66
115.66,51.66
115.68,51.66
115.69,51.66
115.71,51.65
115.72,51.65
115.74,51.66
115.75,51.65
115.76,51.65
115.78,51.65
115.79,51.65
115.81,51.65
115.82,51.65
115.84,51.65
115.85,51.65
115.87,51.65
115.88,51.65
115.90,51.64
115.91,51.65
115.93,51.65
115.94,51.64
115.96,51.64
115.97,51.64
115.99,51.64
116.00,51.64
116.01,51.64
116.03,51.64
116.04,51.64
116.06,51.64
116.07,51.64
116.09,51.64
116.10,51.64
116.12,51.64
116.13,51.63
116.15,51.63
116.16,51.63
116.18,51.63
116.19,51.63
116.21,51.63
116.22,51.63
116.24,51.63
116.25,51.63
116.26,51.63
116.28,51.63
116.29,51.63
116.31,51.62
116.32,51.62
116.34,51.62
116.35,51.63
116.37,51.62
116.38,51.62
116.40,51.62
116.41,51.62
116.43,51.62
116.44,51.62
116.46,51.62
116.47,51.62
116.49,51.62
116.50,51.61
116.51,51.61
116.53,51.62
116.54,51.61
116.56,51.61
116.57,51.61
116.59,51.61
116.60,51.61
116.62,51.61
116.63,51.61
116.65,51.61
116.66,51.61
116.68,51.61
116.69,51.60
116.71,51.61
116.72,51.61
116.74,51.60
116.75,51.60
116.76,51.60
116.78,51.60
116.79,51.60
116.81,51.60
116.82,51.60
116.84,51.60
116.85,51.60
116.87,51.60
116.88,51.60
116.90,51.60
116.91,51.60
116.93,51.59
116.94,51.59
116.96,51.59
116.97,51.59
116.99,51.59
117.00,51.59
117.02,51.59
117.03,51.59
117.04,51.59
117.06,51.59
117.07,51.59
117.09,51.59
117.10,51.59
117.12,51.58
117.13,51.58
117.15,51.59
117.16,51.58
117.18,51.58
117.19,51.58
117.21,51.58
117.22,51.58
117.24,51.58
117.25,51.58
117.27,51.58
117.28,51.58
117.29,51.57
117.31,51.57
117.32,51.58
117.34,51.57
117.35,51.57
117.37,51.57
117.38,51.57
117.40,51.57
117.41,51.57
117.43,51.57
117.44,51.57
117.46,51.57
117.47,51.57
117.49,51.56
117.50,51.57
117.52,51.57
117.53,51.56
117.54,51.56
117.56,51.56
117.57,51.56
117.59,51.56
117.60,51.56
117.62,51.56
117.63,51.56
117.65,51.56
117.66,51.56
117.68,51.56
117.69,51.57
117.71,51.57
117.72,51.56
117.74,51.57
117.75,51.57
117.77,51.57
117.78,51.57
117.79,51.58
117.81,51.58
117.82,51.58
117.84,51.58
117.85,51.58
117.87,51.58
117.88,51.58
117.90,51.58
117.91,51.58
117.93,51.58
117.94,51.58
117.96,51.58
117.97,51.58
117.99,51.58
118.00,51.57
118.02,51.57
118.03,51.57
118.04,51.58
118.06,51.57
118.07,51.57
118.09,51.57
118.10,51.57
118.12,51.57
118.13,51.57
118.15,51.57
118.16,51.57
118.18,51.57
118.19,51.58
118.21,51.58
118.22,51.58
118.24,51.58
118.25,51.58
118.27,51.58
118.28,51.58
118.29,51.58
118.31,51.58
118.32,51.58
118.34,51.58
118.35,51.58
118.37,51.58
118.38,51.58
118.40,51.59
118.41,51.59
118.43,51.59
118.44,51.59
118.46,51.59
118.47,51.59
118.49,51.59
118.50,51.59
118.52,51.59
118.53,51.59
118.55,51.59
118.56,51.59
118.57,51.59
118.59,51.59
118.60,51.60
118.62,51.60
118.63,51.60
118.65,51.60
118.66,51.60
118.68,51.60
118.69,51.60
118.71,51.60
118.72,51.60
118.74,51.60
118.75,51.60
118.77,51.60
118.78,51.60
118.80,51.60
118.81,51.60
118.82,51.61
118.84,51.61
118.85,51.61
118.87,51.61
118.88,51.61
118.90,51.61
118.91,51.61
118.93,51.61
118.94,51.61
118.96,51.61
118.97,51.61
118.99,51.61
119.00,51.61
119.02,51.61
119.03,51.62
119.05,51.62
119.06,51.62
119.07,51.62
119.09,51.62
119.10,51.62
119.12,51.62
119.13,51.62
119.15,51.62
119.16,51.62
119.18,51.62
119.19,51.62
119.21,51.62
119.22,51.62
119.24,51.63
119.25,51.63
119.27,51.62
119.28,51.62
119.30,51.62
119.31,51.62
119.32,51.63
119.34,51.63
119.35,51.63
119.37,51.64
119.38,51.64
119.40,51.64
119.41,51.65
119.43,51.65
119.44,51.65
119.46,51.65
119.47,51.66
119.49,51.66
119.50,51.66
119.52,51.67
119.53,51.67
119.55,51.67
119.56,51.68
119.57,51.68
119.59,51.68
119.60,51.68
119.62,51.69
119.63,51.69
119.65,51.69
119.66,51.70
119.68,51.70
119.69,51.70
119.71,51.71
119.72,51.71
119.74,51.71
119.75,51.71
119.77,51.72
119.78,51.72
119.80,51.72
119.81,51.73
119.82,51.73
119.84,51.73
119.85,51.74
119.87,51.74
119.88,51.74
119.90,51.74
119.91,51.74
119.93,51.74
119.94,51.74
119.96,51.74
119.97,51.74
119.99,51.74
120.00,51.74
120.02,51.74
120.03,51.74
120.05,51.74
120.06,51.74
120.08,51.74
120.09,51.73
120.10,51.73
120.12,51.74
120.13,51.73
120.15,51.73
120.16,51.73
120.18,51.73
120.19,51.73
120.21,51.73
120.22,51.73
120.24,51.73
120.25,51.73
120.27,51.72
120.28,51.72
120.30,51.73
120.31,51.72
120.33,51.72
120.34,51.72
120.35,51.72
120.37,51.72
120.38,51.72
120.40,51.72
120.41,51.72
120.43,51.72
120.44,51.72
120.46,51.71
120.47,51.72
120.49,51.72
120.50,51.71
120.52,51.71
120.53,51.71
120.55,51.71
120.56,51.71
120.58,51.71
120.59,51.71
120.60,51.71
120.62,51.71
120.63,51.71
120.65,51.71
120.66,51.71
120.68,51.71
120.69,51.70
120.71,51.70
120.72,51.70
120.74,51.70
120.75,51.70
120.77,51.70
120.78,51.70
120.80,51.70
120.81,51.70
120.83,51.70
120.84,51.70
120.85,51.70
120.87,51.69
120.88,51.69
120.90,51.69
120.91,51.69
120.93,51.69
120.94,51.69
120.96,51.69
120.97,51.69
120.99,51.69
121.00,51.69
121.02,51.69
121.03,51.69
121.05,51.69
121.06,51.68
121.08,51.68
121.09,51.69
121.10,51.68
121.12,51.68
121.13,51.68
121.15,51.68
121.16,51.68
121.18,51.68
121.19,51.68
121.21,51.68
121.22,51.68
121.24,51.68
121.25,51.67
121.27,51.68
121.28,51.68
121.30,51.67
121.31,51.67
121.33,51.67
121.34,51.67
121.35,51.67
121.37,51.67
121.38,51.67
121.40,51.67
121.41,51.67
121.43,51.66
121.44,51.67
121.46,51.67
121.47,51.66
121.49,51.66
121.50,51.66
121.52,51.66
121.53,51.66
121.55,51.66
121.56,51.66
121.58,51.66
121.59,51.66
121.61,51.66
121.62,51.66
121.63,51.66
121.65,51.66
121.66,51.65
121.68,51.65
121.69,51.65
121.71,51.65
121.72,51.65
121.74,51.65
121.75,51.65
121.77,51.65
121.78,51.65
121.80,51.65
121.81,51.65
121.83,51.65
121.84,51.65
121.86,51.64
121.87,51.64
121.88,51.65
121.90,51.64
121.91,51.64
121.93,51.64
121.94,51.64
121.96,51.64
121.97,51.64
121.99,51.64
122.00,51.64
122.02,51.64
122.03,51.64
122.05,51.63
122.06,51.64
122.08,51.64
122.09,51.63
122.11,51.63
122.12,51.63
122.13,51.63
122.15,51.63
122.16,51.63
122.18,51.63
122.19,51.63
122.21,51.63
122.22,51.62
122.24,51.63
122.25,51.63
122.27,51.62
122.28,51.62
122.30,51.62
122.31,51.62
122.33,51.62
122.34,51.62
122.36,51.62
122.37,51.62
122.38,51.62
122.40,51.62
122.41,51.62
122.43,51.62
122.44,51.62
122.46,51.61
122.47,51.61
122.49,51.61
122.50,51.61
122.52,51.61
122.53,51.61
122.55,51.61
122.56,51.61
122.58,51.61
122.59,51.61
122.61,51.61
122.62,51.61
122.63,51.61
122.65,51.60
122.66,51.60
122.68,51.61
122.69,51.60
122.71,51.60
122.72,51.60
122.74,51.60
122.75,51.60
122.77,51.60
122.78,51.60
122.80,51.60
122.81,51.60
122.83,51.60
122.84,51.59
122.86,51.60
122.87,51.60
122.88,51.59
122.90,51.59
122.91,51.59
122.93,51.59
122.94,51.59
122.96,51.59
122.97,51.59
122.99,51.59
123.00,51.59
123.02,51.58
123.03,51.59
123.05,51.59
123.06,51.58
123.08,51.58
123.09,51.58
123.11,51.58
123.12,51.58
123.13,51.58
123.15,51.58
123.16,51.58
123.18,51.58
123.19,51.58
123.21,51.58
123.22,51.58
123.24,51.58
123.25,51.57
123.27,51.57
123.28,51.57
123.30,51.57
123.31,51.57
123.33,51.57
123.34,51.57
123.36,51.57
123.37,51.57
123.39,51.57
123.40,51.57
123.41,51.57
123.43,51.57
123.44,51.56
123.46,51.56
123.47,51.57
123.49,51.56
123.50,51.56
123.52,51.56
123.53,51.56
123.55,51.56
123.56,51.56
123.58,51.56
123.59,51.56
123.61,51.56
123.62,51.56
123.64,51.55
123.65,51.56
123.66,51.56
123.68,51.55
123.69,51.55
123.71,51.55
123.72,51.55
123.74,51.55
123.75,51.55
123.77,51.55
123.78,51.55
123.80,51.55
123.81,51.55
123.83,51.55
123.84,51.55
123.86,51.55
123.87,51.54
123.89,51.54
123.90,51.54
123.91,51.54
123.93,51.54
123.94,51.54
123.96,51.54
123.97,51.54
123.99,51.54
124.00,51.54
124.02,51.54
124.03,51.54
124.05,51.54
124.06,51.53
124.08,51.53
124.09,51.54
124.11,51.53
124.12,51.53
124.14,51.53
124.15,51.53
124.16,51.53
124.18,51.53
124.19,51.53
124.21,51.53
124.22,51.53
124.24,51.52
124.25,51.52
124.27,51.53
124.28,51.53
124.30,51.52
124.31,51.52
124.33,51.52
124.34,51.52
124.36,51.52
124.37,51.52
124.39,51.52
124.40,51.52
124.41,51.52
124.43,51.51
124.44,51.52
124.46,51.52
124.47,51.51
124.49,51.51
124.50,51.51
124.52,51.51
124.53,51.51
124.55,51.51
124.56,51.51
124.58,51.51
124.59,51.51
124.61,51.51
124.62,51.51
124.64,51.51
124.65,51.51
124.66,51.50
124.68,51.50
124.69,51.50
124.71,51.50
124.72,51.50
124.74,51.50
124.75,51.50
124.77,51.50
124.78,51.50
124.80,51.50
124.81,51.50
124.83,51.50
124.84,51.50
124.86,51.49
124.87,51.49
124.89,51.50
124.90,51.49
124.92,51.49
124.93,51.49
124.94,51.49
124.96,51.49
124.97,51.49
124.99,51.49
125.00,51.49
125.02,51.49
125.03,51.49
125.05,51.48
125.06,51.49
125.08,51.49
125.09,51.48
125.11,51.48
125.12,51.48
125.14,51.48
125.15,51.48
125.17,51.48
125.18,51.48
125.19,51.48
125.21,51.48
125.22,51.48
125.24,51.49
125.25,51.49
125.27,51.49
125.28,51.49
125.30,51.49
125.31,51.49
125.33,51.49
125.34,51.49
125.36,51.49
125.37,51.49
125.39,51.49
125.40,51.49
125.42,51.49
125.43,51.49
125.44,51.50
125.46,51.50
125.47,51.50
125.49,51.50
125.50,51.50
125.52,51.50
125.53,51.50
125.55,51.50
125.56,51.50
125.58,51.50
125.59,51.50
125.61,51.50
125.62,51.50
125.64,51.50
125.65,51.51
125.67,51.51
125.68,51.51
125.69,51.51
125.71,51.51
125.72,51.51
125.74,51.51
125.75,51.51
125.77,51.51
125.78,51.51
125.80,51.51
125.81,51.51
125.83,51.51
125.84,51.51
125.86,51.52
125.87,51.52
125.89,51.52
125.90,51.52
125.92,51.52
125.93,51.52
125.94,51.52
125.96,51.52
125.97,51.52
125.99,51.52
126.00,51.52
126.02,51.52
126.03,51.52
126.05,51.53
126.06,51.53
126.08,51.53
126.09,51.53
126.11,51.54
126.12,51.54
126.14,51.54
126.15,51.55
126.17,51.55
126.18,51.55
126.19,51.56
126.21,51.56
126.22,51.56
126.24,51.57
126.25,51.57
126.27,51.57
126.28,51.57
126.30,51.58
126.31,51.58
126.33,51.58
126.34,51.59
126.36,51.59
126.37,51.59
126.39,51.60
126.40,51.60
126.42,51.60
126.43,51.60
126.45,51.61
126.46,51.61
126.47,51.60
126.49,51.60
126.50,51.60
126.52,51.60
126.53,51.60
126.55,51.60
126.56,51.60
126.58,51.60
126.59,51.60
126.61,51.60
126.62,51.60
126.64,51.60
126.65,51.60
126.67,51.59
126.68,51.59
126.70,51.60
126.71,51.59
126.72,51.59
126.74,51.59
126.75,51.59
126.77,51.59
126.78,51.59
126.80,51.59
126.81,51.59
126.83,51.59
126.84,51.59
126.86,51.58
126.87,51.59
126.89,51.59
126.90,51.58
126.92,51.58
126.93,51.58
126.95,51.58
126.96,51.58
126.97,51.58
126.99,51.58
127.00,51.58
127.02,51.58
127.03,51.57
127.05,51.58
127.06,51.58
127.08,51.58
127.09,51.57
127.11,51.57
127.12,51.57
127.14,51.57
127.15,51.57
127.17,51.57
127.18,51.57
127.20,51.57
127.21,51.57
127.22,51.57
127.24,51.57
127.25,51.57
127.27,51.56
127.28,51.56
127.30,51.56
127.31,51.56
127.33,51.56
127.34,51.56
127.36,51.56
127.37,51.56
127.39,51.56
127.40,51.56
127.42,51.56
127.43,51.56
127.45,51.56
127.46,51.55
127.47,51.55
127.49,51.56
127.50,51.55
127.52,51.55
127.53,51.55
127.55,51.55
127.56,51.55
127.58,51.55
127.59,51.55
127.61,51.55
127.62,51.55
127.64,51.55
127.65,51.56
127.67,51.56
127.68,51.56
127.70,51.56
127.71,51.56
127.72,51.56
127.74,51.56
127.75,51.56
127.77,51.56
127.78,51.56
127.80,51.56
127.81,51.56
127.83,51.56
127.84,51.56
127.86,51.57
127.87,51.57
127.89,51.57
127.90,51.57
127.92,51.57
127.93,51.57
127.95,51.57
127.96,51.57
127.98,51.57
127.99,51.57
128.00,51.57
128.02,51.57
128.03,51.57
128.05,51.57
128.06,51.58
128.08,51.58
128.09,51.58
128.11,51.58
128.12,51.58
128.14,51.58
128.15,51.58
128.17,51.58
128.18,51.58
128.20,51.58
128.21,51.58
128.23,51.58
128.24,51.58
128.25,51.58
128.27,51.59
128.28,51.59
128.30,51.59
128.31,51.59
128.33,51.59
128.34,51.59
128.36,51.59
128.37,51.59
128.39,51.59
128.40,51.59
128.42,51.59
128.43,51.59
128.45,51.59
128.46,51.59
128.48,51.59
128.49,51.59
128.50,51.59
128.52,51.60
128.53,51.60
128.55,51.60
128.56,51.60
128.58,51.61
128.59,51.61
128.61,51.61
128.62,51.62
128.64,51.62
128.65,51.62
128.67,51.63
128.68,51.63
128.70,51.63
128.71,51.63
128.73,51.64
128.74,51.64
128.75,51.64
128.77,51.65
128.78,51.65
128.80,51.65
128.81,51.66
128.83,51.66
128.84,51.66
128.86,51.66
128.87,51.67
128.89,51.67
128.90,51.67
128.92,51.68
128.93,51.68
128.95,51.68
128.96,51.68
128.98,51.68
128.99,51.68
129.00,51.68
129.02,51.68
129.03,51.68
129.05,51.68
129.06,51.68
129.08,51.67
129.09,51.67
129.11,51.68
129.12,51.68
129.14,51.68
129.15,51.68
129.17,51.68
129.18,51.68
129.20,51.68
129.21,51.68
129.23,51.68
129.24,51.68
129.25,51.69
129.27,51.69
129.28,51.68
129.30,51.69
129.31,51.69
129.33,51.68
129.34,51.68
129.36,51.68
129.37,51.68
129.39,51.68
129.40,51.68
129.42,51.68
129.43,51.68
129.45,51.68
129.46,51.68
129.48,51.68
129.49,51.68
129.51,51.68
129.52,51.67
129.53,51.67
129.55,51.67
129.56,51.67
129.58,51.67
129.59,51.67
129.61,51.67
129.62,51.67
129.64,51.67
129.65,51.67
129.67,51.67
129.68,51.67
129.70,51.66
129.71,51.66
129.73,51.66
129.74,51.67
129.76,51.66
129.77,51.66
129.78,51.66
129.80,51.66
129.81,51.66
129.83,51.66
129.84,51.66
129.86,51.66
129.87,51.66
129.89,51.65
129.90,51.65
129.92,51.66
129.93,51.65
129.95,51.65
129.96,51.65
129.98,51.65
129.99,51.65
130.01,51.65
130.02,51.65
130.03,51.65
130.05,51.65
130.06,51.65
130.08,51.64
130.09,51.65
130.11,51.65
130.12,51.64
130.14,51.64
130.15,51.64
130.17,51.64
130.18,51.64
130.20,51.64
130.21,51.64
130.23,51.64
130.24,51.64
130.26,51.64
130.27,51.64
130.28,51.64
130.30,51.64
130.31,51.63
130.33,51.63
130.34,51.63
130.36,51.63
130.37,51.63
130.39,51.63
130.40,51.63
130.42,51.63
130.43,51.63
130.45,51.63
130.46,51.63
130.48,51.63
130.49,51.63
130.51,51.62
130.52,51.62
130.53,51.63
130.55,51.62
130.56,51.62
130.58,51.62
130.59,51.62
130.61,51.62
130.62,51.62
130.64,51.62
130.65,51.62
130.67,51.62
130.68,51.61
130.70,51.61
130.71,51.62
130.73,51.61
130.74,51.61
130.76,51.61
130.77,51.61
130.78,51.61
130.80,51.61
130.81,51.61
130.83,51.61
130.84,51.61
130.86,51.61
130.87,51.60
130.89,51.61
130.90,51.61
130.92,51.60
130.93,51.60
130.95,51.60
130.96,51.60
130.98,51.60
130.99,51.60
131.01,51.60
131.02,51.60
131.04,51.60
131.05,51.60
131.06,51.60
131.08,51.60
131.09,51.60
131.11,51.59
131.12,51.59
131.14,51.59
131.15,51.59
131.17,51.59
131.18,51.59
131.20,51.59
131.21,51.59
131.23,51.59
131.24,51.59
131.26,51.59
131.27,51.59
131.29,51.59
131.30,51.58
131.31,51.58
131.33,51.59
131.34,51.58
131.36,51.58
131.37,51.58
131.39,51.58
131.40,51.58
131.42,51.58
131.43,51.58
131.45,51.58
131.46,51.58
131.48,51.58
131.49,51.57
131.51,51.58
131.52,51.58
131.54,51.58
131.55,51.58
131.56,51.58
131.58,51.58
131.59,51.58
131.61,51.58
131.62,51.58
131.64,51.58
131.65,51.58
131.67,51.58
131.68,51.58
131.70,51.58
131.71,51.58
131.73,51.59
131.74,51.59
131.76,51.59
131.77,51.59
131.79,51.59
131.80,51.59
131.81,51.59
131.83,51.59
131.84,51.59
131.86,51.59
131.87,51.59
131.89,51.59
131.90,51.59
131.92,51.59
131.93,51.60
131.95,51.60
131.96,51.60
131.98,51.60
131.99,51.60
132.01,51.60
132.02,51.60
132.04,51.60
132.05,51.60
132.06,51.60
132.08,51.60
132.09,51.60
132.11,51.60
132.12,51.60
132.14,51.61
132.15,51.61
132.17,51.61
132.18,51.61
132.20,51.61
132.21,51.61
132.23,51.61
132.24,51.61
132.26,51.61
132.27,51.61
132.29,51.61
132.30,51.61
132.31,51.61
132.33,51.61
132.34,51.61
132.36,51.61
132.37,51.61
132.39,51.61
132.40,51.61
132.42,51.62
132.43,51.62
132.45,51.62
132.46,51.63
132.48,51.63
132.49,51.63
132.51,51.63
132.52,51.64
132.54,51.64
132.55,51.64
132.57,51.65
132.58,51.65
132.59,51.65
132.61,51.66
132.62,51.66
132.64,51.66
132.65,51.66
132.67,51.67
132.68,51.67
132.70,51.67
132.71,51.68
132.73,51.68
132.74,51.68
132.76,51.69
132.77,51.69
132.79,51.69
132.80,51.70
132.82,51.70
132.83,51.70
132.84,51.70
132.86,51.70
132.87,51.70
132.89,51.70
132.90,51.69
132.92,51.69
132.93,51.69
132.95,51.69
132.96,51.69
132.98,51.69
132.99,51.69
133.01,51.69
133.02,51.69
133.04,51.69
133.05,51.69
133.07,51.69
133.08,51.68
133.09,51.68
133.11,51.68
133.12,51.68
133.14,51.68
133.15,51.68
133.17,51.68
133.18,51.68
133.20,51.68
133.21,51.68
133.23,51.68
133.24,51.68
133.26,51.68
133.27,51.67
133.29,51.67
133.30,51.68
133.32,51.67
133.33,51.67
133.34,51.67
133.36,51.67
133.37,51.67
133.39,51.67
133.40,51.67
133.42,51.67
133.43,51.67
133.45,51.67
133.46,51.66
133.48,51.67
133.49,51.67
133.51,51.66
133.52,51.66
133.54,51.66
133.55,51.66
133.57,51.66
133.58,51.66
133.59,51.66
133.61,51.66
133.62,51.66
133.64,51.65
133.65,51.66
133.67,51.66
133.68,51.66
133.70,51.65
133.71,51.65
133.73,51.65
133.74,51.65
133.76,51.65
133.77,51.65
133.79,51.65
133.80,51.65
133.82,51.65
133.83,51.65
133.84,51.65
133.86,51.65
133.87,51.64
133.89,51.64
133.90,51.64
133.92,51.64
133.93,51.64
133.95,51.64
133.96,51.64
133.98,51.64
133.99,51.64
134.01,51.64
134.02,51.64
134.04,51.64
134.05,51.64
134.07,51.63
134.08,51.63
134.10,51.64
134.11,51.63
134.12,51.63
134.14,51.63
134.15,51.63
134.17,51.63
134.18,51.63
134.20,51.63
134.21,51.63
134.23,51.63
134.24,51.63
134.26,51.62
134.27,51.63
134.29,51.63
134.30,51.62
134.32,51.62
134.33,51.62
134.35,51.62
134.36,51.62
134.37,51.62
134.39,51.62
134.40,51.62
134.42,51.62
134.43,51.62
134.45,51.62
134.46,51.62
134.48,51.62
134.49,51.61
134.51,51.61
134.52,51.61
134.54,51.61
134.55,51.61
134.57,51.61
134.58,51.61
134.60,51.61
134.61,51.61
134.62,51.61
134.64,51.61
134.65,51.61
134.67,51.60
134.68,51.60
134.70,51.60
134.71,51.61
134.73,51.60
134.74,51.60
134.76,51.60
134.77,51.60
134.79,51.60
134.80,51.60
134.82,51.60
134.83,51.60
134.85,51.60
134.86,51.59
134.87,51.59
134.89,51.60
134.90,51.59
134.92,51.59
134.93,51.59
134.95,51.59
134.96,51.59
134.98,51.59
134.99,51.59
135.01,51.59
135.02,51.59
135.04,51.59
135.05,51.58
135.07,51.59
135.08,51.59
135.10,51.58
135.11,51.58
135.12,51.58
135.14,51.58
135.15,51.58
135.17,51.58
135.18,51.58
135.20,51.58
135.21,51.58
135.23,51.58
135.24,51.58
135.26,51.58
135.27,51.58
135.29,51.57
135.30,51.57
135.32,51.57
135.33,51.57
135.35,51.57
135.36,51.57
135.37,51.57
135.39,51.57
135.40,51.57
135.42,51.57
135.43,51.57
135.45,51.57
135.46,51.57
135.48,51.56
135.49,51.56
135.51,51.57
135.52,51.56
135.54,51.56
135.55,51.56
135.57,51.56
135.58,51.56
135.60,51.56
135.61,51.56
135.63,51.56
135.64,51.56
135.65,51.56
135.67,51.56
135.68,51.56
135.70,51.56
135.71,51.56
135.73,51.56
135.74,51.56
135.76,51.56
135.77,51.56
135.79,51.56
135.80,51.56
135.82,51.57
135.83,51.57
135.85,51.57
135.86,51.57
135.88,51.57
135.89,51.57
135.90,51.57
135.92,51.57
135.93,51.57
135.95,51.57
135.96,51.57
135.98,51.57
135.99,51.57
136.01,51.57
136.02,51.58
136.04,51.58
136.05,51.58
136.07,51.58
136.08,51.58
136.10,51.58
136.11,51.58
136.13,51.58
136.14,51.58
136.15,51.58
136.17,51.58
136.18,51.58
136.20,51.58
136.21,51.58
136.23,51.59
136.24,51.59
136.26,51.59
136.27,51.59
136.29,51.59
136.30,51.59
136.32,51.59
136.33,51.59
136.35,51.59
136.36,51.59
136.38,51.59
136.39,51.59
136.40,51.59
136.42,51.59
136.43,51.60
136.45,51.60
136.46,51.60
136.48,51.60
136.49,51.60
136.51,51.60
136.52,51.60
136.54,51.60
136.55,51.60
136.57,51.60
136.58,51.60
136.60,51.60
136.61,51.60
136.63,51.60
136.64,51.61
136.65,51.61
136.67,51.61
136.68,51.61
136.70,51.60
136.71,51.60
136.73,51.60
136.74,51.61
136.76,51.61
136.77,51.61
136.79,51.62
136.80,51.62
136.82,51.62
136.83,51.63
136.85,51.63
136.86,51.63
136.88,51.63
136.89,51.64
136.90,51.64
136.92,51.64
136.93,51.65
136.95,51.65
136.96,51.65
136.98,51.66
136.99,51.66
137.01,51.66
137.02,51.66
137.04,51.67
137.05,51.67
137.07,51.67
137.08,51.68
137.10,51.68
137.11,51.68
137.13,51.69
137.14,51.69
137.16,51.69
137.17,51.69
137.18,51.70
137.20,51.70
137.21,51.70
137.23,51.71
137.24,51.71
137.26,51.71
137.27,51.71
137.29,51.71
137.30,51.71
137.32,51.71
137.33,51.71
137.35,51.71
137.36,51.71
137.38,51.71
137.39,51.70
137.41,51.70
137.42,51.71
137.43,51.70
137.45,51.70
137.46,51.70
137.48,51.70
137.49,51.70
137.51,51.70
137.52,51.70
137.54,51.70
137.55,51.70
137.57,51.70
137.58,51.69
137.60,51.70
137.61,51.70
137.63,51.69
137.64,51.69
137.66,51.69
137.67,51.69
137.68,51.69
137.70,51.69
137.71,51.69
137.73,51.69
137.74,51.69
137.76,51.69
137.77,51.69
137.79,51.69
137.80,51.69
137.82,51.69
137.83,51.69
137.85,51.69
137.86,51.69
137.88,51.70
137.89,51.70
137.91,51.70
137.92,51.70
137.93,51.70
137.95,51.70
137.96,51.70
137.98,51.70
137.99,51.70
138.01,51.70
138.02,51.70
138.04,51.70
138.05,51.70
138.07,51.70
138.08,51.69
138.10,51.69
138.11,51.69
138.13,51.69
138.14,51.69
138.16,51.69
138.17,51.69
138.18,51.69
138.20,51.69
138.21,51.69
138.23,51.69
138.24,51.69
138.26,51.69
138.27,51.68
138.29,51.68
138.30,51.69
138.32,51.68
138.33,51.68
138.35,51.68
138.36,51.68
138.38,51.68
138.39,51.68
138.41,51.68
138.42,51.68
138.43,51.68
138.45,51.68
138.46,51.67
138.48,51.68
138.49,51.68
138.51,51.67
138.52,51.67
138.54,51.67
138.55,51.67
138.57,51.67
138.58,51.67
138.60,51.67
138.61,51.67
138.63,51.67
138.64,51.66
138.66,51.67
138.67,51.67
138.69,51.66
138.70,51.66
138.71,51.66
138.73,51.66
138.74,51.66
138.76,51.66
138.77,51.66
138.79,51.66
138.80,51.66
138.82,51.66
138.83,51.66
138.85,51.66
138.86,51.66
138.88,51.65
138.89,51.65
138.91,51.65
138.92,51.65
138.94,51.65
138.95,51.65
138.96,51.65
138.98,51.65
138.99,51.65
139.01,51.65
139.02,51.65
139.04,51.65
139.05,51.65
139.07,51.64
139.08,51.64
139.10,51.65
139.11,51.64
139.13,51.64
139.14,51.64
139.16,51.64
139.17,51.64
139.19,51.64
139.20,51.64
139.21,51.64
139.23,51.64
139.24,51.64
139.26,51.63
139.27,51.64
139.29,51.64
139.30,51.63
139.32,51.63
139.33,51.63
139.35,51.63
139.36,51.63
139.38,51.63
139.39,51.63
139.41,51.63
139.42,51.63
139.44,51.62
139.45,51.63
139.46,51.63
139.48,51.62
139.49,51.62
139.51,51.62
139.52,51.62
139.54,51.62
139.55,51.62
139.57,51.62
139.58,51.62
139.60,51.62
139.61,51.62
139.63,51.62
139.64,51.62
139.66,51.62
139.67,51.61
139.69,51.61
139.70,51.61
139.71,51.61
139.73,51.61
139.74,51.61
139.76,51.61
139.77,51.61
139.79,51.61
139.80,51.61
139.82,51.61
139.83,51.61
139.85,51.61
139.86,51.60
139.88,51.60
139.89,51.61
139.91,51.60
139.92,51.60
139.94,51.60
139.95,51.60
139.96,51.60
139.98,51.60
139.99,51.60
140.01,51.60
140.02,51.60
140.04,51.60
140.05,51.59
140.07,51.60
140.08,51.60
140.10,51.59
140.11,51.59
140.13,51.59
140.14,51.59
140.16,51.59
140.17,51.59
140.19,51.59
140.20,51.59
140.22,51.59
140.23,51.59
140.24,51.59
140.26,51.59
140.27,51.59
140.29,51.58
140.30,51.58
140.32,51.58
140.33,51.58
140.35,51.58
140.36,51.58
140.38,51.58
140.39,51.58
140.41,51.58
140.42,51.58
140.44,51.58
140.45,51.58
140.47,51.58
140.48,51.57
140.49,51.57
140.51,51.58
140.52,51.57
140.54,51.57
140.55,51.57
140.57,51.57
140.58,51.57
140.60,51.57
140.61,51.57
140.63,51.57
140.64,51.57
140.66,51.56
140.67,51.56
140.69,51.57
140.70,51.57
140.72,51.56
140.73,51.56
140.74,51.56
140.76,51.56
140.77,51.56
140.79,51.56
140.80,51.56
140.82,51.56
140.83,51.56
140.85,51.55
140.86,51.56
140.88,51.56
140.89,51.55
140.91,51.56
140.92,51.56
140.94,51.56
140.95,51.56
140.97,51.56
140.98,51.56
140.99,51.56
141.01,51.56
141.02,51.56
141.04,51.56
141.05,51.56
141.07,51.56
141.08,51.56
141.10,51.57
141.11,51.57
141.13,51.57
141.14,51.57
141.16,51.57
141.17,51.57
141.19,51.57
141.20,51.57
141.22,51.57
141.23,51.57
141.24,51.57
141.26,51.57
141.27,51.57
141.29,51.57
141.30,51.58
141.32,51.58
141.33,51.58
141.35,51.58
141.36,51.58
141.38,51.58
141.39,51.58
141.41,51.58
141.42,51.58
141.44,51.58
141.45,51.58
141.47,51.58
141.48,51.58
141.49,51.58
141.51,51.59
141.52,51.59
141.54,51.59
141.55,51.59
141.57,51.59
141.58,51.59
141.60,51.59
141.61,51.59
141.63,51.59
141.64,51.59
141.66,51.59
141.67,51.59
141.69,51.59
141.70,51.59
141.72,51.60
141.73,51.60
141.75,51.60
141.76,51.60
141.77,51.60
141.79,51.60
141.80,51.60
141.82,51.60
141.83,51.60
141.85,51.60
141.86,51.60
141.88,51.60
141.89,51.60
141.91,51.60
141.92,51.61
141.94,51.61
141.95,51.61
141.97,51.61
141.98,51.61
142.00,51.61
142.01,51.61
142.02,51.61
142.04,51.61
142.05,51.61
142.07,51.61
142.08,51.61
142.10,51.61
142.11,51.61
142.13,51.62
142.14,51.62
142.16,51.62
142.17,51.63
142.19,51.63
142.20,51.63
142.22,51.64
142.23,51.64
142.25,51.64
142.26,51.65
142.27,51.65
142.29,51.65
142.30,51.65
142.32,51.66
142.33,51.66
142.35,51.66
142.36,51.67
142.38,51.67
142.39,51.67
142.41,51.68
142.42,51.68
142.44,51.68
142.45,51.68
142.47,51.69
142.48,51.69
142.50,51.69
142.51,51.70
142.52,51.70
142.54,51.70
142.55,51.71
142.57,51.71
142.58,51.71
142.60,51.71
142.61,51.72
142.63,51.72
142.64,51.72
142.66,51.73
142.67,51.73
142.69,51.72
142.70,51.72
142.72,51.73
142.73,51.72
142.75,51.72
142.76,51.72
142.77,51.72
142.79,51.72
142.80,51.72
142.82,51.72
142.83,51.72
142.85,51.72
142.86,51.71
142.88,51.71
142.89,51.72
142.91,51.72
142.92,51.71
142.94,51.71
142.95,51.71
142.97,51.71
142.98,51.71
143.00,51.71
143.01,51.71
143.02,51.71
143.04,51.71
143.05,51.70
143.07,51.71
143.08,51.71
143.10,51.70
143.11,51.70
143.13,51.70
143.14,51.70
143.16,51.70
143.17,51.70
143.19,51.70
143.20,51.70
143.22,51.70
143.23,51.70
143.25,51.70
143.26,51.70
143.27,51.70
143.29,51.69
143.30,51.69
143.32,51.69
143.33,51.69
143.35,51.69
143.36,51.69
143.38,51.69
143.39,51.69
143.41,51.69
143.42,51.69
143.44,51.69
143.45,51.69
143.47,51.69
143.48,51.68
143.50,51.68
143.51,51.69
143.53,51.68
143.54,51.68
143.55,51.68
143.57,51.68
143.58,51.68
143.60,51.68
143.61,51.68
143.63,51.68
143.64,51.68
143.66,51.67
143.67,51.67
143.69,51.68
143.70,51.68
143.72,51.67
143.73,51.67
143.75,51.67
143.76,51.67
143.78,51.67
143.79,51.67
143.80,51.67
143.82,51.67
143.83,51.67
143.85,51.66
143.86,51.67
143.88,51.67
143.89,51.66
143.91,51.66
143.92,51.66
143.94,51.66
143.95,51.66
143.97,51.66
143.98,51.66
144.00,51.66
144.01,51.66
144.03,51.66
144.04,51.66
144.05,51.66
144.07,51.66
144.08,51.65
144.10,51.65
144.11,51.65
144.13,51.65
144.14,51.65
144.16,51.65
144.17,51.65
144.19,51.65
144.20,51.65
144.22,51.65
144.23,51.65
144.25,51.65
144.26,51.65
144.28,51.64
144.29,51.64
144.30,51.65
144.32,51.64
144.33,51.64
144.35,51.64
144.36,51.64
144.38,51.64
144.39,51.64
144.41,51.64
144.42,51.64
144.44,51.64
144.45,51.64
144.47,51.63
144.48,51.64
144.50,51.64
144.51,51.63
144.53,51.63
144.54,51.63
144.55,51.63
144.57,51.63
144.58,51.63
144.60,51.63
144.61,51.63
144.63,51.63
144.64,51.62
144.66,51.63
144.67,51.63
144.69,51.62
144.70,51.62
144.72,51.62
144.73,51.62
144.75,51.62
144.76,51.62
144.78,51.62
144.79,51.62
144.80,51.62
144.82,51.62
144.83,51.62
144.85,51.62
144.86,51.62
144.88,51.61
144.89,51.61
144.91,51.61
144.92,51.61
144.94,51.61
144.95,51.61
144.97,51.61
144.98,51.61
145.00,51.61
145.01,51.61
145.03,51.61
145.04,51.61
145.06,51.61
145.07,51.60
145.08,51.60
145.10,51.61
145.11,51.60
145.13,51.60
145.14,51.60
145.16,51.60
145.17,51.60
145.19,51.60
145.20,51.60
145.22,51.60
145.23,51.60
145.25,51.60
145.26,51.59
145.28,51.60
145.29,51.60
145.31,51.59
145.32,51.59
145.33,51.59
145.35,51.59
145.36,51.59
145.38,51.59
145.39,51.59
145.41,51.59
145.42,51.59
145.44,51.59
145.45,51.59
145.47,51.59
145.48,51.59
145.50,51.58
145.51,51.58
145.53,51.58
145.54,51.58
145.56,51.58
145.57,51.58
145.58,51.58
145.60,51.58
145.61,51.58
145.63,51.58
145.64,51.58
145.66,51.58
145.67,51.58
145.69,51.57
145.70,51.57
145.72,51.58
145.73,51.57
145.75,51.57
145.76,51.57
145.78,51.57
145.79,51.57
145.81,51.57
145.82,51.57
145.83,51.57
145.85,51.57
145.86,51.57
145.88,51.56
145.89,51.57
145.91,51.57
145.92,51.56
145.94,51.56
145.95,51.56
145.97,51.56
145.98,51.56
146.00,51.56
146.01,51.56
146.03,51.56
146.04,51.56
146.06,51.55
146.07,51.56
146.08,51.56
146.10,51.56
146.11,51.55
146.13,51.55
146.14,51.55
146.16,51.55
146.17,51.55
146.19,51.55
146.20,51.55
146.22,51.55
146.23,51.55
146.25,51.55
146.26,51.55
146.28,51.55
146.29,51.54
146.31,51.54
146.32,51.54
146.33,51.55
146.35,51.54
146.36,51.54
146.38,51.54
146.39,51.54
146.41,51.54
146.42,51.54
146.44,51.54
146.45,51.54
146.47,51.54
146.48,51.53
146.50,51.53
146.51,51.54
146.53,51.53
146.54,51.53
146.56,51.53
146.57,51.53
146.59,51.53
146.60,51.53
146.61,51.53
146.63,51.53
146.64,51.53
146.66,51.53
146.67,51.52
146.69,51.53
146.70,51.53
146.72,51.52
146.73,51.52
146.75,51.52
146.76,51.52
146.78,51.52
146.79,51.52
146.81,51.52
146.82,51.52
146.84,51.52
146.85,51.52
146.86,51.52
146.88,51.52
146.89,51.52
146.91,51.51
146.92,51.51
146.94,51.51
146.95,51.51
146.97,51.51
146.98,51.51
147.00,51.51
147.01,51.51
147.03,51.51
147.04,51.51
147.06,51.51
147.07,51.51
147.09,51.51
147.10,51.50
147.11,51.50
147.13,51.51
147.14,51.50
147.16,51.50
147.17,51.50
147.19,51.50
147.20,51.50
147.22,51.50
147.23,51.50
147.25,51.51
147.26,51.51
147.28,51.51
147.29,51.51
147.31,51.51
147.32,51.51
147.34,51.51
147.35,51.51
147.36,51.51
147.38,51.51
147.39,51.51
147.41,51.51
147.42,51.51
147.44,51.51
147.45,51.52
147.47,51.52
147.48,51.52
147.50,51.52
147.51,51.52
147.53,51.52
147.54,51.52
147.56,51.52
147.57,51.52
147.59,51.52
147.60,51.52
147.61,51.52
147.63,51.52
147.64,51.53
147.66,51.53
147.67,51.53
147.69,51.53
147.70,51.53
147.72,51.53
147.73,51.53
147.75,51.53
147.76,51.53
147.78,51.53
147.79,51.53
147.81,51.53
147.82,51.53
147.84,51.53
147.85,51.54
147.86,51.54
147.88,51.54
147.89,51.54
147.91,51.54
147.92,51.54
147.94,51.54
147.95,51.54
147.97,51.54
147.98,51.54
148.00,51.54
148.01,51.54
148.03,51.54
148.04,51.54
148.06,51.55
148.07,51.55
148.09,51.55
148.10,51.55
148.12,51.55
148.13,51.55
148.14,51.55
148.16,51.55
148.17,51.55
148.19,51.55
148.20,51.55
148.22,51.55
148.23,51.55
148.25,51.55
148.26,51.55
148.28,51.55
148.29,51.55
148.31,51.55
148.32,51.55
148.34,51.56
148.35,51.56
148.37,51.56
148.38,51.57
148.39,51.57
148.41,51.57
148.42,51.58
148.44,51.58
148.45,51.58
148.47,51.59
148.48,51.59
148.50,51.59
148.51,51.59
148.53,51.60
148.54,51.60
148.56,51.60
148.57,51.61
148.59,51.61
148.60,51.61
148.62,51.62
148.63,51.62
148.64,51.62
148.66,51.62
148.67,51.63
148.69,51.63
148.70,51.63
148.72,51.64
148.73,51.64
148.75,51.64
148.76,51.65
148.78,51.65
148.79,51.65
148.81,51.66
148.82,51.66
148.84,51.66
148.85,51.66
148.87,51.66
148.88,51.66
148.89,51.66
148.91,51.65
148.92,51.66
148.94,51.66
148.95,51.65
148.97,51.65
148.98,51.65
149.00,51.65
149.01,51.65
149.03,51.65
149.04,51.65
149.06,51.65
149.07,51.65
149.09,51.65
149.10,51.65
149.12,51.65
149.13,51.65
149.14,51.64
149.16,51.64
149.17,51.64
149.19,51.64
149.20,51.64
149.22,51.64
149.23,51.64
149.25,51.64
149.26,51.64
149.28,51.64
149.29,51.64
149.31,51.64
149.32,51.64
149.34,51.63
149.35,51.63
149.37,51.64
149.38,51.63
149.39,51.63
149.41,51.63
149.42,51.63
149.44,51.63
149.45,51.63
149.47,51.63
149.48,51.63
149.50,51.63
149.51,51.62
149.53,51.62
149.54,51.63
149.56,51.62
149.57,51.62
149.59,51.62
149.60,51.62
149.62,51.62
149.63,51.62
149.65,51.62
149.66,51.62
149.67,51.62
149.69,51.62
149.70,51.61
149.72,51.62
149.73,51.62
149.75,51.61
149.76,51.61
149.78,51.61
149.79,51.61
149.81,51.61
149.82,51.61
149.84,51.61
149.85,51.61
149.87,51.61
149.88,51.61
149.90,51.61
149.91,51.61
149.92,51.61
149.94,51.60
149.95,51.60
149.97,51.60
149.98,51.60
150.00,51.60
150.01,51.60
150.03,51.60
150.04,51.60
150.06,51.60
150.07,51.60
150.09,51.60
150.10,51.60
150.12,51.60
150.13,51.59
150.15,51.59
150.16,51.60
150.17,51.59
150.19,51.59
150.20,51.59
150.22,51.59
150.23,51.59
150.25,51.59
150.26,51.59
150.28,51.59
150.29,51.59
150.31,51.59
150.32,51.58
150.34,51.59
150.35,51.59
150.37,51.58
150.38,51.58
150.40,51.58
150.41,51.58
150.42,51.58
150.44,51.58
150.45,51.58
150.47,51.58
150.48,51.58
150.50,51.58
150.51,51.58
150.53,51.58
150.54,51.58
150.56,51.57
150.57,51.57
150.59,51.57
150.60,51.57
150.62,51.57
150.63,51.57
150.65,51.57
150.66,51.57
150.67,51.57
150.69,51.57
150.70,51.57
150.72,51.57
150.73,51.57
150.75,51.56
150.76,51.56
150.78,51.57
150.79,51.56
150.81,51.56
150.82,51.56
150.84,51.56
150.85,51.56
150.87,51.56
150.88,51.56
150.90,51.56
150.91,51.56
150.92,51.56
150.94,51.55
150.95,51.56
150.97,51.56
150.98,51.55
151.00,51.55
151.01,51.55
151.03,51.55
151.04,51.55
151.06,51.55
151.07,51.55
151.09,51.55
151.10,51.55
151.12,51.54
151.13,51.55
151.15,51.55
151.16,51.55
151.18,51.54
151.19,51.54
151.20,51.54
151.22,51.54
151.23,51.54
151.25,51.54
151.26,51.54
151.28,51.54
151.29,51.54
151.31,51.54
151.32,51.54
151.34,51.54
151.35,51.53
151.37,51.53
151.38,51.53
151.40,51.54
151.41,51.53
151.43,51.53
151.44,51.53
151.45,51.53
151.47,51.53
151.48,51.53
151.50,51.53
151.51,51.53
151.53,51.54
151.54,51.54
151.56,51.54
151.57,51.54
151.59,51.54
151.60,51.54
151.62,51.54
151.63,51.54
151.65,51.54
151.66,51.54
151.68,51.54
151.69,51.54
151.70,51.54
151.72,51.54
151.73,51.55
151.75,51.55
151.76,51.55
151.78,51.55
151.79,51.55
151.81,51.55
151.82,51.55
151.84,51.55
151.85,51.55
151.87,51.55
151.88,51.55
151.90,51.55
151.91,51.55
151.93,51.55
151.94,51.56
151.95,51.56
151.97,51.56
151.98,51.56
152.00,51.56
152.01,51.56
152.03,51.56
152.04,51.56
152.06,51.56
152.07,51.56
152.09,51.56
152.10,51.56
152.12,51.56
152.13,51.56
152.15,51.57
152.16,51.57
152.18,51.57
152.19,51.57
152.20,51.57
152.22,51.57
152.23,51.57
152.25,51.57
152.26,51.57
152.28,51.57
152.29,51.57
152.31,51.57
152.32,51.57
152.34,51.57
152.35,51.58
152.37,51.58
152.38,51.58
152.40,51.58
152.41,51.58
152.43,51.58
152.44,51.58
152.45,51.58
152.47,51.58
152.48,51.58
152.50,51.58
152.51,51.58
152.53,51.58
152.54,51.58
152.56,51.59
152.57,51.59
152.59,51.59
152.60,51.60
152.62,51.60
152.63,51.60
152.65,51.60
152.66,51.61
152.68,51.61
152.69,51.61
152.71,51.62
152.72,51.62
152.73,51.62
152.75,51.63
152.76,51.63
152.78,51.63
152.79,51.64
152.81,51.64
152.82,51.64
152.84,51.64
152.85,51.65
152.87,51.65
152.88,51.65
152.90,51.66
152.91,51.66
152.93,51.66
152.94,51.67
152.96,51.67
152.97,51.67
152.98,51.68
153.00,51.68
153.01,51.68
153.03,51.68
153.04,51.69
153.06,51.69
153.07,51.69
153.09,51.69
153.10,51.69
153.12,51.68
153.13,51.69
153.15,51.69
153.16,51.68
153.18,51.68
153.19,51.68
153.21,51.68
153.22,51.68
153.23,51.68
153.25,51.68
153.26,51.68
153.28,51.68
153.29,51.68
153.31,51.68
153.32,51.68
153.34,51.68
153.35,51.67
153.37,51.67
153.38,51.67
153.40,51.67
153.41,51.67
153.43,51.67
153.44,51.67
153.46,51.67
153.47,51.67
153.48,51.67
153.50,51.67
153.51,51.67
153.53,51.67
153.54,51.66
153.56,51.66
153.57,51.67
153.59,51.66
153.60,51.66
153.62,51.66
153.63,51.66
153.65,51.66
153.66,51.66
153.68,51.66
153.69,51.66
153.71,51.66
153.72,51.65
153.73,51.65
153.75,51.66
153.76,51.66
153.78,51.65
153.79,51.65
153.81,51.65
153.82,51.65
153.84,51.65
153.85,51.65
153.87,51.65
153.88,51.65
153.90,51.65
153.91,51.64
153.93,51.65
153.94,51.65
153.96,51.64
153.97,51.64
153.98,51.64
154.00,51.64
154.01,51.64
154.03,51.64
154.04,51.64
154.06,51.64
154.07,51.64
154.09,51.64
154.10,51.64
154.12,51.64
154.13,51.64
154.15,51.63
154.16,51.63
154.18,51.63
154.19,51.63
154.21,51.63
154.22,51.63
154.24,51.63
154.25,51.63
154.26,51.63
154.28,51.63
154.29,51.63
154.31,51.63
154.32,51.63
154.34,51.62
154.35,51.62
154.37,51.63
154.38,51.62
154.40,51.62
154.41,51.62
154.43,51.62
154.44,51.62
154.46,51.62
154.47,51.62
154.49,51.62
154.50,51.62
154.51,51.62
154.53,51.61
154.54,51.62
154.56,51.62
154.57,51.61
154.59,51.61
154.60,51.61
154.62,51.61
154.63,51.61
154.65,51.61
154.66,51.61
154.68,51.61
154.69,51.61
154.71,51.61
154.72,51.61
154.74,51.61
154.75,51.61
154.76,51.60
154.78,51.60
154.79,51.60
154.81,51.60
154.82,51.60
154.84,51.60
154.85,51.60
154.87,51.60
154.88,51.60
154.90,51.60
154.91,51.60
154.93,51.60
154.94,51.60
154.96,51.59
154.97,51.59
154.99,51.60
155.00,51.59
155.01,51.59
155.03,51.59
155.04,51.59
155.06,51.59
155.07,51.59
155.09,51.59
155.10,51.59
155.12,51.59
155.13,51.58
155.15,51.58
155.16,51.59
155.18,51.59
155.19,51.58
155.21,51.58
155.22,51.58
155.24,51.58
155.25,51.58
155.26,51.59
155.28,51.59
155.29,51.59
155.31,51.59
155.32,51.59
155.34,51.59
155.35,51.59
155.37,51.59
155.38,51.59
155.40,51.59
155.41,51.59
155.43,51.59
155.44,51.59
155.46,51.59
155.47,51.60
155.49,51.60
155.50,51.60
155.51,51.60
155.53,51.60
155.54,51.60
155.56,51.60
155.57,51.60
155.59,51.60
155.60,51.60
155.62,51.60
155.63,51.60
155.65,51.60
155.66,51.61
155.68,51.61
155.69,51.61
155.71,51.62
155.72,51.62
155.74,51.62
155.75,51.63
155.77,51.63
155.78,51.63
155.79,51.63
155.81,51.64
155.82,51.64
155.84,51.64
155.85,51.65
155.87,51.65
155.88,51.64
155.90,51.64
155.91,51.64
155.93,51.64
155.94,51.64
155.96,51.64
155.97,51.64
155.99,51.64
156.00,51.64
156.02,51.64
156.03,51.64
156.04,51.64
156.06,51.64
156.07,51.63
156.09,51.63
156.10,51.63
156.12,51.63
156.13,51.63
156.15,51.63
156.16,51.63
156.18,51.63
156.19,51.63
156.21,51.63
156.22,51.63
156.24,51.63
156.25,51.63
156.27,51.63
156.28,51.63
156.29,51.63
156.31,51.63
156.32,51.63
156.34,51.63
156.35,51.63
156.37,51.63
156.38,51.63
156.40,51.63
156.41,51.63
156.43,51.63
156.44,51.63
156.46,51.64
156.47,51.64
156.49,51.64
156.50,51.64
156.52,51.64
156.53,51.64
156.54,51.64
156.56,51.64
156.57,51.64
156.59,51.64
156.60,51.65
156.62,51.65
156.63,51.65
156.65,51.66
156.66,51.66
156.68,51.66
156.69,51.67
156.71,51.66
156.72,51.66
156.74,51.67
156.75,51.66
156.77,51.66
156.78,51.66
156.79,51.66
156.81,51.66
156.82,51.66
156.84,51.66
156.85,51.66
156.87,51.66
156.88,51.66
156.90,51.65
156.91,51.66
156.93,51.66
156.94,51.65
156.96,51.65
156.97,51.65
156.99,51.65
157.00,51.65
157.02,51.65
157.03,51.65
157.04,51.65
157.06,51.65
157.07,51.65
157.09,51.65
157.10,51.65
157.12,51.65
157.13,51.64
157.15,51.64
157.16,51.64
157.18,51.64
157.19,51.64
157.21,51.65
157.22,51.65
157.24,51.65
157.25,51.65
157.27,51.65
157.28,51.65
157.30,51.65
157.31,51.65
157.32,51.65
157.34,51.65
157.35,51.65
157.37,51.65
157.38,51.65
157.40,51.65
157.41,51.66
157.43,51.66
157.44,51.66
157.46,51.66
157.47,51.66
157.49,51.66
157.50,51.66
157.52,51.66
157.53,51.66
157.55,51.66
157.56,51.66
157.57,51.66
157.59,51.66
157.60,51.66
157.62,51.67
157.63,51.67
157.65,51.67
157.66,51.67
157.68,51.67
157.69,51.67
157.71,51.67
157.72,51.67
157.74,51.67
157.75,51.67
157.77,51.67
157.78,51.67
157.80,51.67
157.81,51.67
157.82,51.68
157.84,51.68
157.85,51.68
157.87,51.68
157.88,51.68
157.90,51.68
157.91,51.68
157.93,51.68
157.94,51.68
157.96,51.68
157.97,51.68
157.99,51.68
158.00,51.68
158.02,51.68
158.03,51.69
158.05,51.69
158.06,51.69
158.07,51.69
158.09,51.69
158.10,51.69
158.12,51.69
158.13,51.69
158.15,51.69
158.16,51.69
158.18,51.69
158.19,51.69
158.21,51.69
158.22,51.69
158.24,51.69
158.25,51.69
158.27,51.69
158.28,51.69
158.30,51.69
158.31,51.70
158.32,51.70
158.34,51.70
158.35,51.70
158.37,51.70
158.38,51.70
158.40,51.70
158.41,51.70
158.43,51.70
158.44,51.70
158.46,51.70
158.47,51.70
158.49,51.70
158.50,51.70
158.52,51.70
158.53,51.70
158.55,51.70
158.56,51.70
158.57,51.70
158.59,51.70
158.60,51.70
158.62,51.71
158.63,51.71
158.65,51.71
158.66,51.72
158.68,51.72
158.69,51.72
158.71,51.73
158.72,51.73
158.74,51.73
158.75,51.74
158.77,51.74
158.78,51.74
158.80,51.74
158.81,51.75
158.83,51.75
158.84,51.75
158.85,51.76
158.87,51.76
158.88,51.76
158.90,51.77
158.91,51.77
158.93,51.77
158.94,51.78
158.96,51.78
158.97,51.78
158.99,51.78
159.00,51.79
159.02,51.79
159.03,51.79
159.05,51.80
159.06,51.80
159.08,51.80
159.09,51.81
159.10,51.81
159.12,51.81
159.13,51.81
159.15,51.82
159.16,51.82
159.18,51.82
159.19,51.83
159.21,51.83
159.22,51.83
159.24,51.84
159.25,51.84
159.27,51.84
159.28,51.84
159.30,51.84
159.31,51.84
159.33,51.84
159.34,51.84
159.35,51.84
159.37,51.84
159.38,51.84
159.40,51.84
159.41,51.84
159.43,51.83
159.44,51.83
159.46,51.83
159.47,51.83
159.49,51.83
159.50,51.83
159.52,51.83
159.53,51.83
159.55,51.83
159.56,51.83
159.58,51.83
159.59,51.83
159.60,51.83
159.62,51.82
159.63,51.82
159.65,51.83
159.66,51.82
159.68,51.82
159.69,51.82
159.71,51.82
159.72,51.82
159.74,51.82
159.75,51.82
159.77,51.82
159.78,51.82
159.80,51.81
159.81,51.81
159.83,51.82
159.84,51.81
159.85,51.81
159.87,51.81
159.88,51.81
159.90,51.81
159.91,51.81
159.93,51.81
159.94,51.81
159.96,51.81
159.97,51.81
159.99,51.80
160.00,51.81
160.02,51.81
160.03,51.80
160.05,51.80
160.06,51.80
160.08,51.80
160.09,51.80
160.10,51.80
160.12,51.80
160.13,51.80
160.15,51.80
160.16,51.80
160.18,51.80
160.19,51.80
160.21,51.80
160.22,51.79
160.24,51.79
160.25,51.79
160.27,51.79
160.28,51.79
160.30,51.79
160.31,51.79
160.33,51.79
160.34,51.79
160.36,51.79
160.37,51.79
160.38,51.79
160.40,51.78
160.41,51.78
160.43,51.78
160.44,51.78
160.46,51.78
160.47,51.78
160.49,51.78
160.50,51.78
160.52,51.78
160.53,51.78
160.55,51.78
160.56,51.78
160.58,51.78
160.59,51.77
160.61,51.77
160.62,51.78
160.63,51.77
160.65,51.77
160.66,51.77
160.68,51.77
160.69,51.77
160.71,51.77
160.72,51.77
160.74,51.77
160.75,51.77
160.77,51.77
160.78,51.76
160.80,51.77
160.81,51.77
160.83,51.76
160.84,51.76
160.86,51.76
160.87,51.76
160.88,51.76
160.90,51.76
160.91,51.76
160.93,51.76
160.94,51.76
160.96,51.75
160.97,51.76
160.99,51.76
161.00,51.75
161.02,51.75
161.03,51.75
161.05,51.75
161.06,51.75
161.08,51.75
161.09,51.75
161.11,51.75
161.12,51.75
161.13,51.75
161.15,51.75
161.16,51.75
161.18,51.75
161.19,51.74
161.21,51.74
161.22,51.74
161.24,51.74
161.25,51.74
161.27,51.74
161.28,51.74
161.30,51.74
161.31,51.74
161.33,51.74
161.34,51.74
161.36,51.74
161.37,51.74
161.38,51.73
161.40,51.73
161.41,51.74
161.43,51.73
161.44,51.73
161.46,51.73
161.47,51.73
161.49,51.73
161.50,51.73
161.52,51.73
161.53,51.73
161.55,51.73
161.56,51.73
161.58,51.72
161.59,51.73
161.61,51.73
161.62,51.72
161.63,51.72
161.65,51.72
161.66,51.72
161.68,51.72
161.69,51.72
161.71,51.72
161.72,51.72
161.74,51.72
161.75,51.71
161.77,51.72
161.78,51.72
161.80,51.71
161.81,51.71
161.83,51.71
161.84,51.71
161.86,51.71
161.87,51.71
161.89,51.71
161.90,51.71
161.91,51.71
161.93,51.71
161.94,51.71
161.96,51.71
161.97,51.71
161.99,51.70
162.00,51.70
162.02,51.70
162.03,51.70
162.05,51.70
162.06,51.70
162.08,51.70
162.09,51.70
162.11,51.70
162.12,51.70
162.14,51.70
162.15,51.70
162.16,51.70
162.18,51.69
162.19,51.69
162.21,51.70
162.22,51.69
162.24,51.69
162.25,51.69
162.27,51.69
162.28,51.69
162.30,51.69
162.31,51.69
162.33,51.69
162.34,51.69
162.36,51.69
162.37,51.68
162.39,51.69
162.40,51.69
162.41,51.68
162.43,51.68
162.44,51.68
162.46,51.68
162.47,51.68
162.49,51.68
162.50,51.68
162.52,51.68
162.53,51.68
162.55,51.68
162.56,51.68
162.58,51.68
162.59,51.68
162.61,51.68
162.62,51.68
162.64,51.68
162.65,51.68
162.66,51.68
162.68,51.68
162.69,51.68
162.71,51.68
162.72,51.68
162.74,51.68
162.75,51.69
162.77,51.69
162.78,51.69
162.80,51.69
162.81,51.69
162.83,51.69
162.84,51.69
162.86,51.69
162.87,51.69
162.89,51.69
162.90,51.69
162.91,51.69
162.93,51.69
162.94,51.69
162.96,51.70
162.97,51.70
162.99,51.70
163.00,51.70
163.02,51.70
163.03,51.70
163.05,51.70
163.06,51.70
163.08,51.71
163.09,51.71
163.11,51.71
163.12,51.71
163.14,51.72
163.15,51.72
163.16,51.72
163.18,51.73
163.19,51.73
163.21,51.73
163.22,51.74
163.24,51.74
163.25,51.74
163.27,51.74
163.28,51.74
163.30,51.74
163.31,51.75
163.33,51.75
163.34,51.75
163.36,51.75
163.37,51.75
163.39,51.75
163.40,51.75
163.41,51.75
163.43,51.75
163.44,51.75
163.46,51.75
163.47,51.75
163.49,51.75
163.50,51.75
163.52,51.76
163.53,51.76
163.55,51.76
163.56,51.75
163.58,51.76
163.59,51.76
163.61,51.76
163.62,51.76
163.64,51.77
163.65,51.77
163.67,51.77
163.68,51.78
163.69,51.78
163.71,51.78
163.72,51.79
163.74,51.79
163.75,51.79
163.77,51.80
163.78,51.79
163.80,51.79
163.81,51.80
163.83,51.79
163.84,51.79
163.86,51.79
163.87,51.79
163.89,51.79
163.90,51.79
163.92,51.79
163.93,51.79
163.94,51.79
163.96,51.78
163.97,51.78
163.99,51.79
164.00,51.79
164.02,51.78
164.03,51.78
164.05,51.78
164.06,51.78
164.08,51.78
164.09,51.78
164.11,51.78
164.12,51.78
164.14,51.78
164.15,51.77
164.17,51.78
164.18,51.78
164.19,51.77
164.21,51.77
164.22,51.77
164.24,51.77
164.25,51.77
164.27,51.77
164.28,51.77
164.30,51.77
164.31,51.77
164.33,51.77
164.34,51.77
164.36,51.77
164.37,51.77
164.39,51.76
164.40,51.76
164.42,51.76
164.43,51.76
164.44,51.76
164.46,51.76
164.47,51.76
164.49,51.76
164.50,51.76
164.52,51.76
164.53,51.76
164.55,51.76
164.56,51.76
164.58,51.75
164.59,51.75
164.61,51.76
164.62,51.75
164.64,51.75
164.65,51.75
164.67,51.75
164.68,51.75
164.69,51.76
164.71,51.76
164.72,51.76
164.74,51.76
164.75,51.76
164.77,51.76
164.78,51.76
164.80,51.76
164.81,51.76
164.83,51.76
164.84,51.76
164.86,51.76
164.87,51.76
164.89,51.76
164.90,51.77
164.92,51.77
164.93,51.77
164.94,51.77
164.96,51.77
164.97,51.77
164.99,51.77
165.00,51.77
165.02,51.77
165.03,51.77
165.05,51.77
165.06,51.77
165.08,51.77
165.09,51.77
165.11,51.77
165.12,51.78
165.14,51.78
165.15,51.78
165.17,51.78
165.18,51.78
165.20,51.78
165.21,51.78
165.22,51.78
165.24,51.78
165.25,51.78
165.27,51.78
165.28,51.78
165.30,51.78
165.31,51.78
165.33,51.79
165.34,51.79
165.36,51.79
165.37,51.80
165.39,51.80
165.40,51.80
165.42,51.80
165.43,51.81
165.45,51.81
165.46,51.81
165.47,51.82
165.49,51.82
165.50,51.82
165.52,51.83
165.53,51.83
165.55,51.83
165.56,51.83
165.58,51.84
165.59,51.84
165.61,51.84
165.62,51.84
165.64,51.84
165.65,51.83
165.67,51.83
165.68,51.83
165.70,51.84
165.71,51.83
165.72,51.83
165.74,51.83
165.75,51.83
165.77,51.83
165.78,51.83
165.80,51.83
165.81,51.83
165.83,51.83
165.84,51.82
165.86,51.82
165.87,51.83
165.89,51.82
165.90,51.82
165.92,51.82
165.93,51.82
165.95,51.82
165.96,51.82
165.97,51.82
165.99,51.82
166.00,51.82
166.02,51.82
166.03,51.81
166.05,51.82
166.06,51.82
166.08,51.81
166.09,51.81
166.11,51.81
166.12,51.81
166.14,51.81
166.15,51.81
166.17,51.81
166.18,51.81
166.20,51.81
166.21,51.80
166.22,51.81
166.24,51.81
166.25,51.80
166.27,51.80
166.28,51.80
166.30,51.80
166.31,51.80
166.33,51.80
166.34,51.80
166.36,51.80
166.37,51.80
166.39,51.80
166.40,51.80
166.42,51.80
166.43,51.80
166.45,51.79
166.46,51.79
166.47,51.79
166.49,51.79
166.50,51.79
166.52,51.79
166.53,51.79
166.55,51.79
166.56,51.79
166.58,51.79
166.59,51.79
166.61,51.79
166.62,51.79
166.64,51.78
166.65,51.78
166.67,51.79
166.68,51.78
166.70,51.78
166.71,51.78
166.73,51.78
166.74,51.78
166.75,51.78
166.77,51.78
166.78,51.78
166.80,51.78
166.81,51.78
166.83,51.77
166.84,51.78
166.86,51.78
166.87,51.77
166.89,51.77
166.90,51.77
166.92,51.77
166.93,51.77
166.95,51.77
166.96,51.77
166.98,51.77
166.99,51.77
167.00,51.76
167.02,51.77
167.03,51.77
167.05,51.76
167.06,51.76
167.08,51.76
167.09,51.76
167.11,51.76
167.12,51.76
167.14,51.76
167.15,51.76
167.17,51.76
167.18,51.76
167.20,51.76
167.21,51.76
167.23,51.76
167.24,51.75
167.25,51.75
167.27,51.75
167.28,51.75
167.30,51.75
167.31,51.75
167.33,51.75
167.34,51.75
167.36,51.75
167.37,51.75
167.39,51.75
167.40,51.75
167.42,51.75
167.43,51.74
167.45,51.74
167.46,51.75
167.48,51.74
167.49,51.74
167.50,51.74
167.52,51.74
167.53,51.74
167.55,51.74
167.56,51.74
167.58,51.74
167.59,51.75
167.61,51.75
167.62,51.75
167.64,51.75
167.65,51.75
167.67,51.75
167.68,51.75
167.70,51.75
167.71,51.75
167.73,51.75
167.74,51.75
167.75,51.75
167.77,51.75
167.78,51.75
167.80,51.76
167.81,51.76
167.83,51.76
167.84,51.76
167.86,51.76
167.87,51.76
167.89,51.76
167.90,51.76
167.92,51.76
167.93,51.76
167.95,51.76
167.96,51.76
167.98,51.76
167.99,51.76
168.00,51.76
168.02,51.76
168.03,51.76
168.05,51.76
168.06,51.76
168.08,51.76
168.09,51.77
168.11,51.77
168.12,51.76
168.14,51.76
168.15,51.76
168.17,51.76
168.18,51.77
168.20,51.77
168.21,51.77
168.23,51.78
168.24,51.78
168.26,51.78
168.27,51.79
168.28,51.79
168.30,51.79
168.31,51.79
168.33,51.80
168.34,51.80
168.36,51.80
168.37,51.81
168.39,51.81
168.40,51.81
168.42,51.82
168.43,51.82
168.45,51.82
168.46,51.83
168.48,51.83
168.49,51.83
168.51,51.83
168.52,51.84
168.53,51.84
168.55,51.84
168.56,51.85
168.58,51.85
168.59,51.85
168.61,51.86
168.62,51.86
168.64,51.86
168.65,51.87
168.67,51.87
168.68,51.87
168.70,51.87
168.71,51.87
168.73,51.88
168.74,51.88
168.76,51.88
168.77,51.88
168.78,51.88
168.80,51.88
168.81,51.88
168.83,51.88
168.84,51.88
168.86,51.88
168.87,51.88
168.89,51.88
168.90,51.88
168.92,51.88
168.93,51.89
168.95,51.89
168.96,51.89
168.98,51.89
168.99,51.89
169.01,51.88
169.02,51.88
169.03,51.89
169.05,51.89
169.06,51.89
169.08,51.90
169.09,51.90
169.11,51.90
169.12,51.90
169.14,51.91
169.15,51.91
169.17,51.91
169.18,51.92
169.20,51.92
169.21,51.92
169.23,51.93
169.24,51.93
169.26,51.93
169.27,51.93
169.28,51.94
169.30,51.94
169.31,51.94
169.33,51.95
169.34,51.95
169.36,51.95
169.37,51.96
169.39,51.96
169.40,51.96
169.42,51.96
169.43,51.97
169.45,51.97
169.46,51.97
169.48,51.98
169.49,51.98
169.51,51.98
169.52,51.99
169.53,51.99
169.55,51.99
169.56,52.00
169.58,52.00
169.59,52.00
169.61,52.00
169.62,52.01
169.64,52.01
169.65,52.01
169.67,52.02
169.68,52.02
169.70,52.02
169.71,52.03
169.73,52.03
169.74,52.03
169.76,52.03
169.77,52.04
169.79,52.04
169.80,52.04
169.81,52.05
169.83,52.05
169.84,52.05
169.86,52.06
169.87,52.06
169.89,52.06
169.90,52.06
169.92,52.07
169.93,52.07
169.95,52.07
169.96,52.08
169.98,52.08
169.99,52.08
170.01,52.09
170.02,52.09
170.04,52.09
170.05,52.09
170.06,52.10
170.08,52.10
170.09,52.10
170.11,52.11
170.12,52.11
170.14,52.11
170.15,52.12
170.17,52.12
170.18,52.12
170.20,52.12
170.21,52.13
170.23,52.13
170.24,52.13
170.26,52.14
170.27,52.14
170.29,52.14
170.30,52.15
170.31,52.15
170.33,52.15
170.34,52.15
170.36,52.16
170.37,52.16
170.39,52.16
170.40,52.17
170.42,52.17
170.43,52.17
170.45,52.18
170.46,52.18
170.48,52.18
170.49,52.18
170.51,52.19
170.52,52.19
170.54,52.19
170.55,52.20
170.56,52.20
170.58,52.20
170.59,52.21
170.61,52.21
170.62,52.21
170.64,52.21
170.65,52.22
170.67,52.22
170.68,52.22
170.70,52.23
170.71,52.23
170.73,52.23
170.74,52.24
170.76,52.24
170.77,52.24
170.79,52.24
170.80,52.25
170.81,52.25
170.83,52.25
170.84,52.26
170.86,52.26
170.87,52.26
170.89,52.27
170.90,52.27
170.92,52.27
170.93,52.27
170.95,52.28
170.96,52.28
170.98,52.28
170.99,52.28
171.01,52.28
171.02,52.28
171.04,52.28
171.05,52.28
171.06,52.28
171.08,52.28
171.09,52.28
171.11,52.28
171.12,52.29
171.14,52.29
171.15,52.29
171.17,52.29
171.18,52.29
171.20,52.29
171.21,52.29
171.23,52.29
171.24,52.29
171.26,52.29
171.27,52.29
171.29,52.29
171.30,52.29
171.32,52.29
171.33,52.29
171.34,52.30
171.36,52.30
171.37,52.30
171.39,52.30
171.40,52.30
171.42,52.30
171.43,52.30
171.45,52.30
171.46,52.30
171.48,52.30
171.49,52.30
171.51,52.30
171.52,52.30
171.54,52.30
171.55,52.30
171.57,52.30
171.58,52.31
171.59,52.31
171.61,52.31
171.62,52.31
171.64,52.31
171.65,52.30
171.67,52.30
171.68,52.31
171.70,52.31
171.71,52.31
171.73,52.31
171.74,52.32
171.76,52.32
171.77,52.32
171.79,52.33
171.80,52.33
171.82,52.33
171.83,52.34
171.84,52.34
171.86,52.34
171.87,52.34
171.89,52.35
171.90,52.35
171.92,52.35
171.93,52.36
171.95,52.36
171.96,52.36
171.98,52.37
171.99,52.37
172.01,52.37
172.02,52.37
172.04,52.38
172.05,52.38
172.07,52.38
172.08,52.38
172.09,52.38
172.11,52.38
172.12,52.38
172.14,52.38
172.15,52.38
172.17,52.39
172.18,52.39
172.20,52.39
172.21,52.39
172.23,52.39
172.24,52.39
172.26,52.39
172.27,52.39
172.29,52.39
172.30,52.39
172.32,52.39
172.33,52.39
172.34,52.39
172.36,52.39
172.37,52.39
172.39,52.39
172.40,52.39
172.42,52.39
172.43,52.39
172.45,52.40
172.46,52.40
172.48,52.40
172.49,52.41
172.51,52.41
172.52,52.41
172.54,52.42
172.55,52.42
172.57,52.42
172.58,52.42
172.59,52.43
172.61,52.43
172.62,52.43
172.64,52.44
172.65,52.44
172.67,52.44
172.68,52.44
172.70,52.45
172.71,52.45
172.73,52.45
172.74,52.46
172.76,52.46
172.77,52.46
172.79,52.47
172.80,52.47
172.82,52.47
172.83,52.47
172.85,52.48
172.86,52.48
172.87,52.48
172.89,52.49
172.90,52.49
172.92,52.49
172.93,52.49
172.95,52.50
172.96,52.50
172.98,52.50
172.99,52.51
173.01,52.51
173.02,52.51
173.04,52.52
173.05,52.52
173.07,52.52
173.08,52.52
173.10,52.53
173.11,52.53
173.12,52.53
173.14,52.54
173.15,52.54
173.17,52.54
173.18,52.54
173.20,52.55
173.21,52.55
173.23,52.55
173.24,52.56
173.26,52.56
173.27,52.56
173.29,52.57
173.30,52.57
173.32,52.57
173.33,52.57
173.35,52.58
173.36,52.58
173.37,52.58
173.39,52.59
173.40,52.59
173.42,52.59
173.43,52.59
173.45,52.60
173.46,52.60
173.48,52.60
173.49,52.61
173.51,52.61
173.52,52.61
173.54,52.62
173.55,52.62
173.57,52.62
173.58,52.62
173.60,52.63
173.61,52.63
173.62,52.63
173.64,52.64
173.65,52.64
173.67,52.64
173.68,52.64
173.70,52.65
173.71,52.65
173.73,52.65
173.74,52.66
173.76,52.66
173.77,52.66
173.79,52.66
173.80,52.67
173.82,52.67
173.83,52.67
173.85,52.68
173.86,52.68
173.87,52.68
173.89,52.69
173.90,52.69
173.92,52.69
173.93,52.69
173.95,52.70
173.96,52.70
173.98,52.70
173.99,52.71
174.01,52.71
174.02,52.71
174.04,52.71
174.05,52.72
174.07,52.72
174.08,52.72
174.10,52.73
174.11,52.73
174.12,52.73
174.14,52.73
174.15,52.74
174.17,52.74
174.18,52.74
174.20,52.75
174.21,52.75
174.23,52.75
174.24,52.76
174.26,52.76
174.27,52.76
174.29,52.76
174.30,52.77
174.32,52.77
174.33,52.77
174.35,52.78
174.36,52.78
174.38,52.78
174.39,52.78
174.40,52.79
174.42,52.79
174.43,52.79
174.45,52.80
174.46,52.80
174.48,52.80
174.49,52.80
174.51,52.81
174.52,52.81
174.54,52.81
174.55,52.82
174.57,52.82
174.58,52.82
174.60,52.83
174.61,52.83
174.63,52.83
174.64,52.83
174.65,52.84
174.67,52.84
174.68,52.84
174.70,52.85
174.71,52.85
174.73,52.85
174.74,52.85
174.76,52.86
174.77,52.86
174.79,52.86
174.80,52.87
174.82,52.87
174.83,52.87
174.85,52.87
174.86,52.88
174.88,52.88
174.89,52.88
174.90,52.89
174.92,52.89
174.93,52.89
174.95,52.89
174.96,52.90
174.98,52.90
174.99,52.90
175.01,52.91
175.02,52.91
175.04,52.91
175.05,52.91
175.07,52.92
175.08,52.92
175.10,52.92
175.11,52.93
175.13,52.93
175.14,52.93
175.15,52.93
175.17,52.94
175.18,52.94
175.20,52.94
175.21,52.95
175.23,52.95
175.24,52.95
175.26,52.96
175.27,52.96
175.29,52.96
175.30,52.96
175.32,52.97
175.33,52.97
175.35,52.97
175.36,52.98
175.38,52.98
175.39,52.98
175.40,52.98
175.42,52.98
175.43,52.99
175.45,52.99
175.46,52.99
175.48,52.99
175.49,52.99
175.51,52.99
175.52,52.99
175.54,52.99
175.55,52.99
175.57,52.99
175.58,52.99
175.60,52.99
175.61,52.99
175.63,52.99
175.64,52.99
175.65,52.99
175.67,52.99
175.68,52.99
175.70,53.00
175.71,53.00
175.73,53.00
175.74,53.00
175.76,53.00
175.77,53.00
175.79,53.00
175.80,53.00
175.82,53.00
175.83,53.00
175.85,53.00
175.86,53.00
175.88,53.00
175.89,53.00
175.91,53.00
175.92,53.00
175.93,53.00
175.95,53.00
175.96,53.01
175.98,53.01
175.99,53.01
176.01,53.01
176.02,53.01
176.04,53.01
176.05,53.01
176.07,53.01
176.08,53.01
176.10,53.01
176.11,53.01
176.13,53.01
176.14,53.01
176.16,53.01
176.17,53.01
176.18,53.01
176.20,53.01
176.21,53.01
176.23,53.01
176.24,53.01
176.26,53.01
176.27,53.02
176.29,53.02
176.30,53.02
176.32,53.03
176.33,53.03
176.35,53.03
176.36,53.03
176.38,53.04
176.39,53.04
176.41,53.04
176.42,53.05
176.43,53.05
176.45,53.05
176.46,53.05
176.48,53.06
176.49,53.06
176.51,53.06
176.52,53.07
176.54,53.07
176.55,53.07
176.57,53.07
176.58,53.08
176.60,53.08
176.61,53.08
176.63,53.09
176.64,53.09
176.66,53.09
176.67,53.09
176.68,53.10
176.70,53.10
176.71,53.10
176.73,53.11
176.74,53.11
176.76,53.11
176.77,53.11
176.79,53.12
176.80,53.12
176.82,53.12
176.83,53.13
176.85,53.13
176.86,53.13
176.88,53.13
176.89,53.14
176.91,53.14
176.92,53.14
176.93,53.15
176.95,53.15
176.96,53.15
176.98,53.15
176.99,53.16
177.01,53.16
177.02,53.16
177.04,53.17
177.05,53.17
177.07,53.17
177.08,53.17
177.10,53.18
177.11,53.18
177.13,53.18
177.14,53.19
177.16,53.19
177.17,53.19
177.18,53.19
177.20,53.20
177.21,53.20
177.23,53.20
177.24,53.21
177.26,53.21
177.27,53.21
177.29,53.21
177.30,53.22
177.32,53.22
177.33,53.22
177.35,53.23
177.36,53.23
177.38,53.23
177.39,53.23
177.41,53.23
177.42,53.23
177.44,53.23
177.45,53.23
177.46,53.23
177.48,53.23
177.49,53.24
177.51,53.24
177.52,53.24
177.54,53.24
177.55,53.24
177.57,53.24
177.58,53.24
177.60,53.24
177.61,53.24
177.63,53.24
177.64,53.24
177.66,53.24
177.67,53.24
177.69,53.24
177.70,53.24
177.71,53.24
177.73,53.24
177.74,53.24
177.76,53.24
177.77,53.25
177.79,53.25
177.80,53.25
177.82,53.25
177.83,53.25
177.85,53.25
177.86,53.25
177.88,53.25
177.89,53.25
177.91,53.25
177.92,53.25
177.94,53.25
177.95,53.25
177.96,53.25
177.98,53.25
177.99,53.25
178.01,53.25
178.02,53.25
178.04,53.25
178.05,53.26
178.07,53.26
178.08,53.26
178.10,53.25
178.11,53.25
178.13,53.25
178.14,53.26
178.16,53.26
178.17,53.26
178.19,53.27
178.20,53.27
178.21,53.27
178.23,53.27
178.24,53.28
178.26,53.28
178.27,53.28
178.29,53.29
178.30,53.29
178.32,53.29
178.33,53.29
178.35,53.30
178.36,53.30
178.38,53.30
178.39,53.30
178.41,53.30
178.42,53.30
178.44,53.30
178.45,53.30
178.46,53.30
178.48,53.30
178.49,53.30
178.51,53.30
178.52,53.31
178.54,53.31
178.55,53.31
178.57,53.31
178.58,53.31
178.60,53.31
178.61,53.31
178.63,53.31
178.64,53.31
178.66,53.31
178.67,53.31
178.69,53.31
178.70,53.31
178.71,53.31
178.73,53.31
178.74,53.31
178.76,53.31
178.77,53.31
178.79,53.31
178.80,53.32
178.82,53.32
178.83,53.32
178.85,53.32
178.86,53.32
178.88,53.32
178.89,53.32
178.91,53.32
178.92,53.32
178.94,53.32
178.95,53.31
178.97,53.32
178.98,53.32
178.99,53.32
179.01,53.32
179.02,53.33
179.04,53.33
179.05,53.33
179.07,53.34
179.08,53.34
179.10,53.34
179.11,53.34
179.13,53.35
179.14,53.35
179.16,53.35
179.17,53.36
179.19,53.36
179.20,53.36
179.22,53.36
179.23,53.37
179.24,53.37
179.26,53.37
179.27,53.38
179.29,53.38
179.30,53.38
179.32,53.38
179.33,53.39
179.35,53.39
179.36,53.39
179.38,53.40
179.39,53.40
179.41,53.40
179.42,53.40
179.44,53.41
179.45,53.41
179.47,53.41
179.48,53.41
179.49,53.42
179.51,53.42
179.52,53.42
179.54,53.43
179.55,53.43
179.57,53.43
179.58,53.43
179.60,53.44
179.61,53.44
179.63,53.44
179.64,53.45
179.66,53.45
179.67,53.45
179.69,53.45
179.70,53.46
179.72,53.46
179.73,53.46
179.74,53.47
179.76,53.47
179.77,53.47
179.79,53.47
179.80,53.48
179.82,53.48
179.83,53.48
179.85,53.48
179.86,53.49
179.88,53.49
179.89,53.49
179.91,53.50
179.92,53.50
179.94,53.50
179.95,53.50
179.97,53.51
179.98,53.51
179.99,53.51
180.01,53.52
180.02,53.52
180.04,53.52
180.05,53.52
180.07,53.53
180.08,53.53
180.10,53.53
180.11,53.53
180.13,53.54
180.14,53.54
180.16,53.54
180.17,53.55
180.19,53.55
180.20,53.55
180.22,53.55
180.23,53.56
180.24,53.56
180.26,53.56
180.27,53.57
180.29,53.57
180.30,53.57
180.32,53.57
180.33,53.58
180.35,53.58
180.36,53.58
180.38,53.58
180.39,53.58
180.41,53.58
180.42,53.58
180.44,53.58
180.45,53.58
180.47,53.58
180.48,53.58
180.50,53.58
180.51,53.58
180.52,53.58
180.54,53.58
180.55,53.58
180.57,53.58
180.58,53.58
180.60,53.59
180.61,53.59
180.63,53.59
180.64,53.59
180.66,53.59
180.67,53.59
180.69,53.59
180.70,53.59
180.72,53.59
180.73,53.59
180.75,53.59
180.76,53.59
180.77,53.59
180.79,53.59
180.80,53.59
180.82,53.59
180.83,53.59
180.85,53.59
180.86,53.59
180.88,53.59
180.89,53.59
180.91,53.59
180.92,53.59
180.94,53.59
180.95,53.60
180.97,53.60
180.98,53.60
181.00,53.60
181.01,53.61
181.02,53.61
181.04,53.61
181.05,53.62
181.07,53.62
181.08,53.62
181.10,53.62
181.11,53.63
181.13,53.63
181.14,53.63
181.16,53.63
181.17,53.64
181.19,53.64
181.20,53.64
181.22,53.65
181.23,53.65
181.25,53.65
181.26,53.65
181.27,53.66
181.29,53.66
181.30,53.66
181.32,53.67
181.33,53.67
181.35,53.67
181.36,53.67
181.38,53.68
181.39,53.68
181.41,53.68
181.42,53.68
181.44,53.69
181.45,53.69
181.47,53.69
181.48,53.70
181.50,53.70
181.51,53.70
181.52,53.70
181.54,53.71
181.55,53.71
181.57,53.71
181.58,53.71
181.60,53.72
181.61,53.72
181.63,53.72
181.64,53.73
181.66,53.73
181.67,53.73
181.69,53.73
181.70,53.74
181.72,53.74
181.73,53.74
181.75,53.75
181.76,53.75
181.77,53.75
181.79,53.75
181.80,53.76
181.82,53.76
181.83,53.76
181.85,53.76
181.86,53.77
181.88,53.77
181.89,53.77
181.91,53.78
181.92,53.78
181.94,53.78
181.95,53.78
181.97,53.79
181.98,53.79
182.00,53.79
182.01,53.79
182.03,53.80
182.04,53.80
182.05,53.80
182.07,53.81
182.08,53.81
182.10,53.81
182.11,53.81
182.13,53.82
182.14,53.82
182.16,53.82
182.17,53.82
182.19,53.83
182.20,53.83
182.22,53.83
182.23,53.84
182.25,53.84
182.26,53.84
182.28,53.84
182.29,53.85
182.30,53.85
182.32,53.85
182.33,53.85
182.35,53.85
182.36,53.85
182.38,53.85
182.39,53.85
182.41,53.85
182.42,53.86
182.44,53.86
182.45,53.86
182.47,53.86
182.48,53.86
182.50,53.86
182.51,53.86
182.53,53.86
182.54,53.86
182.55,53.86
182.57,53.86
182.58,53.86
182.60,53.86
182.61,53.86
182.63,53.86
182.64,53.86
182.66,53.86
182.67,53.86
182.69,53.86
182.70,53.86
182.72,53.86
182.73,53.86
182.75,53.87
182.76,53.87
182.78,53.87
182.79,53.87
182.80,53.87
182.82,53.87
182.83,53.87
182.85,53.87
182.86,53.87
182.88,53.87
182.89,53.87
182.91,53.87
182.92,53.87
182.94,53.87
182.95,53.87
182.97,53.87
182.98,53.87
183.00,53.87
183.01,53.87
183.03,53.87
183.04,53.87
183.05,53.87
183.07,53.87
183.08,53.88
183.10,53.88
183.11,53.88
183.13,53.88
183.14,53.89
183.16,53.89
183.17,53.89
183.19,53.89
183.20,53.90
183.22,53.90
183.23,53.90
183.25,53.91
183.26,53.91
183.28,53.91
183.29,53.91
183.30,53.92
183.32,53.92
183.33,53.92
183.35,53.92
183.36,53.93
183.38,53.93
183.39,53.93
183.41,53.94
183.42,53.94
183.44,53.94
183.45,53.94
183.47,53.95
183.48,53.95
183.50,53.95
183.51,53.95
183.53,53.96
183.54,53.96
183.55,53.96
183.57,53.97
183.58,53.97
183.60,53.97
183.61,53.97
183.63,53.98
183.64,53.98
183.66,53.98
183.67,53.98
183.69,53.99
183.70,53.99
183.72,53.99
183.73,54.00
183.75,54.00
183.76,54.00
183.78,54.00
183.79,54.01
183.81,54.01
183.82,54.01
183.83,54.01
183.85,54.02
183.86,54.02
183.88,54.02
183.89,54.03
183.91,54.03
183.92,54.03
183.94,54.03
183.95,54.04
183.97,54.04
183.98,54.04
184.00,54.04
184.01,54.05
184.03,54.05
184.04,54.05
184.06,54.05
184.07,54.06
184.08,54.06
184.10,54.06
184.11,54.07
184.13,54.07
184.14,54.07
184.16,54.07
184.17,54.08
184.19,54.08
184.20,54.08
184.22,54.08
184.23,54.09
184.25,54.09
184.26,54.09
184.28,54.10
184.29,54.10
184.31,54.10
184.32,54.10
184.33,54.11
184.35,54.11
184.36,54.11
184.38,54.11
184.39,54.12
184.41,54.12
184.42,54.12
184.44,54.13
184.45,54.13
184.47,54.13
184.48,54.13
184.50,54.14
184.51,54.14
184.53,54.14
184.54,54.14
184.56,54.15
184.57,54.15
184.58,54.15
184.60,54.15
184.61,54.16
184.63,54.16
184.64,54.16
184.66,54.17
184.67,54.17
184.69,54.17
184.70,54.17
184.72,54.18
184.73,54.18
184.75,54.18
184.76,54.18
184.78,54.19
184.79,54.19
184.81,54.19
184.82,54.20
184.83,54.20
184.85,54.20
184.86,54.20
184.88,54.21
184.89,54.21
184.91,54.21
184.92,54.21
184.94,54.22
184.95,54.22
184.97,54.22
184.98,54.22
185.00,54.23
185.01,54.23
185.03,54.23
185.04,54.24
185.06,54.24
185.07,54.24
185.08,54.24
185.10,54.25
185.11,54.25
185.13,54.25
185.14,54.25
185.16,54.26
185.17,54.26
185.19,54.26
185.20,54.26
185.22,54.27
185.23,54.27
185.25,54.27
185.26,54.28
185.28,54.28
185.29,54.28
185.31,54.28
185.32,54.29
185.34,54.29
185.35,54.29
185.36,54.29
185.38,54.30
185.39,54.30
185.41,54.30
185.42,54.30
185.44,54.31
185.45,54.31
185.47,54.31
185.48,54.32
185.50,54.32
185.51,54.32
185.53,54.32
185.54,54.33
185.56,54.33
185.57,54.33
185.59,54.33
185.60,54.34
185.61,54.34
185.63,54.34
185.64,54.34
185.66,54.35
185.67,54.35
185.69,54.35
185.70,54.36
185.72,54.36
185.73,54.36
185.75,54.36
185.76,54.37
185.78,54.37
185.79,54.37
185.81,54.37
185.82,54.38
185.84,54.38
185.85,54.38
185.86,54.38
185.88,54.39
185.89,54.39
185.91,54.39
185.92,54.40
185.94,54.40
185.95,54.40
185.97,54.40
185.98,54.41
186.00,54.41
186.01,54.41
186.03,54.41
186.04,54.42
186.06,54.42
186.07,54.42
186.09,54.42
186.10,54.43
186.11,54.43
186.13,54.43
186.14,54.44
186.16,54.44
186.17,54.44
186.19,54.44
186.20,54.45
186.22,54.45
186.23,54.45
186.25,54.45
186.26,54.46
186.28,54.46
186.29,54.46
186.31,54.46
186.32,54.47
186.34,54.47
186.35,54.47
186.36,54.48
186.38,54.48
186.39,54.48
186.41,54.48
186.42,54.48
186.44,54.48
186.45,54.48
186.47,54.48
186.48,54.48
186.50,54.48
186.51,54.48
186.53,54.48
186.54,54.48
186.56,54.48
186.57,54.48
186.59,54.48
186.60,54.48
186.61,54.48
186.63,54.48
186.64,54.48
186.66,54.48
186.67,54.49
186.69,54.49
186.70,54.49
186.72,54.49
186.73,54.49
186.75,54.49
186.76,54.49
186.78,54.49
186.79,54.49
186.81,54.49
186.82,54.49
186.84,54.49
186.85,54.49
186.87,54.49
186.88,54.49
186.89,54.49
186.91,54.49
186.92,54.49
186.94,54.49
186.95,54.49
186.97,54.49
186.98,54.49
187.00,54.49
187.01,54.49
187.03,54.49
187.04,54.49
187.06,54.49
187.07,54.50
187.09,54.50
187.10,54.50
187.12,54.50
187.13,54.50
187.14,54.50
187.16,54.50
187.17,54.50
187.19,54.50
187.20,54.50
187.22,54.50
187.23,54.50
187.25,54.50
187.26,54.50
187.28,54.50
187.29,54.50
187.31,54.50
187.32,54.50
187.34,54.50
187.35,54.50
187.37,54.50
187.38,54.50
187.39,54.50
187.41,54.50
187.42,54.50
187.44,54.50
187.45,54.50
187.47,54.51
187.48,54.51
187.50,54.51
187.51,54.51
187.53,54.51
187.54,54.51
187.56,54.51
187.57,54.51
187.59,54.51
187.60,54.50
187.62,54.50
187.63,54.51
187.64,54.51
187.66,54.51
187.67,54.51
187.69,54.52
187.70,54.52
187.72,54.52
187.73,54.52
187.75,54.53
187.76,54.53
187.78,54.53
187.79,54.53
187.81,54.54
187.82,54.54
187.84,54.54
187.85,54.54
187.87,54.55
187.88,54.55
187.89,54.55
187.91,54.56
187.92,54.56
187.94,54.56
187.95,54.56
187.97,54.57
187.98,54.57
188.00,54.57
188.01,54.57
188.03,54.58
188.04,54.58
188.06,54.58
188.07,54.58
188.09,54.59
188.10,54.59
188.12,54.59
188.13,54.59
188.14,54.60
188.16,54.60
188.17,54.60
188.19,54.61
188.20,54.61
188.22,54.61
188.23,54.61
188.25,54.62
188.26,54.62
188.28,54.62
188.29,54.62
188.31,54.63
188.32,54.63
188.34,54.63
188.35,54.63
188.37,54.64
188.38,54.64
188.40,54.64
188.41,54.64
188.42,54.65
188.44,54.65
188.45,54.65
188.47,54.65
188.48,54.66
188.50,54.66
188.51,54.66
188.53,54.67
188.54,54.67
188.56,54.67
188.57,54.67
188.59,54.68
188.60,54.68
188.62,54.68
188.63,54.68
188.65,54.69
188.66,54.69
188.67,54.69
188.69,54.69
188.70,54.70
188.72,54.70
188.73,54.70
188.75,54.70
188.76,54.71
188.78,54.71
188.79,54.71
188.81,54.71
188.82,54.72
188.84,54.72
188.85,54.72
188.87,54.73
188.88,54.73
188.90,54.73
188.91,54.73
188.92,54.74
188.94,54.74
188.95,54.74
188.97,54.74
188.98,54.75
189.00,54.75
189.01,54.75
189.03,54.75
189.04,54.76
189.06,54.76
189.07,54.76
189.09,54.76
189.10,54.77
189.12,54.77
189.13,54.77
189.15,54.77
189.16,54.78
189.17,54.78
189.19,54.78
189.20,54.79
189.22,54.79
189.23,54.79
189.25,54.79
189.26,54.80
189.28,54.80
189.29,54.80
189.31,54.80
189.32,54.81
189.34,54.81
189.35,54.81
189.37,54.81
189.38,54.82
189.40,54.82
189.41,54.82
189.42,54.82
189.44,54.83
189.45,54.83
189.47,54.83
189.48,54.83
189.50,54.84
189.51,54.84
189.53,54.84
189.54,54.84
189.56,54.85
189.57,54.85
189.59,54.85
189.60,54.86
189.62,54.86
189.63,54.86
189.65,54.86
189.66,54.87
189.67,54.87
189.69,54.87
189.70,54.87
189.72,54.88
189.73,54.88
189.75,54.88
189.76,54.88
189.78,54.89
189.79,54.89
189.81,54.89
189.82,54.89
189.84,54.90
189.85,54.90
189.87,54.90
189.88,54.90
189.90,54.91
189.91,54.91
189.93,54.91
189.94,54.91
189.95,54.92
189.97,54.92
189.98,54.92
190.00,54.92
190.01,54.93
190.03,54.93
190.04,54.93
190.06,54.94
190.07,54.94
190.09,54.94
190.10,54.94
190.12,54.95
190.13,54.95
190.15,54.95
190.16,54.95
190.18,54.96
190.19,54.96
190.20,54.96
190.22,54.96
190.23,54.96
190.25,54.96
190.26,54.96
190.28,54.96
190.29,54.96
190.31,54.96
190.32,54.96
190.34,54.96
190.35,54.96
190.37,54.96
190.38,54.96
190.40,54.96
190.41,54.96
190.43,54.96
190.44,54.96
190.45,54.96
190.47,54.96
190.48,54.96
190.50,54.96
190.51,54.96
190.53,54.96
190.54,54.96
190.56,54.96
190.57,54.96
190.59,54.96
190.60,54.97
190.62,54.97
190.63,54.97
190.65,54.97
190.66,54.97
190.68,54.97
190.69,54.97
190.70,54.97
190.72,54.97
190.73,54.97
190.75,54.97
190.76,54.97
190.78,54.97
190.79,54.97
190.81,54.97
190.82,54.97
190.84,54.97
190.85,54.97
190.87,54.98
190.88,54.98
190.90,54.98
190.91,54.98
190.93,54.99
190.94,54.99
190.95,54.99
190.97,54.99
190.98,55.00
191.00,55.00
191.01,55.00
191.03,55.00
191.04,55.01
191.06,55.01
191.07,55.01
191.09,55.01
191.10,55.02
191.12,55.02
191.13,55.02
191.15,55.02
191.16,55.03
191.18,55.03
191.19,55.03
191.20,55.03
191.22,55.04
191.23,55.04
191.25,55.04
191.26,55.04
191.28,55.05
191.29,55.05
191.31,55.05
191.32,55.05
191.34,55.06
191.35,55.06
191.37,55.06
191.38,55.07
191.40,55.07
191.41,55.07
191.43,55.07
191.44,55.08
191.46,55.08
191.47,55.08
191.48,55.08
191.50,55.08
191.51,55.08
191.53,55.08
191.54,55.08
191.56,55.08
191.57,55.08
191.59,55.09
191.60,55.09
191.62,55.09
191.63,55.09
191.65,55.09
191.66,55.09
191.68,55.09
191.69,55.09
191.71,55.09
191.72,55.09
191.73,55.09
191.75,55.09
191.76,55.09
191.78,55.09
191.79,55.09
191.81,55.09
191.82,55.09
191.84,55.09
191.85,55.09
191.87,55.09
191.88,55.09
191.90,55.09
191.91,55.09
191.93,55.09
191.94,55.09
191.96,55.09
191.97,55.09
191.98,55.09
192.00,55.09
192.01,55.09
192.03,55.09
192.04,55.09
192.06,55.09
192.07,55.09
192.09,55.09
192.10,55.09
192.12,55.10
192.13,55.10
192.15,55.10
192.16,55.10
192.18,55.11
192.19,55.11
192.21,55.11
192.22,55.11
192.23,55.12
192.25,55.12
192.26,55.12
192.28,55.13
192.29,55.13
192.31,55.13
192.32,55.13
192.34,55.14
192.35,55.14
192.37,55.14
192.38,55.14
192.40,55.15
192.41,55.15
192.43,55.15
192.44,55.15
192.46,55.16
192.47,55.16
192.48,55.16
192.50,55.16
192.51,55.17
192.53,55.17
192.54,55.17
192.56,55.17
192.57,55.18
192.59,55.18
192.60,55.18
192.62,55.18
192.63,55.19
192.65,55.19
192.66,55.19
192.68,55.19
192.69,55.20
192.71,55.20
192.72,55.20
192.73,55.20
192.75,55.20
192.76,55.20
192.78,55.20
192.79,55.20
192.81,55.20
192.82,55.20
192.84,55.20
192.85,55.20
192.87,55.20
192.88,55.20
192.90,55.20
192.91,55.20
192.93,55.20
192.94,55.20
192.96,55.20
192.97,55.20
192.99,55.20
193.00,55.20
193.01,55.20
193.03,55.20
193.04,55.20
193.06,55.20
193.07,55.20
193.09,55.20
193.10,55.20
193.12,55.20
193.13,55.20
193.15,55.20
193.16,55.20
193.18,55.20
193.19,55.21
193.21,55.21
193.22,55.21
193.24,55.21
193.25,55.22
193.26,55.22
193.28,55.22
193.29,55.22
193.31,55.23
193.32,55.23
193.34,55.23
193.35,55.23
193.37,55.24
193.38,55.24
193.40,55.24
193.41,55.24
193.43,55.25
193.44,55.25
193.46,55.25
193.47,55.25
193.49,55.26
193.50,55.26
193.51,55.26
193.53,55.26
193.54,55.27
193.56,55.27
193.57,55.27
193.59,55.27
193.60,55.28
193.62,55.28
193.63,55.28
193.65,55.28
193.66,55.29
193.68,55.29
193.69,55.29
193.71,55.29
193.72,55.30
193.74,55.30
193.75,55.30
193.76,55.30
193.78,55.31
193.79,55.31
193.81,55.31
193.82,55.31
193.84,55.32
193.85,55.32
193.87,55.32
193.88,55.32
193.90,55.33
193.91,55.33
193.93,55.33
193.94,55.33
193.96,55.33
193.97,55.33
193.99,55.33
194.00,55.33
194.01,55.33
194.03,55.33
194.04,55.33
194.06,55.33
194.07,55.33
194.09,55.34
194.10,55.34
194.12,55.34
194.13,55.34
194.15,55.34
194.16,55.34
194.18,55.34
194.19,55.34
194.21,55.34
194.22,55.34
194.24,55.34
194.25,55.34
194.26,55.34
194.28,55.34
194.29,55.34
194.31,55.34
194.32,55.34
194.34,55.34
194.35,55.33
194.37,55.33
194.38,55.33
194.40,55.34
194.41,55.34
194.43,55.34
194.44,55.34
194.46,55.35
194.47,55.35
194.49,55.35
194.50,55.35
194.52,55.36
194.53,55.36
194.54,55.36
194.56,55.36
194.57,55.37
194.59,55.37
194.60,55.37
194.62,55.37
194.63,55.38
194.65,55.38
194.66,55.38
194.68,55.38
194.69,55.39
194.71,55.39
194.72,55.39
194.74,55.39
194.75,55.40
194.77,55.40
194.78,55.40
194.79,55.40
194.81,55.41
194.82,55.41
194.84,55.41
194.85,55.41
194.87,55.42
194.88,55.42
194.90,55.42
194.91,55.42
194.93,55.43
194.94,55.43
194.96,55.43
194.97,55.43
194.99,55.44
195.00,55.44
195.02,55.44
195.03,55.44
195.04,55.45
195.06,55.45
195.07,55.45
195.09,55.45
195.10,55.46
195.12,55.46
195.13,55.46
195.15,55.46
195.16,55.47
195.18,55.47
195.19,55.47
195.21,55.47
195.22,55.48
195.24,55.48
195.25,55.48
195.27,55.48
195.28,55.49
195.29,55.49
195.31,55.49
195.32,55.49
195.34,55.50
195.35,55.50
195.37,55.50
195.38,55.50
195.40,55.51
195.41,55.51
195.43,55.51
195.44,55.51
195.46,55.52
195.47,55.51
195.49,55.51
195.50,55.51
195.52,55.51
195.53,55.51
195.54,55.51
195.56,55.51
195.57,55.51
195.59,55.50
195.60,55.50
195.62,55.50
195.63,55.50
195.65,55.50
195.66,55.50
195.68,55.50
195.69,55.50
195.71,55.49
195.72,55.50
195.74,55.49
195.75,55.49
195.77,55.49
195.78,55.49
195.79,55.49
195.81,55.49
195.82,55.49
195.84,55.48
195.85,55.48
195.87,55.48
195.88,55.48
195.90,55.48
195.91,55.48
195.93,55.48
195.94,55.48
195.96,55.47
195.97,55.47
195.99,55.47
196.00,55.47
196.02,55.47
196.03,55.47
196.05,55.47
196.06,55.47
196.07,55.47
196.09,55.47
196.10,55.46
196.12,55.46
196.13,55.46
196.15,55.46
196.16,55.46
196.18,55.46
196.19,55.46
196.21,55.45
196.22,55.45
196.24,55.45
196.25,55.45
196.27,55.45
196.28,55.45
196.30,55.45
196.31,55.45
196.32,55.44
196.34,55.45
196.35,55.44
196.37,55.44
196.38,55.44
196.40,55.44
196.41,55.44
196.43,55.44
196.44,55.44
196.46,55.44
196.47,55.43
196.49,55.43
196.50,55.43
196.52,55.43
196.53,55.43
196.55,55.43
196.56,55.43
196.57,55.43
196.59,55.42
196.60,55.43
196.62,55.42
196.63,55.42
196.65,55.42
196.66,55.42
196.68,55.42
196.69,55.42
196.71,55.42
196.72,55.42
196.74,55.41
196.75,55.41
196.77,55.41
196.78,55.41
196.80,55.41
196.81,55.41
196.82,55.41
196.84,55.40
196.85,55.40
196.87,55.41
196.88,55.40
196.90,55.40
196.91,55.40
196.93,55.40
196.94,55.40
196.96,55.40
196.97,55.40
196.99,55.39
197.00,55.39
197.02,55.39
197.03,55.39
197.05,55.39
197.06,55.39
197.07,55.39
197.09,55.39
197.10,55.38
197.12,55.38
197.13,55.38
197.15,55.38
197.16,55.38
197.18,55.38
197.19,55.38
197.21,55.37
197.22,55.38
197.24,55.38
197.25,55.37
197.27,55.37
197.28,55.37
197.30,55.37
197.31,55.37
197.32,55.37
197.34,55.37
197.35,55.36
197.37,55.36
197.38,55.36
197.40,55.36
197.41,55.36
197.43,55.36
197.44,55.36
197.46,55.36
197.47,55.35
197.49,55.36
197.50,55.35
197.52,55.35
197.53,55.35
197.55,55.35
197.56,55.35
197.58,55.35
197.59,55.35
197.60,55.35
197.62,55.34
197.63,55.34
197.65,55.34
197.66,55.34
197.68,55.34
197.69,55.34
197.71,55.34
197.72,55.34
197.74,55.33
197.75,55.34
197.77,55.33
197.78,55.33
197.80,55.33
197.81,55.33
197.83,55.33
197.84,55.33
197.85,55.33
197.87,55.33
197.88,55.32
197.90,55.32
197.91,55.32
197.93,55.32
197.94,55.32
197.96,55.32
197.97,55.32
197.99,55.31
198.00,55.31
198.02,55.32
198.03,55.31
198.05,55.31
198.06,55.31
198.08,55.31
198.09,55.31
198.10,55.31
198.12,55.31
198.13,55.30
198.15,55.30
198.16,55.30
198.18,55.30
198.19,55.30
198.21,55.30
198.22,55.30
198.24,55.30
198.25,55.29
198.27,55.29
198.28,55.29
198.30,55.29
198.31,55.29
198.33,55.29
198.34,55.29
198.35,55.29
198.37,55.29
198.38,55.29
198.40,55.28
198.41,55.28
198.43,55.28
198.44,55.28
198.46,55.28
198.47,55.28
198.49,55.28
198.50,55.28
198.52,55.27
198.53,55.27
198.55,55.27
198.56,55.27
198.58,55.27
198.59,55.27
198.60,55.27
198.62,55.26
198.63,55.27
198.65,55.27
198.66,55.26
198.68,55.26
198.69,55.26
198.71,55.26
198.72,55.26
198.74,55.26
198.75,55.26
198.77,55.25
198.78,55.25
198.80,55.25
198.81,55.25
198.83,55.25
198.84,55.25
198.85,55.25
198.87,55.25
198.88,55.24
198.90,55.25
198.91,55.24
198.93,55.24
198.94,55.24
198.96,55.24
198.97,55.24
198.99,55.24
199.00,55.24
199.02,55.24
199.03,55.23
199.05,55.23
199.06,55.23
199.08,55.23
199.09,55.23
199.11,55.23
199.12,55.23
199.13,55.23
199.15,55.22
199.16,55.23
199.18,55.22
199.19,55.22
199.21,55.22
199.22,55.22
199.24,55.22
199.25,55.22
199.27,55.22
199.28,55.22
199.30,55.21
199.31,55.21
199.33,55.21
199.34,55.21
199.36,55.21
199.37,55.21
199.38,55.21
199.40,55.21
199.41,55.20
199.43,55.21
199.44,55.20
199.46,55.20
199.47,55.20
199.49,55.20
199.50,55.20
199.52,55.20
199.53,55.20
199.55,55.20
199.56,55.19
199.58,55.19
199.59,55.19
199.61,55.19
199.62,55.19
199.63,55.19
199.65,55.19
199.66,55.18
199.68,55.18
199.69,55.19
199.71,55.18
199.72,55.18
199.74,55.18
199.75,55.18
199.77,55.18
199.78,55.18
199.80,55.18
199.81,55.17
199.83,55.17
199.84,55.17
199.86,55.17
199.87,55.17
199.88,55.17
199.90,55.17
199.91,55.17
199.93,55.16
199.94,55.16
199.96,55.17
199.97,55.16
199.99,55.16
200.00,55.16
200.02,55.16
200.03,55.16
200.05,55.16
200.06,55.16
200.08,55.15
200.09,55.15
200.11,55.15
200.12,55.15
200.13,55.15
200.15,55.15
200.16,55.15
200.18,55.15
200.19,55.14
200.21,55.14
200.22,55.14
200.24,55.14
200.25,55.14
200.27,55.14
200.28,55.14
200.30,55.14
200.31,55.14
200.33,55.14
200.34,55.13
200.36,55.13
200.37,55.13
200.38,55.13
200.40,55.13
200.41,55.13
200.43,55.13
200.44,55.13
200.46,55.12
200.47,55.12
200.49,55.12
200.50,55.12
200.52,55.12
200.53,55.12
200.55,55.12
200.56,55.12
200.58,55.12
200.59,55.12
200.61,55.11
200.62,55.11
200.64,55.11
200.65,55.11
200.66,55.11
200.68,55.11
200.69,55.11
200.71,55.11
200.72,55.10
200.74,55.10
200.75,55.10
200.77,55.10
200.78,55.10
200.80,55.10
200.81,55.10
200.83,55.10
200.84,55.10
200.86,55.10
200.87,55.09
200.89,55.09
200.90,55.09
200.91,55.09
200.93,55.09
200.94,55.09
200.96,55.09
200.97,55.09
200.99,55.08
201.00,55.08
201.02,55.08
201.03,55.08
201.05,55.08
201.06,55.08
201.08,55.08
201.09,55.07
201.11,55.08
201.12,55.08
201.14,55.07
201.15,55.07
201.16,55.07
201.18,55.07
201.19,55.07
201.21,55.07
201.22,55.07
201.24,55.07
201.25,55.06
201.27,55.06
201.28,55.06
201.30,55.06
201.31,55.06
201.33,55.06
201.34,55.06
201.36,55.05
201.37,55.06
201.39,55.06
201.40,55.06
201.41,55.06
201.43,55.06
201.44,55.06
201.46,55.06
201.47,55.06
201.49,55.06
201.50,55.06
201.52,55.06
201.53,55.06
201.55,55.06
201.56,55.06
201.58,55.07
201.59,55.07
201.61,55.07
201.62,55.07
201.64,55.07
201.65,55.07
201.66,55.07
201.68,55.07
201.69,55.07
201.71,55.06
201.72,55.06
201.74,55.06
201.75,55.06
201.77,55.06
201.78,55.06
201.80,55.06
201.81,55.05
201.83,55.06
201.84,55.06
201.86,55.05
201.87,55.05
201.89,55.05
201.90,55.05
201.91,55.05
201.93,55.05
201.94,55.05
201.96,55.05
201.97,55.05
201.99,55.05
202.00,55.05
202.02,55.06
202.03,55.06
202.05,55.06
202.06,55.06
202.08,55.06
202.09,55.06
202.11,55.06
202.12,55.06
202.14,55.06
202.15,55.06
202.17,55.06
202.18,55.06
202.19,55.06
202.21,55.06
202.22,55.06
202.24,55.06
202.25,55.06
202.27,55.06
202.28,55.06
202.30,55.06
202.31,55.06
202.33,55.06
202.34,55.06
202.36,55.06
202.37,55.06
202.39,55.06
202.40,55.06
202.42,55.06
202.43,55.06
202.44,55.06
202.46,55.06
202.47,55.06
202.49,55.07
202.50,55.07
202.52,55.07
202.53,55.07
202.55,55.07
202.56,55.07
202.58,55.07
202.59,55.07
202.61,55.07
202.62,55.07
202.64,55.07
202.65,55.07
202.67,55.07
202.68,55.07
202.69,55.07
202.71,55.07
202.72,55.07
202.74,55.07
202.75,55.07
202.77,55.07
202.78,55.07
202.80,55.07
202.81,55.07
202.83,55.07
202.84,55.07
202.86,55.07
202.87,55.07
202.89,55.07
202.90,55.07
202.92,55.07
202.93,55.07
202.94,55.07
202.96,55.08
202.97,55.08
202.99,55.08
203.00,55.08
203.02,55.08
203.03,55.08
203.05,55.07
203.06,55.07
203.08,55.07
203.09,55.07
203.11,55.08
203.12,55.08
203.14,55.08
203.15,55.08
203.17,55.09
203.18,55.09
203.19,55.09
203.21,55.09
203.22,55.10
203.24,55.10
203.25,55.10
203.27,55.10
203.28,55.11
203.30,55.11
203.31,55.11
203.33,55.12
203.34,55.12
203.36,55.12
203.37,55.12
203.39,55.13
203.40,55.13
203.42,55.13
203.43,55.13
203.44,55.14
203.46,55.14
203.47,55.14
203.49,55.14
203.50,55.15
203.52,55.15
203.53,55.15
203.55,55.15
203.56,55.16
203.58,55.16
203.59,55.16
203.61,55.16
203.62,55.17
203.64,55.17
203.65,55.17
203.67,55.17
203.68,55.18
203.69,55.17
203.71,55.17
203.72,55.18
203.74,55.17
203.75,55.17
203.77,55.17
203.78,55.17
203.80,55.17
203.81,55.17
203.83,55.17
203.84,55.17
203.86,55.16
203.87,55.16
203.89,55.16
203.90,55.16
203.92,55.16
203.93,55.16
203.95,55.16
203.96,55.15
203.97,55.15
203.99,55.16
204.00,55.15
204.02,55.15
204.03,55.15
204.05,55.15
204.06,55.15
204.08,55.15
204.09,55.15
204.11,55.14
204.12,55.14
204.14,55.14
204.15,55.14
204.17,55.14
204.18,55.14
204.20,55.14
204.21,55.14
204.22,55.13
204.24,55.13
204.25,55.14
204.27,55.13
204.28,55.13
204.30,55.13
204.31,55.13
204.33,55.13
204.34,55.13
204.36,55.13
204.37,55.12
204.39,55.12
204.40,55.12
204.42,55.12
204.43,55.12
204.45,55.12
204.46,55.12
204.47,55.12
204.49,55.11
204.50,55.11
204.52,55.12
204.53,55.11
204.55,55.11
204.56,55.11
204.58,55.11
204.59,55.11
204.61,55.11
204.62,55.11
204.64,55.10
204.65,55.10
204.67,55.10
204.68,55.10
204.70,55.10
204.71,55.10
204.72,55.10
204.74,55.10
204.75,55.09
204.77,55.09
204.78,55.09
204.80,55.09
204.81,55.09
204.83,55.09
204.84,55.09
204.86,55.09
204.87,55.09
204.89,55.09
204.90,55.08
204.92,55.08
204.93,55.08
204.95,55.08
204.96,55.08
204.97,55.08
204.99,55.08
205.00,55.08
205.02,55.07
205.03,55.07
205.05,55.07
205.06,55.07
205.08,55.07
205.09,55.07
205.11,55.07
205.12,55.07
205.14,55.07
205.15,55.07
205.17,55.06
205.18,55.06
205.20,55.06
205.21,55.06
205.22,55.06
205.24,55.06
205.25,55.06
205.27,55.06
205.28,55.05
205.30,55.05
205.31,55.05
205.33,55.05
205.34,55.05
205.36,55.05
205.37,55.05
205.39,55.05
205.40,55.05
205.42,55.05
205.43,55.04
205.45,55.04
205.46,55.04
205.48,55.04
205.49,55.04
205.50,55.04
205.52,55.04
205.53,55.04
205.55,55.03
205.56,55.03
205.58,55.03
205.59,55.03
205.61,55.03
205.62,55.03
205.64,55.03
205.65,55.03
205.67,55.03
205.68,55.03
205.70,55.02
205.71,55.02
205.73,55.02
205.74,55.02
205.75,55.02
205.77,55.02
205.78,55.02
205.80,55.02
205.81,55.01
205.83,55.01
205.84,55.01
205.86,55.01
205.87,55.01
205.89,55.01
205.90,55.01
205.92,55.01
205.93,55.01
205.95,55.01
205.96,55.00
205.98,55.00
205.99,55.00
206.00,55.00
206.02,55.00
206.03,55.00
206.05,55.00
206.06,55.00
206.08,54.99
206.09,54.99
206.11,55.00
206.12,54.99
206.14,54.99
206.15,54.99
206.17,54.99
206.18,54.99
206.20,54.99
206.21,54.99
206.23,54.98
206.24,54.98
206.25,54.98
206.27,54.98
206.28,54.98
206.30,54.98
206.31,54.98
206.33,54.98
206.34,54.97
206.36,54.97
206.37,54.98
206.39,54.97
206.40,54.97
206.42,54.97
206.43,54.97
206.45,54.97
206.46,54.97
206.48,54.97
206.49,54.96
206.50,54.96
206.52,54.96
206.53,54.96
206.55,54.96
206.56,54.96
206.58,54.96
206.59,54.96
206.61,54.95
206.62,54.95
206.64,54.96
206.65,54.95
206.67,54.95
206.68,54.95
206.70,54.95
206.71,54.95
206.73,54.95
206.74,54.95
206.75,54.95
206.77,54.94
206.78,54.94
206.80,54.94
206.81,54.94
206.83,54.94
206.84,54.94
206.86,54.94
206.87,54.93
206.89,54.93
206.90,54.94
206.92,54.93
206.93,54.93
206.95,54.93
206.96,54.93
206.98,54.93
206.99,54.93
207.01,54.93
207.02,54.93
207.03,54.92
207.05,54.92
207.06,54.92
207.08,54.92
207.09,54.92
207.11,54.92
207.12,54.92
207.14,54.91
207.15,54.91
207.17,54.92
207.18,54.91
207.20,54.91
207.21,54.91
207.23,54.91
207.24,54.91
207.26,54.91
207.27,54.91
207.28,54.91
207.30,54.90
207.31,54.90
207.33,54.90
207.34,54.90
207.36,54.90
207.37,54.90
207.39,54.90
207.40,54.90
207.42,54.89
207.43,54.90
207.45,54.89
207.46,54.89
207.48,54.89
207.49,54.89
207.51,54.89
207.52,54.89
207.53,54.89
207.55,54.89
207.56,54.88
207.58,54.88
207.59,54.88
207.61,54.88
207.62,54.88
207.64,54.88
207.65,54.88
207.67,54.88
207.68,54.87
207.70,54.88
207.71,54.87
207.73,54.87
207.74,54.87
207.76,54.87
207.77,54.87
207.78,54.87
207.80,54.87
207.81,54.87
207.83,54.86
207.84,54.86
207.86,54.86
207.87,54.86
207.89,54.86
207.90,54.86
207.92,54.86
207.93,54.86
207.95,54.85
207.96,54.86
207.98,54.86
207.99,54.85
208.01,54.85
208.02,54.85
208.03,54.85
208.05,54.85
208.06,54.85
208.08,54.85
208.09,54.84
208.11,54.84
208.12,54.84
208.14,54.84
208.15,54.84
208.17,54.84
208.18,54.84
208.20,54.84
208.21,54.83
208.23,54.84
208.24,54.84
208.26,54.83
208.27,54.83
208.28,54.83
208.30,54.83
208.31,54.83
208.33,54.83
208.34,54.83
208.36,54.83
208.37,54.82
208.39,54.82
208.40,54.82
208.42,54.82
208.43,54.82
208.45,54.82
208.46,54.82
208.48,54.82
208.49,54.82
208.51,54.82
208.52,54.81
208.54,54.81
208.55,54.81
208.56,54.81
208.58,54.81
208.59,54.81
208.61,54.81
208.62,54.81
208.64,54.80
208.65,54.80
208.67,54.81
208.68,54.80
208.70,54.80
208.71,54.80
208.73,54.80
208.74,54.80
208.76,54.80
208.77,54.80
208.79,54.79
208.80,54.79
208.81,54.79
208.83,54.79
208.84,54.79
208.86,54.79
208.87,54.79
208.89,54.79
208.90,54.78
208.92,54.78
208.93,54.79
208.95,54.78
208.96,54.78
208.98,54.78
208.99,54.78
209.01,54.79
209.02,54.79
209.04,54.79
209.05,54.79
209.06,54.79
209.08,54.79
209.09,54.79
209.11,54.79
209.12,54.79
209.14,54.79
209.15,54.79
209.17,54.79
209.18,54.79
209.20,54.79
209.21,54.79
209.23,54.79
209.24,54.79
209.26,54.79
209.27,54.79
209.29,54.79
209.30,54.79
209.31,54.79
209.33,54.79
209.34,54.79
209.36,54.79
209.37,54.79
209.39,54.79
209.40,54.79
209.42,54.80
209.43,54.80
209.45,54.80
209.46,54.80
209.48,54.80
209.49,54.80
209.51,54.80
209.52,54.80
209.54,54.80
209.55,54.80
209.56,54.80
209.58,54.80
209.59,54.80
209.61,54.80
209.62,54.80
209.64,54.80
209.65,54.80
209.67,54.80
209.68,54.80
209.70,54.80
209.71,54.80
209.73,54.80
209.74,54.80
209.76,54.80
209.77,54.80
209.79,54.80
209.80,54.80
209.81,54.80
209.83,54.81
209.84,54.81
209.86,54.81
209.87,54.81
209.89,54.82
209.90,54.82
209.92,54.82
209.93,54.82
209.95,54.83
209.96,54.83
209.98,54.83
209.99,54.84
210.01,54.84
210.02,54.84
210.04,54.84
210.05,54.85
210.07,54.85
210.08,54.85
210.09,54.85
210.11,54.86
210.12,54.86
210.14,54.86
210.15,54.86
210.17,54.87
210.18,54.87
210.20,54.87
210.21,54.87
210.23,54.88
210.24,54.88
210.26,54.87
210.27,54.87
210.29,54.87
210.30,54.87
210.32,54.87
210.33,54.87
210.34,54.87
210.36,54.87
210.37,54.86
210.39,54.87
210.40,54.86
210.42,54.86
210.43,54.86
210.45,54.86
210.46,54.86
210.48,54.86
210.49,54.86
210.51,54.86
210.52,54.85
210.54,54.85
210.55,54.85
210.57,54.85
210.58,54.85
210.59,54.85
210.61,54.85
210.62,54.85
210.64,54.84
210.65,54.85
210.67,54.84
210.68,54.84
210.70,54.84
210.71,54.84
210.73,54.84
210.74,54.84
210.76,54.84
210.77,54.84
210.79,54.83
210.80,54.83
210.82,54.83
210.83,54.83
210.84,54.83
210.86,54.83
210.87,54.83
210.89,54.83
210.90,54.82
210.92,54.83
210.93,54.83
210.95,54.82
210.96,54.82
210.98,54.82
210.99,54.82
211.01,54.82
211.02,54.82
211.04,54.82
211.05,54.82
211.07,54.81
211.08,54.81
211.09,54.81
211.11,54.81
211.12,54.81
211.14,54.81
211.15,54.81
211.17,54.80
211.18,54.81
211.20,54.81
211.21,54.80
211.23,54.80
211.24,54.80
211.26,54.80
211.27,54.80
211.29,54.80
211.30,54.80
211.32,54.80
211.33,54.79
211.34,54.79
211.36,54.79
211.37,54.80
211.39,54.80
211.40,54.80
211.42,54.80
211.43,54.80
211.45,54.80
211.46,54.80
211.48,54.80
211.49,54.80
211.51,54.80
211.52,54.80
211.54,54.80
211.55,54.80
211.57,54.80
211.58,54.80
211.60,54.80
211.61,54.80
211.62,54.80
211.64,54.80
211.65,54.80
211.67,54.80
211.68,54.80
211.70,54.80
211.71,54.80
211.73,54.80
211.74,54.80
211.76,54.80
211.77,54.80
211.79,54.81
211.80,54.81
211.82,54.81
211.83,54.81
211.85,54.81
211.86,54.81
211.87,54.81
211.89,54.81
211.90,54.81
211.92,54.81
211.93,54.81
211.95,54.81
211.96,54.81
211.98,54.81
211.99,54.81
212.01,54.81
212.02,54.81
212.04,54.81
212.05,54.81
212.07,54.81
212.08,54.81
212.10,54.81
212.11,54.81
212.12,54.81
212.14,54.81
212.15,54.81
212.17,54.81
212.18,54.81
212.20,54.82
212.21,54.82
212.23,54.82
212.24,54.81
212.26,54.81
212.27,54.81
212.29,54.81
212.30,54.82
212.32,54.82
212.33,54.82
212.35,54.82
212.36,54.83
212.37,54.83
212.39,54.83
212.40,54.83
212.42,54.84
212.43,54.84
212.45,54.84
212.46,54.84
212.48,54.85
212.49,54.85
212.51,54.85
212.52,54.86
212.54,54.86
212.55,54.86
212.57,54.86
212.58,54.87
212.60,54.87
212.61,54.87
212.62,54.87
212.64,54.88
212.65,54.88
212.67,54.88
212.68,54.88
212.70,54.89
212.71,54.89
212.73,54.89
212.74,54.89
212.76,54.89
212.77,54.89
212.79,54.88
212.80,54.88
212.82,54.89
212.83,54.88
212.85,54.88
212.86,54.88
212.87,54.88
212.89,54.88
212.90,54.88
212.92,54.88
212.93,54.88
212.95,54.88
212.96,54.88
212.98,54.88
212.99,54.88
213.01,54.88
213.02,54.89
213.04,54.89
213.05,54.89
213.07,54.89
213.08,54.89
213.10,54.89
213.11,54.88
213.13,54.88
213.14,54.88
213.15,54.88
213.17,54.88
213.18,54.88
213.20,54.88
213.21,54.88
213.23,54.87
213.24,54.87
213.26,54.88
213.27,54.87
213.29,54.87
213.30,54.87
213.32,54.87
213.33,54.87
213.35,54.87
213.36,54.87
213.38,54.86
213.39,54.86
213.40,54.86
213.42,54.86
213.43,54.86
213.45,54.86
213.46,54.86
213.48,54.86
213.49,54.85
213.51,54.85
213.52,54.86
213.54,54.85
213.55,54.85
213.57,54.85
213.58,54.85
213.60,54.85
213.61,54.85
213.63,54.85
213.64,54.85
213.65,54.84
213.67,54.84
213.68,54.84
213.70,54.84
213.71,54.84
213.73,54.84
213.74,54.84
213.76,54.84
213.77,54.83
213.79,54.84
213.80,54.83
213.82,54.83
213.83,54.83
213.85,54.83
213.86,54.83
213.88,54.83
213.89,54.83
213.90,54.83
213.92,54.82
213.93,54.82
213.95,54.82
213.96,54.82
213.98,54.82
213.99,54.82
214.01,54.82
214.02,54.82
214.04,54.81
214.05,54.82
214.07,54.81
214.08,54.81
214.10,54.81
214.11,54.81
214.13,54.81
214.14,54.81
214.15,54.81
214.17,54.81
214.18,54.80
214.20,54.80
214.21,54.80
214.23,54.80
214.24,54.80
214.26,54.80
214.27,54.80
214.29,54.80
214.30,54.79
214.32,54.80
214.33,54.80
214.35,54.79
214.36,54.79
214.38,54.79
214.39,54.79
214.40,54.79
214.42,54.79
214.43,54.79
214.45,54.79
214.46,54.78
214.48,54.78
214.49,54.78
214.51,54.78
214.52,54.78
214.54,54.78
214.55,54.78
214.57,54.78
214.58,54.78
214.60,54.78
214.61,54.77
214.63,54.77
214.64,54.77
214.66,54.77
214.67,54.77
214.68,54.77
214.70,54.77
214.71,54.77
214.73,54.76
214.74,54.76
214.76,54.76
214.77,54.76
214.79,54.76
214.80,54.76
214.82,54.76
214.83,54.76
214.85,54.76
214.86,54.76
214.88,54.75
214.89,54.75
214.91,54.75
214.92,54.75
214.93,54.75
214.95,54.75
214.96,54.75
214.98,54.75
214.99,54.74
215.01,54.74
215.02,54.75
215.04,54.74
215.05,54.74
215.07,54.74
215.08,54.74
215.10,54.74
215.11,54.74
215.13,54.74
215.14,54.74
215.16,54.73
215.17,54.73
215.18,54.73
215.20,54.73
215.21,54.73
215.23,54.73
215.24,54.73
215.26,54.73
215.27,54.72
215.29,54.73
215.30,54.72
215.32,54.73
215.33,54.73
215.35,54.73
215.36,54.73
215.38,54.73
215.39,54.73
215.41,54.73
215.42,54.73
215.43,54.73
215.45,54.73
215.46,54.73
215.48,54.73
215.49,54.73
215.51,54.73
215.52,54.73
215.54,54.73
215.55,54.73
215.57,54.73
215.58,54.73
215.60,54.73
215.61,54.73
215.63,54.73
215.64,54.73
215.66,54.73
215.67,54.73
215.68,54.73
215.70,54.73
215.71,54.73
215.73,54.74
215.74,54.74
215.76,54.74
215.77,54.74
215.79,54.74
215.80,54.74
215.82,54.74
215.83,54.74
215.85,54.74
215.86,54.74
215.88,54.74
215.89,54.74
215.91,54.74
215.92,54.74
215.93,54.74
215.95,54.74
215.96,54.74
215.98,54.74
215.99,54.74
216.01,54.74
216.02,54.74
216.04,54.74
216.05,54.74
216.07,54.74
216.08,54.74
216.10,54.74
216.11,54.74
216.13,54.75
216.14,54.74
216.16,54.74
216.17,54.74
216.19,54.74
216.20,54.74
216.21,54.75
216.23,54.75
216.24,54.75
216.26,54.76
216.27,54.76
216.29,54.76
216.30,54.76
216.32,54.77
216.33,54.77
216.35,54.77
216.36,54.77
216.38,54.78
216.39,54.78
216.41,54.78
216.42,54.78
216.44,54.79
216.45,54.79
216.46,54.79
216.48,54.80
216.49,54.80
216.51,54.80
216.52,54.80
216.54,54.81
216.55,54.81
216.57,54.81
216.58,54.81
216.60,54.82
216.61,54.82
216.63,54.81
216.64,54.82
216.66,54.81
216.67,54.81
216.69,54.81
216.70,54.81
216.71,54.81
216.73,54.81
216.74,54.81
216.76,54.81
216.77,54.80
216.79,54.80
216.80,54.80
216.82,54.80
216.83,54.80
216.85,54.80
216.86,54.80
216.88,54.80
216.89,54.79
216.91,54.80
216.92,54.79
216.94,54.79
216.95,54.79
216.96,54.79
216.98,54.79
216.99,54.79
217.01,54.79
217.02,54.79
217.04,54.78
217.05,54.78
217.07,54.78
217.08,54.78
217.10,54.78
217.11,54.78
217.13,54.78
217.14,54.78
217.16,54.77
217.17,54.78
217.19,54.78
217.20,54.77
217.21,54.77
217.23,54.77
217.24,54.77
217.26,54.77
217.27,54.77
217.29,54.77
217.30,54.77
217.32,54.76
217.33,54.76
217.35,54.76
217.36,54.76
217.38,54.76
217.39,54.76
217.41,54.76
217.42,54.76
217.44,54.76
217.45,54.76
217.46,54.75
217.48,54.75
217.49,54.75
217.51,54.75
217.52,54.75
217.54,54.75
217.55,54.75
217.57,54.75
217.58,54.74
217.60,54.74
217.61,54.75
217.63,54.74
217.64,54.74
217.66,54.74
217.67,54.74
217.69,54.74
217.70,54.74
217.72,54.74
217.73,54.73
217.74,54.73
217.76,54.73
217.77,54.73
217.79,54.73
217.80,54.73
217.82,54.73
217.83,54.73
217.85,54.72
217.86,54.72
217.88,54.73
217.89,54.72
217.91,54.72
217.92,54.72
217.94,54.72
217.95,54.72
217.97,54.72
217.98,54.72
217.99,54.72
218.01,54.71
218.02,54.71
218.04,54.71
218.05,54.71
218.07,54.71
218.08,54.71
218.10,54.71
218.11,54.71
218.13,54.70
218.14,54.71
218.16,54.70
218.17,54.70
218.19,54.70
218.20,54.70
218.22,54.70
218.23,54.70
218.24,54.70
218.26,54.70
218.27,54.69
218.29,54.69
218.30,54.69
218.32,54.69
218.33,54.69
218.35,54.69
218.36,54.69
218.38,54.69
218.39,54.68
218.41,54.69
218.42,54.69
218.44,54.68
218.45,54.68
218.47,54.68
218.48,54.68
218.49,54.68
218.51,54.68
218.52,54.68
218.54,54.68
218.55,54.67
218.57,54.67
218.58,54.67
218.60,54.67
218.61,54.67
218.63,54.67
218.64,54.67
218.66,54.67
218.67,54.67
218.69,54.67
218.70,54.66
218.72,54.66
218.73,54.66
218.74,54.66
218.76,54.66
218.77,54.66
218.79,54.66
218.80,54.66
218.82,54.65
218.83,54.65
218.85,54.66
218.86,54.65
218.88,54.65
218.89,54.65
218.91,54.65
218.92,54.65
218.94,54.65
218.95,54.65
218.97,54.65
218.98,54.64
218.99,54.64
219.01,54.64
219.02,54.64
219.04,54.64
219.05,54.64
219.07,54.64
219.08,54.64
219.10,54.63
219.11,54.64
219.13,54.63
219.14,54.63
219.16,54.63
219.17,54.63
219.19,54.63
219.20,54.63
219.22,54.63
219.23,54.63
219.25,54.62
219.26,54.62
219.27,54.62
219.29,54.62
219.30,54.62
219.32,54.62
219.33,54.62
219.35,54.62
219.36,54.61
219.38,54.62
219.39,54.62
219.41,54.61
219.42,54.61
219.44,54.61
219.45,54.61
219.47,54.61
219.48,54.61
219.50,54.61
219.51,54.61
219.52,54.61
219.54,54.62
219.55,54.62
219.57,54.62
219.58,54.62
219.60,54.62
219.61,54.62
219.63,54.62
219.64,54.62
219.66,54.62
219.67,54.62
219.69,54.62
219.70,54.62
219.72,54.62
219.73,54.62
219.75,54.62
219.76,54.62
219.77,54.62
219.79,54.62
219.80,54.62
219.82,54.62
219.83,54.62
219.85,54.62
219.86,54.62
219.88,54.62
219.89,54.62
219.91,54.62
219.92,54.63
219.94,54.63
219.95,54.63
219.97,54.63
219.98,54.63
220.00,54.63
220.01,54.63
220.02,54.63
220.04,54.63
220.05,54.63
220.07,54.63
220.08,54.63
220.10,54.63
220.11,54.63
220.13,54.63
220.14,54.63
220.16,54.63
220.17,54.63
220.19,54.63
220.20,54.63
220.22,54.63
220.23,54.63
220.25,54.63
220.26,54.63
220.27,54.63
220.29,54.63
220.30,54.64
220.32,54.64
220.33,54.64
220.35,54.64
220.36,54.64
220.38,54.64
220.39,54.64
220.41,54.64
220.42,54.64
220.44,54.64
220.45,54.64
220.47,54.64
220.48,54.64
220.50,54.63
220.51,54.64
220.52,54.64
220.54,54.64
220.55,54.64
220.57,54.65
220.58,54.65
220.60,54.65
220.61,54.65
220.63,54.66
220.64,54.66
220.66,54.66
220.67,54.66
220.69,54.67
220.70,54.67
220.72,54.67
220.73,54.68
220.75,54.68
220.76,54.68
220.78,54.68
220.79,54.69
220.80,54.69
220.82,54.69
220.83,54.69
220.85,54.70
220.86,54.70
220.88,54.70
220.89,54.71
220.91,54.71
220.92,54.71
220.94,54.71
220.95,54.72
220.97,54.72
220.98,54.72
221.00,54.72
221.01,54.73
221.03,54.73
221.04,54.73
221.05,54.73
221.07,54.73
221.08,54.73
221.10,54.72
221.11,54.73
221.13,54.73
221.14,54.72
221.16,54.72
221.17,54.72
221.19,54.72
221.20,54.72
221.22,54.72
221.23,54.72
221.25,54.72
221.26,54.71
221.28,54.71
221.29,54.71
221.30,54.71
221.32,54.71
221.33,54.71
221.35,54.71
221.36,54.71
221.38,54.71
221.39,54.71
221.41,54.70
221.42,54.70
221.44,54.70
221.45,54.70
221.47,54.70
221.48,54.70
221.50,54.70
221.51,54.70
221.53,54.70
221.54,54.70
221.55,54.70
221.57,54.70
221.58,54.70
221.60,54.70
221.61,54.70
221.63,54.70
221.64,54.70
221.66,54.70
221.67,54.71
221.69,54.71
221.70,54.71
221.72,54.70
221.73,54.71
221.75,54.71
221.76,54.70
221.78,54.70
221.79,54.70
221.80,54.70
221.82,54.70
221.83,54.70
221.85,54.70
221.86,54.70
221.88,54.69
221.89,54.69
221.91,54.69
221.92,54.69
221.94,54.69
221.95,54.69
221.97,54.69
221.98,54.69
222.00,54.69
222.01,54.69
222.03,54.68
222.04,54.68
222.05,54.68
222.07,54.68
222.08,54.68
222.10,54.68
222.11,54.68
222.13,54.68
222.14,54.67
222.16,54.67
222.17,54.68
222.19,54.67
222.20,54.67
222.22,54.67
222.23,54.67
222.25,54.67
222.26,54.67
222.28,54.67
222.29,54.67
222.31,54.66
222.32,54.66
222.33,54.66
222.35,54.66
222.36,54.66
222.38,54.66
222.39,54.66
222.41,54.66
222.42,54.65
222.44,54.66
222.45,54.65
222.47,54.65
222.48,54.65
222.50,54.65
222.51,54.65
222.53,54.65
222.54,54.65
222.56,54.65
222.57,54.64
222.58,54.64
222.60,54.64
222.61,54.64
222.63,54.64
222.64,54.64
222.66,54.64
222.67,54.64
222.69,54.63
222.70,54.64
222.72,54.64
222.73,54.63
222.75,54.63
222.76,54.63
222.78,54.63
222.79,54.63
222.81,54.63
222.82,54.63
222.83,54.63
222.85,54.62
222.86,54.62
222.88,54.62
222.89,54.62
222.91,54.62
222.92,54.62
222.94,54.62
222.95,54.62
222.97,54.62
222.98,54.62
223.00,54.61
223.01,54.61
223.03,54.61
223.04,54.61
223.06,54.61
223.07,54.61
223.08,54.61
223.10,54.61
223.11,54.60
223.13,54.60
223.14,54.61
223.16,54.60
223.17,54.60
223.19,54.60
223.20,54.60
223.22,54.60
223.23,54.60
223.25,54.60
223.26,54.60
223.28,54.59
223.29,54.59
223.31,54.59
223.32,54.59
223.33,54.59
223.35,54.59
223.36,54.59
223.38,54.59
223.39,54.58
223.41,54.59
223.42,54.58
223.44,54.58
223.45,54.58
223.47,54.58
223.48,54.58
223.50,54.58
223.51,54.58
223.53,54.58
223.54,54.57
223.56,54.57
223.57,54.57
223.58,54.57
223.60,54.57
223.61,54.57
223.63,54.57
223.64,54.57
223.66,54.56
223.67,54.57
223.69,54.57
223.70,54.56
223.72,54.56
223.73,54.56
223.75,54.56
223.76,54.56
223.78,54.56
223.79,54.56
223.81,54.56
223.82,54.55
223.84,54.55
223.85,54.56
223.86,54.55
223.88,54.55
223.89,54.55
223.91,54.55
223.92,54.55
223.94,54.55
223.95,54.55
223.97,54.55
223.98,54.54
224.00,54.54
224.01,54.54
224.03,54.54
224.04,54.54
224.06,54.54
224.07,54.54
224.09,54.54
224.10,54.53
224.11,54.54
224.13,54.53
224.14,54.53
224.16,54.53
224.17,54.53
224.19,54.53
224.20,54.53
224.22,54.53
224.23,54.53
224.25,54.52
224.26,54.52
224.28,54.52
224.29,54.52
224.31,54.52
224.32,54.52
224.34,54.52
224.35,54.52
224.36,54.51
224.38,54.52
224.39,54.52
224.41,54.51
224.42,54.51
224.44,54.51
224.45,54.51
224.47,54.51
224.48,54.51
224.50,54.51
224.51,54.51
224.53,54.50
224.54,54.50
224.56,54.51
224.57,54.50
224.59,54.50
224.60,54.50
224.61,54.50
224.63,54.50
224.64,54.50
224.66,54.50
224.67,54.50
224.69,54.50
224.70,54.50
224.72,54.50
224.73,54.50
224.75,54.50
224.76,54.50
224.78,54.50
224.79,54.50
224.81,54.50
224.82,54.50
224.84,54.50
224.85,54.50
224.86,54.50
224.88,54.50
224.89,54.50
224.91,54.50
224.92,54.50
224.94,54.50
224.95,54.50
224.97,54.50
224.98,54.50
225.00,54.50
225.01,54.50
225.03,54.51
225.04,54.51
225.06,54.51
225.07,54.51
225.09,54.51
225.10,54.51
225.11,54.51
225.13,54.51
225.14,54.51
225.16,54.51
225.17,54.51
225.19,54.51
225.20,54.51
225.22,54.51
225.23,54.51
225.25,54.51
225.26,54.51
225.28,54.51
225.29,54.51
225.31,54.51
225.32,54.51
225.34,54.51
225.35,54.51
225.36,54.51
225.38,54.51
225.39,54.52
225.41,54.52
225.42,54.52
225.44,54.52
225.45,54.52
225.47,54.52
225.48,54.52
225.50,54.52
225.51,54.52
225.53,54.52
225.54,54.52
225.56,54.52
225.57,54.52
225.59,54.52
225.60,54.52
225.62,54.52
225.63,54.52
225.64,54.52
225.66,54.52
225.67,54.52
225.69,54.52
225.70,54.52
225.72,54.52
225.73,54.52
225.75,54.52
225.76,54.53
225.78,54.53
225.79,54.53
225.81,54.53
225.82,54.52
225.84,54.52
225.85,54.52
225.87,54.52
225.88,54.53
225.89,54.53
225.91,54.53
225.92,54.53
225.94,54.54
225.95,54.54
225.97,54.54
225.98,54.55
226.00,54.55
226.01,54.55
226.03,54.55
226.04,54.56
226.06,54.56
226.07,54.56
226.09,54.56
226.10,54.57
226.12,54.57
226.13,54.57
226.14,54.58
226.16,54.58
226.17,54.58
226.19,54.58
226.20,54.59
226.22,54.59
226.23,54.59
226.25,54.59
226.26,54.60
226.28,54.60
226.29,54.60
226.31,54.61
226.32,54.61
226.34,54.61
226.35,54.61
226.37,54.62
226.38,54.62
226.39,54.62
226.41,54.62
226.42,54.63
226.44,54.63
226.45,54.63
226.47,54.63
226.48,54.62
226.50,54.63
226.51,54.63
226.53,54.62
226.54,54.62
226.56,54.62
226.57,54.62
226.59,54.62
226.60,54.62
226.62,54.62
226.63,54.62
226.64,54.61
226.66,54.61
226.67,54.61
226.69,54.61
226.70,54.61
226.72,54.61
226.73,54.61
226.75,54.61
226.76,54.61
226.78,54.61
226.79,54.60
226.81,54.60
226.82,54.60
226.84,54.60
226.85,54.60
226.87,54.60
226.88,54.60
226.89,54.60
226.91,54.59
226.92,54.59
226.94,54.60
226.95,54.59
226.97,54.59
226.98,54.59
227.00,54.59
227.01,54.59
227.03,54.59
227.04,54.59
227.06,54.59
227.07,54.58
227.09,54.58
227.10,54.58
227.12,54.58
227.13,54.58
227.15,54.58
227.16,54.58
227.17,54.58
227.19,54.57
227.20,54.58
227.22,54.57
227.23,54.57
227.25,54.57
227.26,54.57
227.28,54.57
227.29,54.57
227.31,54.57
227.32,54.57
227.34,54.56
227.35,54.56
227.37,54.56
227.38,54.56
227.40,54.56
227.41,54.56
227.42,54.56
227.44,54.56
227.45,54.55
227.47,54.56
227.48,54.56
227.50,54.55
227.51,54.55
227.53,54.55
227.54,54.55
227.56,54.55
227.57,54.55
227.59,54.55
227.60,54.55
227.62,54.54
227.63,54.54
227.65,54.55
227.66,54.54
227.67,54.54
227.69,54.54
227.70,54.54
227.72,54.54
227.73,54.54
227.75,54.54
227.76,54.54
227.78,54.53
227.79,54.53
227.81,54.53
227.82,54.53
227.84,54.53
227.85,54.53
227.87,54.53
227.88,54.53
227.90,54.52
227.91,54.53
227.92,54.52
227.94,54.52
227.95,54.52
227.97,54.52
227.98,54.52
228.00,54.52
228.01,54.52
228.03,54.52
228.04,54.51
228.06,54.51
228.07,54.51
228.09,54.51
228.10,54.51
228.12,54.51
228.13,54.51
228.15,54.51
228.16,54.50
228.17,54.51
228.19,54.51
228.20,54.50
228.22,54.50
228.23,54.50
228.25,54.50
228.26,54.50
228.28,54.50
228.29,54.50
228.31,54.50
228.32,54.49
228.34,54.49
228.35,54.50
228.37,54.49
228.38,54.49
228.40,54.49
228.41,54.49
228.42,54.49
228.44,54.49
228.45,54.49
228.47,54.49
228.48,54.48
228.50,54.48
228.51,54.48
228.53,54.48
228.54,54.48
228.56,54.48
228.57,54.48
228.59,54.48
228.60,54.47
228.62,54.48
228.63,54.47
228.65,54.47
228.66,54.47
228.68,54.47
228.69,54.47
228.70,54.47
228.72,54.47
228.73,54.47
228.75,54.47
228.76,54.46
228.78,54.46
228.79,54.46
228.81,54.46
228.82,54.46
228.84,54.46
228.85,54.46
228.87,54.46
228.88,54.46
228.90,54.46
228.91,54.45
228.93,54.45
228.94,54.45
228.95,54.45
228.97,54.45
228.98,54.45
229.00,54.45
229.01,54.45
229.03,54.44
229.04,54.44
229.06,54.45
229.07,54.44
229.09,54.44
229.10,54.44
229.12,54.44
229.13,54.44
229.15,54.44
229.16,54.44
229.18,54.44
229.19,54.43
229.20,54.43
229.22,54.43
229.23,54.43
229.25,54.43
229.26,54.43
229.28,54.43
229.29,54.43
229.31,54.42
229.32,54.43
229.34,54.43
229.35,54.42
229.37,54.42
229.38,54.42
229.40,54.42
229.41,54.42
229.43,54.42
229.44,54.42
229.45,54.42
229.47,54.41
229.48,54.41
229.50,54.41
229.51,54.41
229.53,54.41
229.54,54.41
229.56,54.41
229.57,54.41
229.59,54.41
229.60,54.41
229.62,54.41
229.63,54.40
229.65,54.40
229.66,54.40
229.68,54.40
229.69,54.40
229.70,54.40
229.72,54.40
229.73,54.40
229.75,54.39
229.76,54.40
229.78,54.39
229.79,54.39
229.81,54.39
229.82,54.39
229.84,54.39
229.85,54.39
229.87,54.39
229.88,54.39
229.90,54.38
229.91,54.38
229.93,54.38
229.94,54.38
229.95,54.38
229.97,54.38
229.98,54.38
230.00,54.38
230.01,54.38
230.03,54.38
230.04,54.38
230.06,54.37
230.07,54.37
230.09,54.37
230.10,54.37
230.12,54.37
230.13,54.37
230.15,54.37
230.16,54.37
230.18,54.36
230.19,54.36
230.21,54.37
230.22,54.36
230.23,54.36
230.25,54.36
230.26,54.36
230.28,54.36
230.29,54.36
230.31,54.36
230.32,54.36
230.34,54.35
230.35,54.35
230.37,54.35
230.38,54.35
230.40,54.35
230.41,54.35
230.43,54.35
230.44,54.35
230.46,54.34
230.47,54.35
230.48,54.35
230.50,54.34
230.51,54.34
230.53,54.34
230.54,54.34
230.56,54.34
230.57,54.34
230.59,54.34
230.60,54.34
230.62,54.33
230.63,54.33
230.65,54.34
230.66,54.33
230.68,54.33
230.69,54.33
230.71,54.33
230.72,54.33
230.73,54.33
230.75,54.33
230.76,54.33
230.78,54.32
230.79,54.32
230.81,54.32
230.82,54.32
230.84,54.32
230.85,54.32
230.87,54.32
230.88,54.32
230.90,54.31
230.91,54.32
230.93,54.32
230.94,54.31
230.96,54.31
230.97,54.31
230.98,54.31
231.00,54.31
231.01,54.31
231.03,54.31
231.04,54.31
231.06,54.31
231.07,54.32
231.09,54.32
231.10,54.32
231.12,54.32
231.13,54.32
231.15,54.32
231.16,54.32
231.18,54.32
231.19,54.32
231.21,54.32
231.22,54.32
231.23,54.32
231.25,54.32
231.26,54.32
231.28,54.32
231.29,54.32
231.31,54.32
231.32,54.32
231.34,54.32
231.35,54.32
231.37,54.32
231.38,54.32
231.40,54.32
231.41,54.33
231.43,54.33
231.44,54.33
231.46,54.33
231.47,54.33
231.48,54.33
231.50,54.33
231.51,54.33
231.53,54.33
231.54,54.33
231.56,54.33
231.57,54.33
231.59,54.33
231.60,54.33
231.62,54.33
231.63,54.33
231.65,54.33
231.66,54.33
231.68,54.33
231.69,54.33
231.71,54.33
231.72,54.33
231.74,54.33
231.75,54.34
231.76,54.34
231.78,54.34
231.79,54.34
231.81,54.34
231.82,54.34
231.84,54.34
231.85,54.34
231.87,54.34
231.88,54.34
231.90,54.34
231.91,54.34
231.93,54.34
231.94,54.34
231.96,54.34
231.97,54.34
231.99,54.34
232.00,54.34
232.01,54.34
232.03,54.34
232.04,54.34
232.06,54.34
232.07,54.34
232.09,54.34
232.10,54.34
232.12,54.34
232.13,54.35
232.15,54.35
232.16,54.35
232.18,54.36
232.19,54.36
232.21,54.36
232.22,54.36
232.24,54.37
232.25,54.37
232.26,54.37
232.28,54.37
232.29,54.38
232.31,54.38
232.32,54.38
232.34,54.39
232.35,54.39
232.37,54.39
232.38,54.39
232.40,54.40
232.41,54.40
232.43,54.40
232.44,54.41
232.46,54.41
232.47,54.41
232.49,54.41
232.50,54.42
232.51,54.42
232.53,54.42
232.54,54.42
232.56,54.43
232.57,54.43
232.59,54.43
232.60,54.44
232.62,54.44
232.63,54.44
232.65,54.43
232.66,54.43
232.68,54.43
232.69,54.43
232.71,54.43
232.72,54.43
232.74,54.43
232.75,54.43
232.76,54.42
232.78,54.42
232.79,54.43
232.81,54.42
232.82,54.42
232.84,54.42
232.85,54.42
232.87,54.42
232.88,54.42
232.90,54.42
232.91,54.42
232.93,54.41
232.94,54.41
232.96,54.41
232.97,54.41
232.99,54.41
233.00,54.41
233.01,54.41
233.03,54.41
233.04,54.40
233.06,54.41
233.07,54.41
233.09,54.40
233.10,54.40
233.12,54.40
233.13,54.40
233.15,54.40
233.16,54.40
233.18,54.40
233.19,54.40
233.21,54.39
233.22,54.39
233.24,54.40
233.25,54.39
233.27,54.39
233.28,54.39
233.29,54.39
233.31,54.39
233.32,54.39
233.34,54.39
233.35,54.39
233.37,54.38
233.38,54.38
233.40,54.38
233.41,54.38
233.43,54.38
233.44,54.38
233.46,54.38
233.47,54.38
233.49,54.37
233.50,54.38
233.52,54.37
233.53,54.37
233.54,54.37
233.56,54.37
233.57,54.37
233.59,54.37
233.60,54.37
233.62,54.37
233.63,54.37
233.65,54.36
233.66,54.36
233.68,54.36
233.69,54.36
233.71,54.36
233.72,54.36
233.74,54.36
233.75,54.36
233.77,54.36
233.78,54.36
233.79,54.35
233.81,54.35
233.82,54.35
233.84,54.35
233.85,54.35
233.87,54.35
233.88,54.35
233.90,54.35
233.91,54.35
233.93,54.34
233.94,54.35
233.96,54.34
233.97,54.34
233.99,54.34
234.00,54.34
234.02,54.34
234.03,54.34
234.04,54.34
234.06,54.34
234.07,54.33
234.09,54.33
234.10,54.33
234.12,54.33
234.13,54.33
234.15,54.33
234.16,54.33
234.18,54.33
234.19,54.33
234.21,54.33
234.22,54.33
234.24,54.32
234.25,54.32
234.27,54.32
234.28,54.32
234.29,54.32
234.31,54.32
234.32,54.32
234.34,54.32
234.35,54.31
234.37,54.31
234.38,54.32
234.40,54.31
234.41,54.31
234.43,54.31
234.44,54.31
234.46,54.31
234.47,54.31
234.49,54.31
234.50,54.31
234.52,54.30
234.53,54.30
234.54,54.30
234.56,54.30
234.57,54.30
234.59,54.30
234.60,54.30
234.62,54.30
234.63,54.29
234.65,54.30
234.66,54.30
234.68,54.29
234.69,54.29
234.71,54.29
234.72,54.29
234.74,54.29
234.75,54.29
234.77,54.29
234.78,54.29
234.80,54.28
234.81,54.28
234.82,54.29
234.84,54.28
234.85,54.28
234.87,54.28
234.88,54.28
234.90,54.28
234.91,54.28
234.93,54.28
234.94,54.28
234.96,54.27
234.97,54.27
234.99,54.27
235.00,54.27
235.02,54.27
235.03,54.27
235.05,54.27
235.06,54.27
235.07,54.26
235.09,54.27
235.10,54.27
235.12,54.26
235.13,54.26
235.15,54.26
235.16,54.26
235.18,54.26
235.19,54.26
235.21,54.26
235.22,54.26
235.24,54.26
235.25,54.26
235.27,54.26
235.28,54.26
235.30,54.26
235.31,54.26
235.32,54.26
235.34,54.26
235.35,54.26
235.37,54.26
235.38,54.26
235.40,54.26
235.41,54.26
235.43,54.26
235.44,54.26
235.46,54.26
235.47,54.26
235.49,54.26
235.50,54.26
235.52,54.26
235.53,54.27
235.55,54.27
235.56,54.27
235.57,54.27
235.59,54.27
235.60,54.27
235.62,54.27
235.63,54.27
235.65,54.27
235.66,54.27
235.68,54.27
235.69,54.27
235.71,54.27
235.72,54.27
235.74,54.27
235.75,54.27
235.77,54.27
235.78,54.27
235.80,54.27
235.81,54.27
235.82,54.27
235.84,54.27
235.85,54.28
235.87,54.28
235.88,54.28
235.90,54.28
235.91,54.28
235.93,54.28
235.94,54.28
235.96,54.28
235.97,54.28
235.99,54.28
236.00,54.28
236.02,54.28
236.03,54.28
236.05,54.28
236.06,54.28
236.07,54.28
236.09,54.28
236.10,54.28
236.12,54.28
236.13,54.28
236.15,54.28
236.16,54.28
236.18,54.28
236.19,54.29
236.21,54.29
236.22,54.29
236.24,54.29
236.25,54.29
236.27,54.29
236.28,54.28
236.30,54.28
236.31,54.28
236.33,54.29
236.34,54.29
236.35,54.29
236.37,54.30
236.38,54.30
236.40,54.30
236.41,54.30
236.43,54.31
236.44,54.31
236.46,54.31
236.47,54.32
236.49,54.32
236.50,54.32
236.52,54.32
236.53,54.33
236.55,54.33
236.56,54.33
236.58,54.33
236.59,54.34
236.60,54.34
236.62,54.34
236.63,54.35
236.65,54.35
236.66,54.35
236.68,54.35
236.69,54.36
236.71,54.36
236.72,54.36
236.74,54.37
236.75,54.37
236.77,54.37
236.78,54.37
236.80,54.38
236.81,54.38
236.83,54.38
236.84,54.38
236.85,54.38
236.87,54.38
236.88,54.38
236.90,54.38
236.91,54.38
236.93,54.38
236.94,54.38
236.96,54.37
236.97,54.37
236.99,54.37
237.00,54.37
237.02,54.37
237.03,54.37
237.05,54.37
237.06,54.37
237.08,54.37
237.09,54.37
237.10,54.37
237.12,54.36
237.13,54.36
237.15,54.36
237.16,54.36
237.18,54.36
237.19,54.36
237.21,54.36
237.22,54.36
237.24,54.35
237.25,54.35
237.27,54.36
237.28,54.35
237.30,54.35
237.31,54.35
237.33,54.35
237.34,54.35
237.35,54.35
237.37,54.35
237.38,54.35
237.40,54.34
237.41,54.34
237.43,54.34
237.44,54.34
237.46,54.34
237.47,54.34
237.49,54.34
237.50,54.34
237.52,54.33
237.53,54.34
237.55,54.34
237.56,54.33
237.58,54.33
237.59,54.33
237.60,54.33
237.62,54.33
237.63,54.33
237.65,54.33
237.66,54.33
237.68,54.32
237.69,54.32
237.71,54.33
237.72,54.32
237.74,54.32
237.75,54.32
237.77,54.32
237.78,54.32
237.80,54.32
237.81,54.32
237.83,54.32
237.84,54.31
237.86,54.31
237.87,54.31
237.88,54.31
237.90,54.31
237.91,54.31
237.93,54.31
237.94,54.31
237.96,54.30
237.97,54.31
237.99,54.31
238.00,54.30
238.02,54.30
238.03,54.30
238.05,54.30
238.06,54.30
238.08,54.30
238.09,54.30
238.11,54.30
238.12,54.29
238.13,54.29
238.15,54.30
238.16,54.29
238.18,54.29
238.19,54.29
238.21,54.29
238.22,54.29
238.24,54.29
238.25,54.29
238.27,54.29
238.28,54.28
238.30,54.28
238.31,54.28
238.33,54.28
238.34,54.28
238.36,54.28
238.37,54.28
238.38,54.28
238.40,54.27
238.41,54.28
238.43,54.28
238.44,54.27
238.46,54.27
238.47,54.27
238.49,54.27
238.50,54.27
238.52,54.27
238.53,54.27
238.55,54.27
238.56,54.26
238.58,54.26
238.59,54.27
238.61,54.26
238.62,54.26
238.63,54.26
238.65,54.26
238.66,54.26
238.68,54.26
238.69,54.26
238.71,54.26
238.72,54.25
238.74,54.25
238.75,54.25
238.77,54.25
238.78,54.25
238.80,54.25
238.81,54.25
238.83,54.25
238.84,54.24
238.86,54.25
238.87,54.25
238.88,54.24
238.90,54.24
238.91,54.24
238.93,54.24
238.94,54.24
238.96,54.24
238.97,54.24
238.99,54.24
239.00,54.24
239.02,54.24
239.03,54.24
239.05,54.24
239.06,54.24
239.08,54.24
239.09,54.24
239.11,54.24
239.12,54.24
239.13,54.24
239.15,54.24
239.16,54.24
239.18,54.24
239.19,54.24
239.21,54.24
239.22,54.24
239.24,54.24
239.25,54.24
239.27,54.24
239.28,54.24
239.30,54.25
239.31,54.25
239.33,54.25
239.34,54.25
239.36,54.25
239.37,54.25
239.39,54.25
239.40,54.25
239.41,54.25
239.43,54.25
239.44,54.25
239.46,54.25
239.47,54.26
239.49,54.26
239.50,54.26
239.52,54.27
239.53,54.27
239.55,54.27
239.56,54.27
239.58,54.28
239.59,54.28
239.61,54.28
239.62,54.29
239.64,54.29
239.65,54.29
239.66,54.28
239.68,54.28
239.69,54.28
239.71,54.28
239.72,54.28
239.74,54.28
239.75,54.28
239.77,54.28
239.78,54.28
239.80,54.27
239.81,54.28
239.83,54.27
239.84,54.27
239.86,54.27
239.87,54.27
239.89,54.27
239.90,54.27
239.91,54.27
239.93,54.27
239.94,54.27
239.96,54.26
239.97,54.26
239.99,54.26
240.00,54.26
240.02,54.26
240.03,54.26
240.05,54.26
240.06,54.26
240.08,54.26
240.09,54.26
240.11,54.26
240.12,54.26
240.14,54.26
240.15,54.26
240.16,54.26
240.18,54.26
240.19,54.26
240.21,54.26
240.22,54.26
240.24,54.27
240.25,54.27
240.27,54.27
240.28,54.27
240.30,54.27
240.31,54.27
240.33,54.27
240.34,54.27
240.36,54.27
240.37,54.27
240.39,54.27
240.40,54.28
240.41,54.28
240.43,54.28
240.44,54.29
240.46,54.29
240.47,54.29
240.49,54.29
240.50,54.29
240.52,54.29
240.53,54.29
240.55,54.29
240.56,54.29
240.58,54.28
240.59,54.28
240.61,54.29
240.62,54.28
240.64,54.28
240.65,54.28
240.66,54.28
240.68,54.28
240.69,54.28
240.71,54.28
240.72,54.28
240.74,54.27
240.75,54.27
240.77,54.27
240.78,54.27
240.80,54.27
240.81,54.27
240.83,54.27
240.84,54.27
240.86,54.26
240.87,54.27
240.89,54.27
240.90,54.26
240.92,54.26
240.93,54.26
240.94,54.26
240.96,54.26
240.97,54.26
240.99,54.26
241.00,54.26
241.02,54.26
241.03,54.26
241.05,54.26
241.06,54.26
241.08,54.26
241.09,54.26
241.11,54.27
241.12,54.27
241.14,54.27
241.15,54.27
241.17,54.27
241.18,54.27
241.19,54.27
241.21,54.27
241.22,54.27
241.24,54.27
241.25,54.27
241.27,54.27
241.28,54.27
241.30,54.27
241.31,54.27
241.33,54.27
241.34,54.27
241.36,54.27
241.37,54.27
241.39,54.27
241.40,54.27
241.42,54.27
241.43,54.28
241.44,54.28
241.46,54.28
241.47,54.28
241.49,54.28
241.50,54.28
241.52,54.28
241.53,54.28
241.55,54.28
241.56,54.28
241.58,54.28
241.59,54.28
241.61,54.28
241.62,54.28
241.64,54.28
241.65,54.28
241.67,54.28
241.68,54.28
241.69,54.28
241.71,54.28
241.72,54.28
241.74,54.28
241.75,54.28
241.77,54.29
241.78,54.29
241.80,54.29
241.81,54.29
241.83,54.29
241.84,54.29
241.86,54.29
241.87,54.29
241.89,54.29
241.90,54.29
241.92,54.29
241.93,54.29
241.94,54.29
241.96,54.29
241.97,54.29
241.99,54.29
242.00,54.29
242.02,54.29
242.03,54.29
242.05,54.29
242.06,54.29
242.08,54.29
242.09,54.29
242.11,54.29
242.12,54.29
242.14,54.29
242.15,54.29
242.17,54.29
242.18,54.29
242.19,54.29
242.21,54.29
242.22,54.30
242.24,54.30
242.25,54.30
242.27,54.30
242.28,54.30
242.30,54.30
242.31,54.30
242.33,54.29
242.34,54.29
242.36,54.29
242.37,54.29
242.39,54.30
242.40,54.30
242.42,54.30
242.43,54.30
242.45,54.31
242.46,54.31
242.47,54.31
242.49,54.32
242.50,54.32
242.52,54.32
242.53,54.32
242.55,54.33
242.56,54.33
242.58,54.33
242.59,54.33
242.61,54.34
242.62,54.34
242.64,54.34
242.65,54.35
242.67,54.35
242.68,54.35
242.70,54.35
242.71,54.36
242.72,54.36
242.74,54.36
242.75,54.37
242.77,54.37
242.78,54.37
242.80,54.37
242.81,54.38
242.83,54.38
242.84,54.38
242.86,54.38
242.87,54.39
242.89,54.39
242.90,54.39
242.92,54.40
242.93,54.40
242.95,54.40
242.96,54.40
242.97,54.41
242.99,54.41
243.00,54.41
243.02,54.42
243.03,54.42
243.05,54.42
243.06,54.42
243.08,54.42
243.09,54.42
243.11,54.42
243.12,54.42
243.14,54.41
243.15,54.41
243.17,54.42
243.18,54.41
243.20,54.41
243.21,54.41
243.22,54.41
243.24,54.41
243.25,54.41
243.27,54.41
243.28,54.41
243.30,54.40
243.31,54.40
243.33,54.40
243.34,54.40
243.36,54.40
243.37,54.40
243.39,54.40
243.40,54.40
243.42,54.39
243.43,54.40
243.45,54.40
243.46,54.39
243.47,54.39
243.49,54.39
243.50,54.39
243.52,54.39
243.53,54.39
243.55,54.39
243.56,54.39
243.58,54.38
243.59,54.38
243.61,54.39
243.62,54.38
243.64,54.38
243.65,54.38
243.67,54.38
243.68,54.38
243.70,54.38
243.71,54.38
243.72,54.38
243.74,54.37
243.75,54.37
243.77,54.37
243.78,54.37
243.80,54.37
243.81,54.37
243.83,54.37
243.84,54.37
243.86,54.36
243.87,54.37
243.89,54.37
243.90,54.36
243.92,54.36
243.93,54.36
243.95,54.36
243.96,54.36
243.98,54.36
243.99,54.36
244.00,54.36
244.02,54.35
244.03,54.35
244.05,54.35
244.06,54.35
244.08,54.35
244.09,54.35
244.11,54.35
244.12,54.35
244.14,54.35
244.15,54.35
244.17,54.35
244.18,54.34
244.20,54.34
244.21,54.34
244.23,54.34
244.24,54.34
244.25,54.34
244.27,54.34
244.28,54.34
244.30,54.33
244.31,54.34
244.33,54.33
244.34,54.33
244.36,54.33
244.37,54.33
244.39,54.33
244.40,54.33
244.42,54.33
244.43,54.33
244.45,54.33
244.46,54.32
244.48,54.32
244.49,54.32
244.50,54.32
244.52,54.32
244.53,54.32
244.55,54.32
244.56,54.32
244.58,54.32
244.59,54.32
244.61,54.31
244.62,54.31
244.64,54.31
244.65,54.31
244.67,54.31
244.68,54.31
244.70,54.31
244.71,54.31
244.73,54.31
244.74,54.30
244.75,54.31
244.77,54.30
244.78,54.30
244.80,54.30
244.81,54.30
244.83,54.30
244.84,54.30
244.86,54.30
244.87,54.30
244.89,54.29
244.90,54.29
244.92,54.29
244.93,54.29
244.95,54.29
244.96,54.29
244.98,54.29
244.99,54.29
245.00,54.29
245.02,54.29
245.03,54.29
245.05,54.28
245.06,54.28
245.08,54.28
245.09,54.28
245.11,54.28
245.12,54.28
245.14,54.28
245.15,54.28
245.17,54.27
245.18,54.27
245.20,54.28
245.21,54.27
245.23,54.27
245.24,54.27
245.25,54.27
245.27,54.27
245.28,54.27
245.30,54.27
245.31,54.27
245.33,54.26
245.34,54.26
245.36,54.26
245.37,54.26
245.39,54.26
245.40,54.26
245.42,54.26
245.43,54.26
245.45,54.26
245.46,54.26
245.48,54.26
245.49,54.25
245.50,54.25
245.52,54.25
245.53,54.25
245.55,54.25
245.56,54.25
245.58,54.25
245.59,54.25
245.61,54.24
245.62,54.24
245.64,54.25
245.65,54.24
245.67,54.24
245.68,54.24
245.70,54.24
245.71,54.24
245.73,54.24
245.74,54.24
245.76,54.24
245.77,54.23
245.78,54.23
245.80,54.23
245.81,54.23
245.83,54.23
245.84,54.23
245.86,54.23
245.87,54.23
245.89,54.23
245.90,54.23
245.92,54.23
245.93,54.22
245.95,54.22
245.96,54.22
245.98,54.22
245.99,54.22
246.01,54.22
246.02,54.22
246.03,54.22
246.05,54.21
246.06,54.21
246.08,54.22
246.09,54.21
246.11,54.21
246.12,54.21
246.14,54.21
246.15,54.21
246.17,54.21
246.18,54.21
246.20,54.21
246.21,54.20
246.23,54.20
246.24,54.20
246.26,54.20
246.27,54.20
246.28,54.20
246.30,54.20
246.31,54.20
246.33,54.20
246.34,54.20
246.36,54.20
246.37,54.20
246.39,54.20
246.40,54.20
246.42,54.20
246.43,54.20
246.45,54.20
246.46,54.20
246.48,54.20
246.49,54.20
246.51,54.20
246.52,54.20
246.53,54.20
246.55,54.20
246.56,54.20
246.58,54.20
246.59,54.20
246.61,54.20
246.62,54.20
246.64,54.20
246.65,54.21
246.67,54.21
246.68,54.21
246.70,54.21
246.71,54.21
246.73,54.21
246.74,54.21
246.76,54.21
246.77,54.21
246.78,54.21
246.80,54.21
246.81,54.21
246.83,54.21
246.84,54.21
246.86,54.22
246.87,54.22
246.89,54.22
246.90,54.23
246.92,54.23
246.93,54.23
246.95,54.23
246.96,54.24
246.98,54.24
246.99,54.24
247.01,54.24
247.02,54.25
247.03,54.25
247.05,54.25
247.06,54.25
247.08,54.25
247.09,54.25
247.11,54.25
247.12,54.25
247.14,54.25
247.15,54.25
247.17,54.25
247.18,54.25
247.20,54.26
247.21,54.26
247.23,54.26
247.24,54.26
247.26,54.26
247.27,54.26
247.29,54.26
247.30,54.26
247.31,54.26
247.33,54.26
247.34,54.26
247.36,54.26
247.37,54.26
247.39,54.26
247.40,54.27
247.42,54.27
247.43,54.27
247.45,54.27
247.46,54.28
247.48,54.28
247.49,54.28
247.51,54.29
247.52,54.29
247.54,54.29
247.55,54.29
247.56,54.29
247.58,54.29
247.59,54.29
247.61,54.29
247.62,54.29
247.64,54.29
247.65,54.29
247.67,54.28
247.68,54.29
247.70,54.29
247.71,54.28
247.73,54.28
247.74,54.28
247.76,54.28
247.77,54.28
247.79,54.28
247.80,54.28
247.81,54.28
247.83,54.27
247.84,54.27
247.86,54.28
247.87,54.27
247.89,54.27
247.90,54.27
247.92,54.27
247.93,54.27
247.95,54.27
247.96,54.27
247.98,54.27
247.99,54.26
248.01,54.26
248.02,54.26
248.04,54.26
248.05,54.26
248.06,54.26
248.08,54.26
248.09,54.26
248.11,54.25
248.12,54.26
248.14,54.26
248.15,54.25
248.17,54.25
248.18,54.25
248.20,54.25
248.21,54.25
248.23,54.25
248.24,54.25
248.26,54.25
248.27,54.24
248.29,54.24
248.30,54.25
248.31,54.24
248.33,54.24
248.34,54.24
248.36,54.24
248.37,54.24
248.39,54.24
248.40,54.24
248.42,54.24
248.43,54.24
248.45,54.24
248.46,54.24
248.48,54.24
248.49,54.24
248.51,54.24
248.52,54.24
248.54,54.24
248.55,54.24
248.56,54.24
248.58,54.24
248.59,54.24
248.61,54.24
248.62,54.24
248.64,54.24
248.65,54.24
248.67,54.24
248.68,54.24
248.70,54.24
248.71,54.25
248.73,54.25
248.74,54.25
248.76,54.25
248.77,54.25
248.79,54.25
248.80,54.25
248.82,54.25
248.83,54.25
248.84,54.25
248.86,54.25
248.87,54.25
248.89,54.25
248.90,54.25
248.92,54.25
248.93,54.25
248.95,54.25
248.96,54.25
248.98,54.25
248.99,54.25
249.01,54.25
249.02,54.25
249.04,54.25
249.05,54.25
249.07,54.25
249.08,54.25
249.09,54.26
249.11,54.26
249.12,54.26
249.14,54.26
249.15,54.27
249.17,54.27
249.18,54.27
249.20,54.28
249.21,54.28
249.23,54.28
249.24,54.28
249.26,54.29
249.27,54.29
249.29,54.29
249.30,54.29
249.32,54.30
249.33,54.30
249.34,54.30
249.36,54.31
249.37,54.30
249.39,54.31
249.40,54.31
249.42,54.30
249.43,54.30
249.45,54.30
249.46,54.30
249.48,54.30
249.49,54.30
249.51,54.30
249.52,54.30
249.54,54.29
249.55,54.29
249.57,54.30
249.58,54.29
249.59,54.29
249.61,54.29
249.62,54.29
249.64,54.29
249.65,54.29
249.67,54.29
249.68,54.29
249.70,54.28
249.71,54.28
249.73,54.28
249.74,54.28
249.76,54.28
249.77,54.28
249.79,54.28
249.80,54.28
249.82,54.27
249.83,54.28
249.84,54.28
249.86,54.27
249.87,54.27
249.89,54.27
249.90,54.27
249.92,54.27
249.93,54.27
249.95,54.27
249.96,54.27
249.98,54.26
249.99,54.26
250.01,54.26
250.02,54.26
250.04,54.26
250.05,54.26
250.07,54.26
250.08,54.26
250.09,54.26
250.11,54.26
250.12,54.26
250.14,54.25
250.15,54.25
250.17,54.25
250.18,54.25
250.20,54.25
250.21,54.25
250.23,54.25
250.24,54.25
250.26,54.24
250.27,54.25
250.29,54.25
250.30,54.24
250.32,54.24
250.33,54.24
250.35,54.24
250.36,54.24
250.37,54.24
250.39,54.24
250.40,54.24
250.42,54.23
250.43,54.23
250.45,54.23
250.46,54.23
250.48,54.23
250.49,54.23
250.51,54.23
250.52,54.23
250.54,54.23
250.55,54.23
250.57,54.23
250.58,54.22
250.60,54.22
250.61,54.22
250.62,54.22
250.64,54.22
250.65,54.22
250.67,54.22
250.68,54.22
250.70,54.21
250.71,54.22
250.73,54.22
250.74,54.21
250.76,54.21
250.77,54.21
250.79,54.21
250.80,54.21
250.82,54.21
250.83,54.21
250.85,54.21
250.86,54.20
250.87,54.20
250.89,54.21
250.90,54.20
250.92,54.20
250.93,54.20
250.95,54.20
250.96,54.20
250.98,54.20
250.99,54.20
251.01,54.20
251.02,54.19
251.04,54.19
251.05,54.19
251.07,54.19
251.08,54.19
251.10,54.19
251.11,54.19
251.12,54.19
251.14,54.18
251.15,54.19
251.17,54.19
251.18,54.18
251.20,54.18
251.21,54.18
251.23,54.18
251.24,54.18
251.26,54.18
251.27,54.18
251.29,54.18
251.30,54.17
251.32,54.17
251.33,54.18
251.35,54.18
251.36,54.18
251.37,54.18
251.39,54.18
251.40,54.18
251.42,54.18
251.43,54.18
251.45,54.18
251.46,54.18
251.48,54.18
251.49,54.18
251.51,54.18
251.52,54.18
251.54,54.18
251.55,54.18
251.57,54.19
251.58,54.19
251.60,54.19
251.61,54.19
251.62,54.19
251.64,54.19
251.65,54.19
251.67,54.19
251.68,54.19
251.70,54.19
251.71,54.19
251.73,54.19
251.74,54.19
251.76,54.19
251.77,54.19
251.79,54.19
251.80,54.19
251.82,54.19
251.83,54.19
251.85,54.19
251.86,54.19
251.88,54.19
251.89,54.19
251.90,54.19
251.92,54.19
251.93,54.18
251.95,54.19
251.96,54.19
251.98,54.19
251.99,54.20
252.01,54.20
252.02,54.20
252.04,54.21
252.05,54.21
252.07,54.21
252.08,54.21
252.10,54.22
252.11,54.22
252.13,54.22
252.14,54.22
252.15,54.23
252.17,54.23
252.18,54.23
252.20,54.24
252.21,54.24
252.23,54.24
252.24,54.24
252.26,54.25
252.27,54.25
252.29,54.25
252.30,54.26
252.32,54.26
252.33,54.26
252.35,54.26
252.36,54.27
252.38,54.27
252.39,54.27
252.40,54.28
252.42,54.28
252.43,54.28
252.45,54.28
252.46,54.29
252.48,54.29
252.49,54.29
252.51,54.29
252.52,54.29
252.54,54.29
252.55,54.29
252.57,54.29
252.58,54.29
252.60,54.29
252.61,54.29
252.63,54.29
252.64,54.29
252.65,54.30
252.67,54.30
252.68,54.30
252.70,54.30
252.71,54.30
252.73,54.30
252.74,54.30
252.76,54.30
252.77,54.30
252.79,54.29
252.80,54.29
252.82,54.30
252.83,54.30
252.85,54.30
252.86,54.30
252.88,54.31
252.89,54.31
252.90,54.31
252.92,54.32
252.93,54.32
252.95,54.32
252.96,54.32
252.98,54.33
252.99,54.33
253.01,54.33
253.02,54.34
253.04,54.34
253.05,54.34
253.07,54.34
253.08,54.35
253.10,54.35
253.11,54.35
253.13,54.36
253.14,54.36
253.15,54.36
253.17,54.36
253.18,54.37
253.20,54.37
253.21,54.37
253.23,54.37
253.24,54.38
253.26,54.38
253.27,54.38
253.29,54.39
253.30,54.39
253.32,54.39
253.33,54.39
253.35,54.40
253.36,54.40
253.38,54.40
253.39,54.41
253.41,54.41
253.42,54.41
253.43,54.41
253.45,54.42
253.46,54.42
253.48,54.42
253.49,54.43
253.51,54.43
253.52,54.43
253.54,54.43
253.55,54.44
253.57,54.44
253.58,54.44
253.60,54.44
253.61,54.45
253.63,54.45
253.64,54.45
253.66,54.46
253.67,54.46
253.68,54.46
253.70,54.46
253.71,54.47
253.73,54.47
253.74,54.47
253.76,54.48
253.77,54.48
253.79,54.48
253.80,54.48
253.82,54.49
253.83,54.49
253.85,54.49
253.86,54.49
253.88,54.50
253.89,54.50
253.91,54.50
253.92,54.51
253.93,54.51
253.95,54.51
253.96,54.51
253.98,54.52
253.99,54.52
254.01,54.52
254.02,54.53
254.04,54.53
254.05,54.53
254.07,54.53
254.08,54.54
254.10,54.54
254.11,54.54
254.13,54.54
254.14,54.55
254.16,54.55
254.17,54.55
254.18,54.56
254.20,54.56
254.21,54.56
254.23,54.56
254.24,54.57
254.26,54.57
254.27,54.57
254.29,54.58
254.30,54.58
254.32,54.58
254.33,54.58
254.35,54.59
254.36,54.59
254.38,54.59
254.39,54.59
254.41,54.60
254.42,54.60
254.43,54.60
254.45,54.61
254.46,54.61
254.48,54.61
254.49,54.61
254.51,54.62
254.52,54.62
254.54,54.62
254.55,54.63
254.57,54.63
254.58,54.63
254.60,54.63
254.61,54.64
254.63,54.64
254.64,54.64
254.66,54.64
254.67,54.65
254.68,54.65
254.70,54.65
254.71,54.66
254.73,54.66
254.74,54.66
254.76,54.66
254.77,54.66
254.79,54.66
254.80,54.66
254.82,54.66
254.83,54.66
254.85,54.66
254.86,54.66
254.88,54.66
254.89,54.66
254.91,54.66
254.92,54.66
254.94,54.66
254.95,54.66
254.96,54.67
254.98,54.67
254.99,54.67
255.01,54.67
255.02,54.67
255.04,54.67
255.05,54.67
255.07,54.67
255.08,54.67
255.10,54.67
255.11,54.67
255.13,54.67
255.14,54.67
255.16,54.67
255.17,54.67
255.19,54.67
255.20,54.67
255.21,54.67
255.23,54.67
255.24,54.67
255.26,54.67
255.27,54.67
255.29,54.67
255.30,54.67
255.32,54.67
255.33,54.68
255.35,54.68
255.36,54.68
255.38,54.68
255.39,54.68
255.41,54.68
255.42,54.68
255.44,54.67
255.45,54.67
255.46,54.67
255.48,54.68
255.49,54.68
255.51,54.68
255.52,54.69
255.54,54.69
255.55,54.69
255.57,54.69
255.58,54.70
255.60,54.70
255.61,54.70
255.63,54.71
255.64,54.71
255.66,54.71
255.67,54.71
255.69,54.72
255.70,54.72
255.71,54.72
255.73,54.72
255.74,54.73
255.76,54.73
255.77,54.73
255.79,54.74
255.80,54.74
255.82,54.74
255.83,54.74
255.85,54.74
255.86,54.74
255.88,54.74
255.89,54.75
255.91,54.75
255.92,54.75
255.94,54.75
255.95,54.75
255.96,54.75
255.98,54.75
255.99,54.75
256.01,54.75
256.02,54.75
256.04,54.75
256.05,54.75
256.07,54.75
256.08,54.75
256.10,54.75
256.11,54.75
256.13,54.75
256.14,54.75
256.16,54.75
256.17,54.75
256.19,54.75
256.20,54.75
256.21,54.75
256.23,54.75
256.24,54.76
256.26,54.76
256.27,54.76
256.29,54.77
256.30,54.77
256.32,54.77
256.33,54.77
256.35,54.78
256.36,54.78
256.38,54.78
256.39,54.78
256.41,54.79
256.42,54.79
256.44,54.79
256.45,54.80
256.47,54.80
256.48,54.80
256.49,54.80
256.51,54.81
256.52,54.81
256.54,54.81
256.55,54.81
256.57,54.82
256.58,54.82
256.60,54.82
256.61,54.83
256.63,54.83
256.64,54.83
256.66,54.83
256.67,54.84
256.69,54.84
256.70,54.84
256.72,54.84
256.73,54.85
256.74,54.85
256.76,54.85
256.77,54.86
256.79,54.86
256.80,54.86
256.82,54.86
256.83,54.87
256.85,54.87
256.86,54.87
256.88,54.87
256.89,54.88
256.91,54.88
256.92,54.88
256.94,54.89
256.95,54.89
256.97,54.89
256.98,54.89
256.99,54.90
257.01,54.90
257.02,54.90
257.04,54.90
257.05,54.91
257.07,54.91
257.08,54.91
257.10,54.92
257.11,54.92
257.13,54.92
257.14,54.92
257.16,54.93
257.17,54.93
257.19,54.93
257.20,54.93
257.22,54.94
257.23,54.94
257.24,54.94
257.26,54.95
257.27,54.95
257.29,54.95
257.30,54.95
257.32,54.96
257.33,54.96
257.35,54.96
257.36,54.96
257.38,54.97
257.39,54.97
257.41,54.97
257.42,54.98
257.44,54.98
257.45,54.98
257.47,54.98
257.48,54.99
257.49,54.99
257.51,54.99
257.52,54.99
257.54,55.00
257.55,55.00
257.57,55.00
257.58,55.01
257.60,55.01
257.61,55.01
257.63,55.01
257.64,55.02
257.66,55.02
257.67,55.02
257.69,55.02
257.70,55.03
257.72,55.03
257.73,55.03
257.74,55.03
257.76,55.04
257.77,55.04
257.79,55.04
257.80,55.05
257.82,55.05
257.83,55.05
257.85,55.05
257.86,55.06
257.88,55.06
257.89,55.06
257.91,55.06
257.92,55.07
257.94,55.07
257.95,55.07
257.97,55.08
257.98,55.08
258.00,55.08
258.01,55.08
258.02,55.09
258.04,55.09
258.05,55.09
258.07,55.09
258.08,55.10
258.10,55.10
258.11,55.10
258.13,55.11
258.14,55.11
258.16,55.11
258.17,55.11
258.19,55.12
258.20,55.12
258.22,55.12
258.23,55.12
258.25,55.13
258.26,55.13
258.27,55.13
258.29,55.13
258.30,55.14
258.32,55.14
258.33,55.14
258.35,55.15
258.36,55.15
258.38,55.15
258.39,55.15
258.41,55.16
258.42,55.16
258.44,55.16
258.45,55.16
258.47,55.17
258.48,55.17
258.50,55.17
258.51,55.17
258.52,55.18
258.54,55.18
258.55,55.18
258.57,55.19
258.58,55.19
258.60,55.19
258.61,55.19
258.63,55.20
258.64,55.20
258.66,55.20
258.67,55.20
258.69,55.21
258.70,55.21
258.72,55.21
258.73,55.22
258.75,55.22
258.76,55.22
258.77,55.22
258.79,55.23
258.80,55.23
258.82,55.23
258.83,55.23
258.85,55.24
258.86,55.24
258.88,55.24
258.89,55.24
258.91,55.25
258.92,55.25
258.94,55.25
258.95,55.26
258.97,55.26
258.98,55.26
259.00,55.26
259.01,55.27
259.02,55.27
259.04,55.27
259.05,55.27
259.07,55.28
259.08,55.28
259.10,55.28
259.11,55.28
259.13,55.29
259.14,55.29
259.16,55.29
259.17,55.30
259.19,55.30
259.20,55.30
259.22,55.30
259.23,55.30
259.25,55.30
259.26,55.30
259.27,55.30
259.29,55.30
259.30,55.30
259.32,55.30
259.33,55.30
259.35,55.30
259.36,55.30
259.38,55.30
259.39,55.30
259.41,55.30
259.42,55.30
259.44,55.30
259.45,55.30
259.47,55.30
259.48,55.30
259.50,55.30
259.51,55.31
259.53,55.31
259.54,55.31
259.55,55.31
259.57,55.31
259.58,55.31
259.60,55.31
259.61,55.31
259.63,55.31
259.64,55.31
259.66,55.31
259.67,55.31
259.69,55.31
259.70,55.31
259.72,55.31
259.73,55.31
259.75,55.31
259.76,55.31
259.78,55.31
259.79,55.31
259.80,55.31
259.82,55.31
259.83,55.31
259.85,55.31
259.86,55.31
259.88,55.31
259.89,55.31
259.91,55.31
259.92,55.31
259.94,55.31
259.95,55.31
259.97,55.32
259.98,55.31
260.00,55.31
260.01,55.31
260.03,55.31
260.04,55.32
260.05,55.32
260.07,55.32
260.08,55.32
260.10,55.33
260.11,55.33
260.13,55.33
260.14,55.33
260.16,55.34
260.17,55.34
260.19,55.34
260.20,55.34
260.22,55.35
260.23,55.35
260.25,55.35
260.26,55.36
260.28,55.36
260.29,55.36
260.30,55.36
260.32,55.37
260.33,55.37
260.35,55.37
260.36,55.37
260.38,55.38
260.39,55.38
260.41,55.38
260.42,55.38
260.44,55.39
260.45,55.39
260.47,55.39
260.48,55.39
260.50,55.40
260.51,55.40
260.53,55.40
260.54,55.41
260.55,55.41
260.57,55.41
260.58,55.41
260.60,55.42
260.61,55.42
260.63,55.42
260.64,55.42
260.66,55.43
260.67,55.43
260.69,55.43
260.70,55.43
260.72,55.44
260.73,55.44
260.75,55.44
260.76,55.45
260.78,55.45
260.79,55.45
260.80,55.45
260.82,55.46
260.83,55.46
260.85,55.46
260.86,55.46
260.88,55.47
260.89,55.47
260.91,55.47
260.92,55.47
260.94,55.48
260.95,55.48
260.97,55.48
260.98,55.48
261.00,55.49
261.01,55.49
261.03,55.49
261.04,55.50
261.06,55.50
261.07,55.50
261.08,55.50
261.10,55.51
261.11,55.51
261.13,55.51
261.14,55.51
261.16,55.52
261.17,55.52
261.19,55.52
261.20,55.52
261.22,55.52
261.23,55.52
261.25,55.52
261.26,55.52
261.28,55.52
261.29,55.52
261.31,55.52
261.32,55.52
261.33,55.52
261.35,55.52
261.36,55.52
261.38,55.52
261.39,55.52
261.41,55.52
261.42,55.52
261.44,55.52
261.45,55.52
261.47,55.52
261.48,55.52
261.50,55.52
261.51,55.52
261.53,55.52
261.54,55.52
261.56,55.52
261.57,55.52
261.58,55.52
261.60,55.53
261.61,55.53
261.63,55.53
261.64,55.53
261.66,55.53
261.67,55.53
261.69,55.53
261.70,55.53
261.72,55.53
261.73,55.53
261.75,55.53
261.76,55.53
261.78,55.53
261.79,55.53
261.81,55.53
261.82,55.53
261.83,55.53
261.85,55.53
261.86,55.53
261.88,55.53
261.89,55.53
261.91,55.53
261.92,55.53
261.94,55.53
261.95,55.54
261.97,55.54
261.98,55.54
262.00,55.54
262.01,55.55
262.03,55.55
262.04,55.55
262.06,55.55
262.07,55.56
262.08,55.56
262.10,55.56
262.11,55.56
262.13,55.57
262.14,55.57
262.16,55.57
262.17,55.57
262.19,55.57
262.20,55.57
262.22,55.57
262.23,55.57
262.25,55.57
262.26,55.57
262.28,55.57
262.29,55.57
262.31,55.57
262.32,55.57
262.33,55.57
262.35,55.57
262.36,55.57
262.38,55.57
262.39,55.58
262.41,55.58
262.42,55.58
262.44,55.58
262.45,55.58
262.47,55.58
262.48,55.58
262.50,55.58
262.51,55.58
262.53,55.58
262.54,55.58
262.56,55.58
262.57,55.58
262.59,55.58
262.60,55.58
262.61,55.58
262.63,55.58
262.64,55.58
262.66,55.58
262.67,55.58
262.69,55.58
262.70,55.58
262.72,55.58
262.73,55.57
262.75,55.58
262.76,55.58
262.78,55.58
262.79,55.59
262.81,55.59
262.82,55.59
262.84,55.59
262.85,55.60
262.86,55.60
262.88,55.60
262.89,55.60
262.91,55.61
262.92,55.61
262.94,55.61
262.95,55.61
262.97,55.62
262.98,55.62
263.00,55.62
263.01,55.62
263.03,55.63
263.04,55.63
263.06,55.63
263.07,55.64
263.09,55.64
263.10,55.64
263.11,55.64
263.13,55.65
263.14,55.65
263.16,55.65
263.17,55.65
263.19,55.66
263.20,55.66
263.22,55.66
263.23,55.66
263.25,55.67
263.26,55.67
263.28,55.67
263.29,55.67
263.31,55.68
263.32,55.68
263.34,55.68
263.35,55.68
263.36,55.69
263.38,55.69
263.39,55.69
263.41,55.69
263.42,55.70
263.44,55.70
263.45,55.70
263.47,55.71
263.48,55.71
263.50,55.71
263.51,55.71
263.53,55.72
263.54,55.72
263.56,55.72
263.57,55.72
263.59,55.73
263.60,55.73
263.61,55.73
263.63,55.73
263.64,55.74
263.66,55.74
263.67,55.74
263.69,55.74
263.70,55.75
263.72,55.75
263.73,55.75
263.75,55.75
263.76,55.76
263.78,55.76
263.79,55.76
263.81,55.76
263.82,55.77
263.84,55.77
263.85,55.77
263.86,55.78
263.88,55.78
263.89,55.78
263.91,55.78
263.92,55.79
263.94,55.79
263.95,55.79
263.97,55.79
263.98,55.80
264.00,55.80
264.01,55.80
264.03,55.80
264.04,55.81
264.06,55.81
264.07,55.81
264.09,55.81
264.10,55.82
264.12,55.82
264.13,55.82
264.14,55.82
264.16,55.82
264.17,55.82
264.19,55.82
264.20,55.82
264.22,55.82
264.23,55.82
264.25,55.82
264.26,55.82
264.28,55.82
264.29,55.82
264.31,55.82
264.32,55.82
264.34,55.82
264.35,55.82
264.37,55.82
264.38,55.82
264.39,55.82
264.41,55.82
264.42,55.82
264.44,55.82
264.45,55.83
264.47,55.83
264.48,55.83
264.50,55.83
264.51,55.83
264.53,55.83
264.54,55.83
264.56,55.83
264.57,55.83
264.59,55.83
264.60,55.83
264.62,55.83
264.63,55.83
264.64,55.83
264.66,55.83
264.67,55.82
264.69,55.82
264.70,55.82
264.72,55.83
264.73,55.83
264.75,55.83
264.76,55.83
264.78,55.84
264.79,55.84
264.81,55.84
264.82,55.84
264.84,55.85
264.85,55.85
264.87,55.85
264.88,55.86
264.89,55.86
264.91,55.86
264.92,55.86
264.94,55.87
264.95,55.87
264.97,55.87
264.98,55.87
265.00,55.88
265.01,55.88
265.03,55.88
265.04,55.88
265.06,55.89
265.07,55.89
265.09,55.89
265.10,55.89
265.12,55.90
265.13,55.90
265.14,55.90
265.16,55.90
265.17,55.91
265.19,55.91
265.20,55.91
265.22,55.91
265.23,55.92
265.25,55.92
265.26,55.92
265.28,55.92
265.29,55.93
265.31,55.93
265.32,55.93
265.34,55.93
265.35,55.94
265.37,55.94
265.38,55.94
265.39,55.94
265.41,55.95
265.42,55.95
265.44,55.95
265.45,55.96
265.47,55.96
265.48,55.96
265.50,55.96
265.51,55.97
265.53,55.97
265.54,55.97
265.56,55.97
265.57,55.98
265.59,55.98
265.60,55.98
265.62,55.98
265.63,55.99
265.64,55.99
265.66,55.99
265.67,55.99
265.69,56.00
265.70,56.00
265.72,56.00
265.73,56.00
265.75,56.01
265.76,56.01
265.78,56.01
265.79,56.01
265.81,56.02
265.82,56.02
265.84,56.02
265.85,56.02
265.87,56.03
265.88,56.03
265.90,56.03
265.91,56.03
265.92,56.04
265.94,56.04
265.95,56.04
265.97,56.04
265.98,56.05
266.00,56.05
266.01,56.05
266.03,56.05
266.04,56.06
266.06,56.06
266.07,56.06
266.09,56.06
266.10,56.07
266.12,56.07
266.13,56.07
266.15,56.07
266.16,56.07
266.17,56.07
266.19,56.07
266.20,56.07
266.22,56.07
266.23,56.07
266.25,56.07
266.26,56.07
266.28,56.07
266.29,56.07
266.31,56.07
266.32,56.07
266.34,56.07
266.35,56.07
266.37,56.07
266.38,56.07
266.40,56.07
266.41,56.07
266.42,56.07
266.44,56.07
266.45,56.07
266.47,56.07
266.48,56.07
266.50,56.07
266.51,56.07
266.53,56.07
266.54,56.07
266.56,56.07
266.57,56.07
266.59,56.07
266.60,56.08
266.62,56.08
266.63,56.08
266.65,56.08
266.66,56.08
266.67,56.08
266.69,56.08
266.70,56.08
266.72,56.08
266.73,56.08
266.75,56.08
266.76,56.08
266.78,56.08
266.79,56.08
266.81,56.07
266.82,56.07
266.84,56.07
266.85,56.08
266.87,56.08
266.88,56.08
266.90,56.08
266.91,56.09
266.92,56.09
266.94,56.09
266.95,56.09
266.97,56.10
266.98,56.10
267.00,56.10
267.01,56.10
267.03,56.11
267.04,56.11
267.06,56.11
267.07,56.12
267.09,56.12
267.10,56.12
267.12,56.12
267.13,56.13
267.15,56.13
267.16,56.13
267.17,56.13
267.19,56.14
267.20,56.14
267.22,56.14
267.23,56.14
267.25,56.15
267.26,56.15
267.28,56.15
267.29,56.15
267.31,56.16
267.32,56.16
267.34,56.16
267.35,56.16
267.37,56.17
267.38,56.17
267.40,56.17
267.41,56.17
267.43,56.18
267.44,56.18
267.45,56.18
267.47,56.18
267.48,56.19
267.50,56.19
267.51,56.19
267.53,56.19
267.54,56.20
267.56,56.20
267.57,56.20
267.59,56.20
267.60,56.21
267.62,56.21
267.63,56.21
267.65,56.21
267.66,56.22
267.68,56.22
267.69,56.22
267.70,56.22
267.72,56.23
267.73,56.23
267.75,56.23
267.76,56.23
267.78,56.24
267.79,56.24
267.81,56.24
267.82,56.24
267.84,56.25
267.85,56.25
267.87,56.25
267.88,56.25
267.90,56.26
267.91,56.26
267.93,56.26
267.94,56.26
267.95,56.27
267.97,56.27
267.98,56.27
268.00,56.27
268.01,56.28
268.03,56.28
268.04,56.28
268.06,56.28
268.07,56.29
268.09,56.29
268.10,56.29
268.12,56.29
268.13,56.30
268.15,56.30
268.16,56.30
268.18,56.30
268.19,56.31
268.20,56.31
268.22,56.31
268.23,56.31
268.25,56.32
268.26,56.32
268.28,56.32
268.29,56.32
268.31,56.33
268.32,56.33
268.34,56.33
268.35,56.33
268.37,56.34
268.38,56.34
268.40,56.34
268.41,56.34
268.43,56.35
268.44,56.35
268.45,56.35
268.47,56.35
268.48,56.36
268.50,56.36
268.51,56.36
268.53,56.36
268.54,56.37
268.56,56.37
268.57,56.37
268.59,56.37
268.60,56.38
268.62,56.38
268.63,56.38
268.65,56.38
268.66,56.39
268.68,56.39
268.69,56.39
268.70,56.39
268.72,56.40
268.73,56.40
268.75,56.40
268.76,56.40
268.78,56.41
268.79,56.41
268.81,56.41
268.82,56.41
268.84,56.42
268.85,56.42
268.87,56.42
268.88,56.42
268.90,56.43
268.91,56.43
268.93,56.43
268.94,56.43
268.96,56.44
268.97,56.44
268.98,56.44
269.00,56.44
269.01,56.45
269.03,56.45
269.04,56.45
269.06,56.45
269.07,56.46
269.09,56.46
269.10,56.46
269.12,56.46
269.13,56.47
269.15,56.47
269.16,56.47
269.18,56.47
269.19,56.48
269.21,56.48
269.22,56.48
269.23,56.48
269.25,56.49
269.26,56.49
269.28,56.49
269.29,56.49
269.31,56.50
269.32,56.50
269.34,56.50
269.35,56.50
269.37,56.51
269.38,56.51
269.40,56.51
269.41,56.51
269.43,56.52
269.44,56.52
269.46,56.52
269.47,56.52
269.48,56.53
269.50,56.53
269.51,56.53
269.53,56.53
269.54,56.54
269.56,56.54
269.57,56.54
269.59,56.54
269.60,56.55
269.62,56.55
269.63,56.55
269.65,56.55
269.66,56.56
269.68,56.56
269.69,56.56
269.71,56.56
269.72,56.57
269.73,56.57
269.75,56.57
269.76,56.57
269.78,56.58
269.79,56.58
269.81,56.58
269.82,56.58
269.84,56.58
269.85,56.59
269.87,56.59
269.88,56.59
269.90,56.59
269.91,56.60
269.93,56.60
269.94,56.60
269.96,56.60
269.97,56.61
269.98,56.61
270.00,56.61
270.01,56.61
270.03,56.62
270.04,56.62
270.06,56.62
270.07,56.62
270.09,56.63
270.10,56.63
270.12,56.63
270.13,56.63
270.15,56.64
270.16,56.64
270.18,56.64
270.19,56.64
270.21,56.64
270.22,56.64
270.23,56.64
270.25,56.64
270.26,56.64
270.28,56.64
270.29,56.64
270.31,56.64
270.32,56.64
270.34,56.64
270.35,56.64
270.37,56.64
270.38,56.64
270.40,56.64
270.41,56.64
270.43,56.64
270.44,56.64
270.46,56.64
270.47,56.64
270.49,56.64
270.50,56.64
270.51,56.64
270.53,56.64
270.54,56.64
270.56,56.64
270.57,56.64
270.59,56.64
270.60,56.64
270.62,56.64
270.63,56.64
270.65,56.64
270.66,56.64
270.68,56.64
270.69,56.65
270.71,56.65
270.72,56.65
270.74,56.65
270.75,56.65
270.76,56.65
270.78,56.65
270.79,56.65
270.81,56.65
270.82,56.65
270.84,56.65
270.85,56.65
270.87,56.65
270.88,56.65
270.90,56.65
270.91,56.65
270.93,56.65
270.94,56.65
270.96,56.65
270.97,56.65
270.99,56.65
271.00,56.65
271.01,56.65
271.03,56.65
271.04,56.65
271.06,56.65
271.07,56.65
271.09,56.65
271.10,56.65
271.12,56.65
271.13,56.65
271.15,56.65
271.16,56.65
271.18,56.65
271.19,56.65
271.21,56.65
271.22,56.65
271.24,56.65
271.25,56.65
271.26,56.65
271.28,56.65
271.29,56.65
271.31,56.65
271.32,56.65
271.34,56.65
271.35,56.65
271.37,56.65
271.38,56.65
271.40,56.65
271.41,56.65
271.43,56.65
271.44,56.65
271.46,56.66
271.47,56.66
271.49,56.66
271.50,56.66
271.51,56.67
271.53,56.67
271.54,56.67
271.56,56.67
271.57,56.68
271.59,56.68
271.60,56.68
271.62,56.68
271.63,56.69
271.65,56.69
271.66,56.69
271.68,56.69
271.69,56.70
271.71,56.70
271.72,56.70
271.74,56.70
271.75,56.70
271.76,56.71
271.78,56.71
271.79,56.71
271.81,56.71
271.82,56.72
271.84,56.72
271.85,56.72
271.87,56.72
271.88,56.73
271.90,56.73
271.91,56.73
271.93,56.73
271.94,56.74
271.96,56.74
271.97,56.74
271.99,56.74
272.00,56.75
272.02,56.75
272.03,56.75
272.04,56.75
272.06,56.76
272.07,56.76
272.09,56.76
272.10,56.76
272.12,56.77
272.13,56.77
272.15,56.77
272.16,56.77
272.18,56.78
272.19,56.78
272.21,56.78
272.22,56.78
272.24,56.79
272.25,56.79
272.27,56.79
272.28,56.79
272.29,56.80
272.31,56.80
272.32,56.80
272.34,56.80
272.35,56.80
272.37,56.81
272.38,56.81
272.40,56.81
272.41,56.81
272.43,56.82
272.44,56.82
272.46,56.82
272.47,56.82
272.49,56.83
272.50,56.83
272.52,56.83
272.53,56.83
272.54,56.84
272.56,56.84
272.57,56.84
272.59,56.84
272.60,56.85
272.62,56.85
272.63,56.85
272.65,56.85
272.66,56.86
272.68,56.86
272.69,56.86
272.71,56.86
272.72,56.87
272.74,56.87
272.75,56.87
272.77,56.87
272.78,56.88
272.79,56.88
272.81,56.88
272.82,56.88
272.84,56.88
272.85,56.89
272.87,56.89
272.88,56.89
272.90,56.89
272.91,56.90
272.93,56.90
272.94,56.90
272.96,56.90
272.97,56.91
272.99,56.91
273.00,56.91
273.02,56.91
273.03,56.92
273.04,56.92
273.06,56.92
273.07,56.92
273.09,56.93
273.10,56.93
273.12,56.93
273.13,56.93
273.15,56.94
273.16,56.94
273.18,56.94
273.19,56.94
273.21,56.95
273.22,56.95
273.24,56.95
273.25,56.95
273.27,56.95
273.28,56.96
273.29,56.96
273.31,56.96
273.32,56.96
273.34,56.97
273.35,56.97
273.37,56.97
273.38,56.97
273.40,56.98
273.41,56.98
273.43,56.98
273.44,56.98
273.46,56.99
273.47,56.99
273.49,56.99
273.50,56.99
273.52,57.00
273.53,57.00
273.55,57.00
273.56,57.00
273.57,57.01
273.59,57.01
273.60,57.01
273.62,57.01
273.63,57.02
273.65,57.02
273.66,57.02
273.68,57.02
273.69,57.02
273.71,57.03
273.72,57.03
273.74,57.03
273.75,57.03
273.77,57.04
273.78,57.04
273.80,57.04
273.81,57.04
273.82,57.05
273.84,57.05
273.85,57.05
273.87,57.05
273.88,57.06
273.90,57.06
273.91,57.06
273.93,57.06
273.94,57.07
273.96,57.07
273.97,57.07
273.99,57.07
274.00,57.07
274.02,57.07
274.03,57.07
274.05,57.07
274.06,57.07
274.07,57.07
274.09,57.07
274.10,57.07
274.12,57.07
274.13,57.07
274.15,57.07
274.16,57.07
274.18,57.07
274.19,57.07
274.21,57.07
274.22,57.07
274.24,57.07
274.25,57.07
274.27,57.07
274.28,57.07
274.30,57.07
274.31,57.07
274.32,57.07
274.34,57.07
274.35,57.07
274.37,57.07
274.38,57.07
274.40,57.07
274.41,57.07
274.43,57.07
274.44,57.07
274.46,57.07
274.47,57.07
274.49,57.07
274.50,57.07
274.52,57.07
274.53,57.07
274.55,57.07
274.56,57.07
274.57,57.07
274.59,57.07
274.60,57.07
274.62,57.07
274.63,57.08
274.65,57.08
274.66,57.08
274.68,57.08
274.69,57.08
274.71,57.09
274.72,57.09
274.74,57.09
274.75,57.09
274.77,57.10
274.78,57.10
274.80,57.10
274.81,57.10
274.82,57.11
274.84,57.11
274.85,57.11
274.87,57.11
274.88,57.12
274.90,57.12
274.91,57.12
274.93,57.12
274.94,57.13
274.96,57.13
274.97,57.13
274.99,57.13
275.00,57.14
275.02,57.14
275.03,57.14
275.05,57.14
275.06,57.14
275.08,57.15
275.09,57.15
275.10,57.15
275.12,57.15
275.13,57.16
275.15,57.16
275.16,57.16
275.18,57.16
275.19,57.17
275.21,57.17
275.22,57.17
275.24,57.17
275.25,57.18
275.27,57.18
275.28,57.18
275.30,57.18
275.31,57.18
275.33,57.18
275.34,57.18
275.35,57.18
275.37,57.18
275.38,57.18
275.40,57.18
275.41,57.18
275.43,57.18
275.44,57.18
275.46,57.18
275.47,57.18
275.49,57.18
275.50,57.18
275.52,57.18
275.53,57.18
275.55,57.18
275.56,57.18
275.58,57.18
275.59,57.18
275.60,57.18
275.62,57.18
275.63,57.18
275.65,57.18
275.66,57.18
275.68,57.18
275.69,57.18
275.71,57.18
275.72,57.18
275.74,57.18
275.75,57.18
275.77,57.18
275.78,57.18
275.80,57.18
275.81,57.18
275.83,57.18
275.84,57.17
275.85,57.18
275.87,57.18
275.88,57.18
275.90,57.18
275.91,57.19
275.93,57.19
275.94,57.19
275.96,57.19
275.97,57.20
275.99,57.20
276.00,57.20
276.02,57.20
276.03,57.20
276.05,57.21
276.06,57.21
276.08,57.21
276.09,57.21
276.10,57.22
276.12,57.22
276.13,57.22
276.15,57.22
276.16,57.23
276.18,57.23
276.19,57.23
276.21,57.23
276.22,57.24
276.24,57.24
276.25,57.24
276.27,57.24
276.28,57.24
276.30,57.25
276.31,57.25
276.33,57.25
276.34,57.25
276.35,57.26
276.37,57.26
276.38,57.26
276.40,57.26
276.41,57.27
276.43,57.27
276.44,57.27
276.46,57.27
276.47,57.28
276.49,57.28
276.50,57.28
276.52,57.28
276.53,57.28
276.55,57.28
276.56,57.28
276.58,57.28
276.59,57.28
276.61,57.28
276.62,57.28
276.63,57.28
276.65,57.28
276.66,57.28
276.68,57.28
276.69,57.28
276.71,57.28
276.72,57.28
276.74,57.28
276.75,57.28
276.77,57.28
276.78,57.28
276.80,57.28
276.81,57.28
276.83,57.28
276.84,57.28
276.86,57.28
276.87,57.28
276.88,57.28
276.90,57.28
276.91,57.27
276.93,57.27
276.94,57.27
276.96,57.28
276.97,57.28
276.99,57.28
277.00,57.28
277.02,57.29
277.03,57.29
277.05,57.29
277.06,57.29
277.08,57.30
277.09,57.30
277.11,57.30
277.12,57.30
277.13,57.30
277.15,57.31
277.16,57.31
277.18,57.31
277.19,57.31
277.21,57.32
277.22,57.32
277.24,57.32
277.25,57.32
277.27,57.33
277.28,57.33
277.30,57.33
277.31,57.33
277.33,57.34
277.34,57.34
277.36,57.34
277.37,57.34
277.38,57.34
277.40,57.35
277.41,57.35
277.43,57.35
277.44,57.35
277.46,57.36
277.47,57.36
277.49,57.36
277.50,57.36
277.52,57.37
277.53,57.37
277.55,57.37
277.56,57.37
277.58,57.37
277.59,57.38
277.61,57.38
277.62,57.38
277.63,57.38
277.65,57.39
277.66,57.39
277.68,57.39
277.69,57.39
277.71,57.40
277.72,57.40
277.74,57.40
277.75,57.40
277.77,57.40
277.78,57.40
277.80,57.40
277.81,57.40
277.83,57.40
277.84,57.40
277.86,57.40
277.87,57.40
277.88,57.40
277.90,57.40
277.91,57.40
277.93,57.40
277.94,57.40
277.96,57.40
277.97,57.40
277.99,57.40
278.00,57.40
278.02,57.40
278.03,57.40
278.05,57.40
278.06,57.40
278.08,57.40
278.09,57.40
278.11,57.40
278.12,57.39
278.14,57.39
278.15,57.39
278.16,57.39
278.18,57.39
278.19,57.40
278.21,57.40
278.22,57.40
278.24,57.40
278.25,57.41
278.27,57.41
278.28,57.41
278.30,57.41
278.31,57.42
278.33,57.42
278.34,57.42
278.36,57.42
278.37,57.42
278.39,57.43
278.40,57.43
278.41,57.43
278.43,57.43
278.44,57.44
278.46,57.44
278.47,57.44
278.49,57.44
278.50,57.45
278.52,57.45
278.53,57.45
278.55,57.45
278.56,57.46
278.58,57.46
278.59,57.46
278.61,57.46
278.62,57.46
278.64,57.47
278.65,57.47
278.66,57.47
278.68,57.47
278.69,57.48
278.71,57.48
278.72,57.48
278.74,57.48
278.75,57.49
278.77,57.49
278.78,57.49
278.80,57.49
278.81,57.49
278.83,57.50
278.84,57.50
278.86,57.50
278.87,57.50
278.89,57.51
278.90,57.51
278.91,57.51
278.93,57.51
278.94,57.52
278.96,57.52
278.97,57.52
278.99,57.52
279.00,57.52
279.02,57.53
279.03,57.53
279.05,57.53
279.06,57.53
279.08,57.54
279.09,57.54
279.11,57.54
279.12,57.54
279.14,57.55
279.15,57.55
279.16,57.55
279.18,57.55
279.19,57.56
279.21,57.56
279.22,57.56
279.24,57.56
279.25,57.56
279.27,57.56
279.28,57.56
279.30,57.55
279.31,57.55
279.33,57.55
279.34,57.55
279.36,57.55
279.37,57.55
279.39,57.55
279.40,57.54
279.41,57.55
279.43,57.54
279.44,57.54
279.46,57.54
279.47,57.54
279.49,57.53
279.50,57.54
279.52,57.54
279.53,57.53
279.55,57.53
279.56,57.53
279.58,57.53
279.59,57.53
279.61,57.53
279.62,57.52
279.64,57.52
279.65,57.52
279.67,57.52
279.68,57.52
279.69,57.52
279.71,57.52
279.72,57.51
279.74,57.51
279.75,57.51
279.77,57.51
279.78,57.51
279.80,57.51
279.81,57.51
279.83,57.50
279.84,57.50
279.86,57.50
279.87,57.50
279.89,57.50
279.90,57.50
279.92,57.50
279.93,57.49
279.94,57.50
279.96,57.49
279.97,57.49
279.99,57.49
280.00,57.49
280.02,57.49
280.03,57.49
280.05,57.49
280.06,57.48
280.08,57.48
280.09,57.48
280.11,57.48
280.12,57.48
280.14,57.48
280.15,57.48
280.17,57.47
280.18,57.47
280.19,57.47
280.21,57.47
280.22,57.47
280.24,57.47
280.25,57.47
280.27,57.46
280.28,57.46
280.30,57.46
280.31,57.46
280.33,57.46
280.34,57.46
280.36,57.45
280.37,57.45
280.39,57.46
280.40,57.45
280.42,57.45
280.43,57.45
280.44,57.45
280.46,57.44
280.47,57.45
280.49,57.44
280.50,57.44
280.52,57.44
280.53,57.44
280.55,57.44
280.56,57.44
280.58,57.44
280.59,57.43
280.61,57.43
280.62,57.43
280.64,57.43
280.65,57.43
280.67,57.43
280.68,57.43
280.69,57.42
280.71,57.42
280.72,57.42
280.74,57.42
280.75,57.42
280.77,57.42
280.78,57.42
280.80,57.41
280.81,57.41
280.83,57.41
280.84,57.41
280.86,57.41
280.87,57.41
280.89,57.41
280.90,57.40
280.92,57.41
280.93,57.40
280.94,57.40
280.96,57.40
280.97,57.40
280.99,57.40
281.00,57.40
281.02,57.40
281.03,57.39
281.05,57.39
281.06,57.39
281.08,57.39
281.09,57.39
281.11,57.39
281.12,57.39
281.14,57.38
281.15,57.38
281.17,57.38
281.18,57.38
281.20,57.38
281.21,57.38
281.22,57.38
281.24,57.37
281.25,57.37
281.27,57.37
281.28,57.37
281.30,57.37
281.31,57.37
281.33,57.37
281.34,57.36
281.36,57.37
281.37,57.36
281.39,57.36
281.40,57.36
281.42,57.36
281.43,57.35
281.45,57.36
281.46,57.36
281.47,57.35
281.49,57.35
281.50,57.35
281.52,57.35
281.53,57.35
281.55,57.35
281.56,57.34
281.58,57.34
281.59,57.34
281.61,57.34
281.62,57.34
281.64,57.34
281.65,57.34
281.67,57.33
281.68,57.33
281.70,57.33
281.71,57.33
281.72,57.33
281.74,57.33
281.75,57.33
281.77,57.32
281.78,57.32
281.80,57.32
281.81,57.32
281.83,57.32
281.84,57.32
281.86,57.32
281.87,57.31
281.89,57.32
281.90,57.31
281.92,57.31
281.93,57.31
281.95,57.31
281.96,57.31
281.97,57.31
281.99,57.31
282.00,57.30
282.02,57.30
282.03,57.30
282.05,57.30
282.06,57.30
282.08,57.30
282.09,57.30
282.11,57.29
282.12,57.29
282.14,57.29
282.15,57.29
282.17,57.29
282.18,57.29
282.20,57.29
282.21,57.28
282.22,57.28
282.24,57.28
282.25,57.28
282.27,57.28
282.28,57.28
282.30,57.28
282.31,57.27
282.33,57.28
282.34,57.27
282.36,57.27
282.37,57.27
282.39,57.27
282.40,57.27
282.42,57.27
282.43,57.27
282.45,57.26
282.46,57.26
282.47,57.26
282.49,57.26
282.50,57.26
282.52,57.26
282.53,57.26
282.55,57.25
282.56,57.25
282.58,57.25
282.59,57.25
282.61,57.25
282.62,57.25
282.64,57.25
282.65,57.24
282.67,57.24
282.68,57.24
282.70,57.24
282.71,57.24
282.73,57.24
282.74,57.24
282.75,57.23
282.77,57.24
282.78,57.23
282.80,57.23
282.81,57.23
282.83,57.23
282.84,57.23
282.86,57.23
282.87,57.23
282.89,57.22
282.90,57.22
282.92,57.22
282.93,57.22
282.95,57.22
282.96,57.22
282.98,57.22
282.99,57.21
283.00,57.21
283.02,57.21
283.03,57.21
283.05,57.21
283.06,57.21
283.08,57.21
283.09,57.20
283.11,57.20
283.12,57.20
283.14,57.20
283.15,57.20
283.17,57.20
283.18,57.20
283.20,57.19
283.21,57.20
283.23,57.19
283.24,57.19
283.25,57.19
283.27,57.19
283.28,57.19
283.30,57.19
283.31,57.19
283.33,57.18
283.34,57.18
283.36,57.18
283.37,57.18
283.39,57.18
283.40,57.18
283.42,57.18
283.43,57.17
283.45,57.17
283.46,57.17
283.48,57.17
283.49,57.17
283.50,57.17
283.52,57.17
283.53,57.16
283.55,57.16
283.56,57.16
283.58,57.16
283.59,57.16
283.61,57.16
283.62,57.16
283.64,57.15
283.65,57.16
283.67,57.15
283.68,57.15
283.70,57.15
283.71,57.15
283.73,57.15
283.74,57.15
283.75,57.15
283.77,57.14
283.78,57.14
283.80,57.14
283.81,57.14
283.83,57.14
283.84,57.14
283.86,57.14
283.87,57.13
283.89,57.13
283.90,57.13
283.92,57.13
283.93,57.13
283.95,57.13
283.96,57.13
283.98,57.12
283.99,57.12
284.00,57.12
284.02,57.12
284.03,57.12
284.05,57.12
284.06,57.12
284.08,57.11
284.09,57.12
284.11,57.11
284.12,57.11
284.14,57.11
284.15,57.11
284.17,57.11
284.18,57.11
284.20,57.11
284.21,57.10
284.23,57.10
284.24,57.10
284.26,57.10
284.27,57.10
284.28,57.10
284.30,57.10
284.31,57.09
284.33,57.09
284.34,57.09
284.36,57.09
284.37,57.09
284.39,57.09
284.40,57.09
284.42,57.08
284.43,57.08
284.45,57.09
284.46,57.08
284.48,57.08
284.49,57.08
284.51,57.08
284.52,57.07
284.53,57.08
284.55,57.08
284.56,57.07
284.58,57.07
284.59,57.07
284.61,57.07
284.62,57.07
284.64,57.07
284.65,57.07
284.67,57.06
284.68,57.06
284.70,57.06
284.71,57.06
284.73,57.06
284.74,57.06
284.76,57.06
284.77,57.05
284.78,57.05
284.80,57.05
284.81,57.05
284.83,57.05
284.84,57.05
284.86,57.05
284.87,57.04
284.89,57.05
284.90,57.04
284.92,57.04
284.93,57.04
284.95,57.04
284.96,57.04
284.98,57.04
284.99,57.04
285.01,57.03
285.02,57.03
285.03,57.03
285.05,57.03
285.06,57.03
285.08,57.03
285.09,57.03
285.11,57.02
285.12,57.02
285.14,57.02
285.15,57.02
285.17,57.02
285.18,57.02
285.20,57.02
285.21,57.02
285.23,57.02
285.24,57.02
285.26,57.02
285.27,57.02
285.28,57.02
285.30,57.02
285.31,57.02
285.33,57.02
285.34,57.03
285.36,57.03
285.37,57.03
285.39,57.03
285.40,57.03
285.42,57.03
285.43,57.03
285.45,57.03
285.46,57.03
285.48,57.03
285.49,57.02
285.51,57.02
285.52,57.02
285.53,57.02
285.55,57.02
285.56,57.02
285.58,57.02
285.59,57.01
285.61,57.02
285.62,57.01
285.64,57.01
285.65,57.01
285.67,57.01
285.68,57.01
285.70,57.01
285.71,57.01
285.73,57.01
285.74,57.01
285.76,57.01
285.77,57.01
285.78,57.01
285.80,57.01
285.81,57.01
285.83,57.01
285.84,57.01
285.86,57.01
285.87,57.01
285.89,57.01
285.90,57.01
285.92,57.01
285.93,57.01
285.95,57.01
285.96,57.01
285.98,57.01
285.99,57.01
286.01,57.01
286.02,57.01
286.04,57.01
286.05,57.01
286.06,57.01
286.08,57.01
286.09,57.01
286.11,57.01
286.12,57.01
286.14,57.01
286.15,57.01
286.17,57.01
286.18,57.01
286.20,57.01
286.21,57.01
286.23,57.01
286.24,57.01
286.26,57.02
286.27,57.02
286.29,57.02
286.30,57.02
286.31,57.02
286.33,57.02
286.34,57.02
286.36,57.02
286.37,57.02
286.39,57.02
286.40,57.02
286.42,57.02
286.43,57.02
286.45,57.02
286.46,57.02
286.48,57.02
286.49,57.02
286.51,57.02
286.52,57.02
286.54,57.02
286.55,57.02
286.56,57.02
286.58,57.02
286.59,57.02
286.61,57.02
286.62,57.02
286.64,57.02
286.65,57.02
286.67,57.02
286.68,57.02
286.70,57.02
286.71,57.02
286.73,57.02
286.74,57.02
286.76,57.02
286.77,57.02
286.79,57.02
286.80,57.02
286.81,57.02
286.83,57.02
286.84,57.02
286.86,57.01
286.87,57.02
286.89,57.02
286.90,57.02
286.92,57.02
286.93,57.03
286.95,57.03
286.96,57.03
286.98,57.03
286.99,57.04
287.01,57.04
287.02,57.04
287.04,57.04
287.05,57.05
287.06,57.05
287.08,57.05
287.09,57.05
287.11,57.06
287.12,57.06
287.14,57.06
287.15,57.06
287.17,57.06
287.18,57.07
287.20,57.07
287.21,57.07
287.23,57.07
287.24,57.08
287.26,57.08
287.27,57.08
287.29,57.08
287.30,57.09
287.31,57.09
287.33,57.09
287.34,57.09
287.36,57.10
287.37,57.10
287.39,57.10
287.40,57.10
287.42,57.11
287.43,57.11
287.45,57.11
287.46,57.11
287.48,57.11
287.49,57.11
287.51,57.11
287.52,57.11
287.54,57.11
287.55,57.11
287.57,57.10
287.58,57.10
287.59,57.10
287.61,57.10
287.62,57.10
287.64,57.10
287.65,57.10
287.67,57.09
287.68,57.10
287.70,57.09
287.71,57.09
287.73,57.09
287.74,57.09
287.76,57.09
287.77,57.09
287.79,57.09
287.80,57.08
287.82,57.08
287.83,57.08
287.84,57.08
287.86,57.08
287.87,57.08
287.89,57.08
287.90,57.07
287.92,57.07
287.93,57.07
287.95,57.07
287.96,57.07
287.98,57.07
287.99,57.07
288.01,57.06
288.02,57.06
288.04,57.06
288.05,57.06
288.07,57.06
288.08,57.06
288.09,57.06
288.11,57.05
288.12,57.06
288.14,57.05
288.15,57.05
288.17,57.05
288.18,57.05
288.20,57.05
288.21,57.05
288.23,57.05
288.24,57.04
288.26,57.04
288.27,57.04
288.29,57.04
288.30,57.04
288.32,57.04
288.33,57.04
288.34,57.03
288.36,57.03
288.37,57.03
288.39,57.03
288.40,57.03
288.42,57.03
288.43,57.03
288.45,57.02
288.46,57.02
288.48,57.02
288.49,57.02
288.51,57.02
288.52,57.02
288.54,57.02
288.55,57.01
288.57,57.02
288.58,57.01
288.59,57.01
288.61,57.01
288.62,57.01
288.64,57.01
288.65,57.01
288.67,57.01
288.68,57.00
288.70,57.00
288.71,57.00
288.73,57.00
288.74,57.00
288.76,57.00
288.77,57.00
288.79,56.99
288.80,56.99
288.82,56.99
288.83,56.99
288.84,56.99
288.86,56.99
288.87,56.99
288.89,56.98
288.90,56.98
288.92,56.99
288.93,56.98
288.95,56.98
288.96,56.98
288.98,56.98
288.99,56.98
289.01,56.98
289.02,56.98
289.04,56.97
289.05,56.97
289.07,56.97
289.08,56.97
289.10,56.97
289.11,56.97
289.12,56.97
289.14,56.96
289.15,56.96
289.17,56.96
289.18,56.96
289.20,56.96
289.21,56.96
289.23,56.96
289.24,56.95
289.26,56.95
289.27,56.95
289.29,56.95
289.30,56.95
289.32,56.95
289.33,56.95
289.35,56.94
289.36,56.95
289.37,56.94
289.39,56.94
289.40,56.94
289.42,56.94
289.43,56.94
289.45,56.94
289.46,56.94
289.48,56.93
289.49,56.93
289.51,56.93
289.52,56.93
289.54,56.93
289.55,56.93
289.57,56.93
289.58,56.92
289.60,56.92
289.61,56.92
289.62,56.92
289.64,56.92
289.65,56.92
289.67,56.92
289.68,56.91
289.70,56.91
289.71,56.92
289.73,56.91
289.74,56.91
289.76,56.91
289.77,56.91
289.79,56.90
289.80,56.91
289.82,56.91
289.83,56.90
289.85,56.90
289.86,56.90
289.87,56.90
289.89,56.90
289.90,56.90
289.92,56.90
289.93,56.89
289.95,56.89
289.96,56.89
289.98,56.89
289.99,56.89
290.01,56.89
290.02,56.89
290.04,56.88
290.05,56.88
290.07,56.88
290.08,56.88
290.10,56.88
290.11,56.88
290.12,56.88
290.14,56.87
290.15,56.88
290.17,56.87
290.18,56.87
290.20,56.87
290.21,56.87
290.23,56.87
290.24,56.87
290.26,56.87
290.27,56.86
290.29,56.86
290.30,56.86
290.32,56.86
290.33,56.86
290.35,56.86
290.36,56.86
290.37,56.85
290.39,56.85
290.40,56.85
290.42,56.85
290.43,56.85
290.45,56.85
290.46,56.85
290.48,56.84
290.49,56.84
290.51,56.85
290.52,56.84
290.54,56.84
290.55,56.84
290.57,56.84
290.58,56.84
290.60,56.84
290.61,56.84
290.63,56.83
290.64,56.83
290.65,56.83
290.67,56.83
290.68,56.83
290.70,56.83
290.71,56.83
290.73,56.82
290.74,56.82
290.76,56.82
290.77,56.82
290.79,56.82
290.80,56.82
290.82,56.82
290.83,56.81
290.85,56.81
290.86,56.81
290.88,56.81
290.89,56.81
290.90,56.81
290.92,56.81
290.93,56.80
290.95,56.81
290.96,56.80
290.98,56.80
290.99,56.80
291.01,56.80
291.02,56.80
291.04,56.80
291.05,56.80
291.07,56.80
291.08,56.79
291.10,56.79
291.11,56.79
291.13,56.79
291.14,56.79
291.15,56.79
291.17,56.79
291.18,56.78
291.20,56.78
291.21,56.78
291.23,56.78
291.24,56.78
291.26,56.78
291.27,56.78
291.29,56.77
291.30,56.78
291.32,56.77
291.33,56.77
291.35,56.77
291.36,56.77
291.38,56.77
291.39,56.77
291.40,56.77
291.42,56.76
291.43,56.76
291.45,56.76
291.46,56.76
291.48,56.76
291.49,56.76
291.51,56.76
291.52,56.75
291.54,56.75
291.55,56.75
291.57,56.75
291.58,56.75
291.60,56.75
291.61,56.75
291.63,56.75
291.64,56.74
291.65,56.75
291.67,56.74
291.68,56.74
291.70,56.74
291.71,56.74
291.73,56.74
291.74,56.74
291.76,56.74
291.77,56.73
291.79,56.73
291.80,56.73
291.82,56.73
291.83,56.73
291.85,56.73
291.86,56.73
291.88,56.72
291.89,56.72
291.90,56.72
291.92,56.72
291.93,56.72
291.95,56.72
291.96,56.72
291.98,56.71
291.99,56.71
292.01,56.72
292.02,56.71
292.04,56.71
292.05,56.71
292.07,56.71
292.08,56.70
292.10,56.71
292.11,56.71
292.13,56.70
292.14,56.70
292.16,56.70
292.17,56.70
292.18,56.70
292.20,56.70
292.21,56.70
292.23,56.69
292.24,56.69
292.26,56.69
292.27,56.69
292.29,56.69
292.30,56.69
292.32,56.69
292.33,56.68
292.35,56.68
292.36,56.68
292.38,56.68
292.39,56.68
292.41,56.68
292.42,56.68
292.43,56.67
292.45,56.68
292.46,56.68
292.48,56.67
292.49,56.67
292.51,56.67
292.52,56.67
292.54,56.67
292.55,56.67
292.57,56.67
292.58,56.66
292.60,56.66
292.61,56.66
292.63,56.66
292.64,56.66
292.66,56.66
292.67,56.66
292.68,56.65
292.70,56.65
292.71,56.65
292.73,56.65
292.74,56.65
292.76,56.65
292.77,56.65
292.79,56.65
292.80,56.65
292.82,56.65
292.83,56.65
292.85,56.65
292.86,56.65
292.88,56.65
292.89,56.65
292.91,56.65
292.92,56.65
292.93,56.65
292.95,56.66
292.96,56.66
292.98,56.66
292.99,56.66
293.01,56.66
293.02,56.66
293.04,56.66
293.05,56.66
293.07,56.66
293.08,56.66
293.10,56.66
293.11,56.66
293.13,56.66
293.14,56.66
293.16,56.66
293.17,56.66
293.18,56.66
293.20,56.66
293.21,56.66
293.23,56.66
293.24,56.66
293.26,56.66
293.27,56.66
293.29,56.66
293.30,56.66
293.32,56.66
293.33,56.66
293.35,56.66
293.36,56.66
293.38,56.66
293.39,56.66
293.41,56.66
293.42,56.66
293.43,56.66
293.45,56.66
293.46,56.66
293.48,56.66
293.49,56.66
293.51,56.66
293.52,56.66
293.54,56.66
293.55,56.66
293.57,56.66
293.58,56.66
293.60,56.66
293.61,56.66
293.63,56.67
293.64,56.67
293.66,56.67
293.67,56.67
293.69,56.68
293.70,56.68
293.71,56.68
293.73,56.68
293.74,56.69
293.76,56.69
293.77,56.69
293.79,56.69
293.80,56.70
293.82,56.70
293.83,56.70
293.85,56.70
293.86,56.71
293.88,56.71
293.89,56.71
293.91,56.71
293.92,56.72
293.94,56.72
293.95,56.72
293.96,56.72
293.98,56.73
293.99,56.73
294.01,56.73
294.02,56.73
294.04,56.73
294.05,56.73
294.07,56.72
294.08,56.73
294.10,56.72
294.11,56.72
294.13,56.72
294.14,56.72
294.16,56.72
294.17,56.72
294.19,56.72
294.20,56.71
294.21,56.71
294.23,56.71
294.24,56.71
294.26,56.71
294.27,56.71
294.29,56.71
294.30,56.70
294.32,56.70
294.33,56.70
294.35,56.70
294.36,56.70
294.38,56.70
294.39,56.70
294.41,56.69
294.42,56.69
294.44,56.70
294.45,56.69
294.46,56.69
294.48,56.69
294.49,56.69
294.51,56.69
294.52,56.69
294.54,56.69
294.55,56.68
294.57,56.68
294.58,56.68
294.60,56.68
294.61,56.68
294.63,56.68
294.64,56.68
294.66,56.67
294.67,56.67
294.69,56.67
294.70,56.67
294.71,56.67
294.73,56.67
294.74,56.67
294.76,56.66
294.77,56.66
294.79,56.66
294.80,56.66
294.82,56.66
294.83,56.66
294.85,56.66
294.86,56.65
294.88,56.66
294.89,56.66
294.91,56.65
294.92,56.65
294.94,56.65
294.95,56.65
294.96,56.65
294.98,56.65
294.99,56.65
295.01,56.64
295.02,56.64
295.04,56.64
295.05,56.64
295.07,56.64
295.08,56.64
295.10,56.64
295.11,56.63
295.13,56.63
295.14,56.63
295.16,56.63
295.17,56.64
295.19,56.64
295.20,56.64
295.22,56.64
295.23,56.64
295.24,56.64
295.26,56.64
295.27,56.64
295.29,56.64
295.30,56.64
295.32,56.64
295.33,56.64
295.35,56.64
295.36,56.64
295.38,56.64
295.39,56.64
295.41,56.64
295.42,56.64
295.44,56.64
295.45,56.64
295.47,56.64
295.48,56.64
295.49,56.64
295.51,56.64
295.52,56.64
295.54,56.64
295.55,56.64
295.57,56.64
295.58,56.64
295.60,56.64
295.61,56.64
295.63,56.64
295.64,56.64
295.66,56.64
295.67,56.64
295.69,56.64
295.70,56.64
295.72,56.64
295.73,56.64
295.74,56.64
295.76,56.64
295.77,56.64
295.79,56.64
295.80,56.64
295.82,56.64
295.83,56.64
295.85,56.64
295.86,56.64
295.88,56.64
295.89,56.64
295.91,56.64
295.92,56.64
295.94,56.64
295.95,56.64
295.97,56.64
295.98,56.65
295.99,56.65
296.01,56.65
296.02,56.64
296.04,56.64
296.05,56.64
296.07,56.64
296.08,56.64
296.10,56.65
296.11,56.65
296.13,56.65
296.14,56.65
296.16,56.66
296.17,56.66
296.19,56.66
296.20,56.66
296.22,56.67
296.23,56.67
296.24,56.67
296.26,56.67
296.27,56.68
296.29,56.68
296.30,56.68
296.32,56.68
296.33,56.69
296.35,56.69
296.36,56.69
296.38,56.69
296.39,56.70
296.41,56.70
296.42,56.70
296.44,56.70
296.45,56.71
296.47,56.71
296.48,56.71
296.49,56.71
296.51,56.72
296.52,56.71
296.54,56.71
296.55,56.71
296.57,56.71
296.58,56.71
296.60,56.71
296.61,56.71
296.63,56.71
296.64,56.70
296.66,56.70
296.67,56.70
296.69,56.70
296.70,56.70
296.72,56.70
296.73,56.70
296.75,56.70
296.76,56.70
296.77,56.70
296.79,56.71
296.80,56.71
296.82,56.71
296.83,56.71
296.85,56.71
296.86,56.71
296.88,56.71
296.89,56.70
296.91,56.70
296.92,56.70
296.94,56.70
296.95,56.70
296.97,56.70
296.98,56.70
297.00,56.70
297.01,56.69
297.02,56.69
297.04,56.69
297.05,56.69
297.07,56.69
297.08,56.69
297.10,56.69
297.11,56.68
297.13,56.69
297.14,56.68
297.16,56.68
297.17,56.68
297.19,56.68
297.20,56.68
297.22,56.68
297.23,56.68
297.25,56.67
297.26,56.67
297.27,56.67
297.29,56.67
297.30,56.67
297.32,56.67
297.33,56.67
297.35,56.66
297.36,56.66
297.38,56.66
297.39,56.66
297.41,56.66
297.42,56.66
297.44,56.66
297.45,56.66
297.47,56.65
297.48,56.66
297.50,56.65
297.51,56.65
297.52,56.65
297.54,56.65
297.55,56.65
297.57,56.65
297.58,56.65
297.60,56.64
297.61,56.64
297.63,56.64
297.64,56.64
297.66,56.64
297.67,56.64
297.69,56.64
297.70,56.63
297.72,56.63
297.73,56.63
297.75,56.63
297.76,56.63
297.77,56.63
297.79,56.63
297.80,56.63
297.82,56.62
297.83,56.63
297.85,56.62
297.86,56.62
297.88,56.62
297.89,56.62
297.91,56.62
297.92,56.62
297.94,56.62
297.95,56.61
297.97,56.61
297.98,56.61
298.00,56.61
298.01,56.61
298.02,56.61
298.04,56.61
298.05,56.60
298.07,56.60
298.08,56.60
298.10,56.60
298.11,56.60
298.13,56.60
298.14,56.60
298.16,56.59
298.17,56.59
298.19,56.60
298.20,56.59
298.22,56.59
298.23,56.59
298.25,56.59
298.26,56.59
298.28,56.59
298.29,56.59
298.30,56.58
298.32,56.58
298.33,56.58
298.35,56.58
298.36,56.58
298.38,56.58
298.39,56.58
298.41,56.57
298.42,56.57
298.44,56.57
298.45,56.57
298.47,56.57
298.48,56.57
298.50,56.57
298.51,56.56
298.53,56.56
298.54,56.57
298.55,56.56
298.57,56.56
298.58,56.56
298.60,56.56
298.61,56.56
298.63,56.56
298.64,56.56
298.66,56.55
298.67,56.55
298.69,56.55
298.70,56.55
298.72,56.55
298.73,56.55
298.75,56.55
298.76,56.54
298.78,56.54
298.79,56.54
298.80,56.54
298.82,56.54
298.83,56.54
298.85,56.54
298.86,56.53
298.88,56.53
298.89,56.54
298.91,56.53
298.92,56.53
298.94,56.53
298.95,56.53
298.97,56.53
298.98,56.53
299.00,56.53
299.01,56.52
299.03,56.52
299.04,56.52
299.05,56.52
299.07,56.52
299.08,56.52
299.10,56.52
299.11,56.52
299.13,56.52
299.14,56.52
299.16,56.52
299.17,56.52
299.19,56.52
299.20,56.52
299.22,56.52
299.23,56.52
299.25,56.52
299.26,56.52
299.28,56.52
299.29,56.52
299.30,56.52
299.32,56.52
299.33,56.52
299.35,56.52
299.36,56.52
299.38,56.52
299.39,56.52
299.41,56.52
299.42,56.52
299.44,56.52
299.45,56.52
299.47,56.52
299.48,56.52
299.50,56.52
299.51,56.52
299.53,56.52
299.54,56.52
299.55,56.53
299.57,56.53
299.58,56.53
299.60,56.53
299.61,56.53
299.63,56.53
299.64,56.53
299.66,56.53
299.67,56.53
299.69,56.53
299.70,56.53
299.72,56.53
299.73,56.53
299.75,56.53
299.76,56.53
299.78,56.53
299.79,56.53
299.81,56.53
299.82,56.53
299.83,56.53
299.85,56.53
299.86,56.53
299.88,56.53
299.89,56.53
299.91,56.53
299.92,56.53
299.94,56.53
299.95,56.52
299.97,56.53
299.98,56.53
300.00,56.53
300.01,56.53
300.03,56.54
300.04,56.54
300.06,56.54
300.07,56.54
300.08,56.55
300.10,56.55
300.11,56.55
300.13,56.55
300.14,56.56
300.16,56.56
300.17,56.56
300.19,56.56
300.20,56.57
300.22,56.57
300.23,56.57
300.25,56.57
300.26,56.58
300.28,56.58
300.29,56.58
300.31,56.58
300.32,56.59
300.33,56.59
300.35,56.59
300.36,56.59
300.38,56.60
300.39,56.60
300.41,56.59
300.42,56.60
300.44,56.59
300.45,56.59
300.47,56.59
300.48,56.59
300.50,56.59
300.51,56.59
300.53,56.59
300.54,56.58
300.56,56.58
300.57,56.58
300.58,56.58
300.60,56.58
300.61,56.58
300.63,56.58
300.64,56.57
300.66,56.57
300.67,56.57
300.69,56.57
300.70,56.57
300.72,56.57
300.73,56.57
300.75,56.57
300.76,56.56
300.78,56.57
300.79,56.56
300.81,56.56
300.82,56.56
300.83,56.56
300.85,56.56
300.86,56.56
300.88,56.56
300.89,56.55
300.91,56.55
300.92,56.55
300.94,56.55
300.95,56.55
300.97,56.55
300.98,56.55
301.00,56.54
301.01,56.54
301.03,56.54
301.04,56.54
301.06,56.54
301.07,56.54
301.08,56.54
301.10,56.54
301.11,56.53
301.13,56.54
301.14,56.53
301.16,56.53
301.17,56.53
301.19,56.53
301.20,56.53
301.22,56.53
301.23,56.53
301.25,56.52
301.26,56.52
301.28,56.52
301.29,56.52
301.31,56.52
301.32,56.52
301.34,56.52
301.35,56.51
301.36,56.51
301.38,56.51
301.39,56.51
301.41,56.51
301.42,56.51
301.44,56.51
301.45,56.51
301.47,56.50
301.48,56.51
301.50,56.50
301.51,56.50
301.53,56.50
301.54,56.50
301.56,56.50
301.57,56.50
301.59,56.50
301.60,56.49
301.61,56.49
301.63,56.49
301.64,56.49
301.66,56.49
301.67,56.49
301.69,56.49
301.70,56.48
301.72,56.48
301.73,56.48
301.75,56.48
301.76,56.48
301.78,56.48
301.79,56.48
301.81,56.48
301.82,56.47
301.84,56.48
301.85,56.47
301.86,56.47
301.88,56.47
301.89,56.47
301.91,56.47
301.92,56.47
301.94,56.47
301.95,56.46
301.97,56.46
301.98,56.46
302.00,56.46
302.01,56.46
302.03,56.46
302.04,56.46
302.06,56.46
302.07,56.45
302.09,56.45
302.10,56.45
302.11,56.45
302.13,56.45
302.14,56.45
302.16,56.45
302.17,56.44
302.19,56.45
302.20,56.44
302.22,56.44
302.23,56.44
302.25,56.44
302.26,56.44
302.28,56.44
302.29,56.44
302.31,56.43
302.32,56.43
302.34,56.43
302.35,56.43
302.36,56.43
302.38,56.43
302.39,56.43
302.41,56.43
302.42,56.42
302.44,56.42
302.45,56.42
302.47,56.42
302.48,56.42
302.50,56.42
302.51,56.42
302.53,56.41
302.54,56.42
302.56,56.41
302.57,56.41
302.59,56.41
302.60,56.41
302.61,56.41
302.63,56.41
302.64,56.41
302.66,56.41
302.67,56.40
302.69,56.40
302.70,56.40
302.72,56.40
302.73,56.40
302.75,56.40
302.76,56.40
302.78,56.39
302.79,56.39
302.81,56.39
302.82,56.39
302.84,56.39
302.85,56.39
302.87,56.39
302.88,56.38
302.89,56.39
302.91,56.39
302.92,56.38
302.94,56.38
302.95,56.38
302.97,56.38
302.98,56.38
303.00,56.38
303.01,56.38
303.03,56.37
303.04,56.37
303.06,56.37
303.07,56.37
303.09,56.37
303.10,56.37
303.12,56.37
303.13,56.36
303.14,56.36
303.16,56.37
303.17,56.36
303.19,56.36
303.20,56.36
303.22,56.36
303.23,56.36
303.25,56.36
303.26,56.36
303.28,56.36
303.29,56.36
303.31,56.36
303.32,56.36
303.34,56.36
303.35,56.36
303.37,56.36
303.38,56.36
303.39,56.36
303.41,56.36
303.42,56.36
303.44,56.36
303.45,56.36
303.47,56.36
303.48,56.36
303.50,56.36
303.51,56.36
303.53,56.36
303.54,56.36
303.56,56.36
303.57,56.36
303.59,56.37
303.60,56.37
303.62,56.37
303.63,56.37
303.64,56.37
303.66,56.37
303.67,56.37
303.69,56.37
303.70,56.37
303.72,56.37
303.73,56.37
303.75,56.37
303.76,56.37
303.78,56.37
303.79,56.37
303.81,56.37
303.82,56.37
303.84,56.37
303.85,56.37
303.87,56.37
303.88,56.37
303.89,56.37
303.91,56.37
303.92,56.37
303.94,56.37
303.95,56.37
303.97,56.37
303.98,56.37
304.00,56.37
304.01,56.37
304.03,56.37
304.04,56.37
304.06,56.37
304.07,56.37
304.09,56.37
304.10,56.37
304.12,56.37
304.13,56.37
304.14,56.37
304.16,56.37
304.17,56.37
304.19,56.37
304.20,56.37
304.22,56.37
304.23,56.37
304.25,56.37
304.26,56.37
304.28,56.37
304.29,56.37
304.31,56.37
304.32,56.38
304.34,56.38
304.35,56.38
304.37,56.38
304.38,56.39
304.40,56.39
304.41,56.39
304.42,56.39
304.44,56.40
304.45,56.40
304.47,56.40
304.48,56.40
304.50,56.41
304.51,56.41
304.53,56.41
304.54,56.41
304.56,56.42
304.57,56.42
304.59,56.42
304.60,56.42
304.62,56.43
304.63,56.43
304.65,56.43
304.66,56.43
304.67,56.44
304.69,56.44
304.70,56.44
304.72,56.44
304.73,56.45
304.75,56.45
304.76,56.45
304.78,56.45
304.79,56.46
304.81,56.46
304.82,56.46
304.84,56.46
304.85,56.46
304.87,56.46
304.88,56.45
304.90,56.46
304.91,56.46
304.92,56.45
304.94,56.45
304.95,56.45
304.97,56.45
304.98,56.45
305.00,56.45
305.01,56.45
305.03,56.44
305.04,56.44
305.06,56.44
305.07,56.44
305.09,56.44
305.10,56.44
305.12,56.44
305.13,56.43
305.15,56.43
305.16,56.43
305.17,56.43
305.19,56.43
305.20,56.43
305.22,56.43
305.23,56.42
305.25,56.43
305.26,56.43
305.28,56.42
305.29,56.42
305.31,56.42
305.32,56.42
305.34,56.42
305.35,56.42
305.37,56.42
305.38,56.42
305.40,56.42
305.41,56.42
305.42,56.42
305.44,56.43
305.45,56.43
305.47,56.43
305.48,56.43
305.50,56.43
305.51,56.43
305.53,56.43
305.54,56.43
305.56,56.42
305.57,56.42
305.59,56.42
305.60,56.42
305.62,56.42
305.63,56.42
305.65,56.42
305.66,56.41
305.67,56.41
305.69,56.42
305.70,56.41
305.72,56.41
305.73,56.41
305.75,56.41
305.76,56.41
305.78,56.41
305.79,56.41
305.81,56.40
305.82,56.40
305.84,56.40
305.85,56.40
305.87,56.40
305.88,56.40
305.90,56.40
305.91,56.39
305.92,56.39
305.94,56.39
305.95,56.39
305.97,56.39
305.98,56.39
306.00,56.39
306.01,56.39
306.03,56.38
306.04,56.39
306.06,56.38
306.07,56.38
306.09,56.38
306.10,56.38
306.12,56.38
306.13,56.38
306.15,56.38
306.16,56.37
306.18,56.37
306.19,56.37
306.20,56.37
306.22,56.37
306.23,56.37
306.25,56.37
306.26,56.36
306.28,56.36
306.29,56.36
306.31,56.36
306.32,56.36
306.34,56.36
306.35,56.36
306.37,56.36
306.38,56.35
306.40,56.36
306.41,56.35
306.43,56.35
306.44,56.35
306.45,56.35
306.47,56.35
306.48,56.35
306.50,56.35
306.51,56.34
306.53,56.34
306.54,56.34
306.56,56.34
306.57,56.34
306.59,56.34
306.60,56.34
306.62,56.34
306.63,56.33
306.65,56.33
306.66,56.33
306.68,56.33
306.69,56.33
306.70,56.33
306.72,56.33
306.73,56.32
306.75,56.33
306.76,56.33
306.78,56.32
306.79,56.32
306.81,56.32
306.82,56.32
306.84,56.32
306.85,56.32
306.87,56.32
306.88,56.31
306.90,56.31
306.91,56.31
306.93,56.31
306.94,56.31
306.95,56.31
306.97,56.31
306.98,56.30
307.00,56.30
307.01,56.31
307.03,56.30
307.04,56.30
307.06,56.30
307.07,56.30
307.09,56.30
307.10,56.30
307.12,56.30
307.13,56.29
307.15,56.29
307.16,56.29
307.18,56.29
307.19,56.29
307.20,56.29
307.22,56.29
307.23,56.28
307.25,56.28
307.26,56.28
307.28,56.28
307.29,56.28
307.31,56.28
307.32,56.28
307.34,56.28
307.35,56.27
307.37,56.28
307.38,56.27
307.40,56.27
307.41,56.27
307.43,56.27
307.44,56.27
307.45,56.27
307.47,56.27
307.48,56.26
307.50,56.26
307.51,56.26
307.53,56.26
307.54,56.26
307.56,56.26
307.57,56.26
307.59,56.26
307.60,56.25
307.62,56.25
307.63,56.25
307.65,56.25
307.66,56.25
307.68,56.25
307.69,56.25
307.71,56.24
307.72,56.25
307.73,56.24
307.75,56.24
307.76,56.24
307.78,56.24
307.79,56.24
307.81,56.24
307.82,56.24
307.84,56.24
307.85,56.23
307.87,56.23
307.88,56.23
307.90,56.23
307.91,56.23
307.93,56.23
307.94,56.23
307.96,56.22
307.97,56.22
307.98,56.23
308.00,56.22
308.01,56.22
308.03,56.22
308.04,56.22
308.06,56.22
308.07,56.22
308.09,56.22
308.10,56.21
308.12,56.21
308.13,56.21
308.15,56.21
308.16,56.21
308.18,56.21
308.19,56.21
308.21,56.20
308.22,56.20
308.23,56.20
308.25,56.20
308.26,56.20
308.28,56.20
308.29,56.20
308.31,56.20
308.32,56.19
308.34,56.20
308.35,56.19
308.37,56.19
308.38,56.19
308.40,56.19
308.41,56.19
308.43,56.19
308.44,56.19
308.46,56.18
308.47,56.19
308.48,56.19
308.50,56.19
308.51,56.19
308.53,56.19
308.54,56.19
308.56,56.19
308.57,56.19
308.59,56.19
308.60,56.19
308.62,56.19
308.63,56.19
308.65,56.19
308.66,56.19
308.68,56.19
308.69,56.19
308.71,56.19
308.72,56.19
308.73,56.19
308.75,56.19
308.76,56.19
308.78,56.19
308.79,56.19
308.81,56.19
308.82,56.19
308.84,56.19
308.85,56.19
308.87,56.19
308.88,56.19
308.90,56.19
308.91,56.19
308.93,56.19
308.94,56.19
308.96,56.19
308.97,56.19
308.98,56.19
309.00,56.19
309.01,56.19
309.03,56.19
309.04,56.20
309.06,56.20
309.07,56.20
309.09,56.20
309.10,56.20
309.12,56.20
309.13,56.20
309.15,56.20
309.16,56.20
309.18,56.20
309.19,56.20
309.21,56.20
309.22,56.20
309.24,56.20
309.25,56.20
309.26,56.20
309.28,56.20
309.29,56.20
309.31,56.20
309.32,56.20
309.34,56.20
309.35,56.20
309.37,56.20
309.38,56.20
309.40,56.20
309.41,56.20
309.43,56.20
309.44,56.20
309.46,56.20
309.47,56.20
309.49,56.20
309.50,56.20
309.51,56.20
309.53,56.20
309.54,56.20
309.56,56.20
309.57,56.20
309.59,56.20
309.60,56.20
309.62,56.20
309.63,56.20
309.65,56.20
309.66,56.20
309.68,56.21
309.69,56.21
309.71,56.21
309.72,56.21
309.74,56.22
309.75,56.22
309.76,56.22
309.78,56.22
309.79,56.23
309.81,56.23
309.82,56.23
309.84,56.23
309.85,56.24
309.87,56.24
309.88,56.24
309.90,56.25
309.91,56.25
309.93,56.25
309.94,56.25
309.96,56.26
309.97,56.26
309.99,56.26
310.00,56.26
310.01,56.27
310.03,56.27
310.04,56.27
310.06,56.27
310.07,56.28
310.09,56.28
310.10,56.28
310.12,56.28
310.13,56.29
310.15,56.29
310.16,56.29
310.18,56.29
310.19,56.30
310.21,56.30
310.22,56.30
310.24,56.30
310.25,56.30
310.26,56.30
310.28,56.30
310.29,56.30
310.31,56.30
310.32,56.29
310.34,56.29
310.35,56.29
310.37,56.29
310.38,56.29
310.40,56.29
310.41,56.29
310.43,56.28
310.44,56.28
310.46,56.28
310.47,56.28
310.49,56.28
310.50,56.28
310.51,56.28
310.53,56.27
310.54,56.28
310.56,56.28
310.57,56.27
310.59,56.27
310.60,56.27
310.62,56.27
310.63,56.27
310.65,56.27
310.66,56.27
310.68,56.26
310.69,56.26
310.71,56.26
310.72,56.26
310.74,56.26
310.75,56.26
310.77,56.26
310.78,56.25
310.79,56.25
310.81,56.26
310.82,56.25
310.84,56.25
310.85,56.25
310.87,56.25
310.88,56.25
310.90,56.25
310.91,56.25
310.93,56.24
310.94,56.24
310.96,56.24
310.97,56.24
310.99,56.24
311.00,56.24
311.02,56.24
311.03,56.23
311.04,56.23
311.06,56.23
311.07,56.23
311.09,56.23
311.10,56.23
311.12,56.23
311.13,56.23
311.15,56.22
311.16,56.23
311.18,56.22
311.19,56.22
311.21,56.22
311.22,56.22
311.24,56.22
311.25,56.22
311.27,56.22
311.28,56.22
311.29,56.21
311.31,56.21
311.32,56.21
311.34,56.21
311.35,56.21
311.37,56.21
311.38,56.21
311.40,56.20
311.41,56.20
311.43,56.20
311.44,56.20
311.46,56.20
311.47,56.20
311.49,56.20
311.50,56.19
311.52,56.20
311.53,56.20
311.54,56.19
311.56,56.19
311.57,56.19
311.59,56.19
311.60,56.19
311.62,56.19
311.63,56.19
311.65,56.18
311.66,56.18
311.68,56.18
311.69,56.18
311.71,56.18
311.72,56.18
311.74,56.18
311.75,56.18
311.77,56.17
311.78,56.18
311.79,56.17
311.81,56.17
311.82,56.17
311.84,56.17
311.85,56.17
311.87,56.17
311.88,56.17
311.90,56.16
311.91,56.16
311.93,56.16
311.94,56.16
311.96,56.16
311.97,56.16
311.99,56.16
312.00,56.16
312.02,56.15
312.03,56.15
312.04,56.15
312.06,56.15
312.07,56.15
312.09,56.15
312.10,56.15
312.12,56.14
312.13,56.15
312.15,56.15
312.16,56.14
312.18,56.14
312.19,56.14
312.21,56.14
312.22,56.14
312.24,56.14
312.25,56.14
312.27,56.13
312.28,56.13
312.30,56.13
312.31,56.13
312.32,56.13
312.34,56.13
312.35,56.13
312.37,56.12
312.38,56.12
312.40,56.13
312.41,56.12
312.43,56.12
312.44,56.12
312.46,56.12
312.47,56.12
312.49,56.12
312.50,56.12
312.52,56.11
312.53,56.11
312.55,56.11
312.56,56.11
312.57,56.11
312.59,56.11
312.60,56.11
312.62,56.11
312.63,56.10
312.65,56.10
312.66,56.10
312.68,56.10
312.69,56.10
312.71,56.10
312.72,56.10
312.74,56.09
312.75,56.10
312.77,56.10
312.78,56.09
312.80,56.09
312.81,56.09
312.82,56.09
312.84,56.09
312.85,56.09
312.87,56.09
312.88,56.08
312.90,56.08
312.91,56.08
312.93,56.08
312.94,56.08
312.96,56.08
312.97,56.08
312.99,56.07
313.00,56.07
313.02,56.08
313.03,56.07
313.05,56.07
313.06,56.07
313.07,56.07
313.09,56.07
313.10,56.07
313.12,56.07
313.13,56.06
313.15,56.06
313.16,56.06
313.18,56.06
313.19,56.06
313.21,56.06
313.22,56.06
313.24,56.06
313.25,56.05
313.27,56.05
313.28,56.05
313.30,56.05
313.31,56.05
313.32,56.05
313.34,56.05
313.35,56.04
313.37,56.05
313.38,56.05
313.40,56.04
313.41,56.04
313.43,56.04
313.44,56.04
313.46,56.04
313.47,56.04
313.49,56.04
313.50,56.03
313.52,56.03
313.53,56.03
313.55,56.03
313.56,56.03
313.57,56.03
313.59,56.03
313.60,56.03
313.62,56.02
313.63,56.03
313.65,56.02
313.66,56.02
313.68,56.02
313.69,56.02
313.71,56.02
313.72,56.02
313.74,56.02
313.75,56.01
313.77,56.01
313.78,56.01
313.80,56.01
313.81,56.01
313.83,56.01
313.84,56.01
313.85,56.01
313.87,56.00
313.88,56.00
313.90,56.00
313.91,56.00
313.93,56.00
313.94,56.00
313.96,56.00
313.97,55.99
313.99,56.00
314.00,56.00
314.02,55.99
314.03,55.99
314.05,55.99
314.06,55.99
314.08,55.99
314.09,55.99
314.10,55.99
314.12,55.98
314.13,55.98
314.15,55.98
314.16,55.98
314.18,55.98
314.19,55.98
314.21,55.98
314.22,55.98
314.24,55.97
314.25,55.98
314.27,55.97
314.28,55.97
314.30,55.97
314.31,55.97
314.33,55.97
314.34,55.97
314.35,55.97
314.37,55.97
314.38,55.96
314.40,55.96
314.41,55.96
314.43,55.96
314.44,55.96
314.46,55.96
314.47,55.96
314.49,55.95
314.50,55.95
314.52,55.96
314.53,55.95
314.55,55.95
314.56,55.95
314.58,55.95
314.59,55.95
314.60,55.95
314.62,55.95
314.63,55.94
314.65,55.94
314.66,55.94
314.68,55.94
314.69,55.94
314.71,55.94
314.72,55.94
314.74,55.94
314.75,55.94
314.77,55.94
314.78,55.94
314.80,55.94
314.81,55.94
314.83,55.94
314.84,55.94
314.85,55.94
314.87,55.94
314.88,55.94
314.90,55.94
314.91,55.94
314.93,55.94
314.94,55.94
314.96,55.94
314.97,55.94
314.99,55.94
315.00,55.94
315.02,55.94
315.03,55.94
315.05,55.94
315.06,55.94
315.08,55.94
315.09,55.94
315.10,55.94
315.12,55.94
315.13,55.94
315.15,55.94
315.16,55.94
315.18,55.94
315.19,55.94
315.21,55.94
315.22,55.94
315.24,55.95
315.25,55.95
315.27,55.95
315.28,55.95
315.30,55.95
315.31,55.95
315.33,55.95
315.34,55.95
315.36,55.95
315.37,55.95
315.38,55.95
315.40,55.95
315.41,55.95
315.43,55.95
315.44,55.95
315.46,55.95
315.47,55.95
315.49,55.95
315.50,55.95
315.52,55.95
315.53,55.95
315.55,55.95
315.56,55.95
315.58,55.95
315.59,55.95
315.61,55.95
315.62,55.95
315.63,55.95
315.65,55.95
315.66,55.95
315.68,55.95
315.69,55.95
315.71,55.95
315.72,55.95
315.74,55.95
315.75,55.96
315.77,55.96
315.78,55.96
315.80,55.96
315.81,55.95
315.83,55.95
315.84,55.95
315.86,55.95
315.87,55.95
315.88,55.95
315.90,55.96
315.91,55.96
315.93,55.96
315.94,55.96
315.96,55.97
315.97,55.97
315.99,55.97
316.00,55.98
316.02,55.98
316.03,55.98
316.05,55.98
316.06,55.99
316.08,55.99
316.09,55.99
316.11,55.99
316.12,56.00
316.13,56.00
316.15,56.00
316.16,56.00
316.18,56.01
316.19,56.01
316.21,56.01
316.22,56.01
316.24,56.02
316.25,56.02
316.27,56.02
316.28,56.03
316.30,56.03
316.31,56.03
316.33,56.03
316.34,56.04
316.36,56.04
316.37,56.04
316.38,56.04
316.40,56.05
316.41,56.04
316.43,56.04
316.44,56.04
316.46,56.04
316.47,56.04
316.49,56.04
316.50,56.04
316.52,56.04
316.53,56.03
316.55,56.03
316.56,56.03
316.58,56.03
316.59,56.03
316.61,56.03
316.62,56.03
316.63,56.02
316.65,56.02
316.66,56.03
316.68,56.02
316.69,56.02
316.71,56.02
316.72,56.02
316.74,56.02
316.75,56.02
316.77,56.02
316.78,56.01
316.80,56.01
316.81,56.01
316.83,56.01
316.84,56.01
316.86,56.01
316.87,56.01
316.89,56.01
316.90,56.00
316.91,56.00
316.93,56.00
316.94,56.00
316.96,56.00
316.97,56.00
316.99,56.00
317.00,55.99
317.02,56.00
317.03,56.00
317.05,55.99
317.06,55.99
317.08,55.99
317.09,55.99
317.11,55.99
317.12,55.99
317.14,55.99
317.15,55.98
317.16,55.98
317.18,55.98
317.19,55.98
317.21,55.98
317.22,55.98
317.24,55.98
317.25,55.98
317.27,55.97
317.28,55.98
317.30,55.97
317.31,55.97
317.33,55.97
317.34,55.97
317.36,55.97
317.37,55.97
317.39,55.97
317.40,55.97
317.41,55.96
317.43,55.96
317.44,55.96
317.46,55.96
317.47,55.96
317.49,55.96
317.50,55.96
317.52,55.95
317.53,55.95
317.55,55.96
317.56,55.95
317.58,55.95
317.59,55.95
317.61,55.95
317.62,55.95
317.64,55.95
317.65,55.95
317.66,55.94
317.68,55.94
317.69,55.94
317.71,55.94
317.72,55.94
317.74,55.94
317.75,55.94
317.77,55.94
317.78,55.93
317.80,55.93
317.81,55.93
317.83,55.93
317.84,55.93
317.86,55.93
317.87,55.93
317.89,55.92
317.90,55.93
317.91,55.92
317.93,55.92
317.94,55.92
317.96,55.92
317.97,55.92
317.99,55.92
318.00,55.92
318.02,55.92
318.03,55.91
318.05,55.91
318.06,55.91
318.08,55.91
318.09,55.91
318.11,55.91
318.12,55.91
318.14,55.91
318.15,55.90
318.16,55.91
318.18,55.90
318.19,55.90
318.21,55.90
318.22,55.90
318.24,55.90
318.25,55.90
318.27,55.90
318.28,55.90
318.30,55.89
318.31,55.89
318.33,55.89
318.34,55.89
318.36,55.89
318.37,55.89
318.39,55.89
318.40,55.88
318.42,55.88
318.43,55.89
318.44,55.88
318.46,55.88
318.47,55.88
318.49,55.88
318.50,55.88
318.52,55.88
318.53,55.88
318.55,55.87
318.56,55.87
318.58,55.87
318.59,55.87
318.61,55.87
318.62,55.87
318.64,55.87
318.65,55.87
318.67,55.86
318.68,55.86
318.69,55.86
318.71,55.86
318.72,55.86
318.74,55.86
318.75,55.86
318.77,55.85
318.78,55.86
318.80,55.86
318.81,55.85
318.83,55.85
318.84,55.85
318.86,55.85
318.87,55.85
318.89,55.85
318.90,55.85
318.92,55.84
318.93,55.84
318.94,55.84
318.96,55.84
318.97,55.84
318.99,55.84
319.00,55.84
319.02,55.84
319.03,55.84
319.05,55.84
319.06,55.84
319.08,55.84
319.09,55.84
319.11,55.84
319.12,55.84
319.14,55.84
319.15,55.84
319.17,55.84
319.18,55.84
319.19,55.84
319.21,55.84
319.22,55.84
319.24,55.84
319.25,55.84
319.27,55.84
319.28,55.84
319.30,55.84
319.31,55.84
319.33,55.84
319.34,55.84
319.36,55.84
319.37,55.84
319.39,55.85
319.40,55.85
319.42,55.85
319.43,55.85
319.44,55.85
319.46,55.85
319.47,55.85
319.49,55.85
319.50,55.85
319.52,55.85
319.53,55.85
319.55,55.85
319.56,55.85
319.58,55.85
319.59,55.85
319.61,55.85
319.62,55.85
319.64,55.85
319.65,55.85
319.67,55.85
319.68,55.85
319.69,55.85
319.71,55.85
319.72,55.85
319.74,55.85
319.75,55.85
319.77,55.85
319.78,55.85
319.80,55.85
319.81,55.85
319.83,55.85
319.84,55.85
319.86,55.85
319.87,55.86
319.89,55.86
319.90,55.86
319.92,55.86
319.93,55.86
319.95,55.86
319.96,55.86
319.97,55.86
319.99,55.86
320.00,55.86
320.02,55.86
320.03,55.86
320.05,55.86
320.06,55.85
320.08,55.85
320.09,55.86
320.11,55.86
320.12,55.86
320.14,55.86
320.15,55.87
320.17,55.87
320.18,55.87
320.20,55.87
320.21,55.88
320.22,55.88
320.24,55.88
320.25,55.89
320.27,55.89
320.28,55.89
320.30,55.89
320.31,55.90
320.33,55.90
320.34,55.90
320.36,55.90
320.37,55.91
320.39,55.91
320.40,55.91
320.42,55.91
320.43,55.92
320.45,55.92
320.46,55.92
320.47,55.93
320.49,55.93
320.50,55.93
320.52,55.93
320.53,55.94
320.55,55.94
320.56,55.94
320.58,55.94
320.59,55.95
320.61,55.95
320.62,55.95
320.64,55.95
320.65,55.95
320.67,55.95
320.68,55.94
320.70,55.95
320.71,55.95
320.72,55.94
320.74,55.94
320.75,55.94
320.77,55.94
320.78,55.94
320.80,55.94
320.81,55.94
320.83,55.93
320.84,55.93
320.86,55.93
320.87,55.93
320.89,55.93
320.90,55.93
320.92,55.93
320.93,55.93
320.95,55.92
320.96,55.93
320.97,55.92
320.99,55.92
321.00,55.92
321.02,55.92
321.03,55.92
321.05,55.92
321.06,55.92
321.08,55.92
321.09,55.91
321.11,55.91
321.12,55.91
321.14,55.91
321.15,55.91
321.17,55.91
321.18,55.91
321.20,55.90
321.21,55.90
321.22,55.91
321.24,55.90
321.25,55.90
321.27,55.90
321.28,55.90
321.30,55.90
321.31,55.90
321.33,55.90
321.34,55.89
321.36,55.89
321.37,55.89
321.39,55.89
321.40,55.89
321.42,55.89
321.43,55.89
321.45,55.89
321.46,55.88
321.48,55.88
321.49,55.88
321.50,55.88
321.52,55.88
321.53,55.88
321.55,55.88
321.56,55.87
321.58,55.88
321.59,55.88
321.61,55.87
321.62,55.87
321.64,55.87
321.65,55.87
321.67,55.87
321.68,55.87
321.70,55.87
321.71,55.86
321.73,55.86
321.74,55.86
321.75,55.86
321.77,55.86
321.78,55.86
321.80,55.86
321.81,55.86
321.83,55.85
321.84,55.86
321.86,55.85
321.87,55.85
321.89,55.85
321.90,55.85
321.92,55.85
321.93,55.85
321.95,55.85
321.96,55.85
321.98,55.84
321.99,55.84
322.00,55.84
322.02,55.84
322.03,55.84
322.05,55.84
322.06,55.84
322.08,55.83
322.09,55.83
322.11,55.84
322.12,55.83
322.14,55.83
322.15,55.83
322.17,55.83
322.18,55.83
322.20,55.83
322.21,55.83
322.23,55.82
322.24,55.82
322.25,55.82
322.27,55.82
322.28,55.82
322.30,55.82
322.31,55.82
322.33,55.82
322.34,55.81
322.36,55.81
322.37,55.81
322.39,55.81
322.40,55.81
322.42,55.81
322.43,55.81
322.45,55.80
322.46,55.81
322.48,55.81
322.49,55.80
322.50,55.80
322.52,55.80
322.53,55.80
322.55,55.80
322.56,55.80
322.58,55.80
322.59,55.79
322.61,55.79
322.62,55.79
322.64,55.79
322.65,55.79
322.67,55.79
322.68,55.79
322.70,55.79
322.71,55.78
322.73,55.79
322.74,55.79
322.75,55.78
322.77,55.78
322.78,55.78
322.80,55.78
322.81,55.78
322.83,55.78
322.84,55.78
322.86,55.78
322.87,55.78
322.89,55.78
322.90,55.78
322.92,55.78
322.93,55.78
322.95,55.78
322.96,55.79
322.98,55.79
322.99,55.79
323.01,55.79
323.02,55.79
323.03,55.79
323.05,55.79
323.06,55.79
323.08,55.79
323.09,55.79
323.11,55.79
323.12,55.79
323.14,55.79
323.15,55.79
323.17,55.79
323.18,55.79
323.20,55.79
323.21,55.79
323.23,55.79
323.24,55.80
323.26,55.80
323.27,55.80
323.28,55.80
323.30,55.81
323.31,55.81
323.33,55.81
323.34,55.82
323.36,55.82
323.37,55.82
323.39,55.82
323.40,55.83
323.42,55.83
323.43,55.83
323.45,55.82
323.46,55.82
323.48,55.82
323.49,55.82
323.51,55.82
323.52,55.82
323.53,55.82
323.55,55.82
323.56,55.81
323.58,55.81
323.59,55.81
323.61,55.81
323.62,55.81
323.64,55.81
323.65,55.81
323.67,55.81
323.68,55.81
323.70,55.81
323.71,55.80
323.73,55.80
323.74,55.80
323.76,55.80
323.77,55.80
323.78,55.80
323.80,55.80
323.81,55.80
323.83,55.80
323.84,55.80
323.86,55.80
323.87,55.80
323.89,55.80
323.90,55.80
323.92,55.80
323.93,55.80
323.95,55.80
323.96,55.80
323.98,55.80
323.99,55.80
324.01,55.80
324.02,55.80
324.03,55.80
324.05,55.80
324.06,55.80
324.08,55.80
324.09,55.80
324.11,55.80
324.12,55.80
324.14,55.80
324.15,55.81
324.17,55.81
324.18,55.81
324.20,55.81
324.21,55.82
324.23,55.82
324.24,55.82
324.26,55.82
324.27,55.82
324.28,55.82
324.30,55.82
324.31,55.82
324.33,55.82
324.34,55.82
324.36,55.82
324.37,55.81
324.39,55.82
324.40,55.81
324.42,55.81
324.43,55.81
324.45,55.81
324.46,55.81
324.48,55.81
324.49,55.81
324.51,55.81
324.52,55.80
324.54,55.80
324.55,55.80
324.56,55.80
324.58,55.80
324.59,55.80
324.61,55.80
324.62,55.79
324.64,55.79
324.65,55.80
324.67,55.79
324.68,55.79
324.70,55.79
324.71,55.79
324.73,55.79
324.74,55.79
324.76,55.79
324.77,55.79
324.79,55.79
324.80,55.79
324.81,55.79
324.83,55.79
324.84,55.79
324.86,55.79
324.87,55.79
324.89,55.79
324.90,55.79
324.92,55.79
324.93,55.79
324.95,55.79
324.96,55.79
324.98,55.79
324.99,55.79
325.01,55.79
325.02,55.79
325.04,55.79
325.05,55.79
325.06,55.80
325.08,55.80
325.09,55.80
325.11,55.80
325.12,55.80
325.14,55.80
325.15,55.80
325.17,55.80
325.18,55.80
325.20,55.80
325.21,55.80
325.23,55.80
325.24,55.80
325.26,55.80
325.27,55.80
325.29,55.80
325.30,55.80
325.31,55.80
325.33,55.80
325.34,55.80
325.36,55.80
325.37,55.80
325.39,55.80
325.40,55.80
325.42,55.80
325.43,55.80
325.45,55.80
325.46,55.80
325.48,55.80
325.49,55.80
325.51,55.80
325.52,55.80
325.54,55.81
325.55,55.81
325.56,55.81
325.58,55.81
325.59,55.81
325.61,55.81
325.62,55.81
325.64,55.81
325.65,55.81
325.67,55.81
325.68,55.81
325.70,55.81
325.71,55.81
325.73,55.81
325.74,55.81
325.76,55.81
325.77,55.81
325.79,55.81
325.80,55.81
325.81,55.81
325.83,55.81
325.84,55.81
325.86,55.81
325.87,55.81
325.89,55.81
325.90,55.81
325.92,55.81
325.93,55.81
325.95,55.81
325.96,55.81
325.98,55.81
325.99,55.81
326.01,55.81
326.02,55.81
326.04,55.81
326.05,55.81
326.06,55.81
326.08,55.81
326.09,55.81
326.11,55.81
326.12,55.81
326.14,55.81
326.15,55.81
326.17,55.81
326.18,55.81
326.20,55.82
326.21,55.82
326.23,55.82
326.24,55.82
326.26,55.83
326.27,55.83
326.29,55.83
326.30,55.83
326.32,55.84
326.33,55.84
326.34,55.84
326.36,55.85
326.37,55.85
326.39,55.85
326.40,55.85
326.42,55.86
326.43,55.86
326.45,55.86
326.46,55.86
326.48,55.87
326.49,55.87
326.51,55.87
326.52,55.88
326.54,55.88
326.55,55.88
326.57,55.88
326.58,55.89
326.59,55.89
326.61,55.89
326.62,55.89
326.64,55.90
326.65,55.90
326.67,55.90
326.68,55.90
326.70,55.91
326.71,55.91
326.73,55.91
326.74,55.92
326.76,55.92
326.77,55.92
326.79,55.92
326.80,55.93
326.82,55.93
326.83,55.93
326.84,55.93
326.86,55.93
326.87,55.93
326.89,55.93
326.90,55.93
326.92,55.92
326.93,55.92
326.95,55.93
326.96,55.92
326.98,55.92
326.99,55.92
327.01,55.92
327.02,55.92
327.04,55.92
327.05,55.92
327.07,55.91
327.08,55.91
327.09,55.91
327.11,55.91
327.12,55.91
327.14,55.91
327.15,55.91
327.17,55.91
327.18,55.90
327.20,55.90
327.21,55.90
327.23,55.90
327.24,55.90
327.26,55.90
327.27,55.90
327.29,55.89
327.30,55.90
327.32,55.90
327.33,55.89
327.34,55.89
327.36,55.89
327.37,55.89
327.39,55.89
327.40,55.89
327.42,55.89
327.43,55.88
327.45,55.88
327.46,55.88
327.48,55.88
327.49,55.88
327.51,55.88
327.52,55.88
327.54,55.88
327.55,55.87
327.57,55.88
327.58,55.87
327.59,55.87
327.61,55.87
327.62,55.87
327.64,55.87
327.65,55.87
327.67,55.87
327.68,55.87
327.70,55.86
327.71,55.86
327.73,55.86
327.74,55.86
327.76,55.86
327.77,55.86
327.79,55.86
327.80,55.85
327.82,55.85
327.83,55.86
327.85,55.85
327.86,55.85
327.87,55.85
327.89,55.85
327.90,55.85
327.92,55.85
327.93,55.85
327.95,55.84
327.96,55.84
327.98,55.84
327.99,55.84
328.01,55.84
328.02,55.84
328.04,55.84
328.05,55.84
328.07,55.83
328.08,55.83
328.10,55.84
328.11,55.83
328.12,55.83
328.14,55.83
328.15,55.83
328.17,55.83
328.18,55.83
328.20,55.83
328.21,55.82
328.23,55.82
328.24,55.82
328.26,55.82
328.27,55.82
328.29,55.82
328.30,55.82
328.32,55.82
328.33,55.81
328.35,55.81
328.36,55.81
328.37,55.81
328.39,55.81
328.40,55.81
328.42,55.81
328.43,55.80
328.45,55.81
328.46,55.81
328.48,55.80
328.49,55.80
328.51,55.80
328.52,55.80
328.54,55.80
328.55,55.80
328.57,55.80
328.58,55.79
328.60,55.79
328.61,55.79
328.62,55.79
328.64,55.79
328.65,55.79
328.67,55.79
328.68,55.79
328.70,55.78
328.71,55.79
328.73,55.78
328.74,55.78
328.76,55.78
328.77,55.78
328.79,55.78
328.80,55.78
328.82,55.78
328.83,55.78
328.85,55.77
328.86,55.77
328.87,55.77
328.89,55.77
328.90,55.77
328.92,55.77
328.93,55.77
328.95,55.77
328.96,55.76
328.98,55.77
328.99,55.76
329.01,55.76
329.02,55.76
329.04,55.76
329.05,55.76
329.07,55.76
329.08,55.76
329.10,55.76
329.11,55.75
329.12,55.75
329.14,55.75
329.15,55.75
329.17,55.75
329.18,55.75
329.20,55.75
329.21,55.74
329.23,55.74
329.24,55.75
329.26,55.74
329.27,55.74
329.29,55.74
329.30,55.74
329.32,55.74
329.33,55.74
329.35,55.74
329.36,55.73
329.38,55.73
329.39,55.73
329.40,55.73
329.42,55.73
329.43,55.73
329.45,55.73
329.46,55.73
329.48,55.72
329.49,55.72
329.51,55.72
329.52,55.72
329.54,55.72
329.55,55.72
329.57,55.72
329.58,55.72
329.60,55.72
329.61,55.72
329.63,55.71
329.64,55.71
329.65,55.71
329.67,55.71
329.68,55.71
329.70,55.71
329.71,55.71
329.73,55.71
329.74,55.70
329.76,55.70
329.77,55.70
329.79,55.70
329.80,55.70
329.82,55.70
329.83,55.70
329.85,55.69
329.86,55.70
329.88,55.70
329.89,55.69
329.90,55.69
329.92,55.69
329.93,55.69
329.95,55.69
329.96,55.69
329.98,55.69
329.99,55.68
330.01,55.68
330.02,55.68
330.04,55.68
330.05,55.68
330.07,55.68
330.08,55.68
330.10,55.68
330.11,55.67
330.13,55.67
330.14,55.67
330.15,55.68
330.17,55.68
330.18,55.68
330.20,55.68
330.21,55.68
330.23,55.68
330.24,55.68
330.26,55.68
330.27,55.68
330.29,55.68
330.30,55.68
330.32,55.68
330.33,55.68
330.35,55.68
330.36,55.68
330.38,55.68
330.39,55.68
330.40,55.68
330.42,55.68
330.43,55.68
330.45,55.68
330.46,55.68
330.48,55.68
330.49,55.68
330.51,55.68
330.52,55.68
330.54,55.68
330.55,55.68
330.57,55.68
330.58,55.68
330.60,55.68
330.61,55.69
330.63,55.69
330.64,55.69
330.65,55.69
330.67,55.70
330.68,55.70
330.70,55.70
330.71,55.70
330.73,55.71
330.74,55.71
330.76,55.71
330.77,55.72
330.79,55.72
330.80,55.72
330.82,55.72
330.83,55.72
330.85,55.72
330.86,55.72
330.88,55.73
330.89,55.73
330.91,55.73
330.92,55.73
330.93,55.73
330.95,55.73
330.96,55.73
330.98,55.73
330.99,55.73
331.01,55.73
331.02,55.73
331.04,55.73
331.05,55.73
331.07,55.73
331.08,55.73
331.10,55.73
331.11,55.73
331.13,55.73
331.14,55.73
331.16,55.73
331.17,55.73
331.18,55.74
331.20,55.74
331.21,55.74
331.23,55.75
331.24,55.75
331.26,55.75
331.27,55.75
331.29,55.76
331.30,55.76
331.32,55.76
331.33,55.76
331.35,55.76
331.36,55.76
331.38,55.76
331.39,55.76
331.41,55.76
331.42,55.76
331.43,55.76
331.45,55.75
331.46,55.76
331.48,55.75
331.49,55.75
331.51,55.75
331.52,55.75
331.54,55.75
331.55,55.75
331.57,55.75
331.58,55.75
331.60,55.74
331.61,55.74
331.63,55.74
331.64,55.74
331.66,55.74
331.67,55.74
331.68,55.74
331.70,55.73
331.71,55.73
331.73,55.74
331.74,55.73
331.76,55.73
331.77,55.73
331.79,55.73
331.80,55.73
331.82,55.73
331.83,55.73
331.85,55.72
331.86,55.72
331.88,55.72
331.89,55.72
331.91,55.72
331.92,55.72
331.93,55.72
331.95,55.72
331.96,55.71
331.98,55.71
331.99,55.72
332.01,55.71
332.02,55.71
332.04,55.71
332.05,55.71
332.07,55.71
332.08,55.71
332.10,55.71
332.11,55.70
332.13,55.70
332.14,55.70
332.16,55.70
332.17,55.70
332.18,55.70
332.20,55.70
332.21,55.70
332.23,55.70
332.24,55.70
332.26,55.70
332.27,55.70
332.29,55.70
332.30,55.70
332.32,55.70
332.33,55.70
332.35,55.70
332.36,55.70
332.38,55.70
332.39,55.70
332.41,55.70
332.42,55.70
332.44,55.70
332.45,55.70
332.46,55.70
332.48,55.70
332.49,55.70
332.51,55.70
332.52,55.70
332.54,55.71
332.55,55.71
332.57,55.71
332.58,55.71
332.60,55.71
332.61,55.71
332.63,55.71
332.64,55.71
332.66,55.71
332.67,55.71
332.69,55.71
332.70,55.71
332.71,55.71
332.73,55.71
332.74,55.71
332.76,55.71
332.77,55.71
332.79,55.71
332.80,55.71
332.82,55.71
332.83,55.71
332.85,55.71
332.86,55.71
332.88,55.71
332.89,55.71
332.91,55.72
332.92,55.72
332.94,55.72
332.95,55.72
332.96,55.73
332.98,55.73
332.99,55.73
333.01,55.74
333.02,55.74
333.04,55.74
333.05,55.74
333.07,55.75
333.08,55.75
333.10,55.75
333.11,55.75
333.13,55.76
333.14,55.76
333.16,55.76
333.17,55.76
333.19,55.76
333.20,55.76
333.21,55.76
333.23,55.75
333.24,55.75
333.26,55.75
333.27,55.75
333.29,55.75
333.30,55.75
333.32,55.75
333.33,55.74
333.35,55.75
333.36,55.75
333.38,55.74
333.39,55.74
333.41,55.74
333.42,55.74
333.44,55.74
333.45,55.74
333.46,55.74
333.48,55.73
333.49,55.73
333.51,55.73
333.52,55.73
333.54,55.73
333.55,55.73
333.57,55.73
333.58,55.73
333.60,55.72
333.61,55.73
333.63,55.72
333.64,55.72
333.66,55.72
333.67,55.72
333.69,55.72
333.70,55.72
333.71,55.72
333.73,55.72
333.74,55.71
333.76,55.71
333.77,55.71
333.79,55.71
333.80,55.71
333.82,55.71
333.83,55.71
333.85,55.71
333.86,55.70
333.88,55.71
333.89,55.70
333.91,55.70
333.92,55.70
333.94,55.70
333.95,55.70
333.97,55.70
333.98,55.70
333.99,55.70
334.01,55.69
334.02,55.69
334.04,55.69
334.05,55.69
334.07,55.69
334.08,55.69
334.10,55.69
334.11,55.68
334.13,55.68
334.14,55.69
334.16,55.68
334.17,55.68
334.19,55.68
334.20,55.68
334.22,55.68
334.23,55.68
334.24,55.68
334.26,55.68
334.27,55.67
334.29,55.67
334.30,55.67
334.32,55.67
334.33,55.67
334.35,55.67
334.36,55.67
334.38,55.66
334.39,55.66
334.41,55.67
334.42,55.66
334.44,55.66
334.45,55.66
334.47,55.66
334.48,55.66
334.49,55.66
334.51,55.66
334.52,55.65
334.54,55.65
334.55,55.65
334.57,55.65
334.58,55.65
334.60,55.65
334.61,55.65
334.63,55.65
334.64,55.64
334.66,55.64
334.67,55.65
334.69,55.64
334.70,55.64
334.72,55.64
334.73,55.64
334.74,55.64
334.76,55.64
334.77,55.64
334.79,55.63
334.80,55.63
334.82,55.63
334.83,55.63
334.85,55.63
334.86,55.63
334.88,55.63
334.89,55.63
334.91,55.62
334.92,55.62
334.94,55.62
334.95,55.62
334.97,55.62
334.98,55.62
334.99,55.62
335.01,55.62
335.02,55.62
335.04,55.62
335.05,55.61
335.07,55.61
335.08,55.61
335.10,55.61
335.11,55.61
335.13,55.61
335.14,55.61
335.16,55.61
335.17,55.62
335.19,55.62
335.20,55.62
335.22,55.62
335.23,55.62
335.24,55.62
335.26,55.62
335.27,55.62
335.29,55.62
335.30,55.62
335.32,55.62
335.33,55.62
335.35,55.62
335.36,55.62
335.38,55.62
335.39,55.62
335.41,55.62
335.42,55.62
335.44,55.62
335.45,55.62
335.47,55.62
335.48,55.62
335.50,55.62
335.51,55.62
335.52,55.62
335.54,55.62
335.55,55.62
335.57,55.62
335.58,55.62
335.60,55.62
335.61,55.62
335.63,55.62
335.64,55.62
335.66,55.62
335.67,55.62
335.69,55.62
335.70,55.62
335.72,55.62
335.73,55.62
335.75,55.62
335.76,55.62
335.77,55.63
335.79,55.63
335.80,55.63
335.82,55.64
335.83,55.64
335.85,55.64
335.86,55.64
335.88,55.65
335.89,55.65
335.91,55.65
335.92,55.65
335.94,55.66
335.95,55.66
335.97,55.66
335.98,55.67
336.00,55.67
336.01,55.67
336.02,55.67
336.04,55.68
336.05,55.68
336.07,55.68
336.08,55.68
336.10,55.69
336.11,55.69
336.13,55.69
336.14,55.70
336.16,55.70
336.17,55.70
336.19,55.70
336.20,55.71
336.22,55.71
336.23,55.71
336.25,55.72
336.26,55.72
336.27,55.72
336.29,55.72
336.30,55.72
336.32,55.72
336.33,55.72
336.35,55.72
336.36,55.72
336.38,55.72
336.39,55.72
336.41,55.72
336.42,55.72
336.44,55.72
336.45,55.72
336.47,55.72
336.48,55.72
336.50,55.72
336.51,55.72
336.52,55.72
336.54,55.72
336.55,55.72
336.57,55.72
336.58,55.72
336.60,55.72
336.61,55.72
336.63,55.73
336.64,55.73
336.66,55.73
336.67,55.73
336.69,55.74
336.70,55.74
336.72,55.74
336.73,55.75
336.75,55.75
336.76,55.75
336.77,55.75
336.79,55.76
336.80,55.76
336.82,55.76
336.83,55.77
336.85,55.77
336.86,55.77
336.88,55.77
336.89,55.78
336.91,55.78
336.92,55.78
336.94,55.78
336.95,55.79
336.97,55.79
336.98,55.79
337.00,55.80
337.01,55.80
337.03,55.80
337.04,55.80
337.05,55.81
337.07,55.81
337.08,55.81
337.10,55.81
337.11,55.82
337.13,55.82
337.14,55.82
337.16,55.83
337.17,55.83
337.19,55.83
337.20,55.83
337.22,55.84
337.23,55.84
337.25,55.84
337.26,55.84
337.28,55.85
337.29,55.85
337.30,55.85
337.32,55.86
337.33,55.86
337.35,55.86
337.36,55.86
337.38,55.87
337.39,55.87
337.41,55.87
337.42,55.87
337.44,55.88
337.45,55.88
337.47,55.88
337.48,55.88
337.50,55.89
337.51,55.89
337.53,55.89
337.54,55.90
337.55,55.90
337.57,55.90
337.58,55.90
337.60,55.91
337.61,55.91
337.63,55.91
337.64,55.91
337.66,55.92
337.67,55.92
337.69,55.92
337.70,55.93
337.72,55.93
337.73,55.93
337.75,55.93
337.76,55.94
337.78,55.94
337.79,55.94
337.80,55.94
337.82,55.95
337.83,55.95
337.85,55.95
337.86,55.96
337.88,55.96
337.89,55.96
337.91,55.96
337.92,55.97
337.94,55.97
337.95,55.97
337.97,55.97
337.98,55.98
338.00,55.98
338.01,55.98
338.03,55.99
338.04,55.99
338.05,55.99
338.07,55.99
338.08,56.00
338.10,56.00
338.11,56.00
338.13,56.00
338.14,56.01
338.16,56.01
338.17,56.01
338.19,56.01
338.20,56.02
338.22,56.02
338.23,56.02
338.25,56.03
338.26,56.03
338.28,56.03
338.29,56.03
338.30,56.04
338.32,56.04
338.33,56.04
338.35,56.04
338.36,56.05
338.38,56.05
338.39,56.05
338.41,56.06
338.42,56.06
338.44,56.06
338.45,56.06
338.47,56.07
338.48,56.07
338.50,56.07
338.51,56.07
338.53,56.07
338.54,56.07
338.56,56.07
338.57,56.08
338.58,56.08
338.60,56.08
338.61,56.08
338.63,56.08
338.64,56.08
338.66,56.08
338.67,56.08
338.69,56.08
338.70,56.08
338.72,56.08
338.73,56.08
338.75,56.08
338.76,56.08
338.78,56.08
338.79,56.08
338.81,56.08
338.82,56.08
338.83,56.08
338.85,56.08
338.86,56.08
338.88,56.08
338.89,56.08
338.91,56.08
338.92,56.08
338.94,56.08
338.95,56.08
338.97,56.08
338.98,56.08
339.00,56.08
339.01,56.08
339.03,56.08
339.04,56.08
339.06,56.08
339.07,56.08
339.08,56.09
339.10,56.09
339.11,56.09
339.13,56.09
339.14,56.09
339.16,56.09
339.17,56.09
339.19,56.09
339.20,56.09
339.22,56.08
339.23,56.08
339.25,56.08
339.26,56.09
339.28,56.09
339.29,56.09
339.31,56.09
339.32,56.10
339.33,56.10
339.35,56.10
339.36,56.11
339.38,56.11
339.39,56.11
339.41,56.11
339.42,56.12
339.44,56.12
339.45,56.12
339.47,56.12
339.48,56.13
339.50,56.13
339.51,56.13
339.53,56.14
339.54,56.14
339.56,56.14
339.57,56.14
339.58,56.15
339.60,56.15
339.61,56.15
339.63,56.15
339.64,56.15
339.66,56.15
339.67,56.15
339.69,56.15
339.70,56.15
339.72,56.15
339.73,56.15
339.75,56.15
339.76,56.15
339.78,56.15
339.79,56.15
339.81,56.15
339.82,56.15
339.83,56.16
339.85,56.16
339.86,56.16
339.88,56.16
339.89,56.16
339.91,56.16
339.92,56.16
339.94,56.15
339.95,56.15
339.97,56.15
339.98,56.15
340.00,56.16
340.01,56.16
340.03,56.16
340.04,56.16
340.06,56.17
340.07,56.17
340.09,56.17
340.10,56.17
340.11,56.18
340.13,56.18
340.14,56.18
340.16,56.19
340.17,56.19
340.19,56.19
340.20,56.19
340.22,56.20
340.23,56.20
340.25,56.20
340.26,56.20
340.28,56.21
340.29,56.21
340.31,56.21
340.32,56.21
340.34,56.22
340.35,56.22
340.36,56.22
340.38,56.23
340.39,56.23
340.41,56.23
340.42,56.23
340.44,56.24
340.45,56.24
340.47,56.24
340.48,56.24
340.50,56.25
340.51,56.25
340.53,56.25
340.54,56.25
340.56,56.26
340.57,56.26
340.59,56.26
340.60,56.27
340.61,56.27
340.63,56.27
340.64,56.27
340.66,56.28
340.67,56.28
340.69,56.28
340.70,56.28
340.72,56.29
340.73,56.29
340.75,56.29
340.76,56.29
340.78,56.30
340.79,56.30
340.81,56.30
340.82,56.30
340.84,56.31
340.85,56.31
340.86,56.31
340.88,56.32
340.89,56.32
340.91,56.32
340.92,56.32
340.94,56.33
340.95,56.33
340.97,56.33
340.98,56.33
341.00,56.34
341.01,56.34
341.03,56.34
341.04,56.34
341.06,56.35
341.07,56.35
341.09,56.35
341.10,56.36
341.11,56.36
341.13,56.36
341.14,56.36
341.16,56.37
341.17,56.37
341.19,56.37
341.20,56.37
341.22,56.38
341.23,56.38
341.25,56.38
341.26,56.38
341.28,56.39
341.29,56.39
341.31,56.39
341.32,56.39
341.34,56.40
341.35,56.40
341.36,56.40
341.38,56.41
341.39,56.41
341.41,56.41
341.42,56.41
341.44,56.42
341.45,56.42
341.47,56.42
341.48,56.42
341.50,56.43
341.51,56.43
341.53,56.43
341.54,56.43
341.56,56.44
341.57,56.44
341.59,56.44
341.60,56.44
341.62,56.45
341.63,56.45
341.64,56.45
341.66,56.46
341.67,56.46
341.69,56.46
341.70,56.46
341.72,56.47
341.73,56.47
341.75,56.47
341.76,56.47
341.78,56.48
341.79,56.48
341.81,56.48
341.82,56.48
341.84,56.49
341.85,56.49
341.87,56.49
341.88,56.49
341.89,56.50
341.91,56.50
341.92,56.50
341.94,56.50
341.95,56.51
341.97,56.51
341.98,56.51
342.00,56.52
342.01,56.52
342.03,56.52
342.04,56.52
342.06,56.53
342.07,56.53
342.09,56.53
342.10,56.53
342.12,56.54
342.13,56.54
342.14,56.54
342.16,56.54
342.17,56.55
342.19,56.55
342.20,56.55
342.22,56.55
342.23,56.56
342.25,56.56
342.26,56.56
342.28,56.57
342.29,56.57
342.31,56.57
342.32,56.57
342.34,56.58
342.35,56.58
342.37,56.58
342.38,56.58
342.39,56.59
342.41,56.59
342.42,56.59
342.44,56.59
342.45,56.60
342.47,56.60
342.48,56.60
342.50,56.60
342.51,56.61
342.53,56.61
342.54,56.61
342.56,56.61
342.57,56.62
342.59,56.62
342.60,56.62
342.62,56.62
342.63,56.63
342.64,56.63
342.66,56.63
342.67,56.64
342.69,56.64
342.70,56.64
342.72,56.64
342.73,56.65
342.75,56.65
342.76,56.65
342.78,56.65
342.79,56.66
342.81,56.66
342.82,56.66
342.84,56.66
342.85,56.67
342.87,56.67
342.88,56.67
342.89,56.67
342.91,56.68
342.92,56.68
342.94,56.68
342.95,56.68
342.97,56.69
342.98,56.69
343.00,56.69
343.01,56.69
343.03,56.69
343.04,56.69
343.06,56.69
343.07,56.69
343.09,56.69
343.10,56.69
343.12,56.69
343.13,56.69
343.15,56.69
343.16,56.69
343.17,56.69
343.19,56.69
343.20,56.69
343.22,56.69
343.23,56.69
343.25,56.69
343.26,56.69
343.28,56.69
343.29,56.69
343.31,56.69
343.32,56.69
343.34,56.69
343.35,56.69
343.37,56.69
343.38,56.69
343.40,56.69
343.41,56.69
343.42,56.69
343.44,56.69
343.45,56.69
343.47,56.69
343.48,56.69
343.50,56.69
343.51,56.69
343.53,56.70
343.54,56.70
343.56,56.70
343.57,56.70
343.59,56.70
343.60,56.70
343.62,56.70
343.63,56.70
343.65,56.70
343.66,56.70
343.67,56.70
343.69,56.70
343.70,56.70
343.72,56.70
343.73,56.70
343.75,56.70
343.76,56.70
343.78,56.69
343.79,56.69
343.81,56.69
343.82,56.70
343.84,56.70
343.85,56.70
343.87,56.71
343.88,56.71
343.90,56.71
343.91,56.71
343.92,56.72
343.94,56.72
343.95,56.72
343.97,56.72
343.98,56.73
344.00,56.73
344.01,56.73
344.03,56.73
344.04,56.74
344.06,56.74
344.07,56.74
344.09,56.74
344.10,56.75
344.12,56.75
344.13,56.75
344.15,56.75
344.16,56.76
344.17,56.76
344.19,56.76
344.20,56.76
344.22,56.77
344.23,56.77
344.25,56.77
344.26,56.77
344.28,56.78
344.29,56.78
344.31,56.78
344.32,56.79
344.34,56.79
344.35,56.79
344.37,56.79
344.38,56.80
344.40,56.80
344.41,56.80
344.42,56.80
344.44,56.81
344.45,56.81
344.47,56.81
344.48,56.81
344.50,56.82
344.51,56.82
344.53,56.82
344.54,56.82
344.56,56.83
344.57,56.83
344.59,56.83
344.60,56.83
344.62,56.84
344.63,56.84
344.65,56.84
344.66,56.84
344.68,56.85
344.69,56.85
344.70,56.85
344.72,56.85
344.73,56.86
344.75,56.86
344.76,56.86
344.78,56.86
344.79,56.87
344.81,56.87
344.82,56.87
344.84,56.87
344.85,56.88
344.87,56.88
344.88,56.88
344.90,56.89
344.91,56.89
344.93,56.89
344.94,56.89
344.95,56.89
344.97,56.89
344.98,56.89
345.00,56.89
345.01,56.89
345.03,56.89
345.04,56.89
345.06,56.89
345.07,56.89
345.09,56.89
345.10,56.89
345.12,56.89
345.13,56.90
345.15,56.90
345.16,56.90
345.18,56.90
345.19,56.90
345.20,56.90
345.22,56.90
345.23,56.90
345.25,56.90
345.26,56.90
345.28,56.90
345.29,56.90
345.31,56.90
345.32,56.90
345.34,56.90
345.35,56.90
345.37,56.90
345.38,56.90
345.40,56.90
345.41,56.90
345.43,56.90
345.44,56.90
345.45,56.90
345.47,56.90
345.48,56.90
345.50,56.90
345.51,56.90
345.53,56.90
345.54,56.90
345.56,56.90
345.57,56.90
345.59,56.90
345.60,56.90
345.62,56.90
345.63,56.90
345.65,56.90
345.66,56.90
345.68,56.90
345.69,56.90
345.70,56.90
345.72,56.90
345.73,56.91
345.75,56.91
345.76,56.91
345.78,56.91
345.79,56.92
345.81,56.92
345.82,56.92
345.84,56.92
345.85,56.93
345.87,56.93
345.88,56.93
345.90,56.93
345.91,56.94
345.93,56.94
345.94,56.94
345.95,56.94
345.97,56.94
345.98,56.94
346.00,56.94
346.01,56.94
346.03,56.94
346.04,56.94
346.06,56.94
346.07,56.94
346.09,56.94
346.10,56.94
346.12,56.94
346.13,56.94
346.15,56.94
346.16,56.94
346.18,56.94
346.19,56.94
346.20,56.94
346.22,56.94
346.23,56.94
346.25,56.94
346.26,56.94
346.28,56.94
346.29,56.94
346.31,56.94
346.32,56.94
346.34,56.94
346.35,56.94
346.37,56.94
346.38,56.94
346.40,56.94
346.41,56.95
346.43,56.95
346.44,56.95
346.46,56.95
346.47,56.95
346.48,56.94
346.50,56.94
346.51,56.94
346.53,56.94
346.54,56.94
346.56,56.95
346.57,56.95
346.59,56.95
346.60,56.95
346.62,56.96
346.63,56.96
346.65,56.96
346.66,56.96
346.68,56.97
346.69,56.97
346.71,56.97
346.72,56.98
346.73,56.98
346.75,56.98
346.76,56.98
346.78,56.99
346.79,56.99
346.81,56.99
346.82,56.99
346.84,57.00
346.85,57.00
346.87,57.00
346.88,57.00
346.90,57.01
346.91,57.01
346.93,57.01
346.94,57.01
346.96,57.02
346.97,57.02
346.98,57.02
347.00,57.02
347.01,57.03
347.03,57.03
347.04,57.03
347.06,57.03
347.07,57.04
347.09,57.04
347.10,57.04
347.12,57.04
347.13,57.05
347.15,57.05
347.16,57.05
347.18,57.05
347.19,57.06
347.21,57.06
347.22,57.06
347.23,57.06
347.25,57.07
347.26,57.07
347.28,57.07
347.29,57.07
347.31,57.08
347.32,57.08
347.34,57.08
347.35,57.08
347.37,57.09
347.38,57.09
347.40,57.09
347.41,57.09
347.43,57.10
347.44,57.10
347.46,57.10
347.47,57.10
347.48,57.11
347.50,57.11
347.51,57.11
347.53,57.11
347.54,57.12
347.56,57.12
347.57,57.12
347.59,57.12
347.60,57.13
347.62,57.13
347.63,57.13
347.65,57.13
347.66,57.14
347.68,57.14
347.69,57.14
347.71,57.14
347.72,57.15
347.73,57.15
347.75,57.15
347.76,57.15
347.78,57.16
347.79,57.16
347.81,57.16
347.82,57.16
347.84,57.17
347.85,57.17
347.87,57.17
347.88,57.17
347.90,57.18
347.91,57.18
347.93,57.18
347.94,57.18
347.96,57.18
347.97,57.18
347.99,57.18
348.00,57.18
348.01,57.18
348.03,57.18
348.04,57.18
348.06,57.18
348.07,57.18
348.09,57.18
348.10,57.18
348.12,57.18
348.13,57.18
348.15,57.18
348.16,57.18
348.18,57.18
348.19,57.18
348.21,57.18
348.22,57.18
348.24,57.18
348.25,57.18
348.26,57.18
348.28,57.18
348.29,57.18
348.31,57.18
348.32,57.18
348.34,57.18
348.35,57.18
348.37,57.18
348.38,57.18
348.40,57.18
348.41,57.18
348.43,57.18
348.44,57.18
348.46,57.18
348.47,57.17
348.49,57.18
348.50,57.18
348.51,57.18
348.53,57.18
348.54,57.19
348.56,57.19
348.57,57.19
348.59,57.19
348.60,57.20
348.62,57.20
348.63,57.20
348.65,57.20
348.66,57.21
348.68,57.21
348.69,57.21
348.71,57.21
348.72,57.22
348.74,57.22
348.75,57.22
348.76,57.22
348.78,57.23
348.79,57.23
348.81,57.23
348.82,57.23
348.84,57.24
348.85,57.24
348.87,57.24
348.88,57.24
348.90,57.25
348.91,57.25
348.93,57.25
348.94,57.25
348.96,57.26
348.97,57.26
348.99,57.26
349.00,57.26
349.01,57.27
349.03,57.27
349.04,57.27
349.06,57.27
349.07,57.28
349.09,57.28
349.10,57.28
349.12,57.28
349.13,57.29
349.15,57.29
349.16,57.29
349.18,57.29
349.19,57.30
349.21,57.30
349.22,57.30
349.24,57.30
349.25,57.31
349.26,57.31
349.28,57.31
349.29,57.31
349.31,57.32
349.32,57.32
349.34,57.32
349.35,57.32
349.37,57.33
349.38,57.33
349.40,57.33
349.41,57.33
349.43,57.34
349.44,57.34
349.46,57.34
349.47,57.34
349.49,57.35
349.50,57.35
349.52,57.35
349.53,57.35
349.54,57.36
349.56,57.36
349.57,57.36
349.59,57.36
349.60,57.37
349.62,57.37
349.63,57.37
349.65,57.37
349.66,57.38
349.68,57.38
349.69,57.38
349.71,57.38
349.72,57.39
349.74,57.39
349.75,57.39
349.77,57.39
349.78,57.40
349.79,57.40
349.81,57.40
349.82,57.40
349.84,57.41
349.85,57.41
349.87,57.41
349.88,57.41
349.90,57.41
349.91,57.41
349.93,57.41
349.94,57.41
349.96,57.41
349.97,57.41
349.99,57.41
350.00,57.41
350.02,57.41
350.03,57.41
350.04,57.41
350.06,57.41
350.07,57.41
350.09,57.41
350.10,57.42
350.12,57.42
350.13,57.42
350.15,57.42
350.16,57.42
350.18,57.42
350.19,57.42
350.21,57.42
350.22,57.42
350.24,57.42
350.25,57.42
350.27,57.42
350.28,57.42
350.29,57.42
350.31,57.42
350.32,57.42
350.34,57.42
350.35,57.42
350.37,57.42
350.38,57.42
350.40,57.42
350.41,57.42
350.43,57.42
350.44,57.42
350.46,57.42
350.47,57.42
350.49,57.42
350.50,57.42
350.52,57.42
350.53,57.42
350.54,57.42
350.56,57.42
350.57,57.42
350.59,57.41
350.60,57.41
350.62,57.41
350.63,57.42
350.65,57.42
350.66,57.42
350.68,57.42
350.69,57.43
350.71,57.43
350.72,57.43
350.74,57.43
350.75,57.44
350.77,57.44
350.78,57.44
350.79,57.44
350.81,57.45
350.82,57.45
350.84,57.45
350.85,57.45
350.87,57.46
350.88,57.46
350.90,57.46
350.91,57.46
350.93,57.47
350.94,57.47
350.96,57.47
350.97,57.47
350.99,57.48
351.00,57.48
351.02,57.48
351.03,57.48
351.05,57.49
351.06,57.49
351.07,57.49
351.09,57.49
351.10,57.50
351.12,57.50
351.13,57.50
351.15,57.50
351.16,57.51
351.18,57.51
351.19,57.51
351.21,57.51
351.22,57.52
351.24,57.52
351.25,57.52
351.27,57.52
351.28,57.53
351.30,57.53
351.31,57.53
351.32,57.53
351.34,57.53
351.35,57.54
351.37,57.54
351.38,57.54
351.40,57.54
351.41,57.55
351.43,57.55
351.44,57.55
351.46,57.55
351.47,57.56
351.49,57.56
351.50,57.56
351.52,57.56
351.53,57.57
351.55,57.57
351.56,57.57
351.57,57.57
351.59,57.58
351.60,57.58
351.62,57.58
351.63,57.58
351.65,57.59
351.66,57.59
351.68,57.59
351.69,57.59
351.71,57.60
351.72,57.60
351.74,57.60
351.75,57.60
351.77,57.61
351.78,57.61
351.80,57.61
351.81,57.61
351.82,57.62
351.84,57.62
351.85,57.62
351.87,57.62
351.88,57.63
351.90,57.63
351.91,57.63
351.93,57.63
351.94,57.64
351.96,57.64
351.97,57.64
351.99,57.64
352.00,57.64
352.02,57.65
352.03,57.65
352.05,57.65
352.06,57.65
352.07,57.66
352.09,57.66
352.10,57.66
352.12,57.66
352.13,57.67
352.15,57.67
352.16,57.67
352.18,57.67
352.19,57.68
352.21,57.68
352.22,57.68
352.24,57.68
352.25,57.69
352.27,57.69
352.28,57.69
352.30,57.69
352.31,57.70
352.32,57.70
352.34,57.70
352.35,57.70
352.37,57.71
352.38,57.71
352.40,57.71
352.41,57.71
352.43,57.72
352.44,57.72
352.46,57.72
352.47,57.72
352.49,57.72
352.50,57.73
352.52,57.73
352.53,57.73
352.55,57.73
352.56,57.74
352.58,57.74
352.59,57.74
352.60,57.74
352.62,57.75
352.63,57.75
352.65,57.75
352.66,57.75
352.68,57.76
352.69,57.76
352.71,57.76
352.72,57.76
352.74,57.77
352.75,57.77
352.77,57.77
352.78,57.77
352.80,57.78
352.81,57.78
352.83,57.78
352.84,57.78
352.85,57.79
352.87,57.79
352.88,57.79
352.90,57.79
352.91,57.79
352.93,57.80
352.94,57.80
352.96,57.80
352.97,57.80
352.99,57.81
353.00,57.81
353.02,57.81
353.03,57.81
353.05,57.82
353.06,57.82
353.08,57.82
353.09,57.82
353.10,57.83
353.12,57.83
353.13,57.83
353.15,57.83
353.16,57.84
353.18,57.84
353.19,57.84
353.21,57.84
353.22,57.85
353.24,57.85
353.25,57.85
353.27,57.85
353.28,57.86
353.30,57.86
353.31,57.86
353.33,57.86
353.34,57.86
353.35,57.87
353.37,57.87
353.38,57.87
353.40,57.87
353.41,57.88
353.43,57.88
353.44,57.88
353.46,57.88
353.47,57.89
353.49,57.89
353.50,57.89
353.52,57.89
353.53,57.90
353.55,57.90
353.56,57.90
353.58,57.90
353.59,57.91
353.60,57.91
353.62,57.91
353.63,57.91
353.65,57.91
353.66,57.92
353.68,57.92
353.69,57.92
353.71,57.92
353.72,57.93
353.74,57.93
353.75,57.93
353.77,57.93
353.78,57.94
353.80,57.94
353.81,57.94
353.83,57.94
353.84,57.95
353.85,57.95
353.87,57.95
353.88,57.95
353.90,57.96
353.91,57.96
353.93,57.96
353.94,57.96
353.96,57.96
353.97,57.96
353.99,57.96
354.00,57.96
354.02,57.96
354.03,57.96
354.05,57.96
354.06,57.96
354.08,57.96
354.09,57.96
354.11,57.96
354.12,57.96
354.13,57.96
354.15,57.96
354.16,57.96
354.18,57.96
354.19,57.96
354.21,57.96
354.22,57.96
354.24,57.96
354.25,57.96
354.27,57.96
354.28,57.96
354.30,57.96
354.31,57.96
354.33,57.96
354.34,57.96
354.36,57.96
354.37,57.96
354.38,57.96
354.40,57.96
354.41,57.96
354.43,57.96
354.44,57.96
354.46,57.96
354.47,57.96
354.49,57.96
354.50,57.96
354.52,57.96
354.53,57.96
354.55,57.96
354.56,57.96
354.58,57.96
354.59,57.96
354.61,57.96
354.62,57.96
354.63,57.96
354.65,57.97
354.66,57.97
354.68,57.97
354.69,57.97
354.71,57.97
354.72,57.97
354.74,57.97
354.75,57.97
354.77,57.97
354.78,57.97
354.80,57.97
354.81,57.97
354.83,57.97
354.84,57.97
354.86,57.97
354.87,57.97
354.88,57.97
354.90,57.97
354.91,57.97
354.93,57.97
354.94,57.97
354.96,57.97
354.97,57.97
354.99,57.97
355.00,57.97
355.02,57.97
355.03,57.97
355.05,57.97
355.06,57.97
355.08,57.97
355.09,57.97
355.11,57.97
355.12,57.97
355.13,57.97
355.15,57.96
355.16,57.96
355.18,57.96
355.19,57.96
355.21,57.96
355.22,57.97
355.24,57.97
355.25,57.97
355.27,57.97
355.28,57.98
355.30,57.98
355.31,57.98
355.33,57.98
355.34,57.99
355.36,57.99
355.37,57.99
355.38,57.99
355.40,58.00
355.41,58.00
355.43,58.00
355.44,58.00
355.46,58.01
355.47,58.01
355.49,58.01
355.50,58.01
355.52,58.01
355.53,58.02
355.55,58.02
355.56,58.02
355.58,58.02
355.59,58.03
355.61,58.03
355.62,58.03
355.64,58.03
355.65,58.04
355.66,58.04
355.68,58.04
355.69,58.04
355.71,58.05
355.72,58.05
355.74,58.05
355.75,58.05
355.77,58.06
355.78,58.06
355.80,58.06
355.81,58.06
355.83,58.06
355.84,58.07
355.86,58.07
355.87,58.07
355.89,58.07
355.90,58.08
355.91,58.08
355.93,58.08
355.94,58.08
355.96,58.09
355.97,58.09
355.99,58.09
356.00,58.09
356.02,58.10
356.03,58.10
356.05,58.10
356.06,58.10
356.08,58.10
356.09,58.11
356.11,58.11
356.12,58.11
356.14,58.11
356.15,58.12
356.16,58.12
356.18,58.12
356.19,58.12
356.21,58.13
356.22,58.13
356.24,58.13
356.25,58.13
356.27,58.14
356.28,58.14
356.30,58.14
356.31,58.14
356.33,58.14
356.34,58.15
356.36,58.15
356.37,58.15
356.39,58.15
356.40,58.16
356.41,58.16
356.43,58.16
356.44,58.16
356.46,58.17
356.47,58.17
356.49,58.17
356.50,58.17
356.52,58.18
356.53,58.18
356.55,58.18
356.56,58.18
356.58,58.18
356.59,58.19
356.61,58.19
356.62,58.19
356.64,58.19
356.65,58.20
356.66,58.20
356.68,58.20
356.69,58.20
356.71,58.21
356.72,58.21
356.74,58.21
356.75,58.21
356.77,58.22
356.78,58.22
356.80,58.22
356.81,58.22
356.83,58.22
356.84,58.23
356.86,58.23
356.87,58.23
356.89,58.23
356.90,58.24
356.91,58.24
356.93,58.24
356.94,58.24
356.96,58.25
356.97,58.25
356.99,58.25
357.00,58.25
357.02,58.25
357.03,58.26
357.05,58.26
357.06,58.26
357.08,58.26
357.09,58.27
357.11,58.27
357.12,58.27
357.14,58.27
357.15,58.28
357.17,58.28
357.18,58.28
357.19,58.28
357.21,58.29
357.22,58.29
357.24,58.29
357.25,58.29
357.27,58.29
357.28,58.30
357.30,58.30
357.31,58.30
357.33,58.30
357.34,58.31
357.36,58.31
357.37,58.31
357.39,58.31
357.40,58.32
357.42,58.32
357.43,58.32
357.44,58.32
357.46,58.32
357.47,58.33
357.49,58.33
357.50,58.33
357.52,58.33
357.53,58.34
357.55,58.34
357.56,58.34
357.58,58.34
357.59,58.35
357.61,58.35
357.62,58.35
357.64,58.35
357.65,58.36
357.67,58.36
357.68,58.36
357.69,58.36
357.71,58.36
357.72,58.37
357.74,58.37
357.75,58.37
357.77,58.37
357.78,58.37
357.80,58.37
357.81,58.37
357.83,58.37
357.84,58.37
357.86,58.37
357.87,58.37
357.89,58.37
357.90,58.37
357.92,58.37
357.93,58.37
357.94,58.37
357.96,58.37
357.97,58.37
357.99,58.37
358.00,58.37
358.02,58.37
358.03,58.37
358.05,58.37
358.06,58.37
358.08,58.37
358.09,58.37
358.11,58.37
358.12,58.37
358.14,58.37
358.15,58.37
358.17,58.37
358.18,58.37
358.19,58.37
358.21,58.37
358.22,58.37
358.24,58.37
358.25,58.37
358.27,58.37
358.28,58.37
358.30,58.37
358.31,58.37
358.33,58.37
358.34,58.37
358.36,58.37
358.37,58.37
358.39,58.37
358.40,58.37
358.42,58.37
358.43,58.37
358.44,58.38
358.46,58.38
358.47,58.38
358.49,58.38
358.50,58.39
358.52,58.39
358.53,58.39
358.55,58.39
358.56,58.39
358.58,58.40
358.59,58.40
358.61,58.40
358.62,58.40
358.64,58.41
358.65,58.41
358.67,58.41
358.68,58.41
358.70,58.42
358.71,58.42
358.72,58.42
358.74,58.42
358.75,58.42
358.77,58.43
358.78,58.43
358.80,58.43
358.81,58.43
358.83,58.44
358.84,58.44
358.86,58.44
358.87,58.44
358.89,58.45
358.90,58.45
358.92,58.45
358.93,58.45
358.95,58.45
358.96,58.46
358.97,58.46
358.99,58.46
359.00,58.46
359.02,58.47
359.03,58.47
359.05,58.47
359.06,58.47
359.08,58.47
359.09,58.47
359.11,58.47
359.12,58.47
359.14,58.47
359.15,58.47
359.17,58.47
359.18,58.47
359.20,58.47
359.21,58.47
359.22,58.47
359.24,58.47
359.25,58.47
359.27,58.47
359.28,58.47
359.30,58.47
359.31,58.47
359.33,58.47
359.34,58.47
359.36,58.47
359.37,58.47
359.39,58.47
359.40,58.47
359.42,58.47
359.43,58.47
359.45,58.47
359.46,58.47
359.47,58.47
359.49,58.47
359.50,58.47
359.52,58.47
359.53,58.47
359.55,58.47
359.56,58.47
359.58,58.47
359.59,58.47
359.61,58.46
359.62,58.46
359.64,58.46
359.65,58.47
359.67,58.47
359.68,58.47
359.70,58.47
359.71,58.48
359.72,58.48
359.74,58.48
359.75,58.48
359.77,58.49
359.78,58.49
359.80,58.49
359.81,58.49
359.83,58.49
359.84,58.50
359.86,58.50
359.87,58.50
359.89,58.50
359.90,58.51
359.92,58.51
359.93,58.51
359.95,58.51
359.96,58.52
359.97,58.52
359.99,58.52
360.00,58.52
360.02,58.52
360.03,58.53
360.05,58.53
360.06,58.53
360.08,58.53
360.09,58.54
360.11,58.54
360.12,58.54
360.14,58.54
360.15,58.55
360.17,58.55
360.18,58.55
360.20,58.55
360.21,58.55
360.23,58.56
360.24,58.56
360.25,58.56
360.27,58.56
360.28,58.56
360.30,58.56
360.31,58.56
360.33,58.56
360.34,58.56
360.36,58.56
360.37,58.56
360.39,58.56
360.40,58.56
360.42,58.56
360.43,58.56
360.45,58.56
360.46,58.56
360.48,58.56
360.49,58.56
360.50,58.56
360.52,58.56
360.53,58.56
360.55,58.56
360.56,58.56
360.58,58.56
360.59,58.56
360.61,58.56
360.62,58.56
360.64,58.56
360.65,58.56
360.67,58.56
360.68,58.56
360.70,58.56
360.71,58.55
360.73,58.56
360.74,58.56
360.75,58.56
360.77,58.56
360.78,58.56
360.80,58.57
360.81,58.57
360.83,58.57
360.84,58.57
360.86,58.58
360.87,58.58
360.89,58.58
360.90,58.58
360.92,58.59
360.93,58.59
360.95,58.59
360.96,58.59
360.98,58.59
360.99,58.60
361.00,58.60
361.02,58.60
361.03,58.60
361.05,58.61
361.06,58.61
361.08,58.61
361.09,58.61
361.11,58.62
361.12,58.62
361.14,58.62
361.15,58.62
361.17,58.62
361.18,58.63
361.20,58.63
361.21,58.63
361.23,58.63
361.24,58.64
361.25,58.64
361.27,58.64
361.28,58.64
361.30,58.64
361.31,58.65
361.33,58.65
361.34,58.65
361.36,58.65
361.37,58.66
361.39,58.66
361.40,58.66
361.42,58.66
361.43,58.67
361.45,58.67
361.46,58.67
361.48,58.67
361.49,58.67
361.50,58.67
361.52,58.67
361.53,58.67
361.55,58.67
361.56,58.67
361.58,58.67
361.59,58.67
361.61,58.67
361.62,58.67
361.64,58.67
361.65,58.67
361.67,58.67
361.68,58.67
361.70,58.67
361.71,58.67
361.73,58.67
361.74,58.67
361.76,58.67
361.77,58.67
361.78,58.67
361.80,58.67
361.81,58.67
361.83,58.67
361.84,58.67
361.86,58.67
361.87,58.67
361.89,58.67
361.90,58.67
361.92,58.67
361.93,58.66
361.95,58.67
361.96,58.67
361.98,58.67
361.99,58.67
362.01,58.68
362.02,58.68
362.03,58.68
362.05,58.68
362.06,58.68
362.08,58.69
362.09,58.69
362.11,58.69
362.12,58.69
362.14,58.70
362.15,58.70
362.17,58.70
362.18,58.70
362.20,58.71
362.21,58.71
362.23,58.71
362.24,58.71
362.26,58.71
362.27,58.72
362.28,58.72
362.30,58.72
362.31,58.72
362.33,58.73
362.34,58.73
362.36,58.73
362.37,58.73
362.39,58.73
362.40,58.74
362.42,58.74
362.43,58.74
362.45,58.74
362.46,58.75
362.48,58.75
362.49,58.75
362.51,58.75
362.52,58.76
362.53,58.76
362.55,58.76
362.56,58.76
362.58,58.76
362.59,58.77
362.61,58.77
362.62,58.77
362.64,58.77
362.65,58.78
362.67,58.78
362.68,58.78
362.70,58.78
362.71,58.78
362.73,58.79
362.74,58.79
362.76,58.79
362.77,58.79
362.78,58.80
362.80,58.80
362.81,58.80
362.83,58.80
362.84,58.80
362.86,58.81
362.87,58.81
362.89,58.81
362.90,58.81
362.92,58.82
362.93,58.82
362.95,58.82
362.96,58.82
362.98,58.82
362.99,58.83
363.01,58.83
363.02,58.83
363.03,58.83
363.05,58.83
363.06,58.82
363.08,58.82
363.09,58.82
363.11,58.82
363.12,58.82
363.14,58.82
363.15,58.82
363.17,58.81
363.18,58.81
363.20,58.81
363.21,58.81
363.23,58.81
363.24,58.81
363.26,58.80
363.27,58.80
363.29,58.80
363.30,58.80
363.31,58.80
363.33,58.80
363.34,58.80
363.36,58.79
363.37,58.80
363.39,58.79
363.40,58.79
363.42,58.79
363.43,58.79
363.45,58.78
363.46,58.79
363.48,58.78
363.49,58.78
363.51,58.78
363.52,58.78
363.54,58.78
363.55,58.78
363.56,58.78
363.58,58.77
363.59,58.77
363.61,58.77
363.62,58.77
363.64,58.77
363.65,58.77
363.67,58.76
363.68,58.76
363.70,58.76
363.71,58.76
363.73,58.76
363.74,58.76
363.76,58.76
363.77,58.75
363.79,58.75
363.80,58.75
363.81,58.75
363.83,58.75
363.84,58.75
363.86,58.74
363.87,58.74
363.89,58.74
363.90,58.74
363.92,58.74
363.93,58.74
363.95,58.74
363.96,58.73
363.98,58.73
363.99,58.73
364.01,58.73
364.02,58.73
364.04,58.73
364.05,58.72
364.06,58.72
364.08,58.72
364.09,58.72
364.11,58.72
364.12,58.72
364.14,58.72
364.15,58.71
364.17,58.72
364.18,58.71
364.20,58.71
364.21,58.71
364.23,58.71
364.24,58.70
364.26,58.71
364.27,58.70
364.29,58.70
364.30,58.70
364.31,58.70
364.33,58.70
364.34,58.70
364.36,58.70
364.37,58.69
364.39,58.69
364.40,58.69
364.42,58.69
364.43,58.69
364.45,58.69
364.46,58.68
364.48,58.68
364.49,58.68
364.51,58.68
364.52,58.68
364.54,58.68
364.55,58.68
364.56,58.67
364.58,58.67
364.59,58.67
364.61,58.67
364.62,58.67
364.64,58.67
364.65,58.66
364.67,58.66
364.68,58.66
364.70,58.66
364.71,58.66
364.73,58.66
364.74,58.66
364.76,58.65
364.77,58.65
364.79,58.65
364.80,58.65
364.82,58.65
364.83,58.65
364.84,58.64
364.86,58.64
364.87,58.64
364.89,58.64
364.90,58.64
364.92,58.64
364.93,58.64
364.95,58.63
364.96,58.64
364.98,58.63
364.99,58.63
365.01,58.63
365.02,58.63
365.04,58.62
365.05,58.63
365.07,58.62
365.08,58.62
365.09,58.62
365.11,58.62
365.12,58.62
365.14,58.62
365.15,58.62
365.17,58.61
365.18,58.61
365.20,58.61
365.21,58.61
365.23,58.61
365.24,58.61
365.26,58.60
365.27,58.60
365.29,58.60
365.30,58.60
365.32,58.60
365.33,58.60
365.34,58.60
365.36,58.59
365.37,58.59
365.39,58.59
365.40,58.59
365.42,58.59
365.43,58.59
365.45,58.58
365.46,58.58
365.48,58.58
365.49,58.58
365.51,58.58
365.52,58.58
365.54,58.58
365.55,58.57
365.57,58.57
365.58,58.57
365.59,58.57
365.61,58.57
365.62,58.57
365.64,58.56
365.65,58.56
365.67,58.56
365.68,58.56
365.70,58.56
365.71,58.56
365.73,58.56
365.74,58.55
365.76,58.56
365.77,58.55
365.79,58.55
365.80,58.55
365.82,58.55
365.83,58.54
365.84,58.55
365.86,58.55
365.87,58.54
365.89,58.54
365.90,58.54
365.92,58.54
365.93,58.54
365.95,58.54
365.96,58.53
365.98,58.53
365.99,58.53
366.01,58.53
366.02,58.53
366.04,58.53
366.05,58.53
366.07,58.52
366.08,58.52
366.09,58.52
366.11,58.52
366.12,58.52
366.14,58.52
366.15,58.51
366.17,58.51
366.18,58.51
366.20,58.51
366.21,58.51
366.23,58.51
366.24,58.51
366.26,58.50
366.27,58.50
366.29,58.50
366.30,58.50
366.32,58.50
366.33,58.50
366.35,58.49
366.36,58.49
366.37,58.49
366.39,58.49
366.40,58.49
366.42,58.49
366.43,58.49
366.45,58.48
366.46,58.49
366.48,58.48
366.49,58.48
366.51,58.48
366.52,58.48
366.54,58.47
366.55,58.48
366.57,58.48
366.58,58.47
366.60,58.47
366.61,58.47
366.62,58.47
366.64,58.47
366.65,58.47
366.67,58.46
366.68,58.46
366.70,58.46
366.71,58.46
366.73,58.46
366.74,58.46
366.76,58.46
366.77,58.45
366.79,58.45
366.80,58.45
366.82,58.45
366.83,58.45
366.85,58.45
366.86,58.44
366.87,58.44
366.89,58.44
366.90,58.44
366.92,58.44
366.93,58.44
366.95,58.44
366.96,58.43
366.98,58.43
366.99,58.43
367.01,58.43
367.02,58.43
367.04,58.43
367.05,58.42
367.07,58.42
367.08,58.43
367.10,58.42
367.11,58.42
367.12,58.42
367.14,58.42
367.15,58.41
367.17,58.42
367.18,58.41
367.20,58.41
367.21,58.41
367.23,58.41
367.24,58.41
367.26,58.41
367.27,58.41
367.29,58.40
367.30,58.40
367.32,58.40
367.33,58.40
367.35,58.40
367.36,58.40
367.37,58.39
367.39,58.39
367.40,58.39
367.42,58.39
367.43,58.39
367.45,58.39
367.46,58.39
367.48,58.38
367.49,58.38
367.51,58.38
367.52,58.38
367.54,58.38
367.55,58.38
367.57,58.38
367.58,58.37
367.60,58.37
367.61,58.37
367.62,58.37
367.64,58.37
367.65,58.37
367.67,58.36
367.68,58.36
367.70,58.36
367.71,58.36
367.73,58.36
367.74,58.36
367.76,58.36
367.77,58.35
367.79,58.36
367.80,58.35
367.82,58.35
367.83,58.35
367.85,58.35
367.86,58.34
367.87,58.35
367.89,58.34
367.90,58.34
367.92,58.34
367.93,58.34
367.95,58.34
367.96,58.34
367.98,58.34
367.99,58.33
368.01,58.33
368.02,58.33
368.04,58.33
368.05,58.33
368.07,58.33
368.08,58.33
368.10,58.32
368.11,58.32
368.13,58.32
368.14,58.32
368.15,58.32
368.17,58.32
368.18,58.31
368.20,58.31
368.21,58.31
368.23,58.31
368.24,58.31
368.26,58.31
368.27,58.31
368.29,58.30
368.30,58.30
368.32,58.30
368.33,58.30
368.35,58.30
368.36,58.30
368.38,58.30
368.39,58.29
368.40,58.30
368.42,58.29
368.43,58.29
368.45,58.29
368.46,58.29
368.48,58.28
368.49,58.29
368.51,58.28
368.52,58.28
368.54,58.28
368.55,58.28
368.57,58.28
368.58,58.28
368.60,58.28
368.61,58.27
368.63,58.27
368.64,58.27
368.65,58.27
368.67,58.27
368.68,58.27
368.70,58.27
368.71,58.26
368.73,58.26
368.74,58.26
368.76,58.26
368.77,58.26
368.79,58.26
368.80,58.25
368.82,58.25
368.83,58.25
368.85,58.25
368.86,58.25
368.88,58.25
368.89,58.25
368.90,58.24
368.92,58.24
368.93,58.24
368.95,58.24
368.96,58.24
368.98,58.24
368.99,58.24
369.01,58.24
369.02,58.24
369.04,58.24
369.05,58.24
369.07,58.24
369.08,58.24
369.10,58.24
369.11,58.24
369.13,58.25
369.14,58.25
369.15,58.25
369.17,58.25
369.18,58.25
369.20,58.25
369.21,58.25
369.23,58.25
369.24,58.25
369.26,58.25
369.27,58.24
369.29,58.24
369.30,58.24
369.32,58.24
369.33,58.24
369.35,58.24
369.36,58.23
369.38,58.23
369.39,58.23
369.40,58.23
369.42,58.23
369.43,58.23
369.45,58.23
369.46,58.23
369.48,58.23
369.49,58.23
369.51,58.23
369.52,58.23
369.54,58.23
369.55,58.23
369.57,58.23
369.58,58.23
369.60,58.23
369.61,58.23
369.63,58.23
369.64,58.23
369.66,58.23
369.67,58.23
369.68,58.23
369.70,58.23
369.71,58.23
369.73,58.23
369.74,58.23
369.76,58.23
369.77,58.23
369.79,58.23
369.80,58.23
369.82,58.23
369.83,58.23
369.85,58.23
369.86,58.23
369.88,58.23
369.89,58.23
369.91,58.23
369.92,58.23
369.93,58.23
369.95,58.23
369.96,58.23
369.98,58.23
369.99,58.23
370.01,58.23
370.02,58.23
370.04,58.23
370.05,58.23
370.07,58.23
370.08,58.23
370.10,58.23
370.11,58.23
370.13,58.23
370.14,58.23
370.16,58.23
370.17,58.23
370.18,58.23
370.20,58.23
370.21,58.23
370.23,58.23
370.24,58.23
370.26,58.23
370.27,58.23
370.29,58.23
370.30,58.23
370.32,58.23
370.33,58.23
370.35,58.23
370.36,58.23
370.38,58.23
370.39,58.23
370.41,58.23
370.42,58.23
370.43,58.23
370.45,58.23
370.46,58.23
370.48,58.23
370.49,58.23
370.51,58.23
370.52,58.23
370.54,58.23
370.55,58.23
370.57,58.23
370.58,58.23
370.60,58.23
370.61,58.23
370.63,58.23
370.64,58.22
370.66,58.23
370.67,58.23
370.68,58.23
370.70,58.23
370.71,58.24
370.73,58.24
370.74,58.24
370.76,58.24
370.77,58.25
370.79,58.25
370.80,58.25
370.82,58.25
370.83,58.25
370.85,58.26
370.86,58.26
370.88,58.26
370.89,58.26
370.91,58.27
370.92,58.27
370.93,58.27
370.95,58.27
370.96,58.28
370.98,58.28
370.99,58.28
371.01,58.28
371.02,58.29
371.04,58.29
371.05,58.29
371.07,58.29
371.08,58.29
371.10,58.30
371.11,58.30
371.13,58.30
371.14,58.30
371.16,58.31
371.17,58.31
371.19,58.31
371.20,58.31
371.21,58.32
371.23,58.32
371.24,58.32
371.26,58.32
371.27,58.32
371.29,58.32
371.30,58.32
371.32,58.31
371.33,58.31
371.35,58.31
371.36,58.31
371.38,58.31
371.39,58.31
371.41,58.31
371.42,58.30
371.44,58.30
371.45,58.30
371.46,58.30
371.48,58.30
371.49,58.30
371.51,58.29
371.52,58.29
371.54,58.29
371.55,58.29
371.57,58.29
371.58,58.29
371.60,58.29
371.61,58.28
371.63,58.28
371.64,58.28
371.66,58.28
371.67,58.28
371.69,58.28
371.70,58.28
371.71,58.27
371.73,58.28
371.74,58.27
371.76,58.27
371.77,58.27
371.79,58.27
371.80,58.26
371.82,58.27
371.83,58.26
371.85,58.26
371.86,58.26
371.88,58.26
371.89,58.26
371.91,58.26
371.92,58.26
371.94,58.25
371.95,58.25
371.96,58.25
371.98,58.25
371.99,58.25
372.01,58.25
372.02,58.25
372.04,58.24
372.05,58.24
372.07,58.24
372.08,58.24
372.10,58.24
372.11,58.24
372.13,58.23
372.14,58.23
372.16,58.23
372.17,58.23
372.19,58.23
372.20,58.23
372.21,58.23
372.23,58.22
372.24,58.22
372.26,58.22
372.27,58.22
372.29,58.22
372.30,58.22
372.32,58.22
372.33,58.21
372.35,58.22
372.36,58.21
372.38,58.21
372.39,58.21
372.41,58.21
372.42,58.20
372.44,58.21
372.45,58.21
372.46,58.20
372.48,58.20
372.49,58.20
372.51,58.20
372.52,58.20
372.54,58.20
372.55,58.19
372.57,58.19
372.58,58.19
372.60,58.19
372.61,58.19
372.63,58.19
372.64,58.19
372.66,58.18
372.67,58.18
372.69,58.18
372.70,58.18
372.72,58.18
372.73,58.18
372.74,58.18
372.76,58.17
372.77,58.17
372.79,58.17
372.80,58.17
372.82,58.17
372.83,58.17
372.85,58.16
372.86,58.16
372.88,58.16
372.89,58.16
372.91,58.16
372.92,58.16
372.94,58.16
372.95,58.15
372.97,58.16
372.98,58.15
372.99,58.15
373.01,58.15
373.02,58.15
373.04,58.15
373.05,58.15
373.07,58.15
373.08,58.14
373.10,58.14
373.11,58.14
373.13,58.14
373.14,58.14
373.16,58.14
373.17,58.13
373.19,58.13
373.20,58.13
373.22,58.13
373.23,58.13
373.24,58.13
373.26,58.13
373.27,58.12
373.29,58.12
373.30,58.12
373.32,58.12
373.33,58.12
373.35,58.12
373.36,58.12
373.38,58.11
373.39,58.11
373.41,58.11
373.42,58.11
373.44,58.11
373.45,58.11
373.47,58.11
373.48,58.10
373.49,58.11
373.51,58.10
373.52,58.10
373.54,58.10
373.55,58.10
373.57,58.09
373.58,58.10
373.60,58.09
373.61,58.09
373.63,58.09
373.64,58.09
373.66,58.09
373.67,58.09
373.69,58.09
373.70,58.08
373.72,58.08
373.73,58.08
373.74,58.08
373.76,58.08
373.77,58.08
373.79,58.08
373.80,58.07
373.82,58.07
373.83,58.07
373.85,58.07
373.86,58.07
373.88,58.07
373.89,58.07
373.91,58.06
373.92,58.06
373.94,58.06
373.95,58.06
373.97,58.06
373.98,58.06
373.99,58.05
374.01,58.05
374.02,58.05
374.04,58.05
374.05,58.05
374.07,58.05
374.08,58.05
374.10,58.04
374.11,58.05
374.13,58.04
374.14,58.04
374.16,58.04
374.17,58.04
374.19,58.04
374.20,58.04
374.22,58.04
374.23,58.03
374.25,58.03
374.26,58.03
374.27,58.03
374.29,58.03
374.30,58.03
374.32,58.03
374.33,58.02
374.35,58.02
374.36,58.02
374.38,58.02
374.39,58.02
374.41,58.02
374.42,58.01
374.44,58.01
374.45,58.01
374.47,58.01
374.48,58.01
374.50,58.01
374.51,58.01
374.52,58.00
374.54,58.00
374.55,58.00
374.57,58.00
374.58,58.00
374.60,58.00
374.61,58.00
374.63,57.99
374.64,58.00
374.66,57.99
374.67,57.99
374.69,57.99
374.70,57.99
374.72,57.99
374.73,57.99
374.75,57.99
374.76,57.98
374.77,57.98
374.79,57.98
374.80,57.98
374.82,57.98
374.83,57.98
374.85,57.98
374.86,57.97
374.88,57.97
374.89,57.97
374.91,57.97
374.92,57.97
374.94,57.97
374.95,57.96
374.97,57.96
374.98,57.96
375.00,57.96
375.01,57.96
375.02,57.96
375.04,57.96
375.05,57.95
375.07,57.95
375.08,57.95
375.10,57.95
375.11,57.95
375.13,57.95
375.14,57.95
375.16,57.94
375.17,57.95
375.19,57.94
375.20,57.94
375.22,57.94
375.23,57.94
375.25,57.94
375.26,57.94
375.27,57.94
375.29,57.93
375.30,57.93
375.32,57.93
375.33,57.93
375.35,57.93
375.36,57.93
375.38,57.93
375.39,57.92
375.41,57.92
375.42,57.92
375.44,57.92
375.45,57.92
375.47,57.92
375.48,57.91
375.50,57.91
375.51,57.91
375.52,57.91
375.54,57.91
375.55,57.91
375.57,57.91
375.58,57.90
375.60,57.90
375.61,57.90
375.63,57.90
375.64,57.90
375.66,57.90
375.67,57.90
375.69,57.89
375.70,57.90
375.72,57.89
375.73,57.89
375.75,57.89
375.76,57.89
375.78,57.89
375.79,57.89
375.80,57.89
375.82,57.88
375.83,57.88
375.85,57.88
375.86,57.88
375.88,57.88
375.89,57.88
375.91,57.88
375.92,57.87
375.94,57.87
375.95,57.87
375.97,57.87
375.98,57.87
376.00,57.87
376.01,57.87
376.03,57.86
376.04,57.86
376.05,57.86
376.07,57.86
376.08,57.86
376.10,57.86
376.11,57.85
376.13,57.85
376.14,57.86
376.16,57.85
376.17,57.85
376.19,57.85
376.20,57.85
376.22,57.84
376.23,57.85
376.25,57.84
376.26,57.84
376.28,57.84
376.29,57.84
376.30,57.84
376.32,57.84
376.33,57.84
376.35,57.83
376.36,57.83
376.38,57.83
376.39,57.83
376.41,57.83
376.42,57.83
376.44,57.83
376.45,57.82
376.47,57.82
376.48,57.82
376.50,57.82
376.51,57.82
376.53,57.82
376.54,57.82
376.55,57.82
376.57,57.82
376.58,57.82
376.60,57.82
376.61,57.82
376.63,57.82
376.64,57.82
376.66,57.82
376.67,57.82
376.69,57.82
376.70,57.82
376.72,57.82
376.73,57.82
376.75,57.82
376.76,57.82
376.78,57.82
376.79,57.82
376.80,57.82
376.82,57.82
376.83,57.82
376.85,57.82
376.86,57.82
376.88,57.82
376.89,57.82
376.91,57.82
376.92,57.82
376.94,57.82
376.95,57.82
376.97,57.82
376.98,57.82
377.00,57.82
377.01,57.82
377.03,57.82
377.04,57.82
377.05,57.82
377.07,57.82
377.08,57.82
377.10,57.82
377.11,57.82
377.13,57.82
377.14,57.82
377.16,57.82
377.17,57.82
377.19,57.82
377.20,57.82
377.22,57.82
377.23,57.82
377.25,57.82
377.26,57.82
377.28,57.82
377.29,57.82
377.31,57.82
377.32,57.82
377.33,57.82
377.35,57.82
377.36,57.82
377.38,57.82
377.39,57.83
377.41,57.83
377.42,57.83
377.44,57.83
377.45,57.84
377.47,57.84
377.48,57.84
377.50,57.84
377.51,57.85
377.53,57.85
377.54,57.85
377.56,57.85
377.57,57.86
377.58,57.86
377.60,57.86
377.61,57.86
377.63,57.86
377.64,57.87
377.66,57.87
377.67,57.87
377.69,57.87
377.70,57.88
377.72,57.88
377.73,57.88
377.75,57.88
377.76,57.89
377.78,57.89
377.79,57.89
377.81,57.89
377.82,57.89
377.83,57.89
377.85,57.88
377.86,57.89
377.88,57.88
377.89,57.88
377.91,57.88
377.92,57.88
377.94,57.87
377.95,57.88
377.97,57.88
377.98,57.87
378.00,57.87
378.01,57.87
378.03,57.87
378.04,57.87
378.06,57.87
378.07,57.86
378.08,57.86
378.10,57.86
378.11,57.86
378.13,57.86
378.14,57.86
378.16,57.86
378.17,57.85
378.19,57.85
378.20,57.85
378.22,57.85
378.23,57.85
378.25,57.85
378.26,57.85
378.28,57.84
378.29,57.84
378.31,57.84
378.32,57.84
378.33,57.84
378.35,57.84
378.36,57.84
378.38,57.83
378.39,57.84
378.41,57.83
378.42,57.83
378.44,57.83
378.45,57.83
378.47,57.83
378.48,57.83
378.50,57.83
378.51,57.82
378.53,57.82
378.54,57.82
378.56,57.82
378.57,57.82
378.58,57.82
378.60,57.82
378.61,57.81
378.63,57.81
378.64,57.81
378.66,57.81
378.67,57.81
378.69,57.81
378.70,57.80
378.72,57.80
378.73,57.80
378.75,57.80
378.76,57.80
378.78,57.80
378.79,57.80
378.81,57.79
378.82,57.79
378.84,57.79
378.85,57.79
378.86,57.79
378.88,57.79
378.89,57.79
378.91,57.78
378.92,57.79
378.94,57.79
378.95,57.79
378.97,57.79
378.98,57.79
379.00,57.79
379.01,57.79
379.03,57.79
379.04,57.79
379.06,57.79
379.07,57.79
379.09,57.79
379.10,57.79
379.11,57.79
379.13,57.79
379.14,57.79
379.16,57.79
379.17,57.79
379.19,57.79
379.20,57.79
379.22,57.79
379.23,57.79
379.25,57.79
379.26,57.79
379.28,57.79
379.29,57.79
379.31,57.79
379.32,57.79
379.34,57.79
379.35,57.79
379.36,57.79
379.38,57.79
379.39,57.79
379.41,57.79
379.42,57.79
379.44,57.79
379.45,57.79
379.47,57.79
379.48,57.79
379.50,57.79
379.51,57.79
379.53,57.79
379.54,57.79
379.56,57.79
379.57,57.79
379.59,57.79
379.60,57.79
379.61,57.79
379.63,57.79
379.64,57.79
379.66,57.79
379.67,57.79
379.69,57.79
379.70,57.79
379.72,57.79
379.73,57.79
379.75,57.79
379.76,57.79
379.78,57.79
379.79,57.79
379.81,57.79
379.82,57.79
379.84,57.79
379.85,57.79
379.86,57.79
379.88,57.79
379.89,57.80
379.91,57.80
379.92,57.80
379.94,57.80
379.95,57.80
379.97,57.81
379.98,57.81
380.00,57.81
380.01,57.81
380.03,57.82
380.04,57.82
380.06,57.82
380.07,57.82
380.09,57.83
380.10,57.83
380.11,57.83
380.13,57.83
380.14,57.84
380.16,57.84
380.17,57.84
380.19,57.84
380.20,57.85
380.22,57.85
380.23,57.85
380.25,57.85
380.26,57.86
380.28,57.86
380.29,57.86
380.31,57.86
380.32,57.86
380.34,57.85
380.35,57.85
380.37,57.85
380.38,57.85
380.39,57.85
380.41,57.85
380.42,57.85
380.44,57.85
380.45,57.85
380.47,57.85
380.48,57.85
380.50,57.85
380.51,57.85
380.53,57.84
380.54,57.84
380.56,57.85
380.57,57.85
380.59,57.85
380.60,57.85
380.62,57.85
380.63,57.85
380.64,57.85
380.66,57.85
380.67,57.85
380.69,57.84
380.70,57.84
380.72,57.84
380.73,57.84
380.75,57.84
380.76,57.84
380.78,57.84
380.79,57.83
380.81,57.83
380.82,57.83
380.84,57.83
380.85,57.83
380.87,57.83
380.88,57.83
380.89,57.82
380.91,57.83
380.92,57.82
380.94,57.82
380.95,57.82
380.97,57.82
380.98,57.82
381.00,57.82
381.01,57.82
381.03,57.81
381.04,57.81
381.06,57.81
381.07,57.81
381.09,57.81
381.10,57.81
381.12,57.81
381.13,57.80
381.14,57.80
381.16,57.80
381.17,57.80
381.19,57.80
381.20,57.80
381.22,57.80
381.23,57.79
381.25,57.79
381.26,57.79
381.28,57.79
381.29,57.79
381.31,57.79
381.32,57.78
381.34,57.78
381.35,57.79
381.37,57.78
381.38,57.78
381.39,57.78
381.41,57.78
381.42,57.77
381.44,57.78
381.45,57.78
381.47,57.77
381.48,57.77
381.50,57.77
381.51,57.77
381.53,57.77
381.54,57.77
381.56,57.76
381.57,57.76
381.59,57.76
381.60,57.76
381.62,57.76
381.63,57.76
381.64,57.76
381.66,57.75
381.67,57.75
381.69,57.75
381.70,57.75
381.72,57.75
381.73,57.75
381.75,57.75
381.76,57.74
381.78,57.74
381.79,57.74
381.81,57.74
381.82,57.74
381.84,57.74
381.85,57.74
381.87,57.73
381.88,57.74
381.90,57.73
381.91,57.73
381.92,57.73
381.94,57.73
381.95,57.73
381.97,57.73
381.98,57.73
382.00,57.72
382.01,57.72
382.03,57.72
382.04,57.72
382.06,57.72
382.07,57.72
382.09,57.72
382.10,57.71
382.12,57.71
382.13,57.71
382.15,57.71
382.16,57.71
382.17,57.71
382.19,57.71
382.20,57.70
382.22,57.70
382.23,57.70
382.25,57.70
382.26,57.70
382.28,57.70
382.29,57.70
382.31,57.69
382.32,57.70
382.34,57.69
382.35,57.69
382.37,57.69
382.38,57.69
382.40,57.68
382.41,57.69
382.42,57.69
382.44,57.68
382.45,57.68
382.47,57.68
382.48,57.68
382.50,57.68
382.51,57.68
382.53,57.67
382.54,57.67
382.56,57.67
382.57,57.67
382.59,57.67
382.60,57.67
382.62,57.67
382.63,57.66
382.65,57.66
382.66,57.66
382.67,57.66
382.69,57.66
382.70,57.66
382.72,57.66
382.73,57.65
382.75,57.65
382.76,57.65
382.78,57.65
382.79,57.65
382.81,57.65
382.82,57.65
382.84,57.64
382.85,57.65
382.87,57.64
382.88,57.64
382.90,57.65
382.91,57.65
382.92,57.65
382.94,57.65
382.95,57.65
382.97,57.65
382.98,57.65
383.00,57.65
383.01,57.65
383.03,57.65
383.04,57.65
383.06,57.65
383.07,57.65
383.09,57.65
383.10,57.65
383.12,57.65
383.13,57.65
383.15,57.65
383.16,57.65
383.17,57.65
383.19,57.65
383.20,57.65
383.22,57.65
383.23,57.65
383.25,57.65
383.26,57.65
383.28,57.65
383.29,57.65
383.31,57.65
383.32,57.65
383.34,57.65
383.35,57.65
383.37,57.65
383.38,57.65
383.40,57.65
383.41,57.65
383.43,57.65
383.44,57.65
383.45,57.65
383.47,57.65
383.48,57.65
383.50,57.65
383.51,57.65
383.53,57.65
383.54,57.65
383.56,57.65
383.57,57.65
383.59,57.65
383.60,57.65
383.62,57.65
383.63,57.65
383.65,57.65
383.66,57.65
383.68,57.65
383.69,57.65
383.70,57.65
383.72,57.65
383.73,57.64
383.75,57.65
383.76,57.65
383.78,57.65
383.79,57.65
383.81,57.66
383.82,57.66
383.84,57.66
383.85,57.66
383.87,57.67
383.88,57.67
383.90,57.67
383.91,57.67
383.93,57.68
383.94,57.68
383.95,57.68
383.97,57.68
383.98,57.69
384.00,57.69
384.01,57.69
384.03,57.69
384.04,57.70
384.06,57.70
384.07,57.70
384.09,57.70
384.10,57.71
384.12,57.71
384.13,57.71
384.15,57.71
384.16,57.72
384.18,57.71
384.19,57.71
384.20,57.71
384.22,57.71
384.23,57.71
384.25,57.71
384.26,57.71
384.28,57.70
384.29,57.71
384.31,57.70
384.32,57.70
384.34,57.70
384.35,57.70
384.37,57.70
384.38,57.70
384.40,57.70
384.41,57.69
384.43,57.69
384.44,57.69
384.45,57.69
384.47,57.69
384.48,57.69
384.50,57.69
384.51,57.68
384.53,57.68
384.54,57.68
384.56,57.68
384.57,57.68
384.59,57.68
384.60,57.68
384.62,57.67
384.63,57.67
384.65,57.67
384.66,57.67
384.68,57.67
384.69,57.67
384.70,57.67
384.72,57.66
384.73,57.67
384.75,57.66
384.76,57.66
384.78,57.66
384.79,57.66
384.81,57.66
384.82,57.66
384.84,57.66
384.85,57.65
384.87,57.65
384.88,57.65
384.90,57.65
384.91,57.65
384.93,57.65
384.94,57.65
384.96,57.64
384.97,57.64
384.98,57.64
385.00,57.64
385.01,57.64
385.03,57.64
385.04,57.64
385.06,57.63
385.07,57.63
385.09,57.63
385.10,57.63
385.12,57.63
385.13,57.63
385.15,57.63
385.16,57.62
385.18,57.63
385.19,57.62
385.21,57.62
385.22,57.62
385.23,57.62
385.25,57.61
385.26,57.62
385.28,57.62
385.29,57.61
385.31,57.61
385.32,57.61
385.34,57.61
385.35,57.61
385.37,57.61
385.38,57.61
385.40,57.60
385.41,57.60
385.43,57.60
385.44,57.60
385.46,57.60
385.47,57.60
385.48,57.59
385.50,57.59
385.51,57.59
385.53,57.59
385.54,57.59
385.56,57.59
385.57,57.59
385.59,57.58
385.60,57.58
385.62,57.59
385.63,57.58
385.65,57.58
385.66,57.58
385.68,57.58
385.69,57.57
385.71,57.58
385.72,57.58
385.73,57.57
385.75,57.57
385.76,57.57
385.78,57.57
385.79,57.57
385.81,57.57
385.82,57.56
385.84,57.56
385.85,57.56
385.87,57.56
385.88,57.56
385.90,57.56
385.91,57.56
385.93,57.55
385.94,57.55
385.96,57.55
385.97,57.55
385.98,57.55
386.00,57.55
386.01,57.55
386.03,57.54
386.04,57.54
386.06,57.55
386.07,57.54
386.09,57.54
386.10,57.54
386.12,57.54
386.13,57.53
386.15,57.54
386.16,57.53
386.18,57.53
386.19,57.53
386.21,57.53
386.22,57.53
386.23,57.53
386.25,57.53
386.26,57.52
386.28,57.52
386.29,57.52
386.31,57.52
386.32,57.52
386.34,57.52
386.35,57.52
386.37,57.51
386.38,57.51
386.40,57.51
386.41,57.51
386.43,57.51
386.44,57.51
386.46,57.51
386.47,57.50
386.49,57.50
386.50,57.51
386.51,57.50
386.53,57.50
386.54,57.50
386.56,57.50
386.57,57.49
386.59,57.50
386.60,57.49
386.62,57.49
386.63,57.49
386.65,57.49
386.66,57.49
386.68,57.49
386.69,57.49
386.71,57.48
386.72,57.48
386.74,57.48
386.75,57.48
386.76,57.48
386.78,57.48
386.79,57.48
386.81,57.47
386.82,57.47
386.84,57.47
386.85,57.47
386.87,57.47
386.88,57.47
386.90,57.47
386.91,57.46
386.93,57.46
386.94,57.47
386.96,57.46
386.97,57.46
386.99,57.46
387.00,57.46
387.01,57.46
387.03,57.46
387.04,57.46
387.06,57.46
387.07,57.46
387.09,57.46
387.10,57.46
387.12,57.46
387.13,57.46
387.15,57.46
387.16,57.46
387.18,57.46
387.19,57.46
387.21,57.46
387.22,57.46
387.24,57.46
387.25,57.46
387.26,57.46
387.28,57.46
387.29,57.46
387.31,57.46
387.32,57.46
387.34,57.46
387.35,57.46
387.37,57.46
387.38,57.46
387.40,57.46
387.41,57.46
387.43,57.46
387.44,57.46
387.46,57.46
387.47,57.46
387.49,57.46
387.50,57.46
387.51,57.46
387.53,57.46
387.54,57.46
387.56,57.46
387.57,57.46
387.59,57.46
387.60,57.46
387.62,57.46
387.63,57.46
387.65,57.46
387.66,57.47
387.68,57.47
387.69,57.47
387.71,57.47
387.72,57.47
387.74,57.47
387.75,57.47
387.76,57.47
387.78,57.47
387.79,57.47
387.81,57.47
387.82,57.47
387.84,57.47
387.85,57.47
387.87,57.47
387.88,57.47
387.90,57.47
387.91,57.47
387.93,57.47
387.94,57.47
387.96,57.47
387.97,57.47
387.99,57.47
388.00,57.47
388.01,57.47
388.03,57.47
388.04,57.46
388.06,57.46
388.07,57.46
388.09,57.47
388.10,57.47
388.12,57.47
388.13,57.47
388.15,57.48
388.16,57.48
388.18,57.48
388.19,57.48
388.21,57.49
388.22,57.49
388.24,57.49
388.25,57.49
388.27,57.50
388.28,57.50
388.29,57.50
388.31,57.50
388.32,57.51
388.34,57.51
388.35,57.51
388.37,57.51
388.38,57.52
388.40,57.52
388.41,57.52
388.43,57.52
388.44,57.53
388.46,57.53
388.47,57.53
388.49,57.53
388.50,57.54
388.52,57.54
388.53,57.54
388.54,57.54
388.56,57.55
388.57,57.55
388.59,57.55
388.60,57.55
388.62,57.55
388.63,57.55
388.65,57.55
388.66,57.55
388.68,57.55
388.69,57.55
388.71,57.54
388.72,57.54
388.74,57.54
388.75,57.54
388.77,57.54
388.78,57.54
388.79,57.54
388.81,57.53
388.82,57.53
388.84,57.53
388.85,57.53
388.87,57.53
388.88,57.53
388.90,57.53
388.91,57.52
388.93,57.52
388.94,57.52
388.96,57.52
388.97,57.52
388.99,57.52
389.00,57.52
389.02,57.51
389.03,57.52
389.04,57.51
389.06,57.51
389.07,57.51
389.09,57.51
389.10,57.51
389.12,57.51
389.13,57.51
389.15,57.51
389.16,57.51
389.18,57.51
389.19,57.51
389.21,57.51
389.22,57.51
389.24,57.52
389.25,57.52
389.27,57.52
389.28,57.51
389.29,57.52
389.31,57.51
389.32,57.51
389.34,57.51
389.35,57.51
389.37,57.51
389.38,57.51
389.40,57.51
389.41,57.50
389.43,57.50
389.44,57.50
389.46,57.50
389.47,57.50
389.49,57.50
389.50,57.50
389.52,57.49
389.53,57.49
389.54,57.49
389.56,57.49
389.57,57.49
389.59,57.49
389.60,57.49
389.62,57.48
389.63,57.48
389.65,57.49
389.66,57.48
389.68,57.48
389.69,57.48
389.71,57.48
389.72,57.47
389.74,57.48
389.75,57.47
389.77,57.47
389.78,57.47
389.80,57.47
389.81,57.47
389.82,57.47
389.84,57.47
389.85,57.46
389.87,57.46
389.88,57.46
389.90,57.46
389.91,57.46
389.93,57.46
389.94,57.46
389.96,57.45
389.97,57.45
389.99,57.45
390.00,57.45
390.02,57.45
390.03,57.45
390.05,57.45
390.06,57.44
390.07,57.44
390.09,57.45
390.10,57.44
390.12,57.44
390.13,57.44
390.15,57.44
390.16,57.43
390.18,57.44
390.19,57.44
390.21,57.43
390.22,57.43
390.24,57.43
390.25,57.43
390.27,57.43
390.28,57.43
390.30,57.43
390.31,57.42
390.32,57.42
390.34,57.42
390.35,57.42
390.37,57.42
390.38,57.42
390.40,57.42
390.41,57.41
390.43,57.41
390.44,57.41
390.46,57.41
390.47,57.41
390.49,57.41
390.50,57.41
390.52,57.40
390.53,57.41
390.55,57.40
390.56,57.40
390.57,57.40
390.59,57.40
390.60,57.40
390.62,57.40
390.63,57.40
390.65,57.39
390.66,57.39
390.68,57.39
390.69,57.39
390.71,57.39
390.72,57.39
390.74,57.39
390.75,57.38
390.77,57.38
390.78,57.38
390.80,57.38
390.81,57.38
390.82,57.38
390.84,57.38
390.85,57.37
390.87,57.37
390.88,57.37
390.90,57.37
390.91,57.37
390.93,57.37
390.94,57.37
390.96,57.36
390.97,57.37
390.99,57.36
391.00,57.36
391.02,57.36
391.03,57.36
391.05,57.36
391.06,57.36
391.07,57.36
391.09,57.35
391.10,57.35
391.12,57.35
391.13,57.35
391.15,57.35
391.16,57.35
391.18,57.35
391.19,57.34
391.21,57.34
391.22,57.34
391.24,57.34
391.25,57.34
391.27,57.34
391.28,57.34
391.30,57.33
391.31,57.33
391.33,57.33
391.34,57.33
391.35,57.33
391.37,57.33
391.38,57.33
391.40,57.32
391.41,57.33
391.43,57.32
391.44,57.32
391.46,57.32
391.47,57.32
391.49,57.32
391.50,57.32
391.52,57.32
391.53,57.31
391.55,57.31
391.56,57.31
391.58,57.31
391.59,57.31
391.60,57.31
391.62,57.31
391.63,57.30
391.65,57.30
391.66,57.30
391.68,57.30
391.69,57.30
391.71,57.30
391.72,57.30
391.74,57.29
391.75,57.29
391.77,57.30
391.78,57.29
391.80,57.29
391.81,57.29
391.83,57.29
391.84,57.28
391.85,57.29
391.87,57.29
391.88,57.28
391.90,57.28
391.91,57.28
391.93,57.28
391.94,57.28
391.96,57.28
391.97,57.28
391.99,57.27
392.00,57.27
392.02,57.27
392.03,57.27
392.05,57.27
392.06,57.27
392.08,57.27
392.09,57.26
392.10,57.26
392.12,57.26
392.13,57.26
392.15,57.26
392.16,57.26
392.18,57.26
392.19,57.25
392.21,57.26
392.22,57.25
392.24,57.25
392.25,57.25
392.27,57.25
392.28,57.25
392.30,57.25
392.31,57.25
392.33,57.25
392.34,57.25
392.35,57.25
392.37,57.25
392.38,57.25
392.40,57.25
392.41,57.25
392.43,57.25
392.44,57.25
392.46,57.25
392.47,57.25
392.49,57.26
392.50,57.26
392.52,57.26
392.53,57.26
392.55,57.26
392.56,57.26
392.58,57.26
392.59,57.26
392.60,57.26
392.62,57.26
392.63,57.26
392.65,57.26
392.66,57.26
392.68,57.26
392.69,57.26
392.71,57.26
392.72,57.26
392.74,57.26
392.75,57.26
392.77,57.26
392.78,57.26
392.80,57.26
392.81,57.26
392.83,57.26
392.84,57.26
392.86,57.26
392.87,57.26
392.88,57.26
392.90,57.26
392.91,57.26
392.93,57.26
392.94,57.26
392.96,57.26
392.97,57.26
392.99,57.26
393.00,57.26
393.02,57.26
393.03,57.26
393.05,57.26
393.06,57.26
393.08,57.26
393.09,57.26
393.11,57.26
393.12,57.26
393.13,57.26
393.15,57.26
393.16,57.26
393.18,57.26
393.19,57.26
393.21,57.26
393.22,57.26
393.24,57.26
393.25,57.26
393.27,57.26
393.28,57.26
393.30,57.26
393.31,57.26
393.33,57.26
393.34,57.26
393.36,57.26
393.37,57.26
393.38,57.26
393.40,57.26
393.41,57.26
393.43,57.26
393.44,57.26
393.46,57.27
393.47,57.27
393.49,57.27
393.50,57.27
393.52,57.28
393.53,57.28
393.55,57.28
393.56,57.28
393.58,57.29
393.59,57.29
393.61,57.29
393.62,57.29
393.63,57.30
393.65,57.30
393.66,57.30
393.68,57.30
393.69,57.31
393.71,57.31
393.72,57.31
393.74,57.32
393.75,57.32
393.77,57.32
393.78,57.32
393.80,57.33
393.81,57.33
393.83,57.33
393.84,57.33
393.86,57.34
393.87,57.34
393.88,57.34
393.90,57.34
393.91,57.35
393.93,57.35
393.94,57.35
393.96,57.35
393.97,57.36
393.99,57.36
394.00,57.36
394.02,57.36
394.03,57.36
394.05,57.35
394.06,57.36
394.08,57.36
394.09,57.35
394.11,57.35
394.12,57.35
394.13,57.35
394.15,57.35
394.16,57.35
394.18,57.35
394.19,57.34
394.21,57.34
394.22,57.34
394.24,57.34
394.25,57.34
394.27,57.34
394.28,57.34
394.30,57.33
394.31,57.33
394.33,57.33
394.34,57.33
394.36,57.33
394.37,57.33
394.39,57.33
394.40,57.32
394.41,57.33
394.43,57.32
394.44,57.32
394.46,57.32
394.47,57.32
394.49,57.32
394.50,57.32
394.52,57.32
394.53,57.31
394.55,57.31
394.56,57.31
394.58,57.31
394.59,57.31
394.61,57.31
394.62,57.31
394.64,57.30
394.65,57.30
394.66,57.30
394.68,57.30
394.69,57.30
394.71,57.30
394.72,57.30
394.74,57.29
394.75,57.29
394.77,57.29
394.78,57.29
394.80,57.29
394.81,57.29
394.83,57.29
394.84,57.28
394.86,57.29
394.87,57.28
394.89,57.28
394.90,57.28
394.91,57.28
394.93,57.28
394.94,57.28
394.96,57.28
394.97,57.27
394.99,57.27
395.00,57.27
395.02,57.27
395.03,57.27
395.05,57.27
395.06,57.27
395.08,57.26
395.09,57.26
395.11,57.26
395.12,57.26
395.14,57.26
395.15,57.26
395.16,57.26
395.18,57.26
395.19,57.25
395.21,57.26
395.22,57.25
395.24,57.25
395.25,57.25
395.27,57.25
395.28,57.25
395.30,57.25
395.31,57.25
395.33,57.24
395.34,57.24
395.36,57.24
395.37,57.24
395.39,57.24
395.40,57.24
395.41,57.24
395.43,57.23
395.44,57.23
395.46,57.23
395.47,57.23
395.49,57.23
395.50,57.23
395.52,57.23
395.53,57.22
395.55,57.22
395.56,57.22
395.58,57.22
395.59,57.22
395.61,57.22
395.62,57.22
395.64,57.21
395.65,57.22
395.66,57.21
395.68,57.21
395.69,57.21
395.71,57.21
395.72,57.21
395.74,57.21
395.75,57.21
395.77,57.20
395.78,57.20
395.80,57.20
395.81,57.20
395.83,57.20
395.84,57.20
395.86,57.20
395.87,57.19
395.89,57.19
395.90,57.19
395.92,57.19
395.93,57.19
395.94,57.19
395.96,57.19
395.97,57.19
395.99,57.18
396.00,57.19
396.02,57.18
396.03,57.18
396.05,57.18
396.06,57.18
396.08,57.18
396.09,57.18
396.11,57.18
396.12,57.17
396.14,57.17
396.15,57.17
396.17,57.17
396.18,57.17
396.19,57.17
396.21,57.17
396.22,57.16
396.24,57.16
396.25,57.16
396.27,57.16
396.28,57.16
396.30,57.16
396.31,57.16
396.33,57.15
396.34,57.15
396.36,57.15
396.37,57.15
396.39,57.15
396.40,57.15
396.42,57.15
396.43,57.14
396.44,57.15
396.46,57.14
396.47,57.14
396.49,57.14
396.50,57.14
396.52,57.14
396.53,57.14
396.55,57.14
396.56,57.14
396.58,57.13
396.59,57.13
396.61,57.13
396.62,57.13
396.64,57.13
396.65,57.13
396.67,57.13
396.68,57.12
396.69,57.12
396.71,57.12
396.72,57.12
396.74,57.12
396.75,57.12
396.77,57.12
396.78,57.11
396.80,57.12
396.81,57.11
396.83,57.11
396.84,57.11
396.86,57.11
396.87,57.11
396.89,57.11
396.90,57.11
396.92,57.10
396.93,57.10
396.94,57.10
396.96,57.10
396.97,57.10
396.99,57.10
397.00,57.10
397.02,57.09
397.03,57.09
397.05,57.09
397.06,57.09
397.08,57.09
397.09,57.09
397.11,57.09
397.12,57.08
397.14,57.08
397.15,57.09
397.17,57.08
397.18,57.08
397.19,57.08
397.21,57.08
397.22,57.08
397.24,57.08
397.25,57.08
397.27,57.07
397.28,57.07
397.30,57.07
397.31,57.07
397.33,57.07
397.34,57.07
397.36,57.07
397.37,57.06
397.39,57.06
397.40,57.06
397.42,57.06
397.43,57.06
397.45,57.06
397.46,57.06
397.47,57.05
397.49,57.05
397.50,57.05
397.52,57.05
397.53,57.05
397.55,57.05
397.56,57.05
397.58,57.04
397.59,57.05
397.61,57.05
397.62,57.04
397.64,57.04
397.65,57.04
397.67,57.04
397.68,57.04
397.70,57.04
397.71,57.04
397.72,57.03
397.74,57.03
397.75,57.03
397.77,57.03
397.78,57.03
397.80,57.03
397.81,57.03
397.83,57.02
397.84,57.02
397.86,57.02
397.87,57.02
397.89,57.02
397.90,57.02
397.92,57.02
397.93,57.01
397.95,57.02
397.96,57.01
397.97,57.01
397.99,57.01
398.00,57.01
398.02,57.01
398.03,57.01
398.05,57.01
398.06,57.01
398.08,57.00
398.09,57.00
398.11,57.00
398.12,57.00
398.14,57.00
398.15,57.00
398.17,57.00
398.18,56.99
398.20,56.99
398.21,56.99
398.22,56.99
398.24,56.99
398.25,56.99
398.27,56.99
398.28,56.98
398.30,56.99
398.31,56.98
398.33,56.98
398.34,56.98
398.36,56.98
398.37,56.98
398.39,56.98
398.40,56.98
398.42,56.97
398.43,56.97
398.45,56.97
398.46,56.97
398.47,56.97
398.49,56.97
398.50,56.97
398.52,56.96
398.53,56.97
398.55,56.97
398.56,56.97
398.58,56.97
398.59,56.97
398.61,56.97
398.62,56.97
398.64,56.97
398.65,56.97
398.67,56.97
398.68,56.97
398.70,56.97
398.71,56.97
398.72,56.97
398.74,56.97
398.75,56.97
398.77,56.97
398.78,56.97
398.80,56.97
398.81,56.97
398.83,56.97
398.84,56.97
398.86,56.97
398.87,56.97
398.89,56.97
398.90,56.97
398.92,56.97
398.93,56.97
398.95,56.97
398.96,56.97
398.98,56.97
398.99,56.97
399.00,56.97
399.02,56.97
399.03,56.97
399.05,56.97
399.06,56.97
399.08,56.97
399.09,56.97
399.11,56.97
399.12,56.97
399.14,56.97
399.15,56.97
399.17,56.97
399.18,56.97
399.20,56.97
399.21,56.97
399.23,56.97
399.24,56.98
399.25,56.98
399.27,56.98
399.28,56.98
399.30,56.98
399.31,56.98
399.33,56.98
399.34,56.98
399.36,56.98
399.37,56.98
399.39,56.98
399.40,56.98
399.42,56.98
399.43,56.98
399.45,56.98
399.46,56.98
399.48,56.98
399.49,56.98
399.50,56.98
399.52,56.98
399.53,56.98
399.55,56.98
399.56,56.98
399.58,56.98
399.59,56.98
399.61,56.98
399.62,56.97
399.64,56.97
399.65,56.97
399.67,56.98
399.68,56.98
399.70,56.98
399.71,56.98
399.73,56.99
399.74,56.99
399.75,56.99
399.77,57.00
399.78,57.00
399.80,57.00
399.81,57.00
399.83,57.01
399.84,57.01
399.86,57.01
399.87,57.01
399.89,57.02
399.90,57.02
399.92,57.02
399.93,57.02
399.95,57.03
399.96,57.03
399.98,57.03
399.99,57.03
400.00,57.04
400.02,57.04
400.03,57.04
400.05,57.05
400.06,57.05
400.08,57.05
400.09,57.05
400.11,57.06
400.12,57.06
400.14,57.06
400.15,57.06
400.17,57.07
400.18,57.07
400.20,57.07
400.21,57.06
400.23,57.06
400.24,57.06
400.25,57.06
400.27,57.06
400.28,57.06
400.30,57.06
400.31,57.06
400.33,57.05
400.34,57.05
400.36,57.05
400.37,57.05
400.39,57.05
400.40,57.05
400.42,57.05
400.43,57.04
400.45,57.05
400.46,57.04
400.48,57.04
400.49,57.04
400.51,57.04
400.52,57.04
400.53,57.04
400.55,57.04
400.56,57.03
400.58,57.03
400.59,57.03
400.61,57.03
400.62,57.03
400.64,57.03
400.65,57.03
400.67,57.02
400.68,57.02
400.70,57.02
400.71,57.02
400.73,57.02
400.74,57.02
400.76,57.02
400.77,57.01
400.78,57.01
400.80,57.02
400.81,57.01
400.83,57.01
400.84,57.01
400.86,57.01
400.87,57.01
400.89,57.01
400.90,57.01
400.92,57.00
400.93,57.00
400.95,57.00
400.96,57.00
400.98,57.00
400.99,57.00
401.01,57.00
401.02,56.99
401.03,56.99
401.05,56.99
401.06,56.99
401.08,56.99
401.09,56.99
401.11,56.99
401.12,56.98
401.14,56.98
401.15,56.99
401.17,56.98
401.18,56.98
401.20,56.98
401.21,56.98
401.23,56.97
401.24,56.98
401.26,56.98
401.27,56.97
401.28,56.97
401.30,56.97
401.31,56.97
401.33,56.97
401.34,56.97
401.36,56.97
401.37,56.96
401.39,56.96
401.40,56.96
401.42,56.96
401.43,56.96
401.45,56.96
401.46,56.96
401.48,56.95
401.49,56.95
401.51,56.95
401.52,56.95
401.53,56.95
401.55,56.95
401.56,56.95
401.58,56.94
401.59,56.95
401.61,56.95
401.62,56.94
401.64,56.94
401.65,56.94
401.67,56.94
401.68,56.94
401.70,56.94
401.71,56.94
401.73,56.93
401.74,56.93
401.76,56.93
401.77,56.93
401.78,56.93
401.80,56.93
401.81,56.93
401.83,56.92
401.84,56.92
401.86,56.92
401.87,56.92
401.89,56.92
401.90,56.92
401.92,56.92
401.93,56.91
401.95,56.92
401.96,56.92
401.98,56.91
401.99,56.91
402.01,56.91
402.02,56.91
402.04,56.91
402.05,56.91
402.06,56.91
402.08,56.90
402.09,56.90
402.11,56.90
402.12,56.90
402.14,56.90
402.15,56.90
402.17,56.90
402.18,56.89
402.20,56.89
402.21,56.89
402.23,56.89
402.24,56.89
402.26,56.89
402.27,56.89
402.29,56.88
402.30,56.89
402.31,56.88
402.33,56.88
402.34,56.88
402.36,56.88
402.37,56.88
402.39,56.88
402.40,56.88
402.42,56.88
402.43,56.87
402.45,56.87
402.46,56.87
402.48,56.87
402.49,56.87
402.51,56.87
402.52,56.87
402.54,56.86
402.55,56.86
402.56,56.86
402.58,56.86
402.59,56.86
402.61,56.86
402.62,56.86
402.64,56.85
402.65,56.86
402.67,56.85
402.68,56.85
402.70,56.85
402.71,56.85
402.73,56.85
402.74,56.85
402.76,56.85
402.77,56.85
402.79,56.84
402.80,56.84
402.81,56.84
402.83,56.84
402.84,56.84
402.86,56.84
402.87,56.84
402.89,56.84
402.90,56.85
402.92,56.85
402.93,56.85
402.95,56.85
402.96,56.85
402.98,56.85
402.99,56.85
403.01,56.85
403.02,56.85
403.04,56.85
403.05,56.85
403.06,56.85
403.08,56.85
403.09,56.85
403.11,56.85
403.12,56.85
403.14,56.85
403.15,56.85
403.17,56.85
403.18,56.85
403.20,56.85
403.21,56.85
403.23,56.85
403.24,56.85
403.26,56.85
403.27,56.85
403.29,56.85
403.30,56.85
403.31,56.85
403.33,56.85
403.34,56.85
403.36,56.85
403.37,56.85
403.39,56.85
403.40,56.85
403.42,56.85
403.43,56.85
403.45,56.85
403.46,56.85
403.48,56.85
403.49,56.85
403.51,56.85
403.52,56.85
403.54,56.85
403.55,56.86
403.57,56.86
403.58,56.86
403.59,56.86
403.61,56.86
403.62,56.86
403.64,56.86
403.65,56.86
403.67,56.86
403.68,56.86
403.70,56.86
403.71,56.86
403.73,56.86
403.74,56.86
403.76,56.86
403.77,56.86
403.79,56.86
403.80,56.86
403.82,56.86
403.83,56.86
403.84,56.85
403.86,56.85
403.87,56.86
403.89,56.86
403.90,56.86
403.92,56.86
403.93,56.87
403.95,56.87
403.96,56.87
403.98,56.87
403.99,56.88
404.01,56.88
404.02,56.88
404.04,56.88
404.05,56.89
404.07,56.89
404.08,56.89
404.09,56.90
404.11,56.90
404.12,56.90
404.14,56.90
404.15,56.91
404.17,56.91
404.18,56.91
404.20,56.91
404.21,56.92
404.23,56.92
404.24,56.92
404.26,56.92
404.27,56.93
404.29,56.93
404.30,56.93
404.32,56.94
404.33,56.94
404.34,56.94
404.36,56.94
404.37,56.95
404.39,56.95
404.40,56.95
404.42,56.95
404.43,56.95
404.45,56.95
404.46,56.94
404.48,56.95
404.49,56.94
404.51,56.94
404.52,56.94
404.54,56.94
404.55,56.94
404.57,56.94
404.58,56.94
404.59,56.93
404.61,56.93
404.62,56.93
404.64,56.93
404.65,56.93
404.67,56.93
404.68,56.93
404.70,56.92
404.71,56.92
404.73,56.92
404.74,56.92
404.76,56.92
404.77,56.92
404.79,56.92
404.80,56.91
404.82,56.91
404.83,56.92
404.84,56.91
404.86,56.91
404.87,56.91
404.89,56.91
404.90,56.91
404.92,56.91
404.93,56.91
404.95,56.90
404.96,56.90
404.98,56.90
404.99,56.90
405.01,56.90
405.02,56.90
405.04,56.90
405.05,56.89
405.07,56.89
405.08,56.89
405.10,56.89
405.11,56.89
405.12,56.89
405.14,56.89
405.15,56.88
405.17,56.88
405.18,56.89
405.20,56.88
405.21,56.88
405.23,56.88
405.24,56.88
405.26,56.88
405.27,56.88
405.29,56.88
405.30,56.87
405.32,56.87
405.33,56.87
405.35,56.87
405.36,56.87
405.37,56.87
405.39,56.87
405.40,56.86
405.42,56.86
405.43,56.86
405.45,56.86
405.46,56.86
405.48,56.86
405.49,56.86
405.51,56.85
405.52,56.85
405.54,56.86
405.55,56.85
405.57,56.85
405.58,56.85
405.60,56.85
405.61,56.85
405.62,56.85
405.64,56.85
405.65,56.84
405.67,56.84
405.68,56.84
405.70,56.84
405.71,56.84
405.73,56.84
405.74,56.84
405.76,56.83
405.77,56.83
405.79,56.83
405.80,56.83
405.82,56.83
405.83,56.83
405.85,56.83
405.86,56.82
405.87,56.82
405.89,56.83
405.90,56.82
405.92,56.82
405.93,56.82
405.95,56.82
405.96,56.82
405.98,56.82
405.99,56.82
406.01,56.81
406.02,56.81
406.04,56.81
406.05,56.81
406.07,56.81
406.08,56.81
406.10,56.81
406.11,56.80
406.12,56.80
406.14,56.80
406.15,56.80
406.17,56.80
406.18,56.80
406.20,56.80
406.21,56.80
406.23,56.79
406.24,56.80
406.26,56.79
406.27,56.79
406.29,56.79
406.30,56.79
406.32,56.79
406.33,56.79
406.35,56.79
406.36,56.78
406.37,56.78
406.39,56.78
406.40,56.78
406.42,56.78
406.43,56.78
406.45,56.78
406.46,56.77
406.48,56.77
406.49,56.77
406.51,56.77
406.52,56.77
406.54,56.77
406.55,56.77
406.57,56.77
406.58,56.77
406.60,56.77
406.61,56.77
406.63,56.77
406.64,56.77
406.65,56.77
406.67,56.77
406.68,56.77
406.70,56.77
406.71,56.77
406.73,56.77
406.74,56.77
406.76,56.77
406.77,56.77
406.79,56.77
406.80,56.77
406.82,56.77
406.83,56.77
406.85,56.77
406.86,56.77
406.88,56.77
406.89,56.77
406.90,56.77
406.92,56.77
406.93,56.77
406.95,56.77
406.96,56.77
406.98,56.77
406.99,56.77
407.01,56.78
407.02,56.78
407.04,56.78
407.05,56.79
407.07,56.79
407.08,56.79
407.10,56.79
407.11,56.80
407.13,56.80
407.14,56.80
407.15,56.80
407.17,56.81
407.18,56.81
407.20,56.81
407.21,56.81
407.23,56.81
407.24,56.81
407.26,56.80
407.27,56.80
407.29,56.80
407.30,56.80
407.32,56.80
407.33,56.80
407.35,56.80
407.36,56.79
407.38,56.80
407.39,56.80
407.40,56.79
407.42,56.79
407.43,56.79
407.45,56.79
407.46,56.79
407.48,56.79
407.49,56.79
407.51,56.78
407.52,56.78
407.54,56.78
407.55,56.78
407.57,56.78
407.58,56.78
407.60,56.78
407.61,56.78
407.63,56.78
407.64,56.78
407.65,56.78
407.67,56.78
407.68,56.78
407.70,56.78
407.71,56.78
407.73,56.78
407.74,56.78
407.76,56.78
407.77,56.78
407.79,56.78
407.80,56.78
407.82,56.78
407.83,56.78
407.85,56.78
407.86,56.78
407.88,56.78
407.89,56.78
407.90,56.78
407.92,56.78
407.93,56.78
407.95,56.79
407.96,56.79
407.98,56.79
407.99,56.80
408.01,56.80
408.02,56.80
408.04,56.80
408.05,56.80
408.07,56.80
408.08,56.80
408.10,56.80
408.11,56.80
408.13,56.80
408.14,56.79
408.15,56.79
408.17,56.79
408.18,56.79
408.20,56.79
408.21,56.79
408.23,56.79
408.24,56.78
408.26,56.79
408.27,56.79
408.29,56.78
408.30,56.78
408.32,56.78
408.33,56.78
408.35,56.78
408.36,56.78
408.38,56.78
408.39,56.77
408.41,56.77
408.42,56.77
408.43,56.77
408.45,56.77
408.46,56.77
408.48,56.77
408.49,56.76
408.51,56.76
408.52,56.76
408.54,56.77
408.55,56.77
408.57,56.77
408.58,56.77
408.60,56.77
408.61,56.77
408.63,56.77
408.64,56.77
408.66,56.77
408.67,56.77
408.68,56.77
408.70,56.77
408.71,56.77
408.73,56.77
408.74,56.77
408.76,56.77
408.77,56.77
408.79,56.77
408.80,56.77
408.82,56.77
408.83,56.77
408.85,56.77
408.86,56.77
408.88,56.77
408.89,56.77
408.91,56.77
408.92,56.77
408.93,56.77
408.95,56.77
408.96,56.77
408.98,56.77
408.99,56.77
409.01,56.77
409.02,56.77
409.04,56.77
409.05,56.77
409.07,56.77
409.08,56.77
409.10,56.77
409.11,56.77
409.13,56.77
409.14,56.77
409.16,56.78
409.17,56.78
409.18,56.78
409.20,56.78
409.21,56.78
409.23,56.78
409.24,56.78
409.26,56.78
409.27,56.78
409.29,56.78
409.30,56.78
409.32,56.78
409.33,56.78
409.35,56.78
409.36,56.78
409.38,56.78
409.39,56.78
409.41,56.78
409.42,56.78
409.43,56.78
409.45,56.78
409.46,56.78
409.48,56.78
409.49,56.78
409.51,56.78
409.52,56.78
409.54,56.78
409.55,56.78
409.57,56.78
409.58,56.78
409.60,56.78
409.61,56.78
409.63,56.78
409.64,56.78
409.66,56.78
409.67,56.78
409.68,56.78
409.70,56.78
409.71,56.78
409.73,56.78
409.74,56.78
409.76,56.78
409.77,56.78
409.79,56.78
409.80,56.78
409.82,56.78
409.83,56.78
409.85,56.78
409.86,56.78
409.88,56.78
409.89,56.78
409.91,56.78
409.92,56.77
409.94,56.78
409.95,56.78
409.96,56.78
409.98,56.78
409.99,56.79
410.01,56.79
410.02,56.79
410.04,56.80
410.05,56.80
410.07,56.80
410.08,56.80
410.10,56.81
410.11,56.81
410.13,56.81
410.14,56.81
410.16,56.82
410.17,56.82
410.19,56.82
410.20,56.83
410.21,56.83
410.23,56.83
410.24,56.83
410.26,56.84
410.27,56.84
410.29,56.84
410.30,56.84
410.32,56.85
410.33,56.85
410.35,56.85
410.36,56.85
410.38,56.86
410.39,56.86
410.41,56.86
410.42,56.87
410.44,56.87
410.45,56.87
410.46,56.87
410.48,56.88
410.49,56.88
410.51,56.88
410.52,56.88
410.54,56.89
410.55,56.89
410.57,56.89
410.58,56.89
410.60,56.90
410.61,56.90
410.63,56.90
410.64,56.90
410.66,56.90
410.67,56.90
410.69,56.89
410.70,56.89
410.71,56.89
410.73,56.89
410.74,56.89
410.76,56.89
410.77,56.89
410.79,56.88
410.80,56.88
410.82,56.89
410.83,56.88
410.85,56.88
410.86,56.88
410.88,56.88
410.89,56.88
410.91,56.88
410.92,56.88
410.94,56.87
410.95,56.87
410.96,56.87
410.98,56.87
410.99,56.87
411.01,56.87
411.02,56.87
411.04,56.86
411.05,56.86
411.07,56.86
411.08,56.86
411.10,56.86
411.11,56.86
411.13,56.86
411.14,56.85
411.16,56.85
411.17,56.86
411.19,56.85
411.20,56.85
411.21,56.85
411.23,56.85
411.24,56.85
411.26,56.85
411.27,56.85
411.29,56.84
411.30,56.84
411.32,56.84
411.33,56.84
411.35,56.84
411.36,56.84
411.38,56.84
411.39,56.83
411.41,56.83
411.42,56.83
411.44,56.83
411.45,56.83
411.47,56.83
411.48,56.83
411.49,56.82
411.51,56.82
411.52,56.83
411.54,56.82
411.55,56.82
411.57,56.82
411.58,56.82
411.60,56.82
411.61,56.82
411.63,56.82
411.64,56.81
411.66,56.81
411.67,56.81
411.69,56.81
411.70,56.81
411.72,56.81
411.73,56.81
411.74,56.80
411.76,56.80
411.77,56.80
411.79,56.80
411.80,56.80
411.82,56.80
411.83,56.80
411.85,56.80
411.86,56.79
411.88,56.80
411.89,56.79
411.91,56.79
411.92,56.79
411.94,56.79
411.95,56.79
411.97,56.79
411.98,56.79
411.99,56.78
412.01,56.78
412.02,56.78
412.04,56.78
412.05,56.78
412.07,56.78
412.08,56.78
412.10,56.77
412.11,56.77
412.13,56.77
412.14,56.77
412.16,56.77
412.17,56.77
412.19,56.77
412.20,56.77
412.22,56.76
412.23,56.77
412.24,56.76
412.26,56.76
412.27,56.76
412.29,56.76
412.30,56.76
412.32,56.76
412.33,56.76
412.35,56.75
412.36,56.75
412.38,56.75
412.39,56.75
412.41,56.75
412.42,56.75
412.44,56.75
412.45,56.75
412.47,56.74
412.48,56.74
412.49,56.74
412.51,56.74
412.52,56.74
412.54,56.74
412.55,56.74
412.57,56.73
412.58,56.74
412.60,56.73
412.61,56.73
412.63,56.73
412.64,56.73
412.66,56.73
412.67,56.73
412.69,56.73
412.70,56.73
412.72,56.72
412.73,56.72
412.74,56.72
412.76,56.72
412.77,56.72
412.79,56.72
412.80,56.72
412.82,56.71
412.83,56.71
412.85,56.71
412.86,56.71
412.88,56.71
412.89,56.71
412.91,56.71
412.92,56.70
412.94,56.71
412.95,56.70
412.97,56.70
412.98,56.70
413.00,56.70
413.01,56.70
413.02,56.70
413.04,56.70
413.05,56.70
413.07,56.69
413.08,56.69
413.10,56.69
413.11,56.69
413.13,56.69
413.14,56.69
413.16,56.69
413.17,56.68
413.19,56.68
413.20,56.68
413.22,56.68
413.23,56.68
413.25,56.68
413.26,56.68
413.27,56.67
413.29,56.68
413.30,56.68
413.32,56.67
413.33,56.67
413.35,56.67
413.36,56.67
413.38,56.67
413.39,56.67
413.41,56.67
413.42,56.66
413.44,56.66
413.45,56.66
413.47,56.66
413.48,56.66
413.50,56.66
413.51,56.66
413.52,56.65
413.54,56.65
413.55,56.66
413.57,56.65
413.58,56.65
413.60,56.65
413.61,56.65
413.63,56.65
413.64,56.65
413.66,56.65
413.67,56.64
413.69,56.64
413.70,56.64
413.72,56.64
413.73,56.64
413.75,56.64
413.76,56.64
413.77,56.63
413.79,56.63
413.80,56.63
413.82,56.63
413.83,56.63
413.85,56.63
413.86,56.63
413.88,56.63
413.89,56.62
413.91,56.62
413.92,56.62
413.94,56.62
413.95,56.62
413.97,56.62
413.98,56.62
414.00,56.63
414.01,56.63
414.02,56.63
414.04,56.63
414.05,56.63
414.07,56.63
414.08,56.63
414.10,56.63
414.11,56.63
414.13,56.63
414.14,56.63
414.16,56.63
414.17,56.63
414.19,56.63
414.20,56.63
414.22,56.63
414.23,56.63
414.25,56.63
414.26,56.63
414.27,56.63
414.29,56.63
414.30,56.63
414.32,56.63
414.33,56.63
414.35,56.63
414.36,56.63
414.38,56.63
414.39,56.63
414.41,56.64
414.42,56.64
414.44,56.64
414.45,56.64
414.47,56.65
414.48,56.65
414.50,56.65
414.51,56.65
414.53,56.66
414.54,56.66
414.55,56.66
414.57,56.67
414.58,56.67
414.60,56.67
414.61,56.67
414.63,56.67
414.64,56.67
414.66,56.67
414.67,56.67
414.69,56.67
414.70,56.67
414.72,56.67
414.73,56.67
414.75,56.67
414.76,56.67
414.78,56.67
414.79,56.67
414.80,56.67
414.82,56.67
414.83,56.67
414.85,56.67
414.86,56.67
414.88,56.68
414.89,56.68
414.91,56.67
414.92,56.67
414.94,56.68
414.95,56.68
414.97,56.68
414.98,56.68
415.00,56.69
415.01,56.69
415.03,56.69
415.04,56.70
415.05,56.70
415.07,56.70
415.08,56.70
415.10,56.71
415.11,56.71
415.13,56.71
415.14,56.70
415.16,56.71
415.17,56.71
415.19,56.70
415.20,56.70
415.22,56.70
415.23,56.70
415.25,56.70
415.26,56.70
415.28,56.70
415.29,56.69
415.30,56.69
415.32,56.69
415.33,56.69
415.35,56.69
415.36,56.69
415.38,56.69
415.39,56.68
415.41,56.68
415.42,56.69
415.44,56.68
415.45,56.68
415.47,56.68
415.48,56.68
415.50,56.68
415.51,56.68
415.53,56.68
415.54,56.67
415.55,56.67
415.57,56.67
415.58,56.67
415.60,56.67
415.61,56.67
415.63,56.67
415.64,56.66
415.66,56.66
415.67,56.66
415.69,56.66
415.70,56.66
415.72,56.66
415.73,56.66
415.75,56.66
415.76,56.65
415.78,56.66
415.79,56.65
415.80,56.65
415.82,56.65
415.83,56.65
415.85,56.65
415.86,56.65
415.88,56.65
415.89,56.64
415.91,56.64
415.92,56.64
415.94,56.64
415.95,56.64
415.97,56.64
415.98,56.64
416.00,56.64
416.01,56.64
416.03,56.64
416.04,56.64
416.06,56.64
416.07,56.64
416.08,56.64
416.10,56.64
416.11,56.64
416.13,56.64
416.14,56.64
416.16,56.64
416.17,56.64
416.19,56.64
416.20,56.64
416.22,56.64
416.23,56.64
416.25,56.64
416.26,56.64
416.28,56.64
416.29,56.64
416.31,56.64
416.32,56.64
416.33,56.64
416.35,56.64
416.36,56.64
416.38,56.64
416.39,56.64
416.41,56.64
416.42,56.65
416.44,56.65
416.45,56.65
416.47,56.65
416.48,56.65
416.50,56.65
416.51,56.65
416.53,56.65
416.54,56.65
416.56,56.65
416.57,56.65
416.58,56.65
416.60,56.65
416.61,56.64
416.63,56.64
416.64,56.64
416.66,56.65
416.67,56.65
416.69,56.65
416.70,56.66
416.72,56.66
416.73,56.66
416.75,56.66
416.76,56.67
416.78,56.67
416.79,56.67
416.81,56.67
416.82,56.68
416.83,56.68
416.85,56.68
416.86,56.69
416.88,56.69
416.89,56.69
416.91,56.69
416.92,56.70
416.94,56.69
416.95,56.70
416.97,56.70
416.98,56.69
417.00,56.69
417.01,56.69
417.03,56.69
417.04,56.69
417.06,56.69
417.07,56.69
417.08,56.68
417.10,56.68
417.11,56.68
417.13,56.68
417.14,56.68
417.16,56.68
417.17,56.68
417.19,56.67
417.20,56.67
417.22,56.68
417.23,56.67
417.25,56.67
417.26,56.67
417.28,56.67
417.29,56.67
417.31,56.67
417.32,56.67
417.33,56.66
417.35,56.66
417.36,56.66
417.38,56.66
417.39,56.66
417.41,56.66
417.42,56.66
417.44,56.65
417.45,56.65
417.47,56.65
417.48,56.65
417.50,56.65
417.51,56.65
417.53,56.65
417.54,56.65
417.56,56.64
417.57,56.65
417.59,56.64
417.60,56.64
417.61,56.64
417.63,56.64
417.64,56.64
417.66,56.64
417.67,56.64
417.69,56.63
417.70,56.63
417.72,56.63
417.73,56.63
417.75,56.63
417.76,56.63
417.78,56.63
417.79,56.63
417.81,56.62
417.82,56.62
417.84,56.62
417.85,56.62
417.86,56.62
417.88,56.62
417.89,56.62
417.91,56.61
417.92,56.62
417.94,56.61
417.95,56.61
417.97,56.61
417.98,56.61
418.00,56.61
418.01,56.61
418.03,56.61
418.04,56.61
418.06,56.60
418.07,56.60
418.09,56.60
418.10,56.60
418.11,56.60
418.13,56.60
418.14,56.60
418.16,56.59
418.17,56.59
418.19,56.59
418.20,56.59
418.22,56.59
418.23,56.59
418.25,56.59
418.26,56.58
418.28,56.59
418.29,56.59
418.31,56.58
418.32,56.58
418.34,56.58
418.35,56.58
418.36,56.58
418.38,56.58
418.39,56.58
418.41,56.57
418.42,56.57
418.44,56.57
418.45,56.57
418.47,56.57
418.48,56.57
418.50,56.57
418.51,56.56
418.53,56.56
418.54,56.57
418.56,56.56
418.57,56.56
418.59,56.56
418.60,56.56
418.61,56.56
418.63,56.56
418.64,56.56
418.66,56.55
418.67,56.55
418.69,56.55
418.70,56.55
418.72,56.55
418.73,56.55
418.75,56.55
418.76,56.55
418.78,56.54
418.79,56.54
418.81,56.54
418.82,56.54
418.84,56.54
418.85,56.54
418.86,56.54
418.88,56.53
418.89,56.54
418.91,56.54
418.92,56.54
418.94,56.54
418.95,56.54
418.97,56.54
418.98,56.54
419.00,56.54
419.01,56.54
419.03,56.54
419.04,56.54
419.06,56.54
419.07,56.54
419.09,56.54
419.10,56.54
419.12,56.54
419.13,56.54
419.14,56.54
419.16,56.54
419.17,56.54
419.19,56.54
419.20,56.54
419.22,56.55
419.23,56.55
419.25,56.55
419.26,56.55
419.28,56.54
419.29,56.54
419.31,56.54
419.32,56.54
419.34,56.54
419.35,56.54
419.37,56.54
419.38,56.54
419.39,56.54
419.41,56.54
419.42,56.54
419.44,56.54
419.45,56.54
419.47,56.54
419.48,56.54
419.50,56.54
419.51,56.54
419.53,56.54
419.54,56.55
419.56,56.55
419.57,56.55
419.59,56.56
419.60,56.56
419.62,56.56
419.63,56.56
419.64,56.57
419.66,56.57
419.67,56.57
419.69,56.57
419.70,56.58
419.72,56.58
419.73,56.58
419.75,56.59
419.76,56.59
419.78,56.59
419.79,56.59
419.81,56.60
419.82,56.60
419.84,56.60
419.85,56.60
419.87,56.61
419.88,56.61
419.89,56.61
419.91,56.62
419.92,56.62
419.94,56.62
419.95,56.62
419.97,56.63
419.98,56.63
420.00,56.63
420.01,56.63
420.03,56.64
420.04,56.64
420.06,56.64
420.07,56.64
420.09,56.64
420.10,56.64
420.12,56.64
420.13,56.64
420.14,56.64
420.16,56.64
420.17,56.64
420.19,56.64
420.20,56.64
420.22,56.64
420.23,56.64
420.25,56.64
420.26,56.64
420.28,56.64
420.29,56.64
420.31,56.64
420.32,56.64
420.34,56.64
420.35,56.64
420.37,56.64
420.38,56.64
420.39,56.64
420.41,56.65
420.42,56.65
420.44,56.65
420.45,56.66
420.47,56.66
420.48,56.66
420.50,56.66
420.51,56.67
420.53,56.67
420.54,56.67
420.56,56.67
420.57,56.68
420.59,56.68
420.60,56.68
420.62,56.69
420.63,56.69
420.65,56.69
420.66,56.69
420.67,56.70
420.69,56.70
420.70,56.70
420.72,56.70
420.73,56.71
420.75,56.71
420.76,56.71
420.78,56.72
420.79,56.72
420.81,56.72
420.82,56.72
420.84,56.73
420.85,56.73
420.87,56.73
420.88,56.73
420.90,56.74
420.91,56.74
420.92,56.74
420.94,56.74
420.95,56.75
420.97,56.75
420.98,56.75
421.00,56.76
421.01,56.76
421.03,56.76
421.04,56.76
421.06,56.77
421.07,56.77
421.09,56.77
421.10,56.77
421.12,56.78
421.13,56.78
421.15,56.78
421.16,56.79
421.17,56.79
421.19,56.79
421.20,56.79
421.22,56.80
421.23,56.80
421.25,56.80
421.26,56.80
421.28,56.81
421.29,56.81
421.31,56.81
421.32,56.82
421.34,56.82
421.35,56.82
421.37,56.82
421.38,56.83
421.40,56.83
421.41,56.83
421.42,56.83
421.44,56.84
421.45,56.84
421.47,56.84
421.48,56.84
421.50,56.85
421.51,56.85
421.53,56.85
421.54,56.86
421.56,56.86
421.57,56.86
421.59,56.86
421.60,56.87
421.62,56.87
421.63,56.87
421.65,56.87
421.66,56.88
421.67,56.88
421.69,56.88
421.70,56.89
421.72,56.89
421.73,56.89
421.75,56.89
421.76,56.90
421.78,56.90
421.79,56.90
421.81,56.90
421.82,56.91
421.84,56.91
421.85,56.91
421.87,56.91
421.88,56.92
421.90,56.92
421.91,56.92
421.92,56.93
421.94,56.93
421.95,56.93
421.97,56.93
421.98,56.94
422.00,56.94
422.01,56.94
422.03,56.94
422.04,56.95
422.06,56.95
422.07,56.95
422.09,56.95
422.10,56.96
422.12,56.96
422.13,56.96
422.15,56.97
422.16,56.97
422.18,56.97
422.19,56.97
422.20,56.98
422.22,56.98
422.23,56.98
422.25,56.98
422.26,56.99
422.28,56.99
422.29,56.99
422.31,56.99
422.32,56.99
422.34,56.99
422.35,56.99
422.37,56.99
422.38,56.99
422.40,56.99
422.41,56.99
422.43,56.99
422.44,56.99
422.45,56.99
422.47,56.99
422.48,57.00
422.50,57.00
422.51,57.00
422.53,57.00
422.54,57.00
422.56,57.00
422.57,57.00
422.59,57.00
422.60,57.00
422.62,57.00
422.63,57.00
422.65,57.00
422.66,57.00
422.68,57.00
422.69,57.00
422.70,57.00
422.72,57.00
422.73,57.00
422.75,57.00
422.76,57.00
422.78,57.00
422.79,57.00
422.81,57.00
422.82,57.00
422.84,57.00
422.85,57.00
422.87,57.00
422.88,57.00
422.90,57.00
422.91,57.00
422.93,57.00
422.94,57.00
422.95,57.00
422.97,57.00
422.98,57.00
423.00,57.00
423.01,57.00
423.03,57.00
423.04,57.00
423.06,57.00
423.07,57.01
423.09,57.01
423.10,57.01
423.12,57.02
423.13,57.02
423.15,57.02
423.16,57.02
423.18,57.03
423.19,57.03
423.20,57.03
423.22,57.03
423.23,57.04
423.25,57.04
423.26,57.04
423.28,57.04
423.29,57.05
423.31,57.05
423.32,57.05
423.34,57.05
423.35,57.06
423.37,57.06
423.38,57.06
423.40,57.07
423.41,57.07
423.43,57.07
423.44,57.07
423.45,57.07
423.47,57.07
423.48,57.07
423.50,57.07
423.51,57.07
423.53,57.07
423.54,57.07
423.56,57.07
423.57,57.07
423.59,57.07
423.60,57.07
423.62,57.07
423.63,57.07
423.65,57.07
423.66,57.07
423.68,57.07
423.69,57.07
423.71,57.07
423.72,57.07
423.73,57.07
423.75,57.06
423.76,57.07
423.78,57.07
423.79,57.07
423.81,57.07
423.82,57.08
423.84,57.08
423.85,57.08
423.87,57.08
423.88,57.09
423.90,57.09
423.91,57.09
423.93,57.10
423.94,57.10
423.96,57.10
423.97,57.10
423.98,57.11
424.00,57.11
424.01,57.11
424.03,57.11
424.04,57.12
424.06,57.12
424.07,57.12
424.09,57.12
424.10,57.13
424.12,57.13
424.13,57.13
424.15,57.14
424.16,57.14
424.18,57.14
424.19,57.14
424.21,57.15
424.22,57.15
424.23,57.15
424.25,57.15
424.26,57.16
424.28,57.16
424.29,57.16
424.31,57.16
424.32,57.17
424.34,57.17
424.35,57.17
424.37,57.17
424.38,57.18
424.40,57.18
424.41,57.18
424.43,57.19
424.44,57.19
424.46,57.19
424.47,57.19
424.48,57.20
424.50,57.20
424.51,57.20
424.53,57.20
424.54,57.21
424.56,57.21
424.57,57.21
424.59,57.21
424.60,57.22
424.62,57.22
424.63,57.22
424.65,57.22
424.66,57.23
424.68,57.23
424.69,57.23
424.71,57.24
424.72,57.24
424.73,57.24
424.75,57.24
424.76,57.25
424.78,57.25
424.79,57.25
424.81,57.25
424.82,57.26
424.84,57.26
424.85,57.26
424.87,57.26
424.88,57.27
424.90,57.27
424.91,57.27
424.93,57.27
424.94,57.28
424.96,57.28
424.97,57.28
424.98,57.29
425.00,57.29
425.01,57.29
425.03,57.29
425.04,57.30
425.06,57.30
425.07,57.30
425.09,57.30
425.10,57.31
425.12,57.31
425.13,57.31
425.15,57.31
425.16,57.32
425.18,57.32
425.19,57.32
425.21,57.32
425.22,57.33
425.24,57.33
425.25,57.33
425.26,57.33
425.28,57.34
425.29,57.34
425.31,57.34
425.32,57.35
425.34,57.35
425.35,57.35
425.37,57.35
425.38,57.36
425.40,57.36
425.41,57.36
425.43,57.36
425.44,57.37
425.46,57.37
425.47,57.37
425.49,57.37
425.50,57.38
425.51,57.38
425.53,57.38
425.54,57.38
425.56,57.39
425.57,57.39
425.59,57.39
425.60,57.39
425.62,57.40
425.63,57.40
425.65,57.40
425.66,57.41
425.68,57.41
425.69,57.41
425.71,57.41
425.72,57.42
425.74,57.42
425.75,57.42
425.76,57.42
425.78,57.43
425.79,57.43
425.81,57.43
425.82,57.43
425.84,57.44
425.85,57.44
425.87,57.44
425.88,57.44
425.90,57.45
425.91,57.45
425.93,57.45
425.94,57.45
425.96,57.46
425.97,57.46
425.99,57.46
426.00,57.46
426.01,57.47
426.03,57.47
426.04,57.47
426.06,57.48
426.07,57.48
426.09,57.48
426.10,57.48
426.12,57.49
426.13,57.49
426.15,57.49
426.16,57.49
426.18,57.50
426.19,57.50
426.21,57.50
426.22,57.50
426.24,57.51
426.25,57.51
426.26,57.51
426.28,57.51
426.29,57.52
426.31,57.52
426.32,57.52
426.34,57.52
426.35,57.53
426.37,57.53
426.38,57.53
426.40,57.53
426.41,57.54
426.43,57.54
426.44,57.54
426.46,57.55
426.47,57.55
426.49,57.55
426.50,57.55
426.51,57.56
426.53,57.56
426.54,57.56
426.56,57.56
426.57,57.57
426.59,57.57
426.60,57.57
426.62,57.57
426.63,57.58
426.65,57.58
426.66,57.58
426.68,57.58
426.69,57.59
426.71,57.59
426.72,57.59
426.74,57.59
426.75,57.60
426.77,57.60
426.78,57.60
426.79,57.60
426.81,57.60
426.82,57.60
426.84,57.60
426.85,57.60
426.87,57.60
426.88,57.60
426.90,57.60
426.91,57.60
426.93,57.60
426.94,57.60
426.96,57.60
426.97,57.60
426.99,57.60
427.00,57.60
427.02,57.60
427.03,57.60
427.04,57.60
427.06,57.60
427.07,57.60
427.09,57.60
427.10,57.60
427.12,57.60
427.13,57.60
427.15,57.60
427.16,57.60
427.18,57.60
427.19,57.60
427.21,57.60
427.22,57.60
427.24,57.60
427.25,57.60
427.27,57.60
427.28,57.60
427.29,57.60
427.31,57.60
427.32,57.60
427.34,57.60
427.35,57.60
427.37,57.60
427.38,57.60
427.40,57.60
427.41,57.60
427.43,57.60
427.44,57.60
427.46,57.60
427.47,57.60
427.49,57.60
427.50,57.60
427.52,57.60
427.53,57.60
427.54,57.60
427.56,57.60
427.57,57.60
427.59,57.60
427.60,57.60
427.62,57.61
427.63,57.61
427.65,57.61
427.66,57.61
427.68,57.62
427.69,57.62
427.71,57.62
427.72,57.62
427.74,57.63
427.75,57.63
427.77,57.63
427.78,57.63
427.79,57.64
427.81,57.64
427.82,57.64
427.84,57.64
427.85,57.65
427.87,57.65
427.88,57.65
427.90,57.65
427.91,57.66
427.93,57.66
427.94,57.66
427.96,57.66
427.97,57.67
427.99,57.67
428.00,57.67
428.02,57.67
428.03,57.68
428.04,57.68
428.06,57.68
428.07,57.69
428.09,57.69
428.10,57.69
428.12,57.69
428.13,57.70
428.15,57.70
428.16,57.70
428.18,57.70
428.19,57.71
428.21,57.71
428.22,57.71
428.24,57.71
428.25,57.72
428.27,57.72
428.28,57.72
428.29,57.72
428.31,57.73
428.32,57.73
428.34,57.73
428.35,57.73
428.37,57.74
428.38,57.74
428.40,57.74
428.41,57.74
428.43,57.75
428.44,57.75
428.46,57.75
428.47,57.75
428.49,57.76
428.50,57.76
428.52,57.76
428.53,57.76
428.55,57.77
428.56,57.77
428.57,57.77
428.59,57.77
428.60,57.78
428.62,57.78
428.63,57.78
428.65,57.78
428.66,57.79
428.68,57.79
428.69,57.79
428.71,57.79
428.72,57.80
428.74,57.80
428.75,57.80
428.77,57.80
428.78,57.80
428.80,57.80
428.81,57.80
428.82,57.80
428.84,57.80
428.85,57.80
428.87,57.80
428.88,57.80
428.90,57.80
428.91,57.80
428.93,57.80
428.94,57.80
428.96,57.80
428.97,57.80
428.99,57.80
429.00,57.80
429.02,57.80
429.03,57.80
429.05,57.80
429.06,57.80
429.07,57.80
429.09,57.80
429.10,57.80
429.12,57.80
429.13,57.80
429.15,57.80
429.16,57.80
429.18,57.80
429.19,57.80
429.21,57.80
429.22,57.80
429.24,57.80
429.25,57.80
429.27,57.80
429.28,57.80
429.30,57.80
429.31,57.80
429.32,57.80
429.34,57.80
429.35,57.80
429.37,57.80
429.38,57.80
429.40,57.80
429.41,57.80
429.43,57.80
429.44,57.80
429.46,57.80
429.47,57.80
429.49,57.80
429.50,57.80
429.52,57.81
429.53,57.81
429.55,57.81
429.56,57.81
429.57,57.82
429.59,57.82
429.60,57.82
429.62,57.82
429.63,57.83
429.65,57.83
429.66,57.83
429.68,57.83
429.69,57.84
429.71,57.84
429.72,57.84
429.74,57.84
429.75,57.84
429.77,57.84
429.78,57.84
429.80,57.84
429.81,57.84
429.82,57.84
429.84,57.84
429.85,57.84
429.87,57.84
429.88,57.84
429.90,57.84
429.91,57.84
429.93,57.84
429.94,57.84
429.96,57.84
429.97,57.84
429.99,57.84
430.00,57.84
430.02,57.84
430.03,57.84
430.05,57.84
430.06,57.84
430.08,57.84
430.09,57.84
430.10,57.84
430.12,57.84
430.13,57.84
430.15,57.84
430.16,57.84
430.18,57.84
430.19,57.84
430.21,57.84
430.22,57.84
430.24,57.84
430.25,57.84
430.27,57.84
430.28,57.84
430.30,57.84
430.31,57.84
430.33,57.84
430.34,57.84
430.35,57.85
430.37,57.85
430.38,57.85
430.40,57.86
430.41,57.86
430.43,57.86
430.44,57.86
430.46,57.87
430.47,57.87
430.49,57.87
430.50,57.87
430.52,57.88
430.53,57.88
430.55,57.88
430.56,57.88
430.58,57.89
430.59,57.89
430.60,57.89
430.62,57.89
430.63,57.90
430.65,57.90
430.66,57.90
430.68,57.90
430.69,57.91
430.71,57.91
430.72,57.91
430.74,57.91
430.75,57.92
430.77,57.92
430.78,57.92
430.80,57.92
430.81,57.93
430.83,57.93
430.84,57.93
430.85,57.93
430.87,57.94
430.88,57.94
430.90,57.94
430.91,57.94
430.93,57.95
430.94,57.95
430.96,57.95
430.97,57.95
430.99,57.96
431.00,57.96
431.02,57.96
431.03,57.96
431.05,57.97
431.06,57.97
431.08,57.97
431.09,57.97
431.10,57.98
431.12,57.98
431.13,57.98
431.15,57.98
431.16,57.99
431.18,57.99
431.19,57.99
431.21,57.99
431.22,58.00
431.24,58.00
431.25,58.00
431.27,58.00
431.28,58.01
431.30,58.01
431.31,58.01
431.33,58.01
431.34,58.02
431.35,58.02
431.37,58.02
431.38,58.02
431.40,58.03
431.41,58.03
431.43,58.03
431.44,58.03
431.46,58.04
431.47,58.04
431.49,58.04
431.50,58.04
431.52,58.05
431.53,58.05
431.55,58.05
431.56,58.05
431.58,58.06
431.59,58.06
431.61,58.06
431.62,58.06
431.63,58.07
431.65,58.07
431.66,58.07
431.68,58.07
431.69,58.07
431.71,58.07
431.72,58.07
431.74,58.07
431.75,58.07
431.77,58.07
431.78,58.07
431.80,58.07
431.81,58.07
431.83,58.07
431.84,58.07
431.86,58.07
431.87,58.07
431.88,58.07
431.90,58.07
431.91,58.07
431.93,58.07
431.94,58.07
431.96,58.07
431.97,58.07
431.99,58.07
432.00,58.07
432.02,58.08
432.03,58.08
432.05,58.08
432.06,58.08
432.08,58.08
432.09,58.08
432.11,58.08
432.12,58.08
432.13,58.08
432.15,58.08
432.16,58.08
432.18,58.08
432.19,58.08
432.21,58.07
432.22,58.07
432.24,58.07
432.25,58.07
432.27,58.07
432.28,58.07
432.30,58.08
432.31,58.08
432.33,58.08
432.34,58.08
432.36,58.09
432.37,58.09
432.38,58.09
432.40,58.09
432.41,58.10
432.43,58.10
432.44,58.10
432.46,58.10
432.47,58.11
432.49,58.11
432.50,58.11
432.52,58.11
432.53,58.12
432.55,58.12
432.56,58.12
432.58,58.12
432.59,58.13
432.61,58.13
432.62,58.13
432.63,58.13
432.65,58.14
432.66,58.14
432.68,58.14
432.69,58.14
432.71,58.15
432.72,58.15
432.74,58.15
432.75,58.15
432.77,58.16
432.78,58.16
432.80,58.16
432.81,58.16
432.83,58.17
432.84,58.17
432.86,58.17
432.87,58.17
432.88,58.18
432.90,58.18
432.91,58.18
432.93,58.18
432.94,58.18
432.96,58.19
432.97,58.19
432.99,58.19
433.00,58.19
433.02,58.20
433.03,58.20
433.05,58.20
433.06,58.20
433.08,58.21
433.09,58.21
433.11,58.21
433.12,58.21
433.14,58.22
433.15,58.22
433.16,58.22
433.18,58.22
433.19,58.23
433.21,58.23
433.22,58.23
433.24,58.23
433.25,58.24
433.27,58.24
433.28,58.24
433.30,58.24
433.31,58.25
433.33,58.25
433.34,58.25
433.36,58.25
433.37,58.26
433.39,58.26
433.40,58.26
433.41,58.26
433.43,58.27
433.44,58.27
433.46,58.27
433.47,58.27
433.49,58.28
433.50,58.28
433.52,58.28
433.53,58.28
433.55,58.29
433.56,58.29
433.58,58.29
433.59,58.29
433.61,58.30
433.62,58.30
433.64,58.30
433.65,58.30
433.66,58.31
433.68,58.31
433.69,58.31
433.71,58.31
433.72,58.31
433.74,58.31
433.75,58.31
433.77,58.31
433.78,58.31
433.80,58.31
433.81,58.31
433.83,58.31
433.84,58.31
433.86,58.31
433.87,58.31
433.89,58.31
433.90,58.31
433.91,58.31
433.93,58.31
433.94,58.31
433.96,58.31
433.97,58.31
433.99,58.31
434.00,58.31
434.02,58.31
434.03,58.31
434.05,58.31
434.06,58.31
434.08,58.31
434.09,58.31
434.11,58.31
434.12,58.31
434.14,58.31
434.15,58.31
434.16,58.31
434.18,58.31
434.19,58.31
434.21,58.31
434.22,58.31
434.24,58.31
434.25,58.31
434.27,58.31
434.28,58.31
434.30,58.31
434.31,58.31
434.33,58.31
434.34,58.31
434.36,58.31
434.37,58.30
434.39,58.30
434.40,58.30
434.41,58.31
434.43,58.31
434.44,58.31
434.46,58.31
434.47,58.32
434.49,58.32
434.50,58.32
434.52,58.32
434.53,58.33
434.55,58.33
434.56,58.33
434.58,58.33
434.59,58.34
434.61,58.34
434.62,58.34
434.64,58.34
434.65,58.35
434.67,58.35
434.68,58.35
434.69,58.35
434.71,58.35
434.72,58.36
434.74,58.36
434.75,58.36
434.77,58.36
434.78,58.37
434.80,58.37
434.81,58.37
434.83,58.37
434.84,58.38
434.86,58.38
434.87,58.38
434.89,58.38
434.90,58.39
434.92,58.39
434.93,58.39
434.94,58.39
434.96,58.40
434.97,58.40
434.99,58.40
435.00,58.40
435.02,58.41
435.03,58.41
435.05,58.41
435.06,58.41
435.08,58.42
435.09,58.42
435.11,58.42
435.12,58.42
435.14,58.43
435.15,58.43
435.17,58.43
435.18,58.43
435.19,58.44
435.21,58.44
435.22,58.44
435.24,58.44
435.25,58.45
435.27,58.45
435.28,58.45
435.30,58.45
435.31,58.45
435.33,58.46
435.34,58.46
435.36,58.46
435.37,58.46
435.39,58.47
435.40,58.47
435.42,58.47
435.43,58.47
435.44,58.48
435.46,58.48
435.47,58.48
435.49,58.48
435.50,58.49
435.52,58.49
435.53,58.49
435.55,58.49
435.56,58.50
435.58,58.50
435.59,58.50
435.61,58.50
435.62,58.51
435.64,58.51
435.65,58.51
435.67,58.51
435.68,58.52
435.69,58.52
435.71,58.52
435.72,58.52
435.74,58.53
435.75,58.53
435.77,58.53
435.78,58.53
435.80,58.53
435.81,58.54
435.83,58.54
435.84,58.54
435.86,58.54
435.87,58.55
435.89,58.55
435.90,58.55
435.92,58.55
435.93,58.56
435.94,58.56
435.96,58.56
435.97,58.56
435.99,58.57
436.00,58.57
436.02,58.57
436.03,58.57
436.05,58.58
436.06,58.58
436.08,58.58
436.09,58.58
436.11,58.59
436.12,58.59
436.14,58.59
436.15,58.59
436.17,58.60
436.18,58.60
436.20,58.60
436.21,58.60
436.22,58.60
436.24,58.61
436.25,58.61
436.27,58.61
436.28,58.61
436.30,58.62
436.31,58.62
436.33,58.62
436.34,58.62
436.36,58.63
436.37,58.63
436.39,58.63
436.40,58.63
436.42,58.64
436.43,58.64
436.45,58.64
436.46,58.64
436.47,58.65
436.49,58.65
436.50,58.65
436.52,58.65
436.53,58.66
436.55,58.66
436.56,58.66
436.58,58.66
436.59,58.66
436.61,58.67
436.62,58.67
436.64,58.67
436.65,58.67
436.67,58.68
436.68,58.68
436.70,58.68
436.71,58.68
436.72,58.69
436.74,58.69
436.75,58.69
436.77,58.69
436.78,58.70
436.80,58.70
436.81,58.70
436.83,58.70
436.84,58.71
436.86,58.71
436.87,58.71
436.89,58.71
436.90,58.72
436.92,58.72
436.93,58.72
436.95,58.72
436.96,58.72
436.97,58.73
436.99,58.73
437.00,58.73
437.02,58.73
437.03,58.74
437.05,58.74
437.06,58.74
437.08,58.74
437.09,58.75
437.11,58.75
437.12,58.75
437.14,58.75
437.15,58.76
437.17,58.76
437.18,58.76
437.20,58.76
437.21,58.77
437.22,58.77
437.24,58.77
437.25,58.77
437.27,58.77
437.28,58.78
437.30,58.78
437.31,58.78
437.33,58.78
437.34,58.79
437.36,58.79
437.37,58.79
437.39,58.79
437.40,58.80
437.42,58.80
437.43,58.80
437.45,58.80
437.46,58.81
437.47,58.81
437.49,58.81
437.50,58.81
437.52,58.82
437.53,58.82
437.55,58.82
437.56,58.82
437.58,58.82
437.59,58.83
437.61,58.83
437.62,58.83
437.64,58.83
437.65,58.84
437.67,58.84
437.68,58.84
437.70,58.84
437.71,58.85
437.73,58.85
437.74,58.85
437.75,58.85
437.77,58.85
437.78,58.85
437.80,58.85
437.81,58.85
437.83,58.85
437.84,58.85
437.86,58.85
437.87,58.85
437.89,58.85
437.90,58.85
437.92,58.85
437.93,58.85
437.95,58.85
437.96,58.85
437.98,58.85
437.99,58.85
438.00,58.85
438.02,58.85
438.03,58.85
438.05,58.85
438.06,58.85
438.08,58.85
438.09,58.85
438.11,58.85
438.12,58.85
438.14,58.85
438.15,58.85
438.17,58.85
438.18,58.85
438.20,58.85
438.21,58.85
438.23,58.85
438.24,58.85
438.25,58.85
438.27,58.85
438.28,58.85
438.30,58.85
438.31,58.85
438.33,58.85
438.34,58.85
438.36,58.85
438.37,58.85
438.39,58.85
438.40,58.85
438.42,58.85
438.43,58.85
438.45,58.85
438.46,58.85
438.48,58.85
438.49,58.85
438.50,58.85
438.52,58.85
438.53,58.85
438.55,58.85
438.56,58.85
438.58,58.85
438.59,58.85
438.61,58.85
438.62,58.85
438.64,58.85
438.65,58.85
438.67,58.85
438.68,58.85
438.70,58.85
438.71,58.85
438.73,58.85
438.74,58.85
438.75,58.85
438.77,58.85
438.78,58.85
438.80,58.85
438.81,58.85
438.83,58.85
438.84,58.85
438.86,58.85
438.87,58.85
438.89,58.85
438.90,58.85
438.92,58.85
438.93,58.84
438.95,58.84
438.96,58.84
438.98,58.84
438.99,58.84
439.00,58.85
439.02,58.85
439.03,58.85
439.05,58.85
439.06,58.86
439.08,58.86
439.09,58.86
439.11,58.86
439.12,58.87
439.14,58.87
439.15,58.87
439.17,58.87
439.18,58.88
439.20,58.88
439.21,58.88
439.23,58.88
439.24,58.89
439.26,58.89
439.27,58.89
439.28,58.89
439.30,58.89
439.31,58.90
439.33,58.90
439.34,58.90
439.36,58.90
439.37,58.91
439.39,58.91
439.40,58.91
439.42,58.91
439.43,58.92
439.45,58.92
439.46,58.92
439.48,58.92
439.49,58.93
439.51,58.93
439.52,58.93
439.53,58.93
439.55,58.93
439.56,58.94
439.58,58.94
439.59,58.94
439.61,58.94
439.62,58.95
439.64,58.95
439.65,58.95
439.67,58.95
439.68,58.96
439.70,58.96
439.71,58.96
439.73,58.96
439.74,58.97
439.76,58.97
439.77,58.97
439.78,58.97
439.80,58.97
439.81,58.98
439.83,58.98
439.84,58.98
439.86,58.98
439.87,58.99
439.89,58.99
439.90,58.99
439.92,58.99
439.93,59.00
439.95,59.00
439.96,59.00
439.98,59.00
439.99,59.00
440.01,59.01
440.02,59.01
440.03,59.01
440.05,59.01
440.06,59.02
440.08,59.02
440.09,59.02
440.11,59.02
440.12,59.03
440.14,59.03
440.15,59.03
440.17,59.03
440.18,59.04
440.20,59.04
440.21,59.04
440.23,59.04
440.24,59.04
440.26,59.05
440.27,59.05
440.28,59.05
440.30,59.05
440.31,59.06
440.33,59.06
440.34,59.06
440.36,59.06
440.37,59.07
440.39,59.07
440.40,59.07
440.42,59.07
440.43,59.08
440.45,59.08
440.46,59.08
440.48,59.08
440.49,59.08
440.51,59.09
440.52,59.09
440.53,59.09
440.55,59.09
440.56,59.10
440.58,59.10
440.59,59.10
440.61,59.10
440.62,59.11
440.64,59.11
440.65,59.11
440.67,59.11
440.68,59.11
440.70,59.12
440.71,59.12
440.73,59.12
440.74,59.12
440.76,59.13
440.77,59.13
440.79,59.13
440.80,59.13
440.81,59.14
440.83,59.14
440.84,59.14
440.86,59.14
440.87,59.14
440.89,59.15
440.90,59.15
440.92,59.15
440.93,59.15
440.95,59.16
440.96,59.16
440.98,59.16
440.99,59.16
441.01,59.17
441.02,59.17
441.04,59.17
441.05,59.17
441.06,59.17
441.08,59.18
441.09,59.18
441.11,59.18
441.12,59.18
441.14,59.19
441.15,59.19
441.17,59.19
441.18,59.19
441.20,59.20
441.21,59.20
441.23,59.20
441.24,59.20
441.26,59.21
441.27,59.21
441.29,59.21
441.30,59.21
441.31,59.21
441.33,59.22
441.34,59.22
441.36,59.22
441.37,59.22
441.39,59.23
441.40,59.23
441.42,59.23
441.43,59.23
441.45,59.24
441.46,59.24
441.48,59.24
441.49,59.24
441.51,59.24
441.52,59.25
441.54,59.25
441.55,59.25
441.56,59.25
441.58,59.25
441.59,59.25
441.61,59.25
441.62,59.25
441.64,59.25
441.65,59.25
441.67,59.25
441.68,59.25
441.70,59.25
441.71,59.25
441.73,59.25
441.74,59.25
441.76,59.25
441.77,59.25
441.79,59.25
441.80,59.25
441.81,59.25
441.83,59.25
441.84,59.25
441.86,59.25
441.87,59.25
441.89,59.24
441.90,59.24
441.92,59.24
441.93,59.24
441.95,59.24
441.96,59.24
441.98,59.24
441.99,59.24
442.01,59.24
442.02,59.24
442.04,59.24
442.05,59.24
442.06,59.24
442.08,59.24
442.09,59.24
442.11,59.24
442.12,59.24
442.14,59.24
442.15,59.24
442.17,59.24
442.18,59.24
442.20,59.25
442.21,59.25
442.23,59.25
442.24,59.25
442.26,59.26
442.27,59.26
442.29,59.26
442.30,59.26
442.32,59.26
442.33,59.27
442.34,59.27
442.36,59.27
442.37,59.27
442.39,59.28
442.40,59.28
442.42,59.28
442.43,59.28
442.45,59.29
442.46,59.29
442.48,59.29
442.49,59.29
442.51,59.29
442.52,59.30
442.54,59.30
442.55,59.30
442.57,59.30
442.58,59.31
442.59,59.31
442.61,59.31
442.62,59.31
442.64,59.32
442.65,59.32
442.67,59.32
442.68,59.32
442.70,59.32
442.71,59.33
442.73,59.33
442.74,59.33
442.76,59.33
442.77,59.34
442.79,59.34
442.80,59.34
442.82,59.34
442.83,59.34
442.84,59.34
442.86,59.34
442.87,59.34
442.89,59.34
442.90,59.34
442.92,59.34
442.93,59.34
442.95,59.34
442.96,59.34
442.98,59.34
442.99,59.34
443.01,59.34
443.02,59.34
443.04,59.34
443.05,59.34
443.07,59.34
443.08,59.34
443.09,59.34
443.11,59.34
443.12,59.34
443.14,59.34
443.15,59.34
443.17,59.34
443.18,59.34
443.20,59.34
443.21,59.34
443.23,59.34
443.24,59.34
443.26,59.34
443.27,59.34
443.29,59.34
443.30,59.34
443.32,59.34
443.33,59.34
443.34,59.34
443.36,59.34
443.37,59.34
443.39,59.34
443.40,59.33
443.42,59.34
443.43,59.34
443.45,59.34
443.46,59.34
443.48,59.35
443.49,59.35
443.51,59.35
443.52,59.35
443.54,59.35
443.55,59.36
443.57,59.36
443.58,59.36
443.59,59.36
443.61,59.37
443.62,59.37
443.64,59.37
443.65,59.37
443.67,59.37
443.68,59.38
443.70,59.38
443.71,59.38
443.73,59.38
443.74,59.39
443.76,59.39
443.77,59.39
443.79,59.39
443.80,59.40
443.82,59.40
443.83,59.40
443.85,59.40
443.86,59.40
443.87,59.41
443.89,59.41
443.90,59.41
443.92,59.41
443.93,59.42
443.95,59.42
443.96,59.42
443.98,59.42
443.99,59.43
444.01,59.43
444.02,59.43
444.04,59.43
444.05,59.43
444.07,59.43
444.08,59.43
444.10,59.43
444.11,59.43
444.12,59.43
444.14,59.43
444.15,59.43
444.17,59.43
444.18,59.43
444.20,59.43
444.21,59.43
444.23,59.43
444.24,59.43
444.26,59.43
444.27,59.43
444.29,59.43
444.30,59.43
444.32,59.43
444.33,59.43
444.35,59.43
444.36,59.43
444.37,59.43
444.39,59.43
444.40,59.43
444.42,59.43
444.43,59.43
444.45,59.43
444.46,59.43
444.48,59.42
444.49,59.42
444.51,59.42
444.52,59.43
444.54,59.43
444.55,59.43
444.57,59.43
444.58,59.44
444.60,59.44
444.61,59.44
444.62,59.44
444.64,59.44
444.65,59.45
444.67,59.45
444.68,59.45
444.70,59.45
444.71,59.46
444.73,59.46
444.74,59.46
444.76,59.46
444.77,59.47
444.79,59.47
444.80,59.47
444.82,59.47
444.83,59.47
444.85,59.48
444.86,59.48
444.87,59.48
444.89,59.48
444.90,59.49
444.92,59.49
444.93,59.49
444.95,59.49
444.96,59.49
444.98,59.50
444.99,59.50
445.01,59.50
445.02,59.50
445.04,59.51
445.05,59.51
445.07,59.51
445.08,59.51
445.10,59.52
445.11,59.52
445.12,59.52
445.14,59.52
445.15,59.52
445.17,59.53
445.18,59.53
445.20,59.53
445.21,59.53
445.23,59.54
445.24,59.54
445.26,59.54
445.27,59.54
445.29,59.54
445.30,59.54
445.32,59.54
445.33,59.54
445.35,59.54
445.36,59.54
445.38,59.54
445.39,59.54
445.40,59.54
445.42,59.54
445.43,59.54
445.45,59.54
445.46,59.54
445.48,59.54
445.49,59.54
445.51,59.54
445.52,59.54
445.54,59.54
445.55,59.54
445.57,59.54
445.58,59.54
445.60,59.54
445.61,59.54
445.63,59.54
445.64,59.54
445.65,59.54
445.67,59.54
445.68,59.53
445.70,59.53
445.71,59.53
445.73,59.53
445.74,59.54
445.76,59.54
445.77,59.54
445.79,59.54
445.80,59.54
445.82,59.55
445.83,59.55
445.85,59.55
445.86,59.55
445.88,59.56
445.89,59.56
445.90,59.56
445.92,59.56
445.93,59.56
445.95,59.57
445.96,59.57
445.98,59.57
445.99,59.57
446.01,59.58
446.02,59.58
446.04,59.58
446.05,59.58
446.07,59.58
446.08,59.59
446.10,59.59
446.11,59.59
446.13,59.59
446.14,59.60
446.15,59.60
446.17,59.60
446.18,59.60
446.20,59.61
446.21,59.61
446.23,59.61
446.24,59.61
446.26,59.61
446.27,59.62
446.29,59.62
446.30,59.62
446.32,59.62
446.33,59.63
446.35,59.63
446.36,59.63
446.38,59.63
446.39,59.63
446.40,59.64
446.42,59.64
446.43,59.64
446.45,59.64
446.46,59.65
446.48,59.65
446.49,59.65
446.51,59.65
446.52,59.65
446.54,59.66
446.55,59.66
446.57,59.66
446.58,59.66
446.60,59.67
446.61,59.67
446.63,59.67
446.64,59.67
446.65,59.67
446.67,59.68
446.68,59.68
446.70,59.68
446.71,59.68
446.73,59.69
446.74,59.69
446.76,59.69
446.77,59.69
446.79,59.69
446.80,59.70
446.82,59.69
446.83,59.69
446.85,59.69
446.86,59.69
446.88,59.68
446.89,59.69
446.91,59.69
446.92,59.68
446.93,59.68
446.95,59.68
446.96,59.68
446.98,59.68
446.99,59.68
447.01,59.67
447.02,59.67
447.04,59.67
447.05,59.67
447.07,59.67
447.08,59.67
447.10,59.66
447.11,59.66
447.13,59.66
447.14,59.66
447.16,59.66
447.17,59.66
447.18,59.65
447.20,59.65
447.21,59.65
447.23,59.65
447.24,59.65
447.26,59.65
447.27,59.64
447.29,59.64
447.30,59.64
447.32,59.64
447.33,59.64
447.35,59.64
447.36,59.64
447.38,59.63
447.39,59.63
447.41,59.63
447.42,59.63
447.43,59.63
447.45,59.63
447.46,59.62
447.48,59.62
447.49,59.62
447.51,59.62
447.52,59.62
447.54,59.62
447.55,59.61
447.57,59.61
447.58,59.61
447.60,59.61
447.61,59.61
447.63,59.61
447.64,59.61
447.66,59.60
447.67,59.60
447.68,59.60
447.70,59.60
447.71,59.60
447.73,59.60
447.74,59.59
447.76,59.59
447.77,59.59
447.79,59.59
447.80,59.59
447.82,59.59
447.83,59.58
447.85,59.58
447.86,59.58
447.88,59.58
447.89,59.58
447.91,59.58
447.92,59.57
447.93,59.57
447.95,59.57
447.96,59.57
447.98,59.57
447.99,59.57
448.01,59.57
448.02,59.56
448.04,59.57
448.05,59.56
448.07,59.56
448.08,59.56
448.10,59.56
448.11,59.55
448.13,59.56
448.14,59.55
448.16,59.55
448.17,59.55
448.18,59.55
448.20,59.54
448.21,59.55
448.23,59.54
448.24,59.54
448.26,59.54
448.27,59.54
448.29,59.53
448.30,59.54
448.32,59.53
448.33,59.53
448.35,59.53
448.36,59.53
448.38,59.53
448.39,59.53
448.41,59.53
448.42,59.52
448.43,59.52
448.45,59.52
448.46,59.52
448.48,59.52
448.49,59.52
448.51,59.51
448.52,59.51
448.54,59.51
448.55,59.51
448.57,59.51
448.58,59.51
448.60,59.50
448.61,59.50
448.63,59.50
448.64,59.50
448.66,59.50
448.67,59.50
448.69,59.50
448.70,59.49
448.71,59.49
448.73,59.49
448.74,59.49
448.76,59.49
448.77,59.49
448.79,59.48
448.80,59.48
448.82,59.48
448.83,59.48
448.85,59.48
448.86,59.48
448.88,59.47
448.89,59.47
448.91,59.47
448.92,59.47
448.94,59.47
448.95,59.47
448.96,59.47
448.98,59.46
448.99,59.46
449.01,59.46
449.02,59.46
449.04,59.46
449.05,59.46
449.07,59.45
449.08,59.45
449.10,59.45
449.11,59.45
449.13,59.45
449.14,59.45
449.16,59.44
449.17,59.44
449.19,59.44
449.20,59.44
449.21,59.44
449.23,59.44
449.24,59.44
449.26,59.43
449.27,59.44
449.29,59.43
449.30,59.43
449.32,59.43
449.33,59.43
449.35,59.42
449.36,59.43
449.38,59.42
449.39,59.42
449.41,59.42
449.42,59.42
449.44,59.41
449.45,59.42
449.46,59.41
449.48,59.41
449.49,59.41
449.51,59.41
449.52,59.41
449.54,59.41
449.55,59.41
449.57,59.40
449.58,59.40
449.60,59.40
449.61,59.40
449.63,59.40
449.64,59.40
449.66,59.39
449.67,59.39
449.69,59.39
449.70,59.39
449.71,59.39
449.73,59.39
449.74,59.38
449.76,59.38
449.77,59.38
449.79,59.38
449.80,59.38
449.82,59.38
449.83,59.38
449.85,59.37
449.86,59.37
449.88,59.37
449.89,59.37
449.91,59.37
449.92,59.37
449.94,59.36
449.95,59.36
449.96,59.36
449.98,59.36
449.99,59.36
450.01,59.36
450.02,59.35
450.04,59.35
450.05,59.35
450.07,59.35
450.08,59.35
450.10,59.35
450.11,59.35
450.13,59.34
450.14,59.34
450.16,59.34
450.17,59.34
450.19,59.34
450.20,59.34
450.22,59.33
450.23,59.33
450.24,59.33
450.26,59.33
450.27,59.33
450.29,59.33
450.30,59.32
450.32,59.32
450.33,59.32
450.35,59.32
450.36,59.32
450.38,59.32
450.39,59.32
450.41,59.31
450.42,59.32
450.44,59.31
450.45,59.31
450.47,59.31
450.48,59.31
450.49,59.30
450.51,59.31
450.52,59.30
450.54,59.30
450.55,59.30
450.57,59.30
450.58,59.29
450.60,59.30
450.61,59.29
450.63,59.29
450.64,59.29
450.66,59.29
450.67,59.29
450.69,59.29
450.70,59.29
450.72,59.28
450.73,59.28
450.74,59.28
450.76,59.28
450.77,59.28
450.79,59.28
450.80,59.27
450.82,59.27
450.83,59.27
450.85,59.27
450.86,59.27
450.88,59.27
450.89,59.27
450.91,59.26
450.92,59.26
450.94,59.26
450.95,59.26
450.97,59.26
450.98,59.26
450.99,59.25
451.01,59.25
451.02,59.25
451.04,59.25
451.05,59.25
451.07,59.25
451.08,59.24
451.10,59.24
451.11,59.24
451.13,59.24
451.14,59.24
451.16,59.24
451.17,59.24
451.19,59.23
451.20,59.23
451.22,59.23
451.23,59.23
451.24,59.23
451.26,59.23
451.27,59.22
451.29,59.22
451.30,59.22
451.32,59.22
451.33,59.22
451.35,59.22
451.36,59.22
451.38,59.21
451.39,59.22
451.41,59.21
451.42,59.21
451.44,59.21
451.45,59.21
451.47,59.20
451.48,59.21
451.49,59.20
451.51,59.20
451.52,59.20
451.54,59.20
451.55,59.19
451.57,59.20
451.58,59.19
451.60,59.19
451.61,59.19
451.63,59.19
451.64,59.19
451.66,59.19
451.67,59.19
451.69,59.18
451.70,59.18
451.72,59.18
451.73,59.18
451.75,59.18
451.76,59.18
451.77,59.17
451.79,59.17
451.80,59.17
451.82,59.17
451.83,59.17
451.85,59.17
451.86,59.17
451.88,59.16
451.89,59.16
451.91,59.16
451.92,59.16
451.94,59.16
451.95,59.16
451.97,59.15
451.98,59.15
452.00,59.15
452.01,59.15
452.02,59.15
452.04,59.15
452.05,59.14
452.07,59.14
452.08,59.14
452.10,59.14
452.11,59.14
452.13,59.14
452.14,59.14
452.16,59.13
452.17,59.13
452.19,59.13
452.20,59.13
452.22,59.13
452.23,59.13
452.25,59.12
452.26,59.12
452.27,59.12
452.29,59.12
452.30,59.12
452.32,59.12
452.33,59.12
452.35,59.11
452.36,59.12
452.38,59.11
452.39,59.11
452.41,59.11
452.42,59.11
452.44,59.10
452.45,59.11
452.47,59.10
452.48,59.10
452.50,59.10
452.51,59.10
452.52,59.10
452.54,59.10
452.55,59.10
452.57,59.09
452.58,59.09
452.60,59.09
452.61,59.09
452.63,59.09
452.64,59.09
452.66,59.08
452.67,59.08
452.69,59.08
452.70,59.08
452.72,59.08
452.73,59.08
452.75,59.08
452.76,59.08
452.77,59.08
452.79,59.08
452.80,59.08
452.82,59.08
452.83,59.08
452.85,59.07
452.86,59.07
452.88,59.08
452.89,59.08
452.91,59.08
452.92,59.08
452.94,59.09
452.95,59.09
452.97,59.09
452.98,59.08
453.00,59.09
453.01,59.08
453.02,59.08
453.04,59.08
453.05,59.08
453.07,59.08
453.08,59.08
453.10,59.08
453.11,59.07
453.13,59.07
453.14,59.07
453.16,59.07
453.17,59.07
453.19,59.07
453.20,59.06
453.22,59.06
453.23,59.06
453.25,59.06
453.26,59.06
453.28,59.06
453.29,59.06
453.30,59.06
453.32,59.06
453.33,59.06
453.35,59.06
453.36,59.06
453.38,59.06
453.39,59.06
453.41,59.06
453.42,59.06
453.44,59.06
453.45,59.06
453.47,59.06
453.48,59.06
453.50,59.06
453.51,59.06
453.53,59.06
453.54,59.06
453.55,59.06
453.57,59.06
453.58,59.06
453.60,59.06
453.61,59.06
453.63,59.06
453.64,59.06
453.66,59.06
453.67,59.06
453.69,59.06
453.70,59.06
453.72,59.06
453.73,59.06
453.75,59.06
453.76,59.06
453.78,59.06
453.79,59.06
453.80,59.06
453.82,59.06
453.83,59.06
453.85,59.06
453.86,59.06
453.88,59.06
453.89,59.06
453.91,59.06
453.92,59.06
453.94,59.06
453.95,59.06
453.97,59.06
453.98,59.06
454.00,59.06
454.01,59.06
454.03,59.06
454.04,59.06
454.05,59.06
454.07,59.06
454.08,59.06
454.10,59.06
454.11,59.06
454.13,59.06
454.14,59.06
454.16,59.06
454.17,59.06
454.19,59.06
454.20,59.06
454.22,59.06
454.23,59.06
454.25,59.06
454.26,59.06
454.28,59.06
454.29,59.06
454.30,59.06
454.32,59.06
454.33,59.06
454.35,59.06
454.36,59.06
454.38,59.06
454.39,59.06
454.41,59.05
454.42,59.05
454.44,59.06
454.45,59.06
454.47,59.06
454.48,59.06
454.50,59.06
454.51,59.07
454.53,59.07
454.54,59.07
454.55,59.07
454.57,59.08
454.58,59.08
454.60,59.08
454.61,59.08
454.63,59.09
454.64,59.09
454.66,59.09
454.67,59.09
454.69,59.10
454.70,59.10
454.72,59.10
454.73,59.10
454.75,59.10
454.76,59.11
454.78,59.11
454.79,59.11
454.81,59.11
454.82,59.12
454.83,59.12
454.85,59.12
454.86,59.12
454.88,59.13
454.89,59.13
454.91,59.13
454.92,59.13
454.94,59.14
454.95,59.14
454.97,59.14
454.98,59.14
455.00,59.14
455.01,59.15
455.03,59.15
455.04,59.15
455.06,59.14
455.07,59.15
455.08,59.14
455.10,59.14
455.11,59.14
455.13,59.14
455.14,59.14
455.16,59.14
455.17,59.14
455.19,59.13
455.20,59.13
455.22,59.13
455.23,59.13
455.25,59.13
455.26,59.13
455.28,59.12
455.29,59.12
455.31,59.12
455.32,59.12
455.33,59.12
455.35,59.12
455.36,59.12
455.38,59.11
455.39,59.11
455.41,59.11
455.42,59.11
455.44,59.11
455.45,59.11
455.47,59.10
455.48,59.10
455.50,59.10
455.51,59.10
455.53,59.10
455.54,59.10
455.56,59.10
455.57,59.09
455.58,59.09
455.60,59.09
455.61,59.09
455.63,59.09
455.64,59.09
455.66,59.08
455.67,59.08
455.69,59.08
455.70,59.08
455.72,59.08
455.73,59.08
455.75,59.07
455.76,59.07
455.78,59.08
455.79,59.07
455.81,59.07
455.82,59.07
455.83,59.07
455.85,59.06
455.86,59.07
455.88,59.06
455.89,59.06
455.91,59.06
455.92,59.06
455.94,59.05
455.95,59.06
455.97,59.05
455.98,59.05
456.00,59.05
456.01,59.05
456.03,59.05
456.04,59.05
456.06,59.05
456.07,59.04
456.08,59.04
456.10,59.04
456.11,59.04
456.13,59.04
456.14,59.04
456.16,59.03
456.17,59.03
456.19,59.03
456.20,59.03
456.22,59.03
456.23,59.03
456.25,59.03
456.26,59.02
456.28,59.02
456.29,59.02
456.31,59.02
456.32,59.02
456.34,59.02
456.35,59.01
456.36,59.01
456.38,59.01
456.39,59.01
456.41,59.01
456.42,59.01
456.44,59.01
456.45,59.00
456.47,59.00
456.48,59.00
456.50,59.00
456.51,59.00
456.53,59.00
456.54,58.99
456.56,58.99
456.57,58.99
456.59,58.99
456.60,58.99
456.61,58.99
456.63,58.99
456.64,58.98
456.66,58.99
456.67,58.98
456.69,58.98
456.70,58.98
456.72,58.98
456.73,58.97
456.75,58.98
456.76,58.97
456.78,58.97
456.79,58.97
456.81,58.97
456.82,58.97
456.84,58.97
456.85,58.97
456.86,58.96
456.88,58.96
456.89,58.96
456.91,58.96
456.92,58.96
456.94,58.96
456.95,58.95
456.97,58.95
456.98,58.95
457.00,58.95
457.01,58.95
457.03,58.95
457.04,58.95
457.06,58.94
457.07,58.94
457.09,58.94
457.10,58.94
457.11,58.94
457.13,58.94
457.14,58.93
457.16,58.93
457.17,58.93
457.19,58.93
457.20,58.93
457.22,58.93
457.23,58.93
457.25,58.92
457.26,58.92
457.28,58.92
457.29,58.92
457.31,58.92
457.32,58.92
457.34,58.91
457.35,58.91
457.36,58.91
457.38,58.91
457.39,58.91
457.41,58.91
457.42,58.91
457.44,58.90
457.45,58.91
457.47,58.90
457.48,58.90
457.50,58.90
457.51,58.90
457.53,58.89
457.54,58.90
457.56,58.89
457.57,58.89
457.59,58.89
457.60,58.89
457.61,58.89
457.63,58.89
457.64,58.89
457.66,58.88
457.67,58.88
457.69,58.88
457.70,58.88
457.72,58.88
457.73,58.88
457.75,58.87
457.76,58.87
457.78,58.87
457.79,58.87
457.81,58.87
457.82,58.87
457.84,58.87
457.85,58.86
457.87,58.86
457.88,58.86
457.89,58.86
457.91,58.86
457.92,58.86
457.94,58.85
457.95,58.85
457.97,58.85
457.98,58.85
458.00,58.85
458.01,58.85
458.03,58.85
458.04,58.84
458.06,58.84
458.07,58.84
458.09,58.84
458.10,58.84
458.12,58.84
458.13,58.83
458.14,58.83
458.16,58.84
458.17,58.83
458.19,58.83
458.20,58.83
458.22,58.83
458.23,58.82
458.25,58.83
458.26,58.82
458.28,58.82
458.29,58.82
458.31,58.82
458.32,58.82
458.34,58.82
458.35,58.82
458.37,58.81
458.38,58.81
458.39,58.81
458.41,58.81
458.42,58.81
458.44,58.81
458.45,58.80
458.47,58.80
458.48,58.80
458.50,58.80
458.51,58.80
458.53,58.80
458.54,58.80
458.56,58.79
458.57,58.79
458.59,58.79
458.60,58.79
458.62,58.79
458.63,58.79
458.64,58.78
458.66,58.78
458.67,58.78
458.69,58.78
458.70,58.78
458.72,58.78
458.73,58.78
458.75,58.77
458.76,58.77
458.78,58.77
458.79,58.77
458.81,58.77
458.82,58.77
458.84,58.76
458.85,58.76
458.87,58.77
458.88,58.76
458.89,58.76
458.91,58.76
458.92,58.76
458.94,58.75
458.95,58.76
458.97,58.75
458.98,58.75
459.00,58.75
459.01,58.75
459.03,58.74
459.04,58.75
459.06,58.75
459.07,58.74
459.09,58.74
459.10,58.74
459.12,58.74
459.13,58.74
459.14,58.74
459.16,58.73
459.17,58.73
459.19,58.73
459.20,58.73
459.22,58.73
459.23,58.73
459.25,58.73
459.26,58.72
459.28,58.72
459.29,58.72
459.31,58.72
459.32,58.72
459.34,58.72
459.35,58.71
459.37,58.71
459.38,58.71
459.40,58.71
459.41,58.71
459.42,58.71
459.44,58.71
459.45,58.70
459.47,58.70
459.48,58.70
459.50,58.70
459.51,58.70
459.53,58.70
459.54,58.69
459.56,58.69
459.57,58.70
459.59,58.69
459.60,58.69
459.62,58.69
459.63,58.69
459.65,58.68
459.66,58.69
459.67,58.68
459.69,58.68
459.70,58.68
459.72,58.68
459.73,58.68
459.75,58.68
459.76,58.68
459.78,58.67
459.79,58.67
459.81,58.67
459.82,58.67
459.84,58.67
459.85,58.67
459.87,58.66
459.88,58.66
459.90,58.66
459.91,58.66
459.92,58.66
459.94,58.66
459.95,58.66
459.97,58.65
459.98,58.65
460.00,58.65
460.01,58.65
460.03,58.65
460.04,58.65
460.06,58.65
460.07,58.64
460.09,58.64
460.10,58.64
460.12,58.64
460.13,58.64
460.15,58.64
460.16,58.63
460.17,58.63
460.19,58.63
460.20,58.63
460.22,58.63
460.23,58.63
460.25,58.63
460.26,58.62
460.28,58.63
460.29,58.62
460.31,58.62
460.32,58.62
460.34,58.62
460.35,58.62
460.37,58.62
460.38,58.62
460.40,58.62
460.41,58.62
460.42,58.62
460.44,58.62
460.45,58.62
460.47,58.62
460.48,58.62
460.50,58.62
460.51,58.62
460.53,58.62
460.54,58.62
460.56,58.62
460.57,58.62
460.59,58.62
460.60,58.62
460.62,58.62
460.63,58.62
460.65,58.62
460.66,58.62
460.67,58.62
460.69,58.62
460.70,58.62
460.72,58.62
460.73,58.62
460.75,58.62
460.76,58.62
460.78,58.62
460.79,58.62
460.81,58.62
460.82,58.62
460.84,58.62
460.85,58.62
460.87,58.62
460.88,58.63
460.90,58.63
460.91,58.63
460.93,58.63
460.94,58.63
460.95,58.63
460.97,58.63
460.98,58.63
461.00,58.63
461.01,58.63
461.03,58.63
461.04,58.63
461.06,58.63
461.07,58.63
461.09,58.63
461.10,58.63
461.12,58.62
461.13,58.62
461.15,58.62
461.16,58.62
461.18,58.63
461.19,58.63
461.20,58.63
461.22,58.63
461.23,58.64
461.25,58.64
461.26,58.64
461.28,58.64
461.29,58.65
461.31,58.65
461.32,58.65
461.34,58.65
461.35,58.66
461.37,58.66
461.38,58.66
461.40,58.66
461.41,58.67
461.43,58.67
461.44,58.67
461.45,58.67
461.47,58.68
461.48,58.68
461.50,58.68
461.51,58.68
461.53,58.69
461.54,58.69
461.56,58.69
461.57,58.69
461.59,58.69
461.60,58.69
461.62,58.69
461.63,58.68
461.65,58.69
461.66,58.68
461.68,58.68
461.69,58.68
461.70,58.68
461.72,58.67
461.73,58.68
461.75,58.68
461.76,58.67
461.78,58.67
461.79,58.67
461.81,58.67
461.82,58.67
461.84,58.67
461.85,58.66
461.87,58.66
461.88,58.66
461.90,58.66
461.91,58.66
461.93,58.66
461.94,58.66
461.95,58.65
461.97,58.65
461.98,58.65
462.00,58.65
462.01,58.65
462.03,58.65
462.04,58.64
462.06,58.64
462.07,58.64
462.09,58.64
462.10,58.64
462.12,58.64
462.13,58.64
462.15,58.63
462.16,58.63
462.18,58.63
462.19,58.63
462.20,58.63
462.22,58.63
462.23,58.63
462.25,58.62
462.26,58.63
462.28,58.62
462.29,58.62
462.31,58.62
462.32,58.62
462.34,58.61
462.35,58.62
462.37,58.61
462.38,58.61
462.40,58.61
462.41,58.61
462.43,58.61
462.44,58.61
462.46,58.61
462.47,58.60
462.48,58.60
462.50,58.60
462.51,58.60
462.53,58.60
462.54,58.60
462.56,58.60
462.57,58.59
462.59,58.59
462.60,58.59
462.62,58.59
462.63,58.59
462.65,58.59
462.66,58.58
462.68,58.58
462.69,58.58
462.71,58.58
462.72,58.58
462.73,58.58
462.75,58.58
462.76,58.58
462.78,58.58
462.79,58.58
462.81,58.58
462.82,58.58
462.84,58.58
462.85,58.58
462.87,58.58
462.88,58.58
462.90,58.58
462.91,58.58
462.93,58.58
462.94,58.58
462.96,58.58
462.97,58.58
462.98,58.58
463.00,58.58
463.01,58.58
463.03,58.58
463.04,58.58
463.06,58.58
463.07,58.58
463.09,58.58
463.10,58.58
463.12,58.58
463.13,58.58
463.15,58.58
463.16,58.58
463.18,58.58
463.19,58.58
463.21,58.58
463.22,58.58
463.23,58.58
463.25,58.58
463.26,58.58
463.28,58.58
463.29,58.58
463.31,58.58
463.32,58.58
463.34,58.58
463.35,58.58
463.37,58.58
463.38,58.58
463.40,58.58
463.41,58.58
463.43,58.58
463.44,58.58
463.46,58.58
463.47,58.58
463.48,58.58
463.50,58.58
463.51,58.58
463.53,58.58
463.54,58.58
463.56,58.58
463.57,58.58
463.59,58.58
463.60,58.58
463.62,58.58
463.63,58.58
463.65,58.58
463.66,58.58
463.68,58.59
463.69,58.59
463.71,58.59
463.72,58.59
463.73,58.60
463.75,58.60
463.76,58.60
463.78,58.60
463.79,58.61
463.81,58.61
463.82,58.61
463.84,58.61
463.85,58.62
463.87,58.62
463.88,58.62
463.90,58.62
463.91,58.63
463.93,58.63
463.94,58.63
463.96,58.63
463.97,58.64
463.99,58.64
464.00,58.64
464.01,58.64
464.03,58.65
464.04,58.65
464.06,58.65
464.07,58.65
464.09,58.65
464.10,58.65
464.12,58.65
464.13,58.64
464.15,58.64
464.16,58.65
464.18,58.64
464.19,58.64
464.21,58.64
464.22,58.64
464.24,58.64
464.25,58.64
464.26,58.64
464.28,58.64
464.29,58.64
464.31,58.64
464.32,58.63
464.34,58.64
464.35,58.64
464.37,58.64
464.38,58.64
464.40,58.64
464.41,58.64
464.43,58.64
464.44,58.64
464.46,58.64
464.47,58.64
464.49,58.63
464.50,58.63
464.51,58.63
464.53,58.63
464.54,58.63
464.56,58.63
464.57,58.62
464.59,58.62
464.60,58.63
464.62,58.62
464.63,58.62
464.65,58.62
464.66,58.62
464.68,58.61
464.69,58.62
464.71,58.61
464.72,58.61
464.74,58.61
464.75,58.61
464.76,58.61
464.78,58.61
464.79,58.61
464.81,58.60
464.82,58.60
464.84,58.60
464.85,58.60
464.87,58.60
464.88,58.60
464.90,58.59
464.91,58.59
464.93,58.59
464.94,58.59
464.96,58.59
464.97,58.59
464.99,58.59
465.00,58.58
465.01,58.58
465.03,58.58
465.04,58.58
465.06,58.58
465.07,58.58
465.09,58.58
465.10,58.57
465.12,58.57
465.13,58.57
465.15,58.57
465.16,58.57
465.18,58.57
465.19,58.56
465.21,58.56
465.22,58.56
465.24,58.56
465.25,58.56
465.26,58.56
465.28,58.56
465.29,58.55
465.31,58.56
465.32,58.55
465.34,58.55
465.35,58.55
465.37,58.55
465.38,58.54
465.40,58.55
465.41,58.55
465.43,58.54
465.44,58.54
465.46,58.54
465.47,58.54
465.49,58.54
465.50,58.54
465.52,58.53
465.53,58.53
465.54,58.53
465.56,58.53
465.57,58.53
465.59,58.53
465.60,58.53
465.62,58.52
465.63,58.52
465.65,58.52
465.66,58.52
465.68,58.52
465.69,58.52
465.71,58.52
465.72,58.51
465.74,58.51
465.75,58.51
465.77,58.51
465.78,58.51
465.79,58.51
465.81,58.50
465.82,58.50
465.84,58.50
465.85,58.50
465.87,58.50
465.88,58.50
465.90,58.50
465.91,58.49
465.93,58.50
465.94,58.49
465.96,58.49
465.97,58.49
465.99,58.49
466.00,58.49
466.02,58.49
466.03,58.49
466.04,58.48
466.06,58.48
466.07,58.48
466.09,58.48
466.10,58.48
466.12,58.48
466.13,58.47
466.15,58.47
466.16,58.47
466.18,58.47
466.19,58.47
466.21,58.47
466.22,58.47
466.24,58.46
466.25,58.46
466.27,58.46
466.28,58.46
466.29,58.46
466.31,58.46
466.32,58.46
466.34,58.45
466.35,58.45
466.37,58.45
466.38,58.45
466.40,58.45
466.41,58.45
466.43,58.44
466.44,58.44
466.46,58.45
466.47,58.44
466.49,58.44
466.50,58.44
466.52,58.44
466.53,58.43
466.54,58.44
466.56,58.43
466.57,58.43
466.59,58.43
466.60,58.43
466.62,58.43
466.63,58.43
466.65,58.43
466.66,58.43
466.68,58.43
466.69,58.43
466.71,58.43
466.72,58.43
466.74,58.43
466.75,58.43
466.77,58.43
466.78,58.43
466.79,58.43
466.81,58.43
466.82,58.43
466.84,58.43
466.85,58.43
466.87,58.43
466.88,58.43
466.90,58.43
466.91,58.43
466.93,58.43
466.94,58.43
466.96,58.43
466.97,58.43
466.99,58.43
467.00,58.43
467.02,58.43
467.03,58.43
467.05,58.43
467.06,58.43
467.07,58.43
467.09,58.43
467.10,58.43
467.12,58.43
467.13,58.43
467.15,58.43
467.16,58.43
467.18,58.43
467.19,58.43
467.21,58.43
467.22,58.43
467.24,58.43
467.25,58.43
467.27,58.43
467.28,58.43
467.30,58.43
467.31,58.43
467.32,58.43
467.34,58.43
467.35,58.43
467.37,58.43
467.38,58.43
467.40,58.43
467.41,58.43
467.43,58.43
467.44,58.43
467.46,58.43
467.47,58.43
467.49,58.43
467.50,58.42
467.52,58.42
467.53,58.42
467.55,58.43
467.56,58.43
467.57,58.43
467.59,58.43
467.60,58.44
467.62,58.44
467.63,58.44
467.65,58.44
467.66,58.45
467.68,58.45
467.69,58.45
467.71,58.45
467.72,58.46
467.74,58.46
467.75,58.46
467.77,58.46
467.78,58.47
467.80,58.47
467.81,58.47
467.82,58.47
467.84,58.48
467.85,58.48
467.87,58.48
467.88,58.48
467.90,58.49
467.91,58.49
467.93,58.49
467.94,58.49
467.96,58.49
467.97,58.49
467.99,58.49
468.00,58.49
468.02,58.49
468.03,58.49
468.05,58.48
468.06,58.48
468.07,58.48
468.09,58.48
468.10,58.48
468.12,58.48
468.13,58.48
468.15,58.47
468.16,58.48
468.18,58.47
468.19,58.47
468.21,58.47
468.22,58.47
468.24,58.46
468.25,58.47
468.27,58.47
468.28,58.46
468.30,58.46
468.31,58.46
468.32,58.46
468.34,58.46
468.35,58.46
468.37,58.45
468.38,58.45
468.40,58.45
468.41,58.45
468.43,58.45
468.44,58.45
468.46,58.45
468.47,58.44
468.49,58.44
468.50,58.44
468.52,58.44
468.53,58.44
468.55,58.44
468.56,58.44
468.57,58.43
468.59,58.43
468.60,58.43
468.62,58.43
468.63,58.43
468.65,58.43
468.66,58.42
468.68,58.42
468.69,58.42
468.71,58.42
468.72,58.42
468.74,58.42
468.75,58.42
468.77,58.41
468.78,58.42
468.80,58.41
468.81,58.41
468.83,58.41
468.84,58.41
468.85,58.41
468.87,58.41
468.88,58.41
468.90,58.40
468.91,58.40
468.93,58.40
468.94,58.40
468.96,58.40
468.97,58.40
468.99,58.39
469.00,58.39
469.02,58.39
469.03,58.39
469.05,58.39
469.06,58.39
469.08,58.39
469.09,58.38
469.10,58.38
469.12,58.38
469.13,58.38
469.15,58.38
469.16,58.38
469.18,58.38
469.19,58.37
469.21,58.37
469.22,58.37
469.24,58.37
469.25,58.37
469.27,58.37
469.28,58.37
469.30,58.36
469.31,58.37
469.33,58.36
469.34,58.36
469.35,58.36
469.37,58.36
469.38,58.35
469.40,58.36
469.41,58.35
469.43,58.35
469.44,58.35
469.46,58.35
469.47,58.35
469.49,58.35
469.50,58.35
469.52,58.34
469.53,58.34
469.55,58.34
469.56,58.34
469.58,58.34
469.59,58.34
469.60,58.34
469.62,58.33
469.63,58.33
469.65,58.33
469.66,58.33
469.68,58.33
469.69,58.33
469.71,58.33
469.72,58.32
469.74,58.32
469.75,58.32
469.77,58.32
469.78,58.32
469.80,58.32
469.81,58.31
469.83,58.31
469.84,58.32
469.85,58.31
469.87,58.31
469.88,58.31
469.90,58.31
469.91,58.30
469.93,58.31
469.94,58.30
469.96,58.30
469.97,58.30
469.99,58.30
470.00,58.30
470.02,58.30
470.03,58.30
470.05,58.29
470.06,58.29
470.08,58.29
470.09,58.29
470.10,58.29
470.12,58.29
470.13,58.29
470.15,58.28
470.16,58.28
470.18,58.28
470.19,58.28
470.21,58.28
470.22,58.28
470.24,58.27
470.25,58.27
470.27,58.27
470.28,58.27
470.30,58.27
470.31,58.27
470.33,58.27
470.34,58.26
470.36,58.26
470.37,58.26
470.38,58.26
470.40,58.26
470.41,58.26
470.43,58.26
470.44,58.25
470.46,58.26
470.47,58.25
470.49,58.25
470.50,58.25
470.52,58.25
470.53,58.25
470.55,58.25
470.56,58.25
470.58,58.24
470.59,58.24
470.61,58.24
470.62,58.24
470.63,58.24
470.65,58.24
470.66,58.24
470.68,58.23
470.69,58.23
470.71,58.23
470.72,58.23
470.74,58.23
470.75,58.23
470.77,58.22
470.78,58.22
470.80,58.23
470.81,58.23
470.83,58.23
470.84,58.23
470.86,58.23
470.87,58.23
470.88,58.23
470.90,58.23
470.91,58.23
470.93,58.23
470.94,58.23
470.96,58.23
470.97,58.23
470.99,58.23
471.00,58.23
471.02,58.23
471.03,58.23
471.05,58.23
471.06,58.23
471.08,58.23
471.09,58.23
471.11,58.23
471.12,58.23
471.13,58.23
471.15,58.23
471.16,58.23
471.18,58.23
471.19,58.23
471.21,58.23
471.22,58.23
471.24,58.23
471.25,58.23
471.27,58.23
471.28,58.23
471.30,58.23
471.31,58.23
471.33,58.23
471.34,58.23
471.36,58.23
471.37,58.23
471.38,58.23
471.40,58.23
471.41,58.23
471.43,58.23
471.44,58.23
471.46,58.23
471.47,58.23
471.49,58.23
471.50,58.23
471.52,58.23
471.53,58.23
471.55,58.23
471.56,58.23
471.58,58.23
471.59,58.23
471.61,58.23
471.62,58.23
471.63,58.23
471.65,58.23
471.66,58.23
471.68,58.23
471.69,58.23
471.71,58.23
471.72,58.23
471.74,58.23
471.75,58.23
471.77,58.23
471.78,58.23
471.80,58.23
471.81,58.23
471.83,58.23
471.84,58.22
471.86,58.23
471.87,58.23
471.89,58.23
471.90,58.23
471.91,58.24
471.93,58.24
471.94,58.24
471.96,58.24
471.97,58.25
471.99,58.25
472.00,58.25
472.02,58.25
472.03,58.26
472.05,58.26
472.06,58.26
472.08,58.26
472.09,58.27
472.11,58.27
472.12,58.27
472.14,58.27
472.15,58.28
472.16,58.28
472.18,58.28
472.19,58.28
472.21,58.29
472.22,58.29
472.24,58.29
472.25,58.29
472.27,58.30
472.28,58.30
472.30,58.30
472.31,58.30
472.33,58.31
472.34,58.31
472.36,58.31
472.37,58.31
472.39,58.32
472.40,58.31
472.41,58.31
472.43,58.31
472.44,58.31
472.46,58.31
472.47,58.31
472.49,58.31
472.50,58.30
472.52,58.30
472.53,58.30
472.55,58.30
472.56,58.30
472.58,58.30
472.59,58.30
472.61,58.29
472.62,58.29
472.64,58.29
472.65,58.29
472.66,58.29
472.68,58.29
472.69,58.28
472.71,58.28
472.72,58.29
472.74,58.28
472.75,58.28
472.77,58.28
472.78,58.28
472.80,58.27
472.81,58.28
472.83,58.27
472.84,58.27
472.86,58.27
472.87,58.27
472.89,58.27
472.90,58.27
472.91,58.27
472.93,58.27
472.94,58.27
472.96,58.27
472.97,58.27
472.99,58.27
473.00,58.27
473.02,58.28
473.03,58.28
473.05,58.28
473.06,58.27
473.08,58.28
473.09,58.27
473.11,58.27
473.12,58.27
473.14,58.27
473.15,58.27
473.16,58.27
473.18,58.27
473.19,58.26
473.21,58.26
473.22,58.26
473.24,58.26
473.25,58.26
473.27,58.26
473.28,58.26
473.30,58.25
473.31,58.25
473.33,58.25
473.34,58.25
473.36,58.25
473.37,58.25
473.39,58.25
473.40,58.24
473.42,58.24
473.43,58.24
473.44,58.24
473.46,58.24
473.47,58.24
473.49,58.23
473.50,58.23
473.52,58.24
473.53,58.23
473.55,58.23
473.56,58.23
473.58,58.23
473.59,58.22
473.61,58.23
473.62,58.22
473.64,58.22
473.65,58.22
473.67,58.22
473.68,58.22
473.69,58.22
473.71,58.22
473.72,58.21
473.74,58.21
473.75,58.21
473.77,58.21
473.78,58.21
473.80,58.21
473.81,58.21
473.83,58.20
473.84,58.20
473.86,58.20
473.87,58.20
473.89,58.20
473.90,58.20
473.92,58.20
473.93,58.19
473.94,58.19
473.96,58.19
473.97,58.19
473.99,58.19
474.00,58.19
474.02,58.18
474.03,58.18
474.05,58.19
474.06,58.18
474.08,58.18
474.09,58.18
474.11,58.18
474.12,58.17
474.14,58.18
474.15,58.18
474.17,58.17
474.18,58.17
474.19,58.17
474.21,58.17
474.22,58.17
474.24,58.17
474.25,58.16
474.27,58.16
474.28,58.16
474.30,58.16
474.31,58.16
474.33,58.16
474.34,58.16
474.36,58.15
474.37,58.15
474.39,58.15
474.40,58.15
474.42,58.15
474.43,58.15
474.44,58.15
474.46,58.14
474.47,58.14
474.49,58.14
474.50,58.14
474.52,58.14
474.53,58.14
474.55,58.14
474.56,58.13
474.58,58.14
474.59,58.13
474.61,58.13
474.62,58.13
474.64,58.13
474.65,58.12
474.67,58.13
474.68,58.13
474.69,58.12
474.71,58.12
474.72,58.12
474.74,58.12
474.75,58.12
474.77,58.12
474.78,58.11
474.80,58.11
474.81,58.11
474.83,58.11
474.84,58.11
474.86,58.11
474.87,58.11
474.89,58.10
474.90,58.10
474.92,58.10
474.93,58.10
474.95,58.10
474.96,58.10
474.97,58.10
474.99,58.09
475.00,58.09
475.02,58.09
475.03,58.09
475.05,58.09
475.06,58.09
475.08,58.09
475.09,58.08
475.11,58.09
475.12,58.08
475.14,58.08
475.15,58.08
475.17,58.08
475.18,58.08
475.20,58.08
475.21,58.08
475.22,58.07
475.24,58.07
475.25,58.07
475.27,58.07
475.28,58.07
475.30,58.07
475.31,58.07
475.33,58.06
475.34,58.06
475.36,58.06
475.37,58.06
475.39,58.06
475.40,58.06
475.42,58.06
475.43,58.05
475.45,58.05
475.46,58.05
475.47,58.05
475.49,58.05
475.50,58.05
475.52,58.04
475.53,58.04
475.55,58.05
475.56,58.04
475.58,58.04
475.59,58.04
475.61,58.04
475.62,58.03
475.64,58.04
475.65,58.03
475.67,58.03
475.68,58.03
475.70,58.03
475.71,58.03
475.72,58.03
475.74,58.03
475.75,58.02
475.77,58.02
475.78,58.02
475.80,58.02
475.81,58.02
475.83,58.02
475.84,58.02
475.86,58.01
475.87,58.01
475.89,58.01
475.90,58.01
475.92,58.01
475.93,58.01
475.95,58.01
475.96,58.00
475.97,58.00
475.99,58.00
476.00,58.00
476.02,58.00
476.03,58.00
476.05,58.00
476.06,58.00
476.08,58.00
476.09,58.00
476.11,58.00
476.12,58.00
476.14,58.00
476.15,58.00
476.17,58.00
476.18,58.00
476.20,58.00
476.21,58.00
476.22,58.00
476.24,58.00
476.25,58.00
476.27,58.00
476.28,58.00
476.30,58.00
476.31,58.00
476.33,58.00
476.34,58.00
476.36,58.00
476.37,58.00
476.39,58.00
476.40,58.00
476.42,58.00
476.43,58.00
476.45,58.00
476.46,58.00
476.48,58.00
476.49,58.00
476.50,58.00
476.52,58.00
476.53,58.00
476.55,58.00
476.56,58.00
476.58,58.00
476.59,58.00
476.61,58.00
476.62,58.00
476.64,58.01
476.65,58.01
476.67,58.01
476.68,58.01
476.70,58.01
476.71,58.01
476.73,58.01
476.74,58.01
476.75,58.01
476.77,58.01
476.78,58.01
476.80,58.01
476.81,58.01
476.83,58.01
476.84,58.01
476.86,58.01
476.87,58.01
476.89,58.01
476.90,58.01
476.92,58.01
476.93,58.01
476.95,58.01
476.96,58.01
476.98,58.01
476.99,58.01
477.00,58.01
477.02,58.01
477.03,58.01
477.05,58.01
477.06,58.01
477.08,58.01
477.09,58.01
477.11,58.01
477.12,58.01
477.14,58.01
477.15,58.01
477.17,58.01
477.18,58.00
477.20,58.00
477.21,58.01
477.23,58.01
477.24,58.01
477.25,58.01
477.27,58.02
477.28,58.02
477.30,58.02
477.31,58.02
477.33,58.03
477.34,58.03
477.36,58.03
477.37,58.03
477.39,58.04
477.40,58.04
477.42,58.04
477.43,58.04
477.45,58.05
477.46,58.05
477.48,58.05
477.49,58.05
477.50,58.06
477.52,58.06
477.53,58.06
477.55,58.06
477.56,58.07
477.58,58.07
477.59,58.07
477.61,58.07
477.62,58.08
477.64,58.08
477.65,58.08
477.67,58.09
477.68,58.09
477.70,58.09
477.71,58.09
477.73,58.10
477.74,58.10
477.75,58.10
477.77,58.10
477.78,58.11
477.80,58.10
477.81,58.10
477.83,58.10
477.84,58.10
477.86,58.10
477.87,58.10
477.89,58.10
477.90,58.09
477.92,58.09
477.93,58.09
477.95,58.09
477.96,58.09
477.98,58.09
477.99,58.08
478.01,58.08
478.02,58.09
478.03,58.08
478.05,58.08
478.06,58.08
478.08,58.08
478.09,58.07
478.11,58.08
478.12,58.08
478.14,58.07
478.15,58.07
478.17,58.07
478.18,58.07
478.20,58.07
478.21,58.07
478.23,58.06
478.24,58.06
478.26,58.06
478.27,58.06
478.28,58.06
478.30,58.06
478.31,58.06
478.33,58.05
478.34,58.05
478.36,58.05
478.37,58.05
478.39,58.05
478.40,58.05
478.42,58.05
478.43,58.04
478.45,58.04
478.46,58.04
478.48,58.04
478.49,58.04
478.51,58.04
478.52,58.04
478.53,58.03
478.55,58.04
478.56,58.03
478.58,58.03
478.59,58.03
478.61,58.03
478.62,58.03
478.64,58.03
478.65,58.03
478.67,58.02
478.68,58.02
478.70,58.02
478.71,58.02
478.73,58.02
478.74,58.02
478.76,58.02
478.77,58.01
478.78,58.01
478.80,58.01
478.81,58.01
478.83,58.01
478.84,58.01
478.86,58.01
478.87,58.00
478.89,58.00
478.90,58.00
478.92,58.00
478.93,58.00
478.95,58.00
478.96,57.99
478.98,57.99
478.99,58.00
479.01,57.99
479.02,57.99
479.03,57.99
479.05,57.99
479.06,57.98
479.08,57.99
479.09,57.99
479.11,57.98
479.12,57.98
479.14,57.98
479.15,57.98
479.17,57.98
479.18,57.98
479.20,57.97
479.21,57.97
479.23,57.97
479.24,57.97
479.26,57.97
479.27,57.97
479.28,57.97
479.30,57.96
479.31,57.96
479.33,57.96
479.34,57.96
479.36,57.96
479.37,57.96
479.39,57.96
479.40,57.95
479.42,57.95
479.43,57.95
479.45,57.95
479.46,57.95
479.48,57.95
479.49,57.95
479.51,57.94
479.52,57.95
479.54,57.94
479.55,57.94
479.56,57.94
479.58,57.94
479.59,57.94
479.61,57.94
479.62,57.94
479.64,57.93
479.65,57.93
479.67,57.93
479.68,57.93
479.70,57.93
479.71,57.93
479.73,57.93
479.74,57.92
479.76,57.92
479.77,57.92
479.79,57.92
479.80,57.92
479.81,57.92
479.83,57.92
479.84,57.91
479.86,57.91
479.87,57.91
479.89,57.91
479.90,57.91
479.92,57.91
479.93,57.91
479.95,57.90
479.96,57.91
479.98,57.90
479.99,57.90
480.01,57.90
480.02,57.90
480.04,57.90
480.05,57.90
480.06,57.90
480.08,57.89
480.09,57.89
480.11,57.89
480.12,57.89
480.14,57.89
480.15,57.89
480.17,57.89
480.18,57.88
480.20,57.88
480.21,57.88
480.23,57.88
480.24,57.88
480.26,57.88
480.27,57.88
480.29,57.87
480.30,57.87
480.31,57.87
480.33,57.87
480.34,57.87
480.36,57.87
480.37,57.87
480.39,57.86
480.40,57.87
480.42,57.86
480.43,57.86
480.45,57.86
480.46,57.86
480.48,57.85
480.49,57.86
480.51,57.86
480.52,57.85
480.54,57.85
480.55,57.85
480.56,57.85
480.58,57.85
480.59,57.85
480.61,57.85
480.62,57.84
480.64,57.84
480.65,57.84
480.67,57.84
480.68,57.84
480.70,57.84
480.71,57.84
480.73,57.83
480.74,57.83
480.76,57.83
480.77,57.83
480.79,57.83
480.80,57.83
480.81,57.82
480.83,57.82
480.84,57.83
480.86,57.82
480.87,57.82
480.89,57.82
480.90,57.82
480.92,57.81
480.93,57.82
480.95,57.82
480.96,57.81
480.98,57.81
480.99,57.81
481.01,57.81
481.02,57.81
481.04,57.81
481.05,57.81
481.07,57.80
481.08,57.80
481.09,57.80
481.11,57.80
481.12,57.80
481.14,57.80
481.15,57.80
481.17,57.79
481.18,57.79
481.20,57.79
481.21,57.79
481.23,57.79
481.24,57.79
481.26,57.78
481.27,57.78
481.29,57.79
481.30,57.78
481.32,57.78
481.33,57.78
481.34,57.78
481.36,57.77
481.37,57.78
481.39,57.78
481.40,57.77
481.42,57.77
481.43,57.77
481.45,57.77
481.46,57.77
481.48,57.77
481.49,57.77
481.51,57.76
481.52,57.76
481.54,57.76
481.55,57.76
481.57,57.76
481.58,57.76
481.59,57.76
481.61,57.75
481.62,57.75
481.64,57.75
481.65,57.75
481.67,57.75
481.68,57.75
481.70,57.74
481.71,57.74
481.73,57.75
481.74,57.74
481.76,57.74
481.77,57.74
481.79,57.74
481.80,57.73
481.82,57.74
481.83,57.74
481.84,57.73
481.86,57.73
481.87,57.73
481.89,57.73
481.90,57.73
481.92,57.73
481.93,57.73
481.95,57.72
481.96,57.72
481.98,57.72
481.99,57.72
482.01,57.72
482.02,57.72
482.04,57.72
482.05,57.71
482.07,57.71
482.08,57.71
482.09,57.71
482.11,57.71
482.12,57.71
482.14,57.71
482.15,57.70
482.17,57.71
482.18,57.70
482.20,57.70
482.21,57.70
482.23,57.70
482.24,57.70
482.26,57.70
482.27,57.70
482.29,57.69
482.30,57.69
482.32,57.69
482.33,57.69
482.34,57.69
482.36,57.69
482.37,57.69
482.39,57.69
482.40,57.69
482.42,57.69
482.43,57.69
482.45,57.69
482.46,57.69
482.48,57.69
482.49,57.69
482.51,57.69
482.52,57.69
482.54,57.69
482.55,57.69
482.57,57.69
482.58,57.69
482.60,57.69
482.61,57.69
482.62,57.70
482.64,57.70
482.65,57.70
482.67,57.70
482.68,57.70
482.70,57.70
482.71,57.70
482.73,57.70
482.74,57.70
482.76,57.70
482.77,57.70
482.79,57.70
482.80,57.70
482.82,57.70
482.83,57.70
482.85,57.70
482.86,57.70
482.87,57.70
482.89,57.70
482.90,57.70
482.92,57.70
482.93,57.70
482.95,57.70
482.96,57.70
482.98,57.70
482.99,57.70
483.01,57.70
483.02,57.70
483.04,57.70
483.05,57.70
483.07,57.70
483.08,57.70
483.10,57.70
483.11,57.70
483.12,57.70
483.14,57.70
483.15,57.70
483.17,57.70
483.18,57.70
483.20,57.70
483.21,57.70
483.23,57.70
483.24,57.70
483.26,57.70
483.27,57.70
483.29,57.70
483.30,57.70
483.32,57.70
483.33,57.70
483.35,57.70
483.36,57.70
483.37,57.70
483.39,57.70
483.40,57.70
483.42,57.69
483.43,57.70
483.45,57.70
483.46,57.70
483.48,57.71
483.49,57.71
483.51,57.71
483.52,57.71
483.54,57.72
483.55,57.72
483.57,57.72
483.58,57.72
483.60,57.73
483.61,57.73
483.62,57.73
483.64,57.73
483.65,57.74
483.67,57.74
483.68,57.74
483.70,57.75
483.71,57.75
483.73,57.75
483.74,57.75
483.76,57.76
483.77,57.76
483.79,57.76
483.80,57.76
483.82,57.77
483.83,57.77
483.85,57.77
483.86,57.77
483.87,57.78
483.89,57.78
483.90,57.78
483.92,57.78
483.93,57.79
483.95,57.79
483.96,57.79
483.98,57.79
483.99,57.79
484.01,57.79
484.02,57.78
484.04,57.78
484.05,57.78
484.07,57.78
484.08,57.78
484.10,57.78
484.11,57.78
484.13,57.77
484.14,57.78
484.15,57.77
484.17,57.77
484.18,57.77
484.20,57.77
484.21,57.77
484.23,57.77
484.24,57.77
484.26,57.76
484.27,57.76
484.29,57.76
484.30,57.76
484.32,57.76
484.33,57.76
484.35,57.76
484.36,57.75
484.38,57.75
484.39,57.75
484.40,57.75
484.42,57.75
484.43,57.75
484.45,57.75
484.46,57.74
484.48,57.74
484.49,57.74
484.51,57.74
484.52,57.74
484.54,57.74
484.55,57.74
484.57,57.73
484.58,57.74
484.60,57.73
484.61,57.73
484.63,57.73
484.64,57.73
484.65,57.73
484.67,57.73
484.68,57.73
484.70,57.72
484.71,57.72
484.73,57.72
484.74,57.72
484.76,57.72
484.77,57.72
484.79,57.72
484.80,57.71
484.82,57.71
484.83,57.71
484.85,57.71
484.86,57.71
484.88,57.71
484.89,57.71
484.90,57.70
484.92,57.70
484.93,57.71
484.95,57.70
484.96,57.70
484.98,57.70
484.99,57.70
485.01,57.69
485.02,57.70
485.04,57.70
485.05,57.69
485.07,57.69
485.08,57.69
485.10,57.69
485.11,57.69
485.13,57.69
485.14,57.69
485.15,57.68
485.17,57.68
485.18,57.68
485.20,57.68
485.21,57.68
485.23,57.68
485.24,57.67
485.26,57.67
485.27,57.67
485.29,57.67
485.30,57.67
485.32,57.67
485.33,57.67
485.35,57.66
485.36,57.66
485.38,57.67
485.39,57.66
485.40,57.66
485.42,57.66
485.43,57.66
485.45,57.65
485.46,57.66
485.48,57.66
485.49,57.65
485.51,57.65
485.52,57.65
485.54,57.65
485.55,57.65
485.57,57.65
485.58,57.65
485.60,57.64
485.61,57.64
485.63,57.64
485.64,57.64
485.66,57.64
485.67,57.64
485.68,57.64
485.70,57.63
485.71,57.63
485.73,57.63
485.74,57.63
485.76,57.63
485.77,57.63
485.79,57.63
485.80,57.62
485.82,57.63
485.83,57.62
485.85,57.62
485.86,57.62
485.88,57.62
485.89,57.62
485.91,57.62
485.92,57.62
485.93,57.61
485.95,57.61
485.96,57.61
485.98,57.61
485.99,57.61
486.01,57.61
486.02,57.61
486.04,57.60
486.05,57.60
486.07,57.60
486.08,57.60
486.10,57.60
486.11,57.60
486.13,57.60
486.14,57.59
486.16,57.59
486.17,57.59
486.18,57.59
486.20,57.59
486.21,57.59
486.23,57.59
486.24,57.58
486.26,57.59
486.27,57.58
486.29,57.58
486.30,57.58
486.32,57.58
486.33,57.58
486.35,57.58
486.36,57.58
486.38,57.57
486.39,57.57
486.41,57.57
486.42,57.57
486.43,57.57
486.45,57.57
486.46,57.57
486.48,57.56
486.49,57.56
486.51,57.56
486.52,57.56
486.54,57.56
486.55,57.56
486.57,57.56
486.58,57.56
486.60,57.56
486.61,57.56
486.63,57.56
486.64,57.56
486.66,57.56
486.67,57.56
486.68,57.56
486.70,57.56
486.71,57.56
486.73,57.56
486.74,57.56
486.76,57.56
486.77,57.56
486.79,57.56
486.80,57.56
486.82,57.56
486.83,57.56
486.85,57.56
486.86,57.56
486.88,57.56
486.89,57.56
486.91,57.56
486.92,57.56
486.93,57.56
486.95,57.56
486.96,57.56
486.98,57.56
486.99,57.56
487.01,57.56
487.02,57.56
487.04,57.56
487.05,57.56
487.07,57.56
487.08,57.56
487.10,57.56
487.11,57.56
487.13,57.56
487.14,57.56
487.16,57.56
487.17,57.56
487.19,57.56
487.20,57.56
487.21,57.57
487.23,57.57
487.24,57.57
487.26,57.57
487.27,57.57
487.29,57.57
487.30,57.57
487.32,57.57
487.33,57.57
487.35,57.57
487.36,57.57
487.38,57.57
487.39,57.57
487.41,57.57
487.42,57.57
487.44,57.57
487.45,57.57
487.46,57.57
487.48,57.57
487.49,57.57
487.51,57.57
487.52,57.57
487.54,57.57
487.55,57.57
487.57,57.57
487.58,57.57
487.60,57.57
487.61,57.57
487.63,57.57
487.64,57.56
487.66,57.57
487.67,57.57
487.69,57.57
487.70,57.57
487.71,57.58
487.73,57.58
487.74,57.58
487.76,57.58
487.77,57.59
487.79,57.59
487.80,57.59
487.82,57.60
487.83,57.60
487.85,57.60
487.86,57.60
487.88,57.61
487.89,57.61
487.91,57.61
487.92,57.61
487.94,57.62
487.95,57.62
487.96,57.62
487.98,57.63
487.99,57.63
488.01,57.63
488.02,57.63
488.04,57.64
488.05,57.64
488.07,57.64
488.08,57.64
488.10,57.65
488.11,57.65
488.13,57.65
488.14,57.65
488.16,57.66
488.17,57.66
488.19,57.66
488.20,57.66
488.21,57.66
488.23,57.66
488.24,57.65
488.26,57.66
488.27,57.65
488.29,57.65
488.30,57.65
488.32,57.65
488.33,57.65
488.35,57.65
488.36,57.65
488.38,57.64
488.39,57.64
488.41,57.64
488.42,57.64
488.44,57.64
488.45,57.64
488.46,57.64
488.48,57.63
488.49,57.63
488.51,57.63
488.52,57.63
488.54,57.63
488.55,57.63
488.57,57.63
488.58,57.62
488.60,57.62
488.61,57.63
488.63,57.62
488.64,57.62
488.66,57.62
488.67,57.62
488.69,57.61
488.70,57.62
488.72,57.62
488.73,57.61
488.74,57.61
488.76,57.61
488.77,57.61
488.79,57.61
488.80,57.61
488.82,57.61
488.83,57.60
488.85,57.60
488.86,57.60
488.88,57.60
488.89,57.60
488.91,57.60
488.92,57.60
488.94,57.59
488.95,57.59
488.97,57.59
488.98,57.59
488.99,57.59
489.01,57.59
489.02,57.59
489.04,57.58
489.05,57.59
489.07,57.58
489.08,57.58
489.10,57.58
489.11,57.58
489.13,57.58
489.14,57.58
489.16,57.58
489.17,57.57
489.19,57.57
489.20,57.57
489.22,57.57
489.23,57.57
489.24,57.57
489.26,57.57
489.27,57.56
489.29,57.56
489.30,57.56
489.32,57.56
489.33,57.56
489.35,57.56
489.36,57.56
489.38,57.55
489.39,57.55
489.41,57.55
489.42,57.55
489.44,57.55
489.45,57.55
489.47,57.55
489.48,57.54
489.49,57.55
489.51,57.54
489.52,57.54
489.54,57.54
489.55,57.54
489.57,57.54
489.58,57.54
489.60,57.54
489.61,57.53
489.63,57.53
489.64,57.53
489.66,57.53
489.67,57.53
489.69,57.53
489.70,57.53
489.72,57.52
489.73,57.52
489.74,57.52
489.76,57.52
489.77,57.52
489.79,57.52
489.80,57.52
489.82,57.52
489.83,57.51
489.85,57.52
489.86,57.51
489.88,57.51
489.89,57.51
489.91,57.51
489.92,57.51
489.94,57.51
489.95,57.51
489.97,57.50
489.98,57.50
489.99,57.50
490.01,57.50
490.02,57.50
490.04,57.50
490.05,57.50
490.07,57.49
490.08,57.49
490.10,57.49
490.11,57.49
490.13,57.49
490.14,57.49
490.16,57.49
490.17,57.48
490.19,57.48
490.20,57.48
490.22,57.48
490.23,57.48
490.24,57.48
490.26,57.48
490.27,57.47
490.29,57.48
490.30,57.47
490.32,57.47
490.33,57.47
490.35,57.47
490.36,57.47
490.38,57.47
490.39,57.47
490.41,57.47
490.42,57.47
490.44,57.47
490.45,57.47
490.47,57.47
490.48,57.47
490.50,57.47
490.51,57.47
490.52,57.47
490.54,57.47
490.55,57.47
490.57,57.47
490.58,57.47
490.60,57.47
490.61,57.47
490.63,57.47
490.64,57.47
490.66,57.47
490.67,57.48
490.69,57.48
490.70,57.48
490.72,57.48
490.73,57.48
490.75,57.47
490.76,57.47
490.77,57.48
490.79,57.48
490.80,57.48
490.82,57.48
490.83,57.49
490.85,57.49
490.86,57.49
490.88,57.50
490.89,57.50
490.91,57.50
490.92,57.50
490.94,57.51
490.95,57.51
490.97,57.51
490.98,57.51
491.00,57.51
491.01,57.51
491.02,57.51
491.04,57.51
491.05,57.50
491.07,57.51
491.08,57.50
491.10,57.50
491.11,57.50
491.13,57.50
491.14,57.50
491.16,57.50
491.17,57.50
491.19,57.49
491.20,57.49
491.22,57.49
491.23,57.49
491.25,57.49
491.26,57.49
491.27,57.49
491.29,57.48
491.30,57.48
491.32,57.48
491.33,57.48
491.35,57.48
491.36,57.48
491.38,57.48
491.39,57.48
491.41,57.48
491.42,57.48
491.44,57.48
491.45,57.48
491.47,57.48
491.48,57.48
491.50,57.48
491.51,57.48
491.52,57.48
491.54,57.48
491.55,57.48
491.57,57.48
491.58,57.48
491.60,57.48
491.61,57.48
491.63,57.48
491.64,57.48
491.66,57.48
491.67,57.48
491.69,57.48
491.70,57.48
491.72,57.48
491.73,57.49
491.75,57.49
491.76,57.49
491.77,57.50
491.79,57.50
491.80,57.50
491.82,57.50
491.83,57.50
491.85,57.50
491.86,57.50
491.88,57.50
491.89,57.50
491.91,57.50
491.92,57.49
491.94,57.49
491.95,57.49
491.97,57.49
491.98,57.49
492.00,57.49
492.01,57.49
492.03,57.48
492.04,57.49
492.05,57.48
492.07,57.48
492.08,57.48
492.10,57.48
492.11,57.48
492.13,57.48
492.14,57.48
492.16,57.47
492.17,57.47
492.19,57.47
492.20,57.47
492.22,57.47
492.23,57.47
492.25,57.47
492.26,57.46
492.28,57.46
492.29,57.46
492.30,57.46
492.32,57.46
492.33,57.46
492.35,57.46
492.36,57.46
492.38,57.46
492.39,57.46
492.41,57.46
492.42,57.46
492.44,57.47
492.45,57.47
492.47,57.47
492.48,57.47
492.50,57.47
492.51,57.47
492.53,57.47
492.54,57.47
492.55,57.47
492.57,57.47
492.58,57.47
492.60,57.47
492.61,57.47
492.63,57.47
492.64,57.47
492.66,57.47
492.67,57.47
492.69,57.47
492.70,57.47
492.72,57.47
492.73,57.47
492.75,57.47
492.76,57.47
492.78,57.47
492.79,57.47
492.80,57.47
492.82,57.47
492.83,57.47
492.85,57.47
492.86,57.47
492.88,57.47
492.89,57.47
492.91,57.47
492.92,57.47
492.94,57.47
492.95,57.47
492.97,57.47
492.98,57.47
493.00,57.47
493.01,57.47
493.03,57.47
493.04,57.47
493.05,57.47
493.07,57.47
493.08,57.47
493.10,57.47
493.11,57.47
493.13,57.47
493.14,57.47
493.16,57.47
493.17,57.47
493.19,57.48
493.20,57.48
493.22,57.48
493.23,57.48
493.25,57.48
493.26,57.48
493.28,57.48
493.29,57.48
493.30,57.47
493.32,57.47
493.33,57.47
493.35,57.47
493.36,57.47
493.38,57.47
493.39,57.47
493.41,57.47
493.42,57.47
493.44,57.47
493.45,57.47
493.47,57.47
493.48,57.47
493.50,57.48
493.51,57.48
493.53,57.48
493.54,57.48
493.56,57.48
493.57,57.48
493.58,57.48
493.60,57.48
493.61,57.48
493.63,57.48
493.64,57.48
493.66,57.48
493.67,57.47
493.69,57.47
493.70,57.47
493.72,57.47
493.73,57.47
493.75,57.48
493.76,57.48
493.78,57.48
493.79,57.48
493.81,57.49
493.82,57.49
493.83,57.49
493.85,57.50
493.86,57.50
493.88,57.50
493.89,57.50
493.91,57.51
493.92,57.51
493.94,57.51
493.95,57.51
493.97,57.52
493.98,57.52
494.00,57.52
494.01,57.53
494.03,57.53
494.04,57.53
494.06,57.53
494.07,57.54
494.08,57.54
494.10,57.54
494.11,57.54
494.13,57.55
494.14,57.55
494.16,57.55
494.17,57.56
494.19,57.56
494.20,57.56
494.22,57.56
494.23,57.57
494.25,57.57
494.26,57.57
494.28,57.57
494.29,57.58
494.31,57.58
494.32,57.58
494.33,57.58
494.35,57.59
494.36,57.59
494.38,57.59
494.39,57.60
494.41,57.59
494.42,57.60
494.44,57.59
494.45,57.59
494.47,57.59
494.48,57.59
494.50,57.59
494.51,57.59
494.53,57.59
494.54,57.58
494.56,57.58
494.57,57.58
494.58,57.58
494.60,57.58
494.61,57.58
494.63,57.58
494.64,57.57
494.66,57.57
494.67,57.57
494.69,57.57
494.70,57.57
494.72,57.57
494.73,57.57
494.75,57.56
494.76,57.56
494.78,57.56
494.79,57.56
494.81,57.56
494.82,57.56
494.83,57.56
494.85,57.55
494.86,57.56
494.88,57.55
494.89,57.55
494.91,57.55
494.92,57.55
494.94,57.55
494.95,57.55
494.97,57.55
494.98,57.54
495.00,57.54
495.01,57.54
495.03,57.54
495.04,57.54
495.06,57.54
495.07,57.54
495.09,57.54
495.10,57.53
495.11,57.53
495.13,57.53
495.14,57.53
495.16,57.53
495.17,57.53
495.19,57.53
495.20,57.52
495.22,57.53
495.23,57.52
495.25,57.52
495.26,57.52
495.28,57.52
495.29,57.52
495.31,57.52
495.32,57.52
495.34,57.51
495.35,57.51
495.36,57.51
495.38,57.51
495.39,57.51
495.41,57.51
495.42,57.51
495.44,57.50
495.45,57.50
495.47,57.50
495.48,57.50
495.50,57.50
495.51,57.50
495.53,57.50
495.54,57.49
495.56,57.49
495.57,57.49
495.59,57.49
495.60,57.49
495.61,57.49
495.63,57.49
495.64,57.48
495.66,57.49
495.67,57.48
495.69,57.48
495.70,57.48
495.72,57.48
495.73,57.48
495.75,57.48
495.76,57.48
495.78,57.47
495.79,57.47
495.81,57.47
495.82,57.47
495.84,57.47
495.85,57.47
495.86,57.47
495.88,57.47
495.89,57.46
495.91,57.46
495.92,57.46
495.94,57.46
495.95,57.46
495.97,57.46
495.98,57.46
496.00,57.45
496.01,57.46
496.03,57.45
496.04,57.45
496.06,57.45
496.07,57.45
496.09,57.45
496.10,57.45
496.11,57.45
496.13,57.44
496.14,57.44
496.16,57.44
496.17,57.44
496.19,57.44
496.20,57.44
496.22,57.44
496.23,57.43
496.25,57.43
496.26,57.43
496.28,57.43
496.29,57.43
496.31,57.43
496.32,57.43
496.34,57.42
496.35,57.42
496.36,57.43
496.38,57.42
496.39,57.42
496.41,57.42
496.42,57.42
496.44,57.41
496.45,57.42
496.47,57.42
496.48,57.41
496.50,57.41
496.51,57.41
496.53,57.41
496.54,57.41
496.56,57.41
496.57,57.41
496.59,57.40
496.60,57.40
496.62,57.40
496.63,57.40
496.64,57.40
496.66,57.40
496.67,57.40
496.69,57.39
496.70,57.39
496.72,57.39
496.73,57.39
496.75,57.39
496.76,57.39
496.78,57.39
496.79,57.38
496.81,57.39
496.82,57.38
496.84,57.38
496.85,57.38
496.87,57.38
496.88,57.38
496.89,57.38
496.91,57.38
496.92,57.37
496.94,57.37
496.95,57.37
496.97,57.37
496.98,57.37
497.00,57.37
497.01,57.37
497.03,57.36
497.04,57.36
497.06,57.36
497.07,57.36
497.09,57.36
497.10,57.36
497.12,57.36
497.13,57.36
497.14,57.35
497.16,57.36
497.17,57.35
497.19,57.35
497.20,57.35
497.22,57.35
497.23,57.35
497.25,57.35
497.26,57.35
497.28,57.34
497.29,57.34
497.31,57.34
497.32,57.34
497.34,57.34
497.35,57.34
497.37,57.34
497.38,57.33
497.39,57.33
497.41,57.33
497.42,57.33
497.44,57.33
497.45,57.33
497.47,57.33
497.48,57.32
497.50,57.32
497.51,57.33
497.53,57.32
497.54,57.32
497.56,57.32
497.57,57.32
497.59,57.31
497.60,57.32
497.62,57.32
497.63,57.31
497.64,57.31
497.66,57.31
497.67,57.31
497.69,57.31
497.70,57.31
497.72,57.31
497.73,57.31
497.75,57.31
497.76,57.31
497.78,57.31
497.79,57.31
497.81,57.31
497.82,57.31
497.84,57.31
497.85,57.31
497.87,57.31
497.88,57.31
497.89,57.31
497.91,57.31
497.92,57.31
497.94,57.31
497.95,57.31
497.97,57.31
497.98,57.31
498.00,57.31
498.01,57.31
498.03,57.31
498.04,57.31
498.06,57.31
498.07,57.31
498.09,57.31
498.10,57.31
498.12,57.31
498.13,57.31
498.15,57.31
498.16,57.31
498.17,57.31
498.19,57.32
498.20,57.32
498.22,57.32
498.23,57.33
498.25,57.33
498.26,57.33
498.28,57.33
498.29,57.34
498.31,57.34
498.32,57.34
498.34,57.35
498.35,57.35
498.37,57.35
498.38,57.35
498.40,57.35
498.41,57.35
498.42,57.35
498.44,57.35
498.45,57.35
498.47,57.35
498.48,57.35
498.50,57.36
498.51,57.36
498.53,57.36
498.54,57.36
498.56,57.36
498.57,57.36
498.59,57.36
498.60,57.36
498.62,57.36
498.63,57.36
498.65,57.36
498.66,57.36
498.67,57.36
498.69,57.36
498.70,57.36
498.72,57.36
498.73,57.36
498.75,57.36
498.76,57.37
498.78,57.37
498.79,57.37
498.81,57.37
498.82,57.38
498.84,57.38
498.85,57.38
498.87,57.39
498.88,57.39
498.90,57.39
498.91,57.39
498.92,57.39
498.94,57.39
498.95,57.39
498.97,57.39
498.98,57.38
499.00,57.38
499.01,57.38
499.03,57.38
499.04,57.38
499.06,57.38
499.07,57.38
499.09,57.37
499.10,57.37
499.12,57.37
499.13,57.37
499.15,57.37
499.16,57.37
499.17,57.37
499.19,57.36
499.20,57.37
499.22,57.36
499.23,57.36
499.25,57.36
499.26,57.36
499.28,57.36
499.29,57.36
499.31,57.36
499.32,57.36
499.34,57.35
499.35,57.35
499.37,57.35
499.38,57.35
499.40,57.35
499.41,57.35
499.42,57.35
499.44,57.34
499.45,57.34
499.47,57.34
499.48,57.34
499.50,57.34
499.51,57.34
499.53,57.34
499.54,57.33
499.56,57.34
499.57,57.33
499.59,57.33
499.60,57.33
499.62,57.33
499.63,57.33
499.65,57.33
499.66,57.33
499.68,57.32
499.69,57.32
499.70,57.32
499.72,57.32
499.73,57.32
499.75,57.32
499.76,57.32
499.78,57.32
499.79,57.32
499.81,57.32
499.82,57.32
499.84,57.32
499.85,57.32
499.87,57.32
499.88,57.32
499.90,57.32
499.91,57.32
499.93,57.32
499.94,57.32
499.95,57.32
499.97,57.32
499.98,57.32
500.00,57.32
500.01,57.32
500.03,57.32
500.04,57.32
500.06,57.32
500.07,57.32
500.09,57.32
500.10,57.32
500.12,57.32
500.13,57.32
500.15,57.32
500.16,57.32
500.18,57.32
500.19,57.32
500.20,57.32
500.22,57.32
500.23,57.32
500.25,57.32
500.26,57.32
500.28,57.32
500.29,57.32
500.31,57.32
500.32,57.33
500.34,57.33
500.35,57.33
500.37,57.32
500.38,57.32
500.40,57.32
500.41,57.32
500.43,57.32
500.44,57.33
500.45,57.33
500.47,57.33
500.48,57.33
500.50,57.34
500.51,57.34
500.53,57.34
500.54,57.34
500.56,57.35
500.57,57.35
500.59,57.35
500.60,57.36
500.62,57.36
500.63,57.36
500.65,57.36
500.66,57.37
500.68,57.37
500.69,57.37
500.70,57.37
500.72,57.37
500.73,57.38
500.75,57.37
500.76,57.37
500.78,57.37
500.79,57.37
500.81,57.36
500.82,57.37
500.84,57.37
500.85,57.36
500.87,57.36
500.88,57.36
500.90,57.36
500.91,57.36
500.93,57.36
500.94,57.36
500.95,57.35
500.97,57.35
500.98,57.35
501.00,57.35
501.01,57.35
501.03,57.35
501.04,57.35
501.06,57.34
501.07,57.34
501.09,57.34
501.10,57.34
501.12,57.34
501.13,57.34
501.15,57.34
501.16,57.33
501.18,57.34
501.19,57.34
501.21,57.33
501.22,57.33
501.23,57.33
501.25,57.33
501.26,57.33
501.28,57.33
501.29,57.33
501.31,57.32
501.32,57.32
501.34,57.32
501.35,57.32
501.37,57.32
501.38,57.32
501.40,57.32
501.41,57.31
501.43,57.31
501.44,57.31
501.46,57.31
501.47,57.31
501.48,57.31
501.50,57.31
501.51,57.30
501.53,57.31
501.54,57.30
501.56,57.30
501.57,57.30
501.59,57.30
501.60,57.30
501.62,57.30
501.63,57.30
501.65,57.29
501.66,57.29
501.68,57.29
501.69,57.29
501.71,57.29
501.72,57.29
501.73,57.29
501.75,57.29
501.76,57.28
501.78,57.28
501.79,57.28
501.81,57.28
501.82,57.28
501.84,57.28
501.85,57.28
501.87,57.27
501.88,57.28
501.90,57.27
501.91,57.27
501.93,57.27
501.94,57.27
501.96,57.27
501.97,57.27
501.98,57.27
502.00,57.26
502.01,57.26
502.03,57.26
502.04,57.26
502.06,57.26
502.07,57.26
502.09,57.26
502.10,57.25
502.12,57.25
502.13,57.25
502.15,57.25
502.16,57.25
502.18,57.25
502.19,57.25
502.21,57.25
502.22,57.24
502.23,57.25
502.25,57.24
502.26,57.24
502.28,57.24
502.29,57.24
502.31,57.24
502.32,57.24
502.34,57.24
502.35,57.23
502.37,57.23
502.38,57.23
502.40,57.23
502.41,57.23
502.43,57.23
502.44,57.23
502.46,57.22
502.47,57.22
502.48,57.22
502.50,57.22
502.51,57.22
502.53,57.22
502.54,57.22
502.56,57.21
502.57,57.21
502.59,57.22
502.60,57.21
502.62,57.21
502.63,57.21
502.65,57.21
502.66,57.21
502.68,57.21
502.69,57.21
502.71,57.21
502.72,57.21
502.74,57.21
502.75,57.21
502.76,57.21
502.78,57.21
502.79,57.21
502.81,57.21
502.82,57.21
502.84,57.21
502.85,57.21
502.87,57.21
502.88,57.21
502.90,57.21
502.91,57.21
502.93,57.21
502.94,57.21
502.96,57.22
502.97,57.22
502.99,57.22
503.00,57.22
503.01,57.22
503.03,57.22
503.04,57.22
503.06,57.21
503.07,57.21
503.09,57.21
503.10,57.21
503.12,57.21
503.13,57.21
503.15,57.21
503.16,57.21
503.18,57.21
503.19,57.21
503.21,57.21
503.22,57.21
503.24,57.21
503.25,57.21
503.26,57.21
503.28,57.21
503.29,57.21
503.31,57.21
503.32,57.22
503.34,57.22
503.35,57.22
503.37,57.23
503.38,57.23
503.40,57.23
503.41,57.23
503.43,57.24
503.44,57.24
503.46,57.24
503.47,57.24
503.49,57.25
503.50,57.25
503.51,57.25
503.53,57.26
503.54,57.26
503.56,57.26
503.57,57.26
503.59,57.27
503.60,57.27
503.62,57.27
503.63,57.27
503.65,57.28
503.66,57.28
503.68,57.28
503.69,57.29
503.71,57.29
503.72,57.29
503.74,57.29
503.75,57.30
503.76,57.30
503.78,57.30
503.79,57.31
503.81,57.31
503.82,57.31
503.84,57.31
503.85,57.31
503.87,57.31
503.88,57.31
503.90,57.31
503.91,57.31
503.93,57.31
503.94,57.31
503.96,57.31
503.97,57.31
503.99,57.31
504.00,57.31
504.01,57.31
504.03,57.31
504.04,57.31
504.06,57.31
504.07,57.31
504.09,57.31
504.10,57.32
504.12,57.31
504.13,57.31
504.15,57.31
504.16,57.31
504.18,57.31
504.19,57.32
504.21,57.32
504.22,57.32
504.24,57.33
504.25,57.33
504.27,57.33
504.28,57.33
504.29,57.34
504.31,57.34
504.32,57.34
504.34,57.34
504.35,57.35
504.37,57.35
504.38,57.35
504.40,57.36
504.41,57.36
504.43,57.36
504.44,57.36
504.46,57.37
504.47,57.37
504.49,57.37
504.50,57.38
504.52,57.38
504.53,57.38
504.54,57.38
504.56,57.39
504.57,57.39
504.59,57.39
504.60,57.39
504.62,57.40
504.63,57.40
504.65,57.40
504.66,57.41
504.68,57.41
504.69,57.41
504.71,57.41
504.72,57.42
504.74,57.42
504.75,57.42
504.77,57.42
504.78,57.43
504.79,57.43
504.81,57.43
504.82,57.44
504.84,57.44
504.85,57.44
504.87,57.44
504.88,57.45
504.90,57.45
504.91,57.45
504.93,57.45
504.94,57.46
504.96,57.46
504.97,57.46
504.99,57.47
505.00,57.47
505.02,57.47
505.03,57.47
505.04,57.48
505.06,57.48
505.07,57.48
505.09,57.48
505.10,57.49
505.12,57.49
505.13,57.49
505.15,57.50
505.16,57.50
505.18,57.50
505.19,57.50
505.21,57.51
505.22,57.51
505.24,57.51
505.25,57.51
505.27,57.52
505.28,57.52
505.29,57.52
505.31,57.53
505.32,57.53
505.34,57.53
505.35,57.53
505.37,57.54
505.38,57.54
505.40,57.54
505.41,57.54
505.43,57.55
505.44,57.55
505.46,57.55
505.47,57.56
505.49,57.56
505.50,57.56
505.52,57.56
505.53,57.57
505.54,57.57
505.56,57.57
505.57,57.57
505.59,57.58
505.60,57.58
505.62,57.58
505.63,57.59
505.65,57.59
505.66,57.59
505.68,57.59
505.69,57.60
505.71,57.60
505.72,57.60
505.74,57.60
505.75,57.61
505.77,57.61
505.78,57.61
505.80,57.61
505.81,57.62
505.82,57.62
505.84,57.62
505.85,57.63
505.87,57.63
505.88,57.63
505.90,57.63
505.91,57.64
505.93,57.64
505.94,57.64
505.96,57.64
505.97,57.65
505.99,57.65
506.00,57.65
506.02,57.66
506.03,57.66
506.05,57.66
506.06,57.66
506.07,57.67
506.09,57.67
506.10,57.67
506.12,57.67
506.13,57.67
506.15,57.67
506.16,57.67
506.18,57.67
506.19,57.67
506.21,57.67
506.22,57.67
506.24,57.67
506.25,57.67
506.27,57.67
506.28,57.67
506.30,57.67
506.31,57.67
506.32,57.67
506.34,57.67
506.35,57.67
506.37,57.67
506.38,57.67
506.40,57.67
506.41,57.67
506.43,57.67
506.44,57.67
506.46,57.67
506.47,57.67
506.49,57.67
506.50,57.67
506.52,57.67
506.53,57.67
506.55,57.67
506.56,57.67
506.57,57.67
506.59,57.67
506.60,57.67
506.62,57.67
506.63,57.67
506.65,57.67
506.66,57.67
506.68,57.67
506.69,57.67
506.71,57.67
506.72,57.67
506.74,57.67
506.75,57.67
506.77,57.67
506.78,57.67
506.80,57.67
506.81,57.67
506.82,57.67
506.84,57.68
506.85,57.68
506.87,57.68
506.88,57.68
506.90,57.69
506.91,57.69
506.93,57.69
506.94,57.70
506.96,57.70
506.97,57.70
506.99,57.70
507.00,57.71
507.02,57.71
507.03,57.71
507.05,57.71
507.06,57.72
507.07,57.72
507.09,57.72
507.10,57.72
507.12,57.73
507.13,57.73
507.15,57.73
507.16,57.74
507.18,57.74
507.19,57.74
507.21,57.74
507.22,57.74
507.24,57.74
507.25,57.74
507.27,57.74
507.28,57.74
507.30,57.74
507.31,57.74
507.33,57.74
507.34,57.74
507.35,57.74
507.37,57.74
507.38,57.74
507.40,57.74
507.41,57.74
507.43,57.74
507.44,57.74
507.46,57.74
507.47,57.74
507.49,57.74
507.50,57.74
507.52,57.74
507.53,57.74
507.55,57.74
507.56,57.74
507.58,57.74
507.59,57.75
507.60,57.75
507.62,57.75
507.63,57.75
507.65,57.76
507.66,57.76
507.68,57.76
507.69,57.76
507.71,57.77
507.72,57.77
507.74,57.77
507.75,57.78
507.77,57.78
507.78,57.78
507.80,57.78
507.81,57.79
507.83,57.79
507.84,57.79
507.85,57.79
507.87,57.80
507.88,57.80
507.90,57.80
507.91,57.81
507.93,57.81
507.94,57.81
507.96,57.81
507.97,57.82
507.99,57.82
508.00,57.82
508.02,57.82
508.03,57.83
508.05,57.83
508.06,57.83
508.08,57.83
508.09,57.84
508.10,57.84
508.12,57.84
508.13,57.85
508.15,57.85
508.16,57.85
508.18,57.85
508.19,57.86
508.21,57.86
508.22,57.86
508.24,57.86
508.25,57.87
508.27,57.87
508.28,57.87
508.30,57.87
508.31,57.88
508.33,57.88
508.34,57.88
508.35,57.89
508.37,57.89
508.38,57.89
508.40,57.89
508.41,57.90
508.43,57.90
508.44,57.90
508.46,57.90
508.47,57.91
508.49,57.91
508.50,57.91
508.52,57.91
508.53,57.92
508.55,57.92
508.56,57.92
508.58,57.92
508.59,57.93
508.60,57.93
508.62,57.93
508.63,57.94
508.65,57.94
508.66,57.94
508.68,57.94
508.69,57.95
508.71,57.95
508.72,57.95
508.74,57.95
508.75,57.96
508.77,57.96
508.78,57.96
508.80,57.96
508.81,57.97
508.83,57.97
508.84,57.97
508.86,57.98
508.87,57.98
508.88,57.98
508.90,57.98
508.91,57.99
508.93,57.99
508.94,57.99
508.96,57.99
508.97,58.00
508.99,58.00
509.00,58.00
509.02,58.00
509.03,58.01
509.05,58.01
509.06,58.01
509.08,58.01
509.09,58.02
509.11,58.02
509.12,58.02
509.13,58.03
509.15,58.03
509.16,58.03
509.18,58.03
509.19,58.04
509.21,58.04
509.22,58.04
509.24,58.04
509.25,58.05
509.27,58.05
509.28,58.05
509.30,58.05
509.31,58.06
509.33,58.06
509.34,58.06
509.36,58.07
509.37,58.07
509.38,58.07
509.40,58.07
509.41,58.08
509.43,58.08
509.44,58.08
509.46,58.08
509.47,58.09
509.49,58.09
509.50,58.09
509.52,58.09
509.53,58.10
509.55,58.10
509.56,58.10
509.58,58.10
509.59,58.11
509.61,58.11
509.62,58.11
509.63,58.12
509.65,58.12
509.66,58.12
509.68,58.12
509.69,58.13
509.71,58.13
509.72,58.13
509.74,58.13
509.75,58.14
509.77,58.14
509.78,58.14
509.80,58.14
509.81,58.15
509.83,58.15
509.84,58.15
509.86,58.15
509.87,58.16
509.88,58.16
509.90,58.16
509.91,58.16
509.93,58.17
509.94,58.17
509.96,58.17
509.97,58.18
509.99,58.18
510.00,58.18
510.02,58.18
510.03,58.19
510.05,58.19
510.06,58.19
510.08,58.19
510.09,58.20
510.11,58.20
510.12,58.20
510.13,58.20
510.15,58.21
510.16,58.21
510.18,58.21
510.19,58.21
510.21,58.22
510.22,58.22
510.24,58.22
510.25,58.22
510.27,58.23
510.28,58.23
510.30,58.23
510.31,58.24
510.33,58.24
510.34,58.24
510.36,58.24
510.37,58.25
510.38,58.25
510.40,58.25
510.41,58.25
510.43,58.26
510.44,58.26
510.46,58.26
510.47,58.26
510.49,58.27
510.50,58.27
510.52,58.27
510.53,58.27
510.55,58.27
510.56,58.27
510.58,58.27
510.59,58.27
510.61,58.27
510.62,58.28
510.64,58.28
510.65,58.28
510.66,58.28
510.68,58.28
510.69,58.28
510.71,58.28
510.72,58.28
510.74,58.28
510.75,58.28
510.77,58.28
510.78,58.28
510.80,58.28
510.81,58.28
510.83,58.28
510.84,58.28
510.86,58.28
510.87,58.28
510.89,58.28
510.90,58.28
510.91,58.28
510.93,58.28
510.94,58.28
510.96,58.28
510.97,58.28
510.99,58.28
511.00,58.28
511.02,58.28
511.03,58.28
511.05,58.28
511.06,58.28
511.08,58.28
511.09,58.28
511.11,58.28
511.12,58.28
511.14,58.28
511.15,58.28
511.16,58.28
511.18,58.28
511.19,58.28
511.21,58.28
511.22,58.28
511.24,58.28
511.25,58.28
511.27,58.28
511.28,58.28
511.30,58.28
511.31,58.28
511.33,58.28
511.34,58.28
511.36,58.27
511.37,58.28
511.39,58.28
511.40,58.28
511.41,58.28
511.43,58.29
511.44,58.29
511.46,58.29
511.47,58.29
511.49,58.30
511.50,58.30
511.52,58.30
511.53,58.30
511.55,58.31
511.56,58.31
511.58,58.31
511.59,58.31
511.61,58.32
511.62,58.32
511.64,58.32
511.65,58.33
511.66,58.33
511.68,58.33
511.69,58.33
511.71,58.34
511.72,58.34
511.74,58.34
511.75,58.34
511.77,58.35
511.78,58.35
511.80,58.35
511.81,58.35
511.83,58.36
511.84,58.36
511.86,58.36
511.87,58.36
511.89,58.37
511.90,58.37
511.91,58.37
511.93,58.37
511.94,58.38
511.96,58.38
511.97,58.38
511.99,58.38
512.00,58.39
512.02,58.39
512.03,58.39
512.05,58.40
512.06,58.40
512.08,58.40
512.09,58.40
512.11,58.41
512.12,58.41
512.14,58.41
512.15,58.41
512.17,58.42
512.18,58.42
512.19,58.42
512.21,58.42
512.22,58.43
512.24,58.43
512.25,58.43
512.27,58.43
512.28,58.44
512.30,58.44
512.31,58.44
512.33,58.44
512.34,58.45
512.36,58.45
512.37,58.45
512.39,58.45
512.40,58.46
512.42,58.46
512.43,58.46
512.44,58.46
512.46,58.47
512.47,58.47
512.49,58.47
512.50,58.47
512.52,58.47
512.53,58.48
512.55,58.48
512.56,58.48
512.58,58.48
512.59,58.48
512.61,58.48
512.62,58.48
512.64,58.48
512.65,58.48
512.67,58.48
512.68,58.48
512.69,58.48
512.71,58.48
512.72,58.48
512.74,58.48
512.75,58.48
512.77,58.48
512.78,58.48
512.80,58.48
512.81,58.48
512.83,58.48
512.84,58.48
512.86,58.48
512.87,58.48
512.89,58.48
512.90,58.48
512.92,58.48
512.93,58.48
512.94,58.48
512.96,58.48
512.97,58.48
512.99,58.48
513.00,58.48
513.02,58.48
513.03,58.48
513.05,58.48
513.06,58.48
513.08,58.48
513.09,58.48
513.11,58.48
513.12,58.48
513.14,58.48
513.15,58.48
513.17,58.48
513.18,58.48
513.19,58.48
513.21,58.48
513.22,58.48
513.24,58.47
513.25,58.48
513.27,58.48
513.28,58.48
513.30,58.48
513.31,58.49
513.33,58.49
513.34,58.49
513.36,58.49
513.37,58.50
513.39,58.50
513.40,58.50
513.42,58.50
513.43,58.51
513.44,58.51
513.46,58.51
513.47,58.51
513.49,58.52
513.50,58.52
513.52,58.52
513.53,58.52
513.55,58.52
513.56,58.52
513.58,58.52
513.59,58.52
513.61,58.52
513.62,58.52
513.64,58.52
513.65,58.52
513.67,58.52
513.68,58.52
513.70,58.52
513.71,58.52
513.72,58.52
513.74,58.52
513.75,58.52
513.77,58.52
513.78,58.52
513.80,58.52
513.81,58.52
513.83,58.52
513.84,58.52
513.86,58.52
513.87,58.52
513.89,58.52
513.90,58.52
513.92,58.52
513.93,58.52
513.95,58.52
513.96,58.52
513.97,58.52
513.99,58.52
514.00,58.52
514.02,58.52
514.03,58.52
514.05,58.52
514.06,58.51
514.08,58.51
514.09,58.51
514.11,58.52
514.12,58.52
514.14,58.52
514.15,58.52
514.17,58.53
514.18,58.53
514.20,58.53
514.21,58.54
514.22,58.54
514.24,58.54
514.25,58.54
514.27,58.55
514.28,58.55
514.30,58.55
514.31,58.55
514.33,58.56
514.34,58.56
514.36,58.56
514.37,58.56
514.39,58.57
514.40,58.57
514.42,58.57
514.43,58.57
514.45,58.58
514.46,58.58
514.47,58.58
514.49,58.58
514.50,58.59
514.52,58.59
514.53,58.59
514.55,58.59
514.56,58.60
514.58,58.60
514.59,58.60
514.61,58.60
514.62,58.61
514.64,58.61
514.65,58.61
514.67,58.61
514.68,58.62
514.70,58.62
514.71,58.62
514.72,58.62
514.74,58.63
514.75,58.63
514.77,58.63
514.78,58.63
514.80,58.64
514.81,58.64
514.83,58.64
514.84,58.64
514.86,58.65
514.87,58.65
514.89,58.65
514.90,58.65
514.92,58.66
514.93,58.66
514.95,58.66
514.96,58.66
514.97,58.67
514.99,58.67
515.00,58.67
515.02,58.67
515.03,58.68
515.05,58.68
515.06,58.68
515.08,58.69
515.09,58.69
515.11,58.69
515.12,58.69
515.14,58.70
515.15,58.70
515.17,58.70
515.18,58.70
515.20,58.71
515.21,58.71
515.23,58.71
515.24,58.71
515.25,58.72
515.27,58.72
515.28,58.72
515.30,58.72
515.31,58.73
515.33,58.73
515.34,58.73
515.36,58.73
515.37,58.74
515.39,58.74
515.40,58.74
515.42,58.74
515.43,58.75
515.45,58.75
515.46,58.75
515.48,58.75
515.49,58.75
515.50,58.75
515.52,58.75
515.53,58.75
515.55,58.75
515.56,58.75
515.58,58.75
515.59,58.75
515.61,58.75
515.62,58.75
515.64,58.75
515.65,58.75
515.67,58.75
515.68,58.75
515.70,58.75
515.71,58.75
515.73,58.75
515.74,58.75
515.75,58.75
515.77,58.75
515.78,58.75
515.80,58.75
515.81,58.75
515.83,58.75
515.84,58.75
515.86,58.75
515.87,58.75
515.89,58.75
515.90,58.75
515.92,58.75
515.93,58.75
515.95,58.75
515.96,58.75
515.98,58.75
515.99,58.75
516.00,58.75
516.02,58.75
516.03,58.74
516.05,58.75
516.06,58.75
516.08,58.75
516.09,58.75
516.11,58.76
516.12,58.76
516.14,58.76
516.15,58.76
516.17,58.77
516.18,58.77
516.20,58.77
516.21,58.77
516.23,58.78
516.24,58.78
516.25,58.78
516.27,58.78
516.28,58.79
516.30,58.79
516.31,58.79
516.33,58.79
516.34,58.80
516.36,58.80
516.37,58.80
516.39,58.80
516.40,58.81
516.42,58.81
516.43,58.81
516.45,58.81
516.46,58.82
516.48,58.82
516.49,58.82
516.50,58.82
516.52,58.83
516.53,58.83
516.55,58.83
516.56,58.83
516.58,58.84
516.59,58.84
516.61,58.84
516.62,58.84
516.64,58.85
516.65,58.85
516.67,58.85
516.68,58.85
516.70,58.86
516.71,58.86
516.73,58.86
516.74,58.86
516.76,58.87
516.77,58.87
516.78,58.87
516.80,58.87
516.81,58.88
516.83,58.88
516.84,58.88
516.86,58.88
516.87,58.89
516.89,58.89
516.90,58.89
516.92,58.89
516.93,58.90
516.95,58.90
516.96,58.90
516.98,58.90
516.99,58.91
517.01,58.91
517.02,58.91
517.03,58.91
517.05,58.92
517.06,58.92
517.08,58.92
517.09,58.92
517.11,58.93
517.12,58.93
517.14,58.93
517.15,58.93
517.17,58.94
517.18,58.94
517.20,58.94
517.21,58.94
517.23,58.95
517.24,58.95
517.26,58.95
517.27,58.95
517.28,58.96
517.30,58.96
517.31,58.96
517.33,58.96
517.34,58.97
517.36,58.97
517.37,58.97
517.39,58.97
517.40,58.98
517.42,58.98
517.43,58.98
517.45,58.98
517.46,58.98
517.48,58.98
517.49,58.98
517.51,58.98
517.52,58.98
517.53,58.98
517.55,58.98
517.56,58.98
517.58,58.98
517.59,58.98
517.61,58.98
517.62,58.98
517.64,58.98
517.65,58.98
517.67,58.98
517.68,58.98
517.70,58.98
517.71,58.98
517.73,58.98
517.74,58.98
517.76,58.98
517.77,58.98
517.78,58.98
517.80,58.98
517.81,58.98
517.83,58.98
517.84,58.98
517.86,58.98
517.87,58.98
517.89,58.98
517.90,58.98
517.92,58.98
517.93,58.98
517.95,58.98
517.96,58.98
517.98,58.98
517.99,58.98
518.01,58.98
518.02,58.98
518.03,58.98
518.05,58.98
518.06,58.98
518.08,58.98
518.09,58.98
518.11,58.98
518.12,58.98
518.14,58.98
518.15,58.98
518.17,58.98
518.18,58.98
518.20,58.98
518.21,58.99
518.23,58.99
518.24,58.99
518.26,58.99
518.27,59.00
518.29,59.00
518.30,59.00
518.31,59.00
518.33,59.00
518.34,59.01
518.36,59.01
518.37,59.01
518.39,59.01
518.40,59.02
518.42,59.02
518.43,59.02
518.45,59.02
518.46,59.03
518.48,59.03
518.49,59.03
518.51,59.03
518.52,59.04
518.54,59.04
518.55,59.04
518.56,59.04
518.58,59.05
518.59,59.05
518.61,59.05
518.62,59.05
518.64,59.06
518.65,59.06
518.67,59.06
518.68,59.06
518.70,59.07
518.71,59.07
518.73,59.07
518.74,59.07
518.76,59.08
518.77,59.08
518.79,59.08
518.80,59.08
518.81,59.09
518.83,59.09
518.84,59.09
518.86,59.09
518.87,59.10
518.89,59.10
518.90,59.10
518.92,59.10
518.93,59.11
518.95,59.11
518.96,59.11
518.98,59.11
518.99,59.12
519.01,59.12
519.02,59.12
519.04,59.12
519.05,59.13
519.06,59.13
519.08,59.13
519.09,59.13
519.11,59.14
519.12,59.14
519.14,59.14
519.15,59.14
519.17,59.15
519.18,59.15
519.20,59.15
519.21,59.15
519.23,59.16
519.24,59.16
519.26,59.16
519.27,59.16
519.29,59.17
519.30,59.17
519.31,59.17
519.33,59.17
519.34,59.17
519.36,59.18
519.37,59.18
519.39,59.18
519.40,59.18
519.42,59.19
519.43,59.19
519.45,59.19
519.46,59.19
519.48,59.20
519.49,59.20
519.51,59.20
519.52,59.20
519.54,59.21
519.55,59.21
519.56,59.21
519.58,59.21
519.59,59.22
519.61,59.22
519.62,59.22
519.64,59.22
519.65,59.23
519.67,59.23
519.68,59.23
519.70,59.23
519.71,59.24
519.73,59.24
519.74,59.24
519.76,59.24
519.77,59.25
519.79,59.25
519.80,59.25
519.82,59.25
519.83,59.26
519.84,59.26
519.86,59.26
519.87,59.26
519.89,59.27
519.90,59.27
519.92,59.27
519.93,59.27
519.95,59.27
519.96,59.28
519.98,59.28
519.99,59.28
520.01,59.28
520.02,59.29
520.04,59.29
520.05,59.29
520.07,59.29
520.08,59.30
520.09,59.30
520.11,59.30
520.12,59.30
520.14,59.31
520.15,59.31
520.17,59.31
520.18,59.31
520.20,59.32
520.21,59.32
520.23,59.32
520.24,59.32
520.26,59.33
520.27,59.33
520.29,59.33
520.30,59.33
520.32,59.34
520.33,59.34
520.34,59.34
520.36,59.34
520.37,59.35
520.39,59.35
520.40,59.35
520.42,59.35
520.43,59.36
520.45,59.36
520.46,59.36
520.48,59.36
520.49,59.36
520.51,59.37
520.52,59.37
520.54,59.37
520.55,59.37
520.57,59.38
520.58,59.38
520.59,59.38
520.61,59.38
520.62,59.39
520.64,59.39
520.65,59.39
520.67,59.39
520.68,59.40
520.70,59.40
520.71,59.40
520.73,59.40
520.74,59.41
520.76,59.41
520.77,59.41
520.79,59.41
520.80,59.42
520.82,59.42
520.83,59.42
520.84,59.42
520.86,59.43
520.87,59.43
520.89,59.43
520.90,59.43
520.92,59.43
520.93,59.44
520.95,59.44
520.96,59.44
520.98,59.44
520.99,59.45
521.01,59.45
521.02,59.45
521.04,59.45
521.05,59.46
521.07,59.46
521.08,59.46
521.09,59.46
521.11,59.47
521.12,59.47
521.14,59.47
521.15,59.47
521.17,59.48
521.18,59.48
521.20,59.48
521.21,59.48
521.23,59.49
521.24,59.49
521.26,59.49
521.27,59.49
521.29,59.50
521.30,59.50
521.32,59.50
521.33,59.50
521.35,59.50
521.36,59.51
521.37,59.51
521.39,59.51
521.40,59.51
521.42,59.52
521.43,59.52
521.45,59.52
521.46,59.52
521.48,59.53
521.49,59.53
521.51,59.53
521.52,59.53
521.54,59.53
521.55,59.53
521.57,59.53
521.58,59.53
521.60,59.53
521.61,59.53
521.62,59.53
521.64,59.53
521.65,59.53
521.67,59.53
521.68,59.53
521.70,59.53
521.71,59.53
521.73,59.53
521.74,59.53
521.76,59.53
521.77,59.53
521.79,59.53
521.80,59.53
521.82,59.53
521.83,59.53
521.85,59.53
521.86,59.53
521.87,59.53
521.89,59.53
521.90,59.53
521.92,59.53
521.93,59.53
521.95,59.53
521.96,59.53
521.98,59.53
521.99,59.53
522.01,59.53
522.02,59.53
522.04,59.53
522.05,59.53
522.07,59.53
522.08,59.53
522.10,59.53
522.11,59.53
522.12,59.53
522.14,59.53
522.15,59.53
522.17,59.53
522.18,59.53
522.20,59.53
522.21,59.53
522.23,59.53
522.24,59.53
522.26,59.53
522.27,59.53
522.29,59.53
522.30,59.53
522.32,59.53
522.33,59.53
522.35,59.53
522.36,59.53
522.37,59.53
522.39,59.53
522.40,59.53
522.42,59.53
522.43,59.53
522.45,59.53
522.46,59.53
522.48,59.53
522.49,59.53
522.51,59.53
522.52,59.53
522.54,59.53
522.55,59.53
522.57,59.53
522.58,59.53
522.60,59.53
522.61,59.53
522.62,59.53
522.64,59.53
522.65,59.53
522.67,59.53
522.68,59.53
522.70,59.53
522.71,59.52
522.73,59.52
522.74,59.52
522.76,59.52
522.77,59.52
522.79,59.53
522.80,59.53
522.82,59.53
522.83,59.53
522.85,59.54
522.86,59.54
522.88,59.54
522.89,59.54
522.90,59.55
522.92,59.55
522.93,59.55
522.95,59.55
522.96,59.56
522.98,59.56
522.99,59.56
523.01,59.56
523.02,59.57
523.04,59.57
523.05,59.57
523.07,59.57
523.08,59.57
523.10,59.58
523.11,59.58
523.13,59.58
523.14,59.58
523.15,59.59
523.17,59.59
523.18,59.59
523.20,59.59
523.21,59.60
523.23,59.60
523.24,59.60
523.26,59.60
523.27,59.61
523.29,59.61
523.30,59.61
523.32,59.61
523.33,59.62
523.35,59.62
523.36,59.62
523.38,59.62
523.39,59.62
523.40,59.63
523.42,59.63
523.43,59.63
523.45,59.63
523.46,59.64
523.48,59.64
523.49,59.64
523.51,59.64
523.52,59.65
523.54,59.65
523.55,59.65
523.57,59.65
523.58,59.66
523.60,59.66
523.61,59.66
523.63,59.66
523.64,59.66
523.65,59.67
523.67,59.67
523.68,59.67
523.70,59.67
523.71,59.68
523.73,59.68
523.74,59.68
523.76,59.68
523.77,59.69
523.79,59.69
523.80,59.69
523.82,59.69
523.83,59.70
523.85,59.70
523.86,59.70
523.88,59.70
523.89,59.71
523.90,59.71
523.92,59.71
523.93,59.71
523.95,59.71
523.96,59.72
523.98,59.72
523.99,59.72
524.01,59.72
524.02,59.73
524.04,59.73
524.05,59.73
524.07,59.73
524.08,59.74
524.10,59.74
524.11,59.74
524.13,59.74
524.14,59.75
524.15,59.75
524.17,59.75
524.18,59.75
524.20,59.75
524.21,59.76
524.23,59.76
524.24,59.76
524.26,59.76
524.27,59.77
524.29,59.77
524.30,59.77
524.32,59.77
524.33,59.78
524.35,59.78
524.36,59.78
524.38,59.78
524.39,59.79
524.41,59.79
524.42,59.79
524.43,59.79
524.45,59.79
524.46,59.80
524.48,59.80
524.49,59.80
524.51,59.80
524.52,59.81
524.54,59.81
524.55,59.81
524.57,59.81
524.58,59.82
524.60,59.82
524.61,59.82
524.63,59.82
524.64,59.83
524.66,59.83
524.67,59.83
524.68,59.83
524.70,59.83
524.71,59.84
524.73,59.84
524.74,59.84
524.76,59.84
524.77,59.85
524.79,59.85
524.80,59.85
524.82,59.85
524.83,59.86
524.85,59.86
524.86,59.86
524.88,59.86
524.89,59.87
524.91,59.87
524.92,59.87
524.93,59.87
524.95,59.87
524.96,59.88
524.98,59.88
524.99,59.88
525.01,59.88
525.02,59.89
525.04,59.89
525.05,59.89
525.07,59.89
525.08,59.90
525.10,59.90
525.11,59.90
525.13,59.90
525.14,59.90
525.16,59.91
525.17,59.91
525.18,59.91
525.20,59.91
525.21,59.92
525.23,59.92
525.24,59.92
525.26,59.92
525.27,59.93
525.29,59.93
525.30,59.93
525.32,59.93
525.33,59.93
525.35,59.93
525.36,59.93
525.38,59.93
525.39,59.93
525.41,59.93
525.42,59.93
525.43,59.93
525.45,59.93
525.46,59.93
525.48,59.93
525.49,59.93
525.51,59.93
525.52,59.93
525.54,59.93
525.55,59.93
525.57,59.93
525.58,59.93
525.60,59.93
525.61,59.93
525.63,59.93
525.64,59.93
525.66,59.93
525.67,59.93
525.68,59.93
525.70,59.93
525.71,59.93
525.73,59.93
525.74,59.93
525.76,59.93
525.77,59.93
525.79,59.93
525.80,59.93
525.82,59.93
525.83,59.93
525.85,59.93
525.86,59.93
525.88,59.93
525.89,59.93
525.91,59.93
525.92,59.93
525.94,59.92
525.95,59.92
525.96,59.93
525.98,59.93
525.99,59.93
526.01,59.93
526.02,59.94
526.04,59.94
526.05,59.94
526.07,59.94
526.08,59.94
526.10,59.95
526.11,59.95
526.13,59.95
526.14,59.95
526.16,59.96
526.17,59.96
526.19,59.96
526.20,59.96
526.21,59.97
526.23,59.97
526.24,59.97
526.26,59.97
526.27,59.97
526.29,59.98
526.30,59.98
526.32,59.98
526.33,59.98
526.35,59.99
526.36,59.99
526.38,59.99
526.39,59.99
526.41,60.00
526.42,60.00
526.44,60.00
526.45,60.00
526.46,60.01
526.48,60.01
526.49,60.01
526.51,60.01
526.52,60.01
526.54,60.02
526.55,60.02
526.57,60.02
526.58,60.02
526.60,60.03
526.61,60.03
526.63,60.03
526.64,60.03
526.66,60.03
526.67,60.03
526.69,60.03
526.70,60.03
526.71,60.03
526.73,60.03
526.74,60.03
526.76,60.03
526.77,60.03
526.79,60.03
526.80,60.03
526.82,60.03
526.83,60.03
526.85,60.03
526.86,60.03
526.88,60.03
526.89,60.03
526.91,60.03
526.92,60.03
526.94,60.03
526.95,60.03
526.96,60.03
526.98,60.03
526.99,60.03
527.01,60.03
527.02,60.03
527.04,60.02
527.05,60.02
527.07,60.02
527.08,60.02
527.10,60.02
527.11,60.02
527.13,60.02
527.14,60.02
527.16,60.02
527.17,60.02
527.19,60.01
527.20,60.02
527.21,60.02
527.23,60.02
527.24,60.02
527.26,60.03
527.27,60.03
527.29,60.03
527.30,60.03
527.32,60.04
527.33,60.04
527.35,60.04
527.36,60.04
527.38,60.05
527.39,60.05
527.41,60.05
527.42,60.05
527.44,60.05
527.45,60.06
527.47,60.06
527.48,60.06
527.49,60.06
527.51,60.07
527.52,60.07
527.54,60.07
527.55,60.07
527.57,60.08
527.58,60.08
527.60,60.08
527.61,60.08
527.63,60.08
527.64,60.09
527.66,60.09
527.67,60.09
527.69,60.09
527.70,60.10
527.72,60.10
527.73,60.10
527.74,60.10
527.76,60.11
527.77,60.11
527.79,60.11
527.80,60.11
527.82,60.11
527.83,60.11
527.85,60.11
527.86,60.11
527.88,60.11
527.89,60.11
527.91,60.11
527.92,60.11
527.94,60.11
527.95,60.11
527.97,60.11
527.98,60.11
527.99,60.11
528.01,60.11
528.02,60.11
528.04,60.11
528.05,60.11
528.07,60.11
528.08,60.11
528.10,60.11
528.11,60.11
528.13,60.11
528.14,60.11
528.16,60.11
528.17,60.11
528.19,60.11
528.20,60.11
528.22,60.11
528.23,60.11
528.24,60.11
528.26,60.11
528.27,60.10
528.29,60.11
528.30,60.11
528.32,60.11
528.33,60.11
528.35,60.12
528.36,60.12
528.38,60.12
528.39,60.12
528.41,60.12
528.42,60.13
528.44,60.13
528.45,60.13
528.47,60.13
528.48,60.14
528.49,60.14
528.51,60.14
528.52,60.14
528.54,60.15
528.55,60.15
528.57,60.15
528.58,60.15
528.60,60.15
528.61,60.16
528.63,60.16
528.64,60.16
528.66,60.16
528.67,60.17
528.69,60.17
528.70,60.17
528.72,60.17
528.73,60.18
528.74,60.18
528.76,60.18
528.77,60.18
528.79,60.18
528.80,60.19
528.82,60.19
528.83,60.19
528.85,60.19
528.86,60.20
528.88,60.20
528.89,60.20
528.91,60.20
528.92,60.20
528.94,60.21
528.95,60.21
528.97,60.21
528.98,60.21
529.00,60.22
529.01,60.22
529.02,60.22
529.04,60.22
529.05,60.23
529.07,60.23
529.08,60.23
529.10,60.22
529.11,60.22
529.13,60.22
529.14,60.22
529.16,60.22
529.17,60.22
529.19,60.22
529.20,60.22
529.22,60.22
529.23,60.22
529.25,60.22
529.26,60.22
529.27,60.22
529.29,60.22
529.30,60.22
529.32,60.22
529.33,60.22
529.35,60.22
529.36,60.22
529.38,60.22
529.39,60.22
529.41,60.22
529.42,60.22
529.44,60.22
529.45,60.22
529.47,60.22
529.48,60.21
529.50,60.21
529.51,60.21
529.52,60.22
529.54,60.22
529.55,60.22
529.57,60.22
529.58,60.23
529.60,60.23
529.61,60.23
529.63,60.23
529.64,60.24
529.66,60.24
529.67,60.24
529.69,60.24
529.70,60.24
529.72,60.25
529.73,60.25
529.75,60.25
529.76,60.25
529.77,60.26
529.79,60.26
529.80,60.26
529.82,60.26
529.83,60.26
529.85,60.27
529.86,60.27
529.88,60.27
529.89,60.27
529.91,60.28
529.92,60.28
529.94,60.28
529.95,60.28
529.97,60.29
529.98,60.29
530.00,60.29
530.01,60.29
530.02,60.29
530.04,60.30
530.05,60.30
530.07,60.30
530.08,60.30
530.10,60.31
530.11,60.31
530.13,60.31
530.14,60.31
530.16,60.31
530.17,60.32
530.19,60.32
530.20,60.32
530.22,60.32
530.23,60.33
530.25,60.33
530.26,60.33
530.27,60.33
530.29,60.34
530.30,60.34
530.32,60.34
530.33,60.34
530.35,60.34
530.36,60.35
530.38,60.35
530.39,60.35
530.41,60.35
530.42,60.36
530.44,60.36
530.45,60.36
530.47,60.36
530.48,60.36
530.50,60.37
530.51,60.37
530.52,60.37
530.54,60.37
530.55,60.38
530.57,60.38
530.58,60.38
530.60,60.38
530.61,60.38
530.63,60.37
530.64,60.37
530.66,60.37
530.67,60.37
530.69,60.37
530.70,60.37
530.72,60.36
530.73,60.36
530.75,60.36
530.76,60.36
530.78,60.36
530.79,60.36
530.80,60.35
530.82,60.35
530.83,60.35
530.85,60.35
530.86,60.35
530.88,60.35
530.89,60.34
530.91,60.34
530.92,60.34
530.94,60.34
530.95,60.34
530.97,60.34
530.98,60.33
531.00,60.33
531.01,60.33
531.03,60.33
531.04,60.33
531.05,60.33
531.07,60.32
531.08,60.32
531.10,60.32
531.11,60.32
531.13,60.32
531.14,60.32
531.16,60.31
531.17,60.31
531.19,60.31
531.20,60.31
531.22,60.31
531.23,60.31
531.25,60.31
531.26,60.30
531.28,60.30
531.29,60.30
531.30,60.30
531.32,60.30
531.33,60.30
531.35,60.29
531.36,60.29
531.38,60.29
531.39,60.29
531.41,60.29
531.42,60.29
531.44,60.28
531.45,60.28
531.47,60.28
531.48,60.28
531.50,60.28
531.51,60.28
531.53,60.27
531.54,60.27
531.55,60.27
531.57,60.27
531.58,60.27
531.60,60.27
531.61,60.26
531.63,60.26
531.64,60.26
531.66,60.26
531.67,60.26
531.69,60.26
531.70,60.25
531.72,60.25
531.73,60.25
531.75,60.25
531.76,60.25
531.78,60.25
531.79,60.24
531.80,60.24
531.82,60.24
531.83,60.24
531.85,60.24
531.86,60.24
531.88,60.23
531.89,60.23
531.91,60.23
531.92,60.23
531.94,60.23
531.95,60.23
531.97,60.23
531.98,60.22
532.00,60.23
532.01,60.22
532.03,60.22
532.04,60.22
532.05,60.22
532.07,60.21
532.08,60.22
532.10,60.21
532.11,60.21
532.13,60.21
532.14,60.21
532.16,60.20
532.17,60.21
532.19,60.20
532.20,60.20
532.22,60.20
532.23,60.20
532.25,60.19
532.26,60.20
532.28,60.19
532.29,60.19
532.31,60.19
532.32,60.19
532.33,60.18
532.35,60.19
532.36,60.18
532.38,60.18
532.39,60.18
532.41,60.18
532.42,60.17
532.44,60.18
532.45,60.17
532.47,60.17
532.48,60.17
532.50,60.17
532.51,60.17
532.53,60.17
532.54,60.17
532.56,60.16
532.57,60.16
532.58,60.16
532.60,60.16
532.61,60.16
532.63,60.16
532.64,60.15
532.66,60.15
532.67,60.15
532.69,60.15
532.70,60.15
532.72,60.15
532.73,60.14
532.75,60.14
532.76,60.14
532.78,60.14
532.79,60.14
532.81,60.14
532.82,60.13
532.83,60.13
532.85,60.13
532.86,60.13
532.88,60.13
532.89,60.13
532.91,60.12
532.92,60.12
532.94,60.12
532.95,60.12
532.97,60.12
532.98,60.12
533.00,60.11
533.01,60.11
533.03,60.11
533.04,60.11
533.06,60.11
533.07,60.11
533.08,60.11
533.10,60.10
533.11,60.10
533.13,60.10
533.14,60.10
533.16,60.10
533.17,60.10
533.19,60.09
533.20,60.09
533.22,60.09
533.23,60.09
533.25,60.09
533.26,60.09
533.28,60.08
533.29,60.08
533.31,60.08
533.32,60.08
533.33,60.08
533.35,60.08
533.36,60.07
533.38,60.07
533.39,60.07
533.41,60.07
533.42,60.07
533.44,60.07
533.45,60.06
533.47,60.06
533.48,60.06
533.50,60.06
533.51,60.06
533.53,60.06
533.54,60.06
533.56,60.05
533.57,60.05
533.58,60.05
533.60,60.05
533.61,60.05
533.63,60.05
533.64,60.04
533.66,60.04
533.67,60.04
533.69,60.04
533.70,60.04
533.72,60.04
533.73,60.03
533.75,60.03
533.76,60.03
533.78,60.03
533.79,60.03
533.81,60.03
533.82,60.02
533.84,60.02
533.85,60.02
533.86,60.02
533.88,60.02
533.89,60.02
533.91,60.01
533.92,60.01
533.94,60.01
533.95,60.01
533.97,60.01
533.98,60.01
534.00,60.01
534.01,60.00
534.03,60.01
534.04,60.00
534.06,60.00
534.07,60.00
534.09,60.00
534.10,59.99
534.11,60.00
534.13,59.99
534.14,59.99
534.16,59.99
534.17,59.99
534.19,59.98
534.20,59.99
534.22,59.98
534.23,59.98
534.25,59.98
534.26,59.98
534.28,59.97
534.29,59.98
534.31,59.97
534.32,59.97
534.34,59.97
534.35,59.97
534.36,59.97
534.38,59.97
534.39,59.97
534.41,59.96
534.42,59.96
534.44,59.96
534.45,59.96
534.47,59.96
534.48,59.96
534.50,59.95
534.51,59.95
534.53,59.95
534.54,59.95
534.56,59.95
534.57,59.95
534.59,59.94
534.60,59.94
534.61,59.94
534.63,59.94
534.64,59.94
534.66,59.94
534.67,59.93
534.69,59.93
534.70,59.93
534.72,59.93
534.73,59.93
534.75,59.93
534.76,59.93
534.78,59.92
534.79,59.92
534.81,59.92
534.82,59.92
534.84,59.92
534.85,59.92
534.86,59.91
534.88,59.91
534.89,59.91
534.91,59.91
534.92,59.91
534.94,59.91
534.95,59.90
534.97,59.90
534.98,59.90
535.00,59.90
535.01,59.90
535.03,59.90
535.04,59.89
535.06,59.89
535.07,59.89
535.09,59.89
535.10,59.89
535.11,59.89
535.13,59.89
535.14,59.88
535.16,59.88
535.17,59.88
535.19,59.88
535.20,59.88
535.22,59.88
535.23,59.87
535.25,59.87
535.26,59.87
535.28,59.87
535.29,59.87
535.31,59.87
535.32,59.86
535.34,59.86
535.35,59.86
535.37,59.86
535.38,59.86
535.39,59.86
535.41,59.85
535.42,59.85
535.44,59.85
535.45,59.85
535.47,59.85
535.48,59.85
535.50,59.85
535.51,59.84
535.53,59.85
535.54,59.84
535.56,59.84
535.57,59.84
535.59,59.84
535.60,59.83
535.62,59.84
535.63,59.83
535.64,59.83
535.66,59.83
535.67,59.83
535.69,59.82
535.70,59.83
535.72,59.82
535.73,59.82
535.75,59.82
535.76,59.82
535.78,59.81
535.79,59.82
535.81,59.81
535.82,59.81
535.84,59.81
535.85,59.81
535.87,59.81
535.88,59.81
535.89,59.81
535.91,59.80
535.92,59.80
535.94,59.80
535.95,59.80
535.97,59.80
535.98,59.80
536.00,59.79
536.01,59.79
536.03,59.79
536.04,59.79
536.06,59.79
536.07,59.79
536.09,59.78
536.10,59.78
536.12,59.78
536.13,59.78
536.14,59.78
536.16,59.78
536.17,59.78
536.19,59.77
536.20,59.77
536.22,59.77
536.23,59.77
536.25,59.77
536.26,59.77
536.28,59.76
536.29,59.76
536.31,59.76
536.32,59.76
536.34,59.76
536.35,59.76
536.37,59.75
536.38,59.75
536.39,59.75
536.41,59.75
536.42,59.75
536.44,59.75
536.45,59.75
536.47,59.74
536.48,59.74
536.50,59.74
536.51,59.74
536.53,59.74
536.54,59.74
536.56,59.74
536.57,59.74
536.59,59.74
536.60,59.74
536.62,59.74
536.63,59.74
536.64,59.74
536.66,59.74
536.67,59.74
536.69,59.74
536.70,59.75
536.72,59.75
536.73,59.75
536.75,59.75
536.76,59.75
536.78,59.75
536.79,59.75
536.81,59.74
536.82,59.74
536.84,59.74
536.85,59.74
536.87,59.74
536.88,59.74
536.90,59.74
536.91,59.73
536.92,59.73
536.94,59.73
536.95,59.73
536.97,59.73
536.98,59.73
537.00,59.72
537.01,59.72
537.03,59.72
537.04,59.72
537.06,59.72
537.07,59.72
537.09,59.72
537.10,59.72
537.12,59.72
537.13,59.72
537.15,59.72
537.16,59.72
537.17,59.72
537.19,59.72
537.20,59.72
537.22,59.72
537.23,59.72
537.25,59.72
537.26,59.72
537.28,59.72
537.29,59.72
537.31,59.72
537.32,59.72
537.34,59.72
537.35,59.72
537.37,59.72
537.38,59.72
537.40,59.72
537.41,59.72
537.42,59.72
537.44,59.72
537.45,59.72
537.47,59.72
537.48,59.72
537.50,59.72
537.51,59.72
537.53,59.72
537.54,59.72
537.56,59.72
537.57,59.72
537.59,59.72
537.60,59.72
537.62,59.72
537.63,59.72
537.65,59.72
537.66,59.72
537.67,59.72
537.69,59.72
537.70,59.72
537.72,59.72
537.73,59.72
537.75,59.72
537.76,59.72
537.78,59.72
537.79,59.72
537.81,59.72
537.82,59.72
537.84,59.72
537.85,59.72
537.87,59.72
537.88,59.72
537.90,59.72
537.91,59.72
537.92,59.72
537.94,59.72
537.95,59.72
537.97,59.72
537.98,59.72
538.00,59.72
538.01,59.72
538.03,59.72
538.04,59.72
538.06,59.72
538.07,59.72
538.09,59.72
538.10,59.72
538.12,59.72
538.13,59.72
538.15,59.72
538.16,59.72
538.17,59.72
538.19,59.71
538.20,59.71
538.22,59.71
538.23,59.72
538.25,59.72
538.26,59.72
538.28,59.72
538.29,59.73
538.31,59.73
538.32,59.73
538.34,59.73
538.35,59.74
538.37,59.74
538.38,59.74
538.40,59.74
538.41,59.74
538.43,59.75
538.44,59.75
538.45,59.75
538.47,59.75
538.48,59.76
538.50,59.76
538.51,59.76
538.53,59.76
538.54,59.77
538.56,59.77
538.57,59.77
538.59,59.77
538.60,59.78
538.62,59.78
538.63,59.78
538.65,59.78
538.66,59.79
538.68,59.79
538.69,59.79
538.70,59.79
538.72,59.80
538.73,59.80
538.75,59.80
538.76,59.80
538.78,59.80
538.79,59.81
538.81,59.81
538.82,59.81
538.84,59.80
538.85,59.81
538.87,59.80
538.88,59.80
538.90,59.80
538.91,59.80
538.93,59.80
538.94,59.80
538.95,59.80
538.97,59.79
538.98,59.79
539.00,59.79
539.01,59.79
539.03,59.79
539.04,59.79
539.06,59.78
539.07,59.78
539.09,59.78
539.10,59.78
539.12,59.78
539.13,59.78
539.15,59.77
539.16,59.77
539.18,59.77
539.19,59.77
539.20,59.77
539.22,59.77
539.23,59.77
539.25,59.76
539.26,59.76
539.28,59.76
539.29,59.76
539.31,59.76
539.32,59.76
539.34,59.75
539.35,59.75
539.37,59.75
539.38,59.75
539.40,59.75
539.41,59.75
539.43,59.74
539.44,59.74
539.45,59.74
539.47,59.74
539.48,59.74
539.50,59.74
539.51,59.73
539.53,59.73
539.54,59.73
539.56,59.73
539.57,59.73
539.59,59.73
539.60,59.73
539.62,59.72
539.63,59.72
539.65,59.72
539.66,59.72
539.68,59.72
539.69,59.72
539.70,59.71
539.72,59.71
539.73,59.71
539.75,59.71
539.76,59.71
539.78,59.71
539.79,59.70
539.81,59.70
539.82,59.70
539.84,59.70
539.85,59.70
539.87,59.70
539.88,59.70
539.90,59.69
539.91,59.70
539.93,59.69
539.94,59.69
539.96,59.69
539.97,59.69
539.98,59.68
540.00,59.69
540.01,59.68
540.03,59.68
540.04,59.68
540.06,59.68
540.07,59.67
540.09,59.68
540.10,59.67
540.12,59.67
540.13,59.67
540.15,59.67
540.16,59.67
540.18,59.67
540.19,59.67
540.21,59.66
540.22,59.66
540.23,59.66
540.25,59.66
540.26,59.66
540.28,59.66
540.29,59.65
540.31,59.65
540.32,59.65
540.34,59.65
540.35,59.65
540.37,59.65
540.38,59.64
540.40,59.64
540.41,59.64
540.43,59.64
540.44,59.64
540.46,59.64
540.47,59.64
540.48,59.63
540.50,59.63
540.51,59.63
540.53,59.63
540.54,59.63
540.56,59.63
540.57,59.62
540.59,59.62
540.60,59.62
540.62,59.62
540.63,59.62
540.65,59.62
540.66,59.61
540.68,59.61
540.69,59.61
540.71,59.61
540.72,59.61
540.73,59.61
540.75,59.61
540.76,59.60
540.78,59.60
540.79,59.60
540.81,59.60
540.82,59.60
540.84,59.60
540.85,59.59
540.87,59.59
540.88,59.59
540.90,59.59
540.91,59.59
540.93,59.59
540.94,59.59
540.96,59.58
540.97,59.59
540.98,59.58
541.00,59.58
541.01,59.58
541.03,59.58
541.04,59.57
541.06,59.58
541.07,59.57
541.09,59.57
541.10,59.57
541.12,59.57
541.13,59.56
541.15,59.57
541.16,59.56
541.18,59.56
541.19,59.56
541.21,59.56
541.22,59.56
541.23,59.56
541.25,59.56
541.26,59.55
541.28,59.55
541.29,59.55
541.31,59.55
541.32,59.55
541.34,59.55
541.35,59.54
541.37,59.54
541.38,59.54
541.40,59.54
541.41,59.54
541.43,59.54
541.44,59.53
541.46,59.53
541.47,59.53
541.49,59.53
541.50,59.53
541.51,59.53
541.53,59.53
541.54,59.52
541.56,59.52
541.57,59.52
541.59,59.52
541.60,59.52
541.62,59.52
541.63,59.51
541.65,59.51
541.66,59.51
541.68,59.51
541.69,59.51
541.71,59.51
541.72,59.51
541.74,59.50
541.75,59.50
541.76,59.50
541.78,59.50
541.79,59.50
541.81,59.50
541.82,59.49
541.84,59.49
541.85,59.49
541.87,59.49
541.88,59.49
541.90,59.49
541.91,59.48
541.93,59.48
541.94,59.48
541.96,59.48
541.97,59.48
541.99,59.48
542.00,59.48
542.01,59.47
542.03,59.48
542.04,59.47
542.06,59.47
542.07,59.47
542.09,59.47
542.10,59.46
542.12,59.47
542.13,59.46
542.15,59.46
542.16,59.46
542.18,59.46
542.19,59.46
542.21,59.46
542.22,59.46
542.24,59.45
542.25,59.45
542.26,59.45
542.28,59.45
542.29,59.45
542.31,59.45
542.32,59.44
542.34,59.44
542.35,59.44
542.37,59.44
542.38,59.44
542.40,59.44
542.41,59.43
542.43,59.43
542.44,59.43
542.46,59.43
542.47,59.43
542.49,59.43
542.50,59.43
542.51,59.42
542.53,59.42
542.54,59.42
542.56,59.42
542.57,59.42
542.59,59.42
542.60,59.41
542.62,59.41
542.63,59.41
542.65,59.41
542.66,59.41
542.68,59.41
542.69,59.41
542.71,59.40
542.72,59.40
542.74,59.40
542.75,59.40
542.76,59.40
542.78,59.40
542.79,59.39
542.81,59.39
542.82,59.39
542.84,59.39
542.85,59.39
542.87,59.39
542.88,59.39
542.90,59.38
542.91,59.39
542.93,59.38
542.94,59.38
542.96,59.38
542.97,59.38
542.99,59.37
543.00,59.38
543.02,59.37
543.03,59.37
543.04,59.37
543.06,59.37
543.07,59.36
543.09,59.37
543.10,59.37
543.12,59.36
543.13,59.36
543.15,59.36
543.16,59.36
543.18,59.36
543.19,59.36
543.21,59.35
543.22,59.35
543.24,59.35
543.25,59.35
543.27,59.35
543.28,59.35
543.29,59.34
543.31,59.34
543.32,59.34
543.34,59.34
543.35,59.34
543.37,59.34
543.38,59.34
543.40,59.33
543.41,59.33
543.43,59.33
543.44,59.33
543.46,59.33
543.47,59.33
543.49,59.32
543.50,59.32
543.52,59.32
543.53,59.32
543.54,59.32
543.56,59.32
543.57,59.32
543.59,59.31
543.60,59.31
543.62,59.31
543.63,59.31
543.65,59.31
543.66,59.31
543.68,59.30
543.69,59.30
543.71,59.30
543.72,59.30
543.74,59.30
543.75,59.30
543.77,59.30
543.78,59.29
543.79,59.30
543.81,59.29
543.82,59.29
543.84,59.29
543.85,59.29
543.87,59.28
543.88,59.29
543.90,59.28
543.91,59.28
543.93,59.28
543.94,59.28
543.96,59.28
543.97,59.28
543.99,59.28
544.00,59.27
544.02,59.27
544.03,59.27
544.04,59.27
544.06,59.27
544.07,59.27
544.09,59.27
544.10,59.27
544.12,59.27
544.13,59.27
544.15,59.27
544.16,59.27
544.18,59.27
544.19,59.27
544.21,59.27
544.22,59.27
544.24,59.27
544.25,59.27
544.27,59.27
544.28,59.27
544.29,59.27
544.31,59.27
544.32,59.27
544.34,59.27
544.35,59.27
544.37,59.27
544.38,59.27
544.40,59.27
544.41,59.27
544.43,59.27
544.44,59.27
544.46,59.27
544.47,59.27
544.49,59.27
544.50,59.27
544.52,59.27
544.53,59.27
544.55,59.27
544.56,59.27
544.57,59.27
544.59,59.27
544.60,59.27
544.62,59.27
544.63,59.27
544.65,59.27
544.66,59.27
544.68,59.27
544.69,59.27
544.71,59.27
544.72,59.27
544.74,59.27
544.75,59.27
544.77,59.27
544.78,59.27
544.80,59.27
544.81,59.27
544.82,59.27
544.84,59.27
544.85,59.27
544.87,59.27
544.88,59.27
544.90,59.27
544.91,59.26
544.93,59.26
544.94,59.26
544.96,59.27
544.97,59.27
544.99,59.27
545.00,59.27
545.02,59.28
545.03,59.28
545.05,59.28
545.06,59.28
545.07,59.29
545.09,59.29
545.10,59.29
545.12,59.29
545.13,59.30
545.15,59.30
545.16,59.30
545.18,59.30
545.19,59.31
545.21,59.31
545.22,59.31
545.24,59.31
545.25,59.32
545.27,59.32
545.28,59.32
545.30,59.32
545.31,59.33
545.32,59.33
545.34,59.33
545.35,59.33
545.37,59.33
545.38,59.33
545.40,59.33
545.41,59.32
545.43,59.33
545.44,59.33
545.46,59.32
545.47,59.32
545.49,59.32
545.50,59.32
545.52,59.32
545.53,59.32
545.55,59.31
545.56,59.31
545.57,59.31
545.59,59.31
545.60,59.31
545.62,59.31
545.63,59.31
545.65,59.30
545.66,59.30
545.68,59.30
545.69,59.30
545.71,59.30
545.72,59.30
545.74,59.29
545.75,59.29
545.77,59.29
545.78,59.29
545.80,59.29
545.81,59.29
545.82,59.28
545.84,59.28
545.85,59.28
545.87,59.28
545.88,59.28
545.90,59.28
545.91,59.28
545.93,59.27
545.94,59.27
545.96,59.27
545.97,59.27
545.99,59.27
546.00,59.27
546.02,59.26
546.03,59.26
546.05,59.27
546.06,59.26
546.08,59.26
546.09,59.26
546.10,59.26
546.12,59.25
546.13,59.26
546.15,59.25
546.16,59.25
546.18,59.25
546.19,59.25
546.21,59.24
546.22,59.25
546.24,59.24
546.25,59.24
546.27,59.24
546.28,59.24
546.30,59.24
546.31,59.24
546.33,59.24
546.34,59.23
546.35,59.23
546.37,59.23
546.38,59.23
546.40,59.23
546.41,59.23
546.43,59.22
546.44,59.22
546.46,59.22
546.47,59.22
546.49,59.22
546.50,59.22
546.52,59.22
546.53,59.22
546.55,59.22
546.56,59.22
546.58,59.22
546.59,59.22
546.60,59.22
546.62,59.22
546.63,59.22
546.65,59.22
546.66,59.22
546.68,59.22
546.69,59.22
546.71,59.22
546.72,59.22
546.74,59.22
546.75,59.22
546.77,59.22
546.78,59.22
546.80,59.22
546.81,59.22
546.83,59.22
546.84,59.22
546.85,59.22
546.87,59.22
546.88,59.22
546.90,59.22
546.91,59.22
546.93,59.22
546.94,59.22
546.96,59.22
546.97,59.22
546.99,59.22
547.00,59.22
547.02,59.22
547.03,59.22
547.05,59.22
547.06,59.22
547.08,59.22
547.09,59.22
547.10,59.22
547.12,59.22
547.13,59.22
547.15,59.22
547.16,59.22
547.18,59.22
547.19,59.22
547.21,59.22
547.22,59.22
547.24,59.22
547.25,59.22
547.27,59.22
547.28,59.22
547.30,59.22
547.31,59.22
547.33,59.22
547.34,59.22
547.35,59.22
547.37,59.22
547.38,59.22
547.40,59.21
547.41,59.22
547.43,59.22
547.44,59.22
547.46,59.22
547.47,59.23
547.49,59.23
547.50,59.23
547.52,59.23
547.53,59.24
547.55,59.24
547.56,59.24
547.58,59.24
547.59,59.25
547.61,59.25
547.62,59.25
547.63,59.25
547.65,59.26
547.66,59.26
547.68,59.26
547.69,59.26
547.71,59.27
547.72,59.27
547.74,59.27
547.75,59.27
547.77,59.28
547.78,59.28
547.80,59.28
547.81,59.28
547.83,59.29
547.84,59.29
547.86,59.29
547.87,59.29
547.88,59.29
547.90,59.28
547.91,59.28
547.93,59.28
547.94,59.28
547.96,59.28
547.97,59.28
547.99,59.28
548.00,59.28
548.02,59.28
548.03,59.28
548.05,59.28
548.06,59.28
548.08,59.27
548.09,59.27
548.11,59.27
548.12,59.27
548.13,59.28
548.15,59.28
548.16,59.28
548.18,59.28
548.19,59.28
548.21,59.28
548.22,59.28
548.24,59.27
548.25,59.27
548.27,59.27
548.28,59.27
548.30,59.27
548.31,59.27
548.33,59.27
548.34,59.26
548.36,59.26
548.37,59.26
548.38,59.26
548.40,59.26
548.41,59.26
548.43,59.25
548.44,59.25
548.46,59.25
548.47,59.25
548.49,59.25
548.50,59.25
548.52,59.25
548.53,59.24
548.55,59.24
548.56,59.24
548.58,59.24
548.59,59.24
548.61,59.24
548.62,59.23
548.63,59.23
548.65,59.23
548.66,59.23
548.68,59.23
548.69,59.23
548.71,59.22
548.72,59.22
548.74,59.23
548.75,59.22
548.77,59.22
548.78,59.22
548.80,59.22
548.81,59.21
548.83,59.22
548.84,59.21
548.86,59.21
548.87,59.21
548.88,59.21
548.90,59.20
548.91,59.21
548.93,59.21
548.94,59.20
548.96,59.20
548.97,59.20
548.99,59.20
549.00,59.20
549.02,59.20
549.03,59.19
549.05,59.19
549.06,59.19
549.08,59.19
549.09,59.19
549.11,59.19
549.12,59.19
549.14,59.18
549.15,59.18
549.16,59.18
549.18,59.18
549.19,59.18
549.21,59.18
549.22,59.17
549.24,59.17
549.25,59.17
549.27,59.17
549.28,59.17
549.30,59.17
549.31,59.17
549.33,59.16
549.34,59.16
549.36,59.16
549.37,59.16
549.39,59.16
549.40,59.16
549.41,59.15
549.43,59.15
549.44,59.15
549.46,59.15
549.47,59.15
549.49,59.15
549.50,59.15
549.52,59.14
549.53,59.15
549.55,59.14
549.56,59.14
549.58,59.14
549.59,59.14
549.61,59.13
549.62,59.14
549.64,59.13
549.65,59.13
549.66,59.13
549.68,59.13
549.69,59.13
549.71,59.13
549.72,59.13
549.74,59.12
549.75,59.12
549.77,59.12
549.78,59.12
549.80,59.12
549.81,59.12
549.83,59.11
549.84,59.11
549.86,59.11
549.87,59.11
549.89,59.11
549.90,59.11
549.91,59.11
549.93,59.10
549.94,59.10
549.96,59.10
549.97,59.10
549.99,59.10
550.00,59.10
550.02,59.09
550.03,59.09
550.05,59.09
550.06,59.09
550.08,59.09
550.09,59.09
550.11,59.09
550.12,59.08
550.14,59.08
550.15,59.08
550.16,59.08
550.18,59.08
550.19,59.08
550.21,59.07
550.22,59.07
550.24,59.08
550.25,59.07
550.27,59.07
550.28,59.07
550.30,59.07
550.31,59.06
550.33,59.07
550.34,59.06
550.36,59.06
550.37,59.06
550.39,59.06
550.40,59.06
550.41,59.06
550.43,59.06
550.44,59.06
550.46,59.06
550.47,59.06
550.49,59.06
550.50,59.06
550.52,59.06
550.53,59.06
550.55,59.06
550.56,59.06
550.58,59.06
550.59,59.06
550.61,59.06
550.62,59.06
550.64,59.06
550.65,59.06
550.66,59.06
550.68,59.06
550.69,59.06
550.71,59.06
550.72,59.06
550.74,59.06
550.75,59.06
550.77,59.06
550.78,59.06
550.80,59.06
550.81,59.06
550.83,59.06
550.84,59.06
550.86,59.06
550.87,59.06
550.89,59.06
550.90,59.06
550.92,59.06
550.93,59.06
550.94,59.06
550.96,59.06
550.97,59.06
550.99,59.06
551.00,59.06
551.02,59.06
551.03,59.06
551.05,59.06
551.06,59.06
551.08,59.06
551.09,59.06
551.11,59.06
551.12,59.06
551.14,59.06
551.15,59.06
551.17,59.06
551.18,59.06
551.19,59.06
551.21,59.06
551.22,59.06
551.24,59.06
551.25,59.06
551.27,59.05
551.28,59.05
551.30,59.05
551.31,59.05
551.33,59.06
551.34,59.06
551.36,59.06
551.37,59.06
551.39,59.07
551.40,59.07
551.42,59.07
551.43,59.07
551.44,59.08
551.46,59.08
551.47,59.08
551.49,59.08
551.50,59.09
551.52,59.09
551.53,59.09
551.55,59.09
551.56,59.10
551.58,59.10
551.59,59.10
551.61,59.10
551.62,59.11
551.64,59.11
551.65,59.11
551.67,59.11
551.68,59.12
551.69,59.12
551.71,59.12
551.72,59.12
551.74,59.12
551.75,59.12
551.77,59.12
551.78,59.12
551.80,59.12
551.81,59.11
551.83,59.11
551.84,59.11
551.86,59.11
551.87,59.11
551.89,59.11
551.90,59.11
551.92,59.10
551.93,59.10
551.94,59.10
551.96,59.10
551.97,59.10
551.99,59.10
552.00,59.09
552.02,59.09
552.03,59.10
552.05,59.09
552.06,59.09
552.08,59.09
552.09,59.09
552.11,59.08
552.12,59.09
552.14,59.08
552.15,59.08
552.17,59.08
552.18,59.08
552.19,59.07
552.21,59.08
552.22,59.08
552.24,59.07
552.25,59.07
552.27,59.07
552.28,59.07
552.30,59.07
552.31,59.07
552.33,59.06
552.34,59.06
552.36,59.06
552.37,59.06
552.39,59.06
552.40,59.06
552.42,59.06
552.43,59.05
552.45,59.05
552.46,59.05
552.47,59.05
552.49,59.05
552.50,59.05
552.52,59.04
552.53,59.04
552.55,59.04
552.56,59.04
552.58,59.04
552.59,59.04
552.61,59.04
552.62,59.03
552.64,59.03
552.65,59.03
552.67,59.03
552.68,59.03
552.70,59.03
552.71,59.02
552.72,59.02
552.74,59.02
552.75,59.02
552.77,59.02
552.78,59.02
552.80,59.02
552.81,59.01
552.83,59.02
552.84,59.01
552.86,59.01
552.87,59.01
552.89,59.01
552.90,59.00
552.92,59.01
552.93,59.01
552.95,59.00
552.96,59.00
552.97,59.00
552.99,59.00
553.00,59.00
553.02,59.00
553.03,58.99
553.05,58.99
553.06,58.99
553.08,58.99
553.09,58.99
553.11,58.99
553.12,58.99
553.14,58.98
553.15,58.98
553.17,58.98
553.18,58.98
553.20,58.98
553.21,58.98
553.22,58.97
553.24,58.97
553.25,58.97
553.27,58.97
553.28,58.97
553.30,58.97
553.31,58.97
553.33,58.96
553.34,58.96
553.36,58.96
553.37,58.96
553.39,58.96
553.40,58.96
553.42,58.95
553.43,58.95
553.45,58.96
553.46,58.95
553.47,58.95
553.49,58.95
553.50,58.95
553.52,58.94
553.53,58.95
553.55,58.94
553.56,58.94
553.58,58.94
553.59,58.94
553.61,58.94
553.62,58.94
553.64,58.94
553.65,58.93
553.67,58.93
553.68,58.93
553.70,58.93
553.71,58.93
553.72,58.93
553.74,58.92
553.75,58.92
553.77,58.92
553.78,58.92
553.80,58.92
553.81,58.92
553.83,58.92
553.84,58.91
553.86,58.91
553.87,58.91
553.89,58.91
553.90,58.91
553.92,58.91
553.93,58.91
553.95,58.90
553.96,58.90
553.98,58.90
553.99,58.90
554.00,58.90
554.02,58.90
554.03,58.89
554.05,58.89
554.06,58.89
554.08,58.89
554.09,58.89
554.11,58.89
554.12,58.89
554.14,58.88
554.15,58.89
554.17,58.88
554.18,58.88
554.20,58.88
554.21,58.88
554.23,58.87
554.24,58.88
554.25,58.88
554.27,58.87
554.28,58.87
554.30,58.87
554.31,58.87
554.33,58.87
554.34,58.87
554.36,58.86
554.37,58.86
554.39,58.86
554.40,58.86
554.42,58.86
554.43,58.86
554.45,58.86
554.46,58.85
554.48,58.85
554.49,58.85
554.50,58.85
554.52,58.85
554.53,58.85
554.55,58.84
554.56,58.84
554.58,58.84
554.59,58.85
554.61,58.85
554.62,58.85
554.64,58.85
554.65,58.85
554.67,58.85
554.68,58.85
554.70,58.85
554.71,58.85
554.73,58.85
554.74,58.85
554.75,58.85
554.77,58.85
554.78,58.85
554.80,58.85
554.81,58.85
554.83,58.85
554.84,58.85
554.86,58.85
554.87,58.85
554.89,58.85
554.90,58.85
554.92,58.85
554.93,58.85
554.95,58.85
554.96,58.85
554.98,58.85
554.99,58.85
555.00,58.85
555.02,58.85
555.03,58.85
555.05,58.85
555.06,58.85
555.08,58.85
555.09,58.85
555.11,58.85
555.12,58.85
555.14,58.85
555.15,58.85
555.17,58.85
555.18,58.85
555.20,58.85
555.21,58.85
555.23,58.85
555.24,58.85
555.25,58.85
555.27,58.85
555.28,58.85
555.30,58.85
555.31,58.85
555.33,58.85
555.34,58.85
555.36,58.85
555.37,58.85
555.39,58.85
555.40,58.85
555.42,58.85
555.43,58.85
555.45,58.85
555.46,58.85
555.48,58.85
555.49,58.85
555.51,58.85
555.52,58.85
555.53,58.85
555.55,58.85
555.56,58.85
555.58,58.85
555.59,58.85
555.61,58.84
555.62,58.84
555.64,58.84
555.65,58.85
555.67,58.85
555.68,58.85
555.70,58.85
555.71,58.86
555.73,58.86
555.74,58.86
555.76,58.86
555.77,58.87
555.78,58.87
555.80,58.87
555.81,58.87
555.83,58.88
555.84,58.88
555.86,58.88
555.87,58.88
555.89,58.89
555.90,58.89
555.92,58.89
555.93,58.89
555.95,58.90
555.96,58.90
555.98,58.90
555.99,58.90
556.01,58.91
556.02,58.91
556.03,58.91
556.05,58.92
556.06,58.92
556.08,58.92
556.09,58.92
556.11,58.93
556.12,58.93
556.14,58.93
556.15,58.93
556.17,58.94
556.18,58.93
556.20,58.93
556.21,58.93
556.23,58.93
556.24,58.93
556.26,58.93
556.27,58.92
556.28,58.92
556.30,58.92
556.31,58.92
556.33,58.92
556.34,58.92
556.36,58.92
556.37,58.91
556.39,58.91
556.40,58.91
556.42,58.91
556.43,58.91
556.45,58.91
556.46,58.91
556.48,58.90
556.49,58.90
556.51,58.90
556.52,58.90
556.53,58.90
556.55,58.90
556.56,58.89
556.58,58.89
556.59,58.89
556.61,58.89
556.62,58.89
556.64,58.89
556.65,58.89
556.67,58.89
556.68,58.89
556.70,58.89
556.71,58.89
556.73,58.89
556.74,58.89
556.76,58.89
556.77,58.89
556.78,58.89
556.80,58.89
556.81,58.90
556.83,58.89
556.84,58.89
556.86,58.89
556.87,58.89
556.89,58.89
556.90,58.89
556.92,58.89
556.93,58.88
556.95,58.89
556.96,58.88
556.98,58.88
556.99,58.88
557.01,58.88
557.02,58.87
557.04,58.88
557.05,58.88
557.06,58.87
557.08,58.87
557.09,58.87
557.11,58.87
557.12,58.87
557.14,58.87
557.15,58.86
557.17,58.86
557.18,58.86
557.20,58.86
557.21,58.86
557.23,58.86
557.24,58.86
557.26,58.85
557.27,58.85
557.29,58.85
557.30,58.85
557.31,58.85
557.33,58.85
557.34,58.84
557.36,58.84
557.37,58.84
557.39,58.84
557.40,58.84
557.42,58.84
557.43,58.84
557.45,58.83
557.46,58.83
557.48,58.83
557.49,58.83
557.51,58.83
557.52,58.83
557.54,58.83
557.55,58.82
557.56,58.83
557.58,58.82
557.59,58.82
557.61,58.82
557.62,58.82
557.64,58.81
557.65,58.82
557.67,58.81
557.68,58.81
557.70,58.81
557.71,58.81
557.73,58.81
557.74,58.81
557.76,58.81
557.77,58.80
557.79,58.80
557.80,58.80
557.81,58.80
557.83,58.80
557.84,58.80
557.86,58.80
557.87,58.79
557.89,58.79
557.90,58.79
557.92,58.79
557.93,58.79
557.95,58.79
557.96,58.78
557.98,58.78
557.99,58.78
558.01,58.78
558.02,58.78
558.04,58.78
558.05,58.78
558.06,58.77
558.08,58.77
558.09,58.77
558.11,58.77
558.12,58.77
558.14,58.77
558.15,58.77
558.17,58.76
558.18,58.77
558.20,58.76
558.21,58.76
558.23,58.76
558.24,58.76
558.26,58.75
558.27,58.76
558.29,58.76
558.30,58.75
558.31,58.75
558.33,58.75
558.34,58.75
558.36,58.75
558.37,58.75
558.39,58.74
558.40,58.74
558.42,58.74
558.43,58.74
558.45,58.74
558.46,58.74
558.48,58.74
558.49,58.73
558.51,58.73
558.52,58.73
558.54,58.73
558.55,58.73
558.57,58.73
558.58,58.73
558.59,58.72
558.61,58.72
558.62,58.72
558.64,58.72
558.65,58.72
558.67,58.72
558.68,58.71
558.70,58.71
558.71,58.71
558.73,58.71
558.74,58.71
558.76,58.71
558.77,58.71
558.79,58.70
558.80,58.71
558.82,58.70
558.83,58.70
558.84,58.70
558.86,58.70
558.87,58.70
558.89,58.70
558.90,58.70
558.92,58.69
558.93,58.69
558.95,58.69
558.96,58.69
558.98,58.69
558.99,58.69
559.01,58.68
559.02,58.68
559.04,58.68
559.05,58.68
559.07,58.68
559.08,58.68
559.09,58.68
559.11,58.67
559.12,58.67
559.14,58.67
559.15,58.67
559.17,58.67
559.18,58.67
559.20,58.67
559.21,58.66
559.23,58.66
559.24,58.66
559.26,58.66
559.27,58.66
559.29,58.66
559.30,58.65
559.32,58.65
559.33,58.66
559.34,58.65
559.36,58.65
559.37,58.65
559.39,58.65
559.40,58.64
559.42,58.65
559.43,58.64
559.45,58.64
559.46,58.64
559.48,58.64
559.49,58.64
559.51,58.64
559.52,58.64
559.54,58.63
559.55,58.63
559.57,58.63
559.58,58.63
559.59,58.63
559.61,58.63
559.62,58.63
559.64,58.62
559.65,58.62
559.67,58.62
559.68,58.62
559.70,58.62
559.71,58.62
559.73,58.61
559.74,58.61
559.76,58.61
559.77,58.61
559.79,58.61
559.80,58.61
559.82,58.61
559.83,58.61
559.84,58.61
559.86,58.61
559.87,58.61
559.89,58.61
559.90,58.61
559.92,58.61
559.93,58.61
559.95,58.61
559.96,58.61
559.98,58.61
559.99,58.61
560.01,58.61
560.02,58.61
560.04,58.61
560.05,58.61
560.07,58.61
560.08,58.61
560.10,58.61
560.11,58.61
560.12,58.61
560.14,58.61
560.15,58.61
560.17,58.61
560.18,58.61
560.20,58.61
560.21,58.61
560.23,58.61
560.24,58.61
560.26,58.61
560.27,58.61
560.29,58.61
560.30,58.61
560.32,58.61
560.33,58.61
560.35,58.61
560.36,58.61
560.37,58.61
560.39,58.61
560.40,58.61
560.42,58.61
560.43,58.61
560.45,58.61
560.46,58.61
560.48,58.61
560.49,58.61
560.51,58.61
560.52,58.61
560.54,58.61
560.55,58.61
560.57,58.61
560.58,58.61
560.60,58.61
560.61,58.61
560.62,58.61
560.64,58.61
560.65,58.61
560.67,58.61
560.68,58.61
560.70,58.61
560.71,58.61
560.73,58.61
560.74,58.61
560.76,58.61
560.77,58.61
560.79,58.61
560.80,58.61
560.82,58.62
560.83,58.62
560.85,58.62
560.86,58.62
560.87,58.62
560.89,58.62
560.90,58.62
560.92,58.62
560.93,58.62
560.95,58.61
560.96,58.61
560.98,58.61
560.99,58.61
561.01,58.61
561.02,58.62
561.04,58.62
561.05,58.62
561.07,58.62
561.08,58.63
561.10,58.63
561.11,58.63
561.12,58.64
561.14,58.64
561.15,58.64
561.17,58.64
561.18,58.65
561.20,58.65
561.21,58.65
561.23,58.65
561.24,58.66
561.26,58.66
561.27,58.66
561.29,58.66
561.30,58.67
561.32,58.67
561.33,58.67
561.35,58.67
561.36,58.68
561.37,58.68
561.39,58.68
561.40,58.68
561.42,58.69
561.43,58.69
561.45,58.69
561.46,58.70
561.48,58.70
561.49,58.70
561.51,58.70
561.52,58.71
561.54,58.71
561.55,58.71
561.57,58.71
561.58,58.71
561.60,58.71
561.61,58.71
561.63,58.71
561.64,58.71
561.65,58.71
561.67,58.70
561.68,58.70
561.70,58.70
561.71,58.70
561.73,58.70
561.74,58.70
561.76,58.69
561.77,58.69
561.79,58.69
561.80,58.69
561.82,58.69
561.83,58.69
561.85,58.69
561.86,58.68
561.88,58.68
561.89,58.68
561.90,58.68
561.92,58.68
561.93,58.68
561.95,58.68
561.96,58.67
561.98,58.68
561.99,58.67
562.01,58.67
562.02,58.67
562.04,58.67
562.05,58.66
562.07,58.67
562.08,58.67
562.10,58.66
562.11,58.66
562.13,58.66
562.14,58.66
562.15,58.66
562.17,58.66
562.18,58.65
562.20,58.65
562.21,58.65
562.23,58.65
562.24,58.65
562.26,58.65
562.27,58.65
562.29,58.64
562.30,58.64
562.32,58.64
562.33,58.64
562.35,58.64
562.36,58.64
562.38,58.64
562.39,58.63
562.40,58.63
562.42,58.63
562.43,58.63
562.45,58.63
562.46,58.63
562.48,58.62
562.49,58.62
562.51,58.63
562.52,58.62
562.54,58.62
562.55,58.62
562.57,58.62
562.58,58.61
562.60,58.62
562.61,58.61
562.63,58.61
562.64,58.61
562.65,58.61
562.67,58.61
562.68,58.61
562.70,58.61
562.71,58.60
562.73,58.60
562.74,58.60
562.76,58.60
562.77,58.60
562.79,58.60
562.80,58.60
562.82,58.59
562.83,58.59
562.85,58.59
562.86,58.59
562.88,58.59
562.89,58.59
562.90,58.58
562.92,58.58
562.93,58.58
562.95,58.58
562.96,58.58
562.98,58.58
562.99,58.58
563.01,58.57
563.02,58.57
563.04,58.57
563.05,58.57
563.07,58.57
563.08,58.57
563.10,58.57
563.11,58.56
563.13,58.57
563.14,58.56
563.16,58.56
563.17,58.56
563.18,58.56
563.20,58.56
563.21,58.56
563.23,58.56
563.24,58.55
563.26,58.55
563.27,58.55
563.29,58.55
563.30,58.55
563.32,58.55
563.33,58.55
563.35,58.54
563.36,58.54
563.38,58.54
563.39,58.54
563.41,58.54
563.42,58.54
563.43,58.53
563.45,58.53
563.46,58.53
563.48,58.53
563.49,58.53
563.51,58.53
563.52,58.53
563.54,58.52
563.55,58.52
563.57,58.52
563.58,58.52
563.60,58.52
563.61,58.52
563.63,58.52
563.64,58.51
563.66,58.52
563.67,58.51
563.68,58.51
563.70,58.51
563.71,58.51
563.73,58.50
563.74,58.51
563.76,58.51
563.77,58.50
563.79,58.50
563.80,58.50
563.82,58.50
563.83,58.50
563.85,58.50
563.86,58.49
563.88,58.49
563.89,58.49
563.91,58.49
563.92,58.49
563.93,58.49
563.95,58.49
563.96,58.48
563.98,58.48
563.99,58.48
564.01,58.48
564.02,58.48
564.04,58.48
564.05,58.48
564.07,58.47
564.08,58.47
564.10,58.47
564.11,58.47
564.13,58.47
564.14,58.47
564.16,58.47
564.17,58.46
564.18,58.47
564.20,58.46
564.21,58.46
564.23,58.46
564.24,58.46
564.26,58.46
564.27,58.46
564.29,58.46
564.30,58.45
564.32,58.45
564.33,58.45
564.35,58.45
564.36,58.45
564.38,58.45
564.39,58.45
564.41,58.44
564.42,58.44
564.43,58.44
564.45,58.44
564.46,58.44
564.48,58.44
564.49,58.43
564.51,58.43
564.52,58.43
564.54,58.43
564.55,58.43
564.57,58.43
564.58,58.43
564.60,58.42
564.61,58.42
564.63,58.42
564.64,58.42
564.66,58.42
564.67,58.42
564.69,58.42
564.70,58.41
564.71,58.42
564.73,58.41
564.74,58.41
564.76,58.41
564.77,58.41
564.79,58.41
564.80,58.41
564.82,58.41
564.83,58.40
564.85,58.40
564.86,58.40
564.88,58.40
564.89,58.40
564.91,58.40
564.92,58.40
564.94,58.39
564.95,58.39
564.96,58.39
564.98,58.39
564.99,58.39
565.01,58.39
565.02,58.38
565.04,58.38
565.05,58.38
565.07,58.38
565.08,58.38
565.10,58.38
565.11,58.38
565.13,58.37
565.14,58.37
565.16,58.38
565.17,58.37
565.19,58.37
565.20,58.37
565.21,58.37
565.23,58.36
565.24,58.37
565.26,58.36
565.27,58.36
565.29,58.36
565.30,58.36
565.32,58.36
565.33,58.36
565.35,58.36
565.36,58.35
565.38,58.35
565.39,58.35
565.41,58.35
565.42,58.35
565.44,58.35
565.45,58.35
565.46,58.34
565.48,58.34
565.49,58.34
565.51,58.34
565.52,58.34
565.54,58.34
565.55,58.34
565.57,58.33
565.58,58.33
565.60,58.33
565.61,58.33
565.63,58.33
565.64,58.33
565.66,58.33
565.67,58.32
565.69,58.33
565.70,58.32
565.71,58.32
565.73,58.32
565.74,58.32
565.76,58.31
565.77,58.32
565.79,58.32
565.80,58.31
565.82,58.31
565.83,58.31
565.85,58.31
565.86,58.31
565.88,58.31
565.89,58.31
565.91,58.30
565.92,58.30
565.94,58.30
565.95,58.30
565.96,58.30
565.98,58.30
565.99,58.29
566.01,58.29
566.02,58.29
566.04,58.29
566.05,58.29
566.07,58.29
566.08,58.29
566.10,58.29
566.11,58.29
566.13,58.29
566.14,58.29
566.16,58.29
566.17,58.29
566.19,58.29
566.20,58.29
566.22,58.29
566.23,58.29
566.24,58.29
566.26,58.29
566.27,58.29
566.29,58.29
566.30,58.29
566.32,58.29
566.33,58.29
566.35,58.29
566.36,58.29
566.38,58.29
566.39,58.29
566.41,58.29
566.42,58.29
566.44,58.29
566.45,58.29
566.47,58.29
566.48,58.29
566.49,58.29
566.51,58.29
566.52,58.29
566.54,58.29
566.55,58.29
566.57,58.29
566.58,58.29
566.60,58.29
566.61,58.29
566.63,58.29
566.64,58.29
566.66,58.29
566.67,58.29
566.69,58.29
566.70,58.29
566.72,58.29
566.73,58.29
566.74,58.29
566.76,58.29
566.77,58.29
566.79,58.29
566.80,58.29
566.82,58.29
566.83,58.29
566.85,58.29
566.86,58.29
566.88,58.29
566.89,58.29
566.91,58.29
566.92,58.29
566.94,58.29
566.95,58.29
566.97,58.29
566.98,58.29
566.99,58.29
567.01,58.30
567.02,58.30
567.04,58.30
567.05,58.30
567.07,58.30
567.08,58.30
567.10,58.30
567.11,58.30
567.13,58.30
567.14,58.30
567.16,58.29
567.17,58.29
567.19,58.29
567.20,58.29
567.22,58.29
567.23,58.29
567.24,58.30
567.26,58.30
567.27,58.30
567.29,58.30
567.30,58.31
567.32,58.31
567.33,58.31
567.35,58.31
567.36,58.32
567.38,58.32
567.39,58.32
567.41,58.33
567.42,58.33
567.44,58.33
567.45,58.33
567.47,58.34
567.48,58.34
567.49,58.34
567.51,58.34
567.52,58.35
567.54,58.35
567.55,58.35
567.57,58.36
567.58,58.36
567.60,58.36
567.61,58.36
567.63,58.37
567.64,58.37
567.66,58.37
567.67,58.37
567.69,58.38
567.70,58.38
567.72,58.38
567.73,58.38
567.75,58.39
567.76,58.39
567.77,58.38
567.79,58.38
567.80,58.38
567.82,58.38
567.83,58.38
567.85,58.38
567.86,58.37
567.88,58.37
567.89,58.37
567.91,58.37
567.92,58.37
567.94,58.37
567.95,58.37
567.97,58.36
567.98,58.36
568.00,58.36
568.01,58.36
568.02,58.36
568.04,58.36
568.05,58.36
568.07,58.35
568.08,58.35
568.10,58.35
568.11,58.35
568.13,58.35
568.14,58.35
568.16,58.35
568.17,58.34
568.19,58.35
568.20,58.34
568.22,58.34
568.23,58.34
568.25,58.34
568.26,58.34
568.27,58.34
568.29,58.34
568.30,58.33
568.32,58.33
568.33,58.33
568.35,58.33
568.36,58.33
568.38,58.33
568.39,58.33
568.41,58.32
568.42,58.32
568.44,58.32
568.45,58.32
568.47,58.32
568.48,58.32
568.50,58.31
568.51,58.31
568.52,58.31
568.54,58.31
568.55,58.31
568.57,58.31
568.58,58.31
568.60,58.30
568.61,58.30
568.63,58.31
568.64,58.30
568.66,58.30
568.67,58.30
568.69,58.30
568.70,58.29
568.72,58.30
568.73,58.29
568.75,58.29
568.76,58.29
568.77,58.29
568.79,58.29
568.80,58.29
568.82,58.29
568.83,58.28
568.85,58.28
568.86,58.28
568.88,58.28
568.89,58.28
568.91,58.28
568.92,58.28
568.94,58.27
568.95,58.27
568.97,58.27
568.98,58.27
569.00,58.27
569.01,58.27
569.02,58.27
569.04,58.26
569.05,58.26
569.07,58.26
569.08,58.26
569.10,58.26
569.11,58.26
569.13,58.26
569.14,58.25
569.16,58.26
569.17,58.25
569.19,58.25
569.20,58.25
569.22,58.25
569.23,58.25
569.25,58.25
569.26,58.25
569.28,58.24
569.29,58.24
569.30,58.24
569.32,58.24
569.33,58.24
569.35,58.24
569.36,58.24
569.38,58.23
569.39,58.23
569.41,58.23
569.42,58.23
569.44,58.23
569.45,58.23
569.47,58.23
569.48,58.22
569.50,58.22
569.51,58.22
569.53,58.22
569.54,58.22
569.55,58.22
569.57,58.21
569.58,58.21
569.60,58.22
569.61,58.21
569.63,58.21
569.64,58.21
569.66,58.21
569.67,58.20
569.69,58.21
569.70,58.21
569.72,58.20
569.73,58.20
569.75,58.20
569.76,58.20
569.78,58.20
569.79,58.20
569.80,58.19
569.82,58.19
569.83,58.19
569.85,58.19
569.86,58.19
569.88,58.19
569.89,58.19
569.91,58.18
569.92,58.18
569.94,58.18
569.95,58.18
569.97,58.18
569.98,58.18
570.00,58.18
570.01,58.17
570.03,58.17
570.04,58.17
570.05,58.17
570.07,58.17
570.08,58.17
570.10,58.17
570.11,58.16
570.13,58.17
570.14,58.16
570.16,58.16
570.17,58.16
570.19,58.16
570.20,58.16
570.22,58.16
570.23,58.16
570.25,58.15
570.26,58.15
570.28,58.15
570.29,58.15
570.30,58.15
570.32,58.15
570.33,58.15
570.35,58.14
570.36,58.14
570.38,58.14
570.39,58.14
570.41,58.14
570.42,58.14
570.44,58.15
570.45,58.15
570.47,58.15
570.48,58.15
570.50,58.15
570.51,58.15
570.53,58.15
570.54,58.15
570.55,58.15
570.57,58.15
570.58,58.15
570.60,58.15
570.61,58.15
570.63,58.15
570.64,58.15
570.66,58.15
570.67,58.15
570.69,58.15
570.70,58.15
570.72,58.15
570.73,58.15
570.75,58.15
570.76,58.15
570.78,58.15
570.79,58.15
570.80,58.15
570.82,58.15
570.83,58.15
570.85,58.15
570.86,58.15
570.88,58.15
570.89,58.15
570.91,58.15
570.92,58.15
570.94,58.15
570.95,58.15
570.97,58.15
570.98,58.15
571.00,58.15
571.01,58.15
571.03,58.15
571.04,58.15
571.06,58.15
571.07,58.15
571.08,58.15
571.10,58.15
571.11,58.15
571.13,58.15
571.14,58.15
571.16,58.15
571.17,58.15
571.19,58.15
571.20,58.15
571.22,58.15
571.23,58.15
571.25,58.15
571.26,58.15
571.28,58.15
571.29,58.15
571.31,58.15
571.32,58.15
571.33,58.15
571.35,58.15
571.36,58.15
571.38,58.16
571.39,58.15
571.41,58.15
571.42,58.15
571.44,58.15
571.45,58.15
571.47,58.16
571.48,58.16
571.50,58.16
571.51,58.17
571.53,58.17
571.54,58.17
571.56,58.17
571.57,58.18
571.58,58.18
571.60,58.18
571.61,58.18
571.63,58.19
571.64,58.19
571.66,58.19
571.67,58.20
571.69,58.20
571.70,58.20
571.72,58.20
571.73,58.21
571.75,58.21
571.76,58.21
571.78,58.21
571.79,58.22
571.81,58.22
571.82,58.22
571.83,58.22
571.85,58.23
571.86,58.23
571.88,58.23
571.89,58.24
571.91,58.24
571.92,58.24
571.94,58.24
571.95,58.25
571.97,58.25
571.98,58.25
572.00,58.25
572.01,58.24
572.03,58.24
572.04,58.24
572.06,58.24
572.07,58.24
572.08,58.24
572.10,58.23
572.11,58.23
572.13,58.24
572.14,58.23
572.16,58.23
572.17,58.23
572.19,58.23
572.20,58.22
572.22,58.23
572.23,58.23
572.25,58.22
572.26,58.22
572.28,58.22
572.29,58.22
572.31,58.22
572.32,58.22
572.33,58.21
572.35,58.21
572.36,58.21
572.38,58.21
572.39,58.21
572.41,58.21
572.42,58.21
572.44,58.20
572.45,58.20
572.47,58.20
572.48,58.20
572.50,58.20
572.51,58.20
572.53,58.20
572.54,58.19
572.56,58.19
572.57,58.19
572.59,58.19
572.60,58.19
572.61,58.19
572.63,58.19
572.64,58.18
572.66,58.19
572.67,58.18
572.69,58.18
572.70,58.18
572.72,58.18
572.73,58.18
572.75,58.18
572.76,58.18
572.78,58.17
572.79,58.17
572.81,58.17
572.82,58.17
572.84,58.17
572.85,58.17
572.86,58.17
572.88,58.16
572.89,58.16
572.91,58.16
572.92,58.16
572.94,58.16
572.95,58.16
572.97,58.16
572.98,58.15
573.00,58.15
573.01,58.15
573.03,58.15
573.04,58.15
573.06,58.15
573.07,58.15
573.09,58.14
573.10,58.15
573.11,58.14
573.13,58.14
573.14,58.14
573.16,58.14
573.17,58.14
573.19,58.14
573.20,58.14
573.22,58.13
573.23,58.13
573.25,58.13
573.26,58.13
573.28,58.13
573.29,58.13
573.31,58.13
573.32,58.12
573.34,58.12
573.35,58.12
573.36,58.12
573.38,58.12
573.39,58.12
573.41,58.12
573.42,58.11
573.44,58.11
573.45,58.11
573.47,58.11
573.48,58.11
573.50,58.11
573.51,58.11
573.53,58.10
573.54,58.11
573.56,58.10
573.57,58.10
573.59,58.10
573.60,58.10
573.61,58.10
573.63,58.10
573.64,58.10
573.66,58.09
573.67,58.09
573.69,58.09
573.70,58.09
573.72,58.09
573.73,58.09
573.75,58.09
573.76,58.08
573.78,58.08
573.79,58.08
573.81,58.08
573.82,58.08
573.84,58.08
573.85,58.08
573.86,58.07
573.88,58.07
573.89,58.07
573.91,58.07
573.92,58.07
573.94,58.07
573.95,58.07
573.97,58.06
573.98,58.07
574.00,58.06
574.01,58.06
574.03,58.06
574.04,58.06
574.06,58.06
574.07,58.06
574.09,58.06
574.10,58.05
574.12,58.05
574.13,58.05
574.14,58.05
574.16,58.05
574.17,58.05
574.19,58.05
574.20,58.05
574.22,58.05
574.23,58.05
574.25,58.05
574.26,58.05
574.28,58.05
574.29,58.05
574.31,58.05
574.32,58.05
574.34,58.05
574.35,58.05
574.37,58.05
574.38,58.05
574.39,58.05
574.41,58.05
574.42,58.06
574.44,58.06
574.45,58.06
574.47,58.06
574.48,58.06
574.50,58.06
574.51,58.06
574.53,58.05
574.54,58.05
574.56,58.06
574.57,58.06
574.59,58.06
574.60,58.07
574.62,58.07
574.63,58.07
574.64,58.07
574.66,58.08
574.67,58.08
574.69,58.08
574.70,58.08
574.72,58.09
574.73,58.09
574.75,58.09
574.76,58.10
574.78,58.09
574.79,58.09
574.81,58.09
574.82,58.09
574.84,58.08
574.85,58.09
574.87,58.09
574.88,58.08
574.89,58.08
574.91,58.08
574.92,58.08
574.94,58.08
574.95,58.08
574.97,58.08
574.98,58.07
575.00,58.07
575.01,58.07
575.03,58.07
575.04,58.07
575.06,58.07
575.07,58.06
575.09,58.06
575.10,58.06
575.12,58.06
575.13,58.06
575.14,58.06
575.16,58.06
575.17,58.06
575.19,58.06
575.20,58.06
575.22,58.06
575.23,58.06
575.25,58.06
575.26,58.06
575.28,58.06
575.29,58.06
575.31,58.06
575.32,58.06
575.34,58.06
575.35,58.06
575.37,58.06
575.38,58.06
575.39,58.06
575.41,58.06
575.42,58.06
575.44,58.06
575.45,58.06
575.47,58.06
575.48,58.06
575.50,58.06
575.51,58.07
575.53,58.07
575.54,58.07
575.56,58.08
575.57,58.08
575.59,58.08
575.60,58.08
575.62,58.08
575.63,58.08
575.65,58.08
575.66,58.08
575.67,58.08
575.69,58.08
575.70,58.07
575.72,58.07
575.73,58.07
575.75,58.07
575.76,58.07
575.78,58.07
575.79,58.07
575.81,58.06
575.82,58.07
575.84,58.06
575.85,58.06
575.87,58.06
575.88,58.06
575.90,58.05
575.91,58.06
575.92,58.06
575.94,58.05
575.95,58.05
575.97,58.05
575.98,58.05
576.00,58.05
576.01,58.05
576.03,58.05
576.04,58.04
576.06,58.04
576.07,58.04
576.09,58.04
576.10,58.04
576.12,58.04
576.13,58.04
576.15,58.04
576.16,58.04
576.17,58.04
576.19,58.04
576.20,58.04
576.22,58.04
576.23,58.04
576.25,58.04
576.26,58.04
576.28,58.04
576.29,58.04
576.31,58.04
576.32,58.04
576.34,58.04
576.35,58.04
576.37,58.04
576.38,58.05
576.40,58.05
576.41,58.05
576.42,58.05
576.44,58.05
576.45,58.05
576.47,58.05
576.48,58.05
576.50,58.05
576.51,58.05
576.53,58.05
576.54,58.05
576.56,58.05
576.57,58.05
576.59,58.05
576.60,58.05
576.62,58.05
576.63,58.05
576.65,58.05
576.66,58.05
576.67,58.05
576.69,58.05
576.70,58.05
576.72,58.05
576.73,58.05
576.75,58.05
576.76,58.05
576.78,58.05
576.79,58.05
576.81,58.05
576.82,58.05
576.84,58.05
576.85,58.05
576.87,58.05
576.88,58.05
576.90,58.05
576.91,58.05
576.92,58.05
576.94,58.05
576.95,58.05
576.97,58.05
576.98,58.05
577.00,58.05
577.01,58.05
577.03,58.05
577.04,58.05
577.06,58.05
577.07,58.05
577.09,58.05
577.10,58.05
577.12,58.05
577.13,58.05
577.15,58.05
577.16,58.05
577.18,58.05
577.19,58.05
577.20,58.05
577.22,58.05
577.23,58.05
577.25,58.05
577.26,58.05
577.28,58.05
577.29,58.05
577.31,58.05
577.32,58.05
577.34,58.05
577.35,58.05
577.37,58.05
577.38,58.05
577.40,58.05
577.41,58.05
577.43,58.05
577.44,58.05
577.45,58.05
577.47,58.05
577.48,58.05
577.50,58.05
577.51,58.05
577.53,58.05
577.54,58.06
577.56,58.06
577.57,58.06
577.59,58.06
577.60,58.07
577.62,58.07
577.63,58.07
577.65,58.07
577.66,58.08
577.68,58.08
577.69,58.08
577.70,58.09
577.72,58.09
577.73,58.09
577.75,58.09
577.76,58.10
577.78,58.10
577.79,58.10
577.81,58.10
577.82,58.11
577.84,58.11
577.85,58.11
577.87,58.12
577.88,58.12
577.90,58.12
577.91,58.12
577.93,58.13
577.94,58.13
577.95,58.13
577.97,58.14
577.98,58.14
578.00,58.14
578.01,58.14
578.03,58.15
578.04,58.15
578.06,58.15
578.07,58.15
578.09,58.16
578.10,58.16
578.12,58.16
578.13,58.17
578.15,58.17
578.16,58.17
578.18,58.17
578.19,58.17
578.20,58.17
578.22,58.17
578.23,58.17
578.25,58.17
578.26,58.17
578.28,58.16
578.29,58.17
578.31,58.16
578.32,58.16
578.34,58.16
578.35,58.16
578.37,58.16
578.38,58.16
578.40,58.16
578.41,58.15
578.43,58.15
578.44,58.15
578.45,58.15
578.47,58.15
578.48,58.15
578.50,58.15
578.51,58.14
578.53,58.14
578.54,58.14
578.56,58.14
578.57,58.14
578.59,58.14
578.60,58.14
578.62,58.13
578.63,58.13
578.65,58.13
578.66,58.13
578.68,58.13
578.69,58.13
578.71,58.12
578.72,58.12
578.73,58.13
578.75,58.12
578.76,58.12
578.78,58.12
578.79,58.12
578.81,58.11
578.82,58.12
578.84,58.12
578.85,58.11
578.87,58.11
578.88,58.11
578.90,58.11
578.91,58.11
578.93,58.11
578.94,58.11
578.96,58.10
578.97,58.10
578.98,58.10
579.00,58.10
579.01,58.10
579.03,58.10
579.04,58.10
579.06,58.09
579.07,58.09
579.09,58.09
579.10,58.09
579.12,58.09
579.13,58.09
579.15,58.08
579.16,58.08
579.18,58.09
579.19,58.08
579.21,58.08
579.22,58.08
579.23,58.08
579.25,58.07
579.26,58.08
579.28,58.08
579.29,58.07
579.31,58.07
579.32,58.07
579.34,58.07
579.35,58.07
579.37,58.07
579.38,58.07
579.40,58.06
579.41,58.06
579.43,58.06
579.44,58.06
579.46,58.06
579.47,58.06
579.48,58.06
579.50,58.05
579.51,58.05
579.53,58.05
579.54,58.05
579.56,58.05
579.57,58.05
579.59,58.04
579.60,58.04
579.62,58.05
579.63,58.04
579.65,58.04
579.66,58.04
579.68,58.04
579.69,58.03
579.71,58.04
579.72,58.04
579.73,58.03
579.75,58.03
579.76,58.03
579.78,58.03
579.79,58.03
579.81,58.03
579.82,58.03
579.84,58.02
579.85,58.02
579.87,58.02
579.88,58.02
579.90,58.02
579.91,58.02
579.93,58.02
579.94,58.01
579.96,58.01
579.97,58.01
579.98,58.01
580.00,58.01
580.01,58.01
580.03,58.00
580.04,58.00
580.06,58.01
580.07,58.00
580.09,58.00
580.10,58.00
580.12,58.00
580.13,57.99
580.15,58.00
580.16,58.00
580.18,57.99
580.19,57.99
580.21,57.99
580.22,57.99
580.24,57.99
580.25,57.99
580.26,57.99
580.28,57.98
580.29,57.98
580.31,57.98
580.32,57.98
580.34,57.98
580.35,57.98
580.37,57.98
580.38,57.97
580.40,57.97
580.41,57.97
580.43,57.97
580.44,57.97
580.46,57.97
580.47,57.97
580.49,57.96
580.50,57.97
580.51,57.96
580.53,57.96
580.54,57.96
580.56,57.96
580.57,57.96
580.59,57.96
580.60,57.96
580.62,57.95
580.63,57.95
580.65,57.95
580.66,57.95
580.68,57.95
580.69,57.95
580.71,57.95
580.72,57.94
580.74,57.94
580.75,57.94
580.76,57.94
580.78,57.94
580.79,57.94
580.81,57.94
580.82,57.93
580.84,57.93
580.85,57.93
580.87,57.93
580.88,57.93
580.90,57.93
580.91,57.93
580.93,57.92
580.94,57.93
580.96,57.92
580.97,57.92
580.99,57.92
581.00,57.92
581.01,57.92
581.03,57.92
581.04,57.92
581.06,57.91
581.07,57.91
581.09,57.91
581.10,57.91
581.12,57.91
581.13,57.91
581.15,57.91
581.16,57.90
581.18,57.90
581.19,57.90
581.21,57.90
581.22,57.90
581.24,57.90
581.25,57.90
581.26,57.89
581.28,57.89
581.29,57.90
581.31,57.89
581.32,57.89
581.34,57.89
581.35,57.89
581.37,57.88
581.38,57.89
581.40,57.89
581.41,57.88
581.43,57.88
581.44,57.88
581.46,57.88
581.47,57.88
581.49,57.88
581.50,57.88
581.51,57.88
581.53,57.88
581.54,57.88
581.56,57.88
581.57,57.88
581.59,57.88
581.60,57.88
581.62,57.88
581.63,57.88
581.65,57.88
581.66,57.88
581.68,57.88
581.69,57.88
581.71,57.88
581.72,57.88
581.74,57.88
581.75,57.88
581.77,57.88
581.78,57.88
581.79,57.88
581.81,57.88
581.82,57.88
581.84,57.88
581.85,57.88
581.87,57.88
581.88,57.88
581.90,57.88
581.91,57.88
581.93,57.88
581.94,57.88
581.96,57.88
581.97,57.89
581.99,57.89
582.00,57.89
582.02,57.89
582.03,57.90
582.04,57.90
582.06,57.90
582.07,57.91
582.09,57.91
582.10,57.91
582.12,57.91
582.13,57.92
582.15,57.92
582.16,57.92
582.18,57.92
582.19,57.92
582.21,57.92
582.22,57.92
582.24,57.92
582.25,57.92
582.27,57.92
582.28,57.92
582.29,57.92
582.31,57.92
582.32,57.92
582.34,57.92
582.35,57.92
582.37,57.93
582.38,57.93
582.40,57.93
582.41,57.93
582.43,57.93
582.44,57.93
582.46,57.93
582.47,57.92
582.49,57.92
582.50,57.93
582.52,57.93
582.53,57.93
582.54,57.94
582.56,57.94
582.57,57.94
582.59,57.94
582.60,57.95
582.62,57.95
582.63,57.95
582.65,57.95
582.66,57.96
582.68,57.96
582.69,57.96
582.71,57.96
582.72,57.96
582.74,57.96
582.75,57.95
582.77,57.95
582.78,57.95
582.79,57.95
582.81,57.95
582.82,57.95
582.84,57.95
582.85,57.94
582.87,57.94
582.88,57.94
582.90,57.94
582.91,57.94
582.93,57.94
582.94,57.94
582.96,57.93
582.97,57.93
582.99,57.94
583.00,57.93
583.02,57.93
583.03,57.93
583.04,57.93
583.06,57.92
583.07,57.93
583.09,57.93
583.10,57.92
583.12,57.92
583.13,57.92
583.15,57.92
583.16,57.92
583.18,57.92
583.19,57.92
583.21,57.91
583.22,57.91
583.24,57.91
583.25,57.91
583.27,57.91
583.28,57.91
583.30,57.91
583.31,57.90
583.32,57.90
583.34,57.90
583.35,57.90
583.37,57.90
583.38,57.90
583.40,57.90
583.41,57.89
583.43,57.90
583.44,57.89
583.46,57.89
583.47,57.89
583.49,57.89
583.50,57.89
583.52,57.89
583.53,57.89
583.55,57.88
583.56,57.88
583.57,57.88
583.59,57.88
583.60,57.88
583.62,57.88
583.63,57.88
583.65,57.89
583.66,57.89
583.68,57.89
583.69,57.89
583.71,57.89
583.72,57.89
583.74,57.89
583.75,57.89
583.77,57.89
583.78,57.89
583.80,57.89
583.81,57.89
583.82,57.89
583.84,57.89
583.85,57.89
583.87,57.89
583.88,57.89
583.90,57.89
583.91,57.89
583.93,57.89
583.94,57.89
583.96,57.89
583.97,57.89
583.99,57.89
584.00,57.89
584.02,57.89
584.03,57.89
584.05,57.89
584.06,57.89
584.07,57.89
584.09,57.89
584.10,57.89
584.12,57.89
584.13,57.89
584.15,57.89
584.16,57.89
584.18,57.89
584.19,57.89
584.21,57.89
584.22,57.89
584.24,57.89
584.25,57.90
584.27,57.90
584.28,57.90
584.30,57.91
584.31,57.91
584.32,57.91
584.34,57.91
584.35,57.92
584.37,57.92
584.38,57.92
584.40,57.92
584.41,57.93
584.43,57.93
584.44,57.93
584.46,57.94
584.47,57.94
584.49,57.94
584.50,57.94
584.52,57.94
584.53,57.94
584.55,57.94
584.56,57.94
584.57,57.93
584.59,57.93
584.60,57.93
584.62,57.93
584.63,57.93
584.65,57.93
584.66,57.93
584.68,57.92
584.69,57.93
584.71,57.92
584.72,57.92
584.74,57.92
584.75,57.92
584.77,57.92
584.78,57.92
584.80,57.92
584.81,57.91
584.83,57.91
584.84,57.91
584.85,57.91
584.87,57.91
584.88,57.91
584.90,57.91
584.91,57.90
584.93,57.90
584.94,57.90
584.96,57.90
584.97,57.90
584.99,57.90
585.00,57.90
585.02,57.89
585.03,57.89
585.05,57.89
585.06,57.89
585.08,57.89
585.09,57.89
585.10,57.89
585.12,57.88
585.13,57.89
585.15,57.88
585.16,57.88
585.18,57.88
585.19,57.88
585.21,57.88
585.22,57.88
585.24,57.88
585.25,57.87
585.27,57.87
585.28,57.87
585.30,57.87
585.31,57.87
585.33,57.87
585.34,57.87
585.35,57.86
585.37,57.86
585.38,57.86
585.40,57.86
585.41,57.86
585.43,57.86
585.44,57.86
585.46,57.85
585.47,57.85
585.49,57.86
585.50,57.85
585.52,57.85
585.53,57.85
585.55,57.85
585.56,57.84
585.58,57.85
585.59,57.85
585.60,57.84
585.62,57.84
585.63,57.84
585.65,57.84
585.66,57.84
585.68,57.84
585.69,57.84
585.71,57.83
585.72,57.83
585.74,57.83
585.75,57.83
585.77,57.83
585.78,57.83
585.80,57.83
585.81,57.82
585.83,57.82
585.84,57.82
585.85,57.82
585.87,57.82
585.88,57.82
585.90,57.82
585.91,57.81
585.93,57.82
585.94,57.81
585.96,57.81
585.97,57.81
585.99,57.81
586.00,57.81
586.02,57.81
586.03,57.81
586.05,57.80
586.06,57.80
586.08,57.80
586.09,57.80
586.10,57.80
586.12,57.80
586.13,57.80
586.15,57.79
586.16,57.79
586.18,57.79
586.19,57.79
586.21,57.79
586.22,57.79
586.24,57.79
586.25,57.78
586.27,57.78
586.28,57.79
586.30,57.78
586.31,57.78
586.33,57.78
586.34,57.78
586.36,57.77
586.37,57.78
586.38,57.78
586.40,57.77
586.41,57.77
586.43,57.77
586.44,57.77
586.46,57.77
586.47,57.77
586.49,57.77
586.50,57.77
586.52,57.77
586.53,57.77
586.55,57.77
586.56,57.77
586.58,57.77
586.59,57.77
586.61,57.77
586.62,57.77
586.63,57.78
586.65,57.78
586.66,57.78
586.68,57.78
586.69,57.78
586.71,57.78
586.72,57.78
586.74,57.78
586.75,57.78
586.77,57.78
586.78,57.78
586.80,57.78
586.81,57.78
586.83,57.78
586.84,57.78
586.86,57.77
586.87,57.77
586.88,57.77
586.90,57.77
586.91,57.77
586.93,57.77
586.94,57.77
586.96,57.77
586.97,57.78
586.99,57.78
587.00,57.78
587.02,57.78
587.03,57.77
587.05,57.77
587.06,57.77
587.08,57.77
587.09,57.77
587.11,57.78
587.12,57.78
587.13,57.78
587.15,57.79
587.16,57.79
587.18,57.79
587.19,57.79
587.21,57.80
587.22,57.80
587.24,57.80
587.25,57.81
587.27,57.81
587.28,57.81
587.30,57.81
587.31,57.82
587.33,57.82
587.34,57.82
587.36,57.83
587.37,57.83
587.38,57.83
587.40,57.83
587.41,57.84
587.43,57.84
587.44,57.84
587.46,57.85
587.47,57.85
587.49,57.85
587.50,57.85
587.52,57.86
587.53,57.86
587.55,57.86
587.56,57.86
587.58,57.87
587.59,57.87
587.61,57.87
587.62,57.87
587.63,57.87
587.65,57.87
587.66,57.87
587.68,57.87
587.69,57.87
587.71,57.87
587.72,57.87
587.74,57.88
587.75,57.88
587.77,57.88
587.78,57.88
587.80,57.88
587.81,57.88
587.83,57.88
587.84,57.88
587.86,57.88
587.87,57.88
587.89,57.88
587.90,57.88
587.91,57.87
587.93,57.87
587.94,57.87
587.96,57.88
587.97,57.88
587.99,57.88
588.00,57.88
588.02,57.89
588.03,57.89
588.05,57.89
588.06,57.90
588.08,57.90
588.09,57.90
588.11,57.90
588.12,57.91
588.14,57.91
588.15,57.91
588.16,57.92
588.18,57.92
588.19,57.92
588.21,57.92
588.22,57.93
588.24,57.93
588.25,57.93
588.27,57.94
588.28,57.94
588.30,57.94
588.31,57.94
588.33,57.95
588.34,57.95
588.36,57.95
588.37,57.95
588.39,57.96
588.40,57.96
588.41,57.96
588.43,57.97
588.44,57.97
588.46,57.97
588.47,57.97
588.49,57.98
588.50,57.98
588.52,57.98
588.53,57.99
588.55,57.99
588.56,57.99
588.58,57.99
588.59,58.00
588.61,58.00
588.62,58.00
588.64,58.00
588.65,58.01
588.66,58.01
588.68,58.01
588.69,58.02
588.71,58.02
588.72,58.02
588.74,58.02
588.75,58.03
588.77,58.03
588.78,58.03
588.80,58.04
588.81,58.04
588.83,58.04
588.84,58.04
588.86,58.05
588.87,58.05
588.89,58.05
588.90,58.05
588.91,58.06
588.93,58.06
588.94,58.06
588.96,58.07
588.97,58.07
588.99,58.07
589.00,58.07
589.02,58.08
589.03,58.08
589.05,58.08
589.06,58.09
589.08,58.09
589.09,58.09
589.11,58.09
589.12,58.10
589.14,58.10
589.15,58.10
589.16,58.10
589.18,58.11
589.19,58.11
589.21,58.11
589.22,58.12
589.24,58.12
589.25,58.12
589.27,58.12
589.28,58.13
589.30,58.13
589.31,58.13
589.33,58.14
589.34,58.14
589.36,58.14
589.37,58.14
589.39,58.15
589.40,58.15
589.42,58.15
589.43,58.15
589.44,58.16
589.46,58.16
589.47,58.16
589.49,58.17
589.50,58.17
589.52,58.17
589.53,58.17
589.55,58.18
589.56,58.18
589.58,58.18
589.59,58.18
589.61,58.19
589.62,58.19
589.64,58.19
589.65,58.20
589.67,58.20
589.68,58.20
589.69,58.20
589.71,58.21
589.72,58.21
589.74,58.21
589.75,58.22
589.77,58.22
589.78,58.22
589.80,58.22
589.81,58.23
589.83,58.23
589.84,58.23
589.86,58.23
589.87,58.23
589.89,58.23
589.90,58.23
589.92,58.23
589.93,58.24
589.94,58.24
589.96,58.24
589.97,58.24
589.99,58.24
590.00,58.24
590.02,58.24
590.03,58.24
590.05,58.24
590.06,58.24
590.08,58.24
590.09,58.24
590.11,58.24
590.12,58.24
590.14,58.24
590.15,58.24
590.17,58.24
590.18,58.24
590.19,58.24
590.21,58.24
590.22,58.24
590.24,58.24
590.25,58.24
590.27,58.24
590.28,58.24
590.30,58.24
590.31,58.24
590.33,58.24
590.34,58.24
590.36,58.24
590.37,58.24
590.39,58.24
590.40,58.24
590.42,58.24
590.43,58.24
590.44,58.24
590.46,58.24
590.47,58.24
590.49,58.24
590.50,58.24
590.52,58.24
590.53,58.24
590.55,58.24
590.56,58.24
590.58,58.23
590.59,58.24
590.61,58.24
590.62,58.24
590.64,58.25
590.65,58.25
590.67,58.25
590.68,58.25
590.69,58.26
590.71,58.26
590.72,58.26
590.74,58.27
590.75,58.27
590.77,58.27
590.78,58.27
590.80,58.28
590.81,58.28
590.83,58.28
590.84,58.28
590.86,58.29
590.87,58.29
590.89,58.29
590.90,58.30
590.92,58.30
590.93,58.30
590.94,58.30
590.96,58.31
590.97,58.31
590.99,58.31
591.00,58.31
591.02,58.31
591.03,58.31
591.05,58.31
591.06,58.31
591.08,58.31
591.09,58.31
591.11,58.31
591.12,58.31
591.14,58.31
591.15,58.31
591.17,58.31
591.18,58.31
591.20,58.31
591.21,58.31
591.22,58.31
591.24,58.31
591.25,58.31
591.27,58.31
591.28,58.31
591.30,58.30
591.31,58.30
591.33,58.31
591.34,58.31
591.36,58.31
591.37,58.31
591.39,58.32
591.40,58.32
591.42,58.32
591.43,58.32
591.45,58.33
591.46,58.33
591.47,58.33
591.49,58.34
591.50,58.34
591.52,58.34
591.53,58.34
591.55,58.35
591.56,58.35
591.58,58.35
591.59,58.35
591.61,58.36
591.62,58.36
591.64,58.36
591.65,58.37
591.67,58.37
591.68,58.37
591.70,58.37
591.71,58.38
591.72,58.38
591.74,58.38
591.75,58.38
591.77,58.39
591.78,58.39
591.80,58.39
591.81,58.40
591.83,58.40
591.84,58.40
591.86,58.40
591.87,58.41
591.89,58.41
591.90,58.41
591.92,58.41
591.93,58.42
591.95,58.42
591.96,58.42
591.97,58.42
591.99,58.43
592.00,58.43
592.02,58.43
592.03,58.44
592.05,58.44
592.06,58.44
592.08,58.44
592.09,58.45
592.11,58.45
592.12,58.45
592.14,58.45
592.15,58.46
592.17,58.46
592.18,58.46
592.20,58.47
592.21,58.47
592.22,58.47
592.24,58.47
592.25,58.48
592.27,58.48
592.28,58.48
592.30,58.48
592.31,58.49
592.33,58.49
592.34,58.49
592.36,58.50
592.37,58.50
592.39,58.50
592.40,58.50
592.42,58.51
592.43,58.51
592.45,58.51
592.46,58.51
592.47,58.52
592.49,58.52
592.50,58.52
592.52,58.52
592.53,58.53
592.55,58.53
592.56,58.53
592.58,58.54
592.59,58.54
592.61,58.54
592.62,58.54
592.64,58.55
592.65,58.55
592.67,58.55
592.68,58.55
592.70,58.56
592.71,58.56
592.73,58.56
592.74,58.57
592.75,58.57
592.77,58.57
592.78,58.57
592.80,58.58
592.81,58.58
592.83,58.58
592.84,58.58
592.86,58.59
592.87,58.59
592.89,58.59
592.90,58.59
592.92,58.60
592.93,58.60
592.95,58.60
592.96,58.61
592.98,58.61
592.99,58.61
593.00,58.61
593.02,58.62
593.03,58.62
593.05,58.62
593.06,58.62
593.08,58.63
593.09,58.63
593.11,58.63
593.12,58.63
593.14,58.64
593.15,58.64
593.17,58.64
593.18,58.65
593.20,58.65
593.21,58.65
593.23,58.65
593.24,58.66
593.25,58.66
593.27,58.66
593.28,58.66
593.30,58.67
593.31,58.67
593.33,58.67
593.34,58.67
593.36,58.68
593.37,58.68
593.39,58.68
593.40,58.69
593.42,58.69
593.43,58.69
593.45,58.69
593.46,58.70
593.48,58.70
593.49,58.70
593.50,58.70
593.52,58.71
593.53,58.71
593.55,58.71
593.56,58.71
593.58,58.72
593.59,58.72
593.61,58.72
593.62,58.73
593.64,58.73
593.65,58.73
593.67,58.73
593.68,58.74
593.70,58.74
593.71,58.74
593.73,58.74
593.74,58.75
593.75,58.75
593.77,58.75
593.78,58.75
593.80,58.76
593.81,58.76
593.83,58.76
593.84,58.77
593.86,58.77
593.87,58.77
593.89,58.77
593.90,58.78
593.92,58.78
593.93,58.78
593.95,58.78
593.96,58.79
593.98,58.79
593.99,58.79
594.00,58.79
594.02,58.80
594.03,58.80
594.05,58.80
594.06,58.81
594.08,58.81
594.09,58.81
594.11,58.81
594.12,58.82
594.14,58.82
594.15,58.82
594.17,58.82
594.18,58.83
594.20,58.83
594.21,58.83
594.23,58.83
594.24,58.84
594.26,58.84
594.27,58.84
594.28,58.84
594.30,58.85
594.31,58.85
594.33,58.85
594.34,58.85
594.36,58.85
594.37,58.85
594.39,58.85
594.40,58.85
594.42,58.85
594.43,58.85
594.45,58.85
594.46,58.85
594.48,58.85
594.49,58.85
594.51,58.85
594.52,58.85
594.53,58.85
594.55,58.85
594.56,58.85
594.58,58.85
594.59,58.85
594.61,58.85
594.62,58.85
594.64,58.85
594.65,58.85
594.67,58.85
594.68,58.85
594.70,58.85
594.71,58.85
594.73,58.85
594.74,58.85
594.76,58.85
594.77,58.85
594.78,58.85
594.80,58.85
594.81,58.85
594.83,58.85
594.84,58.85
594.86,58.85
594.87,58.85
594.89,58.85
594.90,58.85
594.92,58.85
594.93,58.85
594.95,58.85
594.96,58.85
594.98,58.85
594.99,58.85
595.01,58.85
595.02,58.85
595.03,58.85
595.05,58.85
595.06,58.85
595.08,58.85
595.09,58.85
595.11,58.85
595.12,58.85
595.14,58.85
595.15,58.85
595.17,58.85
595.18,58.86
595.20,58.86
595.21,58.86
595.23,58.86
595.24,58.87
595.26,58.87
595.27,58.87
595.28,58.87
595.30,58.88
595.31,58.88
595.33,58.88
595.34,58.88
595.36,58.89
595.37,58.89
595.39,58.89
595.40,58.89
595.42,58.90
595.43,58.90
595.45,58.90
595.46,58.91
595.48,58.91
595.49,58.91
595.51,58.91
595.52,58.92
595.53,58.92
595.55,58.92
595.56,58.92
595.58,58.93
595.59,58.93
595.61,58.93
595.62,58.93
595.64,58.94
595.65,58.94
595.67,58.94
595.68,58.94
595.70,58.95
595.71,58.95
595.73,58.95
595.74,58.96
595.76,58.96
595.77,58.96
595.79,58.96
595.80,58.97
595.81,58.97
595.83,58.97
595.84,58.97
595.86,58.98
595.87,58.98
595.89,58.98
595.90,58.98
595.92,58.99
595.93,58.99
595.95,58.99
595.96,58.99
595.98,59.00
595.99,59.00
596.01,59.00
596.02,59.00
596.04,59.01
596.05,59.01
596.06,59.01
596.08,59.02
596.09,59.02
596.11,59.02
596.12,59.02
596.14,59.03
596.15,59.03
596.17,59.03
596.18,59.03
596.20,59.04
596.21,59.04
596.23,59.04
596.24,59.04
596.26,59.05
596.27,59.05
596.29,59.05
596.30,59.05
596.31,59.05
596.33,59.05
596.34,59.05
596.36,59.05
596.37,59.05
596.39,59.05
596.40,59.05
596.42,59.05
596.43,59.05
596.45,59.05
596.46,59.05
596.48,59.05
596.49,59.05
596.51,59.05
596.52,59.05
596.54,59.05
596.55,59.05
596.56,59.05
596.58,59.05
596.59,59.05
596.61,59.05
596.62,59.05
596.64,59.05
596.65,59.05
596.67,59.05
596.68,59.05
596.70,59.05
596.71,59.05
596.73,59.05
596.74,59.05
596.76,59.05
596.77,59.05
596.79,59.05
596.80,59.05
596.81,59.05
596.83,59.05
596.84,59.05
596.86,59.05
596.87,59.05
596.89,59.05
596.90,59.05
596.92,59.05
596.93,59.05
596.95,59.05
596.96,59.05
596.98,59.05
596.99,59.05
597.01,59.05
597.02,59.05
597.04,59.05
597.05,59.05
597.06,59.06
597.08,59.06
597.09,59.06
597.11,59.06
597.12,59.07
597.14,59.07
597.15,59.07
597.17,59.07
597.18,59.08
597.20,59.08
597.21,59.08
597.23,59.08
597.24,59.09
597.26,59.09
597.27,59.09
597.29,59.09
597.30,59.09
597.32,59.09
597.33,59.09
597.34,59.09
597.36,59.09
597.37,59.09
597.39,59.09
597.40,59.09
597.42,59.09
597.43,59.09
597.45,59.09
597.46,59.09
597.48,59.09
597.49,59.09
597.51,59.09
597.52,59.09
597.54,59.09
597.55,59.09
597.57,59.09
597.58,59.09
597.59,59.09
597.61,59.09
597.62,59.09
597.64,59.09
597.65,59.09
597.67,59.09
597.68,59.09
597.70,59.09
597.71,59.09
597.73,59.09
597.74,59.09
597.76,59.09
597.77,59.09
597.79,59.09
597.80,59.09
597.82,59.09
597.83,59.09
597.84,59.09
597.86,59.09
597.87,59.09
597.89,59.09
597.90,59.09
597.92,59.10
597.93,59.10
597.95,59.10
597.96,59.11
597.98,59.11
597.99,59.11
598.01,59.11
598.02,59.12
598.04,59.12
598.05,59.12
598.07,59.12
598.08,59.13
598.09,59.13
598.11,59.13
598.12,59.13
598.14,59.14
598.15,59.14
598.17,59.14
598.18,59.14
598.20,59.15
598.21,59.15
598.23,59.15
598.24,59.15
598.26,59.16
598.27,59.16
598.29,59.16
598.30,59.16
598.32,59.17
598.33,59.17
598.34,59.17
598.36,59.18
598.37,59.18
598.39,59.18
598.40,59.18
598.42,59.19
598.43,59.19
598.45,59.19
598.46,59.19
598.48,59.20
598.49,59.20
598.51,59.20
598.52,59.20
598.54,59.21
598.55,59.21
598.57,59.21
598.58,59.21
598.59,59.22
598.61,59.22
598.62,59.22
598.64,59.22
598.65,59.23
598.67,59.23
598.68,59.23
598.70,59.23
598.71,59.24
598.73,59.24
598.74,59.24
598.76,59.24
598.77,59.25
598.79,59.25
598.80,59.25
598.82,59.25
598.83,59.26
598.85,59.26
598.86,59.26
598.87,59.27
598.89,59.27
598.90,59.27
598.92,59.27
598.93,59.28
598.95,59.28
598.96,59.28
598.98,59.28
598.99,59.29
599.01,59.29
599.02,59.29
599.04,59.29
599.05,59.30
599.07,59.30
599.08,59.30
599.10,59.30
599.11,59.31
599.12,59.31
599.14,59.31
599.15,59.31
599.17,59.32
599.18,59.32
599.20,59.32
599.21,59.32
599.23,59.33
599.24,59.33
599.26,59.33
599.27,59.33
599.29,59.33
599.30,59.33
599.32,59.33
599.33,59.33
599.35,59.33
599.36,59.33
599.37,59.33
599.39,59.33
599.40,59.33
599.42,59.33
599.43,59.33
599.45,59.33
599.46,59.33
599.48,59.33
599.49,59.33
599.51,59.33
599.52,59.33
599.54,59.33
599.55,59.33
599.57,59.33
599.58,59.33
599.60,59.33
599.61,59.33
599.62,59.33
599.64,59.33
599.65,59.33
599.67,59.33
599.68,59.33
599.70,59.33
599.71,59.33
599.73,59.33
599.74,59.33
599.76,59.33
599.77,59.33
599.79,59.33
599.80,59.32
599.82,59.32
599.83,59.32
599.85,59.33
599.86,59.33
599.87,59.33
599.89,59.33
599.90,59.34
599.92,59.34
599.93,59.34
599.95,59.34
599.96,59.35
599.98,59.35
599.99,59.35
600.01,59.35
600.02,59.36
600.04,59.36
600.05,59.36
600.07,59.36
600.08,59.37
600.10,59.37
600.11,59.37
600.12,59.37
600.14,59.38
600.15,59.38
600.17,59.38
600.18,59.39
600.20,59.39
600.21,59.39
600.23,59.39
600.24,59.40
600.26,59.40
600.27,59.40
600.29,59.40
600.30,59.41
600.32,59.41
600.33,59.41
600.35,59.41
600.36,59.42
600.38,59.42
600.39,59.42
600.40,59.42
600.42,59.43
600.43,59.43
600.45,59.43
600.46,59.43
600.48,59.44
600.49,59.44
600.51,59.44
600.52,59.44
600.54,59.45
600.55,59.45
600.57,59.45
600.58,59.45
600.60,59.46
600.61,59.46
600.63,59.46
600.64,59.46
600.65,59.47
600.67,59.47
600.68,59.47
600.70,59.47
600.71,59.48
600.73,59.48
600.74,59.48
600.76,59.48
600.77,59.49
600.79,59.49
600.80,59.49
600.82,59.49
600.83,59.50
600.85,59.50
600.86,59.50
600.88,59.50
600.89,59.51
600.90,59.51
600.92,59.51
600.93,59.51
600.95,59.52
600.96,59.52
600.98,59.52
600.99,59.52
601.01,59.53
601.02,59.53
601.04,59.53
601.05,59.53
601.07,59.54
601.08,59.54
601.10,59.54
601.11,59.54
601.13,59.55
601.14,59.55
601.15,59.55
601.17,59.55
601.18,59.56
601.20,59.56
601.21,59.56
601.23,59.56
601.24,59.56
601.26,59.56
601.27,59.56
601.29,59.56
601.30,59.56
601.32,59.56
601.33,59.56
601.35,59.56
601.36,59.56
601.38,59.56
601.39,59.56
601.40,59.56
601.42,59.56
601.43,59.56
601.45,59.56
601.46,59.56
601.48,59.56
601.49,59.56
601.51,59.56
601.52,59.56
601.54,59.56
601.55,59.56
601.57,59.56
601.58,59.56
601.60,59.56
601.61,59.56
601.63,59.56
601.64,59.56
601.65,59.56
601.67,59.56
601.68,59.56
601.70,59.56
601.71,59.56
601.73,59.56
601.74,59.56
601.76,59.56
601.77,59.56
601.79,59.56
601.80,59.56
601.82,59.56
601.83,59.56
601.85,59.56
601.86,59.56
601.88,59.56
601.89,59.56
601.91,59.56
601.92,59.56
601.93,59.56
601.95,59.56
601.96,59.56
601.98,59.56
601.99,59.56
602.01,59.57
602.02,59.57
602.04,59.57
602.05,59.57
602.07,59.58
602.08,59.58
602.10,59.58
602.11,59.58
602.13,59.59
602.14,59.59
602.16,59.59
602.17,59.59
602.18,59.60
602.20,59.60
602.21,59.60
602.23,59.60
602.24,59.61
602.26,59.61
602.27,59.61
602.29,59.61
602.30,59.62
602.32,59.62
602.33,59.62
602.35,59.62
602.36,59.63
602.38,59.63
602.39,59.63
602.41,59.63
602.42,59.64
602.43,59.64
602.45,59.64
602.46,59.64
602.48,59.65
602.49,59.65
602.51,59.65
602.52,59.65
602.54,59.66
602.55,59.66
602.57,59.66
602.58,59.66
602.60,59.67
602.61,59.67
602.63,59.67
602.64,59.67
602.66,59.68
602.67,59.68
602.68,59.68
602.70,59.68
602.71,59.69
602.73,59.69
602.74,59.69
602.76,59.69
602.77,59.70
602.79,59.70
602.80,59.70
602.82,59.70
602.83,59.71
602.85,59.71
602.86,59.71
602.88,59.71
602.89,59.72
602.91,59.72
602.92,59.72
602.93,59.72
602.95,59.73
602.96,59.73
602.98,59.73
602.99,59.73
603.01,59.74
603.02,59.74
603.04,59.74
603.05,59.74
603.07,59.75
603.08,59.75
603.10,59.75
603.11,59.75
603.13,59.76
603.14,59.76
603.16,59.76
603.17,59.76
603.18,59.77
603.20,59.77
603.21,59.77
603.23,59.77
603.24,59.78
603.26,59.78
603.27,59.78
603.29,59.78
603.30,59.79
603.32,59.79
603.33,59.79
603.35,59.79
603.36,59.80
603.38,59.80
603.39,59.80
603.41,59.80
603.42,59.81
603.44,59.81
603.45,59.81
603.46,59.81
603.48,59.82
603.49,59.82
603.51,59.82
603.52,59.82
603.54,59.83
603.55,59.83
603.57,59.83
603.58,59.83
603.60,59.84
603.61,59.84
603.63,59.84
603.64,59.84
603.66,59.85
603.67,59.85
603.69,59.85
603.70,59.85
603.71,59.86
603.73,59.86
603.74,59.86
603.76,59.86
603.77,59.87
603.79,59.87
603.80,59.87
603.82,59.87
603.83,59.88
603.85,59.88
603.86,59.88
603.88,59.88
603.89,59.89
603.91,59.89
603.92,59.89
603.94,59.89
603.95,59.89
603.96,59.90
603.98,59.90
603.99,59.90
604.01,59.90
604.02,59.91
604.04,59.91
604.05,59.91
604.07,59.91
604.08,59.92
604.10,59.92
604.11,59.92
604.13,59.92
604.14,59.93
604.16,59.93
604.17,59.93
604.19,59.93
604.20,59.94
604.21,59.94
604.23,59.94
604.24,59.94
604.26,59.95
604.27,59.95
604.29,59.95
604.30,59.95
604.32,59.96
604.33,59.96
604.35,59.96
604.36,59.96
604.38,59.97
604.39,59.97
604.41,59.97
604.42,59.97
604.44,59.98
604.45,59.98
604.46,59.98
604.48,59.98
604.49,59.99
604.51,59.99
604.52,59.99
604.54,59.99
604.55,60.00
604.57,60.00
604.58,60.00
604.60,60.00
604.61,60.01
604.63,60.01
604.64,60.01
604.66,60.01
604.67,60.01
604.69,60.02
604.70,60.02
604.71,60.02
604.73,60.02
604.74,60.03
604.76,60.03
604.77,60.03
604.79,60.03
604.80,60.04
604.82,60.04
604.83,60.04
604.85,60.04
604.86,60.05
604.88,60.05
604.89,60.05
604.91,60.05
604.92,60.06
604.94,60.06
604.95,60.06
604.97,60.06
604.98,60.07
604.99,60.07
605.01,60.07
605.02,60.07
605.04,60.08
605.05,60.08
605.07,60.08
605.08,60.08
605.10,60.09
605.11,60.09
605.13,60.09
605.14,60.09
605.16,60.10
605.17,60.10
605.19,60.10
605.20,60.10
605.22,60.10
605.23,60.11
605.24,60.11
605.26,60.11
605.27,60.11
605.29,60.12
605.30,60.12
605.32,60.12
605.33,60.12
605.35,60.12
605.36,60.12
605.38,60.12
605.39,60.12
605.41,60.12
605.42,60.12
605.44,60.12
605.45,60.12
605.47,60.12
605.48,60.12
605.49,60.12
605.51,60.12
605.52,60.12
605.54,60.12
605.55,60.12
605.57,60.12
605.58,60.12
605.60,60.12
605.61,60.12
605.63,60.11
605.64,60.11
605.66,60.11
605.67,60.11
605.69,60.11
605.70,60.11
605.72,60.11
605.73,60.11
605.74,60.11
605.76,60.11
605.77,60.11
605.79,60.11
605.80,60.11
605.82,60.11
605.83,60.11
605.85,60.11
605.86,60.11
605.88,60.11
605.89,60.11
605.91,60.11
605.92,60.11
605.94,60.11
605.95,60.11
605.97,60.11
605.98,60.11
605.99,60.11
606.01,60.11
606.02,60.11
606.04,60.11
606.05,60.11
606.07,60.11
606.08,60.11
606.10,60.11
606.11,60.11
606.13,60.11
606.14,60.11
606.16,60.11
606.17,60.11
606.19,60.11
606.20,60.11
606.22,60.11
606.23,60.11
606.24,60.11
606.26,60.11
606.27,60.11
606.29,60.11
606.30,60.11
606.32,60.11
606.33,60.11
606.35,60.11
606.36,60.11
606.38,60.11
606.39,60.11
606.41,60.11
606.42,60.11
606.44,60.11
606.45,60.11
606.47,60.11
606.48,60.11
606.50,60.11
606.51,60.10
606.52,60.10
606.54,60.11
606.55,60.11
606.57,60.11
606.58,60.11
606.60,60.11
606.61,60.12
606.63,60.12
606.64,60.12
606.66,60.12
606.67,60.13
606.69,60.13
606.70,60.13
606.72,60.13
606.73,60.14
606.75,60.14
606.76,60.14
606.77,60.14
606.79,60.15
606.80,60.15
606.82,60.15
606.83,60.15
606.85,60.16
606.86,60.16
606.88,60.16
606.89,60.16
606.91,60.17
606.92,60.17
606.94,60.17
606.95,60.17
606.97,60.18
606.98,60.18
607.00,60.18
607.01,60.18
607.02,60.18
607.04,60.19
607.05,60.19
607.07,60.19
607.08,60.19
607.10,60.20
607.11,60.20
607.13,60.20
607.14,60.20
607.16,60.21
607.17,60.21
607.19,60.21
607.20,60.21
607.22,60.22
607.23,60.22
607.25,60.22
607.26,60.22
607.27,60.23
607.29,60.23
607.30,60.23
607.32,60.23
607.33,60.24
607.35,60.24
607.36,60.24
607.38,60.24
607.39,60.25
607.41,60.25
607.42,60.25
607.44,60.25
607.45,60.25
607.47,60.26
607.48,60.26
607.50,60.26
607.51,60.26
607.52,60.27
607.54,60.27
607.55,60.27
607.57,60.27
607.58,60.28
607.60,60.28
607.61,60.28
607.63,60.28
607.64,60.29
607.66,60.29
607.67,60.29
607.69,60.29
607.70,60.30
607.72,60.30
607.73,60.30
607.75,60.30
607.76,60.30
607.77,60.31
607.79,60.31
607.80,60.31
607.82,60.31
607.83,60.32
607.85,60.32
607.86,60.32
607.88,60.32
607.89,60.33
607.91,60.33
607.92,60.33
607.94,60.33
607.95,60.34
607.97,60.34
607.98,60.34
608.00,60.34
608.01,60.35
608.03,60.35
608.04,60.35
608.05,60.35
608.07,60.35
608.08,60.36
608.10,60.36
608.11,60.36
608.13,60.36
608.14,60.37
608.16,60.37
608.17,60.37
608.19,60.37
608.20,60.38
608.22,60.38
608.23,60.38
608.25,60.38
608.26,60.39
608.28,60.39
608.29,60.39
608.30,60.39
608.32,60.40
608.33,60.40
608.35,60.40
608.36,60.40
608.38,60.40
608.39,60.41
608.41,60.41
608.42,60.41
608.44,60.41
608.45,60.42
608.47,60.42
608.48,60.42
608.50,60.42
608.51,60.43
608.53,60.43
608.54,60.43
608.55,60.43
608.57,60.44
608.58,60.44
608.60,60.44
608.61,60.44
608.63,60.45
608.64,60.45
608.66,60.45
608.67,60.45
608.69,60.45
608.70,60.46
608.72,60.46
608.73,60.46
608.75,60.46
608.76,60.47
608.78,60.47
608.79,60.47
608.80,60.47
608.82,60.48
608.83,60.48
608.85,60.48
608.86,60.48
608.88,60.49
608.89,60.49
608.91,60.49
608.92,60.49
608.94,60.49
608.95,60.50
608.97,60.50
608.98,60.50
609.00,60.50
609.01,60.51
609.03,60.51
609.04,60.51
609.05,60.51
609.07,60.52
609.08,60.52
609.10,60.52
609.11,60.52
609.13,60.52
609.14,60.52
609.16,60.52
609.17,60.52
609.19,60.52
609.20,60.52
609.22,60.52
609.23,60.52
609.25,60.52
609.26,60.52
609.28,60.52
609.29,60.52
609.30,60.52
609.32,60.52
609.33,60.52
609.35,60.52
609.36,60.52
609.38,60.52
609.39,60.52
609.41,60.52
609.42,60.52
609.44,60.51
609.45,60.51
609.47,60.51
609.48,60.51
609.50,60.51
609.51,60.51
609.53,60.51
609.54,60.51
609.56,60.51
609.57,60.51
609.58,60.51
609.60,60.51
609.61,60.51
609.63,60.51
609.64,60.51
609.66,60.51
609.67,60.51
609.69,60.51
609.70,60.51
609.72,60.51
609.73,60.51
609.75,60.51
609.76,60.51
609.78,60.52
609.79,60.52
609.81,60.52
609.82,60.52
609.83,60.53
609.85,60.53
609.86,60.53
609.88,60.53
609.89,60.54
609.91,60.54
609.92,60.54
609.94,60.54
609.95,60.55
609.97,60.55
609.98,60.55
610.00,60.55
610.01,60.55
610.03,60.56
610.04,60.56
610.06,60.56
610.07,60.56
610.08,60.57
610.10,60.57
610.11,60.57
610.13,60.57
610.14,60.58
610.16,60.58
610.17,60.58
610.19,60.58
610.20,60.59
610.22,60.59
610.23,60.59
610.25,60.59
610.26,60.59
610.28,60.60
610.29,60.60
610.31,60.60
610.32,60.60
610.33,60.61
610.35,60.61
610.36,60.61
610.38,60.61
610.39,60.62
610.41,60.62
610.42,60.62
610.44,60.62
610.45,60.61
610.47,60.61
610.48,60.61
610.50,60.61
610.51,60.61
610.53,60.61
610.54,60.61
610.56,60.61
610.57,60.61
610.58,60.61
610.60,60.61
610.61,60.61
610.63,60.61
610.64,60.61
610.66,60.61
610.67,60.61
610.69,60.61
610.70,60.61
610.72,60.61
610.73,60.61
610.75,60.61
610.76,60.61
610.78,60.61
610.79,60.61
610.81,60.61
610.82,60.61
610.83,60.61
610.85,60.61
610.86,60.61
610.88,60.61
610.89,60.61
610.91,60.61
610.92,60.61
610.94,60.61
610.95,60.60
610.97,60.60
610.98,60.60
611.00,60.61
611.01,60.61
611.03,60.61
611.04,60.61
611.06,60.62
611.07,60.62
611.08,60.62
611.10,60.62
611.11,60.62
611.13,60.63
611.14,60.63
611.16,60.63
611.17,60.63
611.19,60.64
611.20,60.64
611.22,60.64
611.23,60.64
611.25,60.65
611.26,60.65
611.28,60.65
611.29,60.65
611.31,60.66
611.32,60.66
611.34,60.66
611.35,60.66
611.36,60.66
611.38,60.67
611.39,60.67
611.41,60.67
611.42,60.67
611.44,60.68
611.45,60.68
611.47,60.68
611.48,60.68
611.50,60.69
611.51,60.69
611.53,60.69
611.54,60.69
611.56,60.69
611.57,60.70
611.59,60.70
611.60,60.70
611.61,60.70
611.63,60.70
611.64,60.70
611.66,60.70
611.67,60.70
611.69,60.70
611.70,60.70
611.72,60.70
611.73,60.70
611.75,60.70
611.76,60.70
611.78,60.70
611.79,60.70
611.81,60.70
611.82,60.70
611.84,60.70
611.85,60.70
611.86,60.70
611.88,60.70
611.89,60.70
611.91,60.70
611.92,60.70
611.94,60.70
611.95,60.70
611.97,60.70
611.98,60.70
612.00,60.70
612.01,60.70
612.03,60.69
612.04,60.69
612.06,60.69
612.07,60.69
612.09,60.69
612.10,60.70
612.11,60.70
612.13,60.70
612.14,60.70
612.16,60.71
612.17,60.71
612.19,60.71
612.20,60.71
612.22,60.72
612.23,60.72
612.25,60.72
612.26,60.72
612.28,60.72
612.29,60.73
612.31,60.73
612.32,60.73
612.34,60.73
612.35,60.74
612.36,60.74
612.38,60.74
612.39,60.74
612.41,60.75
612.42,60.75
612.44,60.75
612.45,60.75
612.47,60.75
612.48,60.76
612.50,60.76
612.51,60.76
612.53,60.76
612.54,60.77
612.56,60.77
612.57,60.77
612.59,60.77
612.60,60.78
612.61,60.78
612.63,60.78
612.64,60.78
612.66,60.78
612.67,60.79
612.69,60.79
612.70,60.79
612.72,60.79
612.73,60.80
612.75,60.80
612.76,60.80
612.78,60.80
612.79,60.81
612.81,60.81
612.82,60.81
612.84,60.81
612.85,60.81
612.87,60.81
612.88,60.81
612.89,60.81
612.91,60.81
612.92,60.81
612.94,60.81
612.95,60.81
612.97,60.81
612.98,60.81
613.00,60.81
613.01,60.81
613.03,60.81
613.04,60.81
613.06,60.81
613.07,60.81
613.09,60.81
613.10,60.81
613.12,60.81
613.13,60.81
613.14,60.81
613.16,60.81
613.17,60.81
613.19,60.81
613.20,60.81
613.22,60.81
613.23,60.81
613.25,60.80
613.26,60.80
613.28,60.80
613.29,60.80
613.31,60.80
613.32,60.81
613.34,60.81
613.35,60.81
613.37,60.81
613.38,60.81
613.39,60.82
613.41,60.82
613.42,60.82
613.44,60.82
613.45,60.83
613.47,60.83
613.48,60.83
613.50,60.83
613.51,60.84
613.53,60.84
613.54,60.84
613.56,60.84
613.57,60.84
613.59,60.85
613.60,60.85
613.62,60.85
613.63,60.85
613.64,60.86
613.66,60.86
613.67,60.86
613.69,60.86
613.70,60.86
613.72,60.87
613.73,60.87
613.75,60.87
613.76,60.87
613.78,60.88
613.79,60.88
613.81,60.88
613.82,60.88
613.84,60.89
613.85,60.89
613.87,60.89
613.88,60.89
613.89,60.89
613.91,60.90
613.92,60.90
613.94,60.90
613.95,60.90
613.97,60.91
613.98,60.91
614.00,60.91
614.01,60.91
614.03,60.92
614.04,60.92
614.06,60.92
614.07,60.92
614.09,60.92
614.10,60.93
614.12,60.93
614.13,60.93
614.14,60.93
614.16,60.94
614.17,60.94
614.19,60.94
614.20,60.94
614.22,60.94
614.23,60.95
614.25,60.95
614.26,60.95
614.28,60.95
614.29,60.96
614.31,60.96
614.32,60.96
614.34,60.96
614.35,60.97
614.37,60.97
614.38,60.97
614.40,60.96
614.41,60.96
614.42,60.96
614.44,60.96
614.45,60.96
614.47,60.96
614.48,60.95
614.50,60.95
614.51,60.95
614.53,60.95
614.54,60.95
614.56,60.95
614.57,60.94
614.59,60.94
614.60,60.94
614.62,60.94
614.63,60.94
614.65,60.94
614.66,60.93
614.67,60.93
614.69,60.93
614.70,60.93
614.72,60.93
614.73,60.93
614.75,60.92
614.76,60.92
614.78,60.92
614.79,60.92
614.81,60.92
614.82,60.92
614.84,60.91
614.85,60.91
614.87,60.91
614.88,60.91
614.90,60.91
614.91,60.91
614.92,60.90
614.94,60.90
614.95,60.90
614.97,60.90
614.98,60.90
615.00,60.90
615.01,60.89
615.03,60.89
615.04,60.89
615.06,60.89
615.07,60.89
615.09,60.89
615.10,60.88
615.12,60.88
615.13,60.88
615.15,60.88
615.16,60.88
615.17,60.88
615.19,60.87
615.20,60.87
615.22,60.87
615.23,60.87
615.25,60.87
615.26,60.87
615.28,60.86
615.29,60.86
615.31,60.86
615.32,60.86
615.34,60.86
615.35,60.86
615.37,60.85
615.38,60.85
615.40,60.85
615.41,60.85
615.42,60.85
615.44,60.85
615.45,60.84
615.47,60.84
615.48,60.84
615.50,60.84
615.51,60.84
615.53,60.84
615.54,60.83
615.56,60.83
615.57,60.83
615.59,60.83
615.60,60.83
615.62,60.83
615.63,60.82
615.65,60.82
615.66,60.82
615.67,60.82
615.69,60.82
615.70,60.82
615.72,60.81
615.73,60.81
615.75,60.81
615.76,60.81
615.78,60.81
615.79,60.81
615.81,60.80
615.82,60.80
615.84,60.80
615.85,60.80
615.87,60.80
615.88,60.80
615.90,60.79
615.91,60.79
615.93,60.79
615.94,60.79
615.95,60.79
615.97,60.79
615.98,60.78
616.00,60.78
616.01,60.78
616.03,60.78
616.04,60.78
616.06,60.78
616.07,60.77
616.09,60.77
616.10,60.77
616.12,60.77
616.13,60.77
616.15,60.77
616.16,60.76
616.18,60.76
616.19,60.76
616.20,60.76
616.22,60.76
616.23,60.76
616.25,60.75
616.26,60.75
616.28,60.75
616.29,60.75
616.31,60.75
616.32,60.75
616.34,60.74
616.35,60.74
616.37,60.74
616.38,60.74
616.40,60.74
616.41,60.74
616.43,60.73
616.44,60.73
616.45,60.73
616.47,60.73
616.48,60.73
616.50,60.73
616.51,60.72
616.53,60.72
616.54,60.72
616.56,60.72
616.57,60.72
616.59,60.72
616.60,60.71
616.62,60.71
616.63,60.71
616.65,60.71
616.66,60.71
616.68,60.71
616.69,60.70
616.70,60.70
616.72,60.70
616.73,60.70
616.75,60.70
616.76,60.70
616.78,60.69
616.79,60.69
616.81,60.69
616.82,60.69
616.84,60.69
616.85,60.69
616.87,60.68
616.88,60.68
616.90,60.68
616.91,60.68
616.93,60.68
616.94,60.68
616.95,60.67
616.97,60.67
616.98,60.67
617.00,60.67
617.01,60.67
617.03,60.67
617.04,60.67
617.06,60.66
617.07,60.66
617.09,60.66
617.10,60.66
617.12,60.66
617.13,60.66
617.15,60.65
617.16,60.65
617.18,60.65
617.19,60.65
617.20,60.65
617.22,60.65
617.23,60.64
617.25,60.64
617.26,60.64
617.28,60.64
617.29,60.64
617.31,60.64
617.32,60.63
617.34,60.63
617.35,60.63
617.37,60.63
617.38,60.63
617.40,60.63
617.41,60.62
617.43,60.62
617.44,60.62
617.46,60.62
617.47,60.62
617.48,60.62
617.50,60.61
617.51,60.61
617.53,60.61
617.54,60.61
617.56,60.61
617.57,60.61
617.59,60.60
617.60,60.60
617.62,60.60
617.63,60.60
617.65,60.60
617.66,60.60
617.68,60.59
617.69,60.59
617.71,60.59
617.72,60.59
617.73,60.59
617.75,60.59
617.76,60.58
617.78,60.58
617.79,60.58
617.81,60.58
617.82,60.58
617.84,60.58
617.85,60.57
617.87,60.57
617.88,60.57
617.90,60.57
617.91,60.57
617.93,60.57
617.94,60.56
617.96,60.56
617.97,60.56
617.98,60.56
618.00,60.56
618.01,60.56
618.03,60.56
618.04,60.55
618.06,60.55
618.07,60.55
618.09,60.55
618.10,60.55
618.12,60.55
618.13,60.54
618.15,60.54
618.16,60.54
618.18,60.54
618.19,60.54
618.21,60.54
618.22,60.53
618.23,60.53
618.25,60.53
618.26,60.53
618.28,60.53
618.29,60.53
618.31,60.52
618.32,60.52
618.34,60.52
618.35,60.52
618.37,60.52
618.38,60.52
618.40,60.51
618.41,60.51
618.43,60.51
618.44,60.51
618.46,60.51
618.47,60.51
618.48,60.50
618.50,60.50
618.51,60.50
618.53,60.50
618.54,60.50
618.56,60.50
618.57,60.49
618.59,60.49
618.60,60.49
618.62,60.49
618.63,60.49
618.65,60.49
618.66,60.48
618.68,60.48
618.69,60.48
618.71,60.48
618.72,60.48
618.73,60.48
618.75,60.48
618.76,60.47
618.78,60.48
618.79,60.47
618.81,60.47
618.82,60.47
618.84,60.47
618.85,60.46
618.87,60.47
618.88,60.46
618.90,60.46
618.91,60.46
618.93,60.46
618.94,60.45
618.96,60.46
618.97,60.45
618.99,60.45
619.00,60.45
619.01,60.45
619.03,60.44
619.04,60.45
619.06,60.44
619.07,60.44
619.09,60.44
619.10,60.44
619.12,60.43
619.13,60.44
619.15,60.43
619.16,60.43
619.18,60.43
619.19,60.43
619.21,60.42
619.22,60.43
619.24,60.42
619.25,60.42
619.26,60.42
619.28,60.42
619.29,60.41
619.31,60.42
619.32,60.42
619.34,60.41
619.35,60.41
619.37,60.41
619.38,60.41
619.40,60.41
619.41,60.41
619.43,60.40
619.44,60.40
619.46,60.40
619.47,60.40
619.49,60.40
619.50,60.40
619.51,60.39
619.53,60.39
619.54,60.39
619.56,60.39
619.57,60.39
619.59,60.39
619.60,60.38
619.62,60.38
619.63,60.38
619.65,60.38
619.66,60.38
619.68,60.38
619.69,60.37
619.71,60.37
619.72,60.37
619.74,60.37
619.75,60.37
619.76,60.37
619.78,60.36
619.79,60.36
619.81,60.36
619.82,60.36
619.84,60.36
619.85,60.36
619.87,60.35
619.88,60.35
619.90,60.35
619.91,60.35
619.93,60.35
619.94,60.35
619.96,60.35
619.97,60.34
619.99,60.34
620.00,60.34
620.01,60.34
620.03,60.34
620.04,60.34
620.06,60.33
620.07,60.33
620.09,60.33
620.10,60.33
620.12,60.33
620.13,60.33
620.15,60.32
620.16,60.32
620.18,60.32
620.19,60.32
620.21,60.32
620.22,60.32
620.24,60.31
620.25,60.31
620.26,60.31
620.28,60.31
620.29,60.31
620.31,60.31
620.32,60.31
620.34,60.31
620.35,60.31
620.37,60.31
620.38,60.31
620.40,60.31
620.41,60.31
620.43,60.31
620.44,60.31
620.46,60.31
620.47,60.31
620.49,60.32
620.50,60.32
620.52,60.32
620.53,60.32
620.54,60.32
620.56,60.32
620.57,60.32
620.59,60.31
620.60,60.31
620.62,60.31
620.63,60.31
620.65,60.31
620.66,60.31
620.68,60.30
620.69,60.30
620.71,60.30
620.72,60.30
620.74,60.30
620.75,60.30
620.77,60.29
620.78,60.29
620.79,60.29
620.81,60.29
620.82,60.29
620.84,60.29
620.85,60.29
620.87,60.29
620.88,60.29
620.90,60.29
620.91,60.29
620.93,60.29
620.94,60.29
620.96,60.29
620.97,60.29
620.99,60.29
621.00,60.29
621.02,60.29
621.03,60.29
621.04,60.29
621.06,60.29
621.07,60.29
621.09,60.29
621.10,60.29
621.12,60.29
621.13,60.29
621.15,60.29
621.16,60.29
621.18,60.29
621.19,60.29
621.21,60.29
621.22,60.29
621.24,60.29
621.25,60.29
621.27,60.29
621.28,60.29
621.29,60.29
621.31,60.29
621.32,60.29
621.34,60.29
621.35,60.29
621.37,60.29
621.38,60.29
621.40,60.29
621.41,60.29
621.43,60.29
621.44,60.29
621.46,60.29
621.47,60.29
621.49,60.29
621.50,60.29
621.52,60.29
621.53,60.29
621.54,60.29
621.56,60.29
621.57,60.29
621.59,60.29
621.60,60.29
621.62,60.29
621.63,60.29
621.65,60.29
621.66,60.29
621.68,60.29
621.69,60.29
621.71,60.29
621.72,60.29
621.74,60.29
621.75,60.29
621.77,60.29
621.78,60.29
621.79,60.29
621.81,60.29
621.82,60.28
621.84,60.28
621.85,60.28
621.87,60.28
621.88,60.28
621.90,60.28
621.91,60.28
621.93,60.28
621.94,60.28
621.96,60.28
621.97,60.28
621.99,60.28
622.00,60.28
622.02,60.28
622.03,60.28
622.05,60.29
622.06,60.29
622.07,60.29
622.09,60.29
622.10,60.30
622.12,60.30
622.13,60.30
622.15,60.30
622.16,60.31
622.18,60.31
622.19,60.31
622.21,60.31
622.22,60.32
622.24,60.32
622.25,60.32
622.27,60.32
622.28,60.33
622.30,60.33
622.31,60.33
622.32,60.33
622.34,60.33
622.35,60.34
622.37,60.34
622.38,60.34
622.40,60.34
622.41,60.35
622.43,60.35
622.44,60.35
622.46,60.35
622.47,60.36
622.49,60.36
622.50,60.36
622.52,60.36
622.53,60.37
622.55,60.37
622.56,60.37
622.57,60.37
622.59,60.38
622.60,60.37
622.62,60.37
622.63,60.37
622.65,60.37
622.66,60.37
622.68,60.37
622.69,60.36
622.71,60.36
622.72,60.36
622.74,60.36
622.75,60.36
622.77,60.36
622.78,60.35
622.80,60.35
622.81,60.35
622.82,60.35
622.84,60.35
622.85,60.35
622.87,60.34
622.88,60.34
622.90,60.34
622.91,60.34
622.93,60.34
622.94,60.34
622.96,60.33
622.97,60.33
622.99,60.33
623.00,60.33
623.02,60.33
623.03,60.33
623.05,60.33
623.06,60.32
623.07,60.33
623.09,60.32
623.10,60.32
623.12,60.32
623.13,60.32
623.15,60.31
623.16,60.32
623.18,60.31
623.19,60.31
623.21,60.31
623.22,60.31
623.24,60.30
623.25,60.31
623.27,60.30
623.28,60.30
623.30,60.30
623.31,60.30
623.32,60.29
623.34,60.30
623.35,60.29
623.37,60.29
623.38,60.29
623.40,60.29
623.41,60.28
623.43,60.29
623.44,60.28
623.46,60.28
623.47,60.28
623.49,60.28
623.50,60.28
623.52,60.28
623.53,60.28
623.55,60.27
623.56,60.27
623.58,60.27
623.59,60.27
623.60,60.27
623.62,60.27
623.63,60.26
623.65,60.26
623.66,60.26
623.68,60.26
623.69,60.26
623.71,60.26
623.72,60.25
623.74,60.25
623.75,60.25
623.77,60.25
623.78,60.25
623.80,60.25
623.81,60.24
623.83,60.24
623.84,60.24
623.85,60.24
623.87,60.24
623.88,60.24
623.90,60.23
623.91,60.23
623.93,60.23
623.94,60.23
623.96,60.23
623.97,60.23
623.99,60.23
624.00,60.22
624.02,60.22
624.03,60.22
624.05,60.22
624.06,60.22
624.08,60.22
624.09,60.21
624.10,60.21
624.12,60.21
624.13,60.21
624.15,60.21
624.16,60.21
624.18,60.20
624.19,60.20
624.21,60.20
624.22,60.20
624.24,60.20
624.25,60.20
624.27,60.19
624.28,60.19
624.30,60.19
624.31,60.19
624.33,60.19
624.34,60.19
624.35,60.19
624.37,60.18
624.38,60.18
624.40,60.18
624.41,60.18
624.43,60.18
624.44,60.18
624.46,60.17
624.47,60.17
624.49,60.17
624.50,60.17
624.52,60.17
624.53,60.17
624.55,60.16
624.56,60.16
624.58,60.16
624.59,60.16
624.60,60.16
624.62,60.16
624.63,60.15
624.65,60.15
624.66,60.15
624.68,60.15
624.69,60.15
624.71,60.15
624.72,60.14
624.74,60.14
624.75,60.15
624.77,60.14
624.78,60.14
624.80,60.14
624.81,60.14
624.83,60.13
624.84,60.14
624.85,60.13
624.87,60.13
624.88,60.13
624.90,60.13
624.91,60.12
624.93,60.13
624.94,60.12
624.96,60.12
624.97,60.12
624.99,60.12
625.00,60.11
625.02,60.12
625.03,60.11
625.05,60.11
625.06,60.11
625.08,60.11
625.09,60.10
625.11,60.11
625.12,60.11
625.13,60.10
625.15,60.10
625.16,60.10
625.18,60.10
625.19,60.10
625.21,60.10
625.22,60.09
625.24,60.09
625.25,60.09
625.27,60.09
625.28,60.09
625.30,60.09
625.31,60.08
625.33,60.08
625.34,60.08
625.36,60.08
625.37,60.08
625.38,60.08
625.40,60.07
625.41,60.07
625.43,60.07
625.44,60.07
625.46,60.07
625.47,60.07
625.49,60.07
625.50,60.06
625.52,60.06
625.53,60.06
625.55,60.06
625.56,60.06
625.58,60.06
625.59,60.05
625.61,60.05
625.62,60.05
625.63,60.05
625.65,60.05
625.66,60.05
625.68,60.04
625.69,60.04
625.71,60.04
625.72,60.04
625.74,60.04
625.75,60.04
625.77,60.03
625.78,60.03
625.80,60.03
625.81,60.03
625.83,60.03
625.84,60.03
625.86,60.03
625.87,60.02
625.88,60.02
625.90,60.02
625.91,60.02
625.93,60.02
625.94,60.02
625.96,60.01
625.97,60.01
625.99,60.01
626.00,60.01
626.02,60.01
626.03,60.01
626.05,60.00
626.06,60.00
626.08,60.00
626.09,60.00
626.11,60.00
626.12,60.00
626.13,60.00
626.15,59.99
626.16,60.00
626.18,59.99
626.19,59.99
626.21,59.99
626.22,59.99
626.24,59.98
626.25,59.99
626.27,59.98
626.28,59.98
626.30,59.98
626.31,59.98
626.33,59.97
626.34,59.98
626.36,59.97
626.37,59.97
626.38,59.97
626.40,59.97
626.41,59.96
626.43,59.97
626.44,59.97
626.46,59.96
626.47,59.96
626.49,59.96
626.50,59.96
626.52,59.96
626.53,59.96
626.55,59.95
626.56,59.95
626.58,59.95
626.59,59.95
626.61,59.95
626.62,59.95
626.64,59.94
626.65,59.94
626.66,59.94
626.68,59.94
626.69,59.94
626.71,59.94
626.72,59.93
626.74,59.93
626.75,59.93
626.77,59.93
626.78,59.93
626.80,59.93
626.81,59.93
626.83,59.92
626.84,59.92
626.86,59.92
626.87,59.92
626.89,59.92
626.90,59.92
626.91,59.91
626.93,59.91
626.94,59.91
626.96,59.91
626.97,59.91
626.99,59.91
627.00,59.90
627.02,59.90
627.03,59.90
627.05,59.90
627.06,59.90
627.08,59.90
627.09,59.90
627.11,59.89
627.12,59.89
627.14,59.89
627.15,59.89
627.16,59.89
627.18,59.89
627.19,59.88
627.21,59.88
627.22,59.88
627.24,59.88
627.25,59.88
627.27,59.88
627.28,59.87
627.30,59.87
627.31,59.87
627.33,59.87
627.34,59.87
627.36,59.87
627.37,59.87
627.39,59.86
627.40,59.87
627.41,59.86
627.43,59.86
627.44,59.86
627.46,59.86
627.47,59.85
627.49,59.86
627.50,59.85
627.52,59.85
627.53,59.85
627.55,59.85
627.56,59.84
627.58,59.85
627.59,59.84
627.61,59.84
627.62,59.84
627.64,59.84
627.65,59.84
627.66,59.84
627.68,59.84
627.69,59.83
627.71,59.83
627.72,59.83
627.74,59.83
627.75,59.83
627.77,59.83
627.78,59.82
627.80,59.82
627.81,59.82
627.83,59.82
627.84,59.82
627.86,59.82
627.87,59.82
627.89,59.82
627.90,59.82
627.91,59.82
627.93,59.82
627.94,59.82
627.96,59.82
627.97,59.82
627.99,59.82
628.00,59.82
628.02,59.82
628.03,59.82
628.05,59.82
628.06,59.82
628.08,59.82
628.09,59.82
628.11,59.82
628.12,59.82
628.14,59.82
628.15,59.82
628.17,59.82
628.18,59.82
628.19,59.82
628.21,59.82
628.22,59.82
628.24,59.82
628.25,59.82
628.27,59.82
628.28,59.82
628.30,59.82
628.31,59.82
628.33,59.82
628.34,59.82
628.36,59.82
628.37,59.82
628.39,59.82
628.40,59.82
628.42,59.82
628.43,59.82
628.44,59.82
628.46,59.82
628.47,59.82
628.49,59.82
628.50,59.82
628.52,59.82
628.53,59.82
628.55,59.82
628.56,59.82
628.58,59.82
628.59,59.82
628.61,59.82
628.62,59.82
628.64,59.82
628.65,59.82
628.67,59.82
628.68,59.81
628.69,59.81
628.71,59.81
628.72,59.81
628.74,59.82
628.75,59.82
628.77,59.82
628.78,59.82
628.80,59.83
628.81,59.83
628.83,59.83
628.84,59.83
628.86,59.84
628.87,59.84
628.89,59.84
628.90,59.84
628.92,59.85
628.93,59.85
628.94,59.85
628.96,59.85
628.97,59.86
628.99,59.86
629.00,59.86
629.02,59.86
629.03,59.87
629.05,59.87
629.06,59.87
629.08,59.87
629.09,59.88
629.11,59.88
629.12,59.88
629.14,59.88
629.15,59.88
629.17,59.88
629.18,59.88
629.19,59.87
629.21,59.88
629.22,59.87
629.24,59.87
629.25,59.87
629.27,59.87
629.28,59.87
629.30,59.87
629.31,59.87
629.33,59.86
629.34,59.86
629.36,59.86
629.37,59.86
629.39,59.86
629.40,59.86
629.42,59.85
629.43,59.85
629.44,59.85
629.46,59.85
629.47,59.85
629.49,59.85
629.50,59.84
629.52,59.84
629.53,59.84
629.55,59.84
629.56,59.84
629.58,59.84
629.59,59.84
629.61,59.83
629.62,59.83
629.64,59.83
629.65,59.83
629.67,59.83
629.68,59.83
629.70,59.82
629.71,59.82
629.72,59.82
629.74,59.82
629.75,59.82
629.77,59.82
629.78,59.81
629.80,59.81
629.81,59.81
629.83,59.81
629.84,59.81
629.86,59.81
629.87,59.81
629.89,59.80
629.90,59.80
629.92,59.80
629.93,59.80
629.95,59.80
629.96,59.80
629.97,59.79
629.99,59.79
630.00,59.79
630.02,59.79
630.03,59.79
630.05,59.79
630.06,59.78
630.08,59.78
630.09,59.79
630.11,59.78
630.12,59.78
630.14,59.78
630.15,59.78
630.17,59.77
630.18,59.78
630.20,59.77
630.21,59.77
630.22,59.77
630.24,59.77
630.25,59.76
630.27,59.77
630.28,59.77
630.30,59.77
630.31,59.77
630.33,59.77
630.34,59.77
630.36,59.77
630.37,59.77
630.39,59.77
630.40,59.77
630.42,59.77
630.43,59.77
630.45,59.77
630.46,59.77
630.47,59.77
630.49,59.77
630.50,59.77
630.52,59.77
630.53,59.77
630.55,59.77
630.56,59.77
630.58,59.77
630.59,59.77
630.61,59.77
630.62,59.77
630.64,59.77
630.65,59.77
630.67,59.77
630.68,59.77
630.70,59.77
630.71,59.77
630.72,59.77
630.74,59.77
630.75,59.77
630.77,59.77
630.78,59.77
630.80,59.77
630.81,59.77
630.83,59.77
630.84,59.77
630.86,59.77
630.87,59.77
630.89,59.77
630.90,59.77
630.92,59.77
630.93,59.77
630.95,59.77
630.96,59.77
630.97,59.77
630.99,59.77
631.00,59.77
631.02,59.77
631.03,59.77
631.05,59.77
631.06,59.77
631.08,59.77
631.09,59.77
631.11,59.77
631.12,59.77
631.14,59.77
631.15,59.76
631.17,59.76
631.18,59.76
631.20,59.76
631.21,59.76
631.23,59.77
631.24,59.77
631.25,59.77
631.27,59.77
631.28,59.78
631.30,59.78
631.31,59.78
631.33,59.78
631.34,59.79
631.36,59.79
631.37,59.79
631.39,59.79
631.40,59.80
631.42,59.80
631.43,59.80
631.45,59.80
631.46,59.81
631.48,59.81
631.49,59.81
631.50,59.81
631.52,59.82
631.53,59.82
631.55,59.82
631.56,59.82
631.58,59.83
631.59,59.83
631.61,59.83
631.62,59.83
631.64,59.84
631.65,59.83
631.67,59.83
631.68,59.83
631.70,59.83
631.71,59.82
631.73,59.83
631.74,59.82
631.75,59.82
631.77,59.82
631.78,59.82
631.80,59.82
631.81,59.82
631.83,59.82
631.84,59.82
631.86,59.82
631.87,59.82
631.89,59.82
631.90,59.82
631.92,59.82
631.93,59.82
631.95,59.83
631.96,59.82
631.98,59.82
631.99,59.82
632.00,59.82
632.02,59.82
632.03,59.82
632.05,59.81
632.06,59.81
632.08,59.81
632.09,59.81
632.11,59.81
632.12,59.81
632.14,59.80
632.15,59.80
632.17,59.80
632.18,59.80
632.20,59.80
632.21,59.80
632.23,59.80
632.24,59.79
632.25,59.80
632.27,59.79
632.28,59.79
632.30,59.79
632.31,59.79
632.33,59.78
632.34,59.79
632.36,59.78
632.37,59.78
632.39,59.78
632.40,59.78
632.42,59.77
632.43,59.78
632.45,59.77
632.46,59.77
632.48,59.77
632.49,59.77
632.50,59.77
632.52,59.77
632.53,59.77
632.55,59.76
632.56,59.76
632.58,59.76
632.59,59.76
632.61,59.76
632.62,59.76
632.64,59.75
632.65,59.75
632.67,59.75
632.68,59.75
632.70,59.75
632.71,59.75
632.73,59.75
632.74,59.74
632.75,59.74
632.77,59.74
632.78,59.74
632.80,59.74
632.81,59.74
632.83,59.73
632.84,59.73
632.86,59.73
632.87,59.73
632.89,59.73
632.90,59.73
632.92,59.72
632.93,59.72
632.95,59.72
632.96,59.72
632.98,59.72
632.99,59.72
633.01,59.72
633.02,59.71
633.03,59.71
633.05,59.71
633.06,59.71
633.08,59.71
633.09,59.71
633.11,59.70
633.12,59.70
633.14,59.70
633.15,59.70
633.17,59.70
633.18,59.70
633.20,59.69
633.21,59.69
633.23,59.70
633.24,59.69
633.26,59.69
633.27,59.69
633.28,59.69
633.30,59.68
633.31,59.69
633.33,59.68
633.34,59.68
633.36,59.68
633.37,59.68
633.39,59.67
633.40,59.68
633.42,59.67
633.43,59.67
633.45,59.67
633.46,59.67
633.48,59.67
633.49,59.67
633.51,59.67
633.52,59.66
633.53,59.66
633.55,59.66
633.56,59.66
633.58,59.66
633.59,59.66
633.61,59.65
633.62,59.65
633.64,59.65
633.65,59.65
633.67,59.65
633.68,59.65
633.70,59.65
633.71,59.64
633.73,59.64
633.74,59.64
633.76,59.64
633.77,59.64
633.78,59.64
633.80,59.63
633.81,59.63
633.83,59.63
633.84,59.63
633.86,59.63
633.87,59.63
633.89,59.62
633.90,59.62
633.92,59.62
633.93,59.62
633.95,59.62
633.96,59.62
633.98,59.62
633.99,59.61
634.01,59.61
634.02,59.61
634.03,59.61
634.05,59.61
634.06,59.61
634.08,59.60
634.09,59.60
634.11,59.60
634.12,59.60
634.14,59.60
634.15,59.60
634.17,59.60
634.18,59.59
634.20,59.60
634.21,59.59
634.23,59.59
634.24,59.59
634.26,59.59
634.27,59.59
634.28,59.59
634.30,59.59
634.31,59.59
634.33,59.59
634.34,59.59
634.36,59.59
634.37,59.59
634.39,59.59
634.40,59.59
634.42,59.59
634.43,59.59
634.45,59.59
634.46,59.59
634.48,59.59
634.49,59.59
634.51,59.59
634.52,59.59
634.54,59.59
634.55,59.59
634.56,59.59
634.58,59.59
634.59,59.59
634.61,59.59
634.62,59.59
634.64,59.59
634.65,59.59
634.67,59.59
634.68,59.59
634.70,59.59
634.71,59.59
634.73,59.59
634.74,59.59
634.76,59.59
634.77,59.59
634.79,59.59
634.80,59.59
634.81,59.59
634.83,59.59
634.84,59.59
634.86,59.59
634.87,59.59
634.89,59.59
634.90,59.59
634.92,59.59
634.93,59.59
634.95,59.59
634.96,59.59
634.98,59.59
634.99,59.59
635.01,59.59
635.02,59.59
635.04,59.59
635.05,59.59
635.06,59.59
635.08,59.59
635.09,59.59
635.11,59.59
635.12,59.59
635.14,59.60
635.15,59.60
635.17,59.60
635.18,59.60
635.20,59.61
635.21,59.61
635.23,59.61
635.24,59.61
635.26,59.62
635.27,59.62
635.29,59.62
635.30,59.62
635.31,59.63
635.33,59.63
635.34,59.63
635.36,59.63
635.37,59.64
635.39,59.64
635.40,59.64
635.42,59.64
635.43,59.65
635.45,59.65
635.46,59.65
635.48,59.66
635.49,59.66
635.51,59.66
635.52,59.66
635.54,59.66
635.55,59.66
635.56,59.66
635.58,59.65
635.59,59.65
635.61,59.65
635.62,59.65
635.64,59.65
635.65,59.65
635.67,59.64
635.68,59.64
635.70,59.64
635.71,59.64
635.73,59.64
635.74,59.64
635.76,59.64
635.77,59.63
635.79,59.63
635.80,59.63
635.81,59.63
635.83,59.63
635.84,59.63
635.86,59.62
635.87,59.62
635.89,59.62
635.90,59.62
635.92,59.62
635.93,59.62
635.95,59.61
635.96,59.61
635.98,59.61
635.99,59.61
636.01,59.61
636.02,59.61
636.04,59.61
636.05,59.60
636.07,59.60
636.08,59.60
636.09,59.60
636.11,59.60
636.12,59.60
636.14,59.59
636.15,59.59
636.17,59.59
636.18,59.59
636.20,59.59
636.21,59.59
636.23,59.59
636.24,59.58
636.26,59.59
636.27,59.58
636.29,59.58
636.30,59.58
636.32,59.58
636.33,59.57
636.34,59.58
636.36,59.57
636.37,59.57
636.39,59.57
636.40,59.57
636.42,59.57
636.43,59.57
636.45,59.57
636.46,59.56
636.48,59.56
636.49,59.56
636.51,59.56
636.52,59.56
636.54,59.56
636.55,59.55
636.57,59.55
636.58,59.55
636.59,59.55
636.61,59.55
636.62,59.55
636.64,59.55
636.65,59.54
636.67,59.54
636.68,59.54
636.70,59.54
636.71,59.54
636.73,59.54
636.74,59.53
636.76,59.53
636.77,59.53
636.79,59.53
636.80,59.53
636.82,59.53
636.83,59.53
636.84,59.52
636.86,59.52
636.87,59.52
636.89,59.52
636.90,59.52
636.92,59.52
636.93,59.51
636.95,59.51
636.96,59.51
636.98,59.51
636.99,59.51
637.01,59.51
637.02,59.50
637.04,59.50
637.05,59.51
637.07,59.50
637.08,59.50
637.09,59.50
637.11,59.50
637.12,59.49
637.14,59.50
637.15,59.49
637.17,59.49
637.18,59.49
637.20,59.49
637.21,59.48
637.23,59.49
637.24,59.49
637.26,59.48
637.27,59.48
637.29,59.48
637.30,59.48
637.32,59.48
637.33,59.48
637.34,59.47
637.36,59.47
637.37,59.47
637.39,59.47
637.40,59.47
637.42,59.47
637.43,59.46
637.45,59.46
637.46,59.46
637.48,59.46
637.49,59.46
637.51,59.46
637.52,59.46
637.54,59.45
637.55,59.45
637.57,59.45
637.58,59.45
637.60,59.45
637.61,59.45
637.62,59.44
637.64,59.44
637.65,59.44
637.67,59.44
637.68,59.44
637.70,59.44
637.71,59.44
637.73,59.43
637.74,59.43
637.76,59.43
637.77,59.43
637.79,59.43
637.80,59.43
637.82,59.42
637.83,59.42
637.85,59.43
637.86,59.42
637.87,59.42
637.89,59.42
637.90,59.42
637.92,59.41
637.93,59.42
637.95,59.41
637.96,59.41
637.98,59.41
637.99,59.41
638.01,59.40
638.02,59.41
638.04,59.40
638.05,59.40
638.07,59.40
638.08,59.40
638.10,59.40
638.11,59.40
638.12,59.40
638.14,59.39
638.15,59.39
638.17,59.39
638.18,59.39
638.20,59.39
638.21,59.39
638.23,59.38
638.24,59.38
638.26,59.38
638.27,59.38
638.29,59.38
638.30,59.38
638.32,59.38
638.33,59.37
638.35,59.37
638.36,59.37
638.37,59.37
638.39,59.37
638.40,59.37
638.42,59.37
638.43,59.37
638.45,59.37
638.46,59.37
638.48,59.37
638.49,59.37
638.51,59.37
638.52,59.37
638.54,59.37
638.55,59.37
638.57,59.37
638.58,59.37
638.60,59.37
638.61,59.37
638.62,59.37
638.64,59.37
638.65,59.37
638.67,59.37
638.68,59.37
638.70,59.37
638.71,59.37
638.73,59.37
638.74,59.37
638.76,59.37
638.77,59.37
638.79,59.37
638.80,59.37
638.82,59.37
638.83,59.37
638.85,59.37
638.86,59.37
638.87,59.37
638.89,59.37
638.90,59.37
638.92,59.37
638.93,59.37
638.95,59.37
638.96,59.37
638.98,59.37
638.99,59.38
639.01,59.38
639.02,59.38
639.04,59.38
639.05,59.38
639.07,59.38
639.08,59.38
639.10,59.38
639.11,59.38
639.13,59.38
639.14,59.38
639.15,59.38
639.17,59.38
639.18,59.38
639.20,59.38
639.21,59.38
639.23,59.38
639.24,59.38
639.26,59.38
639.27,59.38
639.29,59.38
639.30,59.38
639.32,59.38
639.33,59.38
639.35,59.38
639.36,59.38
639.38,59.37
639.39,59.37
639.40,59.37
639.42,59.37
639.43,59.37
639.45,59.38
639.46,59.38
639.48,59.38
639.49,59.38
639.51,59.39
639.52,59.39
639.54,59.39
639.55,59.39
639.57,59.40
639.58,59.40
639.60,59.40
639.61,59.40
639.63,59.41
639.64,59.41
639.65,59.41
639.67,59.41
639.68,59.42
639.70,59.42
639.71,59.42
639.73,59.42
639.74,59.43
639.76,59.43
639.77,59.43
639.79,59.43
639.80,59.44
639.82,59.44
639.83,59.44
639.85,59.45
639.86,59.45
639.88,59.45
639.89,59.45
639.90,59.46
639.92,59.46
639.93,59.46
639.95,59.46
639.96,59.46
639.98,59.46
639.99,59.46
640.01,59.45
640.02,59.46
640.04,59.45
640.05,59.45
640.07,59.45
640.08,59.45
640.10,59.45
640.11,59.45
640.13,59.45
640.14,59.44
640.15,59.44
640.17,59.44
640.18,59.44
640.20,59.44
640.21,59.44
640.23,59.43
640.24,59.43
640.26,59.43
640.27,59.43
640.29,59.43
640.30,59.43
640.32,59.43
640.33,59.42
640.35,59.42
640.36,59.42
640.38,59.42
640.39,59.42
640.40,59.42
640.42,59.41
640.43,59.41
640.45,59.41
640.46,59.41
640.48,59.41
640.49,59.41
640.51,59.41
640.52,59.41
640.54,59.41
640.55,59.41
640.57,59.42
640.58,59.42
640.60,59.42
640.61,59.42
640.63,59.42
640.64,59.42
640.66,59.42
640.67,59.42
640.68,59.41
640.70,59.41
640.71,59.41
640.73,59.41
640.74,59.41
640.76,59.41
640.77,59.40
640.79,59.40
640.80,59.40
640.82,59.40
640.83,59.40
640.85,59.40
640.86,59.40
640.88,59.39
640.89,59.39
640.91,59.39
640.92,59.39
640.93,59.39
640.95,59.39
640.96,59.38
640.98,59.38
640.99,59.39
641.01,59.38
641.02,59.38
641.04,59.38
641.05,59.38
641.07,59.37
641.08,59.38
641.10,59.37
641.11,59.37
641.13,59.37
641.14,59.37
641.16,59.36
641.17,59.37
641.18,59.37
641.20,59.36
641.21,59.36
641.23,59.36
641.24,59.36
641.26,59.36
641.27,59.36
641.29,59.35
641.30,59.35
641.32,59.35
641.33,59.35
641.35,59.35
641.36,59.35
641.38,59.35
641.39,59.34
641.41,59.34
641.42,59.34
641.43,59.34
641.45,59.34
641.46,59.34
641.48,59.33
641.49,59.33
641.51,59.33
641.52,59.33
641.54,59.33
641.55,59.33
641.57,59.33
641.58,59.32
641.60,59.32
641.61,59.32
641.63,59.32
641.64,59.32
641.66,59.32
641.67,59.31
641.68,59.31
641.70,59.31
641.71,59.31
641.73,59.31
641.74,59.31
641.76,59.31
641.77,59.30
641.79,59.31
641.80,59.30
641.82,59.30
641.83,59.30
641.85,59.30
641.86,59.29
641.88,59.30
641.89,59.29
641.91,59.29
641.92,59.29
641.93,59.29
641.95,59.29
641.96,59.29
641.98,59.29
641.99,59.28
642.01,59.28
642.02,59.28
642.04,59.28
642.05,59.28
642.07,59.28
642.08,59.27
642.10,59.27
642.11,59.27
642.13,59.27
642.14,59.27
642.16,59.27
642.17,59.27
642.19,59.26
642.20,59.26
642.21,59.26
642.23,59.26
642.24,59.26
642.26,59.26
642.27,59.26
642.29,59.25
642.30,59.25
642.32,59.25
642.33,59.25
642.35,59.25
642.36,59.25
642.38,59.24
642.39,59.24
642.41,59.24
642.42,59.24
642.44,59.24
642.45,59.24
642.46,59.24
642.48,59.23
642.49,59.24
642.51,59.23
642.52,59.23
642.54,59.23
642.55,59.23
642.57,59.22
642.58,59.23
642.60,59.22
642.61,59.22
642.63,59.22
642.64,59.22
642.66,59.22
642.67,59.22
642.69,59.22
642.70,59.21
642.71,59.21
642.73,59.21
642.74,59.21
642.76,59.21
642.77,59.21
642.79,59.20
642.80,59.20
642.82,59.20
642.83,59.20
642.85,59.20
642.86,59.20
642.88,59.20
642.89,59.19
642.91,59.19
642.92,59.19
642.94,59.19
642.95,59.19
642.96,59.19
642.98,59.19
642.99,59.18
643.01,59.18
643.02,59.18
643.04,59.18
643.05,59.18
643.07,59.18
643.08,59.17
643.10,59.17
643.11,59.17
643.13,59.17
643.14,59.17
643.16,59.17
643.17,59.17
643.19,59.16
643.20,59.17
643.21,59.16
643.23,59.16
643.24,59.16
643.26,59.16
643.27,59.15
643.29,59.16
643.30,59.16
643.32,59.15
643.33,59.15
643.35,59.15
643.36,59.15
643.38,59.15
643.39,59.15
643.41,59.14
643.42,59.14
643.44,59.14
643.45,59.14
643.46,59.14
643.48,59.14
643.49,59.14
643.51,59.13
643.52,59.13
643.54,59.13
643.55,59.13
643.57,59.13
643.58,59.13
643.60,59.13
643.61,59.13
643.63,59.13
643.64,59.13
643.66,59.13
643.67,59.13
643.69,59.13
643.70,59.13
643.72,59.13
643.73,59.13
643.74,59.13
643.76,59.13
643.77,59.13
643.79,59.13
643.80,59.13
643.82,59.13
643.83,59.13
643.85,59.13
643.86,59.13
643.88,59.13
643.89,59.13
643.91,59.13
643.92,59.13
643.94,59.13
643.95,59.13
643.97,59.13
643.98,59.13
643.99,59.13
644.01,59.13
644.02,59.13
644.04,59.13
644.05,59.13
644.07,59.13
644.08,59.13
644.10,59.13
644.11,59.13
644.13,59.13
644.14,59.13
644.16,59.13
644.17,59.13
644.19,59.13
644.20,59.13
644.22,59.13
644.23,59.13
644.24,59.13
644.26,59.13
644.27,59.13
644.29,59.13
644.30,59.13
644.32,59.13
644.33,59.13
644.35,59.13
644.36,59.13
644.38,59.13
644.39,59.13
644.41,59.13
644.42,59.13
644.44,59.13
644.45,59.13
644.47,59.13
644.48,59.13
644.49,59.13
644.51,59.13
644.52,59.13
644.54,59.13
644.55,59.13
644.57,59.13
644.58,59.13
644.60,59.13
644.61,59.13
644.63,59.13
644.64,59.13
644.66,59.13
644.67,59.13
644.69,59.13
644.70,59.13
644.72,59.13
644.73,59.13
644.74,59.13
644.76,59.12
644.77,59.13
644.79,59.13
644.80,59.13
644.82,59.14
644.83,59.14
644.85,59.14
644.86,59.14
644.88,59.15
644.89,59.15
644.91,59.15
644.92,59.15
644.94,59.16
644.95,59.16
644.97,59.16
644.98,59.16
644.99,59.17
645.01,59.17
645.02,59.17
645.04,59.17
645.05,59.18
645.07,59.18
645.08,59.18
645.10,59.19
645.11,59.19
645.13,59.19
645.14,59.19
645.16,59.20
645.17,59.20
645.19,59.20
645.20,59.20
645.22,59.21
645.23,59.21
645.25,59.21
645.26,59.21
645.27,59.22
645.29,59.22
645.30,59.22
645.32,59.22
645.33,59.23
645.35,59.23
645.36,59.23
645.38,59.23
645.39,59.22
645.41,59.23
645.42,59.22
645.44,59.22
645.45,59.22
645.47,59.22
645.48,59.21
645.50,59.22
645.51,59.22
645.52,59.21
645.54,59.21
645.55,59.21
645.57,59.21
645.58,59.21
645.60,59.21
645.61,59.20
645.63,59.20
645.64,59.20
645.66,59.20
645.67,59.20
645.69,59.20
645.70,59.20
645.72,59.19
645.73,59.19
645.75,59.19
645.76,59.19
645.77,59.19
645.79,59.19
645.80,59.18
645.82,59.18
645.83,59.18
645.85,59.18
645.86,59.18
645.88,59.18
645.89,59.18
645.91,59.17
645.92,59.17
645.94,59.17
645.95,59.17
645.97,59.17
645.98,59.17
646.00,59.16
646.01,59.16
646.02,59.17
646.04,59.16
646.05,59.16
646.07,59.16
646.08,59.16
646.10,59.15
646.11,59.16
646.13,59.15
646.14,59.15
646.16,59.15
646.17,59.15
646.19,59.14
646.20,59.15
646.22,59.15
646.23,59.14
646.25,59.14
646.26,59.14
646.27,59.14
646.29,59.14
646.30,59.14
646.32,59.13
646.33,59.13
646.35,59.13
646.36,59.13
646.38,59.13
646.39,59.13
646.41,59.13
646.42,59.12
646.44,59.12
646.45,59.12
646.47,59.12
646.48,59.12
646.50,59.12
646.51,59.11
646.52,59.11
646.54,59.11
646.55,59.11
646.57,59.11
646.58,59.11
646.60,59.11
646.61,59.10
646.63,59.10
646.64,59.10
646.66,59.10
646.67,59.10
646.69,59.10
646.70,59.10
646.72,59.09
646.73,59.10
646.75,59.09
646.76,59.09
646.78,59.09
646.79,59.09
646.80,59.08
646.82,59.09
646.83,59.08
646.85,59.08
646.86,59.08
646.88,59.08
646.89,59.08
646.91,59.08
646.92,59.08
646.94,59.07
646.95,59.07
646.97,59.07
646.98,59.07
647.00,59.07
647.01,59.07
647.03,59.07
647.04,59.06
647.05,59.06
647.07,59.06
647.08,59.06
647.10,59.06
647.11,59.06
647.13,59.05
647.14,59.05
647.16,59.05
647.17,59.05
647.19,59.05
647.20,59.05
647.22,59.05
647.23,59.04
647.25,59.04
647.26,59.04
647.28,59.04
647.29,59.04
647.30,59.04
647.32,59.04
647.33,59.03
647.35,59.04
647.36,59.03
647.38,59.03
647.39,59.03
647.41,59.03
647.42,59.02
647.44,59.03
647.45,59.02
647.47,59.02
647.48,59.02
647.50,59.02
647.51,59.02
647.53,59.02
647.54,59.02
647.55,59.01
647.57,59.01
647.58,59.01
647.60,59.01
647.61,59.01
647.63,59.01
647.64,59.01
647.66,59.00
647.67,59.00
647.69,59.00
647.70,59.00
647.72,59.00
647.73,59.00
647.75,58.99
647.76,58.99
647.78,58.99
647.79,58.99
647.80,58.99
647.82,58.99
647.83,58.99
647.85,58.98
647.86,58.98
647.88,58.98
647.89,58.98
647.91,58.98
647.92,58.98
647.94,58.98
647.95,58.97
647.97,58.98
647.98,58.97
648.00,58.97
648.01,58.97
648.03,58.97
648.04,58.96
648.05,58.97
648.07,58.96
648.08,58.96
648.10,58.96
648.11,58.96
648.13,58.96
648.14,58.96
648.16,58.96
648.17,58.95
648.19,58.95
648.20,58.95
648.22,58.95
648.23,58.95
648.25,58.95
648.26,58.95
648.28,58.94
648.29,58.94
648.31,58.94
648.32,58.94
648.33,58.94
648.35,58.94
648.36,58.93
648.38,58.93
648.39,58.93
648.41,58.93
648.42,58.93
648.44,58.93
648.45,58.93
648.47,58.92
648.48,58.92
648.50,58.92
648.51,58.92
648.53,58.92
648.54,58.92
648.56,58.92
648.57,58.91
648.58,58.92
648.60,58.91
648.61,58.91
648.63,58.91
648.64,58.91
648.66,58.90
648.67,58.91
648.69,58.91
648.70,58.90
648.72,58.90
648.73,58.90
648.75,58.90
648.76,58.90
648.78,58.90
648.79,58.89
648.81,58.89
648.82,58.89
648.83,58.89
648.85,58.89
648.86,58.89
648.88,58.89
648.89,58.88
648.91,58.88
648.92,58.88
648.94,58.88
648.95,58.88
648.97,58.88
648.98,58.88
649.00,58.87
649.01,58.87
649.03,58.87
649.04,58.87
649.06,58.87
649.07,58.87
649.08,58.86
649.10,58.86
649.11,58.87
649.13,58.86
649.14,58.86
649.16,58.86
649.17,58.86
649.19,58.85
649.20,58.86
649.22,58.85
649.23,58.85
649.25,58.85
649.26,58.85
649.28,58.85
649.29,58.85
649.31,58.85
649.32,58.84
649.33,58.84
649.35,58.84
649.36,58.84
649.38,58.84
649.39,58.84
649.41,58.84
649.42,58.83
649.44,58.83
649.45,58.83
649.47,58.83
649.48,58.83
649.50,58.83
649.51,58.82
649.53,58.82
649.54,58.82
649.56,58.82
649.57,58.82
649.58,58.82
649.60,58.82
649.61,58.81
649.63,58.81
649.64,58.81
649.66,58.81
649.67,58.81
649.69,58.81
649.70,58.81
649.72,58.80
649.73,58.81
649.75,58.80
649.76,58.80
649.78,58.80
649.79,58.80
649.81,58.79
649.82,58.80
649.84,58.80
649.85,58.79
649.86,58.79
649.88,58.79
649.89,58.79
649.91,58.79
649.92,58.79
649.94,58.79
649.95,58.79
649.97,58.79
649.98,58.79
650.00,58.79
650.01,58.79
650.03,58.79
650.04,58.79
650.06,58.79
650.07,58.79
650.09,58.79
650.10,58.79
650.11,58.79
650.13,58.79
650.14,58.79
650.16,58.79
650.17,58.79
650.19,58.79
650.20,58.79
650.22,58.79
650.23,58.79
650.25,58.79
650.26,58.79
650.28,58.79
650.29,58.79
650.31,58.79
650.32,58.79
650.34,58.79
650.35,58.79
650.36,58.79
650.38,58.79
650.39,58.79
650.41,58.80
650.42,58.80
650.44,58.80
650.45,58.80
650.47,58.80
650.48,58.80
650.50,58.80
650.51,58.80
650.53,58.80
650.54,58.80
650.56,58.80
650.57,58.80
650.59,58.80
650.60,58.80
650.61,58.80
650.63,58.80
650.64,58.80
650.66,58.80
650.67,58.80
650.69,58.80
650.70,58.80
650.72,58.80
650.73,58.80
650.75,58.80
650.76,58.80
650.78,58.80
650.79,58.80
650.81,58.80
650.82,58.80
650.84,58.80
650.85,58.80
650.86,58.80
650.88,58.80
650.89,58.80
650.91,58.80
650.92,58.80
650.94,58.80
650.95,58.79
650.97,58.79
650.98,58.79
651.00,58.79
651.01,58.80
651.03,58.80
651.04,58.80
651.06,58.80
651.07,58.81
651.09,58.81
651.10,58.81
651.11,58.81
651.13,58.82
651.14,58.82
651.16,58.82
651.17,58.83
651.19,58.83
651.20,58.83
651.22,58.83
651.23,58.84
651.25,58.84
651.26,58.84
651.28,58.84
651.29,58.85
651.31,58.85
651.32,58.85
651.34,58.86
651.35,58.86
651.37,58.86
651.38,58.86
651.39,58.87
651.41,58.87
651.42,58.87
651.44,58.87
651.45,58.88
651.47,58.88
651.48,58.88
651.50,58.88
651.51,58.89
651.53,58.89
651.54,58.89
651.56,58.89
651.57,58.88
651.59,58.88
651.60,58.88
651.62,58.88
651.63,58.88
651.64,58.88
651.66,58.88
651.67,58.87
651.69,58.87
651.70,58.87
651.72,58.87
651.73,58.87
651.75,58.87
651.76,58.86
651.78,58.86
651.79,58.86
651.81,58.86
651.82,58.86
651.84,58.86
651.85,58.86
651.87,58.85
651.88,58.86
651.89,58.85
651.91,58.85
651.92,58.85
651.94,58.85
651.95,58.85
651.97,58.85
651.98,58.85
652.00,58.84
652.01,58.84
652.03,58.84
652.04,58.84
652.06,58.84
652.07,58.84
652.09,58.84
652.10,58.83
652.12,58.83
652.13,58.83
652.14,58.83
652.16,58.83
652.17,58.83
652.19,58.82
652.20,58.82
652.22,58.82
652.23,58.82
652.25,58.82
652.26,58.82
652.28,58.82
652.29,58.81
652.31,58.81
652.32,58.81
652.34,58.81
652.35,58.81
652.37,58.81
652.38,58.81
652.39,58.80
652.41,58.81
652.42,58.80
652.44,58.80
652.45,58.80
652.47,58.80
652.48,58.79
652.50,58.80
652.51,58.80
652.53,58.79
652.54,58.79
652.56,58.79
652.57,58.79
652.59,58.79
652.60,58.79
652.62,58.78
652.63,58.78
652.64,58.78
652.66,58.78
652.67,58.78
652.69,58.78
652.70,58.78
652.72,58.77
652.73,58.77
652.75,58.77
652.76,58.77
652.78,58.77
652.79,58.77
652.81,58.77
652.82,58.76
652.84,58.76
652.85,58.76
652.87,58.76
652.88,58.76
652.89,58.76
652.91,58.75
652.92,58.75
652.94,58.76
652.95,58.75
652.97,58.75
652.98,58.75
653.00,58.75
653.01,58.74
653.03,58.75
653.04,58.74
653.06,58.74
653.07,58.74
653.09,58.74
653.10,58.74
653.12,58.74
653.13,58.74
653.15,58.73
653.16,58.73
653.17,58.73
653.19,58.73
653.20,58.73
653.22,58.73
653.23,58.73
653.25,58.72
653.26,58.72
653.28,58.72
653.29,58.72
653.31,58.72
653.32,58.72
653.34,58.72
653.35,58.71
653.37,58.71
653.38,58.71
653.40,58.71
653.41,58.71
653.42,58.71
653.44,58.70
653.45,58.70
653.47,58.71
653.48,58.70
653.50,58.70
653.51,58.70
653.53,58.70
653.54,58.69
653.56,58.70
653.57,58.69
653.59,58.69
653.60,58.69
653.62,58.69
653.63,58.69
653.65,58.69
653.66,58.69
653.67,58.68
653.69,58.68
653.70,58.68
653.72,58.68
653.73,58.68
653.75,58.68
653.76,58.68
653.78,58.67
653.79,58.67
653.81,58.67
653.82,58.67
653.84,58.67
653.85,58.67
653.87,58.67
653.88,58.66
653.90,58.66
653.91,58.66
653.92,58.66
653.94,58.66
653.95,58.66
653.97,58.65
653.98,58.65
654.00,58.66
654.01,58.65
654.03,58.65
654.04,58.65
654.06,58.65
654.07,58.64
654.09,58.65
654.10,58.64
654.12,58.64
654.13,58.64
654.15,58.64
654.16,58.64
654.17,58.64
654.19,58.64
654.20,58.64
654.22,58.64
654.23,58.64
654.25,58.64
654.26,58.64
654.28,58.64
654.29,58.64
654.31,58.64
654.32,58.64
654.34,58.64
654.35,58.64
654.37,58.64
654.38,58.64
654.40,58.64
654.41,58.64
654.42,58.64
654.44,58.64
654.45,58.64
654.47,58.64
654.48,58.64
654.50,58.64
654.51,58.64
654.53,58.64
654.54,58.64
654.56,58.64
654.57,58.64
654.59,58.64
654.60,58.64
654.62,58.64
654.63,58.64
654.65,58.65
654.66,58.65
654.68,58.65
654.69,58.65
654.70,58.65
654.72,58.65
654.73,58.65
654.75,58.65
654.76,58.65
654.78,58.65
654.79,58.65
654.81,58.65
654.82,58.65
654.84,58.65
654.85,58.65
654.87,58.65
654.88,58.65
654.90,58.65
654.91,58.65
654.93,58.65
654.94,58.65
654.95,58.65
654.97,58.65
654.98,58.65
655.00,58.65
655.01,58.65
655.03,58.65
655.04,58.65
655.06,58.65
655.07,58.65
655.09,58.65
655.10,58.65
655.12,58.65
655.13,58.65
655.15,58.65
655.16,58.65
655.18,58.65
655.19,58.64
655.20,58.64
655.22,58.65
655.23,58.65
655.25,58.65
655.26,58.65
655.28,58.66
655.29,58.66
655.31,58.66
655.32,58.66
655.34,58.67
655.35,58.67
655.37,58.67
655.38,58.68
655.40,58.68
655.41,58.68
655.43,58.68
655.44,58.69
655.45,58.69
655.47,58.69
655.48,58.70
655.50,58.70
655.51,58.70
655.53,58.70
655.54,58.71
655.56,58.71
655.57,58.71
655.59,58.71
655.60,58.72
655.62,58.72
655.63,58.72
655.65,58.73
655.66,58.73
655.68,58.73
655.69,58.73
655.70,58.74
655.72,58.74
655.73,58.74
655.75,58.74
655.76,58.74
655.78,58.74
655.79,58.74
655.81,58.74
655.82,58.74
655.84,58.74
655.85,58.73
655.87,58.73
655.88,58.73
655.90,58.73
655.91,58.73
655.93,58.73
655.94,58.73
655.95,58.72
655.97,58.72
655.98,58.72
656.00,58.72
656.01,58.72
656.03,58.72
656.04,58.71
656.06,58.71
656.07,58.71
656.09,58.71
656.10,58.71
656.12,58.71
656.13,58.71
656.15,58.70
656.16,58.70
656.18,58.70
656.19,58.70
656.21,58.70
656.22,58.70
656.23,58.70
656.25,58.69
656.26,58.70
656.28,58.69
656.29,58.69
656.31,58.69
656.32,58.69
656.34,58.69
656.35,58.69
656.37,58.69
656.38,58.68
656.40,58.68
656.41,58.68
656.43,58.68
656.44,58.68
656.46,58.68
656.47,58.68
656.48,58.67
656.50,58.67
656.51,58.67
656.53,58.67
656.54,58.67
656.56,58.67
656.57,58.66
656.59,58.66
656.60,58.66
656.62,58.66
656.63,58.66
656.65,58.66
656.66,58.66
656.68,58.65
656.69,58.65
656.71,58.66
656.72,58.65
656.73,58.65
656.75,58.65
656.76,58.65
656.78,58.64
656.79,58.65
656.81,58.64
656.82,58.64
656.84,58.64
656.85,58.64
656.87,58.64
656.88,58.64
656.90,58.64
656.91,58.63
656.93,58.63
656.94,58.63
656.96,58.63
656.97,58.63
656.98,58.63
657.00,58.63
657.01,58.62
657.03,58.62
657.04,58.62
657.06,58.62
657.07,58.62
657.09,58.62
657.10,58.62
657.12,58.61
657.13,58.61
657.15,58.61
657.16,58.61
657.18,58.61
657.19,58.61
657.21,58.60
657.22,58.60
657.23,58.61
657.25,58.60
657.26,58.60
657.28,58.60
657.29,58.60
657.31,58.59
657.32,58.60
657.34,58.59
657.35,58.59
657.37,58.59
657.38,58.59
657.40,58.59
657.41,58.59
657.43,58.59
657.44,58.58
657.46,58.58
657.47,58.58
657.48,58.58
657.50,58.58
657.51,58.58
657.53,58.58
657.54,58.57
657.56,58.57
657.57,58.57
657.59,58.57
657.60,58.57
657.62,58.57
657.63,58.57
657.65,58.56
657.66,58.56
657.68,58.56
657.69,58.56
657.71,58.56
657.72,58.56
657.74,58.56
657.75,58.55
657.76,58.56
657.78,58.55
657.79,58.55
657.81,58.55
657.82,58.55
657.84,58.54
657.85,58.55
657.87,58.55
657.88,58.54
657.90,58.54
657.91,58.54
657.93,58.54
657.94,58.54
657.96,58.54
657.97,58.54
657.99,58.54
658.00,58.54
658.01,58.54
658.03,58.54
658.04,58.54
658.06,58.54
658.07,58.54
658.09,58.54
658.10,58.54
658.12,58.54
658.13,58.54
658.15,58.54
658.16,58.54
658.18,58.54
658.19,58.54
658.21,58.54
658.22,58.54
658.24,58.54
658.25,58.54
658.26,58.54
658.28,58.54
658.29,58.54
658.31,58.54
658.32,58.54
658.34,58.55
658.35,58.55
658.37,58.55
658.38,58.55
658.40,58.56
658.41,58.56
658.43,58.56
658.44,58.57
658.46,58.57
658.47,58.57
658.49,58.57
658.50,58.58
658.51,58.58
658.53,58.58
658.54,58.58
658.56,58.58
658.57,58.58
658.59,58.58
658.60,58.58
658.62,58.57
658.63,58.58
658.65,58.57
658.66,58.57
658.68,58.57
658.69,58.57
658.71,58.57
658.72,58.57
658.74,58.57
658.75,58.56
658.76,58.56
658.78,58.56
658.79,58.56
658.81,58.56
658.82,58.56
658.84,58.56
658.85,58.55
658.87,58.55
658.88,58.55
658.90,58.55
658.91,58.55
658.93,58.55
658.94,58.54
658.96,58.55
658.97,58.55
658.99,58.55
659.00,58.55
659.01,58.55
659.03,58.55
659.04,58.55
659.06,58.55
659.07,58.55
659.09,58.55
659.10,58.55
659.12,58.55
659.13,58.55
659.15,58.55
659.16,58.55
659.18,58.55
659.19,58.55
659.21,58.55
659.22,58.55
659.24,58.55
659.25,58.55
659.27,58.55
659.28,58.55
659.29,58.55
659.31,58.56
659.32,58.56
659.34,58.56
659.35,58.57
659.37,58.57
659.38,58.57
659.40,58.57
659.41,58.57
659.43,58.57
659.44,58.57
659.46,58.56
659.47,58.56
659.49,58.56
659.50,58.56
659.52,58.56
659.53,58.56
659.54,58.56
659.56,58.55
659.57,58.55
659.59,58.55
659.60,58.55
659.62,58.55
659.63,58.55
659.65,58.55
659.66,58.54
659.68,58.54
659.69,58.54
659.71,58.54
659.72,58.54
659.74,58.54
659.75,58.54
659.77,58.53
659.78,58.54
659.79,58.53
659.81,58.53
659.82,58.53
659.84,58.53
659.85,58.53
659.87,58.53
659.88,58.53
659.90,58.53
659.91,58.53
659.93,58.53
659.94,58.53
659.96,58.53
659.97,58.53
659.99,58.53
660.00,58.53
660.02,58.53
660.03,58.53
660.04,58.53
660.06,58.53
660.07,58.53
660.09,58.53
660.10,58.53
660.12,58.53
660.13,58.53
660.15,58.53
660.16,58.53
660.18,58.53
660.19,58.53
660.21,58.53
660.22,58.53
660.24,58.53
660.25,58.53
660.27,58.53
660.28,58.53
660.29,58.53
660.31,58.53
660.32,58.53
660.34,58.53
660.35,58.53
660.37,58.53
660.38,58.53
660.40,58.53
660.41,58.53
660.43,58.53
660.44,58.53
660.46,58.53
660.47,58.53
660.49,58.53
660.50,58.53
660.52,58.53
660.53,58.53
660.54,58.53
660.56,58.53
660.57,58.53
660.59,58.54
660.60,58.54
660.62,58.54
660.63,58.54
660.65,58.54
660.66,58.54
660.68,58.54
660.69,58.54
660.71,58.54
660.72,58.54
660.74,58.54
660.75,58.54
660.77,58.54
660.78,58.54
660.80,58.54
660.81,58.54
660.82,58.54
660.84,58.54
660.85,58.54
660.87,58.54
660.88,58.53
660.90,58.53
660.91,58.53
660.93,58.53
660.94,58.53
660.96,58.53
660.97,58.53
660.99,58.53
661.00,58.54
661.02,58.54
661.03,58.54
661.05,58.54
661.06,58.54
661.07,58.54
661.09,58.54
661.10,58.54
661.12,58.54
661.13,58.54
661.15,58.54
661.16,58.54
661.18,58.54
661.19,58.54
661.21,58.54
661.22,58.54
661.24,58.53
661.25,58.53
661.27,58.53
661.28,58.53
661.30,58.53
661.31,58.54
661.32,58.54
661.34,58.54
661.35,58.54
661.37,58.55
661.38,58.55
661.40,58.55
661.41,58.56
661.43,58.56
661.44,58.56
661.46,58.56
661.47,58.57
661.49,58.57
661.50,58.57
661.52,58.58
661.53,58.58
661.55,58.58
661.56,58.58
661.57,58.59
661.59,58.59
661.60,58.59
661.62,58.59
661.63,58.60
661.65,58.60
661.66,58.60
661.68,58.61
661.69,58.61
661.71,58.61
661.72,58.61
661.74,58.62
661.75,58.62
661.77,58.62
661.78,58.63
661.80,58.63
661.81,58.63
661.82,58.63
661.84,58.64
661.85,58.64
661.87,58.64
661.88,58.64
661.90,58.65
661.91,58.65
661.93,58.65
661.94,58.66
661.96,58.66
661.97,58.66
661.99,58.66
662.00,58.66
662.02,58.65
662.03,58.65
662.05,58.65
662.06,58.65
662.07,58.65
662.09,58.65
662.10,58.65
662.12,58.64
662.13,58.64
662.15,58.64
662.16,58.64
662.18,58.64
662.19,58.64
662.21,58.64
662.22,58.63
662.24,58.63
662.25,58.63
662.27,58.63
662.28,58.63
662.30,58.63
662.31,58.63
662.33,58.62
662.34,58.63
662.35,58.62
662.37,58.62
662.38,58.62
662.40,58.62
662.41,58.61
662.43,58.62
662.44,58.62
662.46,58.61
662.47,58.61
662.49,58.61
662.50,58.61
662.52,58.61
662.53,58.61
662.55,58.60
662.56,58.60
662.58,58.60
662.59,58.60
662.60,58.60
662.62,58.60
662.63,58.60
662.65,58.59
662.66,58.59
662.68,58.59
662.69,58.59
662.71,58.59
662.72,58.59
662.74,58.59
662.75,58.58
662.77,58.58
662.78,58.58
662.80,58.58
662.81,58.58
662.83,58.58
662.84,58.58
662.85,58.57
662.87,58.58
662.88,58.57
662.90,58.57
662.91,58.57
662.93,58.57
662.94,58.56
662.96,58.57
662.97,58.57
662.99,58.56
663.00,58.56
663.02,58.56
663.03,58.56
663.05,58.56
663.06,58.56
663.08,58.56
663.09,58.55
663.10,58.55
663.12,58.55
663.13,58.55
663.15,58.55
663.16,58.55
663.18,58.54
663.19,58.54
663.21,58.54
663.22,58.54
663.24,58.54
663.25,58.54
663.27,58.54
663.28,58.53
663.30,58.53
663.31,58.54
663.33,58.53
663.34,58.53
663.35,58.53
663.37,58.53
663.38,58.52
663.40,58.53
663.41,58.52
663.43,58.52
663.44,58.52
663.46,58.52
663.47,58.52
663.49,58.52
663.50,58.52
663.52,58.51
663.53,58.51
663.55,58.51
663.56,58.51
663.58,58.51
663.59,58.51
663.60,58.51
663.62,58.50
663.63,58.50
663.65,58.50
663.66,58.50
663.68,58.50
663.69,58.50
663.71,58.50
663.72,58.49
663.74,58.49
663.75,58.49
663.77,58.49
663.78,58.49
663.80,58.49
663.81,58.49
663.83,58.48
663.84,58.49
663.86,58.48
663.87,58.48
663.88,58.48
663.90,58.48
663.91,58.47
663.93,58.48
663.94,58.48
663.96,58.47
663.97,58.47
663.99,58.47
664.00,58.47
664.02,58.47
664.03,58.47
664.05,58.47
664.06,58.46
664.08,58.46
664.09,58.46
664.11,58.46
664.12,58.46
664.13,58.46
664.15,58.45
664.16,58.45
664.18,58.45
664.19,58.45
664.21,58.45
664.22,58.45
664.24,58.45
664.25,58.44
664.27,58.44
664.28,58.45
664.30,58.44
664.31,58.44
664.33,58.44
664.34,58.44
664.36,58.43
664.37,58.44
664.38,58.43
664.40,58.43
664.41,58.43
664.43,58.43
664.44,58.43
664.46,58.43
664.47,58.43
664.49,58.42
664.50,58.42
664.52,58.42
664.53,58.42
664.55,58.42
664.56,58.42
664.58,58.42
664.59,58.41
664.61,58.41
664.62,58.41
664.63,58.41
664.65,58.41
664.66,58.41
664.68,58.41
664.69,58.40
664.71,58.40
664.72,58.40
664.74,58.40
664.75,58.40
664.77,58.40
664.78,58.40
664.80,58.39
664.81,58.40
664.83,58.39
664.84,58.39
664.86,58.39
664.87,58.39
664.88,58.39
664.90,58.39
664.91,58.39
664.93,58.38
664.94,58.38
664.96,58.38
664.97,58.38
664.99,58.38
665.00,58.38
665.02,58.38
665.03,58.37
665.05,58.37
665.06,58.37
665.08,58.37
665.09,58.37
665.11,58.37
665.12,58.37
665.13,58.36
665.15,58.36
665.16,58.36
665.18,58.36
665.19,58.36
665.21,58.36
665.22,58.36
665.24,58.35
665.25,58.35
665.27,58.35
665.28,58.35
665.30,58.35
665.31,58.35
665.33,58.35
665.34,58.35
665.36,58.35
665.37,58.35
665.39,58.35
665.40,58.35
665.41,58.36
665.43,58.36
665.44,58.36
665.46,58.36
665.47,58.36
665.49,58.36
665.50,58.36
665.52,58.36
665.53,58.36
665.55,58.36
665.56,58.36
665.58,58.36
665.59,58.36
665.61,58.36
665.62,58.36
665.64,58.36
665.65,58.36
665.66,58.36
665.68,58.36
665.69,58.36
665.71,58.36
665.72,58.36
665.74,58.36
665.75,58.36
665.77,58.36
665.78,58.37
665.80,58.37
665.81,58.37
665.83,58.38
665.84,58.38
665.86,58.38
665.87,58.38
665.89,58.39
665.90,58.39
665.91,58.39
665.93,58.40
665.94,58.40
665.96,58.40
665.97,58.40
665.99,58.40
666.00,58.40
666.02,58.40
666.03,58.40
666.05,58.40
666.06,58.40
666.08,58.40
666.09,58.40
666.11,58.40
666.12,58.40
666.14,58.40
666.15,58.40
666.16,58.40
666.18,58.40
666.19,58.40
666.21,58.40
666.22,58.40
666.24,58.40
666.25,58.40
666.27,58.40
666.28,58.40
666.30,58.41
666.31,58.41
666.33,58.41
666.34,58.41
666.36,58.42
666.37,58.42
666.39,58.42
666.40,58.43
666.41,58.43
666.43,58.43
666.44,58.43
666.46,58.44
666.47,58.43
666.49,58.43
666.50,58.43
666.52,58.43
666.53,58.43
666.55,58.43
666.56,58.43
666.58,58.42
666.59,58.43
666.61,58.42
666.62,58.42
666.64,58.42
666.65,58.42
666.66,58.42
666.68,58.42
666.69,58.42
666.71,58.41
666.72,58.41
666.74,58.41
666.75,58.41
666.77,58.41
666.78,58.41
666.80,58.41
666.81,58.40
666.83,58.40
666.84,58.40
666.86,58.40
666.87,58.40
666.89,58.40
666.90,58.40
666.92,58.39
666.93,58.39
666.94,58.39
666.96,58.39
666.97,58.39
666.99,58.39
667.00,58.39
667.02,58.38
667.03,58.39
667.05,58.38
667.06,58.38
667.08,58.38
667.09,58.38
667.11,58.37
667.12,58.38
667.14,58.38
667.15,58.37
667.17,58.37
667.18,58.37
667.19,58.37
667.21,58.37
667.22,58.37
667.24,58.37
667.25,58.36
667.27,58.36
667.28,58.36
667.30,58.36
667.31,58.36
667.33,58.36
667.34,58.36
667.36,58.36
667.37,58.36
667.39,58.36
667.40,58.36
667.42,58.36
667.43,58.36
667.44,58.36
667.46,58.36
667.47,58.36
667.49,58.36
667.50,58.36
667.52,58.36
667.53,58.36
667.55,58.36
667.56,58.36
667.58,58.36
667.59,58.36
667.61,58.36
667.62,58.36
667.64,58.36
667.65,58.36
667.67,58.36
667.68,58.36
667.69,58.36
667.71,58.36
667.72,58.36
667.74,58.36
667.75,58.36
667.77,58.36
667.78,58.36
667.80,58.36
667.81,58.36
667.83,58.36
667.84,58.36
667.86,58.36
667.87,58.36
667.89,58.36
667.90,58.36
667.92,58.36
667.93,58.36
667.94,58.36
667.96,58.36
667.97,58.36
667.99,58.36
668.00,58.36
668.02,58.37
668.03,58.37
668.05,58.37
668.06,58.37
668.08,58.38
668.09,58.38
668.11,58.38
668.12,58.39
668.14,58.39
668.15,58.39
668.17,58.39
668.18,58.40
668.19,58.40
668.21,58.40
668.22,58.41
668.24,58.41
668.25,58.41
668.27,58.41
668.28,58.41
668.30,58.42
668.31,58.41
668.33,58.41
668.34,58.41
668.36,58.41
668.37,58.40
668.39,58.41
668.40,58.40
668.42,58.40
668.43,58.40
668.45,58.40
668.46,58.40
668.47,58.40
668.49,58.40
668.50,58.39
668.52,58.39
668.53,58.39
668.55,58.39
668.56,58.39
668.58,58.39
668.59,58.39
668.61,58.38
668.62,58.38
668.64,58.38
668.65,58.38
668.67,58.38
668.68,58.38
668.70,58.38
668.71,58.37
668.72,58.37
668.74,58.37
668.75,58.37
668.77,58.37
668.78,58.37
668.80,58.37
668.81,58.36
668.83,58.37
668.84,58.36
668.86,58.36
668.87,58.36
668.89,58.36
668.90,58.36
668.92,58.36
668.93,58.36
668.95,58.35
668.96,58.35
668.97,58.35
668.99,58.35
669.00,58.35
669.02,58.35
669.03,58.35
669.05,58.34
669.06,58.34
669.08,58.34
669.09,58.34
669.11,58.34
669.12,58.34
669.14,58.34
669.15,58.33
669.17,58.33
669.18,58.33
669.20,58.33
669.21,58.33
669.22,58.33
669.24,58.33
669.25,58.32
669.27,58.33
669.28,58.32
669.30,58.32
669.31,58.32
669.33,58.32
669.34,58.32
669.36,58.32
669.37,58.32
669.39,58.31
669.40,58.31
669.42,58.31
669.43,58.31
669.45,58.31
669.46,58.31
669.47,58.31
669.49,58.30
669.50,58.30
669.52,58.30
669.53,58.30
669.55,58.30
669.56,58.30
669.58,58.30
669.59,58.29
669.61,58.29
669.62,58.29
669.64,58.29
669.65,58.29
669.67,58.29
669.68,58.29
669.70,58.28
669.71,58.29
669.72,58.28
669.74,58.28
669.75,58.28
669.77,58.28
669.78,58.27
669.80,58.28
669.81,58.28
669.83,58.27
669.84,58.27
669.86,58.27
669.87,58.27
669.89,58.27
669.90,58.27
669.92,58.27
669.93,58.26
669.95,58.26
669.96,58.26
669.98,58.26
669.99,58.26
670.00,58.26
670.02,58.26
670.03,58.25
670.05,58.25
670.06,58.25
670.08,58.25
670.09,58.25
670.11,58.25
670.12,58.25
670.14,58.24
670.15,58.25
670.17,58.24
670.18,58.24
670.20,58.24
670.21,58.24
670.23,58.23
670.24,58.24
670.25,58.24
670.27,58.24
670.28,58.24
670.30,58.24
670.31,58.24
670.33,58.24
670.34,58.24
670.36,58.24
670.37,58.24
670.39,58.24
670.40,58.24
670.42,58.24
670.43,58.24
670.45,58.24
670.46,58.24
670.48,58.24
670.49,58.24
670.50,58.24
670.52,58.24
670.53,58.24
670.55,58.24
670.56,58.24
670.58,58.24
670.59,58.25
670.61,58.25
670.62,58.24
670.64,58.24
670.65,58.24
670.67,58.24
670.68,58.24
670.70,58.24
670.71,58.24
670.73,58.24
670.74,58.24
670.75,58.24
670.77,58.24
670.78,58.24
670.80,58.24
670.81,58.24
670.83,58.24
670.84,58.24
670.86,58.24
670.87,58.24
670.89,58.24
670.90,58.25
670.92,58.25
670.93,58.25
670.95,58.26
670.96,58.26
670.98,58.26
670.99,58.26
671.00,58.27
671.02,58.27
671.03,58.27
671.05,58.28
671.06,58.28
671.08,58.28
671.09,58.28
671.11,58.29
671.12,58.29
671.14,58.29
671.15,58.30
671.17,58.30
671.18,58.30
671.20,58.30
671.21,58.31
671.23,58.31
671.24,58.31
671.25,58.32
671.27,58.32
671.28,58.32
671.30,58.32
671.31,58.33
671.33,58.33
671.34,58.33
671.36,58.34
671.37,58.34
671.39,58.34
671.40,58.34
671.42,58.34
671.43,58.34
671.45,58.34
671.46,58.34
671.48,58.34
671.49,58.34
671.51,58.34
671.52,58.34
671.53,58.34
671.55,58.34
671.56,58.34
671.58,58.34
671.59,58.34
671.61,58.34
671.62,58.34
671.64,58.34
671.65,58.34
671.67,58.34
671.68,58.34
671.70,58.34
671.71,58.34
671.73,58.34
671.74,58.34
671.76,58.35
671.77,58.35
671.78,58.35
671.80,58.35
671.81,58.36
671.83,58.36
671.84,58.36
671.86,58.37
671.87,58.37
671.89,58.37
671.90,58.37
671.92,58.38
671.93,58.38
671.95,58.38
671.96,58.39
671.98,58.39
671.99,58.39
672.01,58.39
672.02,58.40
672.03,58.40
672.05,58.40
672.06,58.41
672.08,58.41
672.09,58.41
672.11,58.41
672.12,58.42
672.14,58.42
672.15,58.42
672.17,58.43
672.18,58.43
672.20,58.43
672.21,58.43
672.23,58.44
672.24,58.44
672.26,58.44
672.27,58.44
672.28,58.45
672.30,58.45
672.31,58.45
672.33,58.46
672.34,58.46
672.36,58.46
672.37,58.46
672.39,58.47
672.40,58.47
672.42,58.47
672.43,58.48
672.45,58.48
672.46,58.48
672.48,58.48
672.49,58.49
672.51,58.49
672.52,58.49
672.53,58.50
672.55,58.50
672.56,58.50
672.58,58.50
672.59,58.51
672.61,58.51
672.62,58.51
672.64,58.51
672.65,58.52
672.67,58.52
672.68,58.52
672.70,58.53
672.71,58.53
672.73,58.53
672.74,58.53
672.76,58.54
672.77,58.54
672.78,58.54
672.80,58.55
672.81,58.55
672.83,58.55
672.84,58.55
672.86,58.56
672.87,58.56
672.89,58.56
672.90,58.57
672.92,58.57
672.93,58.57
672.95,58.57
672.96,58.58
672.98,58.58
672.99,58.58
673.01,58.58
673.02,58.59
673.03,58.59
673.05,58.59
673.06,58.60
673.08,58.60
673.09,58.60
673.11,58.60
673.12,58.61
673.14,58.61
673.15,58.61
673.17,58.62
673.18,58.62
673.20,58.62
673.21,58.62
673.23,58.63
673.24,58.63
673.26,58.63
673.27,58.63
673.29,58.64
673.30,58.64
673.31,58.64
673.33,58.65
673.34,58.65
673.36,58.65
673.37,58.65
673.39,58.66
673.40,58.66
673.42,58.66
673.43,58.66
673.45,58.67
673.46,58.67
673.48,58.67
673.49,58.68
673.51,58.68
673.52,58.68
673.54,58.68
673.55,58.69
673.56,58.69
673.58,58.69
673.59,58.70
673.61,58.70
673.62,58.70
673.64,58.70
673.65,58.70
673.67,58.70
673.68,58.70
673.70,58.70
673.71,58.70
673.73,58.70
673.74,58.70
673.76,58.70
673.77,58.70
673.79,58.70
673.80,58.70
673.81,58.71
673.83,58.71
673.84,58.71
673.86,58.71
673.87,58.71
673.89,58.71
673.90,58.71
673.92,58.71
673.93,58.71
673.95,58.71
673.96,58.71
673.98,58.71
673.99,58.71
674.01,58.71
674.02,58.71
674.04,58.71
674.05,58.71
674.06,58.71
674.08,58.71
674.09,58.71
674.11,58.71
674.12,58.71
674.14,58.71
674.15,58.71
674.17,58.71
674.18,58.71
674.20,58.71
674.21,58.71
674.23,58.71
674.24,58.71
674.26,58.71
674.27,58.71
674.29,58.71
674.30,58.71
674.31,58.71
674.33,58.71
674.34,58.70
674.36,58.70
674.37,58.71
674.39,58.71
674.40,58.71
674.42,58.71
674.43,58.72
674.45,58.72
674.46,58.72
674.48,58.72
674.49,58.73
674.51,58.73
674.52,58.73
674.54,58.74
674.55,58.74
674.56,58.74
674.58,58.74
674.59,58.75
674.61,58.75
674.62,58.75
674.64,58.76
674.65,58.76
674.67,58.76
674.68,58.76
674.70,58.77
674.71,58.77
674.73,58.77
674.74,58.77
674.76,58.77
674.77,58.77
674.79,58.77
674.80,58.77
674.82,58.78
674.83,58.78
674.84,58.78
674.86,58.78
674.87,58.78
674.89,58.78
674.90,58.78
674.92,58.78
674.93,58.78
674.95,58.78
674.96,58.78
674.98,58.78
674.99,58.78
675.01,58.78
675.02,58.78
675.04,58.78
675.05,58.78
675.07,58.77
675.08,58.77
675.09,58.77
675.11,58.77
675.12,58.78
675.14,58.78
675.15,58.78
675.17,58.78
675.18,58.79
675.20,58.79
675.21,58.79
675.23,58.79
675.24,58.80
675.26,58.80
675.27,58.80
675.29,58.81
675.30,58.81
675.32,58.81
675.33,58.81
675.34,58.82
675.36,58.82
675.37,58.82
675.39,58.82
675.40,58.83
675.42,58.83
675.43,58.83
675.45,58.84
675.46,58.84
675.48,58.84
675.49,58.84
675.51,58.85
675.52,58.85
675.54,58.85
675.55,58.85
675.57,58.86
675.58,58.86
675.59,58.86
675.61,58.87
675.62,58.87
675.64,58.87
675.65,58.87
675.67,58.88
675.68,58.88
675.70,58.88
675.71,58.88
675.73,58.89
675.74,58.89
675.76,58.89
675.77,58.90
675.79,58.90
675.80,58.90
675.82,58.90
675.83,58.91
675.84,58.91
675.86,58.91
675.87,58.91
675.89,58.92
675.90,58.92
675.92,58.92
675.93,58.93
675.95,58.93
675.96,58.93
675.98,58.93
675.99,58.94
676.01,58.94
676.02,58.94
676.04,58.94
676.05,58.95
676.07,58.95
676.08,58.95
676.09,58.96
676.11,58.96
676.12,58.96
676.14,58.96
676.15,58.97
676.17,58.97
676.18,58.97
676.20,58.97
676.21,58.98
676.23,58.98
676.24,58.98
676.26,58.99
676.27,58.99
676.29,58.99
676.30,58.99
676.32,59.00
676.33,59.00
676.35,59.00
676.36,59.00
676.37,59.01
676.39,59.01
676.40,59.01
676.42,59.01
676.43,59.02
676.45,59.02
676.46,59.02
676.48,59.03
676.49,59.03
676.51,59.03
676.52,59.03
676.54,59.04
676.55,59.04
676.57,59.04
676.58,59.04
676.60,59.05
676.61,59.05
676.62,59.05
676.64,59.06
676.65,59.06
676.67,59.06
676.68,59.06
676.70,59.07
676.71,59.07
676.73,59.07
676.74,59.07
676.76,59.08
676.77,59.08
676.79,59.08
676.80,59.08
676.82,59.09
676.83,59.09
676.85,59.09
676.86,59.10
676.87,59.10
676.89,59.10
676.90,59.10
676.92,59.11
676.93,59.11
676.95,59.11
676.96,59.11
676.98,59.12
676.99,59.12
677.01,59.12
677.02,59.13
677.04,59.13
677.05,59.13
677.07,59.13
677.08,59.14
677.10,59.14
677.11,59.14
677.12,59.14
677.14,59.15
677.15,59.15
677.17,59.15
677.18,59.15
677.20,59.16
677.21,59.16
677.23,59.16
677.24,59.17
677.26,59.17
677.27,59.17
677.29,59.17
677.30,59.18
677.32,59.18
677.33,59.18
677.35,59.18
677.36,59.19
677.37,59.19
677.39,59.19
677.40,59.19
677.42,59.20
677.43,59.20
677.45,59.20
677.46,59.21
677.48,59.21
677.49,59.21
677.51,59.21
677.52,59.22
677.54,59.22
677.55,59.22
677.57,59.22
677.58,59.23
677.60,59.23
677.61,59.23
677.62,59.23
677.64,59.24
677.65,59.24
677.67,59.24
677.68,59.25
677.70,59.25
677.71,59.25
677.73,59.25
677.74,59.26
677.76,59.26
677.77,59.26
677.79,59.26
677.80,59.27
677.82,59.27
677.83,59.27
677.85,59.27
677.86,59.28
677.88,59.28
677.89,59.28
677.90,59.29
677.92,59.29
677.93,59.29
677.95,59.29
677.96,59.30
677.98,59.30
677.99,59.30
678.01,59.30
678.02,59.31
678.04,59.31
678.05,59.31
678.07,59.31
678.08,59.32
678.10,59.32
678.11,59.32
678.13,59.32
678.14,59.32
678.15,59.32
678.17,59.32
678.18,59.32
678.20,59.32
678.21,59.32
678.23,59.32
678.24,59.32
678.26,59.32
678.27,59.32
678.29,59.32
678.30,59.32
678.32,59.32
678.33,59.32
678.35,59.32
678.36,59.32
678.38,59.32
678.39,59.32
678.40,59.32
678.42,59.32
678.43,59.32
678.45,59.32
678.46,59.32
678.48,59.32
678.49,59.32
678.51,59.32
678.52,59.32
678.54,59.32
678.55,59.32
678.57,59.32
678.58,59.32
678.60,59.32
678.61,59.32
678.63,59.32
678.64,59.32
678.65,59.32
678.67,59.32
678.68,59.32
678.70,59.32
678.71,59.32
678.73,59.32
678.74,59.32
678.76,59.32
678.77,59.32
678.79,59.32
678.80,59.32
678.82,59.32
678.83,59.32
678.85,59.32
678.86,59.32
678.88,59.32
678.89,59.32
678.90,59.32
678.92,59.32
678.93,59.32
678.95,59.32
678.96,59.32
678.98,59.33
678.99,59.33
679.01,59.33
679.02,59.33
679.04,59.34
679.05,59.34
679.07,59.34
679.08,59.34
679.10,59.35
679.11,59.35
679.13,59.35
679.14,59.35
679.15,59.36
679.17,59.36
679.18,59.36
679.20,59.37
679.21,59.37
679.23,59.37
679.24,59.37
679.26,59.38
679.27,59.38
679.29,59.38
679.30,59.38
679.32,59.39
679.33,59.39
679.35,59.39
679.36,59.39
679.38,59.40
679.39,59.40
679.41,59.40
679.42,59.40
679.43,59.41
679.45,59.41
679.46,59.41
679.48,59.42
679.49,59.42
679.51,59.42
679.52,59.42
679.54,59.43
679.55,59.43
679.57,59.43
679.58,59.43
679.60,59.44
679.61,59.44
679.63,59.44
679.64,59.44
679.66,59.45
679.67,59.45
679.68,59.45
679.70,59.45
679.71,59.46
679.73,59.46
679.74,59.46
679.76,59.47
679.77,59.47
679.79,59.47
679.80,59.47
679.82,59.48
679.83,59.48
679.85,59.48
679.86,59.48
679.88,59.49
679.89,59.49
679.91,59.49
679.92,59.49
679.93,59.50
679.95,59.50
679.96,59.50
679.98,59.50
679.99,59.51
680.01,59.51
680.02,59.51
680.04,59.51
680.05,59.52
680.07,59.52
680.08,59.52
680.10,59.52
680.11,59.52
680.13,59.52
680.14,59.52
680.16,59.52
680.17,59.52
680.18,59.52
680.20,59.52
680.21,59.52
680.23,59.52
680.24,59.52
680.26,59.52
680.27,59.52
680.29,59.52
680.30,59.52
680.32,59.52
680.33,59.52
680.35,59.52
680.36,59.52
680.38,59.52
680.39,59.52
680.41,59.52
680.42,59.52
680.43,59.52
680.45,59.52
680.46,59.52
680.48,59.52
680.49,59.52
680.51,59.52
680.52,59.52
680.54,59.52
680.55,59.52
680.57,59.52
680.58,59.52
680.60,59.52
680.61,59.52
680.63,59.52
680.64,59.52
680.66,59.52
680.67,59.52
680.68,59.52
680.70,59.52
680.71,59.52
680.73,59.52
680.74,59.52
680.76,59.52
680.77,59.52
680.79,59.52
680.80,59.52
680.82,59.52
680.83,59.52
680.85,59.52
680.86,59.53
680.88,59.53
680.89,59.53
680.91,59.53
680.92,59.54
680.94,59.54
680.95,59.54
680.96,59.54
680.98,59.55
680.99,59.55
681.01,59.55
681.02,59.55
681.04,59.56
681.05,59.56
681.07,59.56
681.08,59.56
681.10,59.56
681.11,59.56
681.13,59.56
681.14,59.56
681.16,59.56
681.17,59.56
681.19,59.56
681.20,59.56
681.21,59.56
681.23,59.56
681.24,59.56
681.26,59.56
681.27,59.56
681.29,59.56
681.30,59.56
681.32,59.56
681.33,59.56
681.35,59.56
681.36,59.56
681.38,59.56
681.39,59.56
681.41,59.56
681.42,59.56
681.44,59.56
681.45,59.56
681.46,59.56
681.48,59.56
681.49,59.56
681.51,59.56
681.52,59.56
681.54,59.56
681.55,59.56
681.57,59.56
681.58,59.56
681.60,59.56
681.61,59.56
681.63,59.55
681.64,59.55
681.66,59.56
681.67,59.56
681.69,59.56
681.70,59.56
681.71,59.57
681.73,59.57
681.74,59.57
681.76,59.57
681.77,59.58
681.79,59.58
681.80,59.58
681.82,59.58
681.83,59.59
681.85,59.59
681.86,59.59
681.88,59.59
681.89,59.60
681.91,59.60
681.92,59.60
681.94,59.60
681.95,59.61
681.96,59.61
681.98,59.61
681.99,59.61
682.01,59.62
682.02,59.62
682.04,59.62
682.05,59.63
682.07,59.63
682.08,59.63
682.10,59.63
682.11,59.64
682.13,59.64
682.14,59.64
682.16,59.64
682.17,59.65
682.19,59.65
682.20,59.65
682.21,59.65
682.23,59.66
682.24,59.66
682.26,59.66
682.27,59.66
682.29,59.67
682.30,59.67
682.32,59.67
682.33,59.67
682.35,59.68
682.36,59.68
682.38,59.68
682.39,59.68
682.41,59.69
682.42,59.69
682.44,59.69
682.45,59.69
682.47,59.70
682.48,59.70
682.49,59.70
682.51,59.71
682.52,59.71
682.54,59.71
682.55,59.71
682.57,59.72
682.58,59.72
682.60,59.72
682.61,59.72
682.63,59.73
682.64,59.73
682.66,59.73
682.67,59.73
682.69,59.74
682.70,59.74
682.72,59.74
682.73,59.74
682.74,59.75
682.76,59.75
682.77,59.75
682.79,59.75
682.80,59.76
682.82,59.76
682.83,59.76
682.85,59.76
682.86,59.77
682.88,59.77
682.89,59.77
682.91,59.77
682.92,59.78
682.94,59.78
682.95,59.78
682.97,59.78
682.98,59.79
682.99,59.79
683.01,59.79
683.02,59.79
683.04,59.79
683.05,59.79
683.07,59.79
683.08,59.79
683.10,59.79
683.11,59.79
683.13,59.79
683.14,59.79
683.16,59.79
683.17,59.79
683.19,59.79
683.20,59.79
683.22,59.79
683.23,59.79
683.24,59.79
683.26,59.79
683.27,59.79
683.29,59.79
683.30,59.79
683.32,59.79
683.33,59.79
683.35,59.79
683.36,59.79
683.38,59.79
683.39,59.79
683.41,59.79
683.42,59.79
683.44,59.79
683.45,59.79
683.47,59.79
683.48,59.79
683.49,59.79
683.51,59.79
683.52,59.79
683.54,59.79
683.55,59.79
683.57,59.79
683.58,59.79
683.60,59.79
683.61,59.79
683.63,59.79
683.64,59.79
683.66,59.80
683.67,59.80
683.69,59.80
683.70,59.80
683.72,59.81
683.73,59.81
683.74,59.81
683.76,59.81
683.77,59.82
683.79,59.82
683.80,59.82
683.82,59.82
683.83,59.83
683.85,59.83
683.86,59.83
683.88,59.83
683.89,59.84
683.91,59.84
683.92,59.84
683.94,59.84
683.95,59.85
683.97,59.85
683.98,59.85
684.00,59.85
684.01,59.86
684.02,59.86
684.04,59.86
684.05,59.87
684.07,59.87
684.08,59.87
684.10,59.87
684.11,59.88
684.13,59.88
684.14,59.88
684.16,59.88
684.17,59.89
684.19,59.89
684.20,59.89
684.22,59.89
684.23,59.90
684.25,59.90
684.26,59.90
684.27,59.90
684.29,59.91
684.30,59.91
684.32,59.91
684.33,59.91
684.35,59.92
684.36,59.92
684.38,59.92
684.39,59.92
684.41,59.93
684.42,59.93
684.44,59.93
684.45,59.93
684.47,59.94
684.48,59.94
684.50,59.94
684.51,59.94
684.52,59.95
684.54,59.95
684.55,59.95
684.57,59.95
684.58,59.96
684.60,59.96
684.61,59.96
684.63,59.96
684.64,59.97
684.66,59.97
684.67,59.97
684.69,59.97
684.70,59.98
684.72,59.98
684.73,59.98
684.75,59.98
684.76,59.99
684.77,59.99
684.79,59.99
684.80,59.99
684.82,60.00
684.83,60.00
684.85,60.00
684.86,60.00
684.88,60.01
684.89,60.01
684.91,60.01
684.92,60.01
684.94,60.02
684.95,60.02
684.97,60.02
684.98,60.02
685.00,60.03
685.01,60.03
685.02,60.03
685.04,60.03
685.05,60.03
685.07,60.03
685.08,60.03
685.10,60.03
685.11,60.03
685.13,60.03
685.14,60.03
685.16,60.03
685.17,60.03
685.19,60.03
685.20,60.03
685.22,60.03
685.23,60.03
685.25,60.03
685.26,60.03
685.27,60.03
685.29,60.03
685.30,60.03
685.32,60.03
685.33,60.03
685.35,60.03
685.36,60.03
685.38,60.03
685.39,60.03
685.41,60.03
685.42,60.03
685.44,60.03
685.45,60.03
685.47,60.03
685.48,60.03
685.50,60.03
685.51,60.03
685.53,60.03
685.54,60.03
685.55,60.03
685.57,60.03
685.58,60.03
685.60,60.03
685.61,60.03
685.63,60.03
685.64,60.03
685.66,60.03
685.67,60.03
685.69,60.03
685.70,60.02
685.72,60.02
685.73,60.02
685.75,60.02
685.76,60.02
685.78,60.03
685.79,60.03
685.80,60.03
685.82,60.03
685.83,60.04
685.85,60.04
685.86,60.04
685.88,60.04
685.89,60.05
685.91,60.05
685.92,60.05
685.94,60.06
685.95,60.06
685.97,60.06
685.98,60.06
686.00,60.07
686.01,60.07
686.03,60.07
686.04,60.07
686.05,60.08
686.07,60.08
686.08,60.08
686.10,60.08
686.11,60.09
686.13,60.09
686.14,60.09
686.16,60.09
686.17,60.10
686.19,60.10
686.20,60.10
686.22,60.10
686.23,60.11
686.25,60.11
686.26,60.11
686.28,60.11
686.29,60.12
686.30,60.12
686.32,60.12
686.33,60.12
686.35,60.13
686.36,60.13
686.38,60.13
686.39,60.13
686.41,60.14
686.42,60.14
686.44,60.14
686.45,60.14
686.47,60.15
686.48,60.15
686.50,60.15
686.51,60.15
686.53,60.15
686.54,60.16
686.55,60.16
686.57,60.16
686.58,60.16
686.60,60.17
686.61,60.17
686.63,60.17
686.64,60.17
686.66,60.18
686.67,60.18
686.69,60.18
686.70,60.18
686.72,60.19
686.73,60.19
686.75,60.19
686.76,60.19
686.78,60.20
686.79,60.20
686.80,60.20
686.82,60.20
686.83,60.21
686.85,60.21
686.86,60.21
686.88,60.21
686.89,60.22
686.91,60.22
686.92,60.22
686.94,60.22
686.95,60.23
686.97,60.23
686.98,60.23
687.00,60.23
687.01,60.24
687.03,60.24
687.04,60.24
687.06,60.24
687.07,60.25
687.08,60.25
687.10,60.25
687.11,60.25
687.13,60.26
687.14,60.26
687.16,60.26
687.17,60.26
687.19,60.27
687.20,60.27
687.22,60.27
687.23,60.27
687.25,60.28
687.26,60.28
687.28,60.28
687.29,60.28
687.31,60.29
687.32,60.29
687.33,60.29
687.35,60.29
687.36,60.30
687.38,60.30
687.39,60.30
687.41,60.30
687.42,60.31
687.44,60.31
687.45,60.31
687.47,60.31
687.48,60.32
687.50,60.32
687.51,60.32
687.53,60.32
687.54,60.33
687.56,60.33
687.57,60.33
687.58,60.33
687.60,60.34
687.61,60.34
687.63,60.34
687.64,60.34
687.66,60.35
687.67,60.35
687.69,60.35
687.70,60.35
687.72,60.36
687.73,60.36
687.75,60.36
687.76,60.36
687.78,60.36
687.79,60.37
687.81,60.37
687.82,60.37
687.83,60.37
687.85,60.38
687.86,60.38
687.88,60.38
687.89,60.38
687.91,60.39
687.92,60.39
687.94,60.39
687.95,60.39
687.97,60.40
687.98,60.40
688.00,60.40
688.01,60.40
688.03,60.41
688.04,60.41
688.06,60.41
688.07,60.41
688.08,60.42
688.10,60.42
688.11,60.42
688.13,60.42
688.14,60.43
688.16,60.43
688.17,60.43
688.19,60.43
688.20,60.44
688.22,60.44
688.23,60.44
688.25,60.44
688.26,60.45
688.28,60.45
688.29,60.45
688.31,60.45
688.32,60.46
688.33,60.46
688.35,60.46
688.36,60.46
688.38,60.47
688.39,60.47
688.41,60.47
688.42,60.47
688.44,60.47
688.45,60.48
688.47,60.48
688.48,60.48
688.50,60.48
688.51,60.49
688.53,60.49
688.54,60.49
688.56,60.49
688.57,60.50
688.59,60.50
688.60,60.50
688.61,60.50
688.63,60.51
688.64,60.51
688.66,60.51
688.67,60.51
688.69,60.52
688.70,60.52
688.72,60.52
688.73,60.52
688.75,60.53
688.76,60.53
688.78,60.53
688.79,60.53
688.81,60.54
688.82,60.54
688.84,60.54
688.85,60.54
688.86,60.55
688.88,60.55
688.89,60.55
688.91,60.55
688.92,60.55
688.94,60.56
688.95,60.56
688.97,60.56
688.98,60.56
689.00,60.57
689.01,60.57
689.03,60.57
689.04,60.57
689.06,60.58
689.07,60.58
689.09,60.58
689.10,60.58
689.11,60.58
689.13,60.58
689.14,60.58
689.16,60.58
689.17,60.58
689.19,60.58
689.20,60.58
689.22,60.58
689.23,60.58
689.25,60.58
689.26,60.58
689.28,60.58
689.29,60.58
689.31,60.58
689.32,60.58
689.34,60.58
689.35,60.58
689.36,60.58
689.38,60.58
689.39,60.58
689.41,60.58
689.42,60.58
689.44,60.58
689.45,60.58
689.47,60.58
689.48,60.58
689.50,60.58
689.51,60.58
689.53,60.58
689.54,60.58
689.56,60.58
689.57,60.57
689.59,60.57
689.60,60.57
689.61,60.57
689.63,60.57
689.64,60.57
689.66,60.57
689.67,60.57
689.69,60.57
689.70,60.57
689.72,60.57
689.73,60.57
689.75,60.57
689.76,60.57
689.78,60.57
689.79,60.57
689.81,60.57
689.82,60.57
689.84,60.57
689.85,60.57
689.86,60.57
689.88,60.57
689.89,60.57
689.91,60.57
689.92,60.57
689.94,60.57
689.95,60.57
689.97,60.57
689.98,60.57
690.00,60.57
690.01,60.57
690.03,60.57
690.04,60.57
690.06,60.57
690.07,60.57
690.09,60.57
690.10,60.57
690.12,60.57
690.13,60.57
690.14,60.57
690.16,60.57
690.17,60.57
690.19,60.57
690.20,60.57
690.22,60.57
690.23,60.57
690.25,60.57
690.26,60.57
690.28,60.57
690.29,60.56
690.31,60.56
690.32,60.56
690.34,60.57
690.35,60.57
690.37,60.57
690.38,60.57
690.39,60.58
690.41,60.58
690.42,60.58
690.44,60.58
690.45,60.59
690.47,60.59
690.48,60.59
690.50,60.59
690.51,60.60
690.53,60.60
690.54,60.60
690.56,60.60
690.57,60.61
690.59,60.61
690.60,60.61
690.62,60.61
690.63,60.62
690.64,60.62
690.66,60.62
690.67,60.62
690.69,60.62
690.70,60.63
690.72,60.63
690.73,60.63
690.75,60.63
690.76,60.64
690.78,60.64
690.79,60.64
690.81,60.64
690.82,60.65
690.84,60.65
690.85,60.65
690.87,60.65
690.88,60.66
690.89,60.66
690.91,60.66
690.92,60.66
690.94,60.67
690.95,60.67
690.97,60.67
690.98,60.67
691.00,60.68
691.01,60.68
691.03,60.68
691.04,60.68
691.06,60.68
691.07,60.69
691.09,60.69
691.10,60.69
691.12,60.69
691.13,60.70
691.14,60.70
691.16,60.70
691.17,60.70
691.19,60.71
691.20,60.71
691.22,60.71
691.23,60.71
691.25,60.72
691.26,60.72
691.28,60.72
691.29,60.72
691.31,60.73
691.32,60.73
691.34,60.73
691.35,60.73
691.37,60.73
691.38,60.74
691.39,60.74
691.41,60.74
691.42,60.74
691.44,60.75
691.45,60.75
691.47,60.75
691.48,60.75
691.50,60.76
691.51,60.76
691.53,60.76
691.54,60.76
691.56,60.77
691.57,60.77
691.59,60.77
691.60,60.77
691.62,60.78
691.63,60.78
691.65,60.78
691.66,60.78
691.67,60.78
691.69,60.79
691.70,60.79
691.72,60.79
691.73,60.79
691.75,60.80
691.76,60.80
691.78,60.80
691.79,60.80
691.81,60.81
691.82,60.81
691.84,60.81
691.85,60.81
691.87,60.82
691.88,60.82
691.90,60.82
691.91,60.82
691.92,60.83
691.94,60.83
691.95,60.83
691.97,60.83
691.98,60.83
692.00,60.84
692.01,60.84
692.03,60.84
692.04,60.84
692.06,60.85
692.07,60.85
692.09,60.85
692.10,60.85
692.12,60.86
692.13,60.86
692.15,60.86
692.16,60.86
692.17,60.87
692.19,60.87
692.20,60.87
692.22,60.87
692.23,60.87
692.25,60.88
692.26,60.88
692.28,60.88
692.29,60.88
692.31,60.89
692.32,60.89
692.34,60.89
692.35,60.89
692.37,60.90
692.38,60.90
692.40,60.90
692.41,60.90
692.42,60.91
692.44,60.91
692.45,60.91
692.47,60.91
692.48,60.91
692.50,60.92
692.51,60.92
692.53,60.92
692.54,60.92
692.56,60.93
692.57,60.93
692.59,60.93
692.60,60.93
692.62,60.94
692.63,60.94
692.65,60.94
692.66,60.94
692.67,60.95
692.69,60.95
692.70,60.95
692.72,60.95
692.73,60.95
692.75,60.96
692.76,60.96
692.78,60.96
692.79,60.96
692.81,60.97
692.82,60.97
692.84,60.97
692.85,60.97
692.87,60.98
692.88,60.98
692.90,60.98
692.91,60.98
692.92,60.98
692.94,60.98
692.95,60.97
692.97,60.97
692.98,60.97
693.00,60.97
693.01,60.97
693.03,60.97
693.04,60.97
693.06,60.97
693.07,60.97
693.09,60.97
693.10,60.97
693.12,60.97
693.13,60.97
693.15,60.97
693.16,60.97
693.17,60.97
693.19,60.97
693.20,60.97
693.22,60.97
693.23,60.97
693.25,60.97
693.26,60.97
693.28,60.97
693.29,60.97
693.31,60.97
693.32,60.97
693.34,60.97
693.35,60.97
693.37,60.97
693.38,60.97
693.40,60.97
693.41,60.97
693.43,60.97
693.44,60.97
693.45,60.97
693.47,60.97
693.48,60.97
693.50,60.97
693.51,60.97
693.53,60.97
693.54,60.97
693.56,60.97
693.57,60.98
693.59,60.98
693.60,60.98
693.62,60.98
693.63,60.98
693.65,60.99
693.66,60.99
693.68,60.99
693.69,60.99
693.70,61.00
693.72,61.00
693.73,61.00
693.75,61.00
693.76,61.01
693.78,61.01
693.79,61.01
693.81,61.01
693.82,61.02
693.84,61.02
693.85,61.02
693.87,61.02
693.88,61.02
693.90,61.03
693.91,61.03
693.93,61.03
693.94,61.03
693.95,61.04
693.97,61.04
693.98,61.04
694.00,61.04
694.01,61.05
694.03,61.05
694.04,61.05
694.06,61.05
694.07,61.05
694.09,61.06
694.10,61.06
694.12,61.06
694.13,61.06
694.15,61.07
694.16,61.07
694.18,61.07
694.19,61.07
694.20,61.07
694.22,61.07
694.23,61.07
694.25,61.07
694.26,61.07
694.28,61.07
694.29,61.07
694.31,61.07
694.32,61.07
694.34,61.07
694.35,61.07
694.37,61.07
694.38,61.07
694.40,61.07
694.41,61.07
694.43,61.07
694.44,61.07
694.45,61.07
694.47,61.07
694.48,61.07
694.50,61.07
694.51,61.07
694.53,61.07
694.54,61.07
694.56,61.07
694.57,61.07
694.59,61.07
694.60,61.07
694.62,61.07
694.63,61.07
694.65,61.07
694.66,61.06
694.68,61.06
694.69,61.06
694.70,61.06
694.72,61.06
694.73,61.06
694.75,61.05
694.76,61.06
694.78,61.06
694.79,61.06
694.81,61.06
694.82,61.07
694.84,61.07
694.85,61.07
694.87,61.07
694.88,61.08
694.90,61.08
694.91,61.08
694.93,61.08
694.94,61.09
694.96,61.09
694.97,61.09
694.98,61.09
695.00,61.10
695.01,61.10
695.03,61.10
695.04,61.10
695.06,61.10
695.07,61.11
695.09,61.11
695.10,61.11
695.12,61.11
695.13,61.12
695.15,61.12
695.16,61.12
695.18,61.12
695.19,61.13
695.21,61.13
695.22,61.13
695.23,61.13
695.25,61.13
695.26,61.14
695.28,61.14
695.29,61.14
695.31,61.14
695.32,61.15
695.34,61.15
695.35,61.15
695.37,61.15
695.38,61.16
695.40,61.16
695.41,61.15
695.43,61.15
695.44,61.15
695.46,61.15
695.47,61.15
695.48,61.15
695.50,61.15
695.51,61.15
695.53,61.15
695.54,61.15
695.56,61.15
695.57,61.15
695.59,61.15
695.60,61.15
695.62,61.15
695.63,61.15
695.65,61.15
695.66,61.15
695.68,61.15
695.69,61.15
695.71,61.15
695.72,61.15
695.73,61.15
695.75,61.15
695.76,61.15
695.78,61.15
695.79,61.15
695.81,61.15
695.82,61.14
695.84,61.14
695.85,61.14
695.87,61.15
695.88,61.15
695.90,61.15
695.91,61.15
695.93,61.16
695.94,61.16
695.96,61.16
695.97,61.16
695.98,61.17
696.00,61.17
696.01,61.17
696.03,61.17
696.04,61.17
696.06,61.18
696.07,61.18
696.09,61.18
696.10,61.18
696.12,61.19
696.13,61.19
696.15,61.19
696.16,61.19
696.18,61.20
696.19,61.20
696.21,61.20
696.22,61.20
696.23,61.20
696.25,61.21
696.26,61.21
696.28,61.21
696.29,61.21
696.31,61.22
696.32,61.22
696.34,61.22
696.35,61.22
696.37,61.22
696.38,61.23
696.40,61.23
696.41,61.23
696.43,61.23
696.44,61.24
696.46,61.24
696.47,61.24
696.49,61.24
696.50,61.25
696.51,61.25
696.53,61.25
696.54,61.25
696.56,61.25
696.57,61.26
696.59,61.26
696.60,61.26
696.62,61.26
696.63,61.26
696.65,61.26
696.66,61.26
696.68,61.26
696.69,61.26
696.71,61.26
696.72,61.26
696.74,61.26
696.75,61.26
696.76,61.26
696.78,61.26
696.79,61.26
696.81,61.26
696.82,61.26
696.84,61.26
696.85,61.26
696.87,61.26
696.88,61.26
696.90,61.26
696.91,61.26
696.93,61.26
696.94,61.26
696.96,61.26
696.97,61.26
696.99,61.26
697.00,61.26
697.01,61.26
697.03,61.25
697.04,61.25
697.06,61.25
697.07,61.25
697.09,61.25
697.10,61.26
697.12,61.26
697.13,61.26
697.15,61.26
697.16,61.26
697.18,61.27
697.19,61.27
697.21,61.27
697.22,61.27
697.24,61.28
697.25,61.28
697.26,61.28
697.28,61.28
697.29,61.29
697.31,61.29
697.32,61.29
697.34,61.29
697.35,61.29
697.37,61.30
697.38,61.30
697.40,61.30
697.41,61.30
697.43,61.31
697.44,61.31
697.46,61.31
697.47,61.31
697.49,61.32
697.50,61.32
697.51,61.32
697.53,61.32
697.54,61.32
697.56,61.33
697.57,61.33
697.59,61.33
697.60,61.33
697.62,61.34
697.63,61.34
697.65,61.34
697.66,61.34
697.68,61.34
697.69,61.35
697.71,61.35
697.72,61.35
697.74,61.35
697.75,61.36
697.76,61.36
697.78,61.36
697.79,61.36
697.81,61.37
697.82,61.37
697.84,61.37
697.85,61.37
697.87,61.37
697.88,61.38
697.90,61.38
697.91,61.38
697.93,61.38
697.94,61.39
697.96,61.39
697.97,61.39
697.99,61.39
698.00,61.39
698.02,61.40
698.03,61.40
698.04,61.40
698.06,61.40
698.07,61.41
698.09,61.41
698.10,61.41
698.12,61.41
698.13,61.42
698.15,61.42
698.16,61.41
698.18,61.41
698.19,61.41
698.21,61.41
698.22,61.40
698.24,61.41
698.25,61.40
698.27,61.40
698.28,61.40
698.29,61.40
698.31,61.39
698.32,61.40
698.34,61.39
698.35,61.39
698.37,61.39
698.38,61.39
698.40,61.38
698.41,61.39
698.43,61.38
698.44,61.38
698.46,61.38
698.47,61.38
698.49,61.37
698.50,61.38
698.52,61.37
698.53,61.37
698.54,61.37
698.56,61.37
698.57,61.36
698.59,61.37
698.60,61.36
698.62,61.36
698.63,61.36
698.65,61.36
698.66,61.35
698.68,61.36
698.69,61.35
698.71,61.35
698.72,61.35
698.74,61.35
698.75,61.34
698.77,61.35
698.78,61.34
698.79,61.34
698.81,61.34
698.82,61.34
698.84,61.33
698.85,61.34
698.87,61.33
698.88,61.33
698.90,61.33
698.91,61.33
698.93,61.32
698.94,61.33
698.96,61.32
698.97,61.32
698.99,61.32
699.00,61.31
699.02,61.31
699.03,61.31
699.04,61.31
699.06,61.31
699.07,61.31
699.09,61.30
699.10,61.30
699.12,61.30
699.13,61.30
699.15,61.30
699.16,61.30
699.18,61.29
699.19,61.29
699.21,61.29
699.22,61.29
699.24,61.29
699.25,61.29
699.27,61.28
699.28,61.28
699.29,61.28
699.31,61.28
699.32,61.28
699.34,61.28
699.35,61.27
699.37,61.27
699.38,61.27
699.40,61.27
699.41,61.27
699.43,61.27
699.44,61.26
699.46,61.26
699.47,61.26
699.49,61.26
699.50,61.26
699.52,61.26
699.53,61.25
699.55,61.25
699.56,61.25
699.57,61.25
699.59,61.25
699.60,61.25
699.62,61.24
699.63,61.24
699.65,61.24
699.66,61.24
699.68,61.24
699.69,61.24
699.71,61.23
699.72,61.23
699.74,61.23
699.75,61.23
699.77,61.23
699.78,61.23
699.80,61.22
699.81,61.22
699.82,61.22
699.84,61.22
699.85,61.22
699.87,61.22
699.88,61.21
699.90,61.21
699.91,61.21
699.93,61.21
699.94,61.21
699.96,61.21
699.97,61.20
699.99,61.20
700.00,61.20
700.02,61.20
700.03,61.20
700.05,61.20
700.06,61.19
700.07,61.19
700.09,61.19
700.10,61.19
700.12,61.19
700.13,61.19
700.15,61.18
700.16,61.18
700.18,61.18
700.19,61.18
700.21,61.18
700.22,61.18
700.24,61.17
700.25,61.17
700.27,61.17
700.28,61.17
700.30,61.17
700.31,61.17
700.32,61.16
700.34,61.16
700.35,61.16
700.37,61.16
700.38,61.16
700.40,61.16
700.41,61.15
700.43,61.15
700.44,61.15
700.46,61.15
700.47,61.15
700.49,61.15
700.50,61.14
700.52,61.14
700.53,61.14
700.55,61.14
700.56,61.14
700.57,61.13
700.59,61.13
700.60,61.13
700.62,61.13
700.63,61.13
700.65,61.13
700.66,61.12
700.68,61.12
700.69,61.12
700.71,61.12
700.72,61.12
700.74,61.12
700.75,61.11
700.77,61.11
700.78,61.11
700.80,61.11
700.81,61.11
700.82,61.11
700.84,61.10
700.85,61.10
700.87,61.10
700.88,61.10
700.90,61.10
700.91,61.10
700.93,61.09
700.94,61.09
700.96,61.09
700.97,61.09
700.99,61.09
701.00,61.09
701.02,61.08
701.03,61.08
701.05,61.08
701.06,61.08
701.08,61.08
701.09,61.08
701.10,61.07
701.12,61.07
701.13,61.07
701.15,61.07
701.16,61.07
701.18,61.07
701.19,61.06
701.21,61.06
701.22,61.06
701.24,61.06
701.25,61.06
701.27,61.06
701.28,61.05
701.30,61.05
701.31,61.05
701.33,61.05
701.34,61.05
701.35,61.05
701.37,61.04
701.38,61.04
701.40,61.04
701.41,61.04
701.43,61.04
701.44,61.04
701.46,61.03
701.47,61.03
701.49,61.03
701.50,61.03
701.52,61.03
701.53,61.03
701.55,61.02
701.56,61.02
701.58,61.02
701.59,61.02
701.60,61.02
701.62,61.02
701.63,61.01
701.65,61.01
701.66,61.01
701.68,61.01
701.69,61.01
701.71,61.01
701.72,61.00
701.74,61.00
701.75,61.00
701.77,61.00
701.78,61.00
701.80,61.00
701.81,60.99
701.83,60.99
701.84,60.99
701.85,60.99
701.87,60.99
701.88,60.99
701.90,60.98
701.91,60.98
701.93,60.98
701.94,60.98
701.96,60.98
701.97,60.98
701.99,60.97
702.00,60.97
702.02,60.97
702.03,60.97
702.05,60.97
702.06,60.97
702.08,60.96
702.09,60.96
702.10,60.96
702.12,60.96
702.13,60.96
702.15,60.96
702.16,60.95
702.18,60.95
702.19,60.95
702.21,60.95
702.22,60.95
702.24,60.95
702.25,60.94
702.27,60.94
702.28,60.94
702.30,60.94
702.31,60.94
702.33,60.94
702.34,60.94
702.35,60.93
702.37,60.93
702.38,60.93
702.40,60.93
702.41,60.93
702.43,60.93
702.44,60.92
702.46,60.92
702.47,60.92
702.49,60.92
702.50,60.92
702.52,60.92
702.53,60.91
702.55,60.91
702.56,60.91
702.58,60.91
702.59,60.91
702.61,60.91
702.62,60.90
702.63,60.90
702.65,60.90
702.66,60.90
702.68,60.90
702.69,60.90
702.71,60.89
702.72,60.89
702.74,60.89
702.75,60.89
702.77,60.89
702.78,60.89
702.80,60.88
702.81,60.88
702.83,60.88
702.84,60.88
702.86,60.88
702.87,60.88
702.88,60.87
702.90,60.87
702.91,60.87
702.93,60.87
702.94,60.87
702.96,60.87
702.97,60.86
702.99,60.86
703.00,60.86
703.02,60.86
703.03,60.86
703.05,60.86
703.06,60.85
703.08,60.85
703.09,60.85
703.11,60.85
703.12,60.85
703.13,60.85
703.15,60.84
703.16,60.84
703.18,60.84
703.19,60.84
703.21,60.84
703.22,60.84
703.24,60.83
703.25,60.83
703.27,60.83
703.28,60.83
703.30,60.83
703.31,60.83
703.33,60.82
703.34,60.82
703.36,60.82
703.37,60.82
703.38,60.82
703.40,60.82
703.41,60.81
703.43,60.81
703.44,60.81
703.46,60.81
703.47,60.81
703.49,60.81
703.50,60.80
703.52,60.80
703.53,60.80
703.55,60.80
703.56,60.80
703.58,60.80
703.59,60.79
703.61,60.79
703.62,60.79
703.63,60.79
703.65,60.79
703.66,60.79
703.68,60.78
703.69,60.78
703.71,60.78
703.72,60.78
703.74,60.78
703.75,60.78
703.77,60.77
703.78,60.77
703.80,60.77
703.81,60.77
703.83,60.77
703.84,60.77
703.86,60.76
703.87,60.76
703.88,60.76
703.90,60.76
703.91,60.76
703.93,60.76
703.94,60.76
703.96,60.75
703.97,60.76
703.99,60.75
704.00,60.75
704.02,60.75
704.03,60.75
704.05,60.74
704.06,60.74
704.08,60.74
704.09,60.74
704.11,60.74
704.12,60.74
704.14,60.74
704.15,60.74
704.16,60.74
704.18,60.74
704.19,60.74
704.21,60.74
704.22,60.74
704.24,60.74
704.25,60.75
704.27,60.75
704.28,60.75
704.30,60.75
704.31,60.75
704.33,60.75
704.34,60.75
704.36,60.75
704.37,60.75
704.39,60.74
704.40,60.74
704.41,60.74
704.43,60.74
704.44,60.74
704.46,60.74
704.47,60.73
704.49,60.73
704.50,60.73
704.52,60.73
704.53,60.73
704.55,60.73
704.56,60.72
704.58,60.72
704.59,60.72
704.61,60.72
704.62,60.72
704.64,60.72
704.65,60.72
704.66,60.72
704.68,60.72
704.69,60.72
704.71,60.72
704.72,60.72
704.74,60.72
704.75,60.72
704.77,60.72
704.78,60.72
704.80,60.72
704.81,60.72
704.83,60.72
704.84,60.72
704.86,60.72
704.87,60.72
704.89,60.72
704.90,60.72
704.91,60.72
704.93,60.72
704.94,60.72
704.96,60.72
704.97,60.72
704.99,60.72
705.00,60.72
705.02,60.72
705.03,60.72
705.05,60.72
705.06,60.72
705.08,60.72
705.09,60.72
705.11,60.72
705.12,60.72
705.14,60.72
705.15,60.72
705.16,60.72
705.18,60.72
705.19,60.72
705.21,60.72
705.22,60.72
705.24,60.72
705.25,60.72
705.27,60.72
705.28,60.72
705.30,60.72
705.31,60.72
705.33,60.72
705.34,60.72
705.36,60.72
705.37,60.72
705.39,60.72
705.40,60.72
705.41,60.72
705.43,60.72
705.44,60.72
705.46,60.72
705.47,60.72
705.49,60.72
705.50,60.72
705.52,60.72
705.53,60.72
705.55,60.72
705.56,60.71
705.58,60.71
705.59,60.71
705.61,60.71
705.62,60.71
705.64,60.71
705.65,60.71
705.67,60.71
705.68,60.71
705.69,60.71
705.71,60.71
705.72,60.71
705.74,60.71
705.75,60.71
705.77,60.71
705.78,60.71
705.80,60.71
705.81,60.71
705.83,60.72
705.84,60.72
705.86,60.72
705.87,60.72
705.89,60.73
705.90,60.73
705.92,60.73
705.93,60.73
705.94,60.73
705.96,60.74
705.97,60.74
705.99,60.74
706.00,60.74
706.02,60.75
706.03,60.75
706.05,60.75
706.06,60.75
706.08,60.76
706.09,60.76
706.11,60.76
706.12,60.76
706.14,60.77
706.15,60.77
706.17,60.77
706.18,60.77
706.19,60.78
706.21,60.78
706.22,60.78
706.24,60.78
706.25,60.79
706.27,60.79
706.28,60.79
706.30,60.79
706.31,60.79
706.33,60.80
706.34,60.80
706.36,60.80
706.37,60.80
706.39,60.80
706.40,60.80
706.42,60.80
706.43,60.80
706.44,60.80
706.46,60.79
706.47,60.79
706.49,60.79
706.50,60.79
706.52,60.79
706.53,60.79
706.55,60.78
706.56,60.78
706.58,60.78
706.59,60.78
706.61,60.78
706.62,60.78
706.64,60.77
706.65,60.77
706.67,60.77
706.68,60.77
706.69,60.77
706.71,60.77
706.72,60.76
706.74,60.76
706.75,60.76
706.77,60.76
706.78,60.76
706.80,60.76
706.81,60.76
706.83,60.75
706.84,60.75
706.86,60.75
706.87,60.75
706.89,60.75
706.90,60.75
706.92,60.74
706.93,60.74
706.94,60.74
706.96,60.74
706.97,60.74
706.99,60.74
707.00,60.73
707.02,60.73
707.03,60.73
707.05,60.73
707.06,60.73
707.08,60.73
707.09,60.72
707.11,60.72
707.12,60.72
707.14,60.72
707.15,60.72
707.17,60.72
707.18,60.71
707.20,60.71
707.21,60.71
707.22,60.71
707.24,60.71
707.25,60.71
707.27,60.70
707.28,60.70
707.30,60.70
707.31,60.70
707.33,60.70
707.34,60.70
707.36,60.69
707.37,60.69
707.39,60.69
707.40,60.69
707.42,60.69
707.43,60.69
707.45,60.68
707.46,60.68
707.47,60.68
707.49,60.68
707.50,60.68
707.52,60.68
707.53,60.67
707.55,60.67
707.56,60.67
707.58,60.67
707.59,60.67
707.61,60.67
707.62,60.66
707.64,60.66
707.65,60.66
707.67,60.66
707.68,60.66
707.70,60.66
707.71,60.66
707.72,60.65
707.74,60.66
707.75,60.65
707.77,60.65
707.78,60.65
707.80,60.65
707.81,60.64
707.83,60.65
707.84,60.64
707.86,60.64
707.87,60.64
707.89,60.64
707.90,60.63
707.92,60.64
707.93,60.63
707.95,60.63
707.96,60.63
707.97,60.63
707.99,60.62
708.00,60.63
708.02,60.62
708.03,60.62
708.05,60.62
708.06,60.62
708.08,60.61
708.09,60.62
708.11,60.61
708.12,60.61
708.14,60.61
708.15,60.61
708.17,60.60
708.18,60.61
708.20,60.60
708.21,60.60
708.22,60.60
708.24,60.60
708.25,60.59
708.27,60.60
708.28,60.59
708.30,60.59
708.31,60.59
708.33,60.59
708.34,60.58
708.36,60.59
708.37,60.58
708.39,60.58
708.40,60.58
708.42,60.58
708.43,60.58
708.45,60.58
708.46,60.58
708.47,60.57
708.49,60.57
708.50,60.57
708.52,60.57
708.53,60.57
708.55,60.57
708.56,60.56
708.58,60.56
708.59,60.56
708.61,60.56
708.62,60.56
708.64,60.56
708.65,60.55
708.67,60.55
708.68,60.55
708.70,60.55
708.71,60.55
708.73,60.55
708.74,60.54
708.75,60.54
708.77,60.54
708.78,60.54
708.80,60.54
708.81,60.54
708.83,60.53
708.84,60.53
708.86,60.53
708.87,60.53
708.89,60.53
708.90,60.53
708.92,60.52
708.93,60.52
708.95,60.52
708.96,60.52
708.98,60.52
708.99,60.52
709.00,60.51
709.02,60.51
709.03,60.51
709.05,60.51
709.06,60.51
709.08,60.51
709.09,60.51
709.11,60.50
709.12,60.50
709.14,60.50
709.15,60.50
709.17,60.50
709.18,60.50
709.20,60.49
709.21,60.49
709.23,60.49
709.24,60.49
709.25,60.49
709.27,60.49
709.28,60.48
709.30,60.48
709.31,60.48
709.33,60.48
709.34,60.48
709.36,60.48
709.37,60.47
709.39,60.47
709.40,60.47
709.42,60.47
709.43,60.47
709.45,60.47
709.46,60.46
709.48,60.46
709.49,60.46
709.50,60.46
709.52,60.46
709.53,60.46
709.55,60.45
709.56,60.45
709.58,60.45
709.59,60.45
709.61,60.45
709.62,60.45
709.64,60.45
709.65,60.44
709.67,60.44
709.68,60.44
709.70,60.44
709.71,60.44
709.73,60.44
709.74,60.43
709.75,60.43
709.77,60.43
709.78,60.43
709.80,60.43
709.81,60.43
709.83,60.42
709.84,60.42
709.86,60.42
709.87,60.42
709.89,60.42
709.90,60.42
709.92,60.41
709.93,60.41
709.95,60.41
709.96,60.41
709.98,60.41
709.99,60.41
710.00,60.40
710.02,60.40
710.03,60.40
710.05,60.40
710.06,60.40
710.08,60.40
710.09,60.40
710.11,60.39
710.12,60.40
710.14,60.39
710.15,60.39
710.17,60.39
710.18,60.39
710.20,60.38
710.21,60.39
710.23,60.38
710.24,60.38
710.26,60.38
710.27,60.38
710.28,60.37
710.30,60.38
710.31,60.37
710.33,60.37
710.34,60.37
710.36,60.37
710.37,60.36
710.39,60.37
710.40,60.36
710.42,60.36
710.43,60.36
710.45,60.36
710.46,60.35
710.48,60.36
710.49,60.35
710.51,60.35
710.52,60.35
710.53,60.35
710.55,60.35
710.56,60.35
710.58,60.35
710.59,60.34
710.61,60.34
710.62,60.34
710.64,60.34
710.65,60.34
710.67,60.34
710.68,60.33
710.70,60.33
710.71,60.33
710.73,60.33
710.74,60.33
710.76,60.33
710.77,60.32
710.78,60.32
710.80,60.32
710.81,60.32
710.83,60.32
710.84,60.32
710.86,60.31
710.87,60.31
710.89,60.31
710.90,60.31
710.92,60.31
710.93,60.31
710.95,60.31
710.96,60.30
710.98,60.30
710.99,60.30
711.01,60.30
711.02,60.30
711.03,60.30
711.05,60.29
711.06,60.29
711.08,60.29
711.09,60.29
711.11,60.29
711.12,60.29
711.14,60.28
711.15,60.28
711.17,60.28
711.18,60.28
711.20,60.28
711.21,60.28
711.23,60.27
711.24,60.27
711.26,60.27
711.27,60.27
711.28,60.27
711.30,60.27
711.31,60.26
711.33,60.26
711.34,60.26
711.36,60.26
711.37,60.26
711.39,60.26
711.40,60.26
711.42,60.25
711.43,60.25
711.45,60.25
711.46,60.25
711.48,60.25
711.49,60.25
711.51,60.24
711.52,60.24
711.53,60.24
711.55,60.24
711.56,60.24
711.58,60.24
711.59,60.23
711.61,60.23
711.62,60.23
711.64,60.23
711.65,60.23
711.67,60.23
711.68,60.23
711.70,60.23
711.71,60.23
711.73,60.23
711.74,60.23
711.76,60.23
711.77,60.23
711.79,60.23
711.80,60.23
711.81,60.23
711.83,60.23
711.84,60.23
711.86,60.23
711.87,60.23
711.89,60.23
711.90,60.23
711.92,60.23
711.93,60.23
711.95,60.23
711.96,60.23
711.98,60.23
711.99,60.23
712.01,60.23
712.02,60.23
712.04,60.23
712.05,60.23
712.06,60.23
712.08,60.23
712.09,60.23
712.11,60.23
712.12,60.23
712.14,60.23
712.15,60.23
712.17,60.23
712.18,60.23
712.20,60.23
712.21,60.23
712.23,60.23
712.24,60.23
712.26,60.23
712.27,60.23
712.29,60.23
712.30,60.23
712.31,60.23
712.33,60.23
712.34,60.23
712.36,60.23
712.37,60.23
712.39,60.23
712.40,60.23
712.42,60.23
712.43,60.23
712.45,60.23
712.46,60.23
712.48,60.22
712.49,60.22
712.51,60.23
712.52,60.23
712.54,60.23
712.55,60.23
712.56,60.24
712.58,60.24
712.59,60.24
712.61,60.24
712.62,60.25
712.64,60.25
712.65,60.25
712.67,60.25
712.68,60.26
712.70,60.26
712.71,60.26
712.73,60.26
712.74,60.27
712.76,60.27
712.77,60.27
712.79,60.27
712.80,60.28
712.81,60.28
712.83,60.28
712.84,60.28
712.86,60.29
712.87,60.29
712.89,60.29
712.90,60.29
712.92,60.30
712.93,60.29
712.95,60.29
712.96,60.29
712.98,60.29
712.99,60.29
713.01,60.29
713.02,60.28
713.04,60.28
713.05,60.28
713.06,60.28
713.08,60.28
713.09,60.28
713.11,60.27
713.12,60.27
713.14,60.27
713.15,60.27
713.17,60.27
713.18,60.27
713.20,60.27
713.21,60.26
713.23,60.26
713.24,60.26
713.26,60.26
713.27,60.26
713.29,60.26
713.30,60.25
713.31,60.25
713.33,60.25
713.34,60.25
713.36,60.25
713.37,60.25
713.39,60.24
713.40,60.24
713.42,60.24
713.43,60.24
713.45,60.24
713.46,60.24
713.48,60.23
713.49,60.23
713.51,60.23
713.52,60.23
713.54,60.23
713.55,60.23
713.57,60.23
713.58,60.22
713.59,60.22
713.61,60.22
713.62,60.22
713.64,60.22
713.65,60.22
713.67,60.21
713.68,60.21
713.70,60.21
713.71,60.21
713.73,60.21
713.74,60.21
713.76,60.20
713.77,60.20
713.79,60.20
713.80,60.20
713.82,60.20
713.83,60.20
713.84,60.19
713.86,60.19
713.87,60.19
713.89,60.19
713.90,60.19
713.92,60.19
713.93,60.19
713.95,60.18
713.96,60.19
713.98,60.18
713.99,60.18
714.01,60.18
714.02,60.18
714.04,60.17
714.05,60.18
714.07,60.18
714.08,60.18
714.09,60.18
714.11,60.18
714.12,60.18
714.14,60.18
714.15,60.18
714.17,60.18
714.18,60.18
714.20,60.18
714.21,60.18
714.23,60.18
714.24,60.18
714.26,60.18
714.27,60.18
714.29,60.18
714.30,60.18
714.32,60.18
714.33,60.18
714.34,60.18
714.36,60.17
714.37,60.17
714.39,60.17
714.40,60.17
714.42,60.17
714.43,60.17
714.45,60.17
714.46,60.17
714.48,60.17
714.49,60.17
714.51,60.17
714.52,60.17
714.54,60.17
714.55,60.17
714.57,60.17
714.58,60.17
714.59,60.17
714.61,60.17
714.62,60.17
714.64,60.17
714.65,60.17
714.67,60.17
714.68,60.17
714.70,60.17
714.71,60.17
714.73,60.17
714.74,60.17
714.76,60.17
714.77,60.17
714.79,60.17
714.80,60.17
714.82,60.17
714.83,60.17
714.84,60.17
714.86,60.17
714.87,60.17
714.89,60.17
714.90,60.17
714.92,60.17
714.93,60.17
714.95,60.17
714.96,60.17
714.98,60.17
714.99,60.17
715.01,60.17
715.02,60.18
715.04,60.18
715.05,60.18
715.07,60.18
715.08,60.19
715.10,60.19
715.11,60.19
715.12,60.19
715.14,60.20
715.15,60.20
715.17,60.20
715.18,60.20
715.20,60.21
715.21,60.21
715.23,60.21
715.24,60.21
715.26,60.22
715.27,60.22
715.29,60.22
715.30,60.22
715.32,60.23
715.33,60.23
715.35,60.23
715.36,60.23
715.37,60.24
715.39,60.24
715.40,60.24
715.42,60.24
715.43,60.24
715.45,60.24
715.46,60.24
715.48,60.23
715.49,60.23
715.51,60.23
715.52,60.23
715.54,60.23
715.55,60.23
715.57,60.23
715.58,60.23
715.60,60.23
715.61,60.23
715.62,60.23
715.64,60.22
715.65,60.22
715.67,60.22
715.68,60.22
715.70,60.23
715.71,60.23
715.73,60.23
715.74,60.23
715.76,60.23
715.77,60.23
715.79,60.23
715.80,60.22
715.82,60.22
715.83,60.22
715.85,60.22
715.86,60.22
715.87,60.22
715.89,60.21
715.90,60.21
715.92,60.21
715.93,60.21
715.95,60.21
715.96,60.21
715.98,60.21
715.99,60.20
716.01,60.20
716.02,60.20
716.04,60.20
716.05,60.20
716.07,60.20
716.08,60.19
716.10,60.19
716.11,60.19
716.12,60.19
716.14,60.19
716.15,60.19
716.17,60.18
716.18,60.18
716.20,60.18
716.21,60.18
716.23,60.18
716.24,60.18
716.26,60.17
716.27,60.17
716.29,60.17
716.30,60.17
716.32,60.17
716.33,60.17
716.35,60.17
716.36,60.16
716.37,60.16
716.39,60.16
716.40,60.16
716.42,60.16
716.43,60.16
716.45,60.15
716.46,60.15
716.48,60.15
716.49,60.15
716.51,60.15
716.52,60.15
716.54,60.14
716.55,60.14
716.57,60.14
716.58,60.14
716.60,60.14
716.61,60.14
716.63,60.14
716.64,60.13
716.65,60.14
716.67,60.13
716.68,60.13
716.70,60.13
716.71,60.13
716.73,60.12
716.74,60.13
716.76,60.12
716.77,60.12
716.79,60.12
716.80,60.12
716.82,60.11
716.83,60.12
716.85,60.11
716.86,60.11
716.88,60.11
716.89,60.11
716.90,60.10
716.92,60.11
716.93,60.11
716.95,60.10
716.96,60.10
716.98,60.10
716.99,60.10
717.01,60.10
717.02,60.10
717.04,60.09
717.05,60.09
717.07,60.09
717.08,60.09
717.10,60.09
717.11,60.09
717.13,60.08
717.14,60.08
717.15,60.08
717.17,60.08
717.18,60.08
717.20,60.08
717.21,60.07
717.23,60.07
717.24,60.07
717.26,60.07
717.27,60.07
717.29,60.07
717.30,60.07
717.32,60.06
717.33,60.06
717.35,60.06
717.36,60.06
717.38,60.06
717.39,60.06
717.40,60.05
717.42,60.05
717.43,60.05
717.45,60.05
717.46,60.05
717.48,60.05
717.49,60.04
717.51,60.04
717.52,60.04
717.54,60.04
717.55,60.04
717.57,60.04
717.58,60.04
717.60,60.03
717.61,60.03
717.63,60.03
717.64,60.03
717.65,60.03
717.67,60.03
717.68,60.02
717.70,60.02
717.71,60.02
717.73,60.02
717.74,60.02
717.76,60.02
717.77,60.01
717.79,60.01
717.80,60.01
717.82,60.01
717.83,60.01
717.85,60.01
717.86,60.01
717.88,60.00
717.89,60.01
717.90,60.00
717.92,60.00
717.93,60.00
717.95,60.00
717.96,59.99
717.98,60.00
717.99,59.99
718.01,59.99
718.02,59.99
718.04,59.99
718.05,59.99
718.07,59.99
718.08,59.99
718.10,59.99
718.11,59.99
718.13,59.99
718.14,59.99
718.16,59.99
718.17,59.99
718.18,59.99
718.20,59.99
718.21,59.99
718.23,59.99
718.24,59.99
718.26,59.99
718.27,59.99
718.29,59.99
718.30,59.99
718.32,59.99
718.33,59.99
718.35,59.99
718.36,59.99
718.38,59.99
718.39,59.99
718.41,59.99
718.42,59.99
718.43,59.99
718.45,59.99
718.46,59.99
718.48,59.99
718.49,59.99
718.51,59.99
718.52,59.99
718.54,59.99
718.55,59.99
718.57,59.99
718.58,59.99
718.60,59.99
718.61,59.99
718.63,59.99
718.64,59.99
718.66,59.99
718.67,59.99
718.68,59.99
718.70,59.99
718.71,59.99
718.73,59.99
718.74,59.99
718.76,59.99
718.77,59.99
718.79,59.99
718.80,59.99
718.82,59.99
718.83,59.99
718.85,59.99
718.86,59.98
718.88,59.99
718.89,59.99
718.91,59.99
718.92,59.99
718.93,60.00
718.95,60.00
718.96,60.00
718.98,60.00
718.99,60.01
719.01,60.01
719.02,60.01
719.04,60.02
719.05,60.02
719.07,60.02
719.08,60.02
719.10,60.03
719.11,60.03
719.13,60.03
719.14,60.03
719.16,60.04
719.17,60.04
719.18,60.04
719.20,60.04
719.21,60.05
719.23,60.05
719.24,60.05
719.26,60.05
719.27,60.06
719.29,60.06
719.30,60.06
719.32,60.05
719.33,60.06
719.35,60.05
719.36,60.05
719.38,60.05
719.39,60.05
719.41,60.04
719.42,60.05
719.43,60.04
719.45,60.04
719.46,60.04
719.48,60.04
719.49,60.03
719.51,60.04
719.52,60.04
719.54,60.03
719.55,60.03
719.57,60.03
719.58,60.03
719.60,60.03
719.61,60.03
719.63,60.02
719.64,60.02
719.66,60.02
719.67,60.02
719.69,60.02
719.70,60.02
719.71,60.01
719.73,60.01
719.74,60.01
719.76,60.01
719.77,60.01
719.79,60.01
719.80,60.00
719.82,60.00
719.83,60.00
719.85,60.00
719.86,60.00
719.88,60.00
719.89,60.00
719.91,59.99
719.92,59.99
719.94,59.99
719.95,59.99
719.96,59.99
719.98,59.99
719.99,59.98
720.01,59.98
720.02,59.98
720.04,59.98
720.05,59.98
720.07,59.98
720.08,59.97
720.10,59.97
720.11,59.97
720.13,59.97
720.14,59.97
720.16,59.97
720.17,59.97
720.19,59.96
720.20,59.96
720.21,59.96
720.23,59.96
720.24,59.96
720.26,59.96
720.27,59.95
720.29,59.95
720.30,59.95
720.32,59.95
720.33,59.95
720.35,59.95
720.36,59.94
720.38,59.94
720.39,59.95
720.41,59.94
720.42,59.94
720.44,59.94
720.45,59.94
720.46,59.93
720.48,59.94
720.49,59.93
720.51,59.93
720.52,59.93
720.54,59.93
720.55,59.92
720.57,59.93
720.58,59.92
720.60,59.92
720.61,59.92
720.63,59.92
720.64,59.91
720.66,59.92
720.67,59.92
720.69,59.91
720.70,59.91
720.71,59.91
720.73,59.91
720.74,59.91
720.76,59.91
720.77,59.90
720.79,59.90
720.80,59.90
720.82,59.90
720.83,59.90
720.85,59.90
720.86,59.89
720.88,59.89
720.89,59.89
720.91,59.89
720.92,59.89
720.94,59.89
720.95,59.89
720.96,59.88
720.98,59.88
720.99,59.88
721.01,59.88
721.02,59.88
721.04,59.88
721.05,59.87
721.07,59.87
721.08,59.87
721.10,59.87
721.11,59.87
721.13,59.87
721.14,59.86
721.16,59.86
721.17,59.86
721.19,59.86
721.20,59.86
721.22,59.86
721.23,59.86
721.24,59.85
721.26,59.85
721.27,59.85
721.29,59.85
721.30,59.85
721.32,59.85
721.33,59.84
721.35,59.84
721.36,59.84
721.38,59.84
721.39,59.84
721.41,59.84
721.42,59.84
721.44,59.83
721.45,59.84
721.47,59.83
721.48,59.83
721.49,59.83
721.51,59.83
721.52,59.82
721.54,59.83
721.55,59.82
721.57,59.82
721.58,59.82
721.60,59.82
721.61,59.81
721.63,59.82
721.64,59.81
721.66,59.81
721.67,59.81
721.69,59.81
721.70,59.81
721.72,59.81
721.73,59.81
721.74,59.80
721.76,59.80
721.77,59.80
721.79,59.80
721.80,59.80
721.82,59.80
721.83,59.79
721.85,59.79
721.86,59.79
721.88,59.79
721.89,59.79
721.91,59.79
721.92,59.79
721.94,59.78
721.95,59.78
721.97,59.78
721.98,59.78
721.99,59.78
722.01,59.78
722.02,59.77
722.04,59.77
722.05,59.77
722.07,59.77
722.08,59.77
722.10,59.77
722.11,59.76
722.13,59.76
722.14,59.76
722.16,59.76
722.17,59.76
722.19,59.76
722.20,59.76
722.22,59.76
722.23,59.76
722.24,59.76
722.26,59.76
722.27,59.76
722.29,59.76
722.30,59.76
722.32,59.76
722.33,59.76
722.35,59.76
722.36,59.76
722.38,59.76
722.39,59.76
722.41,59.76
722.42,59.76
722.44,59.76
722.45,59.76
722.47,59.76
722.48,59.76
722.49,59.76
722.51,59.76
722.52,59.76
722.54,59.76
722.55,59.76
722.57,59.76
722.58,59.76
722.60,59.76
722.61,59.76
722.63,59.76
722.64,59.76
722.66,59.76
722.67,59.76
722.69,59.76
722.70,59.76
722.72,59.76
722.73,59.76
722.75,59.76
722.76,59.76
722.77,59.76
722.79,59.76
722.80,59.76
722.82,59.76
722.83,59.76
722.85,59.76
722.86,59.76
722.88,59.76
722.89,59.76
722.91,59.76
722.92,59.76
722.94,59.76
722.95,59.76
722.97,59.76
722.98,59.76
723.00,59.76
723.01,59.76
723.02,59.76
723.04,59.76
723.05,59.76
723.07,59.76
723.08,59.76
723.10,59.76
723.11,59.76
723.13,59.76
723.14,59.76
723.16,59.76
723.17,59.76
723.19,59.76
723.20,59.76
723.22,59.76
723.23,59.76
723.25,59.77
723.26,59.77
723.27,59.77
723.29,59.77
723.30,59.78
723.32,59.78
723.33,59.78
723.35,59.78
723.36,59.79
723.38,59.79
723.39,59.79
723.41,59.79
723.42,59.80
723.44,59.80
723.45,59.80
723.47,59.81
723.48,59.81
723.50,59.81
723.51,59.81
723.52,59.82
723.54,59.82
723.55,59.82
723.57,59.82
723.58,59.83
723.60,59.83
723.61,59.83
723.63,59.83
723.64,59.84
723.66,59.84
723.67,59.84
723.69,59.84
723.70,59.85
723.72,59.85
723.73,59.85
723.75,59.85
723.76,59.85
723.77,59.84
723.79,59.84
723.80,59.84
723.82,59.84
723.83,59.84
723.85,59.84
723.86,59.84
723.88,59.83
723.89,59.84
723.91,59.83
723.92,59.83
723.94,59.83
723.95,59.83
723.97,59.82
723.98,59.83
724.00,59.82
724.01,59.82
724.02,59.82
724.04,59.82
724.05,59.81
724.07,59.82
724.08,59.81
724.10,59.81
724.11,59.81
724.13,59.81
724.14,59.81
724.16,59.81
724.17,59.81
724.19,59.80
724.20,59.80
724.22,59.80
724.23,59.80
724.25,59.80
724.26,59.80
724.28,59.80
724.29,59.80
724.30,59.80
724.32,59.80
724.33,59.80
724.35,59.80
724.36,59.81
724.38,59.81
724.39,59.81
724.41,59.80
724.42,59.81
724.44,59.80
724.45,59.80
724.47,59.80
724.48,59.80
724.50,59.80
724.51,59.80
724.53,59.80
724.54,59.79
724.55,59.79
724.57,59.79
724.58,59.79
724.60,59.79
724.61,59.79
724.63,59.78
724.64,59.78
724.66,59.78
724.67,59.78
724.69,59.78
724.70,59.78
724.72,59.78
724.73,59.77
724.75,59.77
724.76,59.77
724.78,59.77
724.79,59.77
724.80,59.77
724.82,59.76
724.83,59.76
724.85,59.76
724.86,59.76
724.88,59.76
724.89,59.76
724.91,59.75
724.92,59.75
724.94,59.75
724.95,59.75
724.97,59.75
724.98,59.75
725.00,59.75
725.01,59.74
725.03,59.74
725.04,59.74
725.05,59.74
725.07,59.74
725.08,59.74
725.10,59.73
725.11,59.73
725.13,59.73
725.14,59.73
725.16,59.73
725.17,59.73
725.19,59.73
725.20,59.72
725.22,59.73
725.23,59.72
725.25,59.72
725.26,59.72
725.28,59.72
725.29,59.71
725.30,59.72
725.32,59.71
725.33,59.71
725.35,59.71
725.36,59.71
725.38,59.70
725.39,59.71
725.41,59.71
725.42,59.70
725.44,59.70
725.45,59.70
725.47,59.70
725.48,59.70
725.50,59.70
725.51,59.69
725.53,59.69
725.54,59.69
725.55,59.69
725.57,59.69
725.58,59.69
725.60,59.68
725.61,59.68
725.63,59.68
725.64,59.68
725.66,59.68
725.67,59.68
725.69,59.68
725.70,59.67
725.72,59.67
725.73,59.67
725.75,59.67
725.76,59.67
725.78,59.67
725.79,59.66
725.81,59.66
725.82,59.66
725.83,59.66
725.85,59.66
725.86,59.66
725.88,59.66
725.89,59.65
725.91,59.65
725.92,59.65
725.94,59.65
725.95,59.65
725.97,59.65
725.98,59.64
726.00,59.64
726.01,59.64
726.03,59.64
726.04,59.64
726.06,59.64
726.07,59.64
726.08,59.63
726.10,59.64
726.11,59.63
726.13,59.63
726.14,59.63
726.16,59.63
726.17,59.62
726.19,59.63
726.20,59.62
726.22,59.62
726.23,59.62
726.25,59.62
726.26,59.61
726.28,59.62
726.29,59.62
726.31,59.61
726.32,59.61
726.33,59.61
726.35,59.61
726.36,59.61
726.38,59.61
726.39,59.60
726.41,59.60
726.42,59.60
726.44,59.60
726.45,59.60
726.47,59.60
726.48,59.60
726.50,59.59
726.51,59.59
726.53,59.59
726.54,59.59
726.56,59.59
726.57,59.59
726.58,59.58
726.60,59.58
726.61,59.58
726.63,59.58
726.64,59.58
726.66,59.58
726.67,59.57
726.69,59.57
726.70,59.57
726.72,59.57
726.73,59.57
726.75,59.57
726.76,59.57
726.78,59.56
726.79,59.56
726.81,59.56
726.82,59.56
726.83,59.56
726.85,59.56
726.86,59.55
726.88,59.55
726.89,59.56
726.91,59.55
726.92,59.55
726.94,59.55
726.95,59.55
726.97,59.54
726.98,59.55
727.00,59.54
727.01,59.54
727.03,59.54
727.04,59.54
727.06,59.53
727.07,59.54
727.08,59.54
727.10,59.53
727.11,59.53
727.13,59.53
727.14,59.53
727.16,59.53
727.17,59.53
727.19,59.52
727.20,59.52
727.22,59.52
727.23,59.52
727.25,59.52
727.26,59.52
727.28,59.52
727.29,59.51
727.31,59.51
727.32,59.51
727.34,59.51
727.35,59.51
727.36,59.51
727.38,59.51
727.39,59.51
727.41,59.51
727.42,59.51
727.44,59.51
727.45,59.51
727.47,59.51
727.48,59.51
727.50,59.51
727.51,59.51
727.53,59.51
727.54,59.51
727.56,59.51
727.57,59.51
727.59,59.51
727.60,59.51
727.61,59.51
727.63,59.51
727.64,59.51
727.66,59.51
727.67,59.51
727.69,59.51
727.70,59.51
727.72,59.51
727.73,59.51
727.75,59.51
727.76,59.51
727.78,59.51
727.79,59.51
727.81,59.51
727.82,59.51
727.84,59.51
727.85,59.51
727.86,59.51
727.88,59.51
727.89,59.51
727.91,59.51
727.92,59.51
727.94,59.51
727.95,59.51
727.97,59.51
727.98,59.51
728.00,59.51
728.01,59.51
728.03,59.51
728.04,59.51
728.06,59.51
728.07,59.51
728.09,59.51
728.10,59.51
728.11,59.51
728.13,59.51
728.14,59.51
728.16,59.51
728.17,59.51
728.19,59.51
728.20,59.51
728.22,59.51
728.23,59.51
728.25,59.51
728.26,59.51
728.28,59.51
728.29,59.51
728.31,59.51
728.32,59.51
728.34,59.51
728.35,59.51
728.36,59.51
728.38,59.51
728.39,59.51
728.41,59.51
728.42,59.51
728.44,59.51
728.45,59.51
728.47,59.51
728.48,59.51
728.50,59.51
728.51,59.51
728.53,59.50
728.54,59.50
728.56,59.50
728.57,59.51
728.59,59.51
728.60,59.51
728.61,59.51
728.63,59.52
728.64,59.52
728.66,59.52
728.67,59.53
728.69,59.53
728.70,59.53
728.72,59.53
728.73,59.54
728.75,59.54
728.76,59.54
728.78,59.54
728.79,59.55
728.81,59.55
728.82,59.55
728.84,59.55
728.85,59.56
728.87,59.56
728.88,59.56
728.89,59.56
728.91,59.57
728.92,59.57
728.94,59.57
728.95,59.58
728.97,59.58
728.98,59.58
729.00,59.58
729.01,59.59
729.03,59.59
729.04,59.59
729.06,59.59
729.07,59.60
729.09,59.60
729.10,59.60
729.12,59.60
729.13,59.61
729.14,59.60
729.16,59.60
729.17,59.60
729.19,59.60
729.20,59.60
729.22,59.60
729.23,59.60
729.25,59.59
729.26,59.59
729.28,59.59
729.29,59.59
729.31,59.59
729.32,59.59
729.34,59.58
729.35,59.58
729.37,59.58
729.38,59.58
729.39,59.58
729.41,59.58
729.42,59.58
729.44,59.57
729.45,59.58
729.47,59.57
729.48,59.57
729.50,59.57
729.51,59.57
729.53,59.56
729.54,59.57
729.56,59.56
729.57,59.56
729.59,59.56
729.60,59.56
729.62,59.55
729.63,59.56
729.64,59.56
729.66,59.55
729.67,59.55
729.69,59.55
729.70,59.55
729.72,59.55
729.73,59.55
729.75,59.54
729.76,59.54
729.78,59.54
729.79,59.54
729.81,59.54
729.82,59.54
729.84,59.54
729.85,59.53
729.87,59.53
729.88,59.53
729.89,59.53
729.91,59.53
729.92,59.53
729.94,59.52
729.95,59.52
729.97,59.52
729.98,59.52
730.00,59.52
730.01,59.52
730.03,59.52
730.04,59.51
730.06,59.51
730.07,59.51
730.09,59.51
730.10,59.51
730.12,59.51
730.13,59.50
730.14,59.50
730.16,59.50
730.17,59.50
730.19,59.50
730.20,59.50
730.22,59.50
730.23,59.49
730.25,59.50
730.26,59.49
730.28,59.49
730.29,59.49
730.31,59.49
730.32,59.48
730.34,59.49
730.35,59.48
730.37,59.48
730.38,59.48
730.40,59.48
730.41,59.47
730.42,59.48
730.44,59.48
730.45,59.47
730.47,59.47
730.48,59.47
730.50,59.47
730.51,59.47
730.53,59.47
730.54,59.46
730.56,59.46
730.57,59.46
730.59,59.46
730.60,59.46
730.62,59.46
730.63,59.46
730.65,59.45
730.66,59.45
730.67,59.45
730.69,59.45
730.70,59.45
730.72,59.45
730.73,59.44
730.75,59.44
730.76,59.44
730.78,59.44
730.79,59.44
730.81,59.44
730.82,59.44
730.84,59.43
730.85,59.43
730.87,59.43
730.88,59.43
730.90,59.43
730.91,59.43
730.92,59.42
730.94,59.42
730.95,59.42
730.97,59.42
730.98,59.42
731.00,59.42
731.01,59.42
731.03,59.41
731.04,59.42
731.06,59.41
731.07,59.41
731.09,59.41
731.10,59.41
731.12,59.40
731.13,59.41
731.15,59.40
731.16,59.40
731.17,59.40
731.19,59.40
731.20,59.40
731.22,59.40
731.23,59.40
731.25,59.39
731.26,59.39
731.28,59.39
731.29,59.39
731.31,59.39
731.32,59.39
731.34,59.39
731.35,59.38
731.37,59.38
731.38,59.38
731.40,59.38
731.41,59.38
731.42,59.38
731.44,59.37
731.45,59.37
731.47,59.37
731.48,59.37
731.50,59.37
731.51,59.37
731.53,59.37
731.54,59.36
731.56,59.36
731.57,59.36
731.59,59.36
731.60,59.36
731.62,59.36
731.63,59.35
731.65,59.35
731.66,59.35
731.67,59.35
731.69,59.35
731.70,59.35
731.72,59.35
731.73,59.34
731.75,59.35
731.76,59.34
731.78,59.34
731.79,59.34
731.81,59.34
731.82,59.33
731.84,59.34
731.85,59.33
731.87,59.33
731.88,59.33
731.90,59.33
731.91,59.33
731.93,59.33
731.94,59.33
731.95,59.32
731.97,59.32
731.98,59.32
732.00,59.32
732.01,59.32
732.03,59.32
732.04,59.32
732.06,59.31
732.07,59.31
732.09,59.31
732.10,59.31
732.12,59.31
732.13,59.31
732.15,59.30
732.16,59.30
732.18,59.30
732.19,59.30
732.20,59.30
732.22,59.30
732.23,59.30
732.25,59.29
732.26,59.29
732.28,59.29
732.29,59.29
732.31,59.29
732.32,59.29
732.34,59.28
732.35,59.28
732.37,59.28
732.38,59.28
732.40,59.28
732.41,59.28
732.43,59.28
732.44,59.27
732.45,59.28
732.47,59.27
732.48,59.27
732.50,59.27
732.51,59.27
732.53,59.26
732.54,59.27
732.56,59.27
732.57,59.26
732.59,59.26
732.60,59.26
732.62,59.26
732.63,59.26
732.65,59.26
732.66,59.25
732.68,59.25
732.69,59.25
732.70,59.25
732.72,59.25
732.73,59.25
732.75,59.25
732.76,59.24
732.78,59.24
732.79,59.24
732.81,59.24
732.82,59.24
732.84,59.24
732.85,59.23
732.87,59.23
732.88,59.23
732.90,59.23
732.91,59.23
732.93,59.23
732.94,59.23
732.95,59.22
732.97,59.22
732.98,59.22
733.00,59.22
733.01,59.22
733.03,59.22
733.04,59.21
733.06,59.21
733.07,59.22
733.09,59.21
733.10,59.21
733.12,59.21
733.13,59.21
733.15,59.20
733.16,59.21
733.18,59.20
733.19,59.20
733.20,59.20
733.22,59.20
733.23,59.20
733.25,59.20
733.26,59.20
733.28,59.19
733.29,59.19
733.31,59.19
733.32,59.19
733.34,59.19
733.35,59.19
733.37,59.18
733.38,59.18
733.40,59.18
733.41,59.18
733.43,59.18
733.44,59.18
733.45,59.18
733.47,59.17
733.48,59.17
733.50,59.17
733.51,59.17
733.53,59.17
733.54,59.17
733.56,59.17
733.57,59.16
733.59,59.16
733.60,59.16
733.62,59.16
733.63,59.16
733.65,59.16
733.66,59.16
733.68,59.16
733.69,59.16
733.71,59.16
733.72,59.16
733.73,59.16
733.75,59.16
733.76,59.16
733.78,59.16
733.79,59.16
733.81,59.16
733.82,59.16
733.84,59.16
733.85,59.16
733.87,59.16
733.88,59.16
733.90,59.16
733.91,59.16
733.93,59.16
733.94,59.16
733.96,59.16
733.97,59.16
733.98,59.16
734.00,59.16
734.01,59.16
734.03,59.16
734.04,59.16
734.06,59.16
734.07,59.16
734.09,59.16
734.10,59.16
734.12,59.16
734.13,59.16
734.15,59.16
734.16,59.16
734.18,59.16
734.19,59.16
734.21,59.16
734.22,59.16
734.23,59.16
734.25,59.16
734.26,59.16
734.28,59.16
734.29,59.16
734.31,59.16
734.32,59.16
734.34,59.16
734.35,59.16
734.37,59.16
734.38,59.16
734.40,59.16
734.41,59.16
734.43,59.16
734.44,59.16
734.46,59.16
734.47,59.16
734.48,59.16
734.50,59.16
734.51,59.16
734.53,59.16
734.54,59.16
734.56,59.16
734.57,59.16
734.59,59.16
734.60,59.16
734.62,59.16
734.63,59.16
734.65,59.16
734.66,59.16
734.68,59.16
734.69,59.16
734.71,59.16
734.72,59.16
734.73,59.16
734.75,59.15
734.76,59.15
734.78,59.16
734.79,59.16
734.81,59.16
734.82,59.16
734.84,59.17
734.85,59.17
734.87,59.17
734.88,59.18
734.90,59.18
734.91,59.18
734.93,59.18
734.94,59.19
734.96,59.19
734.97,59.19
734.98,59.19
735.00,59.20
735.01,59.20
735.03,59.20
735.04,59.20
735.06,59.21
735.07,59.21
735.09,59.21
735.10,59.22
735.12,59.22
735.13,59.22
735.15,59.22
735.16,59.23
735.18,59.23
735.19,59.23
735.21,59.23
735.22,59.24
735.24,59.24
735.25,59.24
735.26,59.25
735.28,59.25
735.29,59.25
735.31,59.25
735.32,59.25
735.34,59.25
735.35,59.25
735.37,59.24
735.38,59.24
735.40,59.24
735.41,59.24
735.43,59.24
735.44,59.24
735.46,59.24
735.47,59.23
735.49,59.24
735.50,59.23
735.51,59.23
735.53,59.23
735.54,59.23
735.56,59.22
735.57,59.23
735.59,59.22
735.60,59.22
735.62,59.22
735.63,59.22
735.65,59.22
735.66,59.22
735.68,59.22
735.69,59.21
735.71,59.21
735.72,59.21
735.74,59.21
735.75,59.21
735.76,59.21
735.78,59.21
735.79,59.20
735.81,59.20
735.82,59.20
735.84,59.20
735.85,59.20
735.87,59.20
735.88,59.19
735.90,59.19
735.91,59.19
735.93,59.19
735.94,59.19
735.96,59.19
735.97,59.19
735.99,59.18
736.00,59.18
736.01,59.18
736.03,59.18
736.04,59.18
736.06,59.18
736.07,59.17
736.09,59.17
736.10,59.18
736.12,59.17
736.13,59.17
736.15,59.17
736.16,59.17
736.18,59.16
736.19,59.17
736.21,59.16
736.22,59.16
736.24,59.16
736.25,59.16
736.26,59.16
736.28,59.16
736.29,59.16
736.31,59.15
736.32,59.15
736.34,59.15
736.35,59.15
736.37,59.15
736.38,59.15
736.40,59.15
736.41,59.14
736.43,59.14
736.44,59.14
736.46,59.14
736.47,59.14
736.49,59.14
736.50,59.13
736.51,59.13
736.53,59.13
736.54,59.13
736.56,59.13
736.57,59.13
736.59,59.13
736.60,59.12
736.62,59.12
736.63,59.12
736.65,59.12
736.66,59.12
736.68,59.12
736.69,59.11
736.71,59.11
736.72,59.12
736.74,59.11
736.75,59.11
736.77,59.11
736.78,59.11
736.79,59.10
736.81,59.11
736.82,59.10
736.84,59.10
736.85,59.10
736.87,59.10
736.88,59.10
736.90,59.10
736.91,59.10
736.93,59.09
736.94,59.09
736.96,59.09
736.97,59.09
736.99,59.09
737.00,59.09
737.02,59.08
737.03,59.08
737.04,59.08
737.06,59.08
737.07,59.08
737.09,59.08
737.10,59.08
737.12,59.07
737.13,59.07
737.15,59.07
737.16,59.07
737.18,59.07
737.19,59.07
737.21,59.07
737.22,59.06
737.24,59.06
737.25,59.06
737.27,59.06
737.28,59.06
737.29,59.06
737.31,59.05
737.32,59.05
737.34,59.06
737.35,59.05
737.37,59.05
737.38,59.05
737.40,59.05
737.41,59.04
737.43,59.05
737.44,59.04
737.46,59.04
737.47,59.04
737.49,59.04
737.50,59.04
737.52,59.04
737.53,59.04
737.54,59.03
737.56,59.03
737.57,59.03
737.59,59.03
737.60,59.03
737.62,59.03
737.63,59.03
737.65,59.02
737.66,59.02
737.68,59.02
737.69,59.02
737.71,59.02
737.72,59.02
737.74,59.01
737.75,59.01
737.77,59.01
737.78,59.01
737.79,59.01
737.81,59.01
737.82,59.01
737.84,59.00
737.85,59.00
737.87,59.00
737.88,59.00
737.90,59.00
737.91,59.00
737.93,59.00
737.94,59.00
737.96,59.00
737.97,59.00
737.99,59.00
738.00,59.00
738.02,59.00
738.03,59.00
738.04,59.00
738.06,59.00
738.07,59.00
738.09,59.00
738.10,59.00
738.12,59.00
738.13,59.00
738.15,59.00
738.16,59.00
738.18,59.00
738.19,59.00
738.21,59.00
738.22,59.00
738.24,59.00
738.25,59.00
738.27,59.00
738.28,59.00
738.30,59.00
738.31,59.00
738.32,59.00
738.34,59.00
738.35,59.00
738.37,59.00
738.38,59.00
738.40,59.00
738.41,59.00
738.43,59.00
738.44,59.00
738.46,59.00
738.47,59.00
738.49,59.00
738.50,59.00
738.52,59.00
738.53,59.00
738.55,59.00
738.56,59.00
738.57,59.00
738.59,59.00
738.60,59.00
738.62,59.00
738.63,59.00
738.65,59.00
738.66,59.00
738.68,59.00
738.69,59.00
738.71,59.00
738.72,59.00
738.74,59.00
738.75,59.00
738.77,59.00
738.78,59.00
738.80,59.00
738.81,59.00
738.82,59.00
738.84,59.00
738.85,59.00
738.87,59.00
738.88,59.00
738.90,59.00
738.91,59.00
738.93,59.00
738.94,59.00
738.96,59.00
738.97,59.00
738.99,59.00
739.00,59.00
739.02,59.00
739.03,59.01
739.05,59.01
739.06,59.01
739.07,59.01
739.09,59.02
739.10,59.02
739.12,59.02
739.13,59.03
739.15,59.03
739.16,59.03
739.18,59.03
739.19,59.04
739.21,59.04
739.22,59.04
739.24,59.04
739.25,59.05
739.27,59.05
739.28,59.05
739.30,59.06
739.31,59.06
739.32,59.06
739.34,59.06
739.35,59.07
739.37,59.07
739.38,59.07
739.40,59.07
739.41,59.08
739.43,59.08
739.44,59.08
739.46,59.09
739.47,59.09
739.49,59.09
739.50,59.09
739.52,59.10
739.53,59.10
739.55,59.10
739.56,59.09
739.57,59.09
739.59,59.09
739.60,59.09
739.62,59.09
739.63,59.09
739.65,59.09
739.66,59.08
739.68,59.08
739.69,59.08
739.71,59.08
739.72,59.08
739.74,59.08
739.75,59.07
739.77,59.07
739.78,59.08
739.80,59.07
739.81,59.07
739.83,59.07
739.84,59.07
739.85,59.06
739.87,59.07
739.88,59.06
739.90,59.06
739.91,59.06
739.93,59.06
739.94,59.06
739.96,59.06
739.97,59.06
739.99,59.05
740.00,59.05
740.02,59.05
740.03,59.05
740.05,59.05
740.06,59.05
740.08,59.05
740.09,59.04
740.10,59.04
740.12,59.04
740.13,59.04
740.15,59.04
740.16,59.04
740.18,59.03
740.19,59.03
740.21,59.03
740.22,59.03
740.24,59.03
740.25,59.03
740.27,59.03
740.28,59.02
740.30,59.02
740.31,59.02
740.33,59.02
740.34,59.02
740.35,59.02
740.37,59.02
740.38,59.01
740.40,59.02
740.41,59.01
740.43,59.01
740.44,59.01
740.46,59.01
740.47,59.00
740.49,59.01
740.50,59.00
740.52,59.00
740.53,59.00
740.55,59.00
740.56,59.00
740.58,59.00
740.59,59.00
740.60,58.99
740.62,58.99
740.63,58.99
740.65,58.99
740.66,58.99
740.68,58.99
740.69,58.99
740.71,58.98
740.72,58.98
740.74,58.98
740.75,58.98
740.77,58.98
740.78,58.98
740.80,58.97
740.81,58.97
740.83,58.97
740.84,58.97
740.85,58.97
740.87,58.97
740.88,58.97
740.90,58.96
740.91,58.96
740.93,58.96
740.94,58.96
740.96,58.96
740.97,58.96
740.99,58.96
741.00,58.95
741.02,58.96
741.03,58.95
741.05,58.95
741.06,58.95
741.08,58.95
741.09,58.95
741.10,58.95
741.12,58.95
741.13,58.94
741.15,58.94
741.16,58.94
741.18,58.94
741.19,58.94
741.21,58.94
741.22,58.93
741.24,58.93
741.25,58.93
741.27,58.93
741.28,58.93
741.30,58.93
741.31,58.93
741.33,58.92
741.34,58.92
741.36,58.92
741.37,58.92
741.38,58.92
741.40,58.92
741.41,58.92
741.43,58.91
741.44,58.91
741.46,58.91
741.47,58.91
741.49,58.91
741.50,58.91
741.52,58.91
741.53,58.90
741.55,58.91
741.56,58.90
741.58,58.90
741.59,58.90
741.61,58.90
741.62,58.89
741.63,58.90
741.65,58.90
741.66,58.89
741.68,58.89
741.69,58.89
741.71,58.89
741.72,58.89
741.74,58.89
741.75,58.89
741.77,58.89
741.78,58.89
741.80,58.89
741.81,58.89
741.83,58.89
741.84,58.89
741.86,58.89
741.87,58.89
741.88,58.89
741.90,58.89
741.91,58.89
741.93,58.89
741.94,58.89
741.96,58.89
741.97,58.89
741.99,58.89
742.00,58.89
742.02,58.89
742.03,58.89
742.05,58.89
742.06,58.89
742.08,58.89
742.09,58.89
742.11,58.89
742.12,58.89
742.13,58.90
742.15,58.90
742.16,58.90
742.18,58.91
742.19,58.91
742.21,58.91
742.22,58.91
742.24,58.92
742.25,58.92
742.27,58.92
742.28,58.92
742.30,58.93
742.31,58.93
742.33,58.93
742.34,58.93
742.36,58.93
742.37,58.93
742.38,58.92
742.40,58.92
742.41,58.92
742.43,58.92
742.44,58.92
742.46,58.92
742.47,58.92
742.49,58.91
742.50,58.92
742.52,58.91
742.53,58.91
742.55,58.91
742.56,58.91
742.58,58.90
742.59,58.91
742.61,58.91
742.62,58.90
742.63,58.90
742.65,58.90
742.66,58.90
742.68,58.90
742.69,58.90
742.71,58.89
742.72,58.89
742.74,58.89
742.75,58.89
742.77,58.89
742.78,58.89
742.80,58.89
742.81,58.89
742.83,58.89
742.84,58.89
742.86,58.89
742.87,58.89
742.89,58.89
742.90,58.89
742.91,58.89
742.93,58.89
742.94,58.89
742.96,58.89
742.97,58.89
742.99,58.89
743.00,58.89
743.02,58.89
743.03,58.89
743.05,58.90
743.06,58.90
743.08,58.90
743.09,58.90
743.11,58.91
743.12,58.91
743.14,58.91
743.15,58.92
743.16,58.92
743.18,58.92
743.19,58.91
743.21,58.92
743.22,58.91
743.24,58.91
743.25,58.91
743.27,58.91
743.28,58.90
743.30,58.91
743.31,58.91
743.33,58.90
743.34,58.90
743.36,58.90
743.37,58.90
743.39,58.90
743.40,58.90
743.41,58.89
743.43,58.89
743.44,58.89
743.46,58.89
743.47,58.89
743.49,58.89
743.50,58.89
743.52,58.88
743.53,58.88
743.55,58.88
743.56,58.88
743.58,58.88
743.59,58.88
743.61,58.88
743.62,58.87
743.64,58.87
743.65,58.87
743.66,58.87
743.68,58.87
743.69,58.87
743.71,58.87
743.72,58.87
743.74,58.87
743.75,58.87
743.77,58.87
743.78,58.87
743.80,58.87
743.81,58.88
743.83,58.88
743.84,58.88
743.86,58.88
743.87,58.88
743.89,58.88
743.90,58.88
743.91,58.88
743.93,58.88
743.94,58.88
743.96,58.88
743.97,58.88
743.99,58.88
744.00,58.88
744.02,58.88
744.03,58.88
744.05,58.88
744.06,58.88
744.08,58.88
744.09,58.88
744.11,58.88
744.12,58.88
744.14,58.88
744.15,58.88
744.16,58.88
744.18,58.88
744.19,58.88
744.21,58.88
744.22,58.88
744.24,58.88
744.25,58.88
744.27,58.88
744.28,58.88
744.30,58.88
744.31,58.88
744.33,58.88
744.34,58.88
744.36,58.88
744.37,58.88
744.39,58.88
744.40,58.88
744.42,58.88
744.43,58.88
744.44,58.88
744.46,58.88
744.47,58.88
744.49,58.88
744.50,58.88
744.52,58.88
744.53,58.88
744.55,58.88
744.56,58.88
744.58,58.88
744.59,58.88
744.61,58.88
744.62,58.88
744.64,58.88
744.65,58.88
744.67,58.88
744.68,58.88
744.69,58.88
744.71,58.88
744.72,58.88
744.74,58.88
744.75,58.88
744.77,58.88
744.78,58.88
744.80,58.88
744.81,58.88
744.83,58.88
744.84,58.88
744.86,58.88
744.87,58.88
744.89,58.88
744.90,58.88
744.92,58.88
744.93,58.88
744.94,58.88
744.96,58.88
744.97,58.88
744.99,58.88
745.00,58.88
745.02,58.88
745.03,58.87
745.05,58.87
745.06,58.87
745.08,58.88
745.09,58.88
745.11,58.88
745.12,58.89
745.14,58.89
745.15,58.89
745.17,58.89
745.18,58.90
745.19,58.90
745.21,58.90
745.22,58.90
745.24,58.91
745.25,58.91
745.27,58.91
745.28,58.92
745.30,58.92
745.31,58.92
745.33,58.92
745.34,58.93
745.36,58.93
745.37,58.93
745.39,58.93
745.40,58.94
745.42,58.94
745.43,58.94
745.44,58.95
745.46,58.95
745.47,58.95
745.49,58.95
745.50,58.96
745.52,58.96
745.53,58.96
745.55,58.96
745.56,58.97
745.58,58.97
745.59,58.97
745.61,58.98
745.62,58.98
745.64,58.98
745.65,58.98
745.67,58.99
745.68,58.99
745.69,58.99
745.71,59.00
745.72,59.00
745.74,59.00
745.75,59.00
745.77,59.00
745.78,59.00
745.80,59.00
745.81,58.99
745.83,58.99
745.84,58.99
745.86,58.99
745.87,58.99
745.89,58.99
745.90,58.99
745.92,58.98
745.93,58.98
745.95,58.98
745.96,58.98
745.97,58.98
745.99,58.98
746.00,58.98
746.02,58.97
746.03,58.98
746.05,58.97
746.06,58.97
746.08,58.97
746.09,58.97
746.11,58.96
746.12,58.97
746.14,58.97
746.15,58.96
746.17,58.96
746.18,58.96
746.20,58.96
746.21,58.96
746.22,58.96
746.24,58.95
746.25,58.95
746.27,58.95
746.28,58.95
746.30,58.95
746.31,58.95
746.33,58.95
746.34,58.94
746.36,58.94
746.37,58.94
746.39,58.94
746.40,58.94
746.42,58.94
746.43,58.94
746.45,58.93
746.46,58.93
746.47,58.93
746.49,58.93
746.50,58.93
746.52,58.93
746.53,58.92
746.55,58.92
746.56,58.93
746.58,58.92
746.59,58.92
746.61,58.92
746.62,58.92
746.64,58.91
746.65,58.92
746.67,58.91
746.68,58.91
746.70,58.91
746.71,58.91
746.72,58.91
746.74,58.91
746.75,58.91
746.77,58.90
746.78,58.90
746.80,58.90
746.81,58.90
746.83,58.90
746.84,58.90
746.86,58.90
746.87,58.89
746.89,58.89
746.90,58.89
746.92,58.89
746.93,58.89
746.95,58.89
746.96,58.88
746.97,58.88
746.99,58.88
747.00,58.88
747.02,58.88
747.03,58.88
747.05,58.88
747.06,58.87
747.08,58.87
747.09,58.87
747.11,58.87
747.12,58.87
747.14,58.87
747.15,58.87
747.17,58.86
747.18,58.87
747.20,58.86
747.21,58.86
747.22,58.86
747.24,58.86
747.25,58.85
747.27,58.86
747.28,58.86
747.30,58.85
747.31,58.85
747.33,58.85
747.34,58.85
747.36,58.85
747.37,58.85
747.39,58.84
747.40,58.84
747.42,58.84
747.43,58.84
747.45,58.84
747.46,58.84
747.48,58.84
747.49,58.83
747.50,58.83
747.52,58.83
747.53,58.83
747.55,58.83
747.56,58.83
747.58,58.83
747.59,58.82
747.61,58.82
747.62,58.82
747.64,58.82
747.65,58.82
747.67,58.82
747.68,58.82
747.70,58.81
747.71,58.82
747.73,58.81
747.74,58.81
747.75,58.81
747.77,58.81
747.78,58.80
747.80,58.81
747.81,58.81
747.83,58.80
747.84,58.80
747.86,58.80
747.87,58.80
747.89,58.80
747.90,58.80
747.92,58.79
747.93,58.79
747.95,58.79
747.96,58.79
747.98,58.79
747.99,58.79
748.00,58.79
748.02,58.78
748.03,58.78
748.05,58.78
748.06,58.78
748.08,58.78
748.09,58.78
748.11,58.78
748.12,58.77
748.14,58.77
748.15,58.77
748.17,58.77
748.18,58.77
748.20,58.77
748.21,58.77
748.23,58.76
748.24,58.77
748.25,58.76
748.27,58.76
748.28,58.76
748.30,58.76
748.31,58.75
748.33,58.76
748.34,58.76
748.36,58.75
748.37,58.75
748.39,58.75
748.40,58.75
748.42,58.75
748.43,58.75
748.45,58.74
748.46,58.74
748.48,58.74
748.49,58.74
748.50,58.74
748.52,58.74
748.53,58.74
748.55,58.73
748.56,58.73
748.58,58.73
748.59,58.73
748.61,58.73
748.62,58.73
748.64,58.73
748.65,58.72
748.67,58.72
748.68,58.72
748.70,58.72
748.71,58.72
748.73,58.72
748.74,58.72
748.75,58.71
748.77,58.72
748.78,58.71
748.80,58.71
748.81,58.71
748.83,58.71
748.84,58.71
748.86,58.71
748.87,58.71
748.89,58.70
748.90,58.70
748.92,58.70
748.93,58.70
748.95,58.70
748.96,58.70
748.98,58.70
748.99,58.69
749.01,58.69
749.02,58.69
749.03,58.69
749.05,58.69
749.06,58.69
749.08,58.69
749.09,58.69
749.11,58.69
749.12,58.69
749.14,58.69
749.15,58.69
749.17,58.69
749.18,58.69
749.20,58.69
749.21,58.69
749.23,58.69
749.24,58.69
749.26,58.69
749.27,58.69
749.28,58.69
749.30,58.69
749.31,58.69
749.33,58.69
749.34,58.69
749.36,58.69
749.37,58.69
749.39,58.69
749.40,58.69
749.42,58.69
749.43,58.69
749.45,58.69
749.46,58.69
749.48,58.69
749.49,58.69
749.51,58.69
749.52,58.69
749.53,58.70
749.55,58.70
749.56,58.70
749.58,58.70
749.59,58.71
749.61,58.71
749.62,58.71
749.64,58.72
749.65,58.72
749.67,58.72
749.68,58.72
749.70,58.73
749.71,58.73
749.73,58.73
749.74,58.73
749.76,58.73
749.77,58.73
749.78,58.73
749.80,58.73
749.81,58.73
749.83,58.73
749.84,58.73
749.86,58.73
749.87,58.73
749.89,58.73
749.90,58.73
749.92,58.73
749.93,58.73
749.95,58.73
749.96,58.74
749.98,58.74
749.99,58.74
750.01,58.74
750.02,58.74
750.03,58.73
750.05,58.73
750.06,58.74
750.08,58.74
750.09,58.74
750.11,58.74
750.12,58.75
750.14,58.75
750.15,58.75
750.17,58.76
750.18,58.76
750.20,58.76
750.21,58.76
750.23,58.77
750.24,58.77
750.26,58.77
750.27,58.77
750.28,58.77
750.30,58.77
750.31,58.76
750.33,58.76
750.34,58.76
750.36,58.76
750.37,58.76
750.39,58.76
750.40,58.76
750.42,58.75
750.43,58.75
750.45,58.75
750.46,58.75
750.48,58.75
750.49,58.75
750.51,58.74
750.52,58.74
750.54,58.74
750.55,58.74
750.56,58.74
750.58,58.74
750.59,58.74
750.61,58.73
750.62,58.73
750.64,58.74
750.65,58.73
750.67,58.73
750.68,58.73
750.70,58.73
750.71,58.72
750.73,58.73
750.74,58.72
750.76,58.72
750.77,58.72
750.79,58.72
750.80,58.72
750.81,58.72
750.83,58.72
750.84,58.71
750.86,58.71
750.87,58.71
750.89,58.71
750.90,58.71
750.92,58.71
750.93,58.71
750.95,58.70
750.96,58.70
750.98,58.70
750.99,58.70
751.01,58.70
751.02,58.70
751.04,58.70
751.05,58.69
751.06,58.69
751.08,58.69
751.09,58.69
751.11,58.69
751.12,58.69
751.14,58.69
751.15,58.69
751.17,58.69
751.18,58.69
751.20,58.69
751.21,58.69
751.23,58.69
751.24,58.69
751.26,58.69
751.27,58.69
751.29,58.69
751.30,58.69
751.31,58.69
751.33,58.69
751.34,58.69
751.36,58.69
751.37,58.69
751.39,58.69
751.40,58.69
751.42,58.69
751.43,58.69
751.45,58.69
751.46,58.69
751.48,58.69
751.49,58.69
751.51,58.69
751.52,58.69
751.54,58.69
751.55,58.69
751.56,58.69
751.58,58.69
751.59,58.69
751.61,58.69
751.62,58.69
751.64,58.69
751.65,58.69
751.67,58.69
751.68,58.69
751.70,58.69
751.71,58.69
751.73,58.69
751.74,58.69
751.76,58.69
751.77,58.69
751.79,58.69
751.80,58.70
751.81,58.70
751.83,58.70
751.84,58.71
751.86,58.71
751.87,58.71
751.89,58.71
751.90,58.72
751.92,58.72
751.93,58.72
751.95,58.73
751.96,58.73
751.98,58.73
751.99,58.73
752.01,58.74
752.02,58.74
752.04,58.74
752.05,58.74
752.07,58.74
752.08,58.75
752.09,58.74
752.11,58.74
752.12,58.74
752.14,58.74
752.15,58.73
752.17,58.74
752.18,58.73
752.20,58.73
752.21,58.73
752.23,58.73
752.24,58.73
752.26,58.73
752.27,58.73
752.29,58.72
752.30,58.72
752.32,58.72
752.33,58.72
752.34,58.72
752.36,58.72
752.37,58.72
752.39,58.71
752.40,58.71
752.42,58.71
752.43,58.71
752.45,58.71
752.46,58.71
752.48,58.71
752.49,58.70
752.51,58.70
752.52,58.70
752.54,58.70
752.55,58.70
752.57,58.70
752.58,58.69
752.59,58.69
752.61,58.70
752.62,58.69
752.64,58.69
752.65,58.69
752.67,58.69
752.68,58.68
752.70,58.69
752.71,58.69
752.73,58.68
752.74,58.68
752.76,58.68
752.77,58.68
752.79,58.68
752.80,58.68
752.82,58.67
752.83,58.67
752.84,58.67
752.86,58.67
752.87,58.67
752.89,58.67
752.90,58.67
752.92,58.66
752.93,58.66
752.95,58.66
752.96,58.66
752.98,58.66
752.99,58.66
753.01,58.66
753.02,58.65
753.04,58.65
753.05,58.65
753.07,58.65
753.08,58.65
753.09,58.65
753.11,58.65
753.12,58.64
753.14,58.65
753.15,58.64
753.17,58.64
753.18,58.64
753.20,58.64
753.21,58.64
753.23,58.64
753.24,58.64
753.26,58.63
753.27,58.63
753.29,58.63
753.30,58.63
753.32,58.63
753.33,58.63
753.34,58.63
753.36,58.62
753.37,58.62
753.39,58.62
753.40,58.62
753.42,58.62
753.43,58.62
753.45,58.61
753.46,58.61
753.48,58.61
753.49,58.61
753.51,58.61
753.52,58.61
753.54,58.61
753.55,58.60
753.57,58.60
753.58,58.61
753.59,58.60
753.61,58.60
753.62,58.60
753.64,58.60
753.65,58.59
753.67,58.60
753.68,58.59
753.70,58.59
753.71,58.59
753.73,58.59
753.74,58.59
753.76,58.59
753.77,58.59
753.79,58.58
753.80,58.58
753.82,58.58
753.83,58.58
753.85,58.58
753.86,58.58
753.87,58.58
753.89,58.57
753.90,58.57
753.92,58.57
753.93,58.57
753.95,58.57
753.96,58.57
753.98,58.57
753.99,58.56
754.01,58.56
754.02,58.56
754.04,58.57
754.05,58.57
754.07,58.57
754.08,58.57
754.10,58.57
754.11,58.57
754.12,58.57
754.14,58.57
754.15,58.57
754.17,58.57
754.18,58.57
754.20,58.57
754.21,58.57
754.23,58.57
754.24,58.57
754.26,58.57
754.27,58.57
754.29,58.57
754.30,58.57
754.32,58.57
754.33,58.57
754.35,58.57
754.36,58.57
754.37,58.57
754.39,58.57
754.40,58.57
754.42,58.57
754.43,58.57
754.45,58.57
754.46,58.57
754.48,58.57
754.49,58.57
754.51,58.57
754.52,58.57
754.54,58.57
754.55,58.57
754.57,58.57
754.58,58.57
754.60,58.57
754.61,58.56
754.62,58.56
754.64,58.56
754.65,58.57
754.67,58.57
754.68,58.57
754.70,58.58
754.71,58.58
754.73,58.58
754.74,58.58
754.76,58.59
754.77,58.59
754.79,58.59
754.80,58.60
754.82,58.60
754.83,58.60
754.85,58.60
754.86,58.61
754.87,58.61
754.89,58.61
754.90,58.62
754.92,58.62
754.93,58.62
754.95,58.62
754.96,58.63
754.98,58.63
754.99,58.63
755.01,58.63
755.02,58.64
755.04,58.64
755.05,58.64
755.07,58.65
755.08,58.65
755.10,58.65
755.11,58.65
755.12,58.66
755.14,58.66
755.15,58.66
755.17,58.67
755.18,58.67
755.20,58.67
755.21,58.67
755.23,58.67
755.24,58.67
755.26,58.67
755.27,58.67
755.29,58.67
755.30,58.67
755.32,58.67
755.33,58.67
755.35,58.67
755.36,58.67
755.38,58.67
755.39,58.67
755.40,58.67
755.42,58.67
755.43,58.67
755.45,58.67
755.46,58.67
755.48,58.66
755.49,58.66
755.51,58.66
755.52,58.67
755.54,58.67
755.55,58.67
755.57,58.68
755.58,58.68
755.60,58.68
755.61,58.68
755.63,58.69
755.64,58.69
755.65,58.69
755.67,58.70
755.68,58.70
755.70,58.70
755.71,58.70
755.73,58.71
755.74,58.71
755.76,58.71
755.77,58.72
755.79,58.72
755.80,58.72
755.82,58.72
755.83,58.73
755.85,58.73
755.86,58.73
755.88,58.74
755.89,58.74
755.90,58.74
755.92,58.74
755.93,58.75
755.95,58.75
755.96,58.75
755.98,58.75
755.99,58.76
756.01,58.76
756.02,58.76
756.04,58.77
756.05,58.77
756.07,58.77
756.08,58.77
756.10,58.78
756.11,58.78
756.13,58.78
756.14,58.79
756.15,58.79
756.17,58.79
756.18,58.79
756.20,58.80
756.21,58.80
756.23,58.80
756.24,58.80
756.26,58.81
756.27,58.81
756.29,58.81
756.30,58.82
756.32,58.82
756.33,58.82
756.35,58.82
756.36,58.83
756.38,58.83
756.39,58.83
756.40,58.84
756.42,58.84
756.43,58.84
756.45,58.84
756.46,58.85
756.48,58.85
756.49,58.85
756.51,58.85
756.52,58.86
756.54,58.86
756.55,58.86
756.57,58.87
756.58,58.87
756.60,58.87
756.61,58.87
756.63,58.88
756.64,58.88
756.65,58.88
756.67,58.89
756.68,58.89
756.70,58.89
756.71,58.89
756.73,58.90
756.74,58.90
756.76,58.90
756.77,58.90
756.79,58.91
756.80,58.91
756.82,58.91
756.83,58.92
756.85,58.92
756.86,58.92
756.88,58.92
756.89,58.93
756.91,58.93
756.92,58.93
756.93,58.94
756.95,58.94
756.96,58.94
756.98,58.94
756.99,58.95
757.01,58.95
757.02,58.95
757.04,58.95
757.05,58.96
757.07,58.96
757.08,58.96
757.10,58.97
757.11,58.97
757.13,58.97
757.14,58.97
757.16,58.98
757.17,58.98
757.18,58.98
757.20,58.98
757.21,58.99
757.23,58.99
757.24,58.99
757.26,59.00
757.27,59.00
757.29,59.00
757.30,59.00
757.32,59.01
757.33,59.01
757.35,59.01
757.36,59.01
757.38,59.02
757.39,59.02
757.41,59.02
757.42,59.03
757.43,59.03
757.45,59.03
757.46,59.03
757.48,59.03
757.49,59.03
757.51,59.03
757.52,59.03
757.54,59.03
757.55,59.03
757.57,59.03
757.58,59.03
757.60,59.03
757.61,59.03
757.63,59.03
757.64,59.03
757.66,59.03
757.67,59.03
757.68,59.03
757.70,59.03
757.71,59.03
757.73,59.03
757.74,59.03
757.76,59.03
757.77,59.03
757.79,59.03
757.80,59.03
757.82,59.03
757.83,59.03
757.85,59.03
757.86,59.03
757.88,59.03
757.89,59.03
757.91,59.03
757.92,59.03
757.93,59.03
757.95,59.03
757.96,59.03
757.98,59.03
757.99,59.03
758.01,59.03
758.02,59.03
758.04,59.03
758.05,59.03
758.07,59.03
758.08,59.03
758.10,59.03
758.11,59.03
758.13,59.03
758.14,59.02
758.16,59.03
758.17,59.03
758.18,59.03
758.20,59.03
758.21,59.04
758.23,59.04
758.24,59.04
758.26,59.05
758.27,59.05
758.29,59.05
758.30,59.05
758.32,59.06
758.33,59.06
758.35,59.06
758.36,59.06
758.38,59.07
758.39,59.07
758.41,59.07
758.42,59.08
758.44,59.08
758.45,59.08
758.46,59.08
758.48,59.09
758.49,59.09
758.51,59.09
758.52,59.09
758.54,59.10
758.55,59.10
758.57,59.10
758.58,59.10
758.60,59.10
758.61,59.10
758.63,59.10
758.64,59.10
758.66,59.10
758.67,59.10
758.69,59.10
758.70,59.10
758.71,59.10
758.73,59.10
758.74,59.10
758.76,59.10
758.77,59.10
758.79,59.10
758.80,59.10
758.82,59.10
758.83,59.10
758.85,59.09
758.86,59.09
758.88,59.09
758.89,59.09
758.91,59.10
758.92,59.10
758.94,59.10
758.95,59.10
758.96,59.11
758.98,59.11
758.99,59.11
759.01,59.11
759.02,59.12
759.04,59.12
759.05,59.12
759.07,59.13
759.08,59.13
759.10,59.13
759.11,59.13
759.13,59.14
759.14,59.14
759.16,59.14
759.17,59.14
759.19,59.15
759.20,59.15
759.21,59.15
759.23,59.16
759.24,59.16
759.26,59.16
759.27,59.16
759.29,59.17
759.30,59.17
759.32,59.17
759.33,59.17
759.35,59.18
759.36,59.18
759.38,59.18
759.39,59.19
759.41,59.19
759.42,59.19
759.44,59.19
759.45,59.20
759.46,59.20
759.48,59.20
759.49,59.20
759.51,59.21
759.52,59.21
759.54,59.21
759.55,59.21
759.57,59.22
759.58,59.22
759.60,59.22
759.61,59.23
759.63,59.23
759.64,59.23
759.66,59.23
759.67,59.24
759.69,59.24
759.70,59.24
759.71,59.24
759.73,59.25
759.74,59.25
759.76,59.25
759.77,59.26
759.79,59.26
759.80,59.26
759.82,59.26
759.83,59.27
759.85,59.27
759.86,59.27
759.88,59.27
759.89,59.28
759.91,59.28
759.92,59.28
759.94,59.29
759.95,59.29
759.97,59.29
759.98,59.29
759.99,59.30
760.01,59.30
760.02,59.30
760.04,59.30
760.05,59.31
760.07,59.31
760.08,59.31
760.10,59.31
760.11,59.32
760.13,59.32
760.14,59.32
760.16,59.33
760.17,59.33
760.19,59.33
760.20,59.33
760.22,59.34
760.23,59.34
760.24,59.34
760.26,59.34
760.27,59.35
760.29,59.35
760.30,59.35
760.32,59.35
760.33,59.36
760.35,59.36
760.36,59.36
760.38,59.37
760.39,59.37
760.41,59.37
760.42,59.37
760.44,59.38
760.45,59.38
760.47,59.38
760.48,59.38
760.49,59.39
760.51,59.39
760.52,59.39
760.54,59.40
760.55,59.40
760.57,59.40
760.58,59.40
760.60,59.41
760.61,59.41
760.63,59.41
760.64,59.41
760.66,59.42
760.67,59.42
760.69,59.42
760.70,59.42
760.72,59.43
760.73,59.43
760.74,59.43
760.76,59.44
760.77,59.44
760.79,59.44
760.80,59.44
760.82,59.45
760.83,59.45
760.85,59.45
760.86,59.45
760.88,59.46
760.89,59.46
760.91,59.46
760.92,59.46
760.94,59.47
760.95,59.47
760.97,59.47
760.98,59.48
760.99,59.48
761.01,59.48
761.02,59.48
761.04,59.49
761.05,59.49
761.07,59.49
761.08,59.49
761.10,59.50
761.11,59.50
761.13,59.50
761.14,59.50
761.16,59.51
761.17,59.51
761.19,59.51
761.20,59.51
761.22,59.52
761.23,59.52
761.24,59.52
761.26,59.53
761.27,59.53
761.29,59.53
761.30,59.53
761.32,59.54
761.33,59.54
761.35,59.54
761.36,59.54
761.38,59.55
761.39,59.55
761.41,59.55
761.42,59.55
761.44,59.56
761.45,59.56
761.47,59.56
761.48,59.57
761.50,59.57
761.51,59.57
761.52,59.57
761.54,59.58
761.55,59.58
761.57,59.58
761.58,59.58
761.60,59.59
761.61,59.59
761.63,59.59
761.64,59.59
761.66,59.60
761.67,59.60
761.69,59.60
761.70,59.60
761.72,59.61
761.73,59.61
761.75,59.61
761.76,59.62
761.77,59.62
761.79,59.62
761.80,59.62
761.82,59.63
761.83,59.63
761.85,59.63
761.86,59.63
761.88,59.64
761.89,59.64
761.91,59.64
761.92,59.64
761.94,59.64
761.95,59.64
761.97,59.64
761.98,59.64
762.00,59.64
762.01,59.64
762.02,59.64
762.04,59.64
762.05,59.64
762.07,59.64
762.08,59.64
762.10,59.64
762.11,59.64
762.13,59.64
762.14,59.64
762.16,59.64
762.17,59.64
762.19,59.64
762.20,59.64
762.22,59.64
762.23,59.64
762.25,59.64
762.26,59.64
762.27,59.64
762.29,59.64
762.30,59.64
762.32,59.64
762.33,59.64
762.35,59.64
762.36,59.64
762.38,59.64
762.39,59.64
762.41,59.64
762.42,59.64
762.44,59.64
762.45,59.64
762.47,59.64
762.48,59.64
762.50,59.64
762.51,59.64
762.52,59.64
762.54,59.64
762.55,59.64
762.57,59.64
762.58,59.64
762.60,59.64
762.61,59.64
762.63,59.64
762.64,59.64
762.66,59.64
762.67,59.63
762.69,59.63
762.70,59.63
762.72,59.63
762.73,59.64
762.75,59.64
762.76,59.64
762.77,59.64
762.79,59.65
762.80,59.65
762.82,59.65
762.83,59.65
762.85,59.66
762.86,59.66
762.88,59.66
762.89,59.66
762.91,59.67
762.92,59.67
762.94,59.67
762.95,59.67
762.97,59.68
762.98,59.68
763.00,59.68
763.01,59.69
763.03,59.69
763.04,59.69
763.05,59.69
763.07,59.70
763.08,59.70
763.10,59.70
763.11,59.70
763.13,59.71
763.14,59.71
763.16,59.71
763.17,59.71
763.19,59.72
763.20,59.72
763.22,59.72
763.23,59.72
763.25,59.73
763.26,59.73
763.28,59.73
763.29,59.74
763.30,59.74
763.32,59.74
763.33,59.74
763.35,59.75
763.36,59.75
763.38,59.75
763.39,59.75
763.41,59.76
763.42,59.76
763.44,59.76
763.45,59.76
763.47,59.77
763.48,59.77
763.50,59.77
763.51,59.77
763.53,59.78
763.54,59.78
763.55,59.78
763.57,59.78
763.58,59.79
763.60,59.79
763.61,59.79
763.63,59.79
763.64,59.80
763.66,59.80
763.67,59.80
763.69,59.81
763.70,59.81
763.72,59.81
763.73,59.81
763.75,59.82
763.76,59.82
763.78,59.82
763.79,59.82
763.80,59.83
763.82,59.83
763.83,59.83
763.85,59.83
763.86,59.83
763.88,59.83
763.89,59.83
763.91,59.83
763.92,59.83
763.94,59.83
763.95,59.83
763.97,59.83
763.98,59.83
764.00,59.83
764.01,59.83
764.03,59.83
764.04,59.83
764.05,59.83
764.07,59.83
764.08,59.83
764.10,59.83
764.11,59.83
764.13,59.83
764.14,59.83
764.16,59.83
764.17,59.83
764.19,59.83
764.20,59.83
764.22,59.83
764.23,59.83
764.25,59.83
764.26,59.83
764.28,59.83
764.29,59.83
764.30,59.83
764.32,59.83
764.33,59.83
764.35,59.83
764.36,59.83
764.38,59.83
764.39,59.83
764.41,59.83
764.42,59.83
764.44,59.83
764.45,59.83
764.47,59.83
764.48,59.83
764.50,59.83
764.51,59.83
764.53,59.83
764.54,59.83
764.56,59.83
764.57,59.83
764.58,59.83
764.60,59.83
764.61,59.83
764.63,59.84
764.64,59.84
764.66,59.84
764.67,59.84
764.69,59.85
764.70,59.85
764.72,59.85
764.73,59.85
764.75,59.86
764.76,59.86
764.78,59.86
764.79,59.86
764.81,59.87
764.82,59.87
764.83,59.87
764.85,59.87
764.86,59.87
764.88,59.87
764.89,59.87
764.91,59.87
764.92,59.87
764.94,59.87
764.95,59.87
764.97,59.87
764.98,59.87
765.00,59.87
765.01,59.87
765.03,59.87
765.04,59.87
765.06,59.87
765.07,59.87
765.08,59.87
765.10,59.87
765.11,59.87
765.13,59.87
765.14,59.87
765.16,59.87
765.17,59.87
765.19,59.87
765.20,59.87
765.22,59.87
765.23,59.87
765.25,59.87
765.26,59.87
765.28,59.87
765.29,59.87
765.31,59.87
765.32,59.87
765.33,59.87
765.35,59.87
765.36,59.87
765.38,59.87
765.39,59.87
765.41,59.87
765.42,59.86
765.44,59.87
765.45,59.87
765.47,59.87
765.48,59.87
765.50,59.88
765.51,59.88
765.53,59.88
765.54,59.88
765.56,59.89
765.57,59.89
765.58,59.89
765.60,59.89
765.61,59.90
765.63,59.90
765.64,59.90
765.66,59.90
765.67,59.91
765.69,59.91
765.70,59.91
765.72,59.92
765.73,59.92
765.75,59.92
765.76,59.92
765.78,59.93
765.79,59.93
765.81,59.93
765.82,59.93
765.83,59.94
765.85,59.94
765.86,59.94
765.88,59.94
765.89,59.95
765.91,59.95
765.92,59.95
765.94,59.95
765.95,59.96
765.97,59.96
765.98,59.96
766.00,59.96
766.01,59.97
766.03,59.97
766.04,59.97
766.06,59.97
766.07,59.98
766.09,59.98
766.10,59.98
766.11,59.98
766.13,59.99
766.14,59.99
766.16,59.99
766.17,59.99
766.19,60.00
766.20,60.00
766.22,60.00
766.23,60.01
766.25,60.01
766.26,60.01
766.28,60.01
766.29,60.02
766.31,60.02
766.32,60.02
766.34,60.02
766.35,60.03
766.36,60.03
766.38,60.03
766.39,60.03
766.41,60.04
766.42,60.04
766.44,60.04
766.45,60.04
766.47,60.05
766.48,60.05
766.50,60.05
766.51,60.05
766.53,60.06
766.54,60.06
766.56,60.06
766.57,60.06
766.59,60.07
766.60,60.07
766.61,60.07
766.63,60.07
766.64,60.08
766.66,60.08
766.67,60.08
766.69,60.08
766.70,60.09
766.72,60.09
766.73,60.09
766.75,60.09
766.76,60.10
766.78,60.10
766.79,60.10
766.81,60.10
766.82,60.10
766.84,60.10
766.85,60.10
766.86,60.10
766.88,60.10
766.89,60.10
766.91,60.10
766.92,60.10
766.94,60.10
766.95,60.10
766.97,60.10
766.98,60.10
767.00,60.10
767.01,60.10
767.03,60.10
767.04,60.10
767.06,60.10
767.07,60.10
767.09,60.10
767.10,60.10
767.11,60.10
767.13,60.10
767.14,60.10
767.16,60.10
767.17,60.10
767.19,60.10
767.20,60.10
767.22,60.10
767.23,60.10
767.25,60.10
767.26,60.10
767.28,60.10
767.29,60.10
767.31,60.10
767.32,60.10
767.34,60.10
767.35,60.10
767.36,60.10
767.38,60.09
767.39,60.10
767.41,60.10
767.42,60.10
767.44,60.10
767.45,60.11
767.47,60.11
767.48,60.11
767.50,60.11
767.51,60.12
767.53,60.12
767.54,60.12
767.56,60.12
767.57,60.13
767.59,60.13
767.60,60.13
767.62,60.14
767.63,60.14
767.64,60.14
767.66,60.14
767.67,60.15
767.69,60.15
767.70,60.15
767.72,60.15
767.73,60.16
767.75,60.16
767.76,60.16
767.78,60.16
767.79,60.17
767.81,60.17
767.82,60.17
767.84,60.17
767.85,60.18
767.87,60.18
767.88,60.18
767.89,60.18
767.91,60.19
767.92,60.19
767.94,60.19
767.95,60.19
767.97,60.20
767.98,60.20
768.00,60.20
768.01,60.20
768.03,60.21
768.04,60.21
768.06,60.21
768.07,60.21
768.09,60.22
768.10,60.22
768.12,60.22
768.13,60.22
768.14,60.23
768.16,60.23
768.17,60.23
768.19,60.23
768.20,60.24
768.22,60.24
768.23,60.24
768.25,60.24
768.26,60.25
768.28,60.25
768.29,60.25
768.31,60.25
768.32,60.26
768.34,60.26
768.35,60.26
768.37,60.26
768.38,60.27
768.39,60.27
768.41,60.27
768.42,60.27
768.44,60.28
768.45,60.28
768.47,60.28
768.48,60.28
768.50,60.29
768.51,60.29
768.53,60.29
768.54,60.29
768.56,60.30
768.57,60.30
768.59,60.30
768.60,60.30
768.62,60.31
768.63,60.31
768.64,60.31
768.66,60.31
768.67,60.32
768.69,60.32
768.70,60.32
768.72,60.32
768.73,60.33
768.75,60.33
768.76,60.33
768.78,60.33
768.79,60.34
768.81,60.34
768.82,60.34
768.84,60.34
768.85,60.34
768.87,60.34
768.88,60.34
768.89,60.34
768.91,60.34
768.92,60.34
768.94,60.34
768.95,60.34
768.97,60.34
768.98,60.34
769.00,60.34
769.01,60.34
769.03,60.33
769.04,60.33
769.06,60.33
769.07,60.33
769.09,60.33
769.10,60.33
769.12,60.33
769.13,60.33
769.15,60.33
769.16,60.33
769.17,60.33
769.19,60.33
769.20,60.33
769.22,60.33
769.23,60.33
769.25,60.33
769.26,60.33
769.28,60.33
769.29,60.33
769.31,60.33
769.32,60.33
769.34,60.33
769.35,60.33
769.37,60.33
769.38,60.33
769.40,60.33
769.41,60.33
769.42,60.33
769.44,60.33
769.45,60.33
769.47,60.33
769.48,60.33
769.50,60.33
769.51,60.33
769.53,60.33
769.54,60.33
769.56,60.33
769.57,60.34
769.59,60.34
769.60,60.34
769.62,60.34
769.63,60.35
769.65,60.35
769.66,60.35
769.67,60.35
769.69,60.36
769.70,60.36
769.72,60.36
769.73,60.36
769.75,60.37
769.76,60.37
769.78,60.37
769.79,60.37
769.81,60.38
769.82,60.38
769.84,60.38
769.85,60.38
769.87,60.39
769.88,60.39
769.90,60.39
769.91,60.39
769.92,60.40
769.94,60.40
769.95,60.40
769.97,60.40
769.98,60.41
770.00,60.41
770.01,60.41
770.03,60.41
770.04,60.41
770.06,60.42
770.07,60.42
770.09,60.42
770.10,60.42
770.12,60.43
770.13,60.43
770.15,60.43
770.16,60.43
770.17,60.44
770.19,60.44
770.20,60.44
770.22,60.44
770.23,60.45
770.25,60.45
770.26,60.45
770.28,60.45
770.29,60.46
770.31,60.46
770.32,60.46
770.34,60.46
770.35,60.47
770.37,60.47
770.38,60.47
770.40,60.47
770.41,60.48
770.42,60.48
770.44,60.48
770.45,60.48
770.47,60.49
770.48,60.49
770.50,60.49
770.51,60.49
770.53,60.50
770.54,60.50
770.56,60.50
770.57,60.50
770.59,60.51
770.60,60.51
770.62,60.51
770.63,60.51
770.65,60.52
770.66,60.52
770.68,60.52
770.69,60.52
770.70,60.53
770.72,60.53
770.73,60.53
770.75,60.53
770.76,60.54
770.78,60.54
770.79,60.54
770.81,60.54
770.82,60.55
770.84,60.55
770.85,60.55
770.87,60.55
770.88,60.56
770.90,60.56
770.91,60.56
770.93,60.56
770.94,60.57
770.95,60.57
770.97,60.57
770.98,60.57
771.00,60.58
771.01,60.58
771.03,60.58
771.04,60.58
771.06,60.59
771.07,60.59
771.09,60.59
771.10,60.59
771.12,60.59
771.13,60.60
771.15,60.60
771.16,60.60
771.18,60.60
771.19,60.61
771.20,60.61
771.22,60.61
771.23,60.61
771.25,60.62
771.26,60.62
771.28,60.62
771.29,60.62
771.31,60.63
771.32,60.63
771.34,60.63
771.35,60.63
771.37,60.64
771.38,60.64
771.40,60.64
771.41,60.64
771.43,60.65
771.44,60.65
771.45,60.65
771.47,60.65
771.48,60.66
771.50,60.66
771.51,60.66
771.53,60.66
771.54,60.67
771.56,60.67
771.57,60.67
771.59,60.67
771.60,60.68
771.62,60.68
771.63,60.68
771.65,60.68
771.66,60.69
771.68,60.69
771.69,60.69
771.70,60.69
771.72,60.69
771.73,60.70
771.75,60.70
771.76,60.70
771.78,60.70
771.79,60.71
771.81,60.71
771.82,60.71
771.84,60.71
771.85,60.72
771.87,60.72
771.88,60.72
771.90,60.72
771.91,60.73
771.93,60.73
771.94,60.73
771.95,60.73
771.97,60.74
771.98,60.74
772.00,60.74
772.01,60.74
772.03,60.75
772.04,60.75
772.06,60.75
772.07,60.75
772.09,60.76
772.10,60.76
772.12,60.76
772.13,60.76
772.15,60.77
772.16,60.77
772.18,60.77
772.19,60.77
772.21,60.77
772.22,60.78
772.23,60.78
772.25,60.78
772.26,60.78
772.28,60.79
772.29,60.79
772.31,60.79
772.32,60.79
772.34,60.80
772.35,60.80
772.37,60.80
772.38,60.80
772.40,60.81
772.41,60.81
772.43,60.81
772.44,60.81
772.46,60.82
772.47,60.82
772.48,60.82
772.50,60.82
772.51,60.83
772.53,60.83
772.54,60.83
772.56,60.83
772.57,60.84
772.59,60.84
772.60,60.84
772.62,60.84
772.63,60.84
772.65,60.85
772.66,60.85
772.68,60.85
772.69,60.85
772.71,60.86
772.72,60.86
772.73,60.86
772.75,60.86
772.76,60.87
772.78,60.87
772.79,60.87
772.81,60.87
772.82,60.88
772.84,60.88
772.85,60.88
772.87,60.88
772.88,60.88
772.90,60.88
772.91,60.88
772.93,60.88
772.94,60.88
772.96,60.88
772.97,60.88
772.98,60.88
773.00,60.88
773.01,60.88
773.03,60.88
773.04,60.88
773.06,60.88
773.07,60.88
773.09,60.88
773.10,60.88
773.12,60.88
773.13,60.88
773.15,60.88
773.16,60.88
773.18,60.88
773.19,60.88
773.21,60.88
773.22,60.88
773.23,60.88
773.25,60.88
773.26,60.88
773.28,60.88
773.29,60.88
773.31,60.88
773.32,60.88
773.34,60.88
773.35,60.88
773.37,60.88
773.38,60.88
773.40,60.88
773.41,60.88
773.43,60.88
773.44,60.87
773.46,60.87
773.47,60.87
773.48,60.87
773.50,60.87
773.51,60.87
773.53,60.87
773.54,60.87
773.56,60.87
773.57,60.87
773.59,60.87
773.60,60.87
773.62,60.87
773.63,60.87
773.65,60.87
773.66,60.87
773.68,60.87
773.69,60.87
773.71,60.87
773.72,60.87
773.74,60.87
773.75,60.87
773.76,60.87
773.78,60.87
773.79,60.87
773.81,60.87
773.82,60.87
773.84,60.87
773.85,60.87
773.87,60.87
773.88,60.87
773.90,60.87
773.91,60.87
773.93,60.87
773.94,60.87
773.96,60.87
773.97,60.87
773.99,60.87
774.00,60.87
774.01,60.87
774.03,60.87
774.04,60.87
774.06,60.87
774.07,60.86
774.09,60.86
774.10,60.86
774.12,60.87
774.13,60.87
774.15,60.87
774.16,60.87
774.18,60.88
774.19,60.88
774.21,60.88
774.22,60.88
774.24,60.89
774.25,60.89
774.26,60.89
774.28,60.89
774.29,60.90
774.31,60.90
774.32,60.90
774.34,60.90
774.35,60.90
774.37,60.91
774.38,60.91
774.40,60.91
774.41,60.91
774.43,60.92
774.44,60.92
774.46,60.92
774.47,60.92
774.49,60.93
774.50,60.93
774.51,60.93
774.53,60.93
774.54,60.94
774.56,60.94
774.57,60.94
774.59,60.94
774.60,60.95
774.62,60.95
774.63,60.95
774.65,60.95
774.66,60.95
774.68,60.96
774.69,60.96
774.71,60.96
774.72,60.96
774.74,60.97
774.75,60.97
774.76,60.97
774.78,60.97
774.79,60.98
774.81,60.98
774.82,60.98
774.84,60.98
774.85,60.99
774.87,60.99
774.88,60.99
774.90,60.99
774.91,61.00
774.93,61.00
774.94,61.00
774.96,61.00
774.97,61.00
774.99,61.01
775.00,61.01
775.01,61.01
775.03,61.01
775.04,61.02
775.06,61.02
775.07,61.02
775.09,61.02
775.10,61.03
775.12,61.03
775.13,61.03
775.15,61.03
775.16,61.04
775.18,61.04
775.19,61.04
775.21,61.04
775.22,61.05
775.24,61.05
775.25,61.05
775.26,61.05
775.28,61.05
775.29,61.06
775.31,61.06
775.32,61.06
775.34,61.06
775.35,61.07
775.37,61.07
775.38,61.07
775.40,61.07
775.41,61.08
775.43,61.08
775.44,61.08
775.46,61.08
775.47,61.09
775.49,61.09
775.50,61.09
775.52,61.09
775.53,61.09
775.54,61.10
775.56,61.10
775.57,61.10
775.59,61.10
775.60,61.11
775.62,61.11
775.63,61.11
775.65,61.11
775.66,61.12
775.68,61.12
775.69,61.12
775.71,61.12
775.72,61.13
775.74,61.13
775.75,61.13
775.77,61.13
775.78,61.13
775.79,61.14
775.81,61.14
775.82,61.14
775.84,61.14
775.85,61.15
775.87,61.15
775.88,61.15
775.90,61.15
775.91,61.16
775.93,61.16
775.94,61.16
775.96,61.16
775.97,61.17
775.99,61.17
776.00,61.17
776.02,61.17
776.03,61.17
776.04,61.18
776.06,61.18
776.07,61.18
776.09,61.18
776.10,61.19
776.12,61.19
776.13,61.19
776.15,61.19
776.16,61.20
776.18,61.20
776.19,61.20
776.21,61.20
776.22,61.21
776.24,61.21
776.25,61.21
776.27,61.21
776.28,61.21
776.29,61.22
776.31,61.22
776.32,61.22
776.34,61.22
776.35,61.23
776.37,61.23
776.38,61.23
776.40,61.23
776.41,61.24
776.43,61.24
776.44,61.24
776.46,61.24
776.47,61.24
776.49,61.25
776.50,61.25
776.52,61.25
776.53,61.25
776.54,61.26
776.56,61.26
776.57,61.26
776.59,61.26
776.60,61.27
776.62,61.27
776.63,61.27
776.65,61.27
776.66,61.27
776.68,61.27
776.69,61.27
776.71,61.27
776.72,61.27
776.74,61.27
776.75,61.27
776.77,61.27
776.78,61.27
776.79,61.27
776.81,61.27
776.82,61.27
776.84,61.27
776.85,61.27
776.87,61.27
776.88,61.27
776.90,61.27
776.91,61.27
776.93,61.27
776.94,61.27
776.96,61.27
776.97,61.27
776.99,61.27
777.00,61.27
777.02,61.27
777.03,61.27
777.05,61.27
777.06,61.27
777.07,61.27
777.09,61.27
777.10,61.27
777.12,61.27
777.13,61.27
777.15,61.27
777.16,61.27
777.18,61.27
777.19,61.27
777.21,61.27
777.22,61.26
777.24,61.26
777.25,61.26
777.27,61.26
777.28,61.26
777.30,61.26
777.31,61.26
777.32,61.27
777.34,61.27
777.35,61.27
777.37,61.27
777.38,61.28
777.40,61.28
777.41,61.28
777.43,61.28
777.44,61.28
777.46,61.29
777.47,61.29
777.49,61.29
777.50,61.29
777.52,61.30
777.53,61.30
777.55,61.30
777.56,61.30
777.57,61.31
777.59,61.31
777.60,61.31
777.62,61.31
777.63,61.32
777.65,61.32
777.66,61.32
777.68,61.32
777.69,61.32
777.71,61.33
777.72,61.33
777.74,61.33
777.75,61.33
777.77,61.34
777.78,61.34
777.80,61.34
777.81,61.34
777.82,61.35
777.84,61.35
777.85,61.35
777.87,61.35
777.88,61.35
777.90,61.36
777.91,61.36
777.93,61.36
777.94,61.36
777.96,61.37
777.97,61.37
777.99,61.37
778.00,61.37
778.02,61.37
778.03,61.36
778.05,61.36
778.06,61.36
778.07,61.36
778.09,61.36
778.10,61.36
778.12,61.36
778.13,61.36
778.15,61.36
778.16,61.36
778.18,61.36
778.19,61.36
778.21,61.36
778.22,61.36
778.24,61.36
778.25,61.36
778.27,61.36
778.28,61.36
778.30,61.36
778.31,61.36
778.32,61.36
778.34,61.36
778.35,61.36
778.37,61.36
778.38,61.36
778.40,61.36
778.41,61.36
778.43,61.36
778.44,61.36
778.46,61.36
778.47,61.36
778.49,61.36
778.50,61.35
778.52,61.35
778.53,61.35
778.55,61.35
778.56,61.35
778.58,61.36
778.59,61.36
778.60,61.36
778.62,61.36
778.63,61.37
778.65,61.37
778.66,61.37
778.68,61.37
778.69,61.38
778.71,61.38
778.72,61.38
778.74,61.38
778.75,61.38
778.77,61.39
778.78,61.39
778.80,61.39
778.81,61.39
778.83,61.40
778.84,61.40
778.85,61.40
778.87,61.40
778.88,61.40
778.90,61.41
778.91,61.41
778.93,61.41
778.94,61.41
778.96,61.42
778.97,61.42
778.99,61.42
779.00,61.42
779.02,61.43
779.03,61.43
779.05,61.43
779.06,61.43
779.08,61.43
779.09,61.44
779.10,61.44
779.12,61.44
779.13,61.44
779.15,61.45
779.16,61.45
779.18,61.45
779.19,61.45
779.21,61.45
779.22,61.45
779.24,61.45
779.25,61.45
779.27,61.45
779.28,61.45
779.30,61.45
779.31,61.45
779.33,61.45
779.34,61.45
779.35,61.45
779.37,61.45
779.38,61.45
779.40,61.45
779.41,61.44
779.43,61.44
779.44,61.44
779.46,61.44
779.47,61.44
779.49,61.44
779.50,61.44
779.52,61.44
779.53,61.44
779.55,61.44
779.56,61.44
779.58,61.44
779.59,61.44
779.60,61.44
779.62,61.43
779.63,61.44
779.65,61.44
779.66,61.44
779.68,61.44
779.69,61.45
779.71,61.45
779.72,61.45
779.74,61.45
779.75,61.46
779.77,61.46
779.78,61.46
779.80,61.46
779.81,61.46
779.83,61.47
779.84,61.47
779.85,61.47
779.87,61.47
779.88,61.48
779.90,61.48
779.91,61.48
779.93,61.48
779.94,61.49
779.96,61.49
779.97,61.49
779.99,61.49
780.00,61.49
780.02,61.50
780.03,61.50
780.05,61.50
780.06,61.50
780.08,61.51
780.09,61.51
780.11,61.51
780.12,61.51
780.13,61.51
780.15,61.52
780.16,61.52
780.18,61.52
780.19,61.52
780.21,61.53
780.22,61.53
780.24,61.53
780.25,61.53
780.27,61.54
780.28,61.54
780.30,61.54
780.31,61.54
780.33,61.54
780.34,61.55
780.36,61.55
780.37,61.55
780.38,61.55
780.40,61.56
780.41,61.56
780.43,61.56
780.44,61.56
780.46,61.55
780.47,61.55
780.49,61.55
780.50,61.55
780.52,61.55
780.53,61.55
780.55,61.55
780.56,61.55
780.58,61.55
780.59,61.55
780.61,61.55
780.62,61.55
780.63,61.55
780.65,61.55
780.66,61.55
780.68,61.55
780.69,61.55
780.71,61.55
780.72,61.55
780.74,61.55
780.75,61.55
780.77,61.55
780.78,61.55
780.80,61.55
780.81,61.54
780.83,61.54
780.84,61.54
780.86,61.54
780.87,61.54
780.88,61.55
780.90,61.55
780.91,61.55
780.93,61.55
780.94,61.56
780.96,61.56
780.97,61.56
780.99,61.56
781.00,61.56
781.02,61.57
781.03,61.57
781.05,61.57
781.06,61.57
781.08,61.58
781.09,61.58
781.11,61.58
781.12,61.58
781.13,61.59
781.15,61.59
781.16,61.59
781.18,61.59
781.19,61.59
781.21,61.60
781.22,61.60
781.24,61.60
781.25,61.60
781.27,61.61
781.28,61.61
781.30,61.61
781.31,61.61
781.33,61.61
781.34,61.62
781.36,61.62
781.37,61.62
781.38,61.62
781.40,61.63
781.41,61.63
781.43,61.63
781.44,61.63
781.46,61.64
781.47,61.64
781.49,61.64
781.50,61.64
781.52,61.64
781.53,61.65
781.55,61.65
781.56,61.65
781.58,61.65
781.59,61.66
781.61,61.66
781.62,61.66
781.64,61.66
781.65,61.66
781.66,61.67
781.68,61.67
781.69,61.67
781.71,61.67
781.72,61.68
781.74,61.68
781.75,61.68
781.77,61.68
781.78,61.68
781.80,61.69
781.81,61.69
781.83,61.69
781.84,61.69
781.86,61.70
781.87,61.70
781.89,61.70
781.90,61.70
781.91,61.71
781.93,61.71
781.94,61.70
781.96,61.70
781.97,61.70
781.99,61.70
782.00,61.69
782.02,61.70
782.03,61.69
782.05,61.69
782.06,61.69
782.08,61.69
782.09,61.68
782.11,61.69
782.12,61.68
782.14,61.68
782.15,61.68
782.16,61.68
782.18,61.67
782.19,61.68
782.21,61.67
782.22,61.67
782.24,61.67
782.25,61.67
782.27,61.66
782.28,61.67
782.30,61.66
782.31,61.66
782.33,61.66
782.34,61.66
782.36,61.65
782.37,61.66
782.39,61.65
782.40,61.65
782.41,61.65
782.43,61.64
782.44,61.64
782.46,61.64
782.47,61.64
782.49,61.64
782.50,61.64
782.52,61.63
782.53,61.63
782.55,61.63
782.56,61.63
782.58,61.63
782.59,61.63
782.61,61.62
782.62,61.62
782.64,61.62
782.65,61.62
782.66,61.62
782.68,61.62
782.69,61.61
782.71,61.61
782.72,61.61
782.74,61.61
782.75,61.61
782.77,61.61
782.78,61.60
782.80,61.60
782.81,61.60
782.83,61.60
782.84,61.60
782.86,61.60
782.87,61.59
782.89,61.59
782.90,61.59
782.91,61.59
782.93,61.59
782.94,61.59
782.96,61.58
782.97,61.58
782.99,61.58
783.00,61.58
783.02,61.58
783.03,61.57
783.05,61.57
783.06,61.57
783.08,61.57
783.09,61.57
783.11,61.57
783.12,61.56
783.14,61.56
783.15,61.56
783.17,61.56
783.18,61.56
783.19,61.56
783.21,61.55
783.22,61.55
783.24,61.55
783.25,61.55
783.27,61.55
783.28,61.55
783.30,61.54
783.31,61.54
783.33,61.54
783.34,61.54
783.36,61.54
783.37,61.54
783.39,61.53
783.40,61.53
783.42,61.53
783.43,61.53
783.44,61.53
783.46,61.53
783.47,61.52
783.49,61.52
783.50,61.52
783.52,61.52
783.53,61.52
783.55,61.52
783.56,61.51
783.58,61.51
783.59,61.51
783.61,61.51
783.62,61.51
783.64,61.51
783.65,61.50
783.67,61.50
783.68,61.50
783.69,61.50
783.71,61.50
783.72,61.49
783.74,61.49
783.75,61.49
783.77,61.49
783.78,61.49
783.80,61.49
783.81,61.48
783.83,61.48
783.84,61.48
783.86,61.48
783.87,61.48
783.89,61.48
783.90,61.47
783.92,61.47
783.93,61.47
783.94,61.47
783.96,61.47
783.97,61.47
783.99,61.46
784.00,61.46
784.02,61.46
784.03,61.46
784.05,61.46
784.06,61.46
784.08,61.45
784.09,61.45
784.11,61.45
784.12,61.45
784.14,61.45
784.15,61.45
784.17,61.44
784.18,61.44
784.19,61.44
784.21,61.44
784.22,61.44
784.24,61.44
784.25,61.43
784.27,61.43
784.28,61.43
784.30,61.43
784.31,61.43
784.33,61.43
784.34,61.42
784.36,61.42
784.37,61.42
784.39,61.42
784.40,61.42
784.42,61.42
784.43,61.41
784.44,61.41
784.46,61.41
784.47,61.41
784.49,61.41
784.50,61.41
784.52,61.40
784.53,61.40
784.55,61.40
784.56,61.40
784.58,61.40
784.59,61.40
784.61,61.39
784.62,61.39
784.64,61.39
784.65,61.38
784.67,61.39
784.68,61.38
784.70,61.38
784.71,61.38
784.72,61.38
784.74,61.37
784.75,61.38
784.77,61.37
784.78,61.37
784.80,61.37
784.81,61.37
784.83,61.36
784.84,61.37
784.86,61.36
784.87,61.36
784.89,61.36
784.90,61.36
784.92,61.35
784.93,61.36
784.95,61.35
784.96,61.35
784.97,61.35
784.99,61.35
785.00,61.34
785.02,61.35
785.03,61.34
785.05,61.34
785.06,61.34
785.08,61.34
785.09,61.33
785.11,61.34
785.12,61.33
785.14,61.33
785.15,61.33
785.17,61.33
785.18,61.32
785.20,61.33
785.21,61.32
785.22,61.32
785.24,61.32
785.25,61.32
785.27,61.31
785.28,61.32
785.30,61.31
785.31,61.31
785.33,61.31
785.34,61.31
785.36,61.30
785.37,61.31
785.39,61.30
785.40,61.30
785.42,61.30
785.43,61.30
785.45,61.29
785.46,61.30
785.47,61.29
785.49,61.29
785.50,61.29
785.52,61.29
785.53,61.28
785.55,61.29
785.56,61.28
785.58,61.28
785.59,61.28
785.61,61.28
785.62,61.27
785.64,61.28
785.65,61.27
785.67,61.27
785.68,61.27
785.70,61.27
785.71,61.26
785.72,61.27
785.74,61.26
785.75,61.26
785.77,61.26
785.78,61.26
785.80,61.25
785.81,61.26
785.83,61.25
785.84,61.25
785.86,61.25
785.87,61.25
785.89,61.24
785.90,61.25
785.92,61.24
785.93,61.24
785.95,61.24
785.96,61.24
785.97,61.23
785.99,61.24
786.00,61.23
786.02,61.23
786.03,61.23
786.05,61.23
786.06,61.22
786.08,61.23
786.09,61.22
786.11,61.22
786.12,61.22
786.14,61.22
786.15,61.21
786.17,61.22
786.18,61.21
786.20,61.21
786.21,61.21
786.23,61.20
786.24,61.20
786.25,61.20
786.27,61.20
786.28,61.20
786.30,61.20
786.31,61.19
786.33,61.19
786.34,61.19
786.36,61.19
786.37,61.19
786.39,61.19
786.40,61.18
786.42,61.18
786.43,61.18
786.45,61.18
786.46,61.18
786.48,61.18
786.49,61.17
786.50,61.17
786.52,61.17
786.53,61.17
786.55,61.17
786.56,61.17
786.58,61.16
786.59,61.16
786.61,61.16
786.62,61.16
786.64,61.16
786.65,61.16
786.67,61.15
786.68,61.15
786.70,61.15
786.71,61.15
786.73,61.15
786.74,61.15
786.75,61.14
786.77,61.14
786.78,61.14
786.80,61.14
786.81,61.14
786.83,61.14
786.84,61.13
786.86,61.13
786.87,61.13
786.89,61.13
786.90,61.13
786.92,61.13
786.93,61.12
786.95,61.12
786.96,61.12
786.98,61.12
786.99,61.12
787.00,61.12
787.02,61.11
787.03,61.11
787.05,61.11
787.06,61.11
787.08,61.11
787.09,61.11
787.11,61.10
787.12,61.10
787.14,61.10
787.15,61.10
787.17,61.10
787.18,61.10
787.20,61.09
787.21,61.09
787.23,61.09
787.24,61.09
787.25,61.09
787.27,61.09
787.28,61.08
787.30,61.08
787.31,61.08
787.33,61.08
787.34,61.08
787.36,61.08
787.37,61.07
787.39,61.07
787.40,61.07
787.42,61.07
787.43,61.07
787.45,61.07
787.46,61.06
787.48,61.06
787.49,61.06
787.50,61.06
787.52,61.06
787.53,61.06
787.55,61.05
787.56,61.05
787.58,61.05
787.59,61.05
787.61,61.05
787.62,61.05
787.64,61.04
787.65,61.04
787.67,61.04
787.68,61.04
787.70,61.04
787.71,61.04
787.73,61.03
787.74,61.03
787.76,61.03
787.77,61.03
787.78,61.03
787.80,61.03
787.81,61.02
787.83,61.02
787.84,61.02
787.86,61.02
787.87,61.02
787.89,61.02
787.90,61.02
787.92,61.02
787.93,61.02
787.95,61.02
787.96,61.02
787.98,61.02
787.99,61.02
788.01,61.02
788.02,61.02
788.03,61.03
788.05,61.03
788.06,61.03
788.08,61.03
788.09,61.03
788.11,61.03
788.12,61.03
788.14,61.03
788.15,61.03
788.17,61.02
788.18,61.02
788.20,61.02
788.21,61.02
788.23,61.02
788.24,61.02
788.26,61.01
788.27,61.01
788.28,61.01
788.30,61.01
788.31,61.01
788.33,61.01
788.34,61.00
788.36,61.00
788.37,61.00
788.39,61.00
788.40,61.00
788.42,61.00
788.43,61.00
788.45,61.00
788.46,61.00
788.48,61.00
788.49,61.00
788.51,61.00
788.52,61.00
788.53,61.00
788.55,61.00
788.56,61.00
788.58,61.00
788.59,61.00
788.61,61.00
788.62,61.00
788.64,61.00
788.65,61.00
788.67,61.00
788.68,61.00
788.70,61.00
788.71,61.00
788.73,61.00
788.74,61.00
788.76,61.00
788.77,61.00
788.78,61.00
788.80,61.00
788.81,61.00
788.83,61.00
788.84,61.00
788.86,61.00
788.87,61.00
788.89,61.00
788.90,61.00
788.92,61.00
788.93,61.00
788.95,61.00
788.96,61.00
788.98,61.00
788.99,61.00
789.01,61.00
789.02,61.00
789.03,61.00
789.05,61.00
789.06,61.00
789.08,61.00
789.09,60.99
789.11,60.99
789.12,60.99
789.14,60.99
789.15,60.99
789.17,60.99
789.18,60.99
789.20,60.99
789.21,60.99
789.23,60.99
789.24,60.99
789.26,60.99
789.27,60.99
789.29,60.99
789.30,60.99
789.31,60.99
789.33,60.99
789.34,60.99
789.36,60.99
789.37,60.99
789.39,60.99
789.40,60.99
789.42,60.99
789.43,60.99
789.45,60.99
789.46,60.99
789.48,60.99
789.49,60.99
789.51,60.99
789.52,60.99
789.54,60.99
789.55,60.98
789.56,60.99
789.58,60.99
789.59,60.99
789.61,60.99
789.62,61.00
789.64,61.00
789.65,61.00
789.67,61.00
789.68,61.00
789.70,61.01
789.71,61.01
789.73,61.01
789.74,61.01
789.76,61.02
789.77,61.02
789.79,61.02
789.80,61.02
789.81,61.03
789.83,61.03
789.84,61.03
789.86,61.03
789.87,61.04
789.89,61.04
789.90,61.04
789.92,61.04
789.93,61.05
789.95,61.05
789.96,61.05
789.98,61.05
789.99,61.05
790.01,61.06
790.02,61.06
790.04,61.06
790.05,61.06
790.06,61.07
790.08,61.07
790.09,61.07
790.11,61.07
790.12,61.08
790.14,61.08
790.15,61.08
790.17,61.08
790.18,61.08
790.20,61.08
790.21,61.08
790.23,61.07
790.24,61.07
790.26,61.07
790.27,61.07
790.29,61.07
790.30,61.07
790.31,61.06
790.33,61.06
790.34,61.06
790.36,61.06
790.37,61.06
790.39,61.06
790.40,61.05
790.42,61.05
790.43,61.05
790.45,61.05
790.46,61.05
790.48,61.05
790.49,61.04
790.51,61.04
790.52,61.04
790.54,61.04
790.55,61.04
790.56,61.04
790.58,61.03
790.59,61.03
790.61,61.03
790.62,61.03
790.64,61.03
790.65,61.03
790.67,61.02
790.68,61.02
790.70,61.02
790.71,61.02
790.73,61.02
790.74,61.02
790.76,61.01
790.77,61.01
790.79,61.01
790.80,61.01
790.82,61.01
790.83,61.01
790.84,61.00
790.86,61.00
790.87,61.00
790.89,61.00
790.90,61.00
790.92,61.00
790.93,60.99
790.95,60.99
790.96,60.99
790.98,60.99
790.99,60.99
791.01,60.99
791.02,60.98
791.04,60.98
791.05,60.98
791.07,60.98
791.08,60.98
791.09,60.98
791.11,60.97
791.12,60.97
791.14,60.97
791.15,60.97
791.17,60.97
791.18,60.97
791.20,60.96
791.21,60.96
791.23,60.96
791.24,60.96
791.26,60.96
791.27,60.96
791.29,60.95
791.30,60.95
791.32,60.95
791.33,60.95
791.34,60.95
791.36,60.95
791.37,60.94
791.39,60.94
791.40,60.94
791.42,60.94
791.43,60.94
791.45,60.94
791.46,60.93
791.48,60.93
791.49,60.93
791.51,60.93
791.52,60.93
791.54,60.93
791.55,60.92
791.57,60.92
791.58,60.92
791.59,60.92
791.61,60.92
791.62,60.92
791.64,60.91
791.65,60.91
791.67,60.91
791.68,60.91
791.70,60.91
791.71,60.91
791.73,60.90
791.74,60.90
791.76,60.90
791.77,60.90
791.79,60.90
791.80,60.90
791.82,60.89
791.83,60.89
791.84,60.89
791.86,60.89
791.87,60.89
791.89,60.89
791.90,60.89
791.92,60.88
791.93,60.88
791.95,60.88
791.96,60.88
791.98,60.88
791.99,60.88
792.01,60.87
792.02,60.87
792.04,60.87
792.05,60.87
792.07,60.87
792.08,60.87
792.09,60.86
792.11,60.86
792.12,60.86
792.14,60.86
792.15,60.86
792.17,60.86
792.18,60.85
792.20,60.85
792.21,60.85
792.23,60.85
792.24,60.85
792.26,60.85
792.27,60.84
792.29,60.84
792.30,60.84
792.32,60.84
792.33,60.84
792.35,60.84
792.36,60.83
792.37,60.83
792.39,60.83
792.40,60.83
792.42,60.83
792.43,60.83
792.45,60.82
792.46,60.82
792.48,60.82
792.49,60.82
792.51,60.82
792.52,60.82
792.54,60.81
792.55,60.81
792.57,60.81
792.58,60.81
792.60,60.81
792.61,60.81
792.62,60.80
792.64,60.80
792.65,60.80
792.67,60.80
792.68,60.80
792.70,60.80
792.71,60.79
792.73,60.79
792.74,60.79
792.76,60.79
792.77,60.79
792.79,60.79
792.80,60.78
792.82,60.78
792.83,60.78
792.85,60.78
792.86,60.78
792.87,60.78
792.89,60.77
792.90,60.77
792.92,60.77
792.93,60.77
792.95,60.77
792.96,60.77
792.98,60.77
792.99,60.76
793.01,60.76
793.02,60.76
793.04,60.76
793.05,60.76
793.07,60.76
793.08,60.75
793.10,60.75
793.11,60.75
793.12,60.75
793.14,60.75
793.15,60.75
793.17,60.74
793.18,60.74
793.20,60.74
793.21,60.74
793.23,60.74
793.24,60.74
793.26,60.73
793.27,60.73
793.29,60.73
793.30,60.73
793.32,60.73
793.33,60.73
793.35,60.72
793.36,60.72
793.37,60.72
793.39,60.72
793.40,60.72
793.42,60.72
793.43,60.71
793.45,60.71
793.46,60.71
793.48,60.71
793.49,60.71
793.51,60.71
793.52,60.70
793.54,60.70
793.55,60.70
793.57,60.70
793.58,60.70
793.60,60.70
793.61,60.69
793.62,60.69
793.64,60.69
793.65,60.69
793.67,60.69
793.68,60.69
793.70,60.69
793.71,60.68
793.73,60.69
793.74,60.68
793.76,60.68
793.77,60.68
793.79,60.68
793.80,60.67
793.82,60.68
793.83,60.67
793.85,60.67
793.86,60.67
793.88,60.67
793.89,60.66
793.90,60.67
793.92,60.66
793.93,60.66
793.95,60.66
793.96,60.66
793.98,60.65
793.99,60.66
794.01,60.65
794.02,60.65
794.04,60.65
794.05,60.65
794.07,60.64
794.08,60.65
794.10,60.64
794.11,60.64
794.13,60.64
794.14,60.64
794.15,60.63
794.17,60.64
794.18,60.63
794.20,60.63
794.21,60.63
794.23,60.63
794.24,60.62
794.26,60.63
794.27,60.62
794.29,60.62
794.30,60.62
794.32,60.62
794.33,60.61
794.35,60.62
794.36,60.62
794.38,60.61
794.39,60.61
794.40,60.61
794.42,60.61
794.43,60.61
794.45,60.61
794.46,60.60
794.48,60.60
794.49,60.60
794.51,60.60
794.52,60.60
794.54,60.60
794.55,60.59
794.57,60.59
794.58,60.59
794.60,60.59
794.61,60.59
794.63,60.59
794.64,60.58
794.65,60.58
794.67,60.58
794.68,60.58
794.70,60.58
794.71,60.58
794.73,60.57
794.74,60.57
794.76,60.57
794.77,60.57
794.79,60.57
794.80,60.57
794.82,60.56
794.83,60.56
794.85,60.56
794.86,60.56
794.88,60.56
794.89,60.56
794.90,60.56
794.92,60.55
794.93,60.55
794.95,60.55
794.96,60.55
794.98,60.55
794.99,60.55
795.01,60.54
795.02,60.54
795.04,60.54
795.05,60.54
795.07,60.54
795.08,60.54
795.10,60.53
795.11,60.53
795.13,60.53
795.14,60.53
795.15,60.53
795.17,60.53
795.18,60.52
795.20,60.52
795.21,60.52
795.23,60.52
795.24,60.52
795.26,60.52
795.27,60.51
795.29,60.51
795.30,60.51
795.32,60.51
795.33,60.51
795.35,60.51
795.36,60.50
795.38,60.50
795.39,60.50
795.40,60.50
795.42,60.50
795.43,60.50
795.45,60.50
795.46,60.50
795.48,60.50
795.49,60.50
795.51,60.50
795.52,60.50
795.54,60.50
795.55,60.50
795.57,60.50
795.58,60.50
795.60,60.50
795.61,60.50
795.63,60.50
795.64,60.50
795.66,60.50
795.67,60.50
795.68,60.50
795.70,60.50
795.71,60.50
795.73,60.50
795.74,60.50
795.76,60.50
795.77,60.50
795.79,60.50
795.80,60.50
795.82,60.50
795.83,60.50
795.85,60.50
795.86,60.50
795.88,60.50
795.89,60.50
795.91,60.50
795.92,60.50
795.93,60.50
795.95,60.50
795.96,60.50
795.98,60.50
795.99,60.50
796.01,60.50
796.02,60.50
796.04,60.50
796.05,60.50
796.07,60.50
796.08,60.50
796.10,60.50
796.11,60.50
796.13,60.50
796.14,60.50
796.16,60.50
796.17,60.50
796.18,60.50
796.20,60.50
796.21,60.50
796.23,60.50
796.24,60.49
796.26,60.49
796.27,60.49
796.29,60.49
796.30,60.50
796.32,60.50
796.33,60.50
796.35,60.50
796.36,60.51
796.38,60.51
796.39,60.51
796.41,60.51
796.42,60.52
796.43,60.52
796.45,60.52
796.46,60.52
796.48,60.53
796.49,60.53
796.51,60.53
796.52,60.53
796.54,60.54
796.55,60.54
796.57,60.54
796.58,60.54
796.60,60.55
796.61,60.55
796.63,60.55
796.64,60.55
796.66,60.56
796.67,60.56
796.68,60.56
796.70,60.56
796.71,60.56
796.73,60.56
796.74,60.56
796.76,60.55
796.77,60.56
796.79,60.55
796.80,60.55
796.82,60.55
796.83,60.55
796.85,60.54
796.86,60.55
796.88,60.54
796.89,60.54
796.91,60.54
796.92,60.54
796.93,60.53
796.95,60.54
796.96,60.53
796.98,60.53
796.99,60.53
797.01,60.53
797.02,60.52
797.04,60.53
797.05,60.52
797.07,60.52
797.08,60.52
797.10,60.52
797.11,60.51
797.13,60.52
797.14,60.51
797.16,60.51
797.17,60.51
797.19,60.51
797.20,60.51
797.21,60.51
797.23,60.51
797.24,60.50
797.26,60.50
797.27,60.50
797.29,60.50
797.30,60.50
797.32,60.50
797.33,60.49
797.35,60.49
797.36,60.49
797.38,60.49
797.39,60.49
797.41,60.49
797.42,60.48
797.44,60.48
797.45,60.48
797.46,60.48
797.48,60.48
797.49,60.48
797.51,60.47
797.52,60.47
797.54,60.47
797.55,60.47
797.57,60.47
797.58,60.47
797.60,60.46
797.61,60.46
797.63,60.46
797.64,60.46
797.66,60.46
797.67,60.46
797.69,60.46
797.70,60.45
797.71,60.45
797.73,60.45
797.74,60.45
797.76,60.45
797.77,60.45
797.79,60.44
797.80,60.44
797.82,60.44
797.83,60.44
797.85,60.44
797.86,60.44
797.88,60.44
797.89,60.44
797.91,60.44
797.92,60.44
797.94,60.44
797.95,60.44
797.96,60.44
797.98,60.44
797.99,60.44
798.01,60.44
798.02,60.44
798.04,60.44
798.05,60.44
798.07,60.44
798.08,60.44
798.10,60.44
798.11,60.44
798.13,60.44
798.14,60.44
798.16,60.44
798.17,60.44
798.19,60.44
798.20,60.44
798.21,60.44
798.23,60.44
798.24,60.44
798.26,60.44
798.27,60.44
798.29,60.44
798.30,60.44
798.32,60.44
798.33,60.44
798.35,60.44
798.36,60.44
798.38,60.44
798.39,60.44
798.41,60.44
798.42,60.44
798.44,60.44
798.45,60.44
798.46,60.44
798.48,60.44
798.49,60.44
798.51,60.44
798.52,60.44
798.54,60.44
798.55,60.44
798.57,60.44
798.58,60.44
798.60,60.44
798.61,60.44
798.63,60.44
798.64,60.44
798.66,60.44
798.67,60.44
798.69,60.44
798.70,60.44
798.72,60.43
798.73,60.43
798.74,60.43
798.76,60.43
798.77,60.43
798.79,60.44
798.80,60.44
798.82,60.44
798.83,60.44
798.85,60.45
798.86,60.45
798.88,60.45
798.89,60.45
798.91,60.46
798.92,60.46
798.94,60.46
798.95,60.46
798.97,60.47
798.98,60.47
798.99,60.47
799.01,60.47
799.02,60.48
799.04,60.48
799.05,60.48
799.07,60.48
799.08,60.49
799.10,60.49
799.11,60.49
799.13,60.49
799.14,60.50
799.16,60.50
799.17,60.50
799.19,60.50
799.20,60.51
799.22,60.50
799.23,60.50
799.24,60.50
799.26,60.50
799.27,60.49
799.29,60.50
799.30,60.49
799.32,60.49
799.33,60.49
799.35,60.49
799.36,60.49
799.38,60.49
799.39,60.49
799.41,60.49
799.42,60.49
799.44,60.49
799.45,60.48
799.47,60.49
799.48,60.49
799.49,60.49
799.51,60.49
799.52,60.49
799.54,60.49
799.55,60.49
799.57,60.49
799.58,60.49
799.60,60.48
799.61,60.48
799.63,60.48
799.64,60.48
799.66,60.48
799.67,60.48
799.69,60.48
799.70,60.47
799.72,60.47
799.73,60.47
799.74,60.47
799.76,60.47
799.77,60.47
799.79,60.46
799.80,60.46
799.82,60.46
799.83,60.46
799.85,60.46
799.86,60.46
799.88,60.45
799.89,60.45
799.91,60.45
799.92,60.45
799.94,60.45
799.95,60.45
799.97,60.44
799.98,60.44
799.99,60.44
800.01,60.44
800.02,60.44
800.04,60.44
800.05,60.43
800.07,60.43
800.08,60.43
800.10,60.43
800.11,60.43
800.13,60.43
800.14,60.43
800.16,60.42
800.17,60.43
800.19,60.42
800.20,60.42
800.22,60.42
800.23,60.42
800.25,60.41
800.26,60.42
800.27,60.41
800.29,60.41
800.30,60.41
800.32,60.41
800.33,60.40
800.35,60.41
800.36,60.40
800.38,60.40
800.39,60.40
800.41,60.40
800.42,60.39
800.44,60.40
800.45,60.39
800.47,60.39
800.48,60.39
800.50,60.39
800.51,60.38
800.52,60.39
800.54,60.39
800.55,60.38
800.57,60.38
800.58,60.38
800.60,60.38
800.61,60.38
800.63,60.38
800.64,60.37
800.66,60.37
800.67,60.37
800.69,60.37
800.70,60.37
800.72,60.37
800.73,60.36
800.75,60.36
800.76,60.36
800.77,60.36
800.79,60.36
800.80,60.36
800.82,60.35
800.83,60.35
800.85,60.35
800.86,60.35
800.88,60.35
800.89,60.35
800.91,60.34
800.92,60.34
800.94,60.34
800.95,60.34
800.97,60.34
800.98,60.34
801.00,60.34
801.01,60.33
801.02,60.33
801.04,60.33
801.05,60.33
801.07,60.33
801.08,60.33
801.10,60.32
801.11,60.32
801.13,60.32
801.14,60.32
801.16,60.32
801.17,60.32
801.19,60.31
801.20,60.31
801.22,60.31
801.23,60.31
801.25,60.31
801.26,60.31
801.27,60.30
801.29,60.30
801.30,60.30
801.32,60.30
801.33,60.30
801.35,60.30
801.36,60.30
801.38,60.29
801.39,60.29
801.41,60.29
801.42,60.29
801.44,60.29
801.45,60.29
801.47,60.28
801.48,60.28
801.50,60.28
801.51,60.28
801.52,60.28
801.54,60.28
801.55,60.27
801.57,60.27
801.58,60.27
801.60,60.27
801.61,60.27
801.63,60.27
801.64,60.26
801.66,60.26
801.67,60.27
801.69,60.26
801.70,60.26
801.72,60.26
801.73,60.26
801.75,60.25
801.76,60.26
801.78,60.25
801.79,60.25
801.80,60.25
801.82,60.25
801.83,60.25
801.85,60.25
801.86,60.25
801.88,60.25
801.89,60.25
801.91,60.25
801.92,60.25
801.94,60.25
801.95,60.25
801.97,60.25
801.98,60.25
802.00,60.25
802.01,60.25
802.03,60.25
802.04,60.25
802.05,60.25
802.07,60.25
802.08,60.25
802.10,60.25
802.11,60.25
802.13,60.25
802.14,60.25
802.16,60.25
802.17,60.25
802.19,60.25
802.20,60.25
802.22,60.25
802.23,60.25
802.25,60.25
802.26,60.25
802.28,60.25
802.29,60.25
802.30,60.25
802.32,60.25
802.33,60.25
802.35,60.25
802.36,60.25
802.38,60.25
802.39,60.25
802.41,60.25
802.42,60.25
802.44,60.25
802.45,60.25
802.47,60.25
802.48,60.25
802.50,60.25
802.51,60.25
802.53,60.25
802.54,60.25
802.55,60.25
802.57,60.25
802.58,60.25
802.60,60.25
802.61,60.25
802.63,60.25
802.64,60.24
802.66,60.25
802.67,60.25
802.69,60.25
802.70,60.25
802.72,60.26
802.73,60.26
802.75,60.26
802.76,60.26
802.78,60.27
802.79,60.27
802.80,60.27
802.82,60.27
802.83,60.28
802.85,60.28
802.86,60.28
802.88,60.28
802.89,60.29
802.91,60.29
802.92,60.29
802.94,60.29
802.95,60.30
802.97,60.30
802.98,60.30
803.00,60.30
803.01,60.31
803.03,60.31
803.04,60.31
803.05,60.31
803.07,60.32
803.08,60.31
803.10,60.31
803.11,60.31
803.13,60.31
803.14,60.31
803.16,60.31
803.17,60.30
803.19,60.30
803.20,60.30
803.22,60.30
803.23,60.30
803.25,60.30
803.26,60.30
803.28,60.29
803.29,60.30
803.31,60.29
803.32,60.29
803.33,60.29
803.35,60.29
803.36,60.28
803.38,60.29
803.39,60.28
803.41,60.28
803.42,60.28
803.44,60.28
803.45,60.27
803.47,60.28
803.48,60.27
803.50,60.27
803.51,60.27
803.53,60.27
803.54,60.26
803.56,60.27
803.57,60.27
803.58,60.26
803.60,60.26
803.61,60.26
803.63,60.26
803.64,60.26
803.66,60.26
803.67,60.25
803.69,60.25
803.70,60.25
803.72,60.25
803.73,60.25
803.75,60.25
803.76,60.24
803.78,60.24
803.79,60.24
803.81,60.24
803.82,60.24
803.83,60.24
803.85,60.23
803.86,60.23
803.88,60.23
803.89,60.23
803.91,60.23
803.92,60.23
803.94,60.23
803.95,60.22
803.97,60.22
803.98,60.22
804.00,60.22
804.01,60.22
804.03,60.22
804.04,60.21
804.06,60.21
804.07,60.21
804.08,60.21
804.10,60.21
804.11,60.21
804.13,60.20
804.14,60.20
804.16,60.20
804.17,60.20
804.19,60.20
804.20,60.20
804.22,60.19
804.23,60.19
804.25,60.19
804.26,60.19
804.28,60.19
804.29,60.19
804.31,60.19
804.32,60.18
804.33,60.18
804.35,60.18
804.36,60.18
804.38,60.18
804.39,60.18
804.41,60.17
804.42,60.17
804.44,60.17
804.45,60.17
804.47,60.17
804.48,60.17
804.50,60.16
804.51,60.16
804.53,60.16
804.54,60.16
804.56,60.16
804.57,60.16
804.58,60.16
804.60,60.15
804.61,60.16
804.63,60.15
804.64,60.15
804.66,60.15
804.67,60.15
804.69,60.14
804.70,60.15
804.72,60.14
804.73,60.14
804.75,60.14
804.76,60.14
804.78,60.13
804.79,60.14
804.81,60.13
804.82,60.13
804.84,60.13
804.85,60.13
804.86,60.12
804.88,60.13
804.89,60.13
804.91,60.12
804.92,60.12
804.94,60.12
804.95,60.12
804.97,60.12
804.98,60.12
805.00,60.11
805.01,60.11
805.03,60.11
805.04,60.11
805.06,60.11
805.07,60.11
805.09,60.10
805.10,60.10
805.11,60.10
805.13,60.10
805.14,60.10
805.16,60.10
805.17,60.10
805.19,60.09
805.20,60.09
805.22,60.09
805.23,60.09
805.25,60.09
805.26,60.09
805.28,60.08
805.29,60.08
805.31,60.08
805.32,60.08
805.34,60.08
805.35,60.08
805.36,60.07
805.38,60.07
805.39,60.07
805.41,60.07
805.42,60.07
805.44,60.07
805.45,60.07
805.47,60.06
805.48,60.06
805.50,60.06
805.51,60.06
805.53,60.06
805.54,60.06
805.56,60.05
805.57,60.05
805.59,60.05
805.60,60.05
805.61,60.05
805.63,60.05
805.64,60.04
805.66,60.04
805.67,60.04
805.69,60.04
805.70,60.04
805.72,60.04
805.73,60.04
805.75,60.03
805.76,60.04
805.78,60.03
805.79,60.03
805.81,60.03
805.82,60.03
805.84,60.02
805.85,60.03
805.86,60.02
805.88,60.02
805.89,60.02
805.91,60.02
805.92,60.02
805.94,60.02
805.95,60.02
805.97,60.02
805.98,60.02
806.00,60.02
806.01,60.02
806.03,60.02
806.04,60.02
806.06,60.02
806.07,60.02
806.09,60.02
806.10,60.02
806.11,60.02
806.13,60.02
806.14,60.02
806.16,60.02
806.17,60.02
806.19,60.02
806.20,60.02
806.22,60.02
806.23,60.02
806.25,60.02
806.26,60.02
806.28,60.02
806.29,60.02
806.31,60.02
806.32,60.02
806.34,60.02
806.35,60.02
806.37,60.02
806.38,60.02
806.39,60.02
806.41,60.02
806.42,60.02
806.44,60.02
806.45,60.02
806.47,60.02
806.48,60.02
806.50,60.02
806.51,60.02
806.53,60.02
806.54,60.02
806.56,60.02
806.57,60.02
806.59,60.02
806.60,60.02
806.62,60.02
806.63,60.02
806.64,60.02
806.66,60.02
806.67,60.02
806.69,60.02
806.70,60.02
806.72,60.02
806.73,60.02
806.75,60.02
806.76,60.02
806.78,60.02
806.79,60.02
806.81,60.02
806.82,60.02
806.84,60.02
806.85,60.02
806.87,60.02
806.88,60.02
806.89,60.02
806.91,60.02
806.92,60.02
806.94,60.01
806.95,60.01
806.97,60.01
806.98,60.01
807.00,60.01
807.01,60.02
807.03,60.02
807.04,60.02
807.06,60.02
807.07,60.03
807.09,60.03
807.10,60.03
807.12,60.03
807.13,60.04
807.14,60.04
807.16,60.04
807.17,60.05
807.19,60.05
807.20,60.05
807.22,60.05
807.23,60.06
807.25,60.06
807.26,60.06
807.28,60.06
807.29,60.07
807.31,60.07
807.32,60.07
807.34,60.07
807.35,60.08
807.37,60.08
807.38,60.08
807.39,60.08
807.41,60.09
807.42,60.09
807.44,60.09
807.45,60.09
807.47,60.10
807.48,60.10
807.50,60.10
807.51,60.10
807.53,60.10
807.54,60.10
807.56,60.10
807.57,60.09
807.59,60.10
807.60,60.10
807.62,60.09
807.63,60.09
807.64,60.09
807.66,60.09
807.67,60.09
807.69,60.09
807.70,60.08
807.72,60.08
807.73,60.08
807.75,60.08
807.76,60.08
807.78,60.08
807.79,60.07
807.81,60.07
807.82,60.07
807.84,60.07
807.85,60.07
807.87,60.07
807.88,60.06
807.90,60.06
807.91,60.06
807.92,60.06
807.94,60.06
807.95,60.06
807.97,60.06
807.98,60.05
808.00,60.05
808.01,60.05
808.03,60.05
808.04,60.05
808.06,60.05
808.07,60.05
808.09,60.05
808.10,60.05
808.12,60.05
808.13,60.06
808.15,60.06
808.16,60.06
808.17,60.06
808.19,60.06
808.20,60.06
808.22,60.06
808.23,60.05
808.25,60.05
808.26,60.05
808.28,60.05
808.29,60.05
808.31,60.05
808.32,60.05
808.34,60.04
808.35,60.04
808.37,60.04
808.38,60.04
808.40,60.04
808.41,60.04
808.42,60.03
808.44,60.03
808.45,60.03
808.47,60.03
808.48,60.03
808.50,60.03
808.51,60.02
808.53,60.02
808.54,60.02
808.56,60.02
808.57,60.02
808.59,60.02
808.60,60.02
808.62,60.01
808.63,60.01
808.65,60.01
808.66,60.01
808.67,60.01
808.69,60.01
808.70,60.00
808.72,60.00
808.73,60.00
808.75,60.00
808.76,60.00
808.78,60.00
808.79,59.99
808.81,59.99
808.82,59.99
808.84,59.99
808.85,59.99
808.87,59.99
808.88,59.99
808.90,59.98
808.91,59.99
808.92,59.98
808.94,59.98
808.95,59.98
808.97,59.98
808.98,59.97
809.00,59.98
809.01,59.97
809.03,59.97
809.04,59.97
809.06,59.97
809.07,59.96
809.09,59.97
809.10,59.97
809.12,59.96
809.13,59.96
809.15,59.96
809.16,59.96
809.17,59.96
809.19,59.96
809.20,59.95
809.22,59.95
809.23,59.95
809.25,59.95
809.26,59.95
809.28,59.95
809.29,59.94
809.31,59.94
809.32,59.94
809.34,59.94
809.35,59.94
809.37,59.94
809.38,59.94
809.40,59.93
809.41,59.93
809.43,59.93
809.44,59.93
809.45,59.93
809.47,59.93
809.48,59.92
809.50,59.92
809.51,59.92
809.53,59.92
809.54,59.92
809.56,59.92
809.57,59.91
809.59,59.91
809.60,59.91
809.62,59.91
809.63,59.91
809.65,59.91
809.66,59.91
809.68,59.90
809.69,59.90
809.70,59.90
809.72,59.90
809.73,59.90
809.75,59.90
809.76,59.89
809.78,59.89
809.79,59.89
809.81,59.89
809.82,59.89
809.84,59.89
809.85,59.88
809.87,59.88
809.88,59.89
809.90,59.88
809.91,59.88
809.93,59.88
809.94,59.88
809.95,59.87
809.97,59.88
809.98,59.87
810.00,59.87
810.01,59.87
810.03,59.87
810.04,59.86
810.06,59.87
810.07,59.86
810.09,59.86
810.10,59.86
810.12,59.86
810.13,59.86
810.15,59.86
810.16,59.86
810.18,59.85
810.19,59.85
810.20,59.85
810.22,59.85
810.23,59.85
810.25,59.85
810.26,59.84
810.28,59.84
810.29,59.84
810.31,59.84
810.32,59.84
810.34,59.84
810.35,59.84
810.37,59.83
810.38,59.83
810.40,59.83
810.41,59.83
810.43,59.83
810.44,59.83
810.45,59.82
810.47,59.82
810.48,59.82
810.50,59.82
810.51,59.82
810.53,59.82
810.54,59.81
810.56,59.81
810.57,59.81
810.59,59.81
810.60,59.81
810.62,59.81
810.63,59.81
810.65,59.80
810.66,59.80
810.68,59.80
810.69,59.80
810.70,59.80
810.72,59.80
810.73,59.79
810.75,59.79
810.76,59.79
810.78,59.79
810.79,59.79
810.81,59.79
810.82,59.79
810.84,59.78
810.85,59.79
810.87,59.78
810.88,59.78
810.90,59.78
810.91,59.78
810.93,59.77
810.94,59.78
810.96,59.77
810.97,59.77
810.98,59.77
811.00,59.77
811.01,59.77
811.03,59.77
811.04,59.77
811.06,59.76
811.07,59.76
811.09,59.76
811.10,59.76
811.12,59.76
811.13,59.76
811.15,59.75
811.16,59.75
811.18,59.75
811.19,59.75
811.21,59.75
811.22,59.75
811.23,59.75
811.25,59.75
811.26,59.75
811.28,59.75
811.29,59.75
811.31,59.75
811.32,59.75
811.34,59.75
811.35,59.75
811.37,59.75
811.38,59.75
811.40,59.75
811.41,59.75
811.43,59.75
811.44,59.75
811.46,59.75
811.47,59.75
811.48,59.75
811.50,59.75
811.51,59.75
811.53,59.75
811.54,59.75
811.56,59.75
811.57,59.75
811.59,59.75
811.60,59.75
811.62,59.75
811.63,59.75
811.65,59.75
811.66,59.75
811.68,59.75
811.69,59.75
811.71,59.75
811.72,59.75
811.73,59.75
811.75,59.75
811.76,59.75
811.78,59.75
811.79,59.75
811.81,59.75
811.82,59.75
811.84,59.75
811.85,59.75
811.87,59.75
811.88,59.75
811.90,59.75
811.91,59.75
811.93,59.75
811.94,59.75
811.96,59.75
811.97,59.75
811.98,59.75
812.00,59.75
812.01,59.75
812.03,59.75
812.04,59.76
812.06,59.76
812.07,59.76
812.09,59.76
812.10,59.76
812.12,59.76
812.13,59.76
812.15,59.76
812.16,59.76
812.18,59.76
812.19,59.76
812.21,59.76
812.22,59.76
812.23,59.76
812.25,59.76
812.26,59.76
812.28,59.76
812.29,59.75
812.31,59.75
812.32,59.75
812.34,59.75
812.35,59.75
812.37,59.76
812.38,59.76
812.40,59.76
812.41,59.76
812.43,59.77
812.44,59.77
812.46,59.77
812.47,59.77
812.49,59.78
812.50,59.78
812.51,59.78
812.53,59.78
812.54,59.79
812.56,59.79
812.57,59.79
812.59,59.80
812.60,59.80
812.62,59.80
812.63,59.80
812.65,59.81
812.66,59.81
812.68,59.81
812.69,59.81
812.71,59.82
812.72,59.82
812.74,59.82
812.75,59.82
812.76,59.83
812.78,59.83
812.79,59.83
812.81,59.83
812.82,59.84
812.84,59.84
812.85,59.84
812.87,59.85
812.88,59.85
812.90,59.85
812.91,59.85
812.93,59.85
812.94,59.85
812.96,59.85
812.97,59.85
812.99,59.85
813.00,59.84
813.01,59.84
813.03,59.84
813.04,59.84
813.06,59.84
813.07,59.84
813.09,59.84
813.10,59.83
813.12,59.83
813.13,59.83
813.15,59.83
813.16,59.83
813.18,59.83
813.19,59.82
813.21,59.82
813.22,59.82
813.24,59.82
813.25,59.82
813.26,59.82
813.28,59.81
813.29,59.81
813.31,59.81
813.32,59.81
813.34,59.81
813.35,59.81
813.37,59.81
813.38,59.80
813.40,59.80
813.41,59.80
813.43,59.80
813.44,59.80
813.46,59.80
813.47,59.79
813.49,59.79
813.50,59.79
813.51,59.79
813.53,59.79
813.54,59.79
813.56,59.79
813.57,59.78
813.59,59.79
813.60,59.78
813.62,59.78
813.63,59.78
813.65,59.78
813.66,59.77
813.68,59.78
813.69,59.77
813.71,59.77
813.72,59.77
813.74,59.77
813.75,59.76
813.76,59.77
813.78,59.77
813.79,59.76
813.81,59.76
813.82,59.76
813.84,59.76
813.85,59.76
813.87,59.76
813.88,59.75
813.90,59.75
813.91,59.75
813.93,59.75
813.94,59.75
813.96,59.75
813.97,59.75
813.99,59.74
814.00,59.74
814.02,59.74
814.03,59.74
814.04,59.74
814.06,59.74
814.07,59.73
814.09,59.73
814.10,59.73
814.12,59.73
814.13,59.73
814.15,59.73
814.16,59.72
814.18,59.72
814.19,59.72
814.21,59.72
814.22,59.72
814.24,59.72
814.25,59.72
814.27,59.71
814.28,59.71
814.29,59.71
814.31,59.71
814.32,59.71
814.34,59.71
814.35,59.70
814.37,59.70
814.38,59.70
814.40,59.70
814.41,59.70
814.43,59.70
814.44,59.70
814.46,59.69
814.47,59.70
814.49,59.69
814.50,59.69
814.52,59.69
814.53,59.69
814.54,59.68
814.56,59.69
814.57,59.68
814.59,59.68
814.60,59.68
814.62,59.68
814.63,59.68
814.65,59.68
814.66,59.68
814.68,59.67
814.69,59.67
814.71,59.67
814.72,59.67
814.74,59.67
814.75,59.67
814.77,59.66
814.78,59.66
814.79,59.66
814.81,59.66
814.82,59.66
814.84,59.66
814.85,59.66
814.87,59.65
814.88,59.65
814.90,59.65
814.91,59.65
814.93,59.65
814.94,59.65
814.96,59.64
814.97,59.64
814.99,59.64
815.00,59.64
815.02,59.64
815.03,59.64
815.04,59.64
815.06,59.63
815.07,59.63
815.09,59.63
815.10,59.63
815.12,59.63
815.13,59.63
815.15,59.62
815.16,59.62
815.18,59.62
815.19,59.62
815.21,59.62
815.22,59.62
815.24,59.62
815.25,59.61
815.27,59.62
815.28,59.61
815.29,59.61
815.31,59.61
815.32,59.61
815.34,59.60
815.35,59.61
815.37,59.60
815.38,59.60
815.40,59.60
815.41,59.60
815.43,59.60
815.44,59.60
815.46,59.60
815.47,59.59
815.49,59.59
815.50,59.59
815.52,59.59
815.53,59.59
815.54,59.59
815.56,59.58
815.57,59.58
815.59,59.58
815.60,59.58
815.62,59.58
815.63,59.58
815.65,59.58
815.66,59.57
815.68,59.57
815.69,59.57
815.71,59.57
815.72,59.57
815.74,59.57
815.75,59.56
815.77,59.56
815.78,59.56
815.80,59.56
815.81,59.56
815.82,59.56
815.84,59.56
815.85,59.55
815.87,59.55
815.88,59.55
815.90,59.55
815.91,59.55
815.93,59.55
815.94,59.54
815.96,59.54
815.97,59.54
815.99,59.54
816.00,59.54
816.02,59.54
816.03,59.54
816.05,59.53
816.06,59.54
816.07,59.53
816.09,59.53
816.10,59.53
816.12,59.53
816.13,59.52
816.15,59.53
816.16,59.52
816.18,59.52
816.19,59.52
816.21,59.52
816.22,59.52
816.24,59.52
816.25,59.52
816.27,59.51
816.28,59.51
816.30,59.51
816.31,59.51
816.32,59.51
816.34,59.51
816.35,59.51
816.37,59.50
816.38,59.50
816.40,59.50
816.41,59.50
816.43,59.50
816.44,59.50
816.46,59.49
816.47,59.49
816.49,59.49
816.50,59.49
816.52,59.49
816.53,59.49
816.55,59.49
816.56,59.48
816.57,59.48
816.59,59.48
816.60,59.48
816.62,59.48
816.63,59.48
816.65,59.47
816.66,59.47
816.68,59.47
816.69,59.47
816.71,59.47
816.72,59.47
816.74,59.47
816.75,59.46
816.77,59.47
816.78,59.46
816.80,59.46
816.81,59.46
816.82,59.46
816.84,59.45
816.85,59.46
816.87,59.45
816.88,59.45
816.90,59.45
816.91,59.45
816.93,59.45
816.94,59.45
816.96,59.45
816.97,59.44
816.99,59.44
817.00,59.44
817.02,59.44
817.03,59.44
817.05,59.44
817.06,59.43
817.07,59.43
817.09,59.43
817.10,59.43
817.12,59.43
817.13,59.43
817.15,59.43
817.16,59.42
817.18,59.42
817.19,59.42
817.21,59.42
817.22,59.42
817.24,59.42
817.25,59.42
817.27,59.41
817.28,59.41
817.30,59.41
817.31,59.41
817.33,59.41
817.34,59.41
817.35,59.40
817.37,59.40
817.38,59.40
817.40,59.40
817.41,59.40
817.43,59.40
817.44,59.40
817.46,59.40
817.47,59.40
817.49,59.40
817.50,59.40
817.52,59.40
817.53,59.40
817.55,59.40
817.56,59.40
817.58,59.40
817.59,59.40
817.60,59.40
817.62,59.40
817.63,59.40
817.65,59.40
817.66,59.40
817.68,59.40
817.69,59.40
817.71,59.40
817.72,59.40
817.74,59.40
817.75,59.40
817.77,59.40
817.78,59.40
817.80,59.40
817.81,59.40
817.83,59.40
817.84,59.40
817.85,59.40
817.87,59.40
817.88,59.40
817.90,59.40
817.91,59.40
817.93,59.40
817.94,59.40
817.96,59.40
817.97,59.40
817.99,59.40
818.00,59.40
818.02,59.40
818.03,59.40
818.05,59.40
818.06,59.40
818.08,59.40
818.09,59.40
818.10,59.40
818.12,59.40
818.13,59.40
818.15,59.40
818.16,59.40
818.18,59.40
818.19,59.40
818.21,59.40
818.22,59.40
818.24,59.40
818.25,59.40
818.27,59.40
818.28,59.40
818.30,59.40
818.31,59.40
818.33,59.40
818.34,59.40
818.35,59.40
818.37,59.40
818.38,59.40
818.40,59.40
818.41,59.40
818.43,59.40
818.44,59.40
818.46,59.40
818.47,59.40
818.49,59.40
818.50,59.40
818.52,59.40
818.53,59.39
818.55,59.39
818.56,59.40
818.58,59.40
818.59,59.40
818.60,59.40
818.62,59.41
818.63,59.41
818.65,59.41
818.66,59.41
818.68,59.42
818.69,59.42
818.71,59.42
818.72,59.43
818.74,59.43
818.75,59.43
818.77,59.43
818.78,59.44
818.80,59.44
818.81,59.44
818.83,59.44
818.84,59.45
818.86,59.45
818.87,59.45
818.88,59.46
818.90,59.46
818.91,59.46
818.93,59.46
818.94,59.47
818.96,59.47
818.97,59.47
818.99,59.47
819.00,59.48
819.02,59.48
819.03,59.48
819.05,59.49
819.06,59.49
819.08,59.49
819.09,59.49
819.11,59.49
819.12,59.49
819.13,59.49
819.15,59.48
819.16,59.48
819.18,59.48
819.19,59.48
819.21,59.48
819.22,59.48
819.24,59.48
819.25,59.47
819.27,59.48
819.28,59.47
819.30,59.47
819.31,59.47
819.33,59.47
819.34,59.46
819.36,59.47
819.37,59.46
819.38,59.46
819.40,59.46
819.41,59.46
819.43,59.46
819.44,59.46
819.46,59.46
819.47,59.45
819.49,59.45
819.50,59.45
819.52,59.45
819.53,59.45
819.55,59.45
819.56,59.44
819.58,59.44
819.59,59.44
819.61,59.44
819.62,59.44
819.63,59.44
819.65,59.44
819.66,59.43
819.68,59.43
819.69,59.43
819.71,59.43
819.72,59.43
819.74,59.43
819.75,59.42
819.77,59.42
819.78,59.42
819.80,59.42
819.81,59.42
819.83,59.42
819.84,59.42
819.86,59.41
819.87,59.41
819.88,59.41
819.90,59.41
819.91,59.41
819.93,59.41
819.94,59.41
819.96,59.40
819.97,59.41
819.99,59.40
820.00,59.40
820.02,59.40
820.03,59.40
820.05,59.39
820.06,59.40
820.08,59.39
820.09,59.39
820.11,59.39
820.12,59.39
820.13,59.39
820.15,59.39
820.16,59.39
820.18,59.38
820.19,59.38
820.21,59.38
820.22,59.38
820.24,59.38
820.25,59.38
820.27,59.37
820.28,59.37
820.30,59.37
820.31,59.37
820.33,59.37
820.34,59.37
820.36,59.37
820.37,59.36
820.39,59.36
820.40,59.36
820.41,59.36
820.43,59.36
820.44,59.36
820.46,59.36
820.47,59.35
820.49,59.35
820.50,59.35
820.52,59.35
820.53,59.35
820.55,59.35
820.56,59.34
820.58,59.34
820.59,59.34
820.61,59.34
820.62,59.34
820.64,59.34
820.65,59.34
820.66,59.33
820.68,59.34
820.69,59.33
820.71,59.33
820.72,59.33
820.74,59.33
820.75,59.32
820.77,59.33
820.78,59.33
820.80,59.32
820.81,59.32
820.83,59.32
820.84,59.32
820.86,59.32
820.87,59.32
820.89,59.31
820.90,59.31
820.91,59.31
820.93,59.31
820.94,59.31
820.96,59.31
820.97,59.31
820.99,59.30
821.00,59.30
821.02,59.30
821.03,59.30
821.05,59.30
821.06,59.30
821.08,59.29
821.09,59.29
821.11,59.29
821.12,59.29
821.14,59.29
821.15,59.29
821.16,59.29
821.18,59.28
821.19,59.28
821.21,59.28
821.22,59.28
821.24,59.28
821.25,59.28
821.27,59.27
821.28,59.27
821.30,59.28
821.31,59.27
821.33,59.27
821.34,59.27
821.36,59.27
821.37,59.26
821.39,59.27
821.40,59.26
821.41,59.26
821.43,59.26
821.44,59.26
821.46,59.26
821.47,59.26
821.49,59.26
821.50,59.25
821.52,59.25
821.53,59.25
821.55,59.25
821.56,59.25
821.58,59.25
821.59,59.25
821.61,59.24
821.62,59.24
821.64,59.24
821.65,59.24
821.66,59.24
821.68,59.24
821.69,59.23
821.71,59.23
821.72,59.23
821.74,59.23
821.75,59.23
821.77,59.23
821.78,59.23
821.80,59.23
821.81,59.23
821.83,59.24
821.84,59.24
821.86,59.24
821.87,59.24
821.89,59.24
821.90,59.24
821.92,59.24
821.93,59.24
821.94,59.24
821.96,59.24
821.97,59.24
821.99,59.24
822.00,59.24
822.02,59.24
822.03,59.24
822.05,59.24
822.06,59.24
822.08,59.24
822.09,59.24
822.11,59.24
822.12,59.24
822.14,59.24
822.15,59.24
822.17,59.24
822.18,59.24
822.19,59.24
822.21,59.24
822.22,59.24
822.24,59.24
822.25,59.24
822.27,59.24
822.28,59.24
822.30,59.24
822.31,59.24
822.33,59.24
822.34,59.24
822.36,59.24
822.37,59.24
822.39,59.24
822.40,59.24
822.42,59.24
822.43,59.24
822.44,59.24
822.46,59.24
822.47,59.24
822.49,59.24
822.50,59.24
822.52,59.24
822.53,59.24
822.55,59.24
822.56,59.24
822.58,59.24
822.59,59.24
822.61,59.24
822.62,59.24
822.64,59.24
822.65,59.24
822.67,59.24
822.68,59.24
822.69,59.24
822.71,59.24
822.72,59.24
822.74,59.24
822.75,59.24
822.77,59.23
822.78,59.24
822.80,59.24
822.81,59.24
822.83,59.24
822.84,59.25
822.86,59.25
822.87,59.25
822.89,59.26
822.90,59.26
822.92,59.26
822.93,59.26
822.94,59.27
822.96,59.27
822.97,59.27
822.99,59.27
823.00,59.28
823.02,59.28
823.03,59.28
823.05,59.29
823.06,59.29
823.08,59.29
823.09,59.29
823.11,59.30
823.12,59.30
823.14,59.30
823.15,59.30
823.17,59.31
823.18,59.31
823.19,59.31
823.21,59.32
823.22,59.32
823.24,59.32
823.25,59.32
823.27,59.33
823.28,59.33
823.30,59.33
823.31,59.33
823.33,59.33
823.34,59.33
823.36,59.33
823.37,59.33
823.39,59.33
823.40,59.33
823.42,59.32
823.43,59.32
823.45,59.32
823.46,59.32
823.47,59.32
823.49,59.32
823.50,59.32
823.52,59.31
823.53,59.31
823.55,59.31
823.56,59.31
823.58,59.31
823.59,59.31
823.61,59.30
823.62,59.30
823.64,59.30
823.65,59.30
823.67,59.30
823.68,59.30
823.70,59.30
823.71,59.29
823.72,59.29
823.74,59.29
823.75,59.29
823.77,59.29
823.78,59.29
823.80,59.28
823.81,59.28
823.83,59.29
823.84,59.28
823.86,59.28
823.87,59.28
823.89,59.28
823.90,59.27
823.92,59.28
823.93,59.27
823.95,59.27
823.96,59.27
823.97,59.27
823.99,59.27
824.00,59.27
824.02,59.27
824.03,59.26
824.05,59.26
824.06,59.26
824.08,59.26
824.09,59.26
824.11,59.26
824.12,59.25
824.14,59.25
824.15,59.25
824.17,59.25
824.18,59.25
824.20,59.25
824.21,59.25
824.22,59.24
824.24,59.24
824.25,59.24
824.27,59.24
824.28,59.24
824.30,59.24
824.31,59.24
824.33,59.23
824.34,59.23
824.36,59.23
824.37,59.23
824.39,59.23
824.40,59.23
824.42,59.22
824.43,59.22
824.45,59.23
824.46,59.22
824.47,59.22
824.49,59.22
824.50,59.22
824.52,59.21
824.53,59.22
824.55,59.21
824.56,59.21
824.58,59.21
824.59,59.21
824.61,59.20
824.62,59.21
824.64,59.21
824.65,59.20
824.67,59.20
824.68,59.20
824.70,59.20
824.71,59.20
824.72,59.20
824.74,59.19
824.75,59.19
824.77,59.19
824.78,59.19
824.80,59.19
824.81,59.19
824.83,59.19
824.84,59.18
824.86,59.18
824.87,59.18
824.89,59.18
824.90,59.18
824.92,59.18
824.93,59.18
824.95,59.17
824.96,59.17
824.98,59.17
824.99,59.17
825.00,59.17
825.02,59.17
825.03,59.16
825.05,59.16
825.06,59.17
825.08,59.16
825.09,59.16
825.11,59.16
825.12,59.16
825.14,59.15
825.15,59.16
825.17,59.15
825.18,59.15
825.20,59.15
825.21,59.15
825.23,59.15
825.24,59.15
825.25,59.15
825.27,59.14
825.28,59.14
825.30,59.14
825.31,59.14
825.33,59.14
825.34,59.14
825.36,59.13
825.37,59.13
825.39,59.13
825.40,59.13
825.42,59.13
825.43,59.13
825.45,59.13
825.46,59.12
825.48,59.12
825.49,59.12
825.50,59.12
825.52,59.12
825.53,59.12
825.55,59.12
825.56,59.12
825.58,59.13
825.59,59.13
825.61,59.13
825.62,59.13
825.64,59.13
825.65,59.13
825.67,59.13
825.68,59.13
825.70,59.13
825.71,59.13
825.73,59.13
825.74,59.13
825.75,59.13
825.77,59.13
825.78,59.13
825.80,59.13
825.81,59.13
825.83,59.13
825.84,59.13
825.86,59.13
825.87,59.12
825.89,59.12
825.90,59.13
825.92,59.13
825.93,59.13
825.95,59.14
825.96,59.14
825.98,59.14
825.99,59.14
826.00,59.15
826.02,59.15
826.03,59.15
826.05,59.16
826.06,59.16
826.08,59.16
826.09,59.16
826.11,59.17
826.12,59.16
826.14,59.16
826.15,59.16
826.17,59.16
826.18,59.15
826.20,59.16
826.21,59.16
826.23,59.15
826.24,59.15
826.25,59.15
826.27,59.15
826.28,59.15
826.30,59.15
826.31,59.14
826.33,59.14
826.34,59.14
826.36,59.14
826.37,59.14
826.39,59.14
826.40,59.14
826.42,59.13
826.43,59.13
826.45,59.13
826.46,59.13
826.48,59.13
826.49,59.13
826.51,59.13
826.52,59.13
826.53,59.13
826.55,59.13
826.56,59.13
826.58,59.13
826.59,59.13
826.61,59.13
826.62,59.13
826.64,59.13
826.65,59.13
826.67,59.13
826.68,59.13
826.70,59.13
826.71,59.13
826.73,59.13
826.74,59.13
826.76,59.13
826.77,59.13
826.78,59.12
826.80,59.13
826.81,59.13
826.83,59.13
826.84,59.13
826.86,59.13
826.87,59.14
826.89,59.14
826.90,59.14
826.92,59.15
826.93,59.15
826.95,59.15
826.96,59.15
826.98,59.15
826.99,59.15
827.01,59.15
827.02,59.14
827.03,59.14
827.05,59.14
827.06,59.14
827.08,59.14
827.09,59.14
827.11,59.14
827.12,59.13
827.14,59.13
827.15,59.13
827.17,59.13
827.18,59.13
827.20,59.13
827.21,59.13
827.23,59.12
827.24,59.12
827.26,59.12
827.27,59.12
827.28,59.12
827.30,59.12
827.31,59.11
827.33,59.11
827.34,59.11
827.36,59.11
827.37,59.11
827.39,59.11
827.40,59.11
827.42,59.11
827.43,59.11
827.45,59.11
827.46,59.11
827.48,59.11
827.49,59.11
827.51,59.11
827.52,59.11
827.53,59.11
827.55,59.11
827.56,59.11
827.58,59.11
827.59,59.11
827.61,59.11
827.62,59.11
827.64,59.11
827.65,59.11
827.67,59.11
827.68,59.11
827.70,59.11
827.71,59.11
827.73,59.11
827.74,59.11
827.76,59.11
827.77,59.11
827.78,59.11
827.80,59.11
827.81,59.11
827.83,59.11
827.84,59.11
827.86,59.11
827.87,59.11
827.89,59.11
827.90,59.11
827.92,59.11
827.93,59.11
827.95,59.11
827.96,59.11
827.98,59.11
827.99,59.11
828.01,59.11
828.02,59.11
828.04,59.11
828.05,59.11
828.06,59.11
828.08,59.11
828.09,59.11
828.11,59.11
828.12,59.11
828.14,59.11
828.15,59.11
828.17,59.11
828.18,59.11
828.20,59.11
828.21,59.11
828.23,59.11
828.24,59.11
828.26,59.11
828.27,59.11
828.29,59.11
828.30,59.11
828.31,59.11
828.33,59.11
828.34,59.11
828.36,59.11
828.37,59.11
828.39,59.11
828.40,59.11
828.42,59.11
828.43,59.11
828.45,59.11
828.46,59.11
828.48,59.11
828.49,59.11
828.51,59.11
828.52,59.11
828.54,59.11
828.55,59.11
828.56,59.11
828.58,59.11
828.59,59.11
828.61,59.11
828.62,59.11
828.64,59.11
828.65,59.11
828.67,59.11
828.68,59.11
828.70,59.11
828.71,59.11
828.73,59.11
828.74,59.11
828.76,59.11
828.77,59.11
828.79,59.11
828.80,59.11
828.81,59.10
828.83,59.10
828.84,59.11
828.86,59.11
828.87,59.11
828.89,59.11
828.90,59.12
828.92,59.12
828.93,59.12
828.95,59.12
828.96,59.13
828.98,59.13
828.99,59.13
829.01,59.14
829.02,59.14
829.04,59.14
829.05,59.14
829.06,59.15
829.08,59.15
829.09,59.15
829.11,59.15
829.12,59.16
829.14,59.16
829.15,59.16
829.17,59.17
829.18,59.17
829.20,59.17
829.21,59.17
829.23,59.18
829.24,59.18
829.26,59.18
829.27,59.19
829.29,59.19
829.30,59.19
829.31,59.19
829.33,59.20
829.34,59.20
829.36,59.20
829.37,59.20
829.39,59.21
829.40,59.21
829.42,59.21
829.43,59.22
829.45,59.22
829.46,59.22
829.48,59.22
829.49,59.23
829.51,59.23
829.52,59.23
829.54,59.23
829.55,59.23
829.57,59.23
829.58,59.23
829.59,59.23
829.61,59.22
829.62,59.22
829.64,59.22
829.65,59.22
829.67,59.22
829.68,59.22
829.70,59.22
829.71,59.21
829.73,59.22
829.74,59.21
829.76,59.21
829.77,59.21
829.79,59.21
829.80,59.20
829.82,59.21
829.83,59.20
829.84,59.20
829.86,59.20
829.87,59.20
829.89,59.20
829.90,59.20
829.92,59.20
829.93,59.19
829.95,59.19
829.96,59.19
829.98,59.19
829.99,59.19
830.01,59.19
830.02,59.19
830.04,59.18
830.05,59.18
830.07,59.18
830.08,59.18
830.09,59.18
830.11,59.18
830.12,59.17
830.14,59.17
830.15,59.17
830.17,59.17
830.18,59.17
830.20,59.17
830.21,59.17
830.23,59.16
830.24,59.16
830.26,59.16
830.27,59.16
830.29,59.16
830.30,59.16
830.32,59.16
830.33,59.15
830.34,59.16
830.36,59.15
830.37,59.15
830.39,59.15
830.40,59.15
830.42,59.14
830.43,59.15
830.45,59.14
830.46,59.14
830.48,59.14
830.49,59.14
830.51,59.14
830.52,59.14
830.54,59.14
830.55,59.13
830.57,59.13
830.58,59.13
830.59,59.13
830.61,59.13
830.62,59.13
830.64,59.13
830.65,59.12
830.67,59.12
830.68,59.12
830.70,59.12
830.71,59.12
830.73,59.12
830.74,59.11
830.76,59.11
830.77,59.11
830.79,59.11
830.80,59.11
830.82,59.11
830.83,59.11
830.84,59.10
830.86,59.10
830.87,59.10
830.89,59.10
830.90,59.10
830.92,59.10
830.93,59.10
830.95,59.09
830.96,59.10
830.98,59.09
830.99,59.09
831.01,59.09
831.02,59.09
831.04,59.08
831.05,59.09
831.07,59.09
831.08,59.08
831.10,59.08
831.11,59.08
831.12,59.08
831.14,59.08
831.15,59.08
831.17,59.07
831.18,59.07
831.20,59.07
831.21,59.07
831.23,59.07
831.24,59.07
831.26,59.07
831.27,59.06
831.29,59.06
831.30,59.06
831.32,59.06
831.33,59.06
831.35,59.06
831.36,59.06
831.37,59.05
831.39,59.05
831.40,59.05
831.42,59.05
831.43,59.05
831.45,59.05
831.46,59.04
831.48,59.04
831.49,59.05
831.51,59.04
831.52,59.04
831.54,59.04
831.55,59.04
831.57,59.03
831.58,59.04
831.60,59.03
831.61,59.03
831.62,59.03
831.64,59.03
831.65,59.03
831.67,59.03
831.68,59.03
831.70,59.02
831.71,59.02
831.73,59.02
831.74,59.02
831.76,59.02
831.77,59.02
831.79,59.02
831.80,59.01
831.82,59.01
831.83,59.01
831.85,59.01
831.86,59.01
831.87,59.01
831.89,59.00
831.90,59.00
831.92,59.00
831.93,59.00
831.95,59.00
831.96,59.00
831.98,59.00
831.99,58.99
832.01,58.99
832.02,58.99
832.04,58.99
832.05,58.99
832.07,58.99
832.08,58.99
832.10,58.98
832.11,58.99
832.12,58.98
832.14,58.98
832.15,58.98
832.17,58.98
832.18,58.98
832.20,58.98
832.21,58.98
832.23,58.97
832.24,58.97
832.26,58.97
832.27,58.97
832.29,58.97
832.30,58.97
832.32,58.97
832.33,58.96
832.35,58.96
832.36,58.96
832.37,58.96
832.39,58.96
832.40,58.96
832.42,58.95
832.43,58.95
832.45,58.95
832.46,58.95
832.48,58.95
832.49,58.95
832.51,58.95
832.52,58.94
832.54,58.94
832.55,58.94
832.57,58.94
832.58,58.94
832.60,58.94
832.61,58.94
832.63,58.93
832.64,58.94
832.65,58.93
832.67,58.93
832.68,58.93
832.70,58.93
832.71,58.92
832.73,58.93
832.74,58.93
832.76,58.92
832.77,58.92
832.79,58.92
832.80,58.92
832.82,58.92
832.83,58.92
832.85,58.92
832.86,58.92
832.88,58.92
832.89,58.92
832.90,58.92
832.92,58.92
832.93,58.92
832.95,58.92
832.96,58.92
832.98,58.92
832.99,58.92
833.01,58.92
833.02,58.92
833.04,58.92
833.05,58.92
833.07,58.92
833.08,58.92
833.10,58.92
833.11,58.92
833.13,58.92
833.14,58.92
833.15,58.92
833.17,58.92
833.18,58.92
833.20,58.92
833.21,58.92
833.23,58.92
833.24,58.92
833.26,58.92
833.27,58.92
833.29,58.92
833.30,58.92
833.32,58.92
833.33,58.93
833.35,58.93
833.36,58.93
833.38,58.94
833.39,58.94
833.40,58.94
833.42,58.94
833.43,58.95
833.45,58.95
833.46,58.95
833.48,58.96
833.49,58.96
833.51,58.96
833.52,58.96
833.54,58.96
833.55,58.96
833.57,58.96
833.58,58.96
833.60,58.96
833.61,58.96
833.63,58.96
833.64,58.96
833.65,58.96
833.67,58.96
833.68,58.96
833.70,58.96
833.71,58.96
833.73,58.96
833.74,58.96
833.76,58.96
833.77,58.96
833.79,58.96
833.80,58.96
833.82,58.96
833.83,58.96
833.85,58.96
833.86,58.97
833.88,58.97
833.89,58.97
833.90,58.98
833.92,58.98
833.93,58.98
833.95,58.98
833.96,58.99
833.98,58.99
833.99,58.99
834.01,58.99
834.02,59.00
834.04,59.00
834.05,58.99
834.07,59.00
834.08,58.99
834.10,58.99
834.11,58.99
834.13,58.99
834.14,58.98
834.16,58.99
834.17,58.99
834.18,58.98
834.20,58.98
834.21,58.98
834.23,58.98
834.24,58.98
834.26,58.98
834.27,58.97
834.29,58.97
834.30,58.97
834.32,58.97
834.33,58.97
834.35,58.97
834.36,58.97
834.38,58.96
834.39,58.96
834.41,58.96
834.42,58.96
834.43,58.96
834.45,58.96
834.46,58.96
834.48,58.95
834.49,58.95
834.51,58.95
834.52,58.95
834.54,58.95
834.55,58.95
834.57,58.94
834.58,58.94
834.60,58.95
834.61,58.94
834.63,58.94
834.64,58.94
834.66,58.94
834.67,58.93
834.68,58.94
834.70,58.93
834.71,58.93
834.73,58.93
834.74,58.93
834.76,58.93
834.77,58.93
834.79,58.93
834.80,58.92
834.82,58.92
834.83,58.92
834.85,58.92
834.86,58.92
834.88,58.92
834.89,58.92
834.91,58.92
834.92,58.92
834.93,58.92
834.95,58.92
834.96,58.92
834.98,58.92
834.99,58.92
835.01,58.92
835.02,58.92
835.04,58.92
835.05,58.92
835.07,58.92
835.08,58.92
835.10,58.92
835.11,58.92
835.13,58.92
835.14,58.92
835.16,58.92
835.17,58.92
835.18,58.92
835.20,58.92
835.21,58.92
835.23,58.92
835.24,58.92
835.26,58.92
835.27,58.92
835.29,58.92
835.30,58.92
835.32,58.92
835.33,58.92
835.35,58.92
835.36,58.92
835.38,58.92
835.39,58.92
835.41,58.92
835.42,58.92
835.43,58.92
835.45,58.92
835.46,58.92
835.48,58.92
835.49,58.92
835.51,58.92
835.52,58.92
835.54,58.92
835.55,58.92
835.57,58.92
835.58,58.92
835.60,58.93
835.61,58.93
835.63,58.93
835.64,58.93
835.66,58.94
835.67,58.94
835.68,58.94
835.70,58.95
835.71,58.95
835.73,58.95
835.74,58.95
835.76,58.96
835.77,58.96
835.79,58.96
835.80,58.97
835.82,58.97
835.83,58.97
835.85,58.97
835.86,58.97
835.88,58.97
835.89,58.97
835.91,58.97
835.92,58.96
835.94,58.96
835.95,58.96
835.96,58.96
835.98,58.96
835.99,58.96
836.01,58.95
836.02,58.95
836.04,58.96
836.05,58.95
836.07,58.95
836.08,58.95
836.10,58.95
836.11,58.94
836.13,58.95
836.14,58.94
836.16,58.94
836.17,58.94
836.19,58.94
836.20,58.94
836.21,58.94
836.23,58.94
836.24,58.93
836.26,58.93
836.27,58.93
836.29,58.93
836.30,58.93
836.32,58.93
836.33,58.93
836.35,58.92
836.36,58.92
836.38,58.92
836.39,58.92
836.41,58.92
836.42,58.92
836.44,58.91
836.45,58.91
836.46,58.91
836.48,58.91
836.49,58.91
836.51,58.91
836.52,58.91
836.54,58.90
836.55,58.90
836.57,58.91
836.58,58.90
836.60,58.90
836.61,58.90
836.63,58.90
836.64,58.89
836.66,58.90
836.67,58.89
836.69,58.89
836.70,58.89
836.71,58.89
836.73,58.89
836.74,58.89
836.76,58.89
836.77,58.88
836.79,58.88
836.80,58.88
836.82,58.88
836.83,58.88
836.85,58.88
836.86,58.88
836.88,58.87
836.89,58.87
836.91,58.87
836.92,58.87
836.94,58.87
836.95,58.87
836.96,58.86
836.98,58.86
836.99,58.86
837.01,58.86
837.02,58.86
837.04,58.86
837.05,58.86
837.07,58.85
837.08,58.85
837.10,58.86
837.11,58.85
837.13,58.85
837.14,58.85
837.16,58.85
837.17,58.84
837.19,58.85
837.20,58.84
837.21,58.84
837.23,58.84
837.24,58.84
837.26,58.84
837.27,58.84
837.29,58.84
837.30,58.83
837.32,58.83
837.33,58.83
837.35,58.83
837.36,58.83
837.38,58.83
837.39,58.83
837.41,58.82
837.42,58.82
837.44,58.82
837.45,58.82
837.47,58.82
837.48,58.82
837.49,58.82
837.51,58.81
837.52,58.81
837.54,58.81
837.55,58.81
837.57,58.81
837.58,58.81
837.60,58.80
837.61,58.80
837.63,58.81
837.64,58.80
837.66,58.80
837.67,58.80
837.69,58.80
837.70,58.79
837.72,58.80
837.73,58.79
837.74,58.79
837.76,58.79
837.77,58.79
837.79,58.79
837.80,58.79
837.82,58.79
837.83,58.79
837.85,58.79
837.86,58.79
837.88,58.79
837.89,58.79
837.91,58.79
837.92,58.79
837.94,58.79
837.95,58.79
837.97,58.79
837.98,58.79
837.99,58.79
838.01,58.79
838.02,58.79
838.04,58.79
838.05,58.79
838.07,58.79
838.08,58.79
838.10,58.79
838.11,58.79
838.13,58.79
838.14,58.80
838.16,58.80
838.17,58.80
838.19,58.79
838.20,58.79
838.22,58.79
838.23,58.79
838.24,58.79
838.26,58.79
838.27,58.79
838.29,58.79
838.30,58.79
838.32,58.79
838.33,58.79
838.35,58.79
838.36,58.79
838.38,58.79
838.39,58.79
838.41,58.79
838.42,58.79
838.44,58.79
838.45,58.79
838.47,58.80
838.48,58.80
838.49,58.80
838.51,58.81
838.52,58.81
838.54,58.81
838.55,58.81
838.57,58.82
838.58,58.82
838.60,58.82
838.61,58.83
838.63,58.83
838.64,58.83
838.66,58.83
838.67,58.84
838.69,58.84
838.70,58.84
838.72,58.85
838.73,58.85
838.74,58.85
838.76,58.85
838.77,58.86
838.79,58.86
838.80,58.86
838.82,58.87
838.83,58.87
838.85,58.87
838.86,58.87
838.88,58.88
838.89,58.88
838.91,58.88
838.92,58.88
838.94,58.89
838.95,58.89
838.97,58.89
838.98,58.89
839.00,58.89
839.01,58.89
839.02,58.89
839.04,58.89
839.05,58.89
839.07,58.89
839.08,58.89
839.10,58.89
839.11,58.89
839.13,58.89
839.14,58.89
839.16,58.89
839.17,58.89
839.19,58.89
839.20,58.89
839.22,58.89
839.23,58.89
839.25,58.89
839.26,58.89
839.27,58.89
839.29,58.89
839.30,58.89
839.32,58.90
839.33,58.90
839.35,58.90
839.36,58.90
839.38,58.91
839.39,58.91
839.41,58.91
839.42,58.92
839.44,58.92
839.45,58.92
839.47,58.92
839.48,58.93
839.50,58.93
839.51,58.93
839.52,58.93
839.54,58.94
839.55,58.94
839.57,58.94
839.58,58.95
839.60,58.95
839.61,58.95
839.63,58.95
839.64,58.96
839.66,58.96
839.67,58.96
839.69,58.97
839.70,58.97
839.72,58.97
839.73,58.97
839.75,58.98
839.76,58.98
839.77,58.98
839.79,58.99
839.80,58.99
839.82,58.99
839.83,58.99
839.85,59.00
839.86,59.00
839.88,59.00
839.89,59.01
839.91,59.01
839.92,59.01
839.94,59.01
839.95,59.02
839.97,59.02
839.98,59.02
840.00,59.02
840.01,59.03
840.02,59.03
840.04,59.03
840.05,59.04
840.07,59.04
840.08,59.04
840.10,59.04
840.11,59.05
840.13,59.05
840.14,59.05
840.16,59.06
840.17,59.06
840.19,59.06
840.20,59.06
840.22,59.07
840.23,59.07
840.25,59.07
840.26,59.08
840.27,59.08
840.29,59.08
840.30,59.08
840.32,59.09
840.33,59.09
840.35,59.09
840.36,59.09
840.38,59.10
840.39,59.10
840.41,59.10
840.42,59.11
840.44,59.11
840.45,59.11
840.47,59.11
840.48,59.12
840.50,59.12
840.51,59.12
840.53,59.13
840.54,59.13
840.55,59.13
840.57,59.13
840.58,59.14
840.60,59.14
840.61,59.14
840.63,59.15
840.64,59.15
840.66,59.15
840.67,59.15
840.69,59.16
840.70,59.16
840.72,59.16
840.73,59.16
840.75,59.17
840.76,59.17
840.78,59.17
840.79,59.18
840.80,59.18
840.82,59.18
840.83,59.18
840.85,59.19
840.86,59.19
840.88,59.19
840.89,59.20
840.91,59.20
840.92,59.20
840.94,59.20
840.95,59.21
840.97,59.21
840.98,59.21
841.00,59.21
841.01,59.22
841.03,59.22
841.04,59.22
841.05,59.23
841.07,59.23
841.08,59.23
841.10,59.23
841.11,59.24
841.13,59.24
841.14,59.24
841.16,59.24
841.17,59.25
841.19,59.25
841.20,59.25
841.22,59.25
841.23,59.25
841.25,59.25
841.26,59.25
841.28,59.25
841.29,59.25
841.30,59.25
841.32,59.25
841.33,59.25
841.35,59.25
841.36,59.25
841.38,59.25
841.39,59.25
841.41,59.25
841.42,59.25
841.44,59.25
841.45,59.25
841.47,59.25
841.48,59.25
841.50,59.26
841.51,59.26
841.53,59.26
841.54,59.26
841.55,59.26
841.57,59.26
841.58,59.26
841.60,59.26
841.61,59.26
841.63,59.26
841.64,59.26
841.66,59.26
841.67,59.26
841.69,59.26
841.70,59.26
841.72,59.26
841.73,59.26
841.75,59.26
841.76,59.26
841.78,59.26
841.79,59.26
841.80,59.26
841.82,59.26
841.83,59.26
841.85,59.26
841.86,59.26
841.88,59.26
841.89,59.26
841.91,59.25
841.92,59.25
841.94,59.25
841.95,59.26
841.97,59.26
841.98,59.26
842.00,59.26
842.01,59.27
842.03,59.27
842.04,59.27
842.06,59.28
842.07,59.28
842.08,59.28
842.10,59.28
842.11,59.29
842.13,59.29
842.14,59.29
842.16,59.30
842.17,59.30
842.19,59.30
842.20,59.30
842.22,59.31
842.23,59.31
842.25,59.31
842.26,59.31
842.28,59.32
842.29,59.32
842.31,59.32
842.32,59.32
842.33,59.32
842.35,59.32
842.36,59.32
842.38,59.32
842.39,59.32
842.41,59.32
842.42,59.32
842.44,59.32
842.45,59.32
842.47,59.32
842.48,59.32
842.50,59.32
842.51,59.32
842.53,59.32
842.54,59.32
842.56,59.32
842.57,59.32
842.58,59.32
842.60,59.32
842.61,59.32
842.63,59.32
842.64,59.32
842.66,59.32
842.67,59.32
842.69,59.32
842.70,59.33
842.72,59.33
842.73,59.33
842.75,59.33
842.76,59.34
842.78,59.34
842.79,59.34
842.81,59.34
842.82,59.35
842.83,59.35
842.85,59.35
842.86,59.36
842.88,59.36
842.89,59.36
842.91,59.36
842.92,59.37
842.94,59.37
842.95,59.37
842.97,59.37
842.98,59.38
843.00,59.38
843.01,59.38
843.03,59.39
843.04,59.39
843.06,59.39
843.07,59.39
843.08,59.40
843.10,59.40
843.11,59.40
843.13,59.41
843.14,59.41
843.16,59.41
843.17,59.41
843.19,59.42
843.20,59.42
843.22,59.42
843.23,59.42
843.25,59.43
843.26,59.43
843.28,59.43
843.29,59.44
843.31,59.44
843.32,59.44
843.33,59.44
843.35,59.45
843.36,59.45
843.38,59.45
843.39,59.45
843.41,59.46
843.42,59.46
843.44,59.46
843.45,59.47
843.47,59.47
843.48,59.47
843.50,59.47
843.51,59.48
843.53,59.48
843.54,59.48
843.56,59.48
843.57,59.49
843.59,59.49
843.60,59.49
843.61,59.50
843.63,59.50
843.64,59.50
843.66,59.50
843.67,59.51
843.69,59.51
843.70,59.51
843.72,59.51
843.73,59.52
843.75,59.52
843.76,59.52
843.78,59.53
843.79,59.53
843.81,59.53
843.82,59.53
843.84,59.54
843.85,59.54
843.86,59.54
843.88,59.54
843.89,59.55
843.91,59.55
843.92,59.55
843.94,59.55
843.95,59.56
843.97,59.56
843.98,59.56
844.00,59.57
844.01,59.57
844.03,59.57
844.04,59.57
844.06,59.58
844.07,59.58
844.09,59.58
844.10,59.58
844.11,59.59
844.13,59.59
844.14,59.59
844.16,59.60
844.17,59.60
844.19,59.60
844.20,59.60
844.22,59.61
844.23,59.61
844.25,59.61
844.26,59.61
844.28,59.62
844.29,59.62
844.31,59.62
844.32,59.63
844.34,59.63
844.35,59.63
844.36,59.63
844.38,59.64
844.39,59.64
844.41,59.64
844.42,59.64
844.44,59.65
844.45,59.65
844.47,59.65
844.48,59.65
844.50,59.66
844.51,59.66
844.53,59.66
844.54,59.67
844.56,59.67
844.57,59.67
844.59,59.67
844.60,59.68
844.61,59.68
844.63,59.68
844.64,59.68
844.66,59.69
844.67,59.69
844.69,59.69
844.70,59.70
844.72,59.70
844.73,59.70
844.75,59.70
844.76,59.71
844.78,59.71
844.79,59.71
844.81,59.71
844.82,59.72
844.84,59.72
844.85,59.72
844.86,59.72
844.88,59.73
844.89,59.73
844.91,59.73
844.92,59.74
844.94,59.74
844.95,59.74
844.97,59.74
844.98,59.75
845.00,59.75
845.01,59.75
845.03,59.75
845.04,59.76
845.06,59.76
845.07,59.76
845.09,59.76
845.10,59.77
845.12,59.77
845.13,59.77
845.14,59.78
845.16,59.78
845.17,59.78
845.19,59.78
845.20,59.79
845.22,59.79
845.23,59.79
845.25,59.79
845.26,59.80
845.28,59.80
845.29,59.80
845.31,59.81
845.32,59.81
845.34,59.81
845.35,59.81
845.37,59.82
845.38,59.82
845.39,59.82
845.41,59.82
845.42,59.83
845.44,59.83
845.45,59.83
845.47,59.83
845.48,59.84
845.50,59.84
845.51,59.84
845.53,59.85
845.54,59.85
845.56,59.85
845.57,59.85
845.59,59.86
845.60,59.86
845.62,59.86
845.63,59.86
845.64,59.87
845.66,59.87
845.67,59.87
845.69,59.87
845.70,59.87
845.72,59.87
845.73,59.87
845.75,59.87
845.76,59.87
845.78,59.87
845.79,59.87
845.81,59.87
845.82,59.87
845.84,59.87
845.85,59.87
845.87,59.87
845.88,59.87
845.89,59.87
845.91,59.87
845.92,59.87
845.94,59.87
845.95,59.87
845.97,59.87
845.98,59.87
846.00,59.87
846.01,59.87
846.03,59.87
846.04,59.87
846.06,59.87
846.07,59.87
846.09,59.87
846.10,59.87
846.12,59.87
846.13,59.87
846.14,59.87
846.16,59.87
846.17,59.87
846.19,59.87
846.20,59.87
846.22,59.87
846.23,59.87
846.25,59.87
846.26,59.87
846.28,59.87
846.29,59.87
846.31,59.87
846.32,59.87
846.34,59.87
846.35,59.87
846.37,59.87
846.38,59.87
846.39,59.87
846.41,59.87
846.42,59.87
846.44,59.87
846.45,59.87
846.47,59.86
846.48,59.86
846.50,59.87
846.51,59.87
846.53,59.87
846.54,59.87
846.56,59.88
846.57,59.88
846.59,59.88
846.60,59.88
846.62,59.89
846.63,59.89
846.65,59.89
846.66,59.89
846.67,59.90
846.69,59.90
846.70,59.90
846.72,59.91
846.73,59.91
846.75,59.91
846.76,59.91
846.78,59.92
846.79,59.92
846.81,59.92
846.82,59.92
846.84,59.93
846.85,59.93
846.87,59.93
846.88,59.93
846.90,59.94
846.91,59.94
846.92,59.94
846.94,59.94
846.95,59.95
846.97,59.95
846.98,59.95
847.00,59.96
847.01,59.96
847.03,59.96
847.04,59.96
847.06,59.97
847.07,59.97
847.09,59.97
847.10,59.97
847.12,59.98
847.13,59.98
847.15,59.98
847.16,59.98
847.17,59.99
847.19,59.99
847.20,59.99
847.22,60.00
847.23,60.00
847.25,60.00
847.26,60.00
847.28,60.01
847.29,60.01
847.31,60.01
847.32,60.01
847.34,60.02
847.35,60.02
847.37,60.02
847.38,60.02
847.40,60.03
847.41,60.03
847.42,60.03
847.44,60.03
847.45,60.04
847.47,60.04
847.48,60.04
847.50,60.05
847.51,60.05
847.53,60.05
847.54,60.05
847.56,60.06
847.57,60.06
847.59,60.06
847.60,60.06
847.62,60.07
847.63,60.07
847.65,60.07
847.66,60.07
847.67,60.07
847.69,60.07
847.70,60.07
847.72,60.07
847.73,60.07
847.75,60.07
847.76,60.07
847.78,60.07
847.79,60.07
847.81,60.07
847.82,60.07
847.84,60.07
847.85,60.07
847.87,60.07
847.88,60.07
847.90,60.07
847.91,60.07
847.92,60.07
847.94,60.07
847.95,60.07
847.97,60.07
847.98,60.07
848.00,60.07
848.01,60.07
848.03,60.07
848.04,60.07
848.06,60.07
848.07,60.07
848.09,60.07
848.10,60.07
848.12,60.07
848.13,60.07
848.15,60.07
848.16,60.07
848.18,60.07
848.19,60.07
848.20,60.07
848.22,60.07
848.23,60.07
848.25,60.07
848.26,60.07
848.28,60.07
848.29,60.07
848.31,60.07
848.32,60.07
848.34,60.07
848.35,60.06
848.37,60.06
848.38,60.06
848.40,60.07
848.41,60.07
848.43,60.07
848.44,60.08
848.45,60.08
848.47,60.08
848.48,60.08
848.50,60.09
848.51,60.09
848.53,60.09
848.54,60.09
848.56,60.10
848.57,60.10
848.59,60.10
848.60,60.10
848.62,60.11
848.63,60.11
848.65,60.11
848.66,60.11
848.68,60.11
848.69,60.11
848.70,60.11
848.72,60.11
848.73,60.11
848.75,60.11
848.76,60.11
848.78,60.11
848.79,60.11
848.81,60.11
848.82,60.11
848.84,60.11
848.85,60.11
848.87,60.11
848.88,60.11
848.90,60.11
848.91,60.11
848.93,60.11
848.94,60.11
848.95,60.11
848.97,60.11
848.98,60.11
849.00,60.11
849.01,60.11
849.03,60.11
849.04,60.11
849.06,60.11
849.07,60.11
849.09,60.11
849.10,60.11
849.12,60.11
849.13,60.11
849.15,60.11
849.16,60.11
849.18,60.10
849.19,60.10
849.20,60.10
849.22,60.10
849.23,60.10
849.25,60.11
849.26,60.11
849.28,60.11
849.29,60.11
849.31,60.12
849.32,60.12
849.34,60.12
849.35,60.12
849.37,60.13
849.38,60.13
849.40,60.13
849.41,60.13
849.43,60.14
849.44,60.14
849.45,60.14
849.47,60.15
849.48,60.15
849.50,60.15
849.51,60.15
849.53,60.16
849.54,60.16
849.56,60.16
849.57,60.16
849.59,60.17
849.60,60.17
849.62,60.17
849.63,60.17
849.65,60.18
849.66,60.18
849.68,60.18
849.69,60.18
849.71,60.19
849.72,60.19
849.73,60.19
849.75,60.19
849.76,60.20
849.78,60.20
849.79,60.20
849.81,60.21
849.82,60.21
849.84,60.21
849.85,60.21
849.87,60.22
849.88,60.22
849.90,60.22
849.91,60.22
849.93,60.23
849.94,60.23
849.96,60.23
849.97,60.23
849.98,60.24
850.00,60.24
850.01,60.24
850.03,60.24
850.04,60.25
850.06,60.25
850.07,60.25
850.09,60.25
850.10,60.26
850.12,60.26
850.13,60.26
850.15,60.26
850.16,60.27
850.18,60.27
850.19,60.27
850.21,60.28
850.22,60.28
850.23,60.28
850.25,60.28
850.26,60.29
850.28,60.29
850.29,60.29
850.31,60.29
850.32,60.30
850.34,60.30
850.35,60.30
850.37,60.30
850.38,60.31
850.40,60.31
850.41,60.31
850.43,60.31
850.44,60.32
850.46,60.32
850.47,60.32
850.48,60.32
850.50,60.33
850.51,60.33
850.53,60.33
850.54,60.33
850.56,60.34
850.57,60.34
850.59,60.34
850.60,60.34
850.62,60.34
850.63,60.34
850.65,60.34
850.66,60.34
850.68,60.34
850.69,60.34
850.71,60.34
850.72,60.34
850.73,60.34
850.75,60.34
850.76,60.34
850.78,60.34
850.79,60.34
850.81,60.34
850.82,60.34
850.84,60.34
850.85,60.34
850.87,60.34
850.88,60.34
850.90,60.34
850.91,60.34
850.93,60.34
850.94,60.34
850.96,60.34
850.97,60.34
850.98,60.34
851.00,60.34
851.01,60.34
851.03,60.34
851.04,60.34
851.06,60.34
851.07,60.34
851.09,60.34
851.10,60.34
851.12,60.34
851.13,60.34
851.15,60.33
851.16,60.33
851.18,60.33
851.19,60.34
851.21,60.34
851.22,60.34
851.24,60.34
851.25,60.35
851.26,60.35
851.28,60.35
851.29,60.36
851.31,60.36
851.32,60.36
851.34,60.36
851.35,60.37
851.37,60.37
851.38,60.37
851.40,60.37
851.41,60.38
851.43,60.38
851.44,60.38
851.46,60.38
851.47,60.39
851.49,60.39
851.50,60.39
851.51,60.39
851.53,60.40
851.54,60.40
851.56,60.40
851.57,60.40
851.59,60.41
851.60,60.41
851.62,60.41
851.63,60.41
851.65,60.42
851.66,60.42
851.68,60.42
851.69,60.42
851.71,60.43
851.72,60.43
851.74,60.43
851.75,60.43
851.76,60.44
851.78,60.44
851.79,60.44
851.81,60.44
851.82,60.45
851.84,60.45
851.85,60.45
851.87,60.46
851.88,60.46
851.90,60.46
851.91,60.46
851.93,60.47
851.94,60.47
851.96,60.47
851.97,60.47
851.99,60.48
852.00,60.48
852.01,60.48
852.03,60.48
852.04,60.49
852.06,60.49
852.07,60.49
852.09,60.49
852.10,60.50
852.12,60.50
852.13,60.50
852.15,60.50
852.16,60.51
852.18,60.51
852.19,60.51
852.21,60.51
852.22,60.52
852.24,60.52
852.25,60.52
852.26,60.52
852.28,60.53
852.29,60.53
852.31,60.53
852.32,60.53
852.34,60.54
852.35,60.54
852.37,60.54
852.38,60.54
852.40,60.55
852.41,60.55
852.43,60.55
852.44,60.55
852.46,60.56
852.47,60.56
852.49,60.56
852.50,60.56
852.51,60.57
852.53,60.57
852.54,60.57
852.56,60.57
852.57,60.58
852.59,60.58
852.60,60.58
852.62,60.58
852.63,60.58
852.65,60.58
852.66,60.58
852.68,60.58
852.69,60.58
852.71,60.58
852.72,60.58
852.74,60.58
852.75,60.58
852.77,60.58
852.78,60.58
852.79,60.58
852.81,60.58
852.82,60.58
852.84,60.58
852.85,60.58
852.87,60.58
852.88,60.58
852.90,60.58
852.91,60.58
852.93,60.58
852.94,60.58
852.96,60.58
852.97,60.57
852.99,60.57
853.00,60.57
853.02,60.57
853.03,60.57
853.04,60.57
853.06,60.57
853.07,60.57
853.09,60.57
853.10,60.57
853.12,60.57
853.13,60.57
853.15,60.57
853.16,60.57
853.18,60.57
853.19,60.57
853.21,60.57
853.22,60.57
853.24,60.57
853.25,60.57
853.27,60.57
853.28,60.57
853.29,60.57
853.31,60.57
853.32,60.57
853.34,60.57
853.35,60.58
853.37,60.58
853.38,60.58
853.40,60.58
853.41,60.59
853.43,60.59
853.44,60.59
853.46,60.59
853.47,60.60
853.49,60.60
853.50,60.60
853.52,60.60
853.53,60.61
853.54,60.61
853.56,60.61
853.57,60.61
853.59,60.62
853.60,60.62
853.62,60.62
853.63,60.62
853.65,60.63
853.66,60.63
853.68,60.63
853.69,60.63
853.71,60.64
853.72,60.64
853.74,60.64
853.75,60.64
853.77,60.65
853.78,60.65
853.79,60.65
853.81,60.65
853.82,60.66
853.84,60.66
853.85,60.66
853.87,60.66
853.88,60.67
853.90,60.67
853.91,60.67
853.93,60.67
853.94,60.68
853.96,60.68
853.97,60.68
853.99,60.68
854.00,60.69
854.02,60.69
854.03,60.69
854.04,60.69
854.06,60.70
854.07,60.70
854.09,60.70
854.10,60.70
854.12,60.71
854.13,60.71
854.15,60.71
854.16,60.71
854.18,60.72
854.19,60.72
854.21,60.72
854.22,60.72
854.24,60.73
854.25,60.73
854.27,60.73
854.28,60.73
854.30,60.74
854.31,60.74
854.32,60.74
854.34,60.74
854.35,60.75
854.37,60.75
854.38,60.75
854.40,60.75
854.41,60.76
854.43,60.76
854.44,60.76
854.46,60.76
854.47,60.77
854.49,60.77
854.50,60.77
854.52,60.77
854.53,60.78
854.55,60.78
854.56,60.78
854.57,60.78
854.59,60.79
854.60,60.79
854.62,60.79
854.63,60.79
854.65,60.80
854.66,60.80
854.68,60.80
854.69,60.80
854.71,60.81
854.72,60.81
854.74,60.81
854.75,60.81
854.77,60.82
854.78,60.82
854.80,60.82
854.81,60.82
854.82,60.83
854.84,60.83
854.85,60.83
854.87,60.83
854.88,60.84
854.90,60.84
854.91,60.84
854.93,60.84
854.94,60.85
854.96,60.85
854.97,60.85
854.99,60.85
855.00,60.86
855.02,60.86
855.03,60.86
855.05,60.86
855.06,60.87
855.07,60.87
855.09,60.87
855.10,60.87
855.12,60.88
855.13,60.88
855.15,60.88
855.16,60.88
855.18,60.89
855.19,60.89
855.21,60.89
855.22,60.89
855.24,60.90
855.25,60.90
855.27,60.90
855.28,60.90
855.30,60.91
855.31,60.91
855.32,60.91
855.34,60.91
855.35,60.92
855.37,60.92
855.38,60.92
855.40,60.92
855.41,60.93
855.43,60.93
855.44,60.93
855.46,60.93
855.47,60.94
855.49,60.94
855.50,60.94
855.52,60.94
855.53,60.95
855.55,60.95
855.56,60.95
855.57,60.95
855.59,60.96
855.60,60.96
855.62,60.96
855.63,60.96
855.65,60.97
855.66,60.97
855.68,60.97
855.69,60.97
855.71,60.98
855.72,60.98
855.74,60.98
855.75,60.98
855.77,60.99
855.78,60.99
855.80,60.99
855.81,60.99
855.82,61.00
855.84,61.00
855.85,61.00
855.87,61.00
855.88,61.01
855.90,61.01
855.91,61.01
855.93,61.01
855.94,61.02
855.96,61.02
855.97,61.02
855.99,61.02
856.00,61.03
856.02,61.03
856.03,61.03
856.05,61.03
856.06,61.04
856.08,61.04
856.09,61.04
856.10,61.04
856.12,61.04
856.13,61.05
856.15,61.05
856.16,61.05
856.18,61.05
856.19,61.06
856.21,61.06
856.22,61.06
856.24,61.06
856.25,61.07
856.27,61.07
856.28,61.07
856.30,61.07
856.31,61.08
856.33,61.08
856.34,61.08
856.35,61.08
856.37,61.09
856.38,61.09
856.40,61.09
856.41,61.09
856.43,61.10
856.44,61.10
856.46,61.10
856.47,61.10
856.49,61.11
856.50,61.11
856.52,61.11
856.53,61.11
856.55,61.12
856.56,61.12
856.58,61.12
856.59,61.12
856.60,61.13
856.62,61.13
856.63,61.13
856.65,61.13
856.66,61.13
856.68,61.13
856.69,61.13
856.71,61.13
856.72,61.13
856.74,61.13
856.75,61.13
856.77,61.13
856.78,61.13
856.80,61.13
856.81,61.13
856.83,61.13
856.84,61.13
856.85,61.13
856.87,61.13
856.88,61.13
856.90,61.13
856.91,61.13
856.93,61.13
856.94,61.13
856.96,61.13
856.97,61.13
856.99,61.13
857.00,61.13
857.02,61.13
857.03,61.13
857.05,61.13
857.06,61.13
857.08,61.13
857.09,61.13
857.10,61.13
857.12,61.13
857.13,61.13
857.15,61.13
857.16,61.13
857.18,61.13
857.19,61.13
857.21,61.12
857.22,61.12
857.24,61.12
857.25,61.12
857.27,61.12
857.28,61.12
857.30,61.12
857.31,61.12
857.33,61.12
857.34,61.12
857.35,61.12
857.37,61.12
857.38,61.12
857.40,61.12
857.41,61.12
857.43,61.12
857.44,61.12
857.46,61.12
857.47,61.12
857.49,61.12
857.50,61.12
857.52,61.12
857.53,61.12
857.55,61.12
857.56,61.12
857.58,61.12
857.59,61.12
857.61,61.12
857.62,61.12
857.63,61.12
857.65,61.12
857.66,61.12
857.68,61.12
857.69,61.12
857.71,61.12
857.72,61.12
857.74,61.12
857.75,61.12
857.77,61.12
857.78,61.12
857.80,61.12
857.81,61.12
857.83,61.12
857.84,61.12
857.86,61.11
857.87,61.11
857.88,61.11
857.90,61.12
857.91,61.12
857.93,61.12
857.94,61.12
857.96,61.13
857.97,61.13
857.99,61.13
858.00,61.13
858.02,61.14
858.03,61.14
858.05,61.14
858.06,61.14
858.08,61.15
858.09,61.15
858.11,61.15
858.12,61.15
858.13,61.16
858.15,61.16
858.16,61.16
858.18,61.16
858.19,61.16
858.21,61.17
858.22,61.17
858.24,61.17
858.25,61.17
858.27,61.18
858.28,61.18
858.30,61.18
858.31,61.18
858.33,61.19
858.34,61.19
858.36,61.19
858.37,61.19
858.38,61.20
858.40,61.20
858.41,61.20
858.43,61.20
858.44,61.21
858.46,61.21
858.47,61.21
858.49,61.21
858.50,61.22
858.52,61.22
858.53,61.22
858.55,61.22
858.56,61.23
858.58,61.23
858.59,61.23
858.61,61.23
858.62,61.24
858.63,61.24
858.65,61.24
858.66,61.24
858.68,61.25
858.69,61.25
858.71,61.25
858.72,61.25
858.74,61.25
858.75,61.26
858.77,61.26
858.78,61.26
858.80,61.26
858.81,61.27
858.83,61.27
858.84,61.27
858.86,61.27
858.87,61.28
858.88,61.28
858.90,61.28
858.91,61.28
858.93,61.29
858.94,61.29
858.96,61.29
858.97,61.29
858.99,61.30
859.00,61.30
859.02,61.30
859.03,61.30
859.05,61.31
859.06,61.31
859.08,61.31
859.09,61.31
859.11,61.32
859.12,61.32
859.14,61.32
859.15,61.32
859.16,61.32
859.18,61.33
859.19,61.33
859.21,61.33
859.22,61.33
859.24,61.34
859.25,61.34
859.27,61.34
859.28,61.34
859.30,61.35
859.31,61.35
859.33,61.35
859.34,61.35
859.36,61.36
859.37,61.36
859.39,61.36
859.40,61.36
859.41,61.37
859.43,61.37
859.44,61.37
859.46,61.37
859.47,61.38
859.49,61.38
859.50,61.38
859.52,61.38
859.53,61.38
859.55,61.39
859.56,61.39
859.58,61.39
859.59,61.39
859.61,61.40
859.62,61.40
859.64,61.40
859.65,61.40
859.66,61.41
859.68,61.41
859.69,61.41
859.71,61.41
859.72,61.42
859.74,61.42
859.75,61.42
859.77,61.42
859.78,61.43
859.80,61.43
859.81,61.43
859.83,61.43
859.84,61.44
859.86,61.44
859.87,61.44
859.89,61.44
859.90,61.44
859.91,61.45
859.93,61.45
859.94,61.45
859.96,61.45
859.97,61.46
859.99,61.46
860.00,61.46
860.02,61.46
860.03,61.47
860.05,61.47
860.06,61.47
860.08,61.47
860.09,61.48
860.11,61.48
860.12,61.48
860.14,61.48
860.15,61.49
860.16,61.49
860.18,61.49
860.19,61.49
860.21,61.49
860.22,61.50
860.24,61.50
860.25,61.50
860.27,61.50
860.28,61.51
860.30,61.51
860.31,61.51
860.33,61.51
860.34,61.52
860.36,61.52
860.37,61.52
860.39,61.52
860.40,61.53
860.41,61.53
860.43,61.53
860.44,61.53
860.46,61.53
860.47,61.53
860.49,61.53
860.50,61.53
860.52,61.53
860.53,61.53
860.55,61.53
860.56,61.53
860.58,61.53
860.59,61.53
860.61,61.53
860.62,61.53
860.64,61.53
860.65,61.53
860.67,61.53
860.68,61.53
860.69,61.53
860.71,61.53
860.72,61.53
860.74,61.53
860.75,61.53
860.77,61.53
860.78,61.53
860.80,61.53
860.81,61.53
860.83,61.53
860.84,61.52
860.86,61.52
860.87,61.52
860.89,61.52
860.90,61.52
860.92,61.52
860.93,61.52
860.94,61.52
860.96,61.52
860.97,61.52
860.99,61.52
861.00,61.52
861.02,61.52
861.03,61.52
861.05,61.52
861.06,61.52
861.08,61.52
861.09,61.52
861.11,61.52
861.12,61.53
861.14,61.53
861.15,61.53
861.17,61.53
861.18,61.54
861.19,61.54
861.21,61.54
861.22,61.54
861.24,61.55
861.25,61.55
861.27,61.55
861.28,61.55
861.30,61.56
861.31,61.56
861.33,61.56
861.34,61.56
861.36,61.56
861.37,61.57
861.39,61.57
861.40,61.57
861.42,61.57
861.43,61.58
861.44,61.58
861.46,61.58
861.47,61.58
861.49,61.59
861.50,61.59
861.52,61.59
861.53,61.59
861.55,61.60
861.56,61.60
861.58,61.60
861.59,61.60
861.61,61.60
861.62,61.61
861.64,61.61
861.65,61.61
861.67,61.61
861.68,61.62
861.69,61.62
861.71,61.62
861.72,61.62
861.74,61.63
861.75,61.63
861.77,61.63
861.78,61.63
861.80,61.63
861.81,61.63
861.83,61.62
861.84,61.62
861.86,61.62
861.87,61.62
861.89,61.62
861.90,61.62
861.92,61.62
861.93,61.62
861.94,61.62
861.96,61.62
861.97,61.62
861.99,61.62
862.00,61.62
862.02,61.62
862.03,61.62
862.05,61.62
862.06,61.62
862.08,61.62
862.09,61.62
862.11,61.62
862.12,61.62
862.14,61.62
862.15,61.62
862.17,61.62
862.18,61.62
862.20,61.62
862.21,61.62
862.22,61.62
862.24,61.62
862.25,61.62
862.27,61.62
862.28,61.61
862.30,61.61
862.31,61.61
862.33,61.61
862.34,61.61
862.36,61.62
862.37,61.62
862.39,61.62
862.40,61.62
862.42,61.63
862.43,61.63
862.45,61.63
862.46,61.63
862.47,61.64
862.49,61.64
862.50,61.64
862.52,61.64
862.53,61.64
862.55,61.65
862.56,61.65
862.58,61.65
862.59,61.65
862.61,61.66
862.62,61.66
862.64,61.66
862.65,61.66
862.67,61.67
862.68,61.67
862.70,61.67
862.71,61.67
862.72,61.68
862.74,61.68
862.75,61.68
862.77,61.68
862.78,61.68
862.80,61.69
862.81,61.69
862.83,61.69
862.84,61.69
862.86,61.70
862.87,61.70
862.89,61.70
862.90,61.70
862.92,61.71
862.93,61.71
862.95,61.71
862.96,61.71
862.97,61.71
862.99,61.71
863.00,61.71
863.02,61.71
863.03,61.71
863.05,61.71
863.06,61.71
863.08,61.71
863.09,61.71
863.11,61.71
863.12,61.71
863.14,61.71
863.15,61.71
863.17,61.71
863.18,61.71
863.20,61.71
863.21,61.71
863.22,61.71
863.24,61.71
863.25,61.71
863.27,61.71
863.28,61.71
863.30,61.71
863.31,61.71
863.33,61.70
863.34,61.70
863.36,61.70
863.37,61.70
863.39,61.70
863.40,61.70
863.42,61.70
863.43,61.70
863.45,61.70
863.46,61.71
863.47,61.71
863.49,61.71
863.50,61.71
863.52,61.72
863.53,61.72
863.55,61.72
863.56,61.72
863.58,61.72
863.59,61.73
863.61,61.73
863.62,61.73
863.64,61.73
863.65,61.74
863.67,61.74
863.68,61.74
863.70,61.74
863.71,61.75
863.73,61.75
863.74,61.75
863.75,61.75
863.77,61.76
863.78,61.76
863.80,61.76
863.81,61.76
863.83,61.76
863.84,61.77
863.86,61.77
863.87,61.77
863.89,61.77
863.90,61.78
863.92,61.78
863.93,61.78
863.95,61.78
863.96,61.79
863.98,61.79
863.99,61.79
864.00,61.79
864.02,61.79
864.03,61.80
864.05,61.80
864.06,61.80
864.08,61.80
864.09,61.81
864.11,61.81
864.12,61.81
864.14,61.81
864.15,61.82
864.17,61.82
864.18,61.82
864.20,61.82
864.21,61.82
864.23,61.82
864.24,61.82
864.25,61.82
864.27,61.82
864.28,61.82
864.30,61.82
864.31,61.82
864.33,61.82
864.34,61.82
864.36,61.82
864.37,61.82
864.39,61.82
864.40,61.82
864.42,61.82
864.43,61.82
864.45,61.82
864.46,61.82
864.48,61.82
864.49,61.82
864.50,61.82
864.52,61.82
864.53,61.81
864.55,61.81
864.56,61.81
864.58,61.81
864.59,61.81
864.61,61.81
864.62,61.80
864.64,61.81
864.65,61.81
864.67,61.81
864.68,61.81
864.70,61.82
864.71,61.82
864.73,61.82
864.74,61.82
864.75,61.83
864.77,61.83
864.78,61.83
864.80,61.83
864.81,61.83
864.83,61.84
864.84,61.84
864.86,61.84
864.87,61.84
864.89,61.85
864.90,61.85
864.92,61.85
864.93,61.85
864.95,61.86
864.96,61.86
864.98,61.86
864.99,61.86
865.00,61.87
865.02,61.87
865.03,61.87
865.05,61.87
865.06,61.87
865.08,61.88
865.09,61.88
865.11,61.88
865.12,61.88
865.14,61.89
865.15,61.89
865.17,61.89
865.18,61.89
865.20,61.90
865.21,61.90
865.23,61.90
865.24,61.90
865.26,61.90
865.27,61.91
865.28,61.91
865.30,61.91
865.31,61.91
865.33,61.92
865.34,61.92
865.36,61.92
865.37,61.92
865.39,61.93
865.40,61.93
865.42,61.93
865.43,61.93
865.45,61.93
865.46,61.94
865.48,61.94
865.49,61.94
865.51,61.94
865.52,61.95
865.53,61.95
865.55,61.95
865.56,61.95
865.58,61.96
865.59,61.96
865.61,61.96
865.62,61.96
865.64,61.96
865.65,61.97
865.67,61.97
865.68,61.97
865.70,61.97
865.71,61.98
865.73,61.97
865.74,61.97
865.76,61.97
865.77,61.97
865.78,61.96
865.80,61.97
865.81,61.96
865.83,61.96
865.84,61.96
865.86,61.96
865.87,61.95
865.89,61.96
865.90,61.95
865.92,61.95
865.93,61.95
865.95,61.94
865.96,61.94
865.98,61.94
865.99,61.94
866.01,61.94
866.02,61.94
866.03,61.93
866.05,61.93
866.06,61.93
866.08,61.93
866.09,61.93
866.11,61.93
866.12,61.92
866.14,61.92
866.15,61.92
866.17,61.92
866.18,61.92
866.20,61.92
866.21,61.91
866.23,61.91
866.24,61.91
866.26,61.91
866.27,61.91
866.28,61.91
866.30,61.90
866.31,61.90
866.33,61.90
866.34,61.90
866.36,61.90
866.37,61.89
866.39,61.89
866.40,61.89
866.42,61.89
866.43,61.89
866.45,61.89
866.46,61.88
866.48,61.88
866.49,61.88
866.51,61.88
866.52,61.88
866.53,61.88
866.55,61.87
866.56,61.87
866.58,61.87
866.59,61.87
866.61,61.87
866.62,61.87
866.64,61.86
866.65,61.86
866.67,61.86
866.68,61.86
866.70,61.86
866.71,61.86
866.73,61.85
866.74,61.85
866.76,61.85
866.77,61.85
866.79,61.85
866.80,61.85
866.81,61.84
866.83,61.84
866.84,61.84
866.86,61.84
866.87,61.84
866.89,61.83
866.90,61.83
866.92,61.83
866.93,61.83
866.95,61.83
866.96,61.83
866.98,61.82
866.99,61.82
867.01,61.82
867.02,61.82
867.04,61.82
867.05,61.82
867.06,61.81
867.08,61.81
867.09,61.81
867.11,61.81
867.12,61.81
867.14,61.81
867.15,61.80
867.17,61.80
867.18,61.80
867.20,61.80
867.21,61.80
867.23,61.80
867.24,61.79
867.26,61.79
867.27,61.79
867.29,61.79
867.30,61.79
867.31,61.79
867.33,61.78
867.34,61.78
867.36,61.78
867.37,61.78
867.39,61.78
867.40,61.78
867.42,61.77
867.43,61.77
867.45,61.77
867.46,61.76
867.48,61.77
867.49,61.76
867.51,61.76
867.52,61.76
867.54,61.76
867.55,61.75
867.56,61.76
867.58,61.75
867.59,61.75
867.61,61.75
867.62,61.75
867.64,61.74
867.65,61.75
867.67,61.74
867.68,61.74
867.70,61.74
867.71,61.74
867.73,61.73
867.74,61.74
867.76,61.73
867.77,61.73
867.79,61.73
867.80,61.73
867.81,61.72
867.83,61.73
867.84,61.72
867.86,61.72
867.87,61.72
867.89,61.72
867.90,61.71
867.92,61.72
867.93,61.71
867.95,61.71
867.96,61.71
867.98,61.71
867.99,61.70
868.01,61.71
868.02,61.70
868.04,61.70
868.05,61.70
868.06,61.70
868.08,61.69
868.09,61.70
868.11,61.69
868.12,61.69
868.14,61.69
868.15,61.68
868.17,61.68
868.18,61.68
868.20,61.68
868.21,61.68
868.23,61.68
868.24,61.67
868.26,61.67
868.27,61.67
868.29,61.67
868.30,61.67
868.32,61.67
868.33,61.66
868.34,61.66
868.36,61.66
868.37,61.66
868.39,61.66
868.40,61.66
868.42,61.65
868.43,61.65
868.45,61.65
868.46,61.65
868.48,61.65
868.49,61.65
868.51,61.64
868.52,61.64
868.54,61.64
868.55,61.64
868.57,61.64
868.58,61.64
868.59,61.63
868.61,61.63
868.62,61.63
868.64,61.63
868.65,61.63
868.67,61.63
868.68,61.62
868.70,61.62
868.71,61.62
868.73,61.62
868.74,61.62
868.76,61.62
868.77,61.61
868.79,61.61
868.80,61.61
868.82,61.61
868.83,61.61
868.84,61.61
868.86,61.60
868.87,61.60
868.89,61.60
868.90,61.60
868.92,61.60
868.93,61.60
868.95,61.59
868.96,61.59
868.98,61.59
868.99,61.59
869.01,61.59
869.02,61.58
869.04,61.58
869.05,61.58
869.07,61.58
869.08,61.58
869.09,61.58
869.11,61.57
869.12,61.57
869.14,61.57
869.15,61.57
869.17,61.57
869.18,61.57
869.20,61.56
869.21,61.56
869.23,61.56
869.24,61.56
869.26,61.56
869.27,61.56
869.29,61.55
869.30,61.55
869.32,61.55
869.33,61.55
869.34,61.55
869.36,61.55
869.37,61.54
869.39,61.54
869.40,61.54
869.42,61.54
869.43,61.54
869.45,61.54
869.46,61.53
869.48,61.53
869.49,61.53
869.51,61.53
869.52,61.53
869.54,61.53
869.55,61.52
869.57,61.52
869.58,61.52
869.59,61.52
869.61,61.52
869.62,61.52
869.64,61.51
869.65,61.51
869.67,61.51
869.68,61.51
869.70,61.51
869.71,61.51
869.73,61.50
869.74,61.50
869.76,61.50
869.77,61.50
869.79,61.50
869.80,61.50
869.82,61.49
869.83,61.49
869.85,61.49
869.86,61.49
869.87,61.49
869.89,61.49
869.90,61.48
869.92,61.48
869.93,61.48
869.95,61.48
869.96,61.48
869.98,61.48
869.99,61.47
870.01,61.47
870.02,61.47
870.04,61.47
870.05,61.47
870.07,61.47
870.08,61.46
870.10,61.46
870.11,61.46
870.12,61.46
870.14,61.46
870.15,61.46
870.17,61.45
870.18,61.45
870.20,61.45
870.21,61.45
870.23,61.45
870.24,61.45
870.26,61.44
870.27,61.44
870.29,61.44
870.30,61.44
870.32,61.44
870.33,61.44
870.35,61.43
870.36,61.43
870.37,61.43
870.39,61.43
870.40,61.43
870.42,61.42
870.43,61.42
870.45,61.42
870.46,61.42
870.48,61.42
870.49,61.42
870.51,61.41
870.52,61.41
870.54,61.41
870.55,61.41
870.57,61.41
870.58,61.41
870.60,61.40
870.61,61.40
870.62,61.40
870.64,61.40
870.65,61.40
870.67,61.40
870.68,61.39
870.70,61.39
870.71,61.39
870.73,61.39
870.74,61.39
870.76,61.39
870.77,61.38
870.79,61.38
870.80,61.38
870.82,61.38
870.83,61.38
870.85,61.38
870.86,61.37
870.87,61.37
870.89,61.37
870.90,61.37
870.92,61.37
870.93,61.37
870.95,61.36
870.96,61.36
870.98,61.36
870.99,61.36
871.01,61.36
871.02,61.36
871.04,61.35
871.05,61.35
871.07,61.35
871.08,61.35
871.10,61.35
871.11,61.35
871.12,61.34
871.14,61.34
871.15,61.34
871.17,61.34
871.18,61.34
871.20,61.34
871.21,61.33
871.23,61.33
871.24,61.33
871.26,61.33
871.27,61.33
871.29,61.33
871.30,61.32
871.32,61.32
871.33,61.32
871.35,61.32
871.36,61.32
871.38,61.32
871.39,61.31
871.40,61.31
871.42,61.31
871.43,61.31
871.45,61.31
871.46,61.31
871.48,61.30
871.49,61.30
871.51,61.30
871.52,61.30
871.54,61.30
871.55,61.30
871.57,61.29
871.58,61.29
871.60,61.29
871.61,61.29
871.63,61.29
871.64,61.29
871.65,61.29
871.67,61.29
871.68,61.29
871.70,61.29
871.71,61.29
871.73,61.29
871.74,61.29
871.76,61.28
871.77,61.28
871.79,61.29
871.80,61.29
871.82,61.29
871.83,61.29
871.85,61.30
871.86,61.30
871.88,61.30
871.89,61.29
871.90,61.30
871.92,61.29
871.93,61.29
871.95,61.29
871.96,61.29
871.98,61.28
871.99,61.29
872.01,61.28
872.02,61.28
872.04,61.28
872.05,61.28
872.07,61.27
872.08,61.28
872.10,61.27
872.11,61.27
872.13,61.27
872.14,61.27
872.15,61.27
872.17,61.27
872.18,61.27
872.20,61.27
872.21,61.27
872.23,61.27
872.24,61.27
872.26,61.27
872.27,61.27
872.29,61.27
872.30,61.27
872.32,61.27
872.33,61.27
872.35,61.27
872.36,61.27
872.38,61.27
872.39,61.26
872.40,61.26
872.42,61.26
872.43,61.26
872.45,61.26
872.46,61.26
872.48,61.26
872.49,61.26
872.51,61.26
872.52,61.26
872.54,61.26
872.55,61.26
872.57,61.26
872.58,61.26
872.60,61.26
872.61,61.26
872.63,61.26
872.64,61.26
872.65,61.26
872.67,61.26
872.68,61.26
872.70,61.26
872.71,61.26
872.73,61.26
872.74,61.26
872.76,61.26
872.77,61.26
872.79,61.26
872.80,61.26
872.82,61.26
872.83,61.26
872.85,61.26
872.86,61.26
872.88,61.26
872.89,61.26
872.91,61.26
872.92,61.26
872.93,61.26
872.95,61.26
872.96,61.26
872.98,61.26
872.99,61.26
873.01,61.26
873.02,61.26
873.04,61.26
873.05,61.26
873.07,61.26
873.08,61.26
873.10,61.26
873.11,61.26
873.13,61.26
873.14,61.26
873.16,61.26
873.17,61.26
873.18,61.26
873.20,61.26
873.21,61.26
873.23,61.26
873.24,61.26
873.26,61.26
873.27,61.26
873.29,61.26
873.30,61.25
873.32,61.25
873.33,61.25
873.35,61.25
873.36,61.25
873.38,61.26
873.39,61.26
873.41,61.26
873.42,61.26
873.43,61.27
873.45,61.27
873.46,61.27
873.48,61.27
873.49,61.28
873.51,61.28
873.52,61.28
873.54,61.28
873.55,61.28
873.57,61.29
873.58,61.29
873.60,61.29
873.61,61.29
873.63,61.30
873.64,61.30
873.66,61.30
873.67,61.30
873.68,61.31
873.70,61.31
873.71,61.31
873.73,61.31
873.74,61.32
873.76,61.32
873.77,61.32
873.79,61.32
873.80,61.33
873.82,61.33
873.83,61.33
873.85,61.33
873.86,61.34
873.88,61.34
873.89,61.34
873.91,61.34
873.92,61.35
873.93,61.35
873.95,61.35
873.96,61.34
873.98,61.35
873.99,61.34
874.01,61.34
874.02,61.34
874.04,61.34
874.05,61.33
874.07,61.34
874.08,61.33
874.10,61.33
874.11,61.33
874.13,61.33
874.14,61.32
874.16,61.33
874.17,61.32
874.18,61.32
874.20,61.32
874.21,61.32
874.23,61.31
874.24,61.32
874.26,61.31
874.27,61.31
874.29,61.31
874.30,61.31
874.32,61.30
874.33,61.31
874.35,61.30
874.36,61.30
874.38,61.30
874.39,61.30
874.41,61.29
874.42,61.30
874.44,61.29
874.45,61.29
874.46,61.29
874.48,61.29
874.49,61.28
874.51,61.29
874.52,61.28
874.54,61.28
874.55,61.28
874.57,61.28
874.58,61.27
874.60,61.28
874.61,61.27
874.63,61.27
874.64,61.27
874.66,61.27
874.67,61.26
874.69,61.27
874.70,61.26
874.71,61.26
874.73,61.26
874.74,61.26
874.76,61.25
874.77,61.26
874.79,61.25
874.80,61.25
874.82,61.25
874.83,61.25
874.85,61.24
874.86,61.25
874.88,61.24
874.89,61.24
874.91,61.24
874.92,61.24
874.94,61.23
874.95,61.24
874.96,61.23
874.98,61.23
874.99,61.23
875.01,61.23
875.02,61.22
875.04,61.23
875.05,61.22
875.07,61.22
875.08,61.22
875.10,61.22
875.11,61.21
875.13,61.22
875.14,61.21
875.16,61.21
875.17,61.21
875.19,61.21
875.20,61.20
875.21,61.21
875.23,61.20
875.24,61.20
875.26,61.20
875.27,61.20
875.29,61.19
875.30,61.20
875.32,61.19
875.33,61.19
875.35,61.19
875.36,61.19
875.38,61.18
875.39,61.19
875.41,61.18
875.42,61.18
875.44,61.18
875.45,61.18
875.46,61.17
875.48,61.18
875.49,61.17
875.51,61.17
875.52,61.17
875.54,61.17
875.55,61.16
875.57,61.17
875.58,61.16
875.60,61.16
875.61,61.16
875.63,61.16
875.64,61.15
875.66,61.16
875.67,61.15
875.69,61.15
875.70,61.15
875.71,61.15
875.73,61.14
875.74,61.15
875.76,61.14
875.77,61.14
875.79,61.14
875.80,61.14
875.82,61.13
875.83,61.14
875.85,61.13
875.86,61.13
875.88,61.13
875.89,61.13
875.91,61.12
875.92,61.13
875.94,61.12
875.95,61.12
875.96,61.12
875.98,61.12
875.99,61.11
876.01,61.12
876.02,61.11
876.04,61.11
876.05,61.11
876.07,61.11
876.08,61.10
876.10,61.11
876.11,61.10
876.13,61.10
876.14,61.10
876.16,61.10
876.17,61.09
876.19,61.10
876.20,61.09
876.22,61.09
876.23,61.09
876.24,61.09
876.26,61.08
876.27,61.09
876.29,61.09
876.30,61.08
876.32,61.08
876.33,61.08
876.35,61.08
876.36,61.08
876.38,61.08
876.39,61.07
876.41,61.07
876.42,61.07
876.44,61.07
876.45,61.07
876.47,61.07
876.48,61.06
876.49,61.06
876.51,61.06
876.52,61.06
876.54,61.06
876.55,61.06
876.57,61.05
876.58,61.05
876.60,61.05
876.61,61.05
876.63,61.05
876.64,61.05
876.66,61.04
876.67,61.04
876.69,61.04
876.70,61.04
876.72,61.04
876.73,61.04
876.74,61.03
876.76,61.03
876.77,61.03
876.79,61.03
876.80,61.03
876.82,61.03
876.83,61.02
876.85,61.02
876.86,61.02
876.88,61.02
876.89,61.02
876.91,61.02
876.92,61.01
876.94,61.01
876.95,61.01
876.97,61.01
876.98,61.01
876.99,61.01
877.01,61.00
877.02,61.00
877.04,61.00
877.05,61.00
877.07,61.00
877.08,61.00
877.10,60.99
877.11,60.99
877.13,60.99
877.14,60.99
877.16,60.99
877.17,60.99
877.19,60.98
877.20,60.98
877.22,60.98
877.23,60.98
877.24,60.98
877.26,60.98
877.27,60.97
877.29,60.97
877.30,60.97
877.32,60.97
877.33,60.97
877.35,60.97
877.36,60.97
877.38,60.96
877.39,60.96
877.41,60.96
877.42,60.96
877.44,60.96
877.45,60.96
877.47,60.95
877.48,60.95
877.49,60.95
877.51,60.95
877.52,60.95
877.54,60.95
877.55,60.94
877.57,60.94
877.58,60.94
877.60,60.94
877.61,60.94
877.63,60.94
877.64,60.93
877.66,60.93
877.67,60.93
877.69,60.93
877.70,60.93
877.72,60.93
877.73,60.92
877.75,60.92
877.76,60.92
877.77,60.92
877.79,60.92
877.80,60.92
877.82,60.91
877.83,60.91
877.85,60.91
877.86,60.91
877.88,60.91
877.89,60.91
877.91,60.90
877.92,60.90
877.94,60.90
877.95,60.90
877.97,60.90
877.98,60.90
878.00,60.89
878.01,60.89
878.02,60.89
878.04,60.89
878.05,60.89
878.07,60.89
878.08,60.88
878.10,60.88
878.11,60.88
878.13,60.88
878.14,60.88
878.16,60.88
878.17,60.88
878.19,60.87
878.20,60.87
878.22,60.87
878.23,60.87
878.25,60.87
878.26,60.87
878.27,60.86
878.29,60.86
878.30,60.86
878.32,60.86
878.33,60.86
878.35,60.86
878.36,60.85
878.38,60.85
878.39,60.85
878.41,60.85
878.42,60.85
878.44,60.85
878.45,60.84
878.47,60.84
878.48,60.84
878.50,60.84
878.51,60.84
878.52,60.84
878.54,60.83
878.55,60.83
878.57,60.83
878.58,60.83
878.60,60.83
878.61,60.83
878.63,60.82
878.64,60.82
878.66,60.82
878.67,60.82
878.69,60.82
878.70,60.82
878.72,60.81
878.73,60.81
878.75,60.82
878.76,60.81
878.77,60.81
878.79,60.81
878.80,60.81
878.82,60.80
878.83,60.81
878.85,60.80
878.86,60.80
878.88,60.80
878.89,60.80
878.91,60.79
878.92,60.80
878.94,60.79
878.95,60.79
878.97,60.79
878.98,60.79
879.00,60.78
879.01,60.79
879.02,60.78
879.04,60.78
879.05,60.78
879.07,60.78
879.08,60.77
879.10,60.78
879.11,60.77
879.13,60.77
879.14,60.77
879.16,60.77
879.17,60.76
879.19,60.77
879.20,60.76
879.22,60.76
879.23,60.76
879.25,60.76
879.26,60.76
879.28,60.76
879.29,60.76
879.30,60.76
879.32,60.76
879.33,60.76
879.35,60.76
879.36,60.76
879.38,60.76
879.39,60.76
879.41,60.76
879.42,60.76
879.44,60.76
879.45,60.76
879.47,60.76
879.48,60.76
879.50,60.76
879.51,60.76
879.53,60.76
879.54,60.76
879.55,60.76
879.57,60.76
879.58,60.76
879.60,60.76
879.61,60.76
879.63,60.76
879.64,60.76
879.66,60.76
879.67,60.76
879.69,60.76
879.70,60.76
879.72,60.76
879.73,60.76
879.75,60.76
879.76,60.76
879.78,60.76
879.79,60.76
879.80,60.76
879.82,60.76
879.83,60.76
879.85,60.76
879.86,60.76
879.88,60.76
879.89,60.76
879.91,60.76
879.92,60.76
879.94,60.76
879.95,60.76
879.97,60.76
879.98,60.76
880.00,60.76
880.01,60.76
880.03,60.76
880.04,60.76
880.05,60.76
880.07,60.76
880.08,60.76
880.10,60.76
880.11,60.77
880.13,60.77
880.14,60.77
880.16,60.77
880.17,60.78
880.19,60.78
880.20,60.78
880.22,60.78
880.23,60.79
880.25,60.79
880.26,60.79
880.28,60.79
880.29,60.80
880.30,60.80
880.32,60.80
880.33,60.80
880.35,60.81
880.36,60.81
880.38,60.81
880.39,60.81
880.41,60.82
880.42,60.82
880.44,60.82
880.45,60.82
880.47,60.83
880.48,60.83
880.50,60.83
880.51,60.82
880.53,60.82
880.54,60.82
880.55,60.82
880.57,60.82
880.58,60.82
880.60,60.82
880.61,60.81
880.63,60.81
880.64,60.81
880.66,60.81
880.67,60.81
880.69,60.81
880.70,60.80
880.72,60.80
880.73,60.80
880.75,60.80
880.76,60.80
880.78,60.80
880.79,60.79
880.81,60.79
880.82,60.79
880.83,60.79
880.85,60.79
880.86,60.79
880.88,60.78
880.89,60.78
880.91,60.78
880.92,60.78
880.94,60.78
880.95,60.78
880.97,60.77
880.98,60.77
881.00,60.77
881.01,60.77
881.03,60.77
881.04,60.77
881.06,60.76
881.07,60.76
881.08,60.76
881.10,60.76
881.11,60.76
881.13,60.76
881.14,60.76
881.16,60.75
881.17,60.76
881.19,60.75
881.20,60.75
881.22,60.75
881.23,60.75
881.25,60.74
881.26,60.75
881.28,60.74
881.29,60.74
881.31,60.74
881.32,60.74
881.33,60.73
881.35,60.74
881.36,60.73
881.38,60.73
881.39,60.73
881.41,60.73
881.42,60.72
881.44,60.73
881.45,60.72
881.47,60.72
881.48,60.72
881.50,60.72
881.51,60.71
881.53,60.72
881.54,60.71
881.56,60.71
881.57,60.71
881.58,60.71
881.60,60.70
881.61,60.71
881.63,60.71
881.64,60.71
881.66,60.71
881.67,60.71
881.69,60.71
881.70,60.71
881.72,60.71
881.73,60.71
881.75,60.71
881.76,60.71
881.78,60.71
881.79,60.71
881.81,60.71
881.82,60.71
881.83,60.71
881.85,60.71
881.86,60.71
881.88,60.71
881.89,60.71
881.91,60.71
881.92,60.71
881.94,60.71
881.95,60.71
881.97,60.71
881.98,60.71
882.00,60.71
882.01,60.71
882.03,60.71
882.04,60.71
882.06,60.71
882.07,60.71
882.08,60.71
882.10,60.71
882.11,60.70
882.13,60.70
882.14,60.70
882.16,60.70
882.17,60.70
882.19,60.70
882.20,60.70
882.22,60.70
882.23,60.70
882.25,60.70
882.26,60.70
882.28,60.70
882.29,60.70
882.31,60.70
882.32,60.70
882.34,60.70
882.35,60.70
882.36,60.70
882.38,60.70
882.39,60.70
882.41,60.70
882.42,60.70
882.44,60.70
882.45,60.70
882.47,60.70
882.48,60.70
882.50,60.70
882.51,60.70
882.53,60.70
882.54,60.70
882.56,60.70
882.57,60.70
882.59,60.71
882.60,60.71
882.61,60.71
882.63,60.71
882.64,60.72
882.66,60.72
882.67,60.72
882.69,60.72
882.70,60.73
882.72,60.73
882.73,60.73
882.75,60.73
882.76,60.74
882.78,60.74
882.79,60.74
882.81,60.74
882.82,60.75
882.84,60.75
882.85,60.75
882.86,60.75
882.88,60.76
882.89,60.76
882.91,60.76
882.92,60.76
882.94,60.77
882.95,60.77
882.97,60.77
882.98,60.78
883.00,60.77
883.01,60.77
883.03,60.77
883.04,60.77
883.06,60.76
883.07,60.77
883.09,60.76
883.10,60.76
883.11,60.76
883.13,60.76
883.14,60.76
883.16,60.76
883.17,60.76
883.19,60.76
883.20,60.76
883.22,60.75
883.23,60.75
883.25,60.76
883.26,60.76
883.28,60.76
883.29,60.76
883.31,60.76
883.32,60.76
883.34,60.76
883.35,60.76
883.36,60.76
883.38,60.75
883.39,60.75
883.41,60.75
883.42,60.75
883.44,60.75
883.45,60.75
883.47,60.74
883.48,60.74
883.50,60.74
883.51,60.74
883.53,60.74
883.54,60.74
883.56,60.73
883.57,60.73
883.59,60.73
883.60,60.73
883.61,60.73
883.63,60.73
883.64,60.73
883.66,60.72
883.67,60.72
883.69,60.72
883.70,60.72
883.72,60.72
883.73,60.72
883.75,60.71
883.76,60.71
883.78,60.71
883.79,60.71
883.81,60.71
883.82,60.71
883.84,60.70
883.85,60.70
883.87,60.70
883.88,60.70
883.89,60.70
883.91,60.70
883.92,60.69
883.94,60.69
883.95,60.69
883.97,60.69
883.98,60.69
884.00,60.69
884.01,60.68
884.03,60.68
884.04,60.68
884.06,60.68
884.07,60.68
884.09,60.68
884.10,60.67
884.12,60.67
884.13,60.68
884.14,60.67
884.16,60.67
884.17,60.67
884.19,60.67
884.20,60.66
884.22,60.67
884.23,60.66
884.25,60.66
884.26,60.66
884.28,60.66
884.29,60.65
884.31,60.66
884.32,60.65
884.34,60.65
884.35,60.65
884.37,60.65
884.38,60.64
884.39,60.65
884.41,60.64
884.42,60.64
884.44,60.64
884.45,60.64
884.47,60.63
884.48,60.64
884.50,60.63
884.51,60.63
884.53,60.63
884.54,60.63
884.56,60.62
884.57,60.63
884.59,60.63
884.60,60.62
884.62,60.62
884.63,60.62
884.64,60.62
884.66,60.62
884.67,60.62
884.69,60.61
884.70,60.61
884.72,60.61
884.73,60.61
884.75,60.61
884.76,60.61
884.78,60.60
884.79,60.60
884.81,60.60
884.82,60.60
884.84,60.60
884.85,60.60
884.87,60.59
884.88,60.59
884.89,60.59
884.91,60.59
884.92,60.59
884.94,60.59
884.95,60.58
884.97,60.58
884.98,60.58
885.00,60.58
885.01,60.58
885.03,60.58
885.04,60.58
885.06,60.57
885.07,60.57
885.09,60.57
885.10,60.57
885.12,60.57
885.13,60.57
885.14,60.56
885.16,60.56
885.17,60.56
885.19,60.56
885.20,60.56
885.22,60.56
885.23,60.55
885.25,60.55
885.26,60.55
885.28,60.55
885.29,60.55
885.31,60.55
885.32,60.54
885.34,60.54
885.35,60.54
885.37,60.54
885.38,60.54
885.40,60.54
885.41,60.54
885.42,60.53
885.44,60.53
885.45,60.53
885.47,60.53
885.48,60.53
885.50,60.53
885.51,60.52
885.53,60.52
885.54,60.52
885.56,60.52
885.57,60.52
885.59,60.52
885.60,60.52
885.62,60.52
885.63,60.52
885.65,60.52
885.66,60.52
885.67,60.52
885.69,60.52
885.70,60.52
885.72,60.52
885.73,60.52
885.75,60.52
885.76,60.52
885.78,60.52
885.79,60.52
885.81,60.52
885.82,60.52
885.84,60.52
885.85,60.52
885.87,60.52
885.88,60.52
885.90,60.52
885.91,60.52
885.92,60.52
885.94,60.52
885.95,60.52
885.97,60.52
885.98,60.52
886.00,60.52
886.01,60.52
886.03,60.52
886.04,60.52
886.06,60.52
886.07,60.52
886.09,60.52
886.10,60.52
886.12,60.52
886.13,60.52
886.15,60.52
886.16,60.52
886.17,60.52
886.19,60.52
886.20,60.52
886.22,60.52
886.23,60.52
886.25,60.52
886.26,60.52
886.28,60.52
886.29,60.52
886.31,60.52
886.32,60.52
886.34,60.52
886.35,60.52
886.37,60.52
886.38,60.52
886.40,60.52
886.41,60.51
886.42,60.51
886.44,60.51
886.45,60.52
886.47,60.52
886.48,60.52
886.50,60.52
886.51,60.53
886.53,60.53
886.54,60.53
886.56,60.53
886.57,60.54
886.59,60.54
886.60,60.54
886.62,60.55
886.63,60.55
886.65,60.55
886.66,60.55
886.67,60.56
886.69,60.56
886.70,60.56
886.72,60.56
886.73,60.57
886.75,60.57
886.76,60.57
886.78,60.57
886.79,60.58
886.81,60.58
886.82,60.58
886.84,60.58
886.85,60.59
886.87,60.58
886.88,60.58
886.90,60.58
886.91,60.58
886.93,60.58
886.94,60.58
886.95,60.58
886.97,60.57
886.98,60.58
887.00,60.57
887.01,60.57
887.03,60.57
887.04,60.57
887.06,60.56
887.07,60.57
887.09,60.56
887.10,60.56
887.12,60.56
887.13,60.56
887.15,60.55
887.16,60.56
887.18,60.55
887.19,60.55
887.20,60.55
887.22,60.55
887.23,60.54
887.25,60.55
887.26,60.54
887.28,60.54
887.29,60.54
887.31,60.54
887.32,60.54
887.34,60.54
887.35,60.54
887.37,60.53
887.38,60.53
887.40,60.53
887.41,60.53
887.43,60.53
887.44,60.53
887.45,60.52
887.47,60.52
887.48,60.52
887.50,60.52
887.51,60.52
887.53,60.52
887.54,60.51
887.56,60.51
887.57,60.51
887.59,60.51
887.60,60.51
887.62,60.51
887.63,60.50
887.65,60.50
887.66,60.50
887.68,60.50
887.69,60.50
887.70,60.50
887.72,60.50
887.73,60.49
887.75,60.49
887.76,60.49
887.78,60.49
887.79,60.49
887.81,60.49
887.82,60.48
887.84,60.48
887.85,60.48
887.87,60.48
887.88,60.48
887.90,60.48
887.91,60.47
887.93,60.47
887.94,60.47
887.95,60.47
887.97,60.47
887.98,60.47
888.00,60.46
888.01,60.46
888.03,60.46
888.04,60.46
888.06,60.46
888.07,60.46
888.09,60.46
888.10,60.45
888.12,60.45
888.13,60.45
888.15,60.45
888.16,60.45
888.18,60.45
888.19,60.44
888.20,60.44
888.22,60.44
888.23,60.44
888.25,60.44
888.26,60.44
888.28,60.43
888.29,60.43
888.31,60.43
888.32,60.43
888.34,60.43
888.35,60.43
888.37,60.43
888.38,60.42
888.40,60.43
888.41,60.42
888.43,60.42
888.44,60.42
888.46,60.42
888.47,60.41
888.48,60.42
888.50,60.41
888.51,60.41
888.53,60.41
888.54,60.41
888.56,60.40
888.57,60.41
888.59,60.40
888.60,60.40
888.62,60.40
888.63,60.40
888.65,60.39
888.66,60.40
888.68,60.40
888.69,60.39
888.71,60.39
888.72,60.39
888.73,60.39
888.75,60.39
888.76,60.39
888.78,60.38
888.79,60.38
888.81,60.38
888.82,60.38
888.84,60.38
888.85,60.38
888.87,60.37
888.88,60.37
888.90,60.37
888.91,60.37
888.93,60.37
888.94,60.37
888.96,60.36
888.97,60.36
888.98,60.36
889.00,60.36
889.01,60.36
889.03,60.36
889.04,60.36
889.06,60.35
889.07,60.35
889.09,60.35
889.10,60.35
889.12,60.35
889.13,60.35
889.15,60.34
889.16,60.34
889.18,60.34
889.19,60.34
889.21,60.34
889.22,60.34
889.23,60.33
889.25,60.33
889.26,60.33
889.28,60.33
889.29,60.33
889.31,60.33
889.32,60.33
889.34,60.32
889.35,60.32
889.37,60.32
889.38,60.32
889.40,60.32
889.41,60.32
889.43,60.31
889.44,60.31
889.46,60.31
889.47,60.31
889.48,60.31
889.50,60.31
889.51,60.30
889.53,60.30
889.54,60.30
889.56,60.30
889.57,60.30
889.59,60.30
889.60,60.30
889.62,60.29
889.63,60.30
889.65,60.29
889.66,60.29
889.68,60.29
889.69,60.29
889.71,60.29
889.72,60.29
889.73,60.29
889.75,60.29
889.76,60.29
889.78,60.29
889.79,60.29
889.81,60.29
889.82,60.29
889.84,60.29
889.85,60.29
889.87,60.29
889.88,60.29
889.90,60.29
889.91,60.29
889.93,60.29
889.94,60.29
889.96,60.29
889.97,60.29
889.99,60.29
890.00,60.29
890.01,60.29
890.03,60.29
890.04,60.29
890.06,60.29
890.07,60.29
890.09,60.29
890.10,60.29
890.12,60.29
890.13,60.29
890.15,60.29
890.16,60.29
890.18,60.29
890.19,60.29
890.21,60.29
890.22,60.29
890.24,60.29
890.25,60.29
890.26,60.29
890.28,60.29
890.29,60.29
890.31,60.29
890.32,60.29
890.34,60.29
890.35,60.29
890.37,60.29
890.38,60.29
890.40,60.29
890.41,60.29
890.43,60.29
890.44,60.29
890.46,60.29
890.47,60.29
890.49,60.29
890.50,60.29
890.51,60.29
890.53,60.29
890.54,60.29
890.56,60.29
890.57,60.29
890.59,60.29
890.60,60.29
890.62,60.29
890.63,60.29
890.65,60.29
890.66,60.29
890.68,60.29
890.69,60.29
890.71,60.29
890.72,60.28
890.74,60.28
890.75,60.28
890.76,60.28
890.78,60.28
890.79,60.29
890.81,60.29
890.82,60.29
890.84,60.29
890.85,60.30
890.87,60.30
890.88,60.30
890.90,60.31
890.91,60.31
890.93,60.31
890.94,60.31
890.96,60.32
890.97,60.32
890.99,60.32
891.00,60.32
891.01,60.33
891.03,60.33
891.04,60.33
891.06,60.33
891.07,60.34
891.09,60.34
891.10,60.34
891.12,60.35
891.13,60.35
891.15,60.35
891.16,60.35
891.18,60.36
891.19,60.36
891.21,60.36
891.22,60.36
891.24,60.37
891.25,60.37
891.26,60.37
891.28,60.37
891.29,60.38
891.31,60.37
891.32,60.37
891.34,60.37
891.35,60.37
891.37,60.37
891.38,60.37
891.40,60.37
891.41,60.36
891.43,60.36
891.44,60.36
891.46,60.36
891.47,60.36
891.49,60.36
891.50,60.35
891.52,60.35
891.53,60.35
891.54,60.35
891.56,60.35
891.57,60.35
891.59,60.34
891.60,60.34
891.62,60.34
891.63,60.34
891.65,60.34
891.66,60.34
891.68,60.34
891.69,60.33
891.71,60.33
891.72,60.33
891.74,60.33
891.75,60.33
891.77,60.33
891.78,60.33
891.79,60.33
891.81,60.33
891.82,60.33
891.84,60.33
891.85,60.33
891.87,60.32
891.88,60.32
891.90,60.33
891.91,60.33
891.93,60.33
891.94,60.33
891.96,60.33
891.97,60.33
891.99,60.33
892.00,60.33
892.02,60.33
892.03,60.32
892.04,60.32
892.06,60.32
892.07,60.32
892.09,60.32
892.10,60.32
892.12,60.32
892.13,60.31
892.15,60.31
892.16,60.31
892.18,60.31
892.19,60.31
892.21,60.31
892.22,60.30
892.24,60.30
892.25,60.30
892.27,60.30
892.28,60.30
892.29,60.30
892.31,60.29
892.32,60.29
892.34,60.30
892.35,60.29
892.37,60.29
892.38,60.29
892.40,60.29
892.41,60.28
892.43,60.29
892.44,60.28
892.46,60.28
892.47,60.28
892.49,60.28
892.50,60.27
892.52,60.28
892.53,60.27
892.54,60.27
892.56,60.27
892.57,60.27
892.59,60.26
892.60,60.27
892.62,60.26
892.63,60.26
892.65,60.26
892.66,60.26
892.68,60.26
892.69,60.26
892.71,60.26
892.72,60.25
892.74,60.25
892.75,60.25
892.77,60.25
892.78,60.25
892.79,60.25
892.81,60.24
892.82,60.24
892.84,60.24
892.85,60.24
892.87,60.24
892.88,60.24
892.90,60.24
892.91,60.23
892.93,60.23
892.94,60.23
892.96,60.23
892.97,60.23
892.99,60.23
893.00,60.22
893.02,60.22
893.03,60.22
893.05,60.22
893.06,60.22
893.07,60.22
893.09,60.21
893.10,60.21
893.12,60.21
893.13,60.21
893.15,60.21
893.16,60.21
893.18,60.21
893.19,60.20
893.21,60.20
893.22,60.20
893.24,60.20
893.25,60.20
893.27,60.20
893.28,60.19
893.30,60.19
893.31,60.19
893.32,60.19
893.34,60.19
893.35,60.19
893.37,60.18
893.38,60.18
893.40,60.18
893.41,60.18
893.43,60.18
893.44,60.18
893.46,60.18
893.47,60.17
893.49,60.18
893.50,60.17
893.52,60.17
893.53,60.17
893.55,60.17
893.56,60.16
893.57,60.17
893.59,60.16
893.60,60.16
893.62,60.16
893.63,60.16
893.65,60.15
893.66,60.16
893.68,60.16
893.69,60.15
893.71,60.15
893.72,60.15
893.74,60.15
893.75,60.15
893.77,60.15
893.78,60.14
893.80,60.14
893.81,60.14
893.82,60.14
893.84,60.14
893.85,60.14
893.87,60.13
893.88,60.13
893.90,60.13
893.91,60.13
893.93,60.13
893.94,60.13
893.96,60.13
893.97,60.12
893.99,60.12
894.00,60.12
894.02,60.12
894.03,60.12
894.05,60.12
894.06,60.11
894.07,60.11
894.09,60.11
894.10,60.11
894.12,60.11
894.13,60.11
894.15,60.10
894.16,60.10
894.18,60.10
894.19,60.10
894.21,60.10
894.22,60.10
894.24,60.10
894.25,60.09
894.27,60.09
894.28,60.09
894.30,60.09
894.31,60.09
894.32,60.09
894.34,60.08
894.35,60.08
894.37,60.08
894.38,60.08
894.40,60.08
894.41,60.08
894.43,60.08
894.44,60.07
894.46,60.08
894.47,60.07
894.49,60.07
894.50,60.07
894.52,60.07
894.53,60.06
894.55,60.07
894.56,60.06
894.58,60.06
894.59,60.06
894.60,60.06
894.62,60.05
894.63,60.06
894.65,60.06
894.66,60.05
894.68,60.05
894.69,60.05
894.71,60.05
894.72,60.05
894.74,60.05
894.75,60.04
894.77,60.04
894.78,60.04
894.80,60.04
894.81,60.04
894.83,60.04
894.84,60.03
894.85,60.03
894.87,60.03
894.88,60.03
894.90,60.03
894.91,60.03
894.93,60.03
894.94,60.03
894.96,60.03
894.97,60.03
894.99,60.03
895.00,60.03
895.02,60.03
895.03,60.03
895.05,60.03
895.06,60.03
895.08,60.03
895.09,60.03
895.10,60.03
895.12,60.03
895.13,60.03
895.15,60.03
895.16,60.03
895.18,60.03
895.19,60.03
895.21,60.03
895.22,60.03
895.24,60.03
895.25,60.03
895.27,60.03
895.28,60.03
895.30,60.03
895.31,60.03
895.33,60.03
895.34,60.03
895.35,60.03
895.37,60.03
895.38,60.03
895.40,60.03
895.41,60.03
895.43,60.03
895.44,60.03
895.46,60.03
895.47,60.03
895.49,60.03
895.50,60.03
895.52,60.03
895.53,60.03
895.55,60.03
895.56,60.03
895.58,60.03
895.59,60.03
895.60,60.03
895.62,60.03
895.63,60.03
895.65,60.03
895.66,60.03
895.68,60.03
895.69,60.03
895.71,60.03
895.72,60.03
895.74,60.03
895.75,60.03
895.77,60.03
895.78,60.03
895.80,60.03
895.81,60.03
895.83,60.03
895.84,60.03
895.85,60.03
895.87,60.03
895.88,60.03
895.90,60.03
895.91,60.03
895.93,60.03
895.94,60.03
895.96,60.03
895.97,60.03
895.99,60.03
896.00,60.03
896.02,60.03
896.03,60.03
896.05,60.03
896.06,60.03
896.08,60.02
896.09,60.02
896.10,60.02
896.12,60.02
896.13,60.03
896.15,60.03
896.16,60.03
896.18,60.03
896.19,60.04
896.21,60.04
896.22,60.04
896.24,60.04
896.25,60.05
896.27,60.05
896.28,60.05
896.30,60.06
896.31,60.06
896.33,60.06
896.34,60.06
896.36,60.07
896.37,60.07
896.38,60.07
896.40,60.07
896.41,60.08
896.43,60.08
896.44,60.08
896.46,60.09
896.47,60.09
896.49,60.09
896.50,60.09
896.52,60.10
896.53,60.10
896.55,60.10
896.56,60.10
896.58,60.11
896.59,60.11
896.61,60.11
896.62,60.12
896.63,60.12
896.65,60.12
896.66,60.12
896.68,60.13
896.69,60.13
896.71,60.13
896.72,60.12
896.74,60.12
896.75,60.12
896.77,60.12
896.78,60.12
896.80,60.12
896.81,60.11
896.83,60.11
896.84,60.12
896.86,60.11
896.87,60.11
896.88,60.11
896.90,60.11
896.91,60.10
896.93,60.11
896.94,60.10
896.96,60.10
896.97,60.10
896.99,60.10
897.00,60.09
897.02,60.10
897.03,60.09
897.05,60.09
897.06,60.09
897.08,60.09
897.09,60.09
897.11,60.09
897.12,60.09
897.13,60.08
897.15,60.08
897.16,60.08
897.18,60.08
897.19,60.08
897.21,60.08
897.22,60.07
897.24,60.07
897.25,60.07
897.27,60.07
897.28,60.07
897.30,60.07
897.31,60.07
897.33,60.06
897.34,60.06
897.36,60.06
897.37,60.06
897.38,60.06
897.40,60.06
897.41,60.05
897.43,60.05
897.44,60.05
897.46,60.05
897.47,60.05
897.49,60.05
897.50,60.04
897.52,60.04
897.53,60.04
897.55,60.04
897.56,60.04
897.58,60.04
897.59,60.04
897.61,60.03
897.62,60.03
897.63,60.03
897.65,60.03
897.66,60.03
897.68,60.03
897.69,60.02
897.71,60.02
897.72,60.02
897.74,60.02
897.75,60.02
897.77,60.02
897.78,60.02
897.80,60.01
897.81,60.02
897.83,60.01
897.84,60.01
897.86,60.01
897.87,60.01
897.89,60.00
897.90,60.01
897.91,60.00
897.93,60.00
897.94,60.00
897.96,60.00
897.97,60.00
897.99,60.00
898.00,60.00
898.02,59.99
898.03,59.99
898.05,59.99
898.06,59.99
898.08,59.99
898.09,59.99
898.11,59.98
898.12,59.98
898.14,59.98
898.15,59.98
898.16,59.98
898.18,59.98
898.19,59.98
898.21,59.97
898.22,59.97
898.24,59.97
898.25,59.97
898.27,59.97
898.28,59.97
898.30,59.96
898.31,59.96
898.33,59.96
898.34,59.96
898.36,59.96
898.37,59.96
898.39,59.95
898.40,59.95
898.41,59.95
898.43,59.95
898.44,59.95
898.46,59.95
898.47,59.95
898.49,59.94
898.50,59.94
898.52,59.94
898.53,59.94
898.55,59.94
898.56,59.94
898.58,59.93
898.59,59.93
898.61,59.94
898.62,59.93
898.64,59.93
898.65,59.93
898.66,59.93
898.68,59.92
898.69,59.93
898.71,59.92
898.72,59.92
898.74,59.92
898.75,59.92
898.77,59.91
898.78,59.92
898.80,59.91
898.81,59.91
898.83,59.91
898.84,59.91
898.86,59.91
898.87,59.91
898.89,59.91
898.90,59.90
898.91,59.90
898.93,59.90
898.94,59.90
898.96,59.90
898.97,59.90
898.99,59.89
899.00,59.89
899.02,59.89
899.03,59.89
899.05,59.89
899.06,59.89
899.08,59.89
899.09,59.88
899.11,59.88
899.12,59.88
899.14,59.88
899.15,59.88
899.16,59.88
899.18,59.87
899.19,59.87
899.21,59.87
899.22,59.87
899.24,59.87
899.25,59.87
899.27,59.87
899.28,59.86
899.30,59.86
899.31,59.86
899.33,59.86
899.34,59.86
899.36,59.86
899.37,59.85
899.39,59.85
899.40,59.85
899.42,59.85
899.43,59.85
899.44,59.85
899.46,59.85
899.47,59.84
899.49,59.85
899.50,59.84
899.52,59.84
899.53,59.84
899.55,59.84
899.56,59.83
899.58,59.84
899.59,59.83
899.61,59.83
899.62,59.83
899.64,59.83
899.65,59.83
899.67,59.83
899.68,59.83
899.69,59.82
899.71,59.82
899.72,59.82
899.74,59.82
899.75,59.82
899.77,59.82
899.78,59.81
899.80,59.81
899.81,59.81
899.83,59.81
899.84,59.81
899.86,59.81
899.87,59.81
899.89,59.80
899.90,59.80
899.92,59.80
899.93,59.80
899.94,59.80
899.96,59.80
899.97,59.79
899.99,59.79
900.00,59.79
900.02,59.79
900.03,59.79
900.05,59.79
900.06,59.79
900.08,59.78
900.09,59.78
900.11,59.78
900.12,59.78
900.14,59.78
900.15,59.78
900.17,59.77
900.18,59.77
900.19,59.78
900.21,59.77
900.22,59.77
900.24,59.77
900.25,59.77
900.27,59.76
900.28,59.77
900.30,59.76
900.31,59.76
900.33,59.76
900.34,59.76
900.36,59.75
900.37,59.76
900.39,59.76
900.40,59.75
900.42,59.75
900.43,59.75
900.44,59.75
900.46,59.75
900.47,59.75
900.49,59.74
900.50,59.74
900.52,59.74
900.53,59.74
900.55,59.74
900.56,59.74
900.58,59.74
900.59,59.73
900.61,59.73
900.62,59.73
900.64,59.73
900.65,59.73
900.67,59.73
900.68,59.72
900.69,59.72
900.71,59.72
900.72,59.72
900.74,59.72
900.75,59.72
900.77,59.72
900.78,59.71
900.80,59.71
900.81,59.71
900.83,59.71
900.84,59.71
900.86,59.71
900.87,59.70
900.89,59.70
900.90,59.70
900.92,59.70
900.93,59.70
900.95,59.70
900.96,59.70
900.97,59.69
900.99,59.70
901.00,59.69
901.02,59.69
901.03,59.69
901.05,59.69
901.06,59.68
901.08,59.69
901.09,59.68
901.11,59.68
901.12,59.68
901.14,59.68
901.15,59.68
901.17,59.68
901.18,59.68
901.20,59.67
901.21,59.67
901.22,59.67
901.24,59.67
901.25,59.67
901.27,59.67
901.28,59.67
901.30,59.67
901.31,59.67
901.33,59.67
901.34,59.67
901.36,59.67
901.37,59.67
901.39,59.67
901.40,59.67
901.42,59.67
901.43,59.67
901.45,59.67
901.46,59.67
901.47,59.67
901.49,59.67
901.50,59.67
901.52,59.67
901.53,59.67
901.55,59.67
901.56,59.67
901.58,59.67
901.59,59.67
901.61,59.67
901.62,59.67
901.64,59.67
901.65,59.67
901.67,59.67
901.68,59.67
901.70,59.67
901.71,59.67
901.72,59.67
901.74,59.67
901.75,59.67
901.77,59.67
901.78,59.67
901.80,59.67
901.81,59.67
901.83,59.67
901.84,59.67
901.86,59.67
901.87,59.67
901.89,59.67
901.90,59.68
901.92,59.68
901.93,59.68
901.95,59.68
901.96,59.68
901.97,59.68
901.99,59.68
902.00,59.68
902.02,59.68
902.03,59.68
902.05,59.68
902.06,59.68
902.08,59.68
902.09,59.68
902.11,59.68
902.12,59.68
902.14,59.68
902.15,59.68
902.17,59.68
902.18,59.68
902.20,59.68
902.21,59.68
902.22,59.68
902.24,59.68
902.25,59.68
902.27,59.68
902.28,59.67
902.30,59.67
902.31,59.67
902.33,59.67
902.34,59.67
902.36,59.67
902.37,59.68
902.39,59.68
902.40,59.68
902.42,59.68
902.43,59.69
902.45,59.69
902.46,59.69
902.48,59.70
902.49,59.70
902.50,59.70
902.52,59.70
902.53,59.71
902.55,59.71
902.56,59.71
902.58,59.72
902.59,59.72
902.61,59.72
902.62,59.72
902.64,59.73
902.65,59.73
902.67,59.73
902.68,59.73
902.70,59.74
902.71,59.74
902.73,59.74
902.74,59.75
902.75,59.75
902.77,59.75
902.78,59.75
902.80,59.76
902.81,59.76
902.83,59.76
902.84,59.77
902.86,59.77
902.87,59.77
902.89,59.77
902.90,59.77
902.92,59.76
902.93,59.76
902.95,59.76
902.96,59.76
902.98,59.76
902.99,59.76
903.00,59.76
903.02,59.75
903.03,59.75
903.05,59.75
903.06,59.75
903.08,59.75
903.09,59.75
903.11,59.74
903.12,59.74
903.14,59.74
903.15,59.74
903.17,59.74
903.18,59.74
903.20,59.74
903.21,59.73
903.23,59.74
903.24,59.73
903.25,59.73
903.27,59.73
903.28,59.73
903.30,59.72
903.31,59.73
903.33,59.72
903.34,59.72
903.36,59.72
903.37,59.72
903.39,59.72
903.40,59.72
903.42,59.72
903.43,59.71
903.45,59.71
903.46,59.71
903.48,59.71
903.49,59.71
903.50,59.71
903.52,59.70
903.53,59.70
903.55,59.70
903.56,59.70
903.58,59.70
903.59,59.70
903.61,59.70
903.62,59.69
903.64,59.69
903.65,59.69
903.67,59.69
903.68,59.69
903.70,59.69
903.71,59.69
903.73,59.68
903.74,59.68
903.75,59.68
903.77,59.68
903.78,59.68
903.80,59.68
903.81,59.67
903.83,59.67
903.84,59.67
903.86,59.67
903.87,59.67
903.89,59.67
903.90,59.67
903.92,59.66
903.93,59.67
903.95,59.66
903.96,59.66
903.98,59.66
903.99,59.66
904.01,59.65
904.02,59.66
904.03,59.65
904.05,59.65
904.06,59.65
904.08,59.65
904.09,59.65
904.11,59.65
904.12,59.65
904.14,59.64
904.15,59.64
904.17,59.64
904.18,59.64
904.20,59.64
904.21,59.64
904.23,59.63
904.24,59.63
904.26,59.63
904.27,59.63
904.28,59.63
904.30,59.63
904.31,59.63
904.33,59.62
904.34,59.62
904.36,59.62
904.37,59.62
904.39,59.62
904.40,59.62
904.42,59.62
904.43,59.61
904.45,59.61
904.46,59.61
904.48,59.61
904.49,59.61
904.51,59.61
904.52,59.60
904.53,59.60
904.55,59.60
904.56,59.60
904.58,59.60
904.59,59.60
904.61,59.60
904.62,59.59
904.64,59.60
904.65,59.59
904.67,59.59
904.68,59.59
904.70,59.59
904.71,59.58
904.73,59.59
904.74,59.59
904.76,59.58
904.77,59.58
904.78,59.58
904.80,59.58
904.81,59.58
904.83,59.58
904.84,59.57
904.86,59.57
904.87,59.57
904.89,59.57
904.90,59.57
904.92,59.57
904.93,59.57
904.95,59.56
904.96,59.56
904.98,59.56
904.99,59.56
905.01,59.56
905.02,59.56
905.03,59.55
905.05,59.55
905.06,59.55
905.08,59.55
905.09,59.55
905.11,59.55
905.12,59.55
905.14,59.54
905.15,59.54
905.17,59.54
905.18,59.54
905.20,59.54
905.21,59.54
905.23,59.53
905.24,59.53
905.26,59.54
905.27,59.53
905.28,59.53
905.30,59.53
905.31,59.53
905.33,59.52
905.34,59.53
905.36,59.52
905.37,59.52
905.39,59.52
905.40,59.52
905.42,59.52
905.43,59.52
905.45,59.52
905.46,59.51
905.48,59.51
905.49,59.51
905.51,59.51
905.52,59.51
905.54,59.51
905.55,59.51
905.56,59.51
905.58,59.51
905.59,59.51
905.61,59.51
905.62,59.51
905.64,59.51
905.65,59.51
905.67,59.51
905.68,59.51
905.70,59.51
905.71,59.51
905.73,59.51
905.74,59.51
905.76,59.51
905.77,59.51
905.79,59.51
905.80,59.51
905.81,59.51
905.83,59.51
905.84,59.51
905.86,59.51
905.87,59.51
905.89,59.51
905.90,59.51
905.92,59.51
905.93,59.51
905.95,59.51
905.96,59.51
905.98,59.51
905.99,59.51
906.01,59.51
906.02,59.51
906.04,59.52
906.05,59.52
906.06,59.52
906.08,59.52
906.09,59.52
906.11,59.52
906.12,59.52
906.14,59.52
906.15,59.52
906.17,59.52
906.18,59.52
906.20,59.52
906.21,59.52
906.23,59.52
906.24,59.52
906.26,59.52
906.27,59.52
906.29,59.52
906.30,59.52
906.31,59.52
906.33,59.52
906.34,59.52
906.36,59.52
906.37,59.52
906.39,59.52
906.40,59.52
906.42,59.52
906.43,59.52
906.45,59.52
906.46,59.52
906.48,59.52
906.49,59.52
906.51,59.52
906.52,59.52
906.54,59.51
906.55,59.51
906.56,59.51
906.58,59.52
906.59,59.52
906.61,59.52
906.62,59.53
906.64,59.53
906.65,59.53
906.67,59.53
906.68,59.54
906.70,59.54
906.71,59.54
906.73,59.55
906.74,59.55
906.76,59.55
906.77,59.55
906.79,59.56
906.80,59.56
906.81,59.56
906.83,59.57
906.84,59.57
906.86,59.57
906.87,59.57
906.89,59.58
906.90,59.58
906.92,59.58
906.93,59.59
906.95,59.59
906.96,59.59
906.98,59.59
906.99,59.60
907.01,59.60
907.02,59.60
907.04,59.60
907.05,59.61
907.07,59.61
907.08,59.61
907.09,59.62
907.11,59.61
907.12,59.61
907.14,59.61
907.15,59.61
907.17,59.61
907.18,59.61
907.20,59.61
907.21,59.60
907.23,59.60
907.24,59.60
907.26,59.60
907.27,59.60
907.29,59.60
907.30,59.59
907.32,59.59
907.33,59.59
907.34,59.59
907.36,59.59
907.37,59.59
907.39,59.59
907.40,59.58
907.42,59.58
907.43,59.58
907.45,59.58
907.46,59.58
907.48,59.58
907.49,59.57
907.51,59.57
907.52,59.58
907.54,59.57
907.55,59.57
907.57,59.57
907.58,59.57
907.59,59.56
907.61,59.57
907.62,59.56
907.64,59.56
907.65,59.56
907.67,59.56
907.68,59.55
907.70,59.56
907.71,59.56
907.73,59.55
907.74,59.55
907.76,59.55
907.77,59.55
907.79,59.55
907.80,59.55
907.82,59.54
907.83,59.54
907.84,59.54
907.86,59.54
907.87,59.54
907.89,59.54
907.90,59.54
907.92,59.53
907.93,59.53
907.95,59.53
907.96,59.53
907.98,59.53
907.99,59.53
908.01,59.52
908.02,59.52
908.04,59.52
908.05,59.52
908.07,59.52
908.08,59.52
908.09,59.52
908.11,59.51
908.12,59.51
908.14,59.51
908.15,59.51
908.17,59.51
908.18,59.51
908.20,59.51
908.21,59.50
908.23,59.51
908.24,59.50
908.26,59.50
908.27,59.50
908.29,59.50
908.30,59.49
908.32,59.50
908.33,59.50
908.34,59.49
908.36,59.49
908.37,59.49
908.39,59.49
908.40,59.49
908.42,59.49
908.43,59.48
908.45,59.48
908.46,59.48
908.48,59.48
908.49,59.48
908.51,59.48
908.52,59.48
908.54,59.47
908.55,59.47
908.57,59.47
908.58,59.47
908.60,59.47
908.61,59.47
908.62,59.46
908.64,59.46
908.65,59.46
908.67,59.46
908.68,59.46
908.70,59.46
908.71,59.46
908.73,59.45
908.74,59.45
908.76,59.45
908.77,59.45
908.79,59.45
908.80,59.45
908.82,59.45
908.83,59.44
908.85,59.45
908.86,59.44
908.87,59.44
908.89,59.44
908.90,59.44
908.92,59.43
908.93,59.44
908.95,59.44
908.96,59.43
908.98,59.43
908.99,59.43
909.01,59.43
909.02,59.43
909.04,59.43
909.05,59.42
909.07,59.42
909.08,59.42
909.10,59.42
909.11,59.42
909.12,59.42
909.14,59.42
909.15,59.41
909.17,59.41
909.18,59.41
909.20,59.41
909.21,59.41
909.23,59.41
909.24,59.40
909.26,59.40
909.27,59.41
909.29,59.41
909.30,59.41
909.32,59.41
909.33,59.41
909.35,59.41
909.36,59.41
909.37,59.41
909.39,59.41
909.40,59.41
909.42,59.41
909.43,59.41
909.45,59.41
909.46,59.41
909.48,59.41
909.49,59.41
909.51,59.41
909.52,59.41
909.54,59.41
909.55,59.41
909.57,59.41
909.58,59.41
909.60,59.41
909.61,59.41
909.62,59.41
909.64,59.41
909.65,59.41
909.67,59.41
909.68,59.41
909.70,59.41
909.71,59.41
909.73,59.42
909.74,59.42
909.76,59.42
909.77,59.43
909.79,59.43
909.80,59.43
909.82,59.43
909.83,59.44
909.85,59.44
909.86,59.44
909.87,59.45
909.89,59.45
909.90,59.45
909.92,59.44
909.93,59.44
909.95,59.44
909.96,59.44
909.98,59.44
909.99,59.44
910.01,59.44
910.02,59.43
910.04,59.43
910.05,59.43
910.07,59.43
910.08,59.43
910.10,59.43
910.11,59.42
910.13,59.42
910.14,59.42
910.15,59.42
910.17,59.42
910.18,59.42
910.20,59.42
910.21,59.41
910.23,59.41
910.24,59.41
910.26,59.41
910.27,59.41
910.29,59.41
910.30,59.41
910.32,59.41
910.33,59.41
910.35,59.41
910.36,59.41
910.38,59.41
910.39,59.41
910.40,59.41
910.42,59.41
910.43,59.41
910.45,59.41
910.46,59.41
910.48,59.41
910.49,59.41
910.51,59.41
910.52,59.41
910.54,59.41
910.55,59.41
910.57,59.41
910.58,59.41
910.60,59.41
910.61,59.41
910.63,59.41
910.64,59.42
910.65,59.42
910.67,59.42
910.68,59.43
910.70,59.43
910.71,59.43
910.73,59.43
910.74,59.43
910.76,59.43
910.77,59.43
910.79,59.43
910.80,59.43
910.82,59.43
910.83,59.42
910.85,59.42
910.86,59.42
910.88,59.42
910.89,59.42
910.90,59.42
910.92,59.41
910.93,59.41
910.95,59.42
910.96,59.41
910.98,59.41
910.99,59.41
911.01,59.41
911.02,59.40
911.04,59.41
911.05,59.40
911.07,59.40
911.08,59.40
911.10,59.40
911.11,59.40
911.13,59.40
911.14,59.40
911.15,59.39
911.17,59.39
911.18,59.39
911.20,59.39
911.21,59.39
911.23,59.39
911.24,59.39
911.26,59.39
911.27,59.39
911.29,59.39
911.30,59.39
911.32,59.39
911.33,59.39
911.35,59.39
911.36,59.39
911.38,59.39
911.39,59.39
911.40,59.39
911.42,59.39
911.43,59.39
911.45,59.39
911.46,59.39
911.48,59.39
911.49,59.39
911.51,59.39
911.52,59.39
911.54,59.39
911.55,59.39
911.57,59.39
911.58,59.39
911.60,59.39
911.61,59.39
911.63,59.39
911.64,59.39
911.66,59.39
911.67,59.39
911.68,59.39
911.70,59.39
911.71,59.39
911.73,59.39
911.74,59.39
911.76,59.39
911.77,59.39
911.79,59.39
911.80,59.39
911.82,59.39
911.83,59.39
911.85,59.39
911.86,59.39
911.88,59.39
911.89,59.39
911.91,59.39
911.92,59.39
911.93,59.39
911.95,59.40
911.96,59.40
911.98,59.40
911.99,59.40
912.01,59.40
912.02,59.40
912.04,59.40
912.05,59.40
912.07,59.40
912.08,59.40
912.10,59.40
912.11,59.40
912.13,59.40
912.14,59.40
912.16,59.40
912.17,59.40
912.18,59.40
912.20,59.40
912.21,59.40
912.23,59.39
912.24,59.39
912.26,59.39
912.27,59.39
912.29,59.39
912.30,59.39
912.32,59.39
912.33,59.39
912.35,59.39
912.36,59.39
912.38,59.39
912.39,59.39
912.41,59.39
912.42,59.39
912.43,59.39
912.45,59.39
912.46,59.39
912.48,59.40
912.49,59.40
912.51,59.40
912.52,59.40
912.54,59.40
912.55,59.40
912.57,59.39
912.58,59.39
912.60,59.39
912.61,59.39
912.63,59.39
912.64,59.39
912.66,59.39
912.67,59.40
912.68,59.40
912.70,59.40
912.71,59.41
912.73,59.41
912.74,59.41
912.76,59.42
912.77,59.42
912.79,59.42
912.80,59.42
912.82,59.43
912.83,59.43
912.85,59.43
912.86,59.44
912.88,59.44
912.89,59.44
912.91,59.44
912.92,59.45
912.93,59.45
912.95,59.45
912.96,59.46
912.98,59.46
912.99,59.46
913.01,59.46
913.02,59.47
913.04,59.47
913.05,59.47
913.07,59.48
913.08,59.48
913.10,59.48
913.11,59.48
913.13,59.49
913.14,59.49
913.16,59.49
913.17,59.50
913.19,59.50
913.20,59.50
913.21,59.50
913.23,59.51
913.24,59.51
913.26,59.51
913.27,59.52
913.29,59.52
913.30,59.52
913.32,59.52
913.33,59.52
913.35,59.52
913.36,59.52
913.38,59.51
913.39,59.51
913.41,59.51
913.42,59.51
913.44,59.51
913.45,59.51
913.46,59.51
913.48,59.50
913.49,59.50
913.51,59.50
913.52,59.50
913.54,59.50
913.55,59.50
913.57,59.49
913.58,59.49
913.60,59.50
913.61,59.49
913.63,59.49
913.64,59.49
913.66,59.49
913.67,59.48
913.69,59.49
913.70,59.48
913.71,59.48
913.73,59.48
913.74,59.48
913.76,59.48
913.77,59.48
913.79,59.48
913.80,59.47
913.82,59.47
913.83,59.47
913.85,59.47
913.86,59.47
913.88,59.47
913.89,59.47
913.91,59.46
913.92,59.46
913.94,59.46
913.95,59.46
913.96,59.46
913.98,59.46
913.99,59.45
914.01,59.45
914.02,59.45
914.04,59.45
914.05,59.45
914.07,59.45
914.08,59.45
914.10,59.44
914.11,59.44
914.13,59.44
914.14,59.44
914.16,59.44
914.17,59.44
914.19,59.43
914.20,59.43
914.21,59.44
914.23,59.43
914.24,59.43
914.26,59.43
914.27,59.43
914.29,59.42
914.30,59.43
914.32,59.42
914.33,59.42
914.35,59.42
914.36,59.42
914.38,59.42
914.39,59.42
914.41,59.42
914.42,59.41
914.44,59.41
914.45,59.41
914.46,59.41
914.48,59.41
914.49,59.41
914.51,59.41
914.52,59.40
914.54,59.40
914.55,59.40
914.57,59.40
914.58,59.40
914.60,59.40
914.61,59.39
914.63,59.39
914.64,59.39
914.66,59.39
914.67,59.39
914.69,59.39
914.70,59.39
914.72,59.38
914.73,59.38
914.74,59.38
914.76,59.38
914.77,59.38
914.79,59.38
914.80,59.38
914.82,59.37
914.83,59.38
914.85,59.37
914.86,59.37
914.88,59.37
914.89,59.37
914.91,59.36
914.92,59.37
914.94,59.37
914.95,59.36
914.97,59.36
914.98,59.36
914.99,59.36
915.01,59.36
915.02,59.36
915.04,59.35
915.05,59.35
915.07,59.35
915.08,59.35
915.10,59.35
915.11,59.35
915.13,59.35
915.14,59.34
915.16,59.34
915.17,59.34
915.19,59.34
915.20,59.34
915.22,59.34
915.23,59.33
915.24,59.33
915.26,59.33
915.27,59.33
915.29,59.33
915.30,59.33
915.32,59.33
915.33,59.32
915.35,59.32
915.36,59.32
915.38,59.32
915.39,59.32
915.41,59.32
915.42,59.32
915.44,59.31
915.45,59.32
915.47,59.31
915.48,59.31
915.49,59.31
915.51,59.31
915.52,59.30
915.54,59.31
915.55,59.31
915.57,59.30
915.58,59.30
915.60,59.30
915.61,59.30
915.63,59.30
915.64,59.30
915.66,59.29
915.67,59.29
915.69,59.29
915.70,59.29
915.72,59.29
915.73,59.29
915.74,59.29
915.76,59.28
915.77,59.28
915.79,59.28
915.80,59.28
915.82,59.28
915.83,59.28
915.85,59.28
915.86,59.27
915.88,59.27
915.89,59.27
915.91,59.27
915.92,59.27
915.94,59.27
915.95,59.27
915.97,59.26
915.98,59.27
915.99,59.26
916.01,59.26
916.02,59.26
916.04,59.26
916.05,59.25
916.07,59.26
916.08,59.26
916.10,59.25
916.11,59.25
916.13,59.25
916.14,59.25
916.16,59.25
916.17,59.25
916.19,59.24
916.20,59.24
916.22,59.24
916.23,59.24
916.25,59.24
916.26,59.24
916.27,59.24
916.29,59.23
916.30,59.23
916.32,59.23
916.33,59.23
916.35,59.23
916.36,59.23
916.38,59.23
916.39,59.22
916.41,59.22
916.42,59.22
916.44,59.22
916.45,59.22
916.47,59.22
916.48,59.21
916.50,59.21
916.51,59.22
916.52,59.21
916.54,59.21
916.55,59.21
916.57,59.21
916.58,59.20
916.60,59.20
916.61,59.20
916.63,59.20
916.64,59.20
916.66,59.20
916.67,59.20
916.69,59.21
916.70,59.21
916.72,59.21
916.73,59.21
916.75,59.21
916.76,59.21
916.77,59.21
916.79,59.21
916.80,59.21
916.82,59.21
916.83,59.21
916.85,59.21
916.86,59.21
916.88,59.21
916.89,59.21
916.91,59.21
916.92,59.21
916.94,59.21
916.95,59.21
916.97,59.21
916.98,59.21
917.00,59.21
917.01,59.21
917.02,59.21
917.04,59.21
917.05,59.21
917.07,59.21
917.08,59.21
917.10,59.21
917.11,59.22
917.13,59.22
917.14,59.22
917.16,59.22
917.17,59.23
917.19,59.23
917.20,59.23
917.22,59.24
917.23,59.24
917.25,59.24
917.26,59.24
917.27,59.25
917.29,59.25
917.30,59.25
917.32,59.25
917.33,59.25
917.35,59.25
917.36,59.25
917.38,59.25
917.39,59.25
917.41,59.25
917.42,59.25
917.44,59.25
917.45,59.25
917.47,59.25
917.48,59.25
917.50,59.25
917.51,59.25
917.52,59.25
917.54,59.25
917.55,59.25
917.57,59.25
917.58,59.25
917.60,59.25
917.61,59.25
917.63,59.25
917.64,59.26
917.66,59.26
917.67,59.26
917.69,59.27
917.70,59.27
917.72,59.27
917.73,59.27
917.75,59.28
917.76,59.28
917.77,59.28
917.79,59.29
917.80,59.29
917.82,59.29
917.83,59.28
917.85,59.29
917.86,59.28
917.88,59.28
917.89,59.28
917.91,59.28
917.92,59.28
917.94,59.28
917.95,59.28
917.97,59.27
917.98,59.27
918.00,59.27
918.01,59.27
918.03,59.27
918.04,59.27
918.05,59.27
918.07,59.26
918.08,59.26
918.10,59.26
918.11,59.26
918.13,59.26
918.14,59.26
918.16,59.25
918.17,59.25
918.19,59.25
918.20,59.25
918.22,59.25
918.23,59.25
918.25,59.25
918.26,59.24
918.28,59.24
918.29,59.24
918.30,59.24
918.32,59.24
918.33,59.24
918.35,59.24
918.36,59.23
918.38,59.24
918.39,59.23
918.41,59.23
918.42,59.23
918.44,59.23
918.45,59.23
918.47,59.23
918.48,59.23
918.50,59.22
918.51,59.22
918.53,59.22
918.54,59.22
918.55,59.22
918.57,59.22
918.58,59.22
918.60,59.21
918.61,59.21
918.63,59.21
918.64,59.21
918.66,59.21
918.67,59.21
918.69,59.21
918.70,59.21
918.72,59.21
918.73,59.21
918.75,59.21
918.76,59.21
918.78,59.21
918.79,59.21
918.80,59.21
918.82,59.21
918.83,59.21
918.85,59.21
918.86,59.21
918.88,59.21
918.89,59.21
918.91,59.21
918.92,59.21
918.94,59.21
918.95,59.21
918.97,59.21
918.98,59.21
919.00,59.21
919.01,59.21
919.03,59.21
919.04,59.21
919.05,59.21
919.07,59.21
919.08,59.21
919.10,59.21
919.11,59.21
919.13,59.21
919.14,59.21
919.16,59.21
919.17,59.21
919.19,59.21
919.20,59.21
919.22,59.21
919.23,59.21
919.25,59.21
919.26,59.21
919.28,59.21
919.29,59.21
919.30,59.21
919.32,59.21
919.33,59.21
919.35,59.21
919.36,59.21
919.38,59.22
919.39,59.22
919.41,59.22
919.42,59.23
919.44,59.23
919.45,59.23
919.47,59.24
919.48,59.24
919.50,59.24
919.51,59.24
919.53,59.25
919.54,59.25
919.56,59.25
919.57,59.26
919.58,59.26
919.60,59.26
919.61,59.26
919.63,59.26
919.64,59.27
919.66,59.26
919.67,59.26
919.69,59.26
919.70,59.26
919.72,59.25
919.73,59.26
919.75,59.25
919.76,59.25
919.78,59.25
919.79,59.25
919.81,59.25
919.82,59.25
919.83,59.25
919.85,59.24
919.86,59.24
919.88,59.24
919.89,59.24
919.91,59.24
919.92,59.24
919.94,59.24
919.95,59.23
919.97,59.23
919.98,59.23
920.00,59.23
920.01,59.23
920.03,59.23
920.04,59.22
920.06,59.22
920.07,59.22
920.08,59.22
920.10,59.22
920.11,59.22
920.13,59.22
920.14,59.21
920.16,59.21
920.17,59.21
920.19,59.21
920.20,59.21
920.22,59.21
920.23,59.21
920.25,59.20
920.26,59.21
920.28,59.20
920.29,59.20
920.31,59.20
920.32,59.20
920.33,59.20
920.35,59.20
920.36,59.20
920.38,59.19
920.39,59.19
920.41,59.19
920.42,59.19
920.44,59.19
920.45,59.19
920.47,59.19
920.48,59.18
920.50,59.18
920.51,59.18
920.53,59.18
920.54,59.18
920.56,59.18
920.57,59.17
920.58,59.17
920.60,59.17
920.61,59.17
920.63,59.17
920.64,59.17
920.66,59.17
920.67,59.16
920.69,59.16
920.70,59.16
920.72,59.16
920.73,59.16
920.75,59.16
920.76,59.16
920.78,59.15
920.79,59.16
920.81,59.15
920.82,59.15
920.83,59.15
920.85,59.15
920.86,59.14
920.88,59.15
920.89,59.15
920.91,59.14
920.92,59.14
920.94,59.14
920.95,59.14
920.97,59.14
920.98,59.14
921.00,59.14
921.01,59.13
921.03,59.13
921.04,59.13
921.06,59.13
921.07,59.13
921.09,59.13
921.10,59.12
921.11,59.12
921.13,59.12
921.14,59.12
921.16,59.12
921.17,59.12
921.19,59.12
921.20,59.11
921.22,59.11
921.23,59.11
921.25,59.11
921.26,59.11
921.28,59.11
921.29,59.11
921.31,59.10
921.32,59.11
921.34,59.10
921.35,59.10
921.36,59.10
921.38,59.10
921.39,59.10
921.41,59.10
921.42,59.10
921.44,59.09
921.45,59.09
921.47,59.09
921.48,59.09
921.50,59.09
921.51,59.09
921.53,59.09
921.54,59.08
921.56,59.08
921.57,59.08
921.59,59.08
921.60,59.08
921.61,59.08
921.63,59.08
921.64,59.09
921.66,59.09
921.67,59.09
921.69,59.09
921.70,59.09
921.72,59.09
921.73,59.09
921.75,59.09
921.76,59.09
921.78,59.09
921.79,59.09
921.81,59.09
921.82,59.09
921.84,59.09
921.85,59.09
921.86,59.09
921.88,59.09
921.89,59.09
921.91,59.09
921.92,59.09
921.94,59.09
921.95,59.09
921.97,59.09
921.98,59.08
922.00,59.08
922.01,59.08
922.03,59.08
922.04,59.08
922.06,59.08
922.07,59.08
922.09,59.09
922.10,59.09
922.11,59.09
922.13,59.09
922.14,59.09
922.16,59.08
922.17,59.08
922.19,59.08
922.20,59.08
922.22,59.08
922.23,59.09
922.25,59.09
922.26,59.09
922.28,59.10
922.29,59.10
922.31,59.10
922.32,59.11
922.34,59.11
922.35,59.11
922.36,59.11
922.38,59.12
922.39,59.12
922.41,59.12
922.42,59.13
922.44,59.13
922.45,59.13
922.47,59.13
922.48,59.14
922.50,59.14
922.51,59.14
922.53,59.15
922.54,59.15
922.56,59.15
922.57,59.16
922.59,59.16
922.60,59.16
922.62,59.16
922.63,59.17
922.64,59.17
922.66,59.17
922.67,59.18
922.69,59.18
922.70,59.18
922.72,59.18
922.73,59.19
922.75,59.19
922.76,59.19
922.78,59.19
922.79,59.19
922.81,59.19
922.82,59.19
922.84,59.19
922.85,59.19
922.87,59.19
922.88,59.19
922.89,59.19
922.91,59.19
922.92,59.19
922.94,59.19
922.95,59.19
922.97,59.19
922.98,59.19
923.00,59.19
923.01,59.19
923.03,59.19
923.04,59.19
923.06,59.18
923.07,59.19
923.09,59.19
923.10,59.19
923.12,59.20
923.13,59.20
923.14,59.20
923.16,59.20
923.17,59.21
923.19,59.21
923.20,59.21
923.22,59.22
923.23,59.22
923.25,59.22
923.26,59.23
923.28,59.23
923.29,59.23
923.31,59.23
923.32,59.24
923.34,59.24
923.35,59.24
923.37,59.25
923.38,59.25
923.39,59.25
923.41,59.25
923.42,59.26
923.44,59.26
923.45,59.26
923.47,59.27
923.48,59.27
923.50,59.27
923.51,59.27
923.53,59.28
923.54,59.28
923.56,59.28
923.57,59.29
923.59,59.29
923.60,59.29
923.62,59.30
923.63,59.30
923.64,59.30
923.66,59.30
923.67,59.31
923.69,59.31
923.70,59.31
923.72,59.32
923.73,59.32
923.75,59.32
923.76,59.32
923.78,59.33
923.79,59.33
923.81,59.33
923.82,59.34
923.84,59.34
923.85,59.34
923.87,59.34
923.88,59.35
923.89,59.35
923.91,59.35
923.92,59.36
923.94,59.36
923.95,59.36
923.97,59.36
923.98,59.37
924.00,59.37
924.01,59.37
924.03,59.38
924.04,59.38
924.06,59.38
924.07,59.39
924.09,59.39
924.10,59.39
924.12,59.39
924.13,59.40
924.15,59.40
924.16,59.40
924.17,59.41
924.19,59.41
924.20,59.41
924.22,59.41
924.23,59.42
924.25,59.42
924.26,59.42
924.28,59.43
924.29,59.43
924.31,59.43
924.32,59.43
924.34,59.44
924.35,59.44
924.37,59.44
924.38,59.45
924.40,59.45
924.41,59.45
924.42,59.45
924.44,59.46
924.45,59.46
924.47,59.46
924.48,59.47
924.50,59.47
924.51,59.47
924.53,59.48
924.54,59.48
924.56,59.48
924.57,59.48
924.59,59.49
924.60,59.49
924.62,59.49
924.63,59.50
924.65,59.50
924.66,59.50
924.67,59.50
924.69,59.51
924.70,59.51
924.72,59.51
924.73,59.52
924.75,59.52
924.76,59.52
924.78,59.52
924.79,59.53
924.81,59.53
924.82,59.53
924.84,59.54
924.85,59.54
924.87,59.54
924.88,59.54
924.90,59.55
924.91,59.55
924.92,59.55
924.94,59.56
924.95,59.56
924.97,59.56
924.98,59.56
925.00,59.56
925.01,59.56
925.03,59.56
925.04,59.56
925.06,59.56
925.07,59.57
925.09,59.57
925.10,59.57
925.12,59.57
925.13,59.57
925.15,59.57
925.16,59.57
925.17,59.57
925.19,59.57
925.20,59.57
925.22,59.57
925.23,59.57
925.25,59.57
925.26,59.57
925.28,59.57
925.29,59.57
925.31,59.57
925.32,59.57
925.34,59.57
925.35,59.57
925.37,59.57
925.38,59.57
925.40,59.57
925.41,59.57
925.42,59.57
925.44,59.57
925.45,59.57
925.47,59.57
925.48,59.57
925.50,59.57
925.51,59.57
925.53,59.57
925.54,59.57
925.56,59.57
925.57,59.57
925.59,59.57
925.60,59.57
925.62,59.57
925.63,59.57
925.65,59.57
925.66,59.57
925.68,59.57
925.69,59.56
925.70,59.56
925.72,59.57
925.73,59.57
925.75,59.57
925.76,59.57
925.78,59.58
925.79,59.58
925.81,59.58
925.82,59.59
925.84,59.59
925.85,59.59
925.87,59.59
925.88,59.60
925.90,59.60
925.91,59.60
925.93,59.61
925.94,59.61
925.95,59.61
925.97,59.61
925.98,59.62
926.00,59.62
926.01,59.62
926.03,59.63
926.04,59.63
926.06,59.63
926.07,59.63
926.09,59.64
926.10,59.64
926.12,59.64
926.13,59.64
926.15,59.64
926.16,59.64
926.18,59.64
926.19,59.64
926.20,59.64
926.22,59.64
926.23,59.64
926.25,59.64
926.26,59.64
926.28,59.64
926.29,59.64
926.31,59.64
926.32,59.64
926.34,59.64
926.35,59.64
926.37,59.64
926.38,59.64
926.40,59.64
926.41,59.64
926.43,59.63
926.44,59.63
926.45,59.63
926.47,59.64
926.48,59.64
926.50,59.64
926.51,59.65
926.53,59.65
926.54,59.65
926.56,59.65
926.57,59.66
926.59,59.66
926.60,59.66
926.62,59.67
926.63,59.67
926.65,59.67
926.66,59.67
926.68,59.68
926.69,59.68
926.70,59.68
926.72,59.69
926.73,59.69
926.75,59.69
926.76,59.69
926.78,59.70
926.79,59.70
926.81,59.70
926.82,59.71
926.84,59.71
926.85,59.71
926.87,59.71
926.88,59.72
926.90,59.72
926.91,59.72
926.93,59.73
926.94,59.73
926.95,59.73
926.97,59.73
926.98,59.74
927.00,59.74
927.01,59.74
927.03,59.75
927.04,59.75
927.06,59.75
927.07,59.75
927.09,59.76
927.10,59.76
927.12,59.76
927.13,59.77
927.15,59.77
927.16,59.77
927.18,59.77
927.19,59.78
927.21,59.78
927.22,59.78
927.23,59.79
927.25,59.79
927.26,59.79
927.28,59.79
927.29,59.80
927.31,59.80
927.32,59.80
927.34,59.81
927.35,59.81
927.37,59.81
927.38,59.81
927.40,59.82
927.41,59.82
927.43,59.82
927.44,59.83
927.46,59.83
927.47,59.83
927.48,59.83
927.50,59.84
927.51,59.84
927.53,59.84
927.54,59.85
927.56,59.85
927.57,59.85
927.59,59.85
927.60,59.86
927.62,59.86
927.63,59.86
927.65,59.86
927.66,59.87
927.68,59.87
927.69,59.87
927.71,59.88
927.72,59.88
927.73,59.88
927.75,59.88
927.76,59.89
927.78,59.89
927.79,59.89
927.81,59.90
927.82,59.90
927.84,59.90
927.85,59.90
927.87,59.91
927.88,59.91
927.90,59.91
927.91,59.92
927.93,59.92
927.94,59.92
927.96,59.92
927.97,59.93
927.98,59.93
928.00,59.93
928.01,59.94
928.03,59.94
928.04,59.94
928.06,59.94
928.07,59.95
928.09,59.95
928.10,59.95
928.12,59.95
928.13,59.96
928.15,59.96
928.16,59.96
928.18,59.97
928.19,59.97
928.21,59.97
928.22,59.97
928.23,59.98
928.25,59.98
928.26,59.98
928.28,59.99
928.29,59.99
928.31,59.99
928.32,59.99
928.34,60.00
928.35,60.00
928.37,60.00
928.38,60.01
928.40,60.01
928.41,60.01
928.43,60.01
928.44,60.02
928.46,60.02
928.47,60.02
928.48,60.02
928.50,60.03
928.51,60.03
928.53,60.03
928.54,60.04
928.56,60.04
928.57,60.04
928.59,60.04
928.60,60.05
928.62,60.05
928.63,60.05
928.65,60.06
928.66,60.06
928.68,60.06
928.69,60.06
928.71,60.07
928.72,60.07
928.74,60.07
928.75,60.08
928.76,60.08
928.78,60.08
928.79,60.08
928.81,60.09
928.82,60.09
928.84,60.09
928.85,60.09
928.87,60.10
928.88,60.10
928.90,60.10
928.91,60.11
928.93,60.11
928.94,60.11
928.96,60.11
928.97,60.12
928.99,60.12
929.00,60.12
929.01,60.13
929.03,60.13
929.04,60.13
929.06,60.13
929.07,60.14
929.09,60.14
929.10,60.14
929.12,60.14
929.13,60.15
929.15,60.15
929.16,60.15
929.18,60.16
929.19,60.16
929.21,60.16
929.22,60.16
929.24,60.17
929.25,60.17
929.26,60.17
929.28,60.18
929.29,60.18
929.31,60.18
929.32,60.18
929.34,60.19
929.35,60.19
929.37,60.19
929.38,60.19
929.40,60.20
929.41,60.20
929.43,60.20
929.44,60.21
929.46,60.21
929.47,60.21
929.49,60.21
929.50,60.21
929.51,60.21
929.53,60.21
929.54,60.21
929.56,60.21
929.57,60.21
929.59,60.21
929.60,60.21
929.62,60.21
929.63,60.21
929.65,60.21
929.66,60.21
929.68,60.21
929.69,60.21
929.71,60.21
929.72,60.21
929.74,60.21
929.75,60.21
929.76,60.21
929.78,60.21
929.79,60.21
929.81,60.21
929.82,60.21
929.84,60.21
929.85,60.21
929.87,60.21
929.88,60.21
929.90,60.21
929.91,60.21
929.93,60.21
929.94,60.21
929.96,60.21
929.97,60.21
929.99,60.21
930.00,60.21
930.01,60.21
930.03,60.21
930.04,60.21
930.06,60.21
930.07,60.21
930.09,60.21
930.10,60.21
930.12,60.21
930.13,60.21
930.15,60.21
930.16,60.21
930.18,60.21
930.19,60.21
930.21,60.21
930.22,60.21
930.24,60.21
930.25,60.20
930.27,60.20
930.28,60.20
930.29,60.21
930.31,60.21
930.32,60.21
930.34,60.21
930.35,60.22
930.37,60.22
930.38,60.22
930.40,60.23
930.41,60.23
930.43,60.23
930.44,60.23
930.46,60.24
930.47,60.24
930.49,60.24
930.50,60.24
930.52,60.25
930.53,60.25
930.54,60.25
930.56,60.26
930.57,60.26
930.59,60.26
930.60,60.26
930.62,60.27
930.63,60.27
930.65,60.27
930.66,60.27
930.68,60.28
930.69,60.28
930.71,60.28
930.72,60.29
930.74,60.29
930.75,60.29
930.77,60.29
930.78,60.30
930.79,60.30
930.81,60.30
930.82,60.31
930.84,60.31
930.85,60.31
930.87,60.31
930.88,60.32
930.90,60.32
930.91,60.32
930.93,60.32
930.94,60.33
930.96,60.33
930.97,60.33
930.99,60.34
931.00,60.34
931.02,60.34
931.03,60.34
931.04,60.35
931.06,60.35
931.07,60.35
931.09,60.35
931.10,60.36
931.12,60.36
931.13,60.36
931.15,60.37
931.16,60.37
931.18,60.37
931.19,60.37
931.21,60.38
931.22,60.38
931.24,60.38
931.25,60.38
931.27,60.39
931.28,60.39
931.29,60.39
931.31,60.40
931.32,60.40
931.34,60.40
931.35,60.40
931.37,60.41
931.38,60.41
931.40,60.41
931.41,60.41
931.43,60.41
931.44,60.41
931.46,60.41
931.47,60.41
931.49,60.41
931.50,60.41
931.52,60.41
931.53,60.41
931.54,60.41
931.56,60.41
931.57,60.41
931.59,60.41
931.60,60.41
931.62,60.41
931.63,60.41
931.65,60.41
931.66,60.41
931.68,60.41
931.69,60.41
931.71,60.41
931.72,60.41
931.74,60.41
931.75,60.41
931.77,60.41
931.78,60.41
931.80,60.41
931.81,60.41
931.82,60.41
931.84,60.41
931.85,60.41
931.87,60.41
931.88,60.41
931.90,60.41
931.91,60.41
931.93,60.41
931.94,60.41
931.96,60.41
931.97,60.41
931.99,60.41
932.00,60.41
932.02,60.41
932.03,60.41
932.05,60.41
932.06,60.41
932.07,60.41
932.09,60.41
932.10,60.41
932.12,60.41
932.13,60.41
932.15,60.41
932.16,60.41
932.18,60.41
932.19,60.42
932.21,60.42
932.22,60.42
932.24,60.43
932.25,60.43
932.27,60.43
932.28,60.43
932.30,60.44
932.31,60.44
932.32,60.44
932.34,60.44
932.35,60.45
932.37,60.45
932.38,60.45
932.40,60.46
932.41,60.45
932.43,60.45
932.44,60.45
932.46,60.45
932.47,60.45
932.49,60.45
932.50,60.45
932.52,60.45
932.53,60.45
932.55,60.45
932.56,60.45
932.57,60.45
932.59,60.45
932.60,60.45
932.62,60.45
932.63,60.45
932.65,60.45
932.66,60.45
932.68,60.45
932.69,60.45
932.71,60.45
932.72,60.45
932.74,60.45
932.75,60.45
932.77,60.45
932.78,60.45
932.80,60.45
932.81,60.45
932.82,60.45
932.84,60.45
932.85,60.45
932.87,60.45
932.88,60.45
932.90,60.45
932.91,60.45
932.93,60.45
932.94,60.45
932.96,60.45
932.97,60.45
932.99,60.45
933.00,60.45
933.02,60.45
933.03,60.46
933.05,60.46
933.06,60.46
933.07,60.46
933.09,60.47
933.10,60.47
933.12,60.47
933.13,60.47
933.15,60.48
933.16,60.48
933.18,60.48
933.19,60.49
933.21,60.49
933.22,60.49
933.24,60.49
933.25,60.50
933.27,60.50
933.28,60.50
933.30,60.50
933.31,60.51
933.33,60.51
933.34,60.51
933.35,60.52
933.37,60.52
933.38,60.52
933.40,60.52
933.41,60.53
933.43,60.53
933.44,60.53
933.46,60.53
933.47,60.54
933.49,60.54
933.50,60.54
933.52,60.55
933.53,60.55
933.55,60.55
933.56,60.55
933.58,60.56
933.59,60.56
933.60,60.56
933.62,60.56
933.63,60.57
933.65,60.57
933.66,60.57
933.68,60.57
933.69,60.58
933.71,60.58
933.72,60.58
933.74,60.59
933.75,60.59
933.77,60.59
933.78,60.59
933.80,60.60
933.81,60.60
933.83,60.60
933.84,60.60
933.85,60.61
933.87,60.61
933.88,60.61
933.90,60.62
933.91,60.62
933.93,60.62
933.94,60.62
933.96,60.63
933.97,60.63
933.99,60.63
934.00,60.63
934.02,60.64
934.03,60.64
934.05,60.64
934.06,60.65
934.08,60.65
934.09,60.65
934.10,60.65
934.12,60.66
934.13,60.66
934.15,60.66
934.16,60.66
934.18,60.67
934.19,60.67
934.21,60.67
934.22,60.67
934.24,60.68
934.25,60.68
934.27,60.68
934.28,60.69
934.30,60.69
934.31,60.69
934.33,60.69
934.34,60.70
934.35,60.70
934.37,60.70
934.38,60.70
934.40,60.70
934.41,60.70
934.43,60.70
934.44,60.70
934.46,60.70
934.47,60.70
934.49,60.70
934.50,60.70
934.52,60.70
934.53,60.70
934.55,60.70
934.56,60.70
934.58,60.70
934.59,60.70
934.60,60.70
934.62,60.70
934.63,60.70
934.65,60.70
934.66,60.70
934.68,60.70
934.69,60.70
934.71,60.70
934.72,60.70
934.74,60.70
934.75,60.70
934.77,60.70
934.78,60.70
934.80,60.70
934.81,60.70
934.83,60.70
934.84,60.70
934.86,60.70
934.87,60.70
934.88,60.70
934.90,60.70
934.91,60.70
934.93,60.69
934.94,60.69
934.96,60.69
934.97,60.70
934.99,60.70
935.00,60.70
935.02,60.70
935.03,60.71
935.05,60.71
935.06,60.71
935.08,60.72
935.09,60.72
935.11,60.72
935.12,60.72
935.13,60.73
935.15,60.73
935.16,60.73
935.18,60.73
935.19,60.74
935.21,60.74
935.22,60.74
935.24,60.75
935.25,60.75
935.27,60.75
935.28,60.75
935.30,60.76
935.31,60.76
935.33,60.76
935.34,60.76
935.36,60.77
935.37,60.77
935.38,60.77
935.40,60.77
935.41,60.78
935.43,60.78
935.44,60.78
935.46,60.79
935.47,60.79
935.49,60.79
935.50,60.79
935.52,60.80
935.53,60.80
935.55,60.80
935.56,60.80
935.58,60.81
935.59,60.81
935.61,60.81
935.62,60.81
935.63,60.82
935.65,60.82
935.66,60.82
935.68,60.83
935.69,60.83
935.71,60.83
935.72,60.83
935.74,60.84
935.75,60.84
935.77,60.84
935.78,60.84
935.80,60.85
935.81,60.85
935.83,60.85
935.84,60.85
935.86,60.86
935.87,60.86
935.88,60.86
935.90,60.87
935.91,60.87
935.93,60.87
935.94,60.87
935.96,60.88
935.97,60.88
935.99,60.88
936.00,60.88
936.02,60.89
936.03,60.89
936.05,60.89
936.06,60.89
936.08,60.90
936.09,60.90
936.11,60.90
936.12,60.90
936.13,60.91
936.15,60.91
936.16,60.91
936.18,60.92
936.19,60.92
936.21,60.92
936.22,60.92
936.24,60.93
936.25,60.93
936.27,60.93
936.28,60.93
936.30,60.94
936.31,60.94
936.33,60.94
936.34,60.94
936.36,60.95
936.37,60.95
936.39,60.95
936.40,60.95
936.41,60.95
936.43,60.95
936.44,60.95
936.46,60.95
936.47,60.95
936.49,60.95
936.50,60.95
936.52,60.95
936.53,60.95
936.55,60.95
936.56,60.95
936.58,60.95
936.59,60.95
936.61,60.95
936.62,60.95
936.64,60.95
936.65,60.95
936.66,60.95
936.68,60.95
936.69,60.95
936.71,60.95
936.72,60.95
936.74,60.95
936.75,60.95
936.77,60.95
936.78,60.95
936.80,60.95
936.81,60.95
936.83,60.95
936.84,60.95
936.86,60.94
936.87,60.94
936.89,60.94
936.90,60.94
936.91,60.94
936.93,60.94
936.94,60.94
936.96,60.94
936.97,60.94
936.99,60.94
937.00,60.94
937.02,60.94
937.03,60.94
937.05,60.94
937.06,60.94
937.08,60.94
937.09,60.94
937.11,60.94
937.12,60.94
937.14,60.95
937.15,60.95
937.16,60.95
937.18,60.96
937.19,60.96
937.21,60.96
937.22,60.96
937.24,60.97
937.25,60.97
937.27,60.97
937.28,60.97
937.30,60.98
937.31,60.98
937.33,60.98
937.34,60.98
937.36,60.99
937.37,60.99
937.39,60.99
937.40,60.99
937.41,61.00
937.43,61.00
937.44,61.00
937.46,61.01
937.47,61.01
937.49,61.01
937.50,61.01
937.52,61.02
937.53,61.02
937.55,61.02
937.56,61.02
937.58,61.03
937.59,61.03
937.61,61.03
937.62,61.03
937.64,61.04
937.65,61.04
937.66,61.04
937.68,61.04
937.69,61.05
937.71,61.05
937.72,61.05
937.74,61.06
937.75,61.06
937.77,61.06
937.78,61.06
937.80,61.07
937.81,61.07
937.83,61.07
937.84,61.07
937.86,61.08
937.87,61.08
937.89,61.08
937.90,61.08
937.91,61.09
937.93,61.09
937.94,61.09
937.96,61.09
937.97,61.10
937.99,61.10
938.00,61.10
938.02,61.10
938.03,61.11
938.05,61.11
938.06,61.11
938.08,61.12
938.09,61.12
938.11,61.12
938.12,61.12
938.14,61.13
938.15,61.13
938.17,61.13
938.18,61.13
938.19,61.14
938.21,61.14
938.22,61.14
938.24,61.14
938.25,61.15
938.27,61.15
938.28,61.15
938.30,61.15
938.31,61.16
938.33,61.16
938.34,61.16
938.36,61.17
938.37,61.17
938.39,61.17
938.40,61.17
938.42,61.18
938.43,61.18
938.44,61.18
938.46,61.18
938.47,61.19
938.49,61.19
938.50,61.19
938.52,61.19
938.53,61.20
938.55,61.20
938.56,61.20
938.58,61.20
938.59,61.21
938.61,61.21
938.62,61.21
938.64,61.21
938.65,61.22
938.67,61.22
938.68,61.22
938.69,61.23
938.71,61.23
938.72,61.23
938.74,61.23
938.75,61.24
938.77,61.24
938.78,61.24
938.80,61.24
938.81,61.25
938.83,61.25
938.84,61.25
938.86,61.25
938.87,61.26
938.89,61.26
938.90,61.26
938.92,61.26
938.93,61.27
938.94,61.27
938.96,61.27
938.97,61.27
938.99,61.28
939.00,61.28
939.02,61.28
939.03,61.28
939.05,61.29
939.06,61.29
939.08,61.29
939.09,61.30
939.11,61.30
939.12,61.30
939.14,61.30
939.15,61.31
939.17,61.31
939.18,61.31
939.19,61.31
939.21,61.32
939.22,61.32
939.24,61.32
939.25,61.32
939.27,61.33
939.28,61.33
939.30,61.33
939.31,61.33
939.33,61.34
939.34,61.34
939.36,61.34
939.37,61.34
939.39,61.35
939.40,61.35
939.42,61.35
939.43,61.35
939.44,61.36
939.46,61.36
939.47,61.36
939.49,61.36
939.50,61.37
939.52,61.37
939.53,61.37
939.55,61.38
939.56,61.38
939.58,61.38
939.59,61.38
939.61,61.39
939.62,61.39
939.64,61.39
939.65,61.39
939.67,61.40
939.68,61.40
939.70,61.40
939.71,61.40
939.72,61.41
939.74,61.41
939.75,61.41
939.77,61.41
939.78,61.42
939.80,61.42
939.81,61.42
939.83,61.42
939.84,61.43
939.86,61.43
939.87,61.43
939.89,61.43
939.90,61.44
939.92,61.44
939.93,61.44
939.95,61.44
939.96,61.45
939.97,61.45
939.99,61.45
940.00,61.45
940.02,61.46
940.03,61.46
940.05,61.46
940.06,61.47
940.08,61.47
940.09,61.47
940.11,61.47
940.12,61.48
940.14,61.48
940.15,61.48
940.17,61.48
940.18,61.49
940.20,61.49
940.21,61.49
940.22,61.49
940.24,61.50
940.25,61.50
940.27,61.50
940.28,61.50
940.30,61.51
940.31,61.51
940.33,61.51
940.34,61.51
940.36,61.52
940.37,61.52
940.39,61.52
940.40,61.52
940.42,61.53
940.43,61.53
940.45,61.53
940.46,61.53
940.47,61.53
940.49,61.53
940.50,61.53
940.52,61.53
940.53,61.53
940.55,61.53
940.56,61.53
940.58,61.53
940.59,61.53
940.61,61.52
940.62,61.52
940.64,61.52
940.65,61.52
940.67,61.52
940.68,61.52
940.70,61.52
940.71,61.52
940.72,61.52
940.74,61.52
940.75,61.52
940.77,61.52
940.78,61.52
940.80,61.52
940.81,61.52
940.83,61.52
940.84,61.52
940.86,61.52
940.87,61.52
940.89,61.52
940.90,61.52
940.92,61.52
940.93,61.52
940.95,61.52
940.96,61.52
940.97,61.52
940.99,61.52
941.00,61.52
941.02,61.52
941.03,61.52
941.05,61.52
941.06,61.52
941.08,61.52
941.09,61.52
941.11,61.52
941.12,61.52
941.14,61.52
941.15,61.52
941.17,61.52
941.18,61.52
941.20,61.52
941.21,61.52
941.23,61.52
941.24,61.52
941.25,61.52
941.27,61.52
941.28,61.52
941.30,61.52
941.31,61.52
941.33,61.52
941.34,61.52
941.36,61.52
941.37,61.52
941.39,61.52
941.40,61.52
941.42,61.52
941.43,61.52
941.45,61.52
941.46,61.52
941.48,61.52
941.49,61.52
941.50,61.52
941.52,61.52
941.53,61.52
941.55,61.52
941.56,61.52
941.58,61.52
941.59,61.52
941.61,61.52
941.62,61.51
941.64,61.51
941.65,61.51
941.67,61.51
941.68,61.51
941.70,61.52
941.71,61.52
941.73,61.52
941.74,61.52
941.75,61.53
941.77,61.53
941.78,61.53
941.80,61.53
941.81,61.54
941.83,61.54
941.84,61.54
941.86,61.54
941.87,61.55
941.89,61.55
941.90,61.55
941.92,61.55
941.93,61.56
941.95,61.56
941.96,61.56
941.98,61.56
941.99,61.57
942.00,61.57
942.02,61.57
942.03,61.57
942.05,61.58
942.06,61.58
942.08,61.58
942.09,61.58
942.11,61.59
942.12,61.59
942.14,61.59
942.15,61.59
942.17,61.60
942.18,61.60
942.20,61.60
942.21,61.60
942.23,61.61
942.24,61.61
942.25,61.61
942.27,61.61
942.28,61.62
942.30,61.62
942.31,61.62
942.33,61.63
942.34,61.63
942.36,61.63
942.37,61.63
942.39,61.64
942.40,61.64
942.42,61.64
942.43,61.64
942.45,61.65
942.46,61.65
942.48,61.65
942.49,61.65
942.50,61.66
942.52,61.66
942.53,61.66
942.55,61.66
942.56,61.67
942.58,61.67
942.59,61.67
942.61,61.67
942.62,61.68
942.64,61.68
942.65,61.68
942.67,61.68
942.68,61.69
942.70,61.69
942.71,61.69
942.73,61.69
942.74,61.70
942.76,61.70
942.77,61.70
942.78,61.70
942.80,61.71
942.81,61.71
942.83,61.71
942.84,61.71
942.86,61.72
942.87,61.72
942.89,61.72
942.90,61.72
942.92,61.73
942.93,61.73
942.95,61.73
942.96,61.73
942.98,61.74
942.99,61.74
943.01,61.74
943.02,61.74
943.03,61.75
943.05,61.75
943.06,61.75
943.08,61.75
943.09,61.76
943.11,61.76
943.12,61.76
943.14,61.76
943.15,61.77
943.17,61.77
943.18,61.77
943.20,61.77
943.21,61.78
943.23,61.78
943.24,61.78
943.26,61.78
943.27,61.79
943.28,61.79
943.30,61.79
943.31,61.79
943.33,61.80
943.34,61.80
943.36,61.80
943.37,61.80
943.39,61.81
943.40,61.81
943.42,61.81
943.43,61.81
943.45,61.82
943.46,61.82
943.48,61.82
943.49,61.82
943.51,61.83
943.52,61.83
943.53,61.83
943.55,61.83
943.56,61.84
943.58,61.84
943.59,61.84
943.61,61.84
943.62,61.85
943.64,61.85
943.65,61.85
943.67,61.85
943.68,61.86
943.70,61.86
943.71,61.86
943.73,61.86
943.74,61.87
943.76,61.87
943.77,61.87
943.78,61.87
943.80,61.88
943.81,61.88
943.83,61.88
943.84,61.88
943.86,61.89
943.87,61.89
943.89,61.89
943.90,61.89
943.92,61.90
943.93,61.90
943.95,61.90
943.96,61.90
943.98,61.91
943.99,61.91
944.01,61.91
944.02,61.91
944.03,61.92
944.05,61.92
944.06,61.92
944.08,61.92
944.09,61.93
944.11,61.93
944.12,61.93
944.14,61.93
944.15,61.94
944.17,61.94
944.18,61.94
944.20,61.94
944.21,61.95
944.23,61.95
944.24,61.95
944.26,61.95
944.27,61.95
944.29,61.95
944.30,61.95
944.31,61.95
944.33,61.95
944.34,61.94
944.36,61.94
944.37,61.94
944.39,61.94
944.40,61.94
944.42,61.94
944.43,61.94
944.45,61.94
944.46,61.94
944.48,61.94
944.49,61.94
944.51,61.94
944.52,61.94
944.54,61.94
944.55,61.94
944.56,61.94
944.58,61.94
944.59,61.94
944.61,61.94
944.62,61.94
944.64,61.94
944.65,61.94
944.67,61.94
944.68,61.94
944.70,61.94
944.71,61.94
944.73,61.94
944.74,61.94
944.76,61.94
944.77,61.94
944.79,61.94
944.80,61.94
944.81,61.94
944.83,61.94
944.84,61.94
944.86,61.94
944.87,61.94
944.89,61.94
944.90,61.94
944.92,61.95
944.93,61.95
944.95,61.95
944.96,61.95
944.98,61.96
944.99,61.96
945.01,61.96
945.02,61.96
945.04,61.97
945.05,61.97
945.06,61.97
945.08,61.97
945.09,61.98
945.11,61.98
945.12,61.98
945.14,61.98
945.15,61.99
945.17,61.99
945.18,61.99
945.20,61.99
945.21,62.00
945.23,62.00
945.24,62.00
945.26,62.00
945.27,62.01
945.29,62.01
945.30,62.01
945.31,62.01
945.33,62.02
945.34,62.02
945.36,62.02
945.37,62.02
945.39,62.03
945.40,62.03
945.42,62.03
945.43,62.03
945.45,62.04
945.46,62.04
945.48,62.04
945.49,62.04
945.51,62.04
945.52,62.05
945.54,62.05
945.55,62.05
945.56,62.05
945.58,62.05
945.59,62.05
945.61,62.05
945.62,62.05
945.64,62.05
945.65,62.05
945.67,62.05
945.68,62.05
945.70,62.04
945.71,62.04
945.73,62.04
945.74,62.04
945.76,62.04
945.77,62.04
945.79,62.04
945.80,62.04
945.82,62.04
945.83,62.04
945.84,62.04
945.86,62.04
945.87,62.04
945.89,62.04
945.90,62.04
945.92,62.04
945.93,62.04
945.95,62.04
945.96,62.04
945.98,62.04
945.99,62.04
946.01,62.04
946.02,62.04
946.04,62.04
946.05,62.04
946.07,62.04
946.08,62.03
946.09,62.03
946.11,62.03
946.12,62.04
946.14,62.04
946.15,62.04
946.17,62.04
946.18,62.05
946.20,62.05
946.21,62.05
946.23,62.05
946.24,62.06
946.26,62.06
946.27,62.06
946.29,62.06
946.30,62.07
946.32,62.07
946.33,62.07
946.34,62.07
946.36,62.08
946.37,62.08
946.39,62.08
946.40,62.08
946.42,62.09
946.43,62.09
946.45,62.09
946.46,62.09
946.48,62.10
946.49,62.10
946.51,62.10
946.52,62.10
946.54,62.11
946.55,62.11
946.57,62.11
946.58,62.11
946.59,62.11
946.61,62.12
946.62,62.12
946.64,62.12
946.65,62.12
946.67,62.13
946.68,62.13
946.70,62.13
946.71,62.13
946.73,62.14
946.74,62.14
946.76,62.14
946.77,62.14
946.79,62.14
946.80,62.14
946.82,62.14
946.83,62.14
946.84,62.14
946.86,62.14
946.87,62.13
946.89,62.13
946.90,62.13
946.92,62.13
946.93,62.13
946.95,62.13
946.96,62.13
946.98,62.13
946.99,62.13
947.01,62.13
947.02,62.13
947.04,62.13
947.05,62.13
947.07,62.13
947.08,62.13
947.09,62.13
947.11,62.13
947.12,62.13
947.14,62.13
947.15,62.13
947.17,62.13
947.18,62.12
947.20,62.13
947.21,62.13
947.23,62.13
947.24,62.13
947.26,62.14
947.27,62.14
947.29,62.14
947.30,62.14
947.32,62.15
947.33,62.15
947.35,62.15
947.36,62.15
947.37,62.15
947.39,62.16
947.40,62.16
947.42,62.16
947.43,62.16
947.45,62.17
947.46,62.17
947.48,62.17
947.49,62.17
947.51,62.18
947.52,62.18
947.54,62.18
947.55,62.18
947.57,62.19
947.58,62.19
947.60,62.19
947.61,62.19
947.62,62.20
947.64,62.20
947.65,62.20
947.67,62.20
947.68,62.21
947.70,62.21
947.71,62.21
947.73,62.21
947.74,62.22
947.76,62.22
947.77,62.22
947.79,62.22
947.80,62.23
947.82,62.23
947.83,62.23
947.85,62.23
947.86,62.24
947.87,62.24
947.89,62.24
947.90,62.24
947.92,62.25
947.93,62.25
947.95,62.25
947.96,62.25
947.98,62.25
947.99,62.25
948.01,62.25
948.02,62.25
948.04,62.25
948.05,62.25
948.07,62.25
948.08,62.25
948.10,62.25
948.11,62.25
948.12,62.25
948.14,62.25
948.15,62.25
948.17,62.25
948.18,62.25
948.20,62.25
948.21,62.25
948.23,62.25
948.24,62.25
948.26,62.25
948.27,62.25
948.29,62.25
948.30,62.25
948.32,62.25
948.33,62.25
948.35,62.25
948.36,62.24
948.37,62.24
948.39,62.24
948.40,62.24
948.42,62.24
948.43,62.24
948.45,62.24
948.46,62.25
948.48,62.25
948.49,62.25
948.51,62.25
948.52,62.26
948.54,62.26
948.55,62.26
948.57,62.26
948.58,62.27
948.60,62.27
948.61,62.27
948.62,62.27
948.64,62.28
948.65,62.28
948.67,62.28
948.68,62.28
948.70,62.29
948.71,62.29
948.73,62.29
948.74,62.29
948.76,62.30
948.77,62.30
948.79,62.30
948.80,62.30
948.82,62.30
948.83,62.31
948.85,62.31
948.86,62.31
948.88,62.31
948.89,62.32
948.90,62.32
948.92,62.32
948.93,62.32
948.95,62.33
948.96,62.33
948.98,62.33
948.99,62.33
949.01,62.34
949.02,62.34
949.04,62.34
949.05,62.34
949.07,62.35
949.08,62.35
949.10,62.35
949.11,62.35
949.13,62.36
949.14,62.36
949.15,62.36
949.17,62.36
949.18,62.37
949.20,62.37
949.21,62.37
949.23,62.37
949.24,62.38
949.26,62.38
949.27,62.38
949.29,62.38
949.30,62.38
949.32,62.39
949.33,62.39
949.35,62.39
949.36,62.39
949.38,62.40
949.39,62.40
949.40,62.40
949.42,62.40
949.43,62.41
949.45,62.41
949.46,62.41
949.48,62.41
949.49,62.42
949.51,62.41
949.52,62.41
949.54,62.41
949.55,62.41
949.57,62.40
949.58,62.41
949.60,62.40
949.61,62.40
949.63,62.40
949.64,62.40
949.65,62.39
949.67,62.40
949.68,62.39
949.70,62.39
949.71,62.39
949.73,62.38
949.74,62.38
949.76,62.38
949.77,62.38
949.79,62.38
949.80,62.38
949.82,62.37
949.83,62.37
949.85,62.37
949.86,62.37
949.88,62.37
949.89,62.37
949.90,62.36
949.92,62.36
949.93,62.36
949.95,62.36
949.96,62.36
949.98,62.36
949.99,62.35
950.01,62.35
950.02,62.35
950.04,62.35
950.05,62.35
950.07,62.34
950.08,62.34
950.10,62.34
950.11,62.34
950.13,62.34
950.14,62.34
950.15,62.33
950.17,62.33
950.18,62.33
950.20,62.33
950.21,62.33
950.23,62.33
950.24,62.32
950.26,62.32
950.27,62.32
950.29,62.32
950.30,62.32
950.32,62.32
950.33,62.31
950.35,62.31
950.36,62.31
950.38,62.31
950.39,62.31
950.41,62.31
950.42,62.30
950.43,62.30
950.45,62.30
950.46,62.30
950.48,62.30
950.49,62.29
950.51,62.29
950.52,62.29
950.54,62.29
950.55,62.29
950.57,62.29
950.58,62.28
950.60,62.28
950.61,62.28
950.63,62.28
950.64,62.28
950.66,62.28
950.67,62.27
950.68,62.27
950.70,62.27
950.71,62.27
950.73,62.27
950.74,62.27
950.76,62.26
950.77,62.26
950.79,62.26
950.80,62.26
950.82,62.26
950.83,62.26
950.85,62.25
950.86,62.25
950.88,62.25
950.89,62.25
950.91,62.25
950.92,62.25
950.93,62.24
950.95,62.24
950.96,62.24
950.98,62.23
950.99,62.24
951.01,62.23
951.02,62.23
951.04,62.23
951.05,62.23
951.07,62.22
951.08,62.23
951.10,62.22
951.11,62.22
951.13,62.22
951.14,62.22
951.16,62.21
951.17,62.22
951.18,62.21
951.20,62.21
951.21,62.21
951.23,62.21
951.24,62.20
951.26,62.21
951.27,62.20
951.29,62.20
951.30,62.20
951.32,62.20
951.33,62.19
951.35,62.20
951.36,62.19
951.38,62.19
951.39,62.19
951.41,62.18
951.42,62.18
951.43,62.18
951.45,62.18
951.46,62.18
951.48,62.18
951.49,62.17
951.51,62.17
951.52,62.17
951.54,62.17
951.55,62.17
951.57,62.17
951.58,62.16
951.60,62.16
951.61,62.16
951.63,62.16
951.64,62.16
951.66,62.16
951.67,62.15
951.68,62.15
951.70,62.15
951.71,62.15
951.73,62.15
951.74,62.15
951.76,62.14
951.77,62.14
951.79,62.14
951.80,62.14
951.82,62.14
951.83,62.14
951.85,62.13
951.86,62.13
951.88,62.13
951.89,62.13
951.91,62.13
951.92,62.13
951.94,62.12
951.95,62.12
951.96,62.12
951.98,62.12
951.99,62.12
952.01,62.11
952.02,62.11
952.04,62.11
952.05,62.11
952.07,62.11
952.08,62.11
952.10,62.10
952.11,62.10
952.13,62.10
952.14,62.10
952.16,62.10
952.17,62.10
952.19,62.09
952.20,62.09
952.21,62.09
952.23,62.09
952.24,62.09
952.26,62.09
952.27,62.08
952.29,62.08
952.30,62.08
952.32,62.08
952.33,62.08
952.35,62.08
952.36,62.07
952.38,62.07
952.39,62.07
952.41,62.07
952.42,62.07
952.44,62.07
952.45,62.06
952.46,62.06
952.48,62.06
952.49,62.06
952.51,62.06
952.52,62.06
952.54,62.05
952.55,62.05
952.57,62.05
952.58,62.05
952.60,62.05
952.61,62.04
952.63,62.04
952.64,62.04
952.66,62.04
952.67,62.04
952.69,62.04
952.70,62.03
952.71,62.03
952.73,62.03
952.74,62.03
952.76,62.03
952.77,62.03
952.79,62.02
952.80,62.02
952.82,62.02
952.83,62.02
952.85,62.02
952.86,62.02
952.88,62.01
952.89,62.01
952.91,62.01
952.92,62.01
952.94,62.01
952.95,62.01
952.96,62.00
952.98,62.00
952.99,62.00
953.01,62.00
953.02,62.00
953.04,62.00
953.05,61.99
953.07,61.99
953.08,61.99
953.10,61.99
953.11,61.99
953.13,61.99
953.14,61.98
953.16,61.98
953.17,61.98
953.19,61.98
953.20,61.98
953.21,61.98
953.23,61.97
953.24,61.97
953.26,61.97
953.27,61.97
953.29,61.97
953.30,61.97
953.32,61.96
953.33,61.96
953.35,61.96
953.36,61.95
953.38,61.96
953.39,61.95
953.41,61.95
953.42,61.95
953.44,61.95
953.45,61.94
953.47,61.95
953.48,61.94
953.49,61.94
953.51,61.94
953.52,61.94
953.54,61.93
953.55,61.94
953.57,61.93
953.58,61.93
953.60,61.93
953.61,61.93
953.63,61.92
953.64,61.93
953.66,61.92
953.67,61.92
953.69,61.92
953.70,61.92
953.72,61.91
953.73,61.92
953.74,61.91
953.76,61.91
953.77,61.91
953.79,61.91
953.80,61.90
953.82,61.91
953.83,61.90
953.85,61.90
953.86,61.90
953.88,61.90
953.89,61.89
953.91,61.90
953.92,61.89
953.94,61.89
953.95,61.89
953.97,61.89
953.98,61.88
953.99,61.89
954.01,61.88
954.02,61.88
954.04,61.88
954.05,61.88
954.07,61.87
954.08,61.88
954.10,61.87
954.11,61.87
954.13,61.87
954.14,61.87
954.16,61.86
954.17,61.87
954.19,61.86
954.20,61.86
954.22,61.86
954.23,61.86
954.24,61.85
954.26,61.86
954.27,61.85
954.29,61.85
954.30,61.85
954.32,61.85
954.33,61.84
954.35,61.85
954.36,61.84
954.38,61.84
954.39,61.84
954.41,61.83
954.42,61.83
954.44,61.84
954.45,61.83
954.47,61.83
954.48,61.83
954.49,61.82
954.51,61.82
954.52,61.82
954.54,61.82
954.55,61.82
954.57,61.82
954.58,61.81
954.60,61.81
954.61,61.81
954.63,61.81
954.64,61.81
954.66,61.81
954.67,61.80
954.69,61.80
954.70,61.80
954.72,61.80
954.73,61.80
954.74,61.80
954.76,61.79
954.77,61.79
954.79,61.79
954.80,61.79
954.82,61.79
954.83,61.79
954.85,61.78
954.86,61.78
954.88,61.78
954.89,61.78
954.91,61.78
954.92,61.78
954.94,61.77
954.95,61.77
954.97,61.77
954.98,61.77
955.00,61.77
955.01,61.77
955.02,61.76
955.04,61.76
955.05,61.76
955.07,61.76
955.08,61.76
955.10,61.76
955.11,61.75
955.13,61.75
955.14,61.75
955.16,61.75
955.17,61.75
955.19,61.75
955.20,61.74
955.22,61.74
955.23,61.74
955.25,61.74
955.26,61.74
955.27,61.74
955.29,61.73
955.30,61.73
955.32,61.73
955.33,61.73
955.35,61.73
955.36,61.73
955.38,61.72
955.39,61.72
955.41,61.72
955.42,61.72
955.44,61.72
955.45,61.72
955.47,61.72
955.48,61.72
955.50,61.72
955.51,61.72
955.52,61.72
955.54,61.72
955.55,61.72
955.57,61.72
955.58,61.72
955.60,61.72
955.61,61.73
955.63,61.73
955.64,61.73
955.66,61.73
955.67,61.73
955.69,61.73
955.70,61.73
955.72,61.72
955.73,61.72
955.75,61.72
955.76,61.72
955.77,61.72
955.79,61.72
955.80,61.71
955.82,61.71
955.83,61.71
955.85,61.71
955.86,61.71
955.88,61.71
955.89,61.70
955.91,61.70
955.92,61.70
955.94,61.70
955.95,61.70
955.97,61.70
955.98,61.70
956.00,61.70
956.01,61.70
956.02,61.70
956.04,61.70
956.05,61.70
956.07,61.70
956.08,61.70
956.10,61.70
956.11,61.70
956.13,61.70
956.14,61.70
956.16,61.70
956.17,61.70
956.19,61.70
956.20,61.70
956.22,61.70
956.23,61.70
956.25,61.70
956.26,61.70
956.27,61.70
956.29,61.70
956.30,61.70
956.32,61.70
956.33,61.70
956.35,61.70
956.36,61.70
956.38,61.70
956.39,61.70
956.41,61.70
956.42,61.70
956.44,61.70
956.45,61.70
956.47,61.70
956.48,61.70
956.50,61.70
956.51,61.70
956.53,61.70
956.54,61.70
956.55,61.70
956.57,61.70
956.58,61.70
956.60,61.70
956.61,61.70
956.63,61.70
956.64,61.69
956.66,61.69
956.67,61.69
956.69,61.69
956.70,61.69
956.72,61.69
956.73,61.69
956.75,61.69
956.76,61.69
956.78,61.69
956.79,61.69
956.80,61.69
956.82,61.69
956.83,61.69
956.85,61.69
956.86,61.69
956.88,61.69
956.89,61.69
956.91,61.69
956.92,61.69
956.94,61.69
956.95,61.69
956.97,61.69
956.98,61.69
957.00,61.69
957.01,61.69
957.03,61.69
957.04,61.69
957.05,61.69
957.07,61.69
957.08,61.69
957.10,61.69
957.11,61.68
957.13,61.69
957.14,61.69
957.16,61.69
957.17,61.69
957.19,61.70
957.20,61.70
957.22,61.70
957.23,61.70
957.25,61.71
957.26,61.71
957.28,61.71
957.29,61.71
957.30,61.72
957.32,61.72
957.33,61.72
957.35,61.72
957.36,61.73
957.38,61.73
957.39,61.73
957.41,61.73
957.42,61.74
957.44,61.74
957.45,61.74
957.47,61.74
957.48,61.75
957.50,61.75
957.51,61.75
957.53,61.75
957.54,61.76
957.55,61.76
957.57,61.76
957.58,61.77
957.60,61.77
957.61,61.77
957.63,61.77
957.64,61.78
957.66,61.78
957.67,61.78
957.69,61.78
957.70,61.79
957.72,61.79
957.73,61.79
957.75,61.78
957.76,61.79
957.78,61.78
957.79,61.78
957.80,61.78
957.82,61.78
957.83,61.77
957.85,61.78
957.86,61.77
957.88,61.77
957.89,61.77
957.91,61.77
957.92,61.76
957.94,61.77
957.95,61.76
957.97,61.76
957.98,61.76
958.00,61.76
958.01,61.75
958.03,61.76
958.04,61.75
958.05,61.75
958.07,61.75
958.08,61.75
958.10,61.74
958.11,61.75
958.13,61.74
958.14,61.74
958.16,61.74
958.17,61.73
958.19,61.73
958.20,61.74
958.22,61.73
958.23,61.73
958.25,61.73
958.26,61.72
958.28,61.72
958.29,61.73
958.31,61.72
958.32,61.72
958.33,61.72
958.35,61.71
958.36,61.71
958.38,61.71
958.39,61.71
958.41,61.71
958.42,61.71
958.44,61.70
958.45,61.70
958.47,61.70
958.48,61.70
958.50,61.70
958.51,61.70
958.53,61.69
958.54,61.69
958.56,61.69
958.57,61.69
958.58,61.69
958.60,61.69
958.61,61.68
958.63,61.68
958.64,61.68
958.66,61.68
958.67,61.68
958.69,61.68
958.70,61.67
958.72,61.67
958.73,61.67
958.75,61.67
958.76,61.67
958.78,61.67
958.79,61.66
958.81,61.66
958.82,61.66
958.83,61.66
958.85,61.66
958.86,61.66
958.88,61.65
958.89,61.65
958.91,61.65
958.92,61.65
958.94,61.65
958.95,61.65
958.97,61.64
958.98,61.64
959.00,61.64
959.01,61.64
959.03,61.64
959.04,61.64
959.06,61.63
959.07,61.63
959.08,61.63
959.10,61.63
959.11,61.63
959.13,61.63
959.14,61.62
959.16,61.62
959.17,61.62
959.19,61.62
959.20,61.62
959.22,61.62
959.23,61.61
959.25,61.61
959.26,61.61
959.28,61.61
959.29,61.61
959.31,61.61
959.32,61.60
959.33,61.60
959.35,61.60
959.36,61.60
959.38,61.60
959.39,61.60
959.41,61.59
959.42,61.59
959.44,61.59
959.45,61.59
959.47,61.59
959.48,61.59
959.50,61.58
959.51,61.58
959.53,61.58
959.54,61.58
959.56,61.58
959.57,61.58
959.58,61.57
959.60,61.57
959.61,61.57
959.63,61.57
959.64,61.57
959.66,61.57
959.67,61.56
959.69,61.56
959.70,61.56
959.72,61.56
959.73,61.56
959.75,61.56
959.76,61.55
959.78,61.55
959.79,61.55
959.81,61.55
959.82,61.55
959.84,61.55
959.85,61.54
959.86,61.54
959.88,61.54
959.89,61.54
959.91,61.54
959.92,61.54
959.94,61.53
959.95,61.53
959.97,61.54
959.98,61.53
960.00,61.53
960.01,61.53
960.03,61.52
960.04,61.52
960.06,61.53
960.07,61.52
960.09,61.52
960.10,61.52
960.11,61.51
960.13,61.51
960.14,61.52
960.16,61.51
960.17,61.51
960.19,61.51
960.20,61.51
960.22,61.50
960.23,61.51
960.25,61.50
960.26,61.50
960.28,61.50
960.29,61.50
960.31,61.49
960.32,61.50
960.34,61.49
960.35,61.49
960.36,61.49
960.38,61.49
960.39,61.48
960.41,61.49
960.42,61.48
960.44,61.48
960.45,61.48
960.47,61.48
960.48,61.47
960.50,61.48
960.51,61.47
960.53,61.47
960.54,61.47
960.56,61.47
960.57,61.46
960.59,61.47
960.60,61.46
960.61,61.46
960.63,61.46
960.64,61.46
960.66,61.45
960.67,61.46
960.69,61.45
960.70,61.45
960.72,61.45
960.73,61.45
960.75,61.44
960.76,61.45
960.78,61.44
960.79,61.44
960.81,61.44
960.82,61.44
960.84,61.43
960.85,61.44
960.86,61.43
960.88,61.43
960.89,61.43
960.91,61.43
960.92,61.42
960.94,61.43
960.95,61.42
960.97,61.42
960.98,61.42
961.00,61.42
961.01,61.41
961.03,61.42
961.04,61.41
961.06,61.41
961.07,61.41
961.09,61.41
961.10,61.40
961.11,61.41
961.13,61.40
961.14,61.40
961.16,61.40
961.17,61.40
961.19,61.39
961.20,61.40
961.22,61.39
961.23,61.39
961.25,61.39
961.26,61.39
961.28,61.38
961.29,61.39
961.31,61.38
961.32,61.38
961.34,61.38
961.35,61.38
961.37,61.37
961.38,61.38
961.39,61.37
961.41,61.37
961.42,61.37
961.44,61.37
961.45,61.36
961.47,61.37
961.48,61.36
961.50,61.36
961.51,61.36
961.53,61.36
961.54,61.35
961.56,61.36
961.57,61.35
961.59,61.35
961.60,61.35
961.62,61.35
961.63,61.34
961.64,61.35
961.66,61.35
961.67,61.34
961.69,61.34
961.70,61.34
961.72,61.34
961.73,61.34
961.75,61.34
961.76,61.33
961.78,61.33
961.79,61.33
961.81,61.33
961.82,61.33
961.84,61.33
961.85,61.32
961.87,61.32
961.88,61.32
961.89,61.32
961.91,61.32
961.92,61.32
961.94,61.31
961.95,61.31
961.97,61.31
961.98,61.31
962.00,61.31
962.01,61.31
962.03,61.30
962.04,61.30
962.06,61.30
962.07,61.30
962.09,61.30
962.10,61.30
962.12,61.29
962.13,61.29
962.14,61.29
962.16,61.29
962.17,61.29
962.19,61.29
962.20,61.28
962.22,61.28
962.23,61.28
962.25,61.28
962.26,61.28
962.28,61.28
962.29,61.27
962.31,61.27
962.32,61.27
962.34,61.27
962.35,61.27
962.37,61.27
962.38,61.26
962.39,61.26
962.41,61.26
962.42,61.26
962.44,61.26
962.45,61.26
962.47,61.25
962.48,61.25
962.50,61.25
962.51,61.25
962.53,61.25
962.54,61.25
962.56,61.25
962.57,61.24
962.59,61.24
962.60,61.24
962.62,61.24
962.63,61.24
962.64,61.24
962.66,61.23
962.67,61.23
962.69,61.23
962.70,61.23
962.72,61.23
962.73,61.23
962.75,61.22
962.76,61.22
962.78,61.22
962.79,61.22
962.81,61.22
962.82,61.22
962.84,61.21
962.85,61.21
962.87,61.21
962.88,61.21
962.90,61.21
962.91,61.21
962.92,61.20
962.94,61.20
962.95,61.20
962.97,61.20
962.98,61.20
963.00,61.20
963.01,61.20
963.03,61.20
963.04,61.20
963.06,61.20
963.07,61.20
963.09,61.20
963.10,61.20
963.12,61.20
963.13,61.20
963.15,61.20
963.16,61.20
963.17,61.20
963.19,61.20
963.20,61.20
963.22,61.20
963.23,61.20
963.25,61.20
963.26,61.20
963.28,61.20
963.29,61.20
963.31,61.20
963.32,61.20
963.34,61.20
963.35,61.20
963.37,61.20
963.38,61.20
963.40,61.20
963.41,61.20
963.42,61.20
963.44,61.20
963.45,61.20
963.47,61.20
963.48,61.20
963.50,61.20
963.51,61.20
963.53,61.20
963.54,61.20
963.56,61.20
963.57,61.20
963.59,61.20
963.60,61.20
963.62,61.20
963.63,61.20
963.65,61.20
963.66,61.20
963.67,61.20
963.69,61.20
963.70,61.20
963.72,61.20
963.73,61.20
963.75,61.20
963.76,61.20
963.78,61.20
963.79,61.20
963.81,61.19
963.82,61.19
963.84,61.19
963.85,61.19
963.87,61.20
963.88,61.20
963.90,61.20
963.91,61.20
963.92,61.21
963.94,61.21
963.95,61.21
963.97,61.21
963.98,61.22
964.00,61.22
964.01,61.22
964.03,61.23
964.04,61.23
964.06,61.23
964.07,61.23
964.09,61.24
964.10,61.24
964.12,61.24
964.13,61.24
964.15,61.25
964.16,61.25
964.17,61.25
964.19,61.25
964.20,61.26
964.22,61.26
964.23,61.26
964.25,61.27
964.26,61.27
964.28,61.27
964.29,61.26
964.31,61.26
964.32,61.26
964.34,61.26
964.35,61.26
964.37,61.26
964.38,61.25
964.40,61.25
964.41,61.25
964.43,61.25
964.44,61.25
964.45,61.25
964.47,61.24
964.48,61.24
964.50,61.24
964.51,61.24
964.53,61.24
964.54,61.24
964.56,61.23
964.57,61.23
964.59,61.23
964.60,61.23
964.62,61.23
964.63,61.23
964.65,61.22
964.66,61.22
964.68,61.22
964.69,61.22
964.70,61.22
964.72,61.22
964.73,61.21
964.75,61.21
964.76,61.21
964.78,61.21
964.79,61.21
964.81,61.21
964.82,61.20
964.84,61.20
964.85,61.20
964.87,61.20
964.88,61.20
964.90,61.20
964.91,61.20
964.93,61.19
964.94,61.19
964.95,61.19
964.97,61.19
964.98,61.19
965.00,61.19
965.01,61.18
965.03,61.18
965.04,61.18
965.06,61.18
965.07,61.18
965.09,61.18
965.10,61.17
965.12,61.17
965.13,61.17
965.15,61.17
965.16,61.17
965.18,61.17
965.19,61.16
965.20,61.16
965.22,61.16
965.23,61.16
965.25,61.16
965.26,61.16
965.28,61.15
965.29,61.15
965.31,61.15
965.32,61.15
965.34,61.15
965.35,61.15
965.37,61.14
965.38,61.14
965.40,61.14
965.41,61.14
965.43,61.14
965.44,61.14
965.45,61.14
965.47,61.14
965.48,61.14
965.50,61.14
965.51,61.14
965.53,61.14
965.54,61.14
965.56,61.14
965.57,61.14
965.59,61.14
965.60,61.14
965.62,61.14
965.63,61.14
965.65,61.14
965.66,61.14
965.68,61.14
965.69,61.14
965.70,61.14
965.72,61.14
965.73,61.14
965.75,61.14
965.76,61.14
965.78,61.14
965.79,61.14
965.81,61.14
965.82,61.14
965.84,61.14
965.85,61.14
965.87,61.14
965.88,61.14
965.90,61.14
965.91,61.14
965.93,61.14
965.94,61.14
965.96,61.14
965.97,61.14
965.98,61.14
966.00,61.14
966.01,61.14
966.03,61.14
966.04,61.14
966.06,61.14
966.07,61.14
966.09,61.14
966.10,61.14
966.12,61.14
966.13,61.14
966.15,61.14
966.16,61.14
966.18,61.14
966.19,61.14
966.21,61.14
966.22,61.14
966.23,61.14
966.25,61.14
966.26,61.14
966.28,61.14
966.29,61.14
966.31,61.13
966.32,61.14
966.34,61.14
966.35,61.14
966.37,61.14
966.38,61.15
966.40,61.15
966.41,61.15
966.43,61.15
966.44,61.16
966.46,61.16
966.47,61.16
966.48,61.17
966.50,61.17
966.51,61.17
966.53,61.17
966.54,61.18
966.56,61.18
966.57,61.18
966.59,61.18
966.60,61.19
966.62,61.19
966.63,61.19
966.65,61.20
966.66,61.20
966.68,61.20
966.69,61.20
966.71,61.21
966.72,61.21
966.73,61.21
966.75,61.21
966.76,61.22
966.78,61.21
966.79,61.21
966.81,61.21
966.82,61.21
966.84,61.20
966.85,61.21
966.87,61.20
966.88,61.20
966.90,61.20
966.91,61.20
966.93,61.20
966.94,61.20
966.96,61.20
966.97,61.20
966.98,61.20
967.00,61.20
967.01,61.19
967.03,61.20
967.04,61.20
967.06,61.20
967.07,61.20
967.09,61.20
967.10,61.20
967.12,61.20
967.13,61.20
967.15,61.20
967.16,61.20
967.18,61.19
967.19,61.19
967.21,61.19
967.22,61.19
967.23,61.19
967.25,61.19
967.26,61.18
967.28,61.18
967.29,61.18
967.31,61.18
967.32,61.18
967.34,61.18
967.35,61.17
967.37,61.17
967.38,61.17
967.40,61.17
967.41,61.17
967.43,61.17
967.44,61.16
967.46,61.16
967.47,61.16
967.49,61.16
967.50,61.16
967.51,61.16
967.53,61.15
967.54,61.15
967.56,61.15
967.57,61.15
967.59,61.15
967.60,61.15
967.62,61.14
967.63,61.14
967.65,61.14
967.66,61.14
967.68,61.14
967.69,61.14
967.71,61.13
967.72,61.13
967.74,61.14
967.75,61.13
967.76,61.13
967.78,61.13
967.79,61.13
967.81,61.12
967.82,61.13
967.84,61.12
967.85,61.12
967.87,61.12
967.88,61.12
967.90,61.11
967.91,61.12
967.93,61.11
967.94,61.11
967.96,61.11
967.97,61.11
967.99,61.10
968.00,61.11
968.01,61.10
968.03,61.10
968.04,61.10
968.06,61.10
968.07,61.09
968.09,61.10
968.10,61.09
968.12,61.09
968.13,61.09
968.15,61.09
968.16,61.08
968.18,61.09
968.19,61.08
968.21,61.08
968.22,61.08
968.24,61.08
968.25,61.07
968.26,61.08
968.28,61.08
968.29,61.07
968.31,61.07
968.32,61.07
968.34,61.07
968.35,61.07
968.37,61.07
968.38,61.06
968.40,61.06
968.41,61.06
968.43,61.06
968.44,61.06
968.46,61.06
968.47,61.05
968.49,61.05
968.50,61.05
968.51,61.05
968.53,61.05
968.54,61.05
968.56,61.04
968.57,61.04
968.59,61.04
968.60,61.04
968.62,61.04
968.63,61.04
968.65,61.03
968.66,61.03
968.68,61.03
968.69,61.03
968.71,61.03
968.72,61.03
968.74,61.02
968.75,61.02
968.76,61.02
968.78,61.02
968.79,61.02
968.81,61.02
968.82,61.02
968.84,61.01
968.85,61.01
968.87,61.01
968.88,61.01
968.90,61.01
968.91,61.01
968.93,61.00
968.94,61.00
968.96,61.00
968.97,61.00
968.99,61.00
969.00,61.00
969.02,60.99
969.03,60.99
969.04,60.99
969.06,60.99
969.07,60.99
969.09,60.99
969.10,60.98
969.12,60.98
969.13,60.98
969.15,60.98
969.16,60.98
969.18,60.98
969.19,60.97
969.21,60.97
969.22,60.97
969.24,60.97
969.25,60.97
969.27,60.97
969.28,60.97
969.29,60.96
969.31,60.96
969.32,60.96
969.34,60.96
969.35,60.96
969.37,60.96
969.38,60.96
969.40,60.96
969.41,60.96
969.43,60.96
969.44,60.96
969.46,60.96
969.47,60.96
969.49,60.96
969.50,60.96
969.52,60.96
969.53,60.96
969.54,60.96
969.56,60.96
969.57,60.96
969.59,60.96
969.60,60.96
969.62,60.96
969.63,60.96
969.65,60.96
969.66,60.96
969.68,60.96
969.69,60.96
969.71,60.96
969.72,60.96
969.74,60.96
969.75,60.96
969.77,60.96
969.78,60.96
969.79,60.96
969.81,60.96
969.82,60.96
969.84,60.96
969.85,60.96
969.87,60.96
969.88,60.96
969.90,60.96
969.91,60.96
969.93,60.96
969.94,60.96
969.96,60.96
969.97,60.96
969.99,60.96
970.00,60.96
970.02,60.96
970.03,60.96
970.04,60.96
970.06,60.96
970.07,60.96
970.09,60.96
970.10,60.96
970.12,60.96
970.13,60.96
970.15,60.96
970.16,60.96
970.18,60.96
970.19,60.95
970.21,60.95
970.22,60.95
970.24,60.96
970.25,60.96
970.27,60.96
970.28,60.96
970.29,60.97
970.31,60.97
970.32,60.97
970.34,60.98
970.35,60.98
970.37,60.98
970.38,60.98
970.40,60.99
970.41,60.99
970.43,60.99
970.44,60.99
970.46,61.00
970.47,61.00
970.49,61.00
970.50,61.01
970.52,61.01
970.53,61.01
970.55,61.01
970.56,61.02
970.57,61.02
970.59,61.02
970.60,61.02
970.62,61.03
970.63,61.03
970.65,61.03
970.66,61.03
970.68,61.03
970.69,61.03
970.71,61.02
970.72,61.02
970.74,61.02
970.75,61.02
970.77,61.02
970.78,61.02
970.80,61.01
970.81,61.01
970.82,61.01
970.84,61.01
970.85,61.01
970.87,61.01
970.88,61.00
970.90,61.00
970.91,61.00
970.93,61.00
970.94,61.00
970.96,61.00
970.97,60.99
970.99,60.99
971.00,60.99
971.02,60.99
971.03,60.99
971.05,60.99
971.06,60.98
971.07,60.98
971.09,60.98
971.10,60.98
971.12,60.98
971.13,60.98
971.15,60.98
971.16,60.97
971.18,60.97
971.19,60.97
971.21,60.97
971.22,60.97
971.24,60.97
971.25,60.96
971.27,60.96
971.28,60.96
971.30,60.96
971.31,60.96
971.32,60.96
971.34,60.95
971.35,60.95
971.37,60.95
971.38,60.95
971.40,60.95
971.41,60.95
971.43,60.94
971.44,60.94
971.46,60.94
971.47,60.94
971.49,60.94
971.50,60.94
971.52,60.93
971.53,60.93
971.55,60.93
971.56,60.93
971.57,60.93
971.59,60.93
971.60,60.93
971.62,60.92
971.63,60.92
971.65,60.92
971.66,60.92
971.68,60.92
971.69,60.92
971.71,60.91
971.72,60.91
971.74,60.91
971.75,60.91
971.77,60.91
971.78,60.91
971.80,60.90
971.81,60.90
971.82,60.90
971.84,60.90
971.85,60.90
971.87,60.90
971.88,60.89
971.90,60.89
971.91,60.90
971.93,60.89
971.94,60.89
971.96,60.89
971.97,60.89
971.99,60.88
972.00,60.89
972.02,60.88
972.03,60.88
972.05,60.88
972.06,60.88
972.08,60.87
972.09,60.88
972.10,60.87
972.12,60.87
972.13,60.87
972.15,60.87
972.16,60.86
972.18,60.87
972.19,60.86
972.21,60.86
972.22,60.86
972.24,60.86
972.25,60.85
972.27,60.86
972.28,60.86
972.30,60.85
972.31,60.85
972.33,60.85
972.34,60.85
972.35,60.85
972.37,60.85
972.38,60.84
972.40,60.84
972.41,60.84
972.43,60.84
972.44,60.84
972.46,60.84
972.47,60.83
972.49,60.83
972.50,60.83
972.52,60.83
972.53,60.83
972.55,60.83
972.56,60.82
972.58,60.82
972.59,60.82
972.60,60.82
972.62,60.82
972.63,60.82
972.65,60.81
972.66,60.81
972.68,60.81
972.69,60.81
972.71,60.81
972.72,60.81
972.74,60.81
972.75,60.80
972.77,60.80
972.78,60.80
972.80,60.80
972.81,60.80
972.83,60.80
972.84,60.79
972.85,60.79
972.87,60.79
972.88,60.79
972.90,60.79
972.91,60.79
972.93,60.78
972.94,60.78
972.96,60.78
972.97,60.78
972.99,60.78
973.00,60.78
973.02,60.78
973.03,60.77
973.05,60.77
973.06,60.77
973.08,60.77
973.09,60.77
973.10,60.77
973.12,60.76
973.13,60.76
973.15,60.76
973.16,60.76
973.18,60.76
973.19,60.76
973.21,60.75
973.22,60.75
973.24,60.75
973.25,60.75
973.27,60.75
973.28,60.75
973.30,60.74
973.31,60.74
973.33,60.75
973.34,60.74
973.35,60.74
973.37,60.74
973.38,60.74
973.40,60.73
973.41,60.74
973.43,60.73
973.44,60.73
973.46,60.73
973.47,60.73
973.49,60.73
973.50,60.73
973.52,60.73
973.53,60.73
973.55,60.73
973.56,60.73
973.58,60.73
973.59,60.73
973.61,60.73
973.62,60.73
973.63,60.73
973.65,60.73
973.66,60.73
973.68,60.73
973.69,60.73
973.71,60.73
973.72,60.73
973.74,60.73
973.75,60.73
973.77,60.73
973.78,60.73
973.80,60.73
973.81,60.73
973.83,60.73
973.84,60.73
973.86,60.73
973.87,60.73
973.88,60.73
973.90,60.73
973.91,60.73
973.93,60.73
973.94,60.73
973.96,60.73
973.97,60.73
973.99,60.73
974.00,60.73
974.02,60.73
974.03,60.73
974.05,60.73
974.06,60.73
974.08,60.73
974.09,60.73
974.11,60.73
974.12,60.73
974.13,60.73
974.15,60.73
974.16,60.73
974.18,60.73
974.19,60.73
974.21,60.73
974.22,60.73
974.24,60.73
974.25,60.73
974.27,60.73
974.28,60.73
974.30,60.73
974.31,60.73
974.33,60.73
974.34,60.73
974.36,60.73
974.37,60.73
974.38,60.73
974.40,60.73
974.41,60.73
974.43,60.73
974.44,60.73
974.46,60.73
974.47,60.73
974.49,60.73
974.50,60.73
974.52,60.72
974.53,60.72
974.55,60.72
974.56,60.72
974.58,60.73
974.59,60.73
974.61,60.73
974.62,60.74
974.63,60.74
974.65,60.74
974.66,60.74
974.68,60.75
974.69,60.75
974.71,60.75
974.72,60.76
974.74,60.76
974.75,60.76
974.77,60.76
974.78,60.77
974.80,60.77
974.81,60.77
974.83,60.77
974.84,60.78
974.86,60.78
974.87,60.78
974.88,60.79
974.90,60.79
974.91,60.79
974.93,60.79
974.94,60.80
974.96,60.80
974.97,60.80
974.99,60.81
975.00,60.81
975.02,60.81
975.03,60.81
975.05,60.82
975.06,60.82
975.08,60.82
975.09,60.82
975.11,60.82
975.12,60.81
975.14,60.81
975.15,60.81
975.16,60.81
975.18,60.81
975.19,60.81
975.21,60.81
975.22,60.80
975.24,60.81
975.25,60.80
975.27,60.80
975.28,60.80
975.30,60.80
975.31,60.79
975.33,60.80
975.34,60.79
975.36,60.79
975.37,60.79
975.39,60.79
975.40,60.78
975.41,60.79
975.43,60.78
975.44,60.78
975.46,60.78
975.47,60.78
975.49,60.77
975.50,60.78
975.52,60.77
975.53,60.77
975.55,60.77
975.56,60.77
975.58,60.77
975.59,60.77
975.61,60.77
975.62,60.77
975.64,60.77
975.65,60.77
975.66,60.77
975.68,60.77
975.69,60.77
975.71,60.78
975.72,60.78
975.74,60.78
975.75,60.77
975.77,60.78
975.78,60.77
975.80,60.77
975.81,60.77
975.83,60.77
975.84,60.76
975.86,60.77
975.87,60.76
975.89,60.76
975.90,60.76
975.91,60.76
975.93,60.76
975.94,60.76
975.96,60.76
975.97,60.75
975.99,60.75
976.00,60.75
976.02,60.75
976.03,60.75
976.05,60.75
976.06,60.74
976.08,60.74
976.09,60.74
976.11,60.74
976.12,60.74
976.14,60.74
976.15,60.73
976.16,60.73
976.18,60.73
976.19,60.73
976.21,60.73
976.22,60.73
976.24,60.73
976.25,60.72
976.27,60.72
976.28,60.72
976.30,60.72
976.31,60.72
976.33,60.72
976.34,60.71
976.36,60.71
976.37,60.71
976.39,60.71
976.40,60.71
976.41,60.71
976.43,60.70
976.44,60.70
976.46,60.70
976.47,60.70
976.49,60.70
976.50,60.70
976.52,60.69
976.53,60.69
976.55,60.69
976.56,60.69
976.58,60.69
976.59,60.69
976.61,60.69
976.62,60.68
976.64,60.68
976.65,60.68
976.67,60.68
976.68,60.68
976.69,60.68
976.71,60.67
976.72,60.67
976.74,60.67
976.75,60.67
976.77,60.67
976.78,60.67
976.80,60.66
976.81,60.66
976.83,60.67
976.84,60.66
976.86,60.66
976.87,60.66
976.89,60.66
976.90,60.65
976.92,60.66
976.93,60.65
976.94,60.65
976.96,60.65
976.97,60.65
976.99,60.64
977.00,60.65
977.02,60.64
977.03,60.64
977.05,60.64
977.06,60.64
977.08,60.63
977.09,60.64
977.11,60.64
977.12,60.63
977.14,60.63
977.15,60.63
977.17,60.63
977.18,60.63
977.19,60.63
977.21,60.62
977.22,60.62
977.24,60.62
977.25,60.62
977.27,60.62
977.28,60.62
977.30,60.61
977.31,60.61
977.33,60.61
977.34,60.61
977.36,60.61
977.37,60.61
977.39,60.60
977.40,60.60
977.42,60.60
977.43,60.60
977.44,60.60
977.46,60.60
977.47,60.60
977.49,60.59
977.50,60.59
977.52,60.59
977.53,60.59
977.55,60.59
977.56,60.59
977.58,60.58
977.59,60.58
977.61,60.58
977.62,60.58
977.64,60.58
977.65,60.58
977.67,60.57
977.68,60.57
977.69,60.57
977.71,60.57
977.72,60.57
977.74,60.57
977.75,60.57
977.77,60.56
977.78,60.56
977.80,60.56
977.81,60.56
977.83,60.56
977.84,60.56
977.86,60.55
977.87,60.55
977.89,60.55
977.90,60.55
977.92,60.55
977.93,60.55
977.94,60.54
977.96,60.54
977.97,60.55
977.99,60.54
978.00,60.54
978.02,60.54
978.03,60.54
978.05,60.53
978.06,60.54
978.08,60.53
978.09,60.53
978.11,60.53
978.12,60.53
978.14,60.52
978.15,60.53
978.17,60.52
978.18,60.52
978.19,60.52
978.21,60.52
978.22,60.51
978.24,60.52
978.25,60.52
978.27,60.51
978.28,60.51
978.30,60.51
978.31,60.51
978.33,60.51
978.34,60.51
978.36,60.50
978.37,60.50
978.39,60.50
978.40,60.50
978.42,60.50
978.43,60.50
978.45,60.49
978.46,60.49
978.47,60.49
978.49,60.49
978.50,60.49
978.52,60.49
978.53,60.49
978.55,60.48
978.56,60.48
978.58,60.48
978.59,60.48
978.61,60.48
978.62,60.48
978.64,60.47
978.65,60.47
978.67,60.47
978.68,60.47
978.70,60.47
978.71,60.47
978.72,60.47
978.74,60.47
978.75,60.47
978.77,60.47
978.78,60.47
978.80,60.47
978.81,60.47
978.83,60.47
978.84,60.47
978.86,60.47
978.87,60.47
978.89,60.47
978.90,60.47
978.92,60.47
978.93,60.47
978.95,60.47
978.96,60.47
978.97,60.47
978.99,60.47
979.00,60.47
979.02,60.47
979.03,60.47
979.05,60.47
979.06,60.47
979.08,60.47
979.09,60.47
979.11,60.47
979.12,60.47
979.14,60.47
979.15,60.47
979.17,60.47
979.18,60.47
979.20,60.47
979.21,60.47
979.22,60.47
979.24,60.47
979.25,60.47
979.27,60.47
979.28,60.47
979.30,60.47
979.31,60.47
979.33,60.47
979.34,60.47
979.36,60.47
979.37,60.47
979.39,60.47
979.40,60.47
979.42,60.47
979.43,60.47
979.45,60.47
979.46,60.47
979.47,60.47
979.49,60.47
979.50,60.47
979.52,60.47
979.53,60.47
979.55,60.47
979.56,60.47
979.58,60.47
979.59,60.47
979.61,60.47
979.62,60.47
979.64,60.47
979.65,60.47
979.67,60.47
979.68,60.47
979.70,60.47
979.71,60.47
979.72,60.47
979.74,60.47
979.75,60.47
979.77,60.47
979.78,60.47
979.80,60.47
979.81,60.47
979.83,60.47
979.84,60.47
979.86,60.47
979.87,60.46
979.89,60.46
979.90,60.47
979.92,60.47
979.93,60.47
979.95,60.47
979.96,60.48
979.98,60.48
979.99,60.48
980.00,60.49
980.02,60.49
980.03,60.49
980.05,60.49
980.06,60.50
980.08,60.50
980.09,60.50
980.11,60.51
980.12,60.51
980.14,60.51
980.15,60.51
980.17,60.52
980.18,60.52
980.20,60.52
980.21,60.52
980.23,60.53
980.24,60.53
980.25,60.53
980.27,60.54
980.28,60.54
980.30,60.54
980.31,60.54
980.33,60.55
980.34,60.55
980.36,60.55
980.37,60.56
980.39,60.56
980.40,60.56
980.42,60.56
980.43,60.57
980.45,60.57
980.46,60.57
980.48,60.58
980.49,60.57
980.50,60.57
980.52,60.57
980.53,60.57
980.55,60.57
980.56,60.57
980.58,60.56
980.59,60.56
980.61,60.56
980.62,60.56
980.64,60.56
980.65,60.56
980.67,60.55
980.68,60.55
980.70,60.55
980.71,60.55
980.73,60.55
980.74,60.55
980.75,60.55
980.77,60.54
980.78,60.54
980.80,60.54
980.81,60.54
980.83,60.54
980.84,60.54
980.86,60.53
980.87,60.53
980.89,60.53
980.90,60.53
980.92,60.53
980.93,60.53
980.95,60.53
980.96,60.52
980.98,60.53
980.99,60.52
981.00,60.52
981.02,60.52
981.03,60.52
981.05,60.51
981.06,60.52
981.08,60.51
981.09,60.51
981.11,60.51
981.12,60.51
981.14,60.50
981.15,60.51
981.17,60.50
981.18,60.50
981.20,60.50
981.21,60.50
981.23,60.50
981.24,60.50
981.25,60.50
981.27,60.49
981.28,60.49
981.30,60.49
981.31,60.49
981.33,60.49
981.34,60.49
981.36,60.48
981.37,60.48
981.39,60.48
981.40,60.48
981.42,60.48
981.43,60.48
981.45,60.48
981.46,60.47
981.48,60.47
981.49,60.47
981.51,60.47
981.52,60.47
981.53,60.47
981.55,60.46
981.56,60.46
981.58,60.46
981.59,60.46
981.61,60.46
981.62,60.46
981.64,60.45
981.65,60.45
981.67,60.45
981.68,60.45
981.70,60.45
981.71,60.45
981.73,60.45
981.74,60.44
981.76,60.44
981.77,60.44
981.78,60.44
981.80,60.44
981.81,60.44
981.83,60.43
981.84,60.43
981.86,60.43
981.87,60.43
981.89,60.43
981.90,60.43
981.92,60.42
981.93,60.42
981.95,60.43
981.96,60.42
981.98,60.42
981.99,60.42
982.01,60.42
982.02,60.41
982.03,60.42
982.05,60.41
982.06,60.41
982.08,60.41
982.09,60.41
982.11,60.40
982.12,60.41
982.14,60.40
982.15,60.40
982.17,60.40
982.18,60.40
982.20,60.40
982.21,60.40
982.23,60.40
982.24,60.39
982.26,60.39
982.27,60.39
982.28,60.39
982.30,60.39
982.31,60.39
982.33,60.38
982.34,60.38
982.36,60.38
982.37,60.38
982.39,60.38
982.40,60.38
982.42,60.38
982.43,60.37
982.45,60.37
982.46,60.37
982.48,60.37
982.49,60.37
982.51,60.37
982.52,60.36
982.53,60.36
982.55,60.36
982.56,60.36
982.58,60.36
982.59,60.36
982.61,60.35
982.62,60.35
982.64,60.35
982.65,60.35
982.67,60.35
982.68,60.35
982.70,60.35
982.71,60.34
982.73,60.34
982.74,60.34
982.76,60.34
982.77,60.34
982.78,60.34
982.80,60.33
982.81,60.33
982.83,60.34
982.84,60.33
982.86,60.33
982.87,60.33
982.89,60.33
982.90,60.32
982.92,60.33
982.93,60.32
982.95,60.32
982.96,60.32
982.98,60.32
982.99,60.31
983.01,60.32
983.02,60.31
983.04,60.31
983.05,60.31
983.06,60.31
983.08,60.30
983.09,60.31
983.11,60.31
983.12,60.30
983.14,60.30
983.15,60.30
983.17,60.30
983.18,60.30
983.20,60.30
983.21,60.29
983.23,60.29
983.24,60.29
983.26,60.29
983.27,60.29
983.29,60.29
983.30,60.29
983.31,60.28
983.33,60.28
983.34,60.28
983.36,60.28
983.37,60.28
983.39,60.28
983.40,60.27
983.42,60.27
983.43,60.27
983.45,60.27
983.46,60.27
983.48,60.27
983.49,60.26
983.51,60.26
983.52,60.26
983.54,60.26
983.55,60.26
983.56,60.26
983.58,60.26
983.59,60.25
983.61,60.25
983.62,60.25
983.64,60.25
983.65,60.25
983.67,60.25
983.68,60.24
983.70,60.24
983.71,60.25
983.73,60.24
983.74,60.24
983.76,60.24
983.77,60.24
983.79,60.23
983.80,60.24
983.81,60.23
983.83,60.23
983.84,60.23
983.86,60.23
983.87,60.22
983.89,60.23
983.90,60.23
983.92,60.22
983.93,60.22
983.95,60.22
983.96,60.22
983.98,60.22
983.99,60.22
984.01,60.21
984.02,60.21
984.04,60.21
984.05,60.21
984.06,60.21
984.08,60.21
984.09,60.20
984.11,60.20
984.12,60.20
984.14,60.20
984.15,60.20
984.17,60.20
984.18,60.20
984.20,60.19
984.21,60.19
984.23,60.19
984.24,60.19
984.26,60.19
984.27,60.19
984.29,60.18
984.30,60.18
984.31,60.18
984.33,60.18
984.34,60.18
984.36,60.18
984.37,60.18
984.39,60.17
984.40,60.17
984.42,60.17
984.43,60.17
984.45,60.17
984.46,60.17
984.48,60.16
984.49,60.16
984.51,60.17
984.52,60.16
984.54,60.16
984.55,60.16
984.57,60.16
984.58,60.15
984.59,60.16
984.61,60.15
984.62,60.15
984.64,60.15
984.65,60.15
984.67,60.14
984.68,60.15
984.70,60.15
984.71,60.14
984.73,60.14
984.74,60.14
984.76,60.14
984.77,60.14
984.79,60.14
984.80,60.13
984.82,60.13
984.83,60.13
984.84,60.13
984.86,60.13
984.87,60.13
984.89,60.13
984.90,60.12
984.92,60.12
984.93,60.12
984.95,60.12
984.96,60.12
984.98,60.12
984.99,60.11
985.01,60.11
985.02,60.11
985.04,60.11
985.05,60.11
985.07,60.11
985.08,60.11
985.09,60.11
985.11,60.11
985.12,60.11
985.14,60.11
985.15,60.11
985.17,60.11
985.18,60.11
985.20,60.12
985.21,60.12
985.23,60.12
985.24,60.12
985.26,60.12
985.27,60.12
985.29,60.12
985.30,60.12
985.32,60.12
985.33,60.12
985.34,60.12
985.36,60.12
985.37,60.12
985.39,60.12
985.40,60.12
985.42,60.12
985.43,60.12
985.45,60.12
985.46,60.12
985.48,60.12
985.49,60.12
985.51,60.12
985.52,60.12
985.54,60.12
985.55,60.12
985.57,60.12
985.58,60.12
985.59,60.12
985.61,60.12
985.62,60.12
985.64,60.12
985.65,60.12
985.67,60.12
985.68,60.12
985.70,60.12
985.71,60.12
985.73,60.12
985.74,60.12
985.76,60.12
985.77,60.12
985.79,60.12
985.80,60.12
985.82,60.12
985.83,60.12
985.84,60.12
985.86,60.12
985.87,60.12
985.89,60.12
985.90,60.12
985.92,60.12
985.93,60.12
985.95,60.12
985.96,60.12
985.98,60.12
985.99,60.12
986.01,60.12
986.02,60.12
986.04,60.12
986.05,60.12
986.07,60.12
986.08,60.11
986.10,60.11
986.11,60.11
986.12,60.11
986.14,60.12
986.15,60.12
986.17,60.12
986.18,60.12
986.20,60.13
986.21,60.13
986.23,60.13
986.24,60.14
986.26,60.14
986.27,60.14
986.29,60.15
986.30,60.15
986.32,60.15
986.33,60.15
986.35,60.16
986.36,60.16
986.37,60.16
986.39,60.17
986.40,60.17
986.42,60.17
986.43,60.17
986.45,60.18
986.46,60.18
986.48,60.18
986.49,60.19
986.51,60.19
986.52,60.19
986.54,60.19
986.55,60.20
986.57,60.20
986.58,60.20
986.60,60.21
986.61,60.21
986.62,60.21
986.64,60.22
986.65,60.22
986.67,60.22
986.68,60.21
986.70,60.21
986.71,60.21
986.73,60.21
986.74,60.21
986.76,60.21
986.77,60.20
986.79,60.20
986.80,60.20
986.82,60.20
986.83,60.20
986.85,60.20
986.86,60.20
986.87,60.19
986.89,60.19
986.90,60.19
986.92,60.19
986.93,60.19
986.95,60.19
986.96,60.18
986.98,60.18
986.99,60.18
987.01,60.18
987.02,60.18
987.04,60.18
987.05,60.18
987.07,60.17
987.08,60.17
987.10,60.17
987.11,60.17
987.12,60.17
987.14,60.17
987.15,60.16
987.17,60.16
987.18,60.16
987.20,60.16
987.21,60.16
987.23,60.16
987.24,60.16
987.26,60.15
987.27,60.16
987.29,60.15
987.30,60.15
987.32,60.15
987.33,60.15
987.35,60.14
987.36,60.15
987.37,60.14
987.39,60.14
987.40,60.14
987.42,60.14
987.43,60.14
987.45,60.14
987.46,60.14
987.48,60.13
987.49,60.13
987.51,60.13
987.52,60.13
987.54,60.13
987.55,60.13
987.57,60.12
987.58,60.12
987.60,60.12
987.61,60.12
987.63,60.12
987.64,60.12
987.65,60.12
987.67,60.11
987.68,60.11
987.70,60.11
987.71,60.11
987.73,60.11
987.74,60.11
987.76,60.10
987.77,60.10
987.79,60.10
987.80,60.10
987.82,60.10
987.83,60.10
987.85,60.10
987.86,60.09
987.88,60.09
987.89,60.09
987.90,60.09
987.92,60.09
987.93,60.09
987.95,60.08
987.96,60.08
987.98,60.09
987.99,60.08
988.01,60.08
988.02,60.08
988.04,60.08
988.05,60.07
988.07,60.08
988.08,60.07
988.10,60.07
988.11,60.07
988.13,60.07
988.14,60.06
988.15,60.07
988.17,60.07
988.18,60.06
988.20,60.06
988.21,60.06
988.23,60.06
988.24,60.06
988.26,60.06
988.27,60.05
988.29,60.05
988.30,60.05
988.32,60.05
988.33,60.05
988.35,60.05
988.36,60.05
988.38,60.04
988.39,60.04
988.40,60.04
988.42,60.04
988.43,60.04
988.45,60.04
988.46,60.03
988.48,60.03
988.49,60.03
988.51,60.03
988.52,60.03
988.54,60.03
988.55,60.03
988.57,60.02
988.58,60.02
988.60,60.02
988.61,60.02
988.63,60.02
988.64,60.02
988.65,60.01
988.67,60.01
988.68,60.02
988.70,60.01
988.71,60.01
988.73,60.01
988.74,60.01
988.76,60.00
988.77,60.01
988.79,60.00
988.80,60.00
988.82,60.00
988.83,60.00
988.85,59.99
988.86,60.00
988.88,60.00
988.89,59.99
988.90,59.99
988.92,59.99
988.93,59.99
988.95,59.99
988.96,59.99
988.98,59.98
988.99,59.98
989.01,59.98
989.02,59.98
989.04,59.98
989.05,59.98
989.07,59.98
989.08,59.97
989.10,59.97
989.11,59.97
989.13,59.97
989.14,59.97
989.16,59.97
989.17,59.96
989.18,59.96
989.20,59.96
989.21,59.96
989.23,59.96
989.24,59.96
989.26,59.96
989.27,59.96
989.29,59.96
989.30,59.96
989.32,59.96
989.33,59.96
989.35,59.96
989.36,59.96
989.38,59.96
989.39,59.96
989.41,59.96
989.42,59.96
989.43,59.96
989.45,59.96
989.46,59.96
989.48,59.96
989.49,59.96
989.51,59.96
989.52,59.96
989.54,59.96
989.55,59.96
989.57,59.96
989.58,59.96
989.60,59.96
989.61,59.96
989.63,59.96
989.64,59.96
989.66,59.96
989.67,59.96
989.68,59.96
989.70,59.96
989.71,59.96
989.73,59.96
989.74,59.96
989.76,59.96
989.77,59.96
989.79,59.96
989.80,59.96
989.82,59.96
989.83,59.96
989.85,59.96
989.86,59.96
989.88,59.96
989.89,59.96
989.91,59.96
989.92,59.96
989.93,59.96
989.95,59.96
989.96,59.96
989.98,59.96
989.99,59.96
990.01,59.96
990.02,59.96
990.04,59.96
990.05,59.96
990.07,59.96
990.08,59.96
990.10,59.96
990.11,59.96
990.13,59.96
990.14,59.96
990.16,59.96
990.17,59.96
990.18,59.96
990.20,59.96
990.21,59.96
990.23,59.96
990.24,59.96
990.26,59.96
990.27,59.96
990.29,59.96
990.30,59.96
990.32,59.96
990.33,59.96
990.35,59.96
990.36,59.96
990.38,59.96
990.39,59.97
990.41,59.97
990.42,59.97
990.43,59.98
990.45,59.98
990.46,59.98
990.48,59.99
990.49,59.99
990.51,59.99
990.52,59.99
990.54,60.00
990.55,60.00
990.57,60.00
990.58,60.01
990.60,60.01
990.61,60.01
990.63,60.01
990.64,60.02
990.66,60.02
990.67,60.02
990.69,60.03
990.70,60.03
990.71,60.03
990.73,60.04
990.74,60.04
990.76,60.04
990.77,60.04
990.79,60.05
990.80,60.05
990.82,60.05
990.83,60.06
990.85,60.06
990.86,60.06
990.88,60.06
990.89,60.06
990.91,60.06
990.92,60.06
990.94,60.06
990.95,60.06
990.96,60.06
990.98,60.05
990.99,60.05
991.01,60.05
991.02,60.05
991.04,60.05
991.05,60.05
991.07,60.05
991.08,60.04
991.10,60.04
991.11,60.04
991.13,60.04
991.14,60.04
991.16,60.04
991.17,60.03
991.19,60.03
991.20,60.03
991.21,60.03
991.23,60.03
991.24,60.03
991.26,60.03
991.27,60.02
991.29,60.02
991.30,60.02
991.32,60.02
991.33,60.02
991.35,60.02
991.36,60.01
991.38,60.01
991.39,60.01
991.41,60.01
991.42,60.01
991.44,60.01
991.45,60.01
991.46,60.00
991.48,60.01
991.49,60.00
991.51,60.00
991.52,60.00
991.54,60.00
991.55,59.99
991.57,60.00
991.58,59.99
991.60,59.99
991.61,59.99
991.63,59.99
991.64,59.99
991.66,59.99
991.67,59.99
991.69,59.98
991.70,59.98
991.71,59.98
991.73,59.98
991.74,59.98
991.76,59.98
991.77,59.98
991.79,59.97
991.80,59.97
991.82,59.97
991.83,59.97
991.85,59.97
991.86,59.97
991.88,59.96
991.89,59.96
991.91,59.96
991.92,59.96
991.94,59.96
991.95,59.96
991.96,59.96
991.98,59.95
991.99,59.95
992.01,59.95
992.02,59.95
992.04,59.95
992.05,59.95
992.07,59.94
992.08,59.94
992.10,59.94
992.11,59.94
992.13,59.94
992.14,59.94
992.16,59.94
992.17,59.93
992.19,59.94
992.20,59.93
992.22,59.93
992.23,59.93
992.24,59.93
992.26,59.92
992.27,59.93
992.29,59.93
992.30,59.92
992.32,59.92
992.33,59.92
992.35,59.92
992.36,59.92
992.38,59.92
992.39,59.91
992.41,59.91
992.42,59.91
992.44,59.91
992.45,59.91
992.47,59.91
992.48,59.91
992.49,59.90
992.51,59.90
992.52,59.90
992.54,59.90
992.55,59.90
992.57,59.90
992.58,59.89
992.60,59.89
992.61,59.89
992.63,59.89
992.64,59.89
992.66,59.89
992.67,59.89
992.69,59.88
992.70,59.88
992.72,59.88
992.73,59.88
992.74,59.88
992.76,59.88
992.77,59.87
992.79,59.87
992.80,59.88
992.82,59.87
992.83,59.87
992.85,59.87
992.86,59.87
992.88,59.86
992.89,59.87
992.91,59.86
992.92,59.86
992.94,59.86
992.95,59.86
992.97,59.86
992.98,59.86
992.99,59.86
993.01,59.85
993.02,59.85
993.04,59.85
993.05,59.85
993.07,59.85
993.08,59.85
993.10,59.85
993.11,59.85
993.13,59.85
993.14,59.85
993.16,59.85
993.17,59.85
993.19,59.85
993.20,59.85
993.22,59.85
993.23,59.85
993.24,59.85
993.26,59.85
993.27,59.85
993.29,59.85
993.30,59.85
993.32,59.85
993.33,59.85
993.35,59.85
993.36,59.85
993.38,59.85
993.39,59.85
993.41,59.85
993.42,59.85
993.44,59.85
993.45,59.85
993.47,59.86
993.48,59.86
993.49,59.86
993.51,59.86
993.52,59.87
993.54,59.87
993.55,59.87
993.57,59.88
993.58,59.88
993.60,59.88
993.61,59.89
993.63,59.89
993.64,59.89
993.66,59.89
993.67,59.90
993.69,59.89
993.70,59.89
993.72,59.89
993.73,59.89
993.75,59.89
993.76,59.89
993.77,59.89
993.79,59.88
993.80,59.88
993.82,59.88
993.83,59.88
993.85,59.88
993.86,59.88
993.88,59.88
993.89,59.87
993.91,59.87
993.92,59.87
993.94,59.87
993.95,59.87
993.97,59.87
993.98,59.86
994.00,59.86
994.01,59.86
994.02,59.86
994.04,59.86
994.05,59.86
994.07,59.86
994.08,59.86
994.10,59.86
994.11,59.86
994.13,59.86
994.14,59.86
994.16,59.86
994.17,59.86
994.19,59.86
994.20,59.86
994.22,59.86
994.23,59.86
994.25,59.86
994.26,59.86
994.27,59.86
994.29,59.86
994.30,59.86
994.32,59.86
994.33,59.86
994.35,59.86
994.36,59.86
994.38,59.86
994.39,59.86
994.41,59.86
994.42,59.86
994.44,59.87
994.45,59.87
994.47,59.87
994.48,59.88
994.50,59.88
994.51,59.88
994.52,59.88
994.54,59.88
994.55,59.88
994.57,59.88
994.58,59.88
994.60,59.87
994.61,59.87
994.63,59.87
994.64,59.87
994.66,59.87
994.67,59.87
994.69,59.87
994.70,59.86
994.72,59.86
994.73,59.86
994.75,59.86
994.76,59.86
994.77,59.86
994.79,59.85
994.80,59.85
994.82,59.86
994.83,59.85
994.85,59.85
994.86,59.85
994.88,59.85
994.89,59.84
994.91,59.85
994.92,59.84
994.94,59.84
994.95,59.84
994.97,59.84
994.98,59.84
995.00,59.84
995.01,59.84
995.02,59.84
995.04,59.84
995.05,59.84
995.07,59.84
995.08,59.84
995.10,59.84
995.11,59.84
995.13,59.84
995.14,59.84
995.16,59.84
995.17,59.84
995.19,59.84
995.20,59.84
995.22,59.84
995.23,59.84
995.25,59.84
995.26,59.84
995.28,59.84
995.29,59.84
995.30,59.84
995.32,59.84
995.33,59.84
995.35,59.84
995.36,59.84
995.38,59.84
995.39,59.84
995.41,59.84
995.42,59.84
995.44,59.84
995.45,59.84
995.47,59.84
995.48,59.84
995.50,59.84
995.51,59.84
995.53,59.84
995.54,59.84
995.55,59.84
995.57,59.84
995.58,59.84
995.60,59.84
995.61,59.84
995.63,59.84
995.64,59.84
995.66,59.84
995.67,59.84
995.69,59.84
995.70,59.84
995.72,59.84
995.73,59.84
995.75,59.84
995.76,59.84
995.78,59.84
995.79,59.84
995.80,59.84
995.82,59.84
995.83,59.84
995.85,59.84
995.86,59.84
995.88,59.84
995.89,59.85
995.91,59.85
995.92,59.85
995.94,59.85
995.95,59.85
995.97,59.85
995.98,59.85
996.00,59.84
996.01,59.84
996.03,59.84
996.04,59.84
996.05,59.84
996.07,59.84
996.08,59.84
996.10,59.84
996.11,59.84
996.13,59.84
996.14,59.84
996.16,59.84
996.17,59.84
996.19,59.84
996.20,59.84
996.22,59.84
996.23,59.84
996.25,59.84
996.26,59.84
996.28,59.84
996.29,59.84
996.30,59.84
996.32,59.84
996.33,59.84
996.35,59.84
996.36,59.84
996.38,59.84
996.39,59.84
996.41,59.84
996.42,59.84
996.44,59.84
996.45,59.85
996.47,59.85
996.48,59.85
996.50,59.86
996.51,59.86
996.53,59.86
996.54,59.86
996.55,59.87
996.57,59.87
996.58,59.87
996.60,59.88
996.61,59.88
996.63,59.88
996.64,59.89
996.66,59.89
996.67,59.89
996.69,59.89
996.70,59.90
996.72,59.90
996.73,59.90
996.75,59.91
996.76,59.91
996.78,59.91
996.79,59.92
996.81,59.92
996.82,59.92
996.83,59.92
996.85,59.93
996.86,59.93
996.88,59.93
996.89,59.94
996.91,59.94
996.92,59.94
996.94,59.95
996.95,59.95
996.97,59.95
996.98,59.95
997.00,59.96
997.01,59.96
997.03,59.96
997.04,59.97
997.06,59.97
997.07,59.97
997.08,59.97
997.10,59.97
997.11,59.98
997.13,59.97
997.14,59.97
997.16,59.97
997.17,59.97
997.19,59.96
997.20,59.97
997.22,59.96
997.23,59.96
997.25,59.96
997.26,59.96
997.28,59.95
997.29,59.96
997.31,59.96
997.32,59.95
997.33,59.95
997.35,59.95
997.36,59.95
997.38,59.95
997.39,59.95
997.41,59.94
997.42,59.94
997.44,59.94
997.45,59.94
997.47,59.94
997.48,59.94
997.50,59.94
997.51,59.93
997.53,59.93
997.54,59.93
997.56,59.93
997.57,59.93
997.58,59.93
997.60,59.92
997.61,59.92
997.63,59.92
997.64,59.92
997.66,59.92
997.67,59.92
997.69,59.92
997.70,59.91
997.72,59.91
997.73,59.91
997.75,59.91
997.76,59.91
997.78,59.91
997.79,59.91
997.81,59.90
997.82,59.91
997.83,59.90
997.85,59.90
997.86,59.90
997.88,59.90
997.89,59.89
997.91,59.90
997.92,59.89
997.94,59.89
997.95,59.89
997.97,59.89
997.98,59.89
998.00,59.89
998.01,59.89
998.03,59.88
998.04,59.88
998.06,59.88
998.07,59.88
998.08,59.88
998.10,59.88
998.11,59.88
998.13,59.87
998.14,59.87
998.16,59.87
998.17,59.87
998.19,59.87
998.20,59.87
998.22,59.86
998.23,59.86
998.25,59.86
998.26,59.86
998.28,59.86
998.29,59.86
998.31,59.86
998.32,59.85
998.33,59.85
998.35,59.85
998.36,59.85
998.38,59.85
998.39,59.85
998.41,59.84
998.42,59.84
998.44,59.85
998.45,59.84
998.47,59.84
998.48,59.84
998.50,59.84
998.51,59.83
998.53,59.84
998.54,59.83
998.56,59.83
998.57,59.83
998.59,59.83
998.60,59.83
998.61,59.83
998.63,59.83
998.64,59.82
998.66,59.82
998.67,59.82
998.69,59.82
998.70,59.82
998.72,59.82
998.73,59.81
998.75,59.81
998.76,59.81
998.78,59.81
998.79,59.81
998.81,59.81
998.82,59.81
998.84,59.80
998.85,59.80
998.86,59.80
998.88,59.80
998.89,59.80
998.91,59.80
998.92,59.80
998.94,59.79
998.95,59.79
998.97,59.79
998.98,59.79
999.00,59.79
999.01,59.79
999.03,59.78
999.04,59.78
999.06,59.79
999.07,59.78
999.09,59.78
999.10,59.78
999.11,59.78
999.13,59.77
999.14,59.78
999.16,59.77
999.17,59.77
999.19,59.77
999.20,59.77
999.22,59.77
999.23,59.77
999.25,59.77
999.26,59.76
999.28,59.76
999.29,59.76
999.31,59.76
999.32,59.76
999.34,59.76
999.35,59.75
999.36,59.75
999.38,59.75
999.39,59.75
999.41,59.75
999.42,59.75
999.44,59.75
999.45,59.74
999.47,59.74
999.48,59.74
999.50,59.74
999.51,59.74
999.53,59.74
999.54,59.74
999.56,59.73
999.57,59.73
999.59,59.73
999.60,59.73
999.61,59.73
999.63,59.73
999.64,59.72
999.66,59.72
999.67,59.73
999.69,59.72
999.70,59.72
999.72,59.72
999.73,59.72
999.75,59.71
999.76,59.72
999.78,59.71
999.79,59.71
999.81,59.71
999.82,59.71
999.84,59.71
999.85,59.71
999.86,59.71
999.88,59.70
999.89,59.70
999.91,59.70
999.92,59.70
999.94,59.70
999.95,59.70
999.97,59.70
999.98,59.69
1000.00,59.69
1000.01,59.69
1000.03,59.69
1000.04,59.69
1000.06,59.69
1000.07,59.68
1000.09,59.68
1000.10,59.68
1000.12,59.68
1000.13,59.68
1000.14,59.68
1000.16,59.68
1000.17,59.67
1000.19,59.67
1000.20,59.67
1000.22,59.67
1000.23,59.67
1000.25,59.67
1000.26,59.67
1000.28,59.66
1000.29,59.67
1000.31,59.66
1000.32,59.66
1000.34,59.66
1000.35,59.66
1000.37,59.65
1000.38,59.65
1000.39,59.65
1000.41,59.65
1000.42,59.65
1000.44,59.66
1000.45,59.66
1000.47,59.66
1000.48,59.66
1000.50,59.66
1000.51,59.66
1000.53,59.66
1000.54,59.66
1000.56,59.66
1000.57,59.66
1000.59,59.66
1000.60,59.66
1000.62,59.66
1000.63,59.66
1000.64,59.66
1000.66,59.66
1000.67,59.66
1000.69,59.66
1000.70,59.66
1000.72,59.66
1000.73,59.66
1000.75,59.66
1000.76,59.66
1000.78,59.66
1000.79,59.66
1000.81,59.66
1000.82,59.66
1000.84,59.66
1000.85,59.66
1000.87,59.66
1000.88,59.66
1000.89,59.67
1000.91,59.67
1000.92,59.67
1000.94,59.68
1000.95,59.68
1000.97,59.68
1000.98,59.68
1001.00,59.69
1001.01,59.69
1001.03,59.69
1001.04,59.70
1001.06,59.70
1001.07,59.70
1001.09,59.70
1001.10,59.70
1001.12,59.70
1001.13,59.70
1001.14,59.70
1001.16,59.70
1001.17,59.70
1001.19,59.70
1001.20,59.70
1001.22,59.70
1001.23,59.70
1001.25,59.70
1001.26,59.70
1001.28,59.70
1001.29,59.70
1001.31,59.70
1001.32,59.70
1001.34,59.70
1001.35,59.70
1001.37,59.71
1001.38,59.70
1001.39,59.70
1001.41,59.71
1001.42,59.71
1001.44,59.71
1001.45,59.72
1001.47,59.72
1001.48,59.72
1001.50,59.72
1001.51,59.73
1001.53,59.73
1001.54,59.73
1001.56,59.74
1001.57,59.74
1001.59,59.74
1001.60,59.74
1001.62,59.74
1001.63,59.74
1001.65,59.74
1001.66,59.74
1001.67,59.73
1001.69,59.73
1001.70,59.73
1001.72,59.73
1001.73,59.73
1001.75,59.73
1001.76,59.73
1001.78,59.72
1001.79,59.72
1001.81,59.72
1001.82,59.72
1001.84,59.72
1001.85,59.72
1001.87,59.71
1001.88,59.71
1001.90,59.72
1001.91,59.71
1001.92,59.71
1001.94,59.71
1001.95,59.71
1001.97,59.70
1001.98,59.71
1002.00,59.70
1002.01,59.70
1002.03,59.70
1002.04,59.70
1002.06,59.69
1002.07,59.70
1002.09,59.70
1002.10,59.69
1002.12,59.69
1002.13,59.69
1002.15,59.69
1002.16,59.69
1002.17,59.69
1002.19,59.68
1002.20,59.68
1002.22,59.68
1002.23,59.68
1002.25,59.68
1002.26,59.68
1002.28,59.68
1002.29,59.67
1002.31,59.67
1002.32,59.67
1002.34,59.67
1002.35,59.67
1002.37,59.67
1002.38,59.67
1002.40,59.66
1002.41,59.66
1002.42,59.66
1002.44,59.66
1002.45,59.66
1002.47,59.66
1002.48,59.66
1002.50,59.66
1002.51,59.66
1002.53,59.66
1002.54,59.66
1002.56,59.66
1002.57,59.66
1002.59,59.66
1002.60,59.66
1002.62,59.66
1002.63,59.66
1002.65,59.66
1002.66,59.66
1002.67,59.66
1002.69,59.66
1002.70,59.66
1002.72,59.66
1002.73,59.66
1002.75,59.66
1002.76,59.66
1002.78,59.66
1002.79,59.66
1002.81,59.66
1002.82,59.66
1002.84,59.66
1002.85,59.66
1002.87,59.66
1002.88,59.66
1002.90,59.66
1002.91,59.66
1002.92,59.66
1002.94,59.66
1002.95,59.66
1002.97,59.66
1002.98,59.66
1003.00,59.66
1003.01,59.67
1003.03,59.67
1003.04,59.67
1003.06,59.66
1003.07,59.66
1003.09,59.66
1003.10,59.66
1003.12,59.66
1003.13,59.66
1003.15,59.67
1003.16,59.67
1003.18,59.67
1003.19,59.68
1003.20,59.68
1003.22,59.68
1003.23,59.69
1003.25,59.69
1003.26,59.69
1003.28,59.70
1003.29,59.70
1003.31,59.70
1003.32,59.70
1003.34,59.71
1003.35,59.71
1003.37,59.71
1003.38,59.72
1003.40,59.72
1003.41,59.72
1003.43,59.72
1003.44,59.72
1003.45,59.72
1003.47,59.71
1003.48,59.71
1003.50,59.71
1003.51,59.71
1003.53,59.71
1003.54,59.71
1003.56,59.70
1003.57,59.70
1003.59,59.70
1003.60,59.70
1003.62,59.70
1003.63,59.70
1003.65,59.70
1003.66,59.69
1003.68,59.69
1003.69,59.69
1003.70,59.69
1003.72,59.69
1003.73,59.69
1003.75,59.69
1003.76,59.68
1003.78,59.69
1003.79,59.68
1003.81,59.68
1003.82,59.68
1003.84,59.68
1003.85,59.67
1003.87,59.68
1003.88,59.68
1003.90,59.67
1003.91,59.67
1003.93,59.67
1003.94,59.67
1003.95,59.67
1003.97,59.67
1003.98,59.66
1004.00,59.66
1004.01,59.66
1004.03,59.66
1004.04,59.66
1004.06,59.66
1004.07,59.66
1004.09,59.65
1004.10,59.65
1004.12,59.65
1004.13,59.65
1004.15,59.65
1004.16,59.65
1004.18,59.65
1004.19,59.64
1004.20,59.64
1004.22,59.64
1004.23,59.64
1004.25,59.64
1004.26,59.64
1004.28,59.63
1004.29,59.63
1004.31,59.64
1004.32,59.63
1004.34,59.63
1004.35,59.63
1004.37,59.63
1004.38,59.62
1004.40,59.63
1004.41,59.62
1004.43,59.62
1004.44,59.62
1004.45,59.62
1004.47,59.62
1004.48,59.62
1004.50,59.62
1004.51,59.61
1004.53,59.61
1004.54,59.61
1004.56,59.61
1004.57,59.61
1004.59,59.61
1004.60,59.61
1004.62,59.60
1004.63,59.60
1004.65,59.60
1004.66,59.60
1004.68,59.60
1004.69,59.60
1004.71,59.59
1004.72,59.59
1004.73,59.59
1004.75,59.59
1004.76,59.59
1004.78,59.59
1004.79,59.59
1004.81,59.58
1004.82,59.58
1004.84,59.58
1004.85,59.58
1004.87,59.58
1004.88,59.58
1004.90,59.58
1004.91,59.57
1004.93,59.58
1004.94,59.57
1004.96,59.57
1004.97,59.57
1004.98,59.57
1005.00,59.56
1005.01,59.57
1005.03,59.57
1005.04,59.56
1005.06,59.56
1005.07,59.56
1005.09,59.56
1005.10,59.56
1005.12,59.56
1005.13,59.55
1005.15,59.55
1005.16,59.55
1005.18,59.55
1005.19,59.55
1005.21,59.55
1005.22,59.55
1005.23,59.54
1005.25,59.54
1005.26,59.54
1005.28,59.54
1005.29,59.54
1005.31,59.54
1005.32,59.54
1005.34,59.53
1005.35,59.53
1005.37,59.53
