# Benchmark: 13S2P 4,80 Ah [GRP8643084 - 4.8 Ah] @ Germany 2012
# META:Vida_Estimada=116
# META:Energia_Virtual_Real_Wh=1094.60
# META:Circuito=Germany 2012
# META:Tiempo_Total_s=1005.37
Time_s,Temp_C
0.00,35.00
0.01,35.00
0.03,35.00
0.04,35.00
0.06,35.00
0.07,35.00
0.09,35.00
0.10,35.00
0.12,35.01
0.13,35.01
0.15,35.01
0.16,35.01
0.18,35.01
0.19,35.01
0.21,35.01
0.22,35.01
0.24,35.01
0.25,35.01
0.26,35.01
0.28,35.01
0.29,35.01
0.31,35.01
0.32,35.02
0.34,35.02
0.35,35.02
0.37,35.02
0.38,35.02
0.40,35.02
0.41,35.02
0.43,35.02
0.44,35.02
0.46,35.02
0.47,35.02
0.49,35.02
0.50,35.02
0.51,35.02
0.53,35.02
0.54,35.02
0.56,35.02
0.57,35.02
0.59,35.02
0.60,35.03
0.62,35.03
0.63,35.03
0.65,35.03
0.66,35.04
0.68,35.04
0.69,35.04
0.71,35.04
0.72,35.04
0.74,35.05
0.75,35.05
0.76,35.05
0.78,35.05
0.79,35.05
0.81,35.06
0.82,35.06
0.84,35.06
0.85,35.06
0.87,35.06
0.88,35.07
0.90,35.07
0.91,35.07
0.93,35.07
0.94,35.08
0.96,35.08
0.97,35.08
0.99,35.08
1.00,35.08
1.02,35.09
1.03,35.09
1.04,35.09
1.06,35.09
1.07,35.09
1.09,35.10
1.10,35.10
1.12,35.10
1.13,35.10
1.15,35.10
1.16,35.10
1.18,35.11
1.19,35.11
1.21,35.11
1.22,35.11
1.24,35.11
1.25,35.11
1.27,35.11
1.28,35.11
1.29,35.11
1.31,35.11
1.32,35.11
1.34,35.11
1.35,35.11
1.37,35.11
1.38,35.12
1.40,35.12
1.41,35.12
1.43,35.12
1.44,35.12
1.46,35.12
1.47,35.12
1.49,35.12
1.50,35.12
1.52,35.12
1.53,35.12
1.54,35.12
1.56,35.12
1.57,35.12
1.59,35.12
1.60,35.13
1.62,35.13
1.63,35.13
1.65,35.13
1.66,35.13
1.68,35.14
1.69,35.14
1.71,35.14
1.72,35.14
1.74,35.15
1.75,35.15
1.77,35.15
1.78,35.15
1.79,35.15
1.81,35.16
1.82,35.16
1.84,35.16
1.85,35.16
1.87,35.17
1.88,35.17
1.90,35.17
1.91,35.17
1.93,35.17
1.94,35.18
1.96,35.18
1.97,35.18
1.99,35.18
2.00,35.18
2.02,35.19
2.03,35.19
2.04,35.19
2.06,35.19
2.07,35.20
2.09,35.20
2.10,35.20
2.12,35.20
2.13,35.20
2.15,35.21
2.16,35.21
2.18,35.21
2.19,35.21
2.21,35.22
2.22,35.22
2.24,35.22
2.25,35.22
2.27,35.22
2.28,35.23
2.29,35.23
2.31,35.23
2.32,35.23
2.34,35.24
2.35,35.24
2.37,35.24
2.38,35.24
2.40,35.24
2.41,35.25
2.43,35.25
2.44,35.25
2.46,35.25
2.47,35.26
2.49,35.26
2.50,35.26
2.52,35.26
2.53,35.26
2.55,35.27
2.56,35.27
2.57,35.27
2.59,35.27
2.60,35.28
2.62,35.28
2.63,35.28
2.65,35.28
2.66,35.28
2.68,35.29
2.69,35.29
2.71,35.29
2.72,35.29
2.74,35.30
2.75,35.30
2.77,35.30
2.78,35.30
2.80,35.30
2.81,35.31
2.82,35.31
2.84,35.31
2.85,35.31
2.87,35.32
2.88,35.32
2.90,35.32
2.91,35.32
2.93,35.32
2.94,35.32
2.96,35.32
2.97,35.32
2.99,35.32
3.00,35.32
3.02,35.32
3.03,35.32
3.05,35.32
3.06,35.32
3.07,35.32
3.09,35.32
3.10,35.32
3.12,35.32
3.13,35.32
3.15,35.32
3.16,35.32
3.18,35.32
3.19,35.32
3.21,35.32
3.22,35.32
3.24,35.32
3.25,35.32
3.27,35.32
3.28,35.32
3.30,35.32
3.31,35.32
3.32,35.32
3.34,35.32
3.35,35.32
3.37,35.32
3.38,35.32
3.40,35.32
3.41,35.32
3.43,35.32
3.44,35.32
3.46,35.33
3.47,35.33
3.49,35.33
3.50,35.33
3.52,35.33
3.53,35.33
3.55,35.33
3.56,35.33
3.57,35.33
3.59,35.33
3.60,35.33
3.62,35.33
3.63,35.33
3.65,35.33
3.66,35.34
3.68,35.34
3.69,35.34
3.71,35.34
3.72,35.34
3.74,35.34
3.75,35.34
3.77,35.34
3.78,35.34
3.80,35.34
3.81,35.34
3.82,35.34
3.84,35.34
3.85,35.35
3.87,35.35
3.88,35.35
3.90,35.35
3.91,35.35
3.93,35.35
3.94,35.35
3.96,35.35
3.97,35.35
3.99,35.35
4.00,35.35
4.02,35.35
4.03,35.35
4.05,35.35
4.06,35.36
4.08,35.36
4.09,35.36
4.10,35.36
4.12,35.36
4.13,35.36
4.15,35.36
4.16,35.36
4.18,35.36
4.19,35.36
4.21,35.36
4.22,35.36
4.24,35.36
4.25,35.37
4.27,35.37
4.28,35.37
4.30,35.37
4.31,35.37
4.33,35.38
4.34,35.38
4.35,35.38
4.37,35.38
4.38,35.39
4.40,35.39
4.41,35.39
4.43,35.39
4.44,35.40
4.46,35.40
4.47,35.40
4.49,35.40
4.50,35.40
4.52,35.40
4.53,35.40
4.55,35.41
4.56,35.41
4.58,35.41
4.59,35.41
4.60,35.41
4.62,35.41
4.63,35.41
4.65,35.41
4.66,35.41
4.68,35.41
4.69,35.41
4.71,35.41
4.72,35.41
4.74,35.41
4.75,35.42
4.77,35.42
4.78,35.42
4.80,35.42
4.81,35.42
4.83,35.42
4.84,35.42
4.85,35.42
4.87,35.42
4.88,35.42
4.90,35.42
4.91,35.42
4.93,35.42
4.94,35.42
4.96,35.42
4.97,35.42
4.99,35.42
5.00,35.42
5.02,35.42
5.03,35.42
5.05,35.42
5.06,35.42
5.08,35.42
5.09,35.42
5.10,35.42
5.12,35.42
5.13,35.42
5.15,35.42
5.16,35.42
5.18,35.42
5.19,35.42
5.21,35.42
5.22,35.42
5.24,35.42
5.25,35.42
5.27,35.42
5.28,35.42
5.30,35.42
5.31,35.43
5.33,35.43
5.34,35.43
5.35,35.43
5.37,35.44
5.38,35.44
5.40,35.44
5.41,35.44
5.43,35.45
5.44,35.45
5.46,35.45
5.47,35.45
5.49,35.45
5.50,35.46
5.52,35.46
5.53,35.46
5.55,35.46
5.56,35.47
5.58,35.47
5.59,35.47
5.61,35.47
5.62,35.48
5.63,35.48
5.65,35.48
5.66,35.48
5.68,35.49
5.69,35.49
5.71,35.49
5.72,35.49
5.74,35.49
5.75,35.50
5.77,35.50
5.78,35.50
5.80,35.50
5.81,35.51
5.83,35.51
5.84,35.51
5.86,35.51
5.87,35.52
5.88,35.52
5.90,35.52
5.91,35.52
5.93,35.53
5.94,35.53
5.96,35.53
5.97,35.53
5.99,35.53
6.00,35.54
6.02,35.54
6.03,35.54
6.05,35.54
6.06,35.55
6.08,35.55
6.09,35.55
6.11,35.55
6.12,35.56
6.13,35.56
6.15,35.56
6.16,35.56
6.18,35.57
6.19,35.57
6.21,35.57
6.22,35.57
6.24,35.57
6.25,35.58
6.27,35.58
6.28,35.58
6.30,35.58
6.31,35.59
6.33,35.59
6.34,35.59
6.36,35.59
6.37,35.60
6.38,35.60
6.40,35.60
6.41,35.60
6.43,35.61
6.44,35.61
6.46,35.61
6.47,35.61
6.49,35.61
6.50,35.62
6.52,35.62
6.53,35.62
6.55,35.62
6.56,35.63
6.58,35.63
6.59,35.63
6.61,35.63
6.62,35.63
6.63,35.63
6.65,35.63
6.66,35.63
6.68,35.63
6.69,35.63
6.71,35.63
6.72,35.63
6.74,35.63
6.75,35.63
6.77,35.63
6.78,35.63
6.80,35.63
6.81,35.63
6.83,35.63
6.84,35.63
6.86,35.63
6.87,35.63
6.88,35.63
6.90,35.63
6.91,35.63
6.93,35.63
6.94,35.63
6.96,35.63
6.97,35.63
6.99,35.63
7.00,35.63
7.02,35.63
7.03,35.63
7.05,35.63
7.06,35.63
7.08,35.63
7.09,35.63
7.11,35.63
7.12,35.63
7.14,35.63
7.15,35.63
7.16,35.63
7.18,35.63
7.19,35.63
7.21,35.63
7.22,35.63
7.24,35.63
7.25,35.63
7.27,35.63
7.28,35.63
7.30,35.63
7.31,35.63
7.33,35.63
7.34,35.63
7.36,35.63
7.37,35.63
7.39,35.63
7.40,35.63
7.41,35.63
7.43,35.63
7.44,35.63
7.46,35.63
7.47,35.63
7.49,35.63
7.50,35.63
7.52,35.63
7.53,35.63
7.55,35.63
7.56,35.63
7.58,35.63
7.59,35.63
7.61,35.63
7.62,35.63
7.64,35.63
7.65,35.63
7.66,35.63
7.68,35.63
7.69,35.63
7.71,35.63
7.72,35.63
7.74,35.63
7.75,35.63
7.77,35.63
7.78,35.63
7.80,35.63
7.81,35.63
7.83,35.63
7.84,35.63
7.86,35.63
7.87,35.63
7.89,35.63
7.90,35.63
7.91,35.63
7.93,35.63
7.94,35.63
7.96,35.63
7.97,35.64
7.99,35.64
8.00,35.64
8.02,35.64
8.03,35.64
8.05,35.64
8.06,35.64
8.08,35.64
8.09,35.64
8.11,35.64
8.12,35.64
8.14,35.64
8.15,35.64
8.16,35.65
8.18,35.65
8.19,35.65
8.21,35.65
8.22,35.65
8.24,35.65
8.25,35.65
8.27,35.65
8.28,35.65
8.30,35.65
8.31,35.65
8.33,35.65
8.34,35.65
8.36,35.65
8.37,35.66
8.39,35.66
8.40,35.66
8.41,35.66
8.43,35.66
8.44,35.66
8.46,35.66
8.47,35.66
8.49,35.66
8.50,35.66
8.52,35.66
8.53,35.66
8.55,35.66
8.56,35.67
8.58,35.67
8.59,35.67
8.61,35.67
8.62,35.67
8.64,35.67
8.65,35.67
8.67,35.67
8.68,35.67
8.69,35.67
8.71,35.67
8.72,35.67
8.74,35.67
8.75,35.67
8.77,35.67
8.78,35.67
8.80,35.67
8.81,35.67
8.83,35.67
8.84,35.67
8.86,35.67
8.87,35.67
8.89,35.67
8.90,35.67
8.92,35.67
8.93,35.67
8.94,35.67
8.96,35.67
8.97,35.67
8.99,35.67
9.00,35.67
9.02,35.67
9.03,35.67
9.05,35.67
9.06,35.68
9.08,35.68
9.09,35.68
9.11,35.68
9.12,35.69
9.14,35.69
9.15,35.69
9.17,35.69
9.18,35.70
9.19,35.70
9.21,35.70
9.22,35.70
9.24,35.71
9.25,35.71
9.27,35.71
9.28,35.71
9.30,35.72
9.31,35.72
9.33,35.72
9.34,35.72
9.36,35.73
9.37,35.73
9.39,35.73
9.40,35.73
9.42,35.73
9.43,35.74
9.44,35.74
9.46,35.74
9.47,35.74
9.49,35.75
9.50,35.75
9.52,35.75
9.53,35.75
9.55,35.76
9.56,35.76
9.58,35.76
9.59,35.76
9.61,35.77
9.62,35.77
9.64,35.77
9.65,35.77
9.67,35.78
9.68,35.78
9.69,35.78
9.71,35.78
9.72,35.79
9.74,35.79
9.75,35.79
9.77,35.79
9.78,35.79
9.80,35.80
9.81,35.80
9.83,35.80
9.84,35.80
9.86,35.80
9.87,35.80
9.89,35.80
9.90,35.80
9.92,35.80
9.93,35.81
9.94,35.81
9.96,35.81
9.97,35.81
9.99,35.81
10.00,35.81
10.02,35.81
10.03,35.81
10.05,35.81
10.06,35.81
10.08,35.81
10.09,35.81
10.11,35.81
10.12,35.82
10.14,35.82
10.15,35.82
10.17,35.82
10.18,35.82
10.20,35.82
10.21,35.82
10.22,35.82
10.24,35.82
10.25,35.82
10.27,35.82
10.28,35.82
10.30,35.82
10.31,35.82
10.33,35.83
10.34,35.83
10.36,35.83
10.37,35.83
10.39,35.83
10.40,35.83
10.42,35.83
10.43,35.83
10.45,35.83
10.46,35.83
10.47,35.83
10.49,35.83
10.50,35.83
10.52,35.83
10.53,35.83
10.55,35.84
10.56,35.84
10.58,35.84
10.59,35.84
10.61,35.84
10.62,35.83
10.64,35.83
10.65,35.83
10.67,35.83
10.68,35.83
10.70,35.83
10.71,35.83
10.72,35.83
10.74,35.83
10.75,35.83
10.77,35.83
10.78,35.83
10.80,35.83
10.81,35.83
10.83,35.84
10.84,35.84
10.86,35.84
10.87,35.84
10.89,35.84
10.90,35.84
10.92,35.84
10.93,35.84
10.95,35.84
10.96,35.84
10.97,35.84
10.99,35.84
11.00,35.84
11.02,35.85
11.03,35.85
11.05,35.85
11.06,35.85
11.08,35.85
11.09,35.85
11.11,35.85
11.12,35.85
11.14,35.85
11.15,35.85
11.17,35.85
11.18,35.85
11.20,35.85
11.21,35.85
11.22,35.86
11.24,35.86
11.25,35.86
11.27,35.86
11.28,35.86
11.30,35.86
11.31,35.86
11.33,35.86
11.34,35.86
11.36,35.86
11.37,35.86
11.39,35.86
11.40,35.86
11.42,35.86
11.43,35.86
11.45,35.86
11.46,35.87
11.47,35.87
11.49,35.87
11.50,35.87
11.52,35.88
11.53,35.88
11.55,35.88
11.56,35.88
11.58,35.89
11.59,35.89
11.61,35.89
11.62,35.89
11.64,35.90
11.65,35.90
11.67,35.90
11.68,35.90
11.70,35.91
11.71,35.91
11.73,35.91
11.74,35.91
11.75,35.91
11.77,35.92
11.78,35.92
11.80,35.92
11.81,35.92
11.83,35.93
11.84,35.93
11.86,35.93
11.87,35.93
11.89,35.94
11.90,35.94
11.92,35.94
11.93,35.94
11.95,35.95
11.96,35.95
11.98,35.95
11.99,35.95
12.00,35.96
12.02,35.96
12.03,35.96
12.05,35.96
12.06,35.97
12.08,35.97
12.09,35.97
12.11,35.97
12.12,35.98
12.14,35.98
12.15,35.98
12.17,35.98
12.18,35.98
12.20,35.99
12.21,35.99
12.23,35.99
12.24,35.99
12.25,36.00
12.27,36.00
12.28,36.00
12.30,36.00
12.31,36.01
12.33,36.01
12.34,36.01
12.36,36.01
12.37,36.02
12.39,36.02
12.40,36.02
12.42,36.02
12.43,36.03
12.45,36.03
12.46,36.03
12.48,36.03
12.49,36.04
12.50,36.04
12.52,36.04
12.53,36.04
12.55,36.04
12.56,36.05
12.58,36.05
12.59,36.05
12.61,36.05
12.62,36.06
12.64,36.06
12.65,36.06
12.67,36.06
12.68,36.07
12.70,36.07
12.71,36.07
12.73,36.07
12.74,36.08
12.75,36.08
12.77,36.08
12.78,36.08
12.80,36.08
12.81,36.08
12.83,36.08
12.84,36.08
12.86,36.08
12.87,36.09
12.89,36.09
12.90,36.09
12.92,36.09
12.93,36.09
12.95,36.09
12.96,36.09
12.98,36.09
12.99,36.09
13.00,36.09
13.02,36.09
13.03,36.09
13.05,36.09
13.06,36.09
13.08,36.10
13.09,36.10
13.11,36.10
13.12,36.10
13.14,36.10
13.15,36.10
13.17,36.10
13.18,36.10
13.20,36.10
13.21,36.10
13.23,36.10
13.24,36.10
13.26,36.10
13.27,36.10
13.28,36.11
13.30,36.11
13.31,36.11
13.33,36.11
13.34,36.11
13.36,36.11
13.37,36.11
13.39,36.11
13.40,36.11
13.42,36.11
13.43,36.11
13.45,36.11
13.46,36.10
13.48,36.10
13.49,36.10
13.51,36.10
13.52,36.10
13.53,36.10
13.55,36.10
13.56,36.10
13.58,36.10
13.59,36.10
13.61,36.10
13.62,36.10
13.64,36.10
13.65,36.10
13.67,36.10
13.68,36.10
13.70,36.10
13.71,36.10
13.73,36.10
13.74,36.10
13.76,36.10
13.77,36.10
13.78,36.10
13.80,36.11
13.81,36.11
13.83,36.11
13.84,36.11
13.86,36.11
13.87,36.12
13.89,36.12
13.90,36.12
13.92,36.12
13.93,36.13
13.95,36.13
13.96,36.13
13.98,36.13
13.99,36.14
14.01,36.14
14.02,36.14
14.03,36.14
14.05,36.15
14.06,36.15
14.08,36.15
14.09,36.15
14.11,36.16
14.12,36.16
14.14,36.16
14.15,36.16
14.17,36.16
14.18,36.17
14.20,36.17
14.21,36.17
14.23,36.17
14.24,36.18
14.26,36.18
14.27,36.18
14.28,36.18
14.30,36.19
14.31,36.19
14.33,36.19
14.34,36.19
14.36,36.20
14.37,36.20
14.39,36.20
14.40,36.20
14.42,36.21
14.43,36.21
14.45,36.21
14.46,36.21
14.48,36.21
14.49,36.22
14.51,36.22
14.52,36.22
14.53,36.22
14.55,36.23
14.56,36.23
14.58,36.23
14.59,36.23
14.61,36.24
14.62,36.24
14.64,36.24
14.65,36.24
14.67,36.25
14.68,36.25
14.70,36.25
14.71,36.25
14.73,36.26
14.74,36.26
14.76,36.26
14.77,36.26
14.79,36.26
14.80,36.26
14.81,36.26
14.83,36.26
14.84,36.26
14.86,36.26
14.87,36.27
14.89,36.27
14.90,36.27
14.92,36.27
14.93,36.27
14.95,36.27
14.96,36.27
14.98,36.27
14.99,36.27
15.01,36.27
15.02,36.27
15.04,36.27
15.05,36.27
15.06,36.27
15.08,36.27
15.09,36.28
15.11,36.28
15.12,36.28
15.14,36.28
15.15,36.28
15.17,36.28
15.18,36.28
15.20,36.28
15.21,36.28
15.23,36.28
15.24,36.28
15.26,36.28
15.27,36.28
15.29,36.28
15.30,36.29
15.31,36.29
15.33,36.29
15.34,36.29
15.36,36.29
15.37,36.29
15.39,36.29
15.40,36.29
15.42,36.29
15.43,36.29
15.45,36.29
15.46,36.29
15.48,36.29
15.49,36.29
15.51,36.29
15.52,36.29
15.54,36.29
15.55,36.29
15.56,36.29
15.58,36.29
15.59,36.29
15.61,36.29
15.62,36.29
15.64,36.29
15.65,36.29
15.67,36.29
15.68,36.29
15.70,36.29
15.71,36.29
15.73,36.29
15.74,36.30
15.76,36.30
15.77,36.30
15.79,36.30
15.80,36.31
15.81,36.31
15.83,36.31
15.84,36.31
15.86,36.32
15.87,36.32
15.89,36.32
15.90,36.32
15.92,36.33
15.93,36.33
15.95,36.33
15.96,36.33
15.98,36.33
15.99,36.34
16.01,36.34
16.02,36.34
16.04,36.34
16.05,36.35
16.06,36.35
16.08,36.35
16.09,36.35
16.11,36.36
16.12,36.36
16.14,36.36
16.15,36.36
16.17,36.37
16.18,36.37
16.20,36.37
16.21,36.37
16.23,36.37
16.24,36.38
16.26,36.38
16.27,36.38
16.29,36.38
16.30,36.38
16.32,36.38
16.33,36.39
16.34,36.39
16.36,36.39
16.37,36.39
16.39,36.39
16.40,36.39
16.42,36.39
16.43,36.39
16.45,36.40
16.46,36.40
16.48,36.40
16.49,36.40
16.51,36.40
16.52,36.40
16.54,36.40
16.55,36.41
16.57,36.41
16.58,36.41
16.59,36.41
16.61,36.41
16.62,36.41
16.64,36.41
16.65,36.42
16.67,36.42
16.68,36.42
16.70,36.42
16.71,36.42
16.73,36.42
16.74,36.42
16.76,36.43
16.77,36.43
16.79,36.43
16.80,36.43
16.82,36.43
16.83,36.43
16.84,36.43
16.86,36.44
16.87,36.44
16.89,36.44
16.90,36.44
16.92,36.44
16.93,36.44
16.95,36.44
16.96,36.45
16.98,36.45
16.99,36.45
17.01,36.45
17.02,36.45
17.04,36.45
17.05,36.45
17.07,36.45
17.08,36.46
17.09,36.46
17.11,36.46
17.12,36.46
17.14,36.46
17.15,36.46
17.17,36.46
17.18,36.45
17.20,36.45
17.21,36.45
17.23,36.45
17.24,36.45
17.26,36.45
17.27,36.45
17.29,36.45
17.30,36.45
17.32,36.45
17.33,36.45
17.34,36.45
17.36,36.45
17.37,36.45
17.39,36.45
17.40,36.45
17.42,36.45
17.43,36.45
17.45,36.45
17.46,36.45
17.48,36.45
17.49,36.45
17.51,36.45
17.52,36.45
17.54,36.45
17.55,36.45
17.57,36.45
17.58,36.45
17.59,36.45
17.61,36.45
17.62,36.45
17.64,36.45
17.65,36.45
17.67,36.45
17.68,36.45
17.70,36.45
17.71,36.45
17.73,36.45
17.74,36.45
17.76,36.45
17.77,36.45
17.79,36.45
17.80,36.45
17.82,36.45
17.83,36.45
17.85,36.45
17.86,36.45
17.87,36.45
17.89,36.45
17.90,36.45
17.92,36.45
17.93,36.45
17.95,36.45
17.96,36.45
17.98,36.45
17.99,36.45
18.01,36.45
18.02,36.45
18.04,36.45
18.05,36.45
18.07,36.45
18.08,36.45
18.10,36.45
18.11,36.45
18.12,36.45
18.14,36.45
18.15,36.45
18.17,36.44
18.18,36.44
18.20,36.44
18.21,36.44
18.23,36.44
18.24,36.44
18.26,36.44
18.27,36.44
18.29,36.44
18.30,36.44
18.32,36.44
18.33,36.44
18.35,36.44
18.36,36.44
18.37,36.44
18.39,36.44
18.40,36.44
18.42,36.44
18.43,36.44
18.45,36.44
18.46,36.44
18.48,36.44
18.49,36.44
18.51,36.44
18.52,36.44
18.54,36.44
18.55,36.44
18.57,36.44
18.58,36.44
18.60,36.44
18.61,36.44
18.62,36.44
18.64,36.44
18.65,36.44
18.67,36.44
18.68,36.44
18.70,36.44
18.71,36.44
18.73,36.44
18.74,36.44
18.76,36.44
18.77,36.44
18.79,36.44
18.80,36.44
18.82,36.44
18.83,36.44
18.85,36.44
18.86,36.44
18.87,36.44
18.89,36.44
18.90,36.44
18.92,36.44
18.93,36.44
18.95,36.44
18.96,36.45
18.98,36.45
18.99,36.45
19.01,36.45
19.02,36.45
19.04,36.45
19.05,36.45
19.07,36.45
19.08,36.45
19.10,36.45
19.11,36.45
19.12,36.45
19.14,36.45
19.15,36.45
19.17,36.45
19.18,36.46
19.20,36.46
19.21,36.46
19.23,36.46
19.24,36.46
19.26,36.46
19.27,36.46
19.29,36.46
19.30,36.46
19.32,36.46
19.33,36.46
19.35,36.46
19.36,36.46
19.38,36.46
19.39,36.46
19.40,36.47
19.42,36.47
19.43,36.47
19.45,36.47
19.46,36.47
19.48,36.47
19.49,36.47
19.51,36.47
19.52,36.47
19.54,36.47
19.55,36.47
19.57,36.47
19.58,36.47
19.60,36.47
19.61,36.47
19.63,36.48
19.64,36.48
19.65,36.48
19.67,36.48
19.68,36.48
19.70,36.48
19.71,36.48
19.73,36.48
19.74,36.48
19.76,36.48
19.77,36.48
19.79,36.48
19.80,36.48
19.82,36.48
19.83,36.48
19.85,36.49
19.86,36.49
19.88,36.49
19.89,36.49
19.90,36.49
19.92,36.49
19.93,36.49
19.95,36.49
19.96,36.49
19.98,36.49
19.99,36.49
20.01,36.49
20.02,36.49
20.04,36.49
20.05,36.49
20.07,36.49
20.08,36.49
20.10,36.50
20.11,36.50
20.13,36.50
20.14,36.50
20.15,36.50
20.17,36.51
20.18,36.51
20.20,36.51
20.21,36.51
20.23,36.52
20.24,36.52
20.26,36.52
20.27,36.52
20.29,36.53
20.30,36.53
20.32,36.53
20.33,36.53
20.35,36.53
20.36,36.54
20.38,36.54
20.39,36.54
20.40,36.54
20.42,36.55
20.43,36.55
20.45,36.55
20.46,36.55
20.48,36.56
20.49,36.56
20.51,36.56
20.52,36.56
20.54,36.56
20.55,36.57
20.57,36.57
20.58,36.57
20.60,36.57
20.61,36.58
20.63,36.58
20.64,36.58
20.65,36.58
20.67,36.59
20.68,36.59
20.70,36.59
20.71,36.59
20.73,36.60
20.74,36.60
20.76,36.60
20.77,36.60
20.79,36.60
20.80,36.61
20.82,36.61
20.83,36.61
20.85,36.61
20.86,36.62
20.88,36.62
20.89,36.62
20.90,36.62
20.92,36.63
20.93,36.63
20.95,36.63
20.96,36.63
20.98,36.63
20.99,36.64
21.01,36.64
21.02,36.64
21.04,36.64
21.05,36.65
21.07,36.65
21.08,36.65
21.10,36.65
21.11,36.65
21.13,36.66
21.14,36.66
21.16,36.66
21.17,36.66
21.18,36.67
21.20,36.67
21.21,36.67
21.23,36.67
21.24,36.68
21.26,36.68
21.27,36.68
21.29,36.68
21.30,36.68
21.32,36.69
21.33,36.69
21.35,36.69
21.36,36.69
21.38,36.70
21.39,36.70
21.41,36.70
21.42,36.70
21.43,36.71
21.45,36.71
21.46,36.71
21.48,36.71
21.49,36.71
21.51,36.72
21.52,36.72
21.54,36.72
21.55,36.72
21.57,36.73
21.58,36.73
21.60,36.73
21.61,36.73
21.63,36.73
21.64,36.73
21.66,36.73
21.67,36.74
21.68,36.74
21.70,36.74
21.71,36.74
21.73,36.74
21.74,36.74
21.76,36.74
21.77,36.74
21.79,36.74
21.80,36.74
21.82,36.74
21.83,36.74
21.85,36.74
21.86,36.74
21.88,36.74
21.89,36.74
21.91,36.74
21.92,36.74
21.93,36.74
21.95,36.74
21.96,36.74
21.98,36.74
21.99,36.74
22.01,36.74
22.02,36.74
22.04,36.74
22.05,36.74
22.07,36.74
22.08,36.74
22.10,36.74
22.11,36.74
22.13,36.74
22.14,36.74
22.16,36.74
22.17,36.74
22.18,36.74
22.20,36.74
22.21,36.74
22.23,36.74
22.24,36.74
22.26,36.74
22.27,36.74
22.29,36.74
22.30,36.73
22.32,36.73
22.33,36.73
22.35,36.73
22.36,36.73
22.38,36.73
22.39,36.73
22.41,36.73
22.42,36.73
22.43,36.73
22.45,36.73
22.46,36.73
22.48,36.73
22.49,36.73
22.51,36.73
22.52,36.73
22.54,36.73
22.55,36.73
22.57,36.73
22.58,36.73
22.60,36.73
22.61,36.73
22.63,36.73
22.64,36.73
22.66,36.73
22.67,36.73
22.69,36.73
22.70,36.74
22.71,36.74
22.73,36.74
22.74,36.74
22.76,36.74
22.77,36.74
22.79,36.74
22.80,36.74
22.82,36.74
22.83,36.74
22.85,36.74
22.86,36.74
22.88,36.74
22.89,36.74
22.91,36.74
22.92,36.74
22.94,36.75
22.95,36.75
22.96,36.75
22.98,36.75
22.99,36.75
23.01,36.75
23.02,36.75
23.04,36.75
23.05,36.75
23.07,36.75
23.08,36.75
23.10,36.75
23.11,36.75
23.13,36.75
23.14,36.75
23.16,36.75
23.17,36.76
23.19,36.76
23.20,36.76
23.21,36.76
23.23,36.76
23.24,36.76
23.26,36.76
23.27,36.76
23.29,36.76
23.30,36.76
23.32,36.76
23.33,36.76
23.35,36.76
23.36,36.77
23.38,36.77
23.39,36.77
23.41,36.77
23.42,36.77
23.44,36.78
23.45,36.78
23.46,36.78
23.48,36.78
23.49,36.79
23.51,36.79
23.52,36.79
23.54,36.79
23.55,36.79
23.57,36.80
23.58,36.80
23.60,36.80
23.61,36.80
23.63,36.81
23.64,36.81
23.66,36.81
23.67,36.81
23.69,36.82
23.70,36.82
23.71,36.82
23.73,36.82
23.74,36.82
23.76,36.83
23.77,36.83
23.79,36.83
23.80,36.83
23.82,36.84
23.83,36.84
23.85,36.84
23.86,36.84
23.88,36.84
23.89,36.85
23.91,36.85
23.92,36.85
23.94,36.85
23.95,36.85
23.96,36.85
23.98,36.85
23.99,36.85
24.01,36.85
24.02,36.86
24.04,36.86
24.05,36.86
24.07,36.86
24.08,36.86
24.10,36.86
24.11,36.86
24.13,36.86
24.14,36.86
24.16,36.86
24.17,36.86
24.19,36.86
24.20,36.86
24.22,36.86
24.23,36.86
24.24,36.86
24.26,36.87
24.27,36.87
24.29,36.87
24.30,36.87
24.32,36.87
24.33,36.87
24.35,36.87
24.36,36.87
24.38,36.87
24.39,36.87
24.41,36.87
24.42,36.87
24.44,36.87
24.45,36.87
24.47,36.87
24.48,36.87
24.49,36.87
24.51,36.87
24.52,36.87
24.54,36.87
24.55,36.87
24.57,36.87
24.58,36.87
24.60,36.87
24.61,36.87
24.63,36.87
24.64,36.87
24.66,36.87
24.67,36.87
24.69,36.87
24.70,36.87
24.72,36.87
24.73,36.87
24.74,36.87
24.76,36.87
24.77,36.87
24.79,36.87
24.80,36.87
24.82,36.87
24.83,36.87
24.85,36.87
24.86,36.87
24.88,36.87
24.89,36.87
24.91,36.87
24.92,36.88
24.94,36.88
24.95,36.88
24.97,36.88
24.98,36.89
24.99,36.89
25.01,36.89
25.02,36.89
25.04,36.89
25.05,36.90
25.07,36.90
25.08,36.90
25.10,36.90
25.11,36.91
25.13,36.91
25.14,36.91
25.16,36.91
25.17,36.91
25.19,36.91
25.20,36.91
25.22,36.91
25.23,36.91
25.24,36.91
25.26,36.91
25.27,36.91
25.29,36.92
25.30,36.92
25.32,36.92
25.33,36.92
25.35,36.92
25.36,36.92
25.38,36.92
25.39,36.92
25.41,36.92
25.42,36.92
25.44,36.92
25.45,36.92
25.47,36.92
25.48,36.92
25.49,36.92
25.51,36.92
25.52,36.92
25.54,36.93
25.55,36.93
25.57,36.93
25.58,36.93
25.60,36.92
25.61,36.92
25.63,36.92
25.64,36.92
25.66,36.92
25.67,36.92
25.69,36.92
25.70,36.92
25.72,36.92
25.73,36.92
25.75,36.92
25.76,36.92
25.77,36.92
25.79,36.92
25.80,36.92
25.82,36.92
25.83,36.92
25.85,36.92
25.86,36.92
25.88,36.93
25.89,36.93
25.91,36.93
25.92,36.93
25.94,36.94
25.95,36.94
25.97,36.94
25.98,36.94
26.00,36.94
26.01,36.95
26.02,36.95
26.04,36.95
26.05,36.95
26.07,36.96
26.08,36.96
26.10,36.96
26.11,36.96
26.13,36.96
26.14,36.97
26.16,36.97
26.17,36.97
26.19,36.97
26.20,36.98
26.22,36.98
26.23,36.98
26.25,36.98
26.26,36.98
26.27,36.99
26.29,36.99
26.30,36.99
26.32,36.99
26.33,37.00
26.35,37.00
26.36,37.00
26.38,37.00
26.39,37.00
26.41,37.00
26.42,37.00
26.44,37.00
26.45,37.00
26.47,37.00
26.48,37.01
26.50,37.01
26.51,37.01
26.52,37.01
26.54,37.01
26.55,37.01
26.57,37.01
26.58,37.01
26.60,37.01
26.61,37.01
26.63,37.01
26.64,37.01
26.66,37.01
26.67,37.01
26.69,37.01
26.70,37.01
26.72,37.01
26.73,37.02
26.75,37.02
26.76,37.02
26.77,37.02
26.79,37.02
26.80,37.02
26.82,37.01
26.83,37.01
26.85,37.01
26.86,37.01
26.88,37.01
26.89,37.01
26.91,37.01
26.92,37.01
26.94,37.01
26.95,37.01
26.97,37.01
26.98,37.01
27.00,37.01
27.01,37.01
27.02,37.01
27.04,37.01
27.05,37.01
27.07,37.01
27.08,37.01
27.10,37.01
27.11,37.01
27.13,37.01
27.14,37.02
27.16,37.02
27.17,37.02
27.19,37.02
27.20,37.02
27.22,37.03
27.23,37.03
27.25,37.03
27.26,37.03
27.28,37.04
27.29,37.04
27.30,37.04
27.32,37.04
27.33,37.04
27.35,37.05
27.36,37.05
27.38,37.05
27.39,37.05
27.41,37.06
27.42,37.06
27.44,37.06
27.45,37.06
27.47,37.06
27.48,37.07
27.50,37.07
27.51,37.07
27.53,37.07
27.54,37.08
27.55,37.08
27.57,37.08
27.58,37.08
27.60,37.08
27.61,37.09
27.63,37.09
27.64,37.09
27.66,37.09
27.67,37.10
27.69,37.10
27.70,37.10
27.72,37.10
27.73,37.10
27.75,37.11
27.76,37.11
27.78,37.11
27.79,37.11
27.80,37.11
27.82,37.11
27.83,37.11
27.85,37.11
27.86,37.12
27.88,37.12
27.89,37.12
27.91,37.12
27.92,37.12
27.94,37.12
27.95,37.12
27.97,37.13
27.98,37.13
28.00,37.13
28.01,37.13
28.03,37.13
28.04,37.13
28.05,37.13
28.07,37.13
28.08,37.14
28.10,37.14
28.11,37.14
28.13,37.14
28.14,37.14
28.16,37.14
28.17,37.14
28.19,37.14
28.20,37.15
28.22,37.15
28.23,37.15
28.25,37.15
28.26,37.15
28.28,37.15
28.29,37.15
28.30,37.15
28.32,37.16
28.33,37.16
28.35,37.16
28.36,37.16
28.38,37.16
28.39,37.16
28.41,37.16
28.42,37.16
28.44,37.17
28.45,37.17
28.47,37.17
28.48,37.17
28.50,37.17
28.51,37.17
28.53,37.17
28.54,37.17
28.55,37.17
28.57,37.17
28.58,37.17
28.60,37.17
28.61,37.17
28.63,37.17
28.64,37.17
28.66,37.17
28.67,37.16
28.69,37.16
28.70,37.16
28.72,37.16
28.73,37.16
28.75,37.16
28.76,37.16
28.78,37.16
28.79,37.16
28.81,37.16
28.82,37.16
28.83,37.16
28.85,37.16
28.86,37.16
28.88,37.16
28.89,37.16
28.91,37.16
28.92,37.16
28.94,37.16
28.95,37.16
28.97,37.16
28.98,37.16
29.00,37.16
29.01,37.16
29.03,37.16
29.04,37.16
29.06,37.16
29.07,37.16
29.08,37.16
29.10,37.16
29.11,37.16
29.13,37.16
29.14,37.16
29.16,37.16
29.17,37.16
29.19,37.16
29.20,37.16
29.22,37.16
29.23,37.16
29.25,37.16
29.26,37.16
29.28,37.16
29.29,37.16
29.31,37.16
29.32,37.16
29.33,37.16
29.35,37.15
29.36,37.15
29.38,37.15
29.39,37.15
29.41,37.15
29.42,37.15
29.44,37.15
29.45,37.15
29.47,37.15
29.48,37.15
29.50,37.15
29.51,37.15
29.53,37.15
29.54,37.15
29.56,37.15
29.57,37.15
29.58,37.15
29.60,37.15
29.61,37.15
29.63,37.15
29.64,37.15
29.66,37.15
29.67,37.15
29.69,37.15
29.70,37.15
29.72,37.15
29.73,37.15
29.75,37.15
29.76,37.15
29.78,37.15
29.79,37.15
29.81,37.15
29.82,37.15
29.83,37.15
29.85,37.15
29.86,37.15
29.88,37.15
29.89,37.15
29.91,37.15
29.92,37.15
29.94,37.15
29.95,37.15
29.97,37.15
29.98,37.15
30.00,37.15
30.01,37.14
30.03,37.14
30.04,37.14
30.06,37.14
30.07,37.14
30.08,37.14
30.10,37.14
30.11,37.14
30.13,37.14
30.14,37.14
30.16,37.14
30.17,37.14
30.19,37.14
30.20,37.14
30.22,37.14
30.23,37.14
30.25,37.14
30.26,37.14
30.28,37.14
30.29,37.14
30.31,37.14
30.32,37.14
30.34,37.14
30.35,37.14
30.36,37.14
30.38,37.14
30.39,37.14
30.41,37.14
30.42,37.14
30.44,37.14
30.45,37.14
30.47,37.14
30.48,37.14
30.50,37.14
30.51,37.14
30.53,37.14
30.54,37.14
30.56,37.14
30.57,37.14
30.59,37.14
30.60,37.14
30.61,37.14
30.63,37.14
30.64,37.14
30.66,37.14
30.67,37.14
30.69,37.13
30.70,37.13
30.72,37.13
30.73,37.13
30.75,37.13
30.76,37.13
30.78,37.13
30.79,37.13
30.81,37.13
30.82,37.13
30.84,37.13
30.85,37.13
30.86,37.13
30.88,37.13
30.89,37.13
30.91,37.13
30.92,37.13
30.94,37.13
30.95,37.13
30.97,37.13
30.98,37.13
31.00,37.13
31.01,37.13
31.03,37.13
31.04,37.13
31.06,37.13
31.07,37.13
31.09,37.13
31.10,37.13
31.11,37.13
31.13,37.13
31.14,37.13
31.16,37.13
31.17,37.13
31.19,37.13
31.20,37.13
31.22,37.13
31.23,37.13
31.25,37.13
31.26,37.13
31.28,37.13
31.29,37.13
31.31,37.13
31.32,37.13
31.34,37.13
31.35,37.13
31.36,37.12
31.38,37.12
31.39,37.12
31.41,37.12
31.42,37.12
31.44,37.12
31.45,37.12
31.47,37.12
31.48,37.12
31.50,37.12
31.51,37.12
31.53,37.12
31.54,37.12
31.56,37.12
31.57,37.12
31.59,37.12
31.60,37.12
31.61,37.12
31.63,37.12
31.64,37.12
31.66,37.12
31.67,37.12
31.69,37.12
31.70,37.12
31.72,37.12
31.73,37.12
31.75,37.12
31.76,37.12
31.78,37.12
31.79,37.12
31.81,37.12
31.82,37.12
31.84,37.12
31.85,37.12
31.87,37.12
31.88,37.12
31.89,37.12
31.91,37.12
31.92,37.12
31.94,37.12
31.95,37.12
31.97,37.12
31.98,37.12
32.00,37.12
32.01,37.12
32.03,37.12
32.04,37.11
32.06,37.11
32.07,37.11
32.09,37.11
32.10,37.11
32.12,37.11
32.13,37.11
32.14,37.11
32.16,37.11
32.17,37.11
32.19,37.11
32.20,37.11
32.22,37.11
32.23,37.11
32.25,37.11
32.26,37.11
32.28,37.11
32.29,37.11
32.31,37.11
32.32,37.11
32.34,37.11
32.35,37.11
32.37,37.11
32.38,37.11
32.39,37.11
32.41,37.11
32.42,37.11
32.44,37.11
32.45,37.11
32.47,37.11
32.48,37.11
32.50,37.11
32.51,37.11
32.53,37.11
32.54,37.11
32.56,37.11
32.57,37.11
32.59,37.11
32.60,37.11
32.62,37.11
32.63,37.11
32.64,37.11
32.66,37.11
32.67,37.11
32.69,37.11
32.70,37.11
32.72,37.10
32.73,37.10
32.75,37.10
32.76,37.10
32.78,37.10
32.79,37.10
32.81,37.10
32.82,37.10
32.84,37.10
32.85,37.10
32.87,37.10
32.88,37.10
32.89,37.10
32.91,37.10
32.92,37.10
32.94,37.10
32.95,37.10
32.97,37.10
32.98,37.10
33.00,37.10
33.01,37.10
33.03,37.10
33.04,37.10
33.06,37.10
33.07,37.10
33.09,37.10
33.10,37.10
33.12,37.10
33.13,37.10
33.14,37.10
33.16,37.10
33.17,37.10
33.19,37.10
33.20,37.10
33.22,37.10
33.23,37.10
33.25,37.10
33.26,37.10
33.28,37.10
33.29,37.10
33.31,37.10
33.32,37.10
33.34,37.10
33.35,37.10
33.37,37.10
33.38,37.10
33.40,37.10
33.41,37.09
33.42,37.09
33.44,37.09
33.45,37.09
33.47,37.09
33.48,37.09
33.50,37.09
33.51,37.09
33.53,37.09
33.54,37.09
33.56,37.09
33.57,37.09
33.59,37.09
33.60,37.09
33.62,37.09
33.63,37.09
33.65,37.09
33.66,37.09
33.67,37.09
33.69,37.09
33.70,37.09
33.72,37.09
33.73,37.09
33.75,37.09
33.76,37.09
33.78,37.09
33.79,37.09
33.81,37.09
33.82,37.09
33.84,37.09
33.85,37.09
33.87,37.09
33.88,37.09
33.90,37.09
33.91,37.09
33.92,37.09
33.94,37.09
33.95,37.10
33.97,37.09
33.98,37.09
34.00,37.09
34.01,37.09
34.03,37.09
34.04,37.09
34.06,37.09
34.07,37.09
34.09,37.09
34.10,37.09
34.12,37.09
34.13,37.09
34.15,37.09
34.16,37.09
34.17,37.09
34.19,37.09
34.20,37.09
34.22,37.09
34.23,37.09
34.25,37.09
34.26,37.09
34.28,37.09
34.29,37.09
34.31,37.09
34.32,37.09
34.34,37.09
34.35,37.09
34.37,37.09
34.38,37.09
34.40,37.09
34.41,37.09
34.42,37.09
34.44,37.10
34.45,37.10
34.47,37.10
34.48,37.10
34.50,37.10
34.51,37.10
34.53,37.10
34.54,37.10
34.56,37.10
34.57,37.10
34.59,37.10
34.60,37.10
34.62,37.10
34.63,37.10
34.65,37.10
34.66,37.10
34.67,37.10
34.69,37.11
34.70,37.11
34.72,37.11
34.73,37.11
34.75,37.11
34.76,37.11
34.78,37.11
34.79,37.11
34.81,37.11
34.82,37.11
34.84,37.11
34.85,37.11
34.87,37.11
34.88,37.11
34.90,37.11
34.91,37.11
34.93,37.11
34.94,37.12
34.95,37.12
34.97,37.12
34.98,37.12
35.00,37.12
35.01,37.12
35.03,37.12
35.04,37.12
35.06,37.12
35.07,37.12
35.09,37.12
35.10,37.12
35.12,37.12
35.13,37.12
35.15,37.12
35.16,37.12
35.18,37.12
35.19,37.13
35.20,37.13
35.22,37.13
35.23,37.13
35.25,37.13
35.26,37.13
35.28,37.13
35.29,37.13
35.31,37.13
35.32,37.13
35.34,37.13
35.35,37.13
35.37,37.13
35.38,37.13
35.40,37.13
35.41,37.13
35.43,37.13
35.44,37.14
35.45,37.14
35.47,37.14
35.48,37.14
35.50,37.14
35.51,37.14
35.53,37.14
35.54,37.14
35.56,37.14
35.57,37.13
35.59,37.13
35.60,37.13
35.62,37.13
35.63,37.13
35.65,37.13
35.66,37.13
35.68,37.13
35.69,37.13
35.70,37.13
35.72,37.13
35.73,37.13
35.75,37.13
35.76,37.13
35.78,37.13
35.79,37.13
35.81,37.13
35.82,37.13
35.84,37.13
35.85,37.13
35.87,37.13
35.88,37.13
35.90,37.13
35.91,37.13
35.93,37.13
35.94,37.13
35.95,37.13
35.97,37.14
35.98,37.14
36.00,37.14
36.01,37.14
36.03,37.15
36.04,37.15
36.06,37.15
36.07,37.15
36.09,37.15
36.10,37.16
36.12,37.16
36.13,37.16
36.15,37.16
36.16,37.17
36.18,37.17
36.19,37.17
36.20,37.17
36.22,37.17
36.23,37.18
36.25,37.18
36.26,37.18
36.28,37.18
36.29,37.18
36.31,37.19
36.32,37.19
36.34,37.19
36.35,37.19
36.37,37.20
36.38,37.20
36.40,37.20
36.41,37.20
36.43,37.20
36.44,37.21
36.46,37.21
36.47,37.21
36.48,37.21
36.50,37.22
36.51,37.22
36.53,37.22
36.54,37.22
36.56,37.22
36.57,37.23
36.59,37.23
36.60,37.23
36.62,37.23
36.63,37.24
36.65,37.24
36.66,37.24
36.68,37.24
36.69,37.24
36.71,37.25
36.72,37.25
36.73,37.25
36.75,37.25
36.76,37.25
36.78,37.26
36.79,37.26
36.81,37.26
36.82,37.26
36.84,37.27
36.85,37.27
36.87,37.27
36.88,37.27
36.90,37.27
36.91,37.28
36.93,37.28
36.94,37.28
36.96,37.28
36.97,37.28
36.98,37.29
37.00,37.29
37.01,37.29
37.03,37.29
37.04,37.30
37.06,37.30
37.07,37.30
37.09,37.30
37.10,37.30
37.12,37.31
37.13,37.31
37.15,37.31
37.16,37.31
37.18,37.32
37.19,37.32
37.21,37.32
37.22,37.32
37.23,37.32
37.25,37.33
37.26,37.33
37.28,37.33
37.29,37.33
37.31,37.33
37.32,37.34
37.34,37.34
37.35,37.34
37.37,37.34
37.38,37.35
37.40,37.35
37.41,37.35
37.43,37.35
37.44,37.35
37.46,37.36
37.47,37.36
37.48,37.36
37.50,37.36
37.51,37.36
37.53,37.36
37.54,37.36
37.56,37.36
37.57,37.36
37.59,37.36
37.60,37.36
37.62,37.36
37.63,37.36
37.65,37.36
37.66,37.35
37.68,37.35
37.69,37.35
37.71,37.35
37.72,37.35
37.73,37.35
37.75,37.35
37.76,37.35
37.78,37.35
37.79,37.35
37.81,37.35
37.82,37.35
37.84,37.35
37.85,37.35
37.87,37.35
37.88,37.35
37.90,37.35
37.91,37.35
37.93,37.35
37.94,37.35
37.96,37.35
37.97,37.35
37.99,37.35
38.00,37.35
38.01,37.35
38.03,37.35
38.04,37.35
38.06,37.35
38.07,37.35
38.09,37.35
38.10,37.35
38.12,37.35
38.13,37.35
38.15,37.35
38.16,37.35
38.18,37.35
38.19,37.35
38.21,37.35
38.22,37.35
38.24,37.35
38.25,37.35
38.26,37.35
38.28,37.34
38.29,37.34
38.31,37.34
38.32,37.34
38.34,37.34
38.35,37.34
38.37,37.34
38.38,37.34
38.40,37.34
38.41,37.34
38.43,37.34
38.44,37.34
38.46,37.34
38.47,37.34
38.49,37.34
38.50,37.34
38.51,37.34
38.53,37.34
38.54,37.34
38.56,37.34
38.57,37.34
38.59,37.34
38.60,37.34
38.62,37.34
38.63,37.34
38.65,37.34
38.66,37.34
38.68,37.34
38.69,37.34
38.71,37.34
38.72,37.34
38.74,37.34
38.75,37.34
38.76,37.34
38.78,37.34
38.79,37.34
38.81,37.34
38.82,37.34
38.84,37.34
38.85,37.34
38.87,37.34
38.88,37.33
38.90,37.33
38.91,37.33
38.93,37.33
38.94,37.33
38.96,37.33
38.97,37.33
38.99,37.33
39.00,37.33
39.01,37.33
39.03,37.33
39.04,37.33
39.06,37.33
39.07,37.33
39.09,37.33
39.10,37.33
39.12,37.33
39.13,37.33
39.15,37.33
39.16,37.33
39.18,37.33
39.19,37.33
39.21,37.33
39.22,37.33
39.24,37.33
39.25,37.33
39.26,37.33
39.28,37.33
39.29,37.33
39.31,37.33
39.32,37.33
39.34,37.33
39.35,37.33
39.37,37.33
39.38,37.33
39.40,37.33
39.41,37.33
39.43,37.33
39.44,37.33
39.46,37.33
39.47,37.33
39.49,37.33
39.50,37.32
39.52,37.32
39.53,37.32
39.54,37.32
39.56,37.32
39.57,37.32
39.59,37.32
39.60,37.32
39.62,37.32
39.63,37.32
39.65,37.32
39.66,37.32
39.68,37.32
39.69,37.32
39.71,37.32
39.72,37.32
39.74,37.32
39.75,37.32
39.77,37.32
39.78,37.32
39.79,37.32
39.81,37.32
39.82,37.32
39.84,37.32
39.85,37.32
39.87,37.32
39.88,37.32
39.90,37.32
39.91,37.32
39.93,37.32
39.94,37.32
39.96,37.32
39.97,37.32
39.99,37.32
40.00,37.32
40.02,37.32
40.03,37.32
40.04,37.32
40.06,37.32
40.07,37.32
40.09,37.32
40.10,37.32
40.12,37.32
40.13,37.31
40.15,37.31
40.16,37.31
40.18,37.31
40.19,37.31
40.21,37.31
40.22,37.31
40.24,37.31
40.25,37.31
40.27,37.31
40.28,37.31
40.29,37.31
40.31,37.31
40.32,37.31
40.34,37.31
40.35,37.31
40.37,37.31
40.38,37.31
40.40,37.31
40.41,37.31
40.43,37.31
40.44,37.31
40.46,37.31
40.47,37.31
40.49,37.31
40.50,37.31
40.52,37.31
40.53,37.31
40.54,37.31
40.56,37.31
40.57,37.31
40.59,37.31
40.60,37.31
40.62,37.31
40.63,37.31
40.65,37.31
40.66,37.31
40.68,37.31
40.69,37.31
40.71,37.31
40.72,37.31
40.74,37.31
40.75,37.30
40.77,37.30
40.78,37.30
40.79,37.30
40.81,37.30
40.82,37.30
40.84,37.30
40.85,37.30
40.87,37.30
40.88,37.30
40.90,37.30
40.91,37.30
40.93,37.30
40.94,37.30
40.96,37.30
40.97,37.30
40.99,37.30
41.00,37.30
41.02,37.30
41.03,37.30
41.04,37.30
41.06,37.30
41.07,37.30
41.09,37.30
41.10,37.30
41.12,37.30
41.13,37.30
41.15,37.30
41.16,37.30
41.18,37.30
41.19,37.30
41.21,37.30
41.22,37.30
41.24,37.30
41.25,37.30
41.27,37.30
41.28,37.30
41.30,37.30
41.31,37.30
41.32,37.30
41.34,37.30
41.35,37.30
41.37,37.29
41.38,37.29
41.40,37.30
41.41,37.30
41.43,37.30
41.44,37.30
41.46,37.30
41.47,37.30
41.49,37.30
41.50,37.30
41.52,37.30
41.53,37.30
41.55,37.30
41.56,37.30
41.57,37.30
41.59,37.30
41.60,37.30
41.62,37.30
41.63,37.30
41.65,37.30
41.66,37.31
41.68,37.31
41.69,37.31
41.71,37.31
41.72,37.31
41.74,37.31
41.75,37.31
41.77,37.31
41.78,37.31
41.80,37.31
41.81,37.31
41.82,37.31
41.84,37.31
41.85,37.31
41.87,37.31
41.88,37.31
41.90,37.31
41.91,37.31
41.93,37.32
41.94,37.32
41.96,37.32
41.97,37.32
41.99,37.32
42.00,37.32
42.02,37.32
42.03,37.32
42.05,37.32
42.06,37.32
42.07,37.32
42.09,37.32
42.10,37.32
42.12,37.32
42.13,37.32
42.15,37.32
42.16,37.32
42.18,37.32
42.19,37.33
42.21,37.33
42.22,37.33
42.24,37.33
42.25,37.33
42.27,37.33
42.28,37.33
42.30,37.32
42.31,37.32
42.32,37.33
42.34,37.33
42.35,37.33
42.37,37.33
42.38,37.34
42.40,37.34
42.41,37.34
42.43,37.34
42.44,37.34
42.46,37.35
42.47,37.35
42.49,37.35
42.50,37.35
42.52,37.36
42.53,37.36
42.55,37.36
42.56,37.36
42.57,37.36
42.59,37.37
42.60,37.37
42.62,37.37
42.63,37.37
42.65,37.37
42.66,37.38
42.68,37.38
42.69,37.38
42.71,37.38
42.72,37.38
42.74,37.39
42.75,37.39
42.77,37.39
42.78,37.39
42.80,37.40
42.81,37.40
42.83,37.40
42.84,37.40
42.85,37.40
42.87,37.41
42.88,37.41
42.90,37.41
42.91,37.41
42.93,37.41
42.94,37.42
42.96,37.42
42.97,37.42
42.99,37.42
43.00,37.43
43.02,37.43
43.03,37.43
43.05,37.43
43.06,37.43
43.08,37.44
43.09,37.44
43.10,37.44
43.12,37.44
43.13,37.44
43.15,37.45
43.16,37.45
43.18,37.45
43.19,37.45
43.21,37.46
43.22,37.46
43.24,37.46
43.25,37.46
43.27,37.46
43.28,37.47
43.30,37.47
43.31,37.47
43.33,37.47
43.34,37.47
43.35,37.48
43.37,37.48
43.38,37.48
43.40,37.48
43.41,37.48
43.43,37.47
43.44,37.47
43.46,37.47
43.47,37.47
43.49,37.47
43.50,37.47
43.52,37.47
43.53,37.47
43.55,37.47
43.56,37.47
43.58,37.47
43.59,37.47
43.60,37.47
43.62,37.47
43.63,37.47
43.65,37.47
43.66,37.47
43.68,37.47
43.69,37.47
43.71,37.47
43.72,37.47
43.74,37.47
43.75,37.47
43.77,37.47
43.78,37.47
43.80,37.47
43.81,37.47
43.83,37.47
43.84,37.47
43.85,37.47
43.87,37.47
43.88,37.47
43.90,37.47
43.91,37.47
43.93,37.47
43.94,37.47
43.96,37.47
43.97,37.48
43.99,37.48
44.00,37.48
44.02,37.48
44.03,37.48
44.05,37.48
44.06,37.48
44.08,37.48
44.09,37.48
44.10,37.48
44.12,37.48
44.13,37.48
44.15,37.48
44.16,37.48
44.18,37.48
44.19,37.48
44.21,37.48
44.22,37.48
44.24,37.48
44.25,37.49
44.27,37.49
44.28,37.49
44.30,37.49
44.31,37.49
44.33,37.49
44.34,37.49
44.36,37.49
44.37,37.49
44.38,37.49
44.40,37.49
44.41,37.49
44.43,37.49
44.44,37.49
44.46,37.49
44.47,37.49
44.49,37.49
44.50,37.49
44.52,37.49
44.53,37.50
44.55,37.50
44.56,37.50
44.58,37.50
44.59,37.50
44.61,37.50
44.62,37.50
44.63,37.50
44.65,37.50
44.66,37.50
44.68,37.50
44.69,37.50
44.71,37.50
44.72,37.50
44.74,37.50
44.75,37.50
44.77,37.50
44.78,37.50
44.80,37.51
44.81,37.51
44.83,37.51
44.84,37.51
44.86,37.51
44.87,37.52
44.88,37.52
44.90,37.52
44.91,37.52
44.93,37.52
44.94,37.53
44.96,37.53
44.97,37.53
44.99,37.53
45.00,37.54
45.02,37.54
45.03,37.54
45.05,37.54
45.06,37.54
45.08,37.55
45.09,37.55
45.11,37.55
45.12,37.55
45.13,37.55
45.15,37.56
45.16,37.56
45.18,37.56
45.19,37.56
45.21,37.56
45.22,37.57
45.24,37.57
45.25,37.57
45.27,37.57
45.28,37.57
45.30,37.58
45.31,37.58
45.33,37.58
45.34,37.58
45.36,37.58
45.37,37.58
45.38,37.58
45.40,37.58
45.41,37.58
45.43,37.58
45.44,37.58
45.46,37.58
45.47,37.58
45.49,37.59
45.50,37.59
45.52,37.59
45.53,37.59
45.55,37.59
45.56,37.60
45.58,37.60
45.59,37.60
45.61,37.60
45.62,37.60
45.63,37.61
45.65,37.61
45.66,37.61
45.68,37.61
45.69,37.62
45.71,37.62
45.72,37.62
45.74,37.62
45.75,37.62
45.77,37.63
45.78,37.63
45.80,37.63
45.81,37.63
45.83,37.63
45.84,37.64
45.86,37.64
45.87,37.64
45.89,37.64
45.90,37.64
45.91,37.65
45.93,37.65
45.94,37.65
45.96,37.65
45.97,37.65
45.99,37.66
46.00,37.66
46.02,37.66
46.03,37.66
46.05,37.67
46.06,37.67
46.08,37.67
46.09,37.67
46.11,37.67
46.12,37.68
46.14,37.68
46.15,37.68
46.16,37.68
46.18,37.68
46.19,37.69
46.21,37.69
46.22,37.69
46.24,37.69
46.25,37.69
46.27,37.70
46.28,37.70
46.30,37.70
46.31,37.70
46.33,37.70
46.34,37.71
46.36,37.71
46.37,37.71
46.39,37.71
46.40,37.71
46.41,37.72
46.43,37.72
46.44,37.72
46.46,37.72
46.47,37.72
46.49,37.73
46.50,37.73
46.52,37.73
46.53,37.73
46.55,37.73
46.56,37.73
46.58,37.73
46.59,37.73
46.61,37.73
46.62,37.73
46.64,37.73
46.65,37.73
46.66,37.73
46.68,37.73
46.69,37.73
46.71,37.73
46.72,37.73
46.74,37.73
46.75,37.73
46.77,37.73
46.78,37.73
46.80,37.73
46.81,37.73
46.83,37.73
46.84,37.73
46.86,37.73
46.87,37.73
46.89,37.73
46.90,37.73
46.91,37.73
46.93,37.73
46.94,37.73
46.96,37.73
46.97,37.72
46.99,37.72
47.00,37.72
47.02,37.72
47.03,37.72
47.05,37.72
47.06,37.72
47.08,37.72
47.09,37.72
47.11,37.72
47.12,37.72
47.14,37.72
47.15,37.72
47.16,37.72
47.18,37.72
47.19,37.72
47.21,37.72
47.22,37.72
47.24,37.72
47.25,37.72
47.27,37.72
47.28,37.72
47.30,37.72
47.31,37.72
47.33,37.72
47.34,37.72
47.36,37.72
47.37,37.72
47.39,37.72
47.40,37.72
47.42,37.72
47.43,37.72
47.44,37.72
47.46,37.72
47.47,37.72
47.49,37.72
47.50,37.71
47.52,37.71
47.53,37.71
47.55,37.71
47.56,37.71
47.58,37.71
47.59,37.71
47.61,37.71
47.62,37.71
47.64,37.71
47.65,37.71
47.67,37.71
47.68,37.71
47.69,37.71
47.71,37.71
47.72,37.71
47.74,37.71
47.75,37.71
47.77,37.71
47.78,37.71
47.80,37.71
47.81,37.71
47.83,37.71
47.84,37.71
47.86,37.71
47.87,37.71
47.89,37.72
47.90,37.72
47.92,37.72
47.93,37.72
47.94,37.72
47.96,37.72
47.97,37.72
47.99,37.72
48.00,37.72
48.02,37.72
48.03,37.72
48.05,37.72
48.06,37.72
48.08,37.72
48.09,37.72
48.11,37.72
48.12,37.72
48.14,37.72
48.15,37.72
48.17,37.72
48.18,37.73
48.19,37.73
48.21,37.73
48.22,37.73
48.24,37.73
48.25,37.73
48.27,37.73
48.28,37.73
48.30,37.73
48.31,37.73
48.33,37.73
48.34,37.73
48.36,37.73
48.37,37.73
48.39,37.73
48.40,37.73
48.42,37.73
48.43,37.73
48.44,37.73
48.46,37.73
48.47,37.74
48.49,37.74
48.50,37.74
48.52,37.74
48.53,37.74
48.55,37.74
48.56,37.74
48.58,37.74
48.59,37.74
48.61,37.74
48.62,37.74
48.64,37.74
48.65,37.74
48.67,37.74
48.68,37.74
48.69,37.74
48.71,37.74
48.72,37.74
48.74,37.74
48.75,37.73
48.77,37.73
48.78,37.73
48.80,37.73
48.81,37.73
48.83,37.73
48.84,37.73
48.86,37.73
48.87,37.73
48.89,37.73
48.90,37.73
48.92,37.73
48.93,37.73
48.95,37.73
48.96,37.73
48.97,37.73
48.99,37.73
49.00,37.74
49.02,37.74
49.03,37.74
49.05,37.74
49.06,37.74
49.08,37.75
49.09,37.75
49.11,37.75
49.12,37.75
49.14,37.75
49.15,37.76
49.17,37.76
49.18,37.76
49.20,37.76
49.21,37.76
49.22,37.77
49.24,37.77
49.25,37.77
49.27,37.77
49.28,37.77
49.30,37.78
49.31,37.78
49.33,37.78
49.34,37.78
49.36,37.78
49.37,37.79
49.39,37.79
49.40,37.79
49.42,37.79
49.43,37.79
49.45,37.80
49.46,37.80
49.47,37.80
49.49,37.80
49.50,37.81
49.52,37.81
49.53,37.81
49.55,37.81
49.56,37.81
49.58,37.82
49.59,37.82
49.61,37.82
49.62,37.82
49.64,37.82
49.65,37.83
49.67,37.83
49.68,37.83
49.70,37.83
49.71,37.83
49.72,37.84
49.74,37.84
49.75,37.84
49.77,37.84
49.78,37.84
49.80,37.85
49.81,37.85
49.83,37.85
49.84,37.85
49.86,37.85
49.87,37.86
49.89,37.86
49.90,37.86
49.92,37.86
49.93,37.86
49.95,37.87
49.96,37.87
49.97,37.87
49.99,37.87
50.00,37.87
50.02,37.88
50.03,37.88
50.05,37.88
50.06,37.88
50.08,37.88
50.09,37.89
50.11,37.89
50.12,37.89
50.14,37.89
50.15,37.89
50.17,37.90
50.18,37.90
50.20,37.90
50.21,37.90
50.22,37.90
50.24,37.91
50.25,37.91
50.27,37.91
50.28,37.91
50.30,37.91
50.31,37.92
50.33,37.92
50.34,37.92
50.36,37.92
50.37,37.92
50.39,37.92
50.40,37.92
50.42,37.92
50.43,37.92
50.45,37.92
50.46,37.92
50.48,37.92
50.49,37.92
50.50,37.92
50.52,37.92
50.53,37.92
50.55,37.92
50.56,37.92
50.58,37.92
50.59,37.92
50.61,37.92
50.62,37.91
50.64,37.91
50.65,37.91
50.67,37.91
50.68,37.91
50.70,37.91
50.71,37.91
50.73,37.91
50.74,37.91
50.75,37.91
50.77,37.91
50.78,37.91
50.80,37.91
50.81,37.91
50.83,37.91
50.84,37.91
50.86,37.91
50.87,37.91
50.89,37.91
50.90,37.91
50.92,37.91
50.93,37.91
50.95,37.91
50.96,37.91
50.98,37.91
50.99,37.91
51.00,37.91
51.02,37.91
51.03,37.91
51.05,37.91
51.06,37.91
51.08,37.91
51.09,37.91
51.11,37.91
51.12,37.90
51.14,37.90
51.15,37.90
51.17,37.90
51.18,37.90
51.20,37.90
51.21,37.90
51.23,37.90
51.24,37.90
51.25,37.90
51.27,37.90
51.28,37.90
51.30,37.90
51.31,37.90
51.33,37.90
51.34,37.90
51.36,37.90
51.37,37.90
51.39,37.90
51.40,37.90
51.42,37.90
51.43,37.90
51.45,37.90
51.46,37.90
51.48,37.90
51.49,37.90
51.50,37.90
51.52,37.90
51.53,37.90
51.55,37.90
51.56,37.90
51.58,37.90
51.59,37.90
51.61,37.90
51.62,37.89
51.64,37.89
51.65,37.89
51.67,37.89
51.68,37.89
51.70,37.89
51.71,37.89
51.73,37.89
51.74,37.89
51.75,37.89
51.77,37.89
51.78,37.89
51.80,37.89
51.81,37.89
51.83,37.89
51.84,37.89
51.86,37.89
51.87,37.89
51.89,37.89
51.90,37.89
51.92,37.89
51.93,37.89
51.95,37.89
51.96,37.89
51.98,37.89
51.99,37.89
52.01,37.89
52.02,37.90
52.03,37.90
52.05,37.90
52.06,37.90
52.08,37.90
52.09,37.90
52.11,37.90
52.12,37.90
52.14,37.90
52.15,37.90
52.17,37.90
52.18,37.90
52.20,37.90
52.21,37.90
52.23,37.90
52.24,37.90
52.26,37.90
52.27,37.90
52.28,37.90
52.30,37.90
52.31,37.90
52.33,37.91
52.34,37.91
52.36,37.91
52.37,37.91
52.39,37.91
52.40,37.91
52.42,37.91
52.43,37.91
52.45,37.91
52.46,37.91
52.48,37.91
52.49,37.91
52.51,37.91
52.52,37.91
52.53,37.91
52.55,37.91
52.56,37.91
52.58,37.91
52.59,37.91
52.61,37.91
52.62,37.91
52.64,37.92
52.65,37.92
52.67,37.92
52.68,37.92
52.70,37.92
52.71,37.92
52.73,37.92
52.74,37.92
52.76,37.92
52.77,37.92
52.78,37.92
52.80,37.92
52.81,37.92
52.83,37.92
52.84,37.92
52.86,37.92
52.87,37.92
52.89,37.92
52.90,37.92
52.92,37.92
52.93,37.92
52.95,37.92
52.96,37.92
52.98,37.92
52.99,37.92
53.01,37.92
53.02,37.92
53.03,37.92
53.05,37.92
53.06,37.92
53.08,37.93
53.09,37.93
53.11,37.93
53.12,37.93
53.14,37.93
53.15,37.94
53.17,37.94
53.18,37.94
53.20,37.94
53.21,37.94
53.23,37.95
53.24,37.95
53.26,37.95
53.27,37.95
53.28,37.96
53.30,37.96
53.31,37.96
53.33,37.96
53.34,37.96
53.36,37.97
53.37,37.97
53.39,37.97
53.40,37.97
53.42,37.97
53.43,37.98
53.45,37.98
53.46,37.98
53.48,37.98
53.49,37.98
53.51,37.99
53.52,37.99
53.54,37.99
53.55,37.99
53.56,37.99
53.58,38.00
53.59,38.00
53.61,38.00
53.62,38.00
53.64,38.00
53.65,38.01
53.67,38.01
53.68,38.01
53.70,38.01
53.71,38.01
53.73,38.02
53.74,38.02
53.76,38.02
53.77,38.02
53.79,38.02
53.80,38.03
53.81,38.03
53.83,38.03
53.84,38.03
53.86,38.03
53.87,38.04
53.89,38.04
53.90,38.04
53.92,38.04
53.93,38.04
53.95,38.04
53.96,38.04
53.98,38.04
53.99,38.04
54.01,38.04
54.02,38.05
54.04,38.05
54.05,38.05
54.06,38.05
54.08,38.05
54.09,38.05
54.11,38.04
54.12,38.05
54.14,38.05
54.15,38.05
54.17,38.05
54.18,38.06
54.20,38.06
54.21,38.06
54.23,38.06
54.24,38.06
54.26,38.07
54.27,38.07
54.29,38.07
54.30,38.07
54.31,38.07
54.33,38.08
54.34,38.08
54.36,38.08
54.37,38.08
54.39,38.08
54.40,38.09
54.42,38.09
54.43,38.09
54.45,38.09
54.46,38.09
54.48,38.09
54.49,38.10
54.51,38.10
54.52,38.10
54.54,38.10
54.55,38.10
54.56,38.11
54.58,38.11
54.59,38.11
54.61,38.11
54.62,38.11
54.64,38.12
54.65,38.12
54.67,38.12
54.68,38.12
54.70,38.12
54.71,38.13
54.73,38.13
54.74,38.13
54.76,38.13
54.77,38.13
54.79,38.14
54.80,38.14
54.81,38.14
54.83,38.14
54.84,38.14
54.86,38.15
54.87,38.15
54.89,38.15
54.90,38.15
54.92,38.15
54.93,38.16
54.95,38.16
54.96,38.16
54.98,38.16
54.99,38.15
55.01,38.15
55.02,38.15
55.04,38.15
55.05,38.15
55.07,38.15
55.08,38.15
55.09,38.15
55.11,38.15
55.12,38.15
55.14,38.15
55.15,38.15
55.17,38.15
55.18,38.15
55.20,38.15
55.21,38.15
55.23,38.15
55.24,38.15
55.26,38.15
55.27,38.15
55.29,38.15
55.30,38.15
55.32,38.15
55.33,38.15
55.34,38.15
55.36,38.15
55.37,38.15
55.39,38.15
55.40,38.15
55.42,38.15
55.43,38.15
55.45,38.14
55.46,38.14
55.48,38.14
55.49,38.14
55.51,38.14
55.52,38.14
55.54,38.14
55.55,38.14
55.57,38.14
55.58,38.14
55.59,38.14
55.61,38.14
55.62,38.14
55.64,38.14
55.65,38.14
55.67,38.14
55.68,38.14
55.70,38.14
55.71,38.14
55.73,38.14
55.74,38.14
55.76,38.14
55.77,38.14
55.79,38.14
55.80,38.14
55.82,38.14
55.83,38.14
55.84,38.14
55.86,38.14
55.87,38.14
55.89,38.14
55.90,38.13
55.92,38.13
55.93,38.13
55.95,38.13
55.96,38.13
55.98,38.13
55.99,38.13
56.01,38.13
56.02,38.13
56.04,38.13
56.05,38.13
56.07,38.13
56.08,38.13
56.09,38.13
56.11,38.13
56.12,38.13
56.14,38.13
56.15,38.13
56.17,38.13
56.18,38.13
56.20,38.13
56.21,38.13
56.23,38.13
56.24,38.13
56.26,38.13
56.27,38.13
56.29,38.13
56.30,38.13
56.32,38.13
56.33,38.13
56.34,38.13
56.36,38.12
56.37,38.12
56.39,38.12
56.40,38.12
56.42,38.12
56.43,38.12
56.45,38.12
56.46,38.12
56.48,38.12
56.49,38.12
56.51,38.12
56.52,38.12
56.54,38.12
56.55,38.12
56.57,38.12
56.58,38.12
56.60,38.12
56.61,38.12
56.62,38.12
56.64,38.12
56.65,38.12
56.67,38.12
56.68,38.12
56.70,38.12
56.71,38.12
56.73,38.12
56.74,38.12
56.76,38.12
56.77,38.12
56.79,38.12
56.80,38.12
56.82,38.11
56.83,38.11
56.85,38.11
56.86,38.11
56.87,38.11
56.89,38.11
56.90,38.11
56.92,38.11
56.93,38.11
56.95,38.11
56.96,38.11
56.98,38.11
56.99,38.11
57.01,38.11
57.02,38.11
57.04,38.11
57.05,38.11
57.07,38.11
57.08,38.11
57.10,38.11
57.11,38.11
57.12,38.11
57.14,38.11
57.15,38.11
57.17,38.11
57.18,38.11
57.20,38.11
57.21,38.11
57.23,38.11
57.24,38.11
57.26,38.11
57.27,38.11
57.29,38.11
57.30,38.11
57.32,38.11
57.33,38.12
57.35,38.12
57.36,38.12
57.37,38.12
57.39,38.12
57.40,38.12
57.42,38.12
57.43,38.12
57.45,38.12
57.46,38.12
57.48,38.12
57.49,38.12
57.51,38.12
57.52,38.12
57.54,38.12
57.55,38.12
57.57,38.12
57.58,38.12
57.60,38.12
57.61,38.12
57.62,38.12
57.64,38.12
57.65,38.13
57.67,38.13
57.68,38.13
57.70,38.13
57.71,38.13
57.73,38.13
57.74,38.13
57.76,38.13
57.77,38.13
57.79,38.13
57.80,38.13
57.82,38.13
57.83,38.13
57.85,38.13
57.86,38.13
57.87,38.13
57.89,38.13
57.90,38.13
57.92,38.13
57.93,38.13
57.95,38.13
57.96,38.13
57.98,38.13
57.99,38.14
58.01,38.14
58.02,38.14
58.04,38.14
58.05,38.14
58.07,38.14
58.08,38.14
58.10,38.14
58.11,38.14
58.13,38.14
58.14,38.14
58.15,38.14
58.17,38.14
58.18,38.14
58.20,38.14
58.21,38.14
58.23,38.14
58.24,38.14
58.26,38.14
58.27,38.14
58.29,38.14
58.30,38.14
58.32,38.14
58.33,38.14
58.35,38.14
58.36,38.14
58.38,38.14
58.39,38.14
58.40,38.14
58.42,38.14
58.43,38.14
58.45,38.14
58.46,38.14
58.48,38.14
58.49,38.14
58.51,38.14
58.52,38.14
58.54,38.14
58.55,38.14
58.57,38.14
58.58,38.14
58.60,38.14
58.61,38.13
58.63,38.13
58.64,38.13
58.65,38.13
58.67,38.14
58.68,38.14
58.70,38.14
58.71,38.14
58.73,38.14
58.74,38.15
58.76,38.15
58.77,38.15
58.79,38.15
58.80,38.15
58.82,38.16
58.83,38.16
58.85,38.16
58.86,38.16
58.88,38.16
58.89,38.17
58.90,38.17
58.92,38.17
58.93,38.17
58.95,38.17
58.96,38.18
58.98,38.18
58.99,38.18
59.01,38.18
59.02,38.18
59.04,38.19
59.05,38.19
59.07,38.19
59.08,38.19
59.10,38.19
59.11,38.20
59.13,38.20
59.14,38.20
59.15,38.20
59.17,38.20
59.18,38.21
59.20,38.21
59.21,38.21
59.23,38.21
59.24,38.21
59.26,38.21
59.27,38.22
59.29,38.22
59.30,38.22
59.32,38.22
59.33,38.22
59.35,38.23
59.36,38.23
59.38,38.23
59.39,38.23
59.40,38.23
59.42,38.24
59.43,38.24
59.45,38.24
59.46,38.24
59.48,38.24
59.49,38.25
59.51,38.25
59.52,38.25
59.54,38.25
59.55,38.25
59.57,38.26
59.58,38.26
59.60,38.26
59.61,38.26
59.63,38.26
59.64,38.27
59.66,38.27
59.67,38.27
59.68,38.27
59.70,38.27
59.71,38.28
59.73,38.28
59.74,38.28
59.76,38.28
59.77,38.28
59.79,38.29
59.80,38.29
59.82,38.29
59.83,38.29
59.85,38.29
59.86,38.29
59.88,38.30
59.89,38.30
59.91,38.30
59.92,38.30
59.93,38.30
59.95,38.31
59.96,38.31
59.98,38.31
59.99,38.31
60.01,38.31
60.02,38.32
60.04,38.32
60.05,38.32
60.07,38.32
60.08,38.32
60.10,38.33
60.11,38.33
60.13,38.33
60.14,38.33
60.16,38.33
60.17,38.33
60.18,38.33
60.20,38.33
60.21,38.33
60.23,38.33
60.24,38.33
60.26,38.33
60.27,38.33
60.29,38.33
60.30,38.33
60.32,38.33
60.33,38.33
60.35,38.33
60.36,38.33
60.38,38.33
60.39,38.33
60.41,38.33
60.42,38.32
60.43,38.32
60.45,38.32
60.46,38.32
60.48,38.32
60.49,38.32
60.51,38.32
60.52,38.32
60.54,38.32
60.55,38.32
60.57,38.32
60.58,38.32
60.60,38.32
60.61,38.32
60.63,38.32
60.64,38.32
60.66,38.32
60.67,38.32
60.68,38.32
60.70,38.32
60.71,38.32
60.73,38.32
60.74,38.32
60.76,38.32
60.77,38.32
60.79,38.32
60.80,38.32
60.82,38.32
60.83,38.32
60.85,38.32
60.86,38.31
60.88,38.31
60.89,38.31
60.91,38.31
60.92,38.31
60.93,38.31
60.95,38.31
60.96,38.31
60.98,38.31
60.99,38.31
61.01,38.31
61.02,38.31
61.04,38.31
61.05,38.31
61.07,38.31
61.08,38.31
61.10,38.31
61.11,38.31
61.13,38.31
61.14,38.31
61.16,38.31
61.17,38.31
61.18,38.31
61.20,38.31
61.21,38.31
61.23,38.31
61.24,38.31
61.26,38.31
61.27,38.31
61.29,38.30
61.30,38.30
61.32,38.30
61.33,38.30
61.35,38.30
61.36,38.30
61.38,38.30
61.39,38.30
61.41,38.30
61.42,38.30
61.44,38.30
61.45,38.30
61.46,38.30
61.48,38.30
61.49,38.30
61.51,38.30
61.52,38.30
61.54,38.30
61.55,38.30
61.57,38.30
61.58,38.30
61.60,38.30
61.61,38.30
61.63,38.30
61.64,38.30
61.66,38.30
61.67,38.30
61.69,38.30
61.70,38.30
61.71,38.30
61.73,38.29
61.74,38.29
61.76,38.29
61.77,38.29
61.79,38.29
61.80,38.29
61.82,38.29
61.83,38.29
61.85,38.29
61.86,38.29
61.88,38.29
61.89,38.29
61.91,38.29
61.92,38.29
61.94,38.29
61.95,38.29
61.96,38.29
61.98,38.29
61.99,38.29
62.01,38.29
62.02,38.29
62.04,38.29
62.05,38.29
62.07,38.29
62.08,38.29
62.10,38.29
62.11,38.29
62.13,38.29
62.14,38.29
62.16,38.28
62.17,38.28
62.19,38.28
62.20,38.28
62.21,38.28
62.23,38.28
62.24,38.28
62.26,38.28
62.27,38.28
62.29,38.28
62.30,38.28
62.32,38.28
62.33,38.28
62.35,38.28
62.36,38.28
62.38,38.28
62.39,38.28
62.41,38.28
62.42,38.28
62.44,38.28
62.45,38.28
62.46,38.28
62.48,38.28
62.49,38.28
62.51,38.28
62.52,38.28
62.54,38.28
62.55,38.28
62.57,38.28
62.58,38.28
62.60,38.27
62.61,38.27
62.63,38.27
62.64,38.27
62.66,38.27
62.67,38.27
62.69,38.27
62.70,38.27
62.71,38.27
62.73,38.27
62.74,38.27
62.76,38.27
62.77,38.27
62.79,38.27
62.80,38.27
62.82,38.27
62.83,38.27
62.85,38.27
62.86,38.27
62.88,38.27
62.89,38.27
62.91,38.27
62.92,38.27
62.94,38.27
62.95,38.27
62.97,38.27
62.98,38.27
62.99,38.27
63.01,38.27
63.02,38.27
63.04,38.26
63.05,38.26
63.07,38.26
63.08,38.26
63.10,38.26
63.11,38.26
63.13,38.26
63.14,38.26
63.16,38.26
63.17,38.26
63.19,38.26
63.20,38.26
63.22,38.26
63.23,38.26
63.24,38.26
63.26,38.26
63.27,38.26
63.29,38.26
63.30,38.26
63.32,38.26
63.33,38.26
63.35,38.26
63.36,38.26
63.38,38.26
63.39,38.26
63.41,38.26
63.42,38.26
63.44,38.26
63.45,38.26
63.47,38.26
63.48,38.26
63.49,38.26
63.51,38.26
63.52,38.26
63.54,38.26
63.55,38.26
63.57,38.26
63.58,38.26
63.60,38.26
63.61,38.26
63.63,38.26
63.64,38.26
63.66,38.26
63.67,38.27
63.69,38.27
63.70,38.27
63.72,38.27
63.73,38.27
63.74,38.27
63.76,38.27
63.77,38.27
63.79,38.27
63.80,38.27
63.82,38.27
63.83,38.27
63.85,38.27
63.86,38.27
63.88,38.27
63.89,38.27
63.91,38.27
63.92,38.27
63.94,38.27
63.95,38.27
63.97,38.27
63.98,38.27
63.99,38.27
64.01,38.27
64.02,38.28
64.04,38.28
64.05,38.28
64.07,38.28
64.08,38.28
64.10,38.28
64.11,38.28
64.13,38.28
64.14,38.28
64.16,38.28
64.17,38.28
64.19,38.28
64.20,38.28
64.22,38.28
64.23,38.28
64.24,38.28
64.26,38.28
64.27,38.28
64.29,38.28
64.30,38.28
64.32,38.28
64.33,38.28
64.35,38.28
64.36,38.28
64.38,38.29
64.39,38.29
64.41,38.29
64.42,38.29
64.44,38.29
64.45,38.29
64.47,38.29
64.48,38.29
64.50,38.29
64.51,38.29
64.52,38.29
64.54,38.29
64.55,38.29
64.57,38.28
64.58,38.28
64.60,38.28
64.61,38.28
64.63,38.28
64.64,38.28
64.66,38.28
64.67,38.28
64.69,38.28
64.70,38.28
64.72,38.28
64.73,38.29
64.75,38.29
64.76,38.29
64.77,38.29
64.79,38.29
64.80,38.30
64.82,38.30
64.83,38.30
64.85,38.30
64.86,38.30
64.88,38.31
64.89,38.31
64.91,38.31
64.92,38.31
64.94,38.31
64.95,38.32
64.97,38.32
64.98,38.32
65.00,38.32
65.01,38.32
65.02,38.32
65.04,38.33
65.05,38.33
65.07,38.33
65.08,38.33
65.10,38.33
65.11,38.34
65.13,38.34
65.14,38.34
65.16,38.34
65.17,38.34
65.19,38.35
65.20,38.35
65.22,38.35
65.23,38.35
65.25,38.35
65.26,38.36
65.27,38.36
65.29,38.36
65.30,38.36
65.32,38.36
65.33,38.37
65.35,38.37
65.36,38.37
65.38,38.37
65.39,38.37
65.41,38.37
65.42,38.38
65.44,38.38
65.45,38.38
65.47,38.38
65.48,38.38
65.50,38.39
65.51,38.39
65.52,38.39
65.54,38.39
65.55,38.39
65.57,38.40
65.58,38.40
65.60,38.40
65.61,38.40
65.63,38.40
65.64,38.41
65.66,38.41
65.67,38.41
65.69,38.41
65.70,38.41
65.72,38.42
65.73,38.42
65.75,38.42
65.76,38.42
65.77,38.42
65.79,38.42
65.80,38.43
65.82,38.43
65.83,38.43
65.85,38.43
65.86,38.43
65.88,38.44
65.89,38.44
65.91,38.44
65.92,38.44
65.94,38.44
65.95,38.45
65.97,38.45
65.98,38.45
66.00,38.45
66.01,38.45
66.03,38.46
66.04,38.46
66.05,38.46
66.07,38.46
66.08,38.46
66.10,38.46
66.11,38.47
66.13,38.47
66.14,38.47
66.16,38.47
66.17,38.47
66.19,38.48
66.20,38.48
66.22,38.48
66.23,38.48
66.25,38.48
66.26,38.48
66.28,38.48
66.29,38.48
66.30,38.48
66.32,38.47
66.33,38.47
66.35,38.47
66.36,38.47
66.38,38.47
66.39,38.47
66.41,38.47
66.42,38.47
66.44,38.47
66.45,38.47
66.47,38.47
66.48,38.47
66.50,38.47
66.51,38.47
66.53,38.47
66.54,38.47
66.55,38.47
66.57,38.47
66.58,38.47
66.60,38.47
66.61,38.47
66.63,38.47
66.64,38.47
66.66,38.47
66.67,38.47
66.69,38.47
66.70,38.47
66.72,38.47
66.73,38.47
66.75,38.46
66.76,38.46
66.78,38.46
66.79,38.46
66.80,38.46
66.82,38.46
66.83,38.46
66.85,38.46
66.86,38.46
66.88,38.46
66.89,38.46
66.91,38.46
66.92,38.46
66.94,38.46
66.95,38.46
66.97,38.46
66.98,38.46
67.00,38.46
67.01,38.46
67.03,38.46
67.04,38.46
67.05,38.46
67.07,38.46
67.08,38.46
67.10,38.46
67.11,38.46
67.13,38.46
67.14,38.46
67.16,38.45
67.17,38.45
67.19,38.45
67.20,38.45
67.22,38.45
67.23,38.45
67.25,38.45
67.26,38.45
67.28,38.45
67.29,38.45
67.30,38.45
67.32,38.45
67.33,38.45
67.35,38.45
67.36,38.45
67.38,38.45
67.39,38.45
67.41,38.45
67.42,38.45
67.44,38.45
67.45,38.45
67.47,38.45
67.48,38.45
67.50,38.45
67.51,38.45
67.53,38.45
67.54,38.45
67.56,38.45
67.57,38.44
67.58,38.44
67.60,38.44
67.61,38.44
67.63,38.44
67.64,38.44
67.66,38.44
67.67,38.44
67.69,38.44
67.70,38.44
67.72,38.44
67.73,38.44
67.75,38.45
67.76,38.45
67.78,38.45
67.79,38.45
67.81,38.45
67.82,38.45
67.83,38.45
67.85,38.45
67.86,38.45
67.88,38.45
67.89,38.45
67.91,38.45
67.92,38.45
67.94,38.45
67.95,38.45
67.97,38.45
67.98,38.45
68.00,38.45
68.01,38.45
68.03,38.45
68.04,38.45
68.06,38.45
68.07,38.45
68.08,38.45
68.10,38.45
68.11,38.46
68.13,38.46
68.14,38.46
68.16,38.46
68.17,38.46
68.19,38.46
68.20,38.46
68.22,38.46
68.23,38.46
68.25,38.46
68.26,38.46
68.28,38.46
68.29,38.46
68.31,38.46
68.32,38.46
68.33,38.46
68.35,38.46
68.36,38.46
68.38,38.46
68.39,38.46
68.41,38.46
68.42,38.46
68.44,38.46
68.45,38.46
68.47,38.46
68.48,38.47
68.50,38.47
68.51,38.47
68.53,38.47
68.54,38.47
68.56,38.47
68.57,38.47
68.58,38.47
68.60,38.47
68.61,38.47
68.63,38.47
68.64,38.47
68.66,38.47
68.67,38.47
68.69,38.47
68.70,38.47
68.72,38.47
68.73,38.47
68.75,38.47
68.76,38.47
68.78,38.47
68.79,38.47
68.81,38.47
68.82,38.47
68.83,38.47
68.85,38.47
68.86,38.47
68.88,38.47
68.89,38.47
68.91,38.47
68.92,38.47
68.94,38.46
68.95,38.46
68.97,38.46
68.98,38.47
69.00,38.47
69.01,38.47
69.03,38.47
69.04,38.47
69.06,38.48
69.07,38.48
69.09,38.48
69.10,38.48
69.11,38.48
69.13,38.49
69.14,38.49
69.16,38.49
69.17,38.49
69.19,38.49
69.20,38.49
69.22,38.50
69.23,38.50
69.25,38.50
69.26,38.50
69.28,38.50
69.29,38.51
69.31,38.51
69.32,38.51
69.34,38.51
69.35,38.51
69.36,38.52
69.38,38.52
69.39,38.52
69.41,38.52
69.42,38.52
69.44,38.53
69.45,38.53
69.47,38.53
69.48,38.53
69.50,38.53
69.51,38.53
69.53,38.54
69.54,38.54
69.56,38.54
69.57,38.54
69.59,38.54
69.60,38.55
69.61,38.55
69.63,38.55
69.64,38.55
69.66,38.55
69.67,38.56
69.69,38.56
69.70,38.56
69.72,38.56
69.73,38.56
69.75,38.56
69.76,38.57
69.78,38.57
69.79,38.57
69.81,38.57
69.82,38.57
69.84,38.58
69.85,38.58
69.86,38.58
69.88,38.58
69.89,38.58
69.91,38.59
69.92,38.59
69.94,38.59
69.95,38.59
69.97,38.59
69.98,38.59
70.00,38.60
70.01,38.60
70.03,38.60
70.04,38.60
70.06,38.60
70.07,38.61
70.09,38.61
70.10,38.61
70.11,38.61
70.13,38.61
70.14,38.62
70.16,38.62
70.17,38.62
70.19,38.62
70.20,38.62
70.22,38.62
70.23,38.63
70.25,38.63
70.26,38.63
70.28,38.63
70.29,38.63
70.31,38.64
70.32,38.64
70.34,38.64
70.35,38.64
70.36,38.64
70.38,38.65
70.39,38.65
70.41,38.65
70.42,38.65
70.44,38.65
70.45,38.65
70.47,38.66
70.48,38.66
70.50,38.66
70.51,38.66
70.53,38.66
70.54,38.67
70.56,38.67
70.57,38.66
70.59,38.66
70.60,38.66
70.62,38.66
70.63,38.66
70.64,38.66
70.66,38.66
70.67,38.66
70.69,38.66
70.70,38.66
70.72,38.66
70.73,38.66
70.75,38.66
70.76,38.66
70.78,38.66
70.79,38.66
70.81,38.66
70.82,38.66
70.84,38.66
70.85,38.66
70.87,38.66
70.88,38.66
70.89,38.66
70.91,38.66
70.92,38.66
70.94,38.66
70.95,38.66
70.97,38.65
70.98,38.65
71.00,38.65
71.01,38.65
71.03,38.65
71.04,38.65
71.06,38.65
71.07,38.65
71.09,38.65
71.10,38.65
71.12,38.65
71.13,38.65
71.14,38.65
71.16,38.65
71.17,38.65
71.19,38.65
71.20,38.65
71.22,38.65
71.23,38.65
71.25,38.65
71.26,38.65
71.28,38.65
71.29,38.65
71.31,38.65
71.32,38.65
71.34,38.65
71.35,38.65
71.37,38.64
71.38,38.64
71.39,38.64
71.41,38.64
71.42,38.64
71.44,38.64
71.45,38.64
71.47,38.64
71.48,38.64
71.50,38.65
71.51,38.65
71.53,38.65
71.54,38.65
71.56,38.65
71.57,38.65
71.59,38.65
71.60,38.65
71.62,38.65
71.63,38.65
71.64,38.65
71.66,38.65
71.67,38.65
71.69,38.65
71.70,38.65
71.72,38.65
71.73,38.65
71.75,38.65
71.76,38.65
71.78,38.65
71.79,38.65
71.81,38.65
71.82,38.65
71.84,38.65
71.85,38.65
71.87,38.65
71.88,38.65
71.89,38.65
71.91,38.65
71.92,38.65
71.94,38.65
71.95,38.66
71.97,38.66
71.98,38.66
72.00,38.66
72.01,38.66
72.03,38.67
72.04,38.67
72.06,38.67
72.07,38.67
72.09,38.67
72.10,38.67
72.12,38.68
72.13,38.68
72.15,38.68
72.16,38.68
72.17,38.68
72.19,38.69
72.20,38.69
72.22,38.69
72.23,38.69
72.25,38.69
72.26,38.69
72.28,38.70
72.29,38.70
72.31,38.70
72.32,38.70
72.34,38.70
72.35,38.71
72.37,38.71
72.38,38.71
72.40,38.71
72.41,38.71
72.42,38.72
72.44,38.72
72.45,38.72
72.47,38.72
72.48,38.72
72.50,38.72
72.51,38.72
72.53,38.72
72.54,38.72
72.56,38.72
72.57,38.72
72.59,38.72
72.60,38.72
72.62,38.72
72.63,38.72
72.65,38.73
72.66,38.73
72.67,38.73
72.69,38.73
72.70,38.73
72.72,38.73
72.73,38.73
72.75,38.73
72.76,38.73
72.78,38.73
72.79,38.73
72.81,38.73
72.82,38.73
72.84,38.73
72.85,38.73
72.87,38.72
72.88,38.72
72.90,38.72
72.91,38.72
72.92,38.72
72.94,38.72
72.95,38.72
72.97,38.72
72.98,38.72
73.00,38.72
73.01,38.72
73.03,38.72
73.04,38.72
73.06,38.72
73.07,38.72
73.09,38.72
73.10,38.73
73.12,38.73
73.13,38.73
73.15,38.73
73.16,38.73
73.17,38.73
73.19,38.74
73.20,38.74
73.22,38.74
73.23,38.74
73.25,38.74
73.26,38.75
73.28,38.75
73.29,38.75
73.31,38.75
73.32,38.75
73.34,38.76
73.35,38.76
73.37,38.76
73.38,38.76
73.40,38.76
73.41,38.76
73.42,38.76
73.44,38.76
73.45,38.76
73.47,38.76
73.48,38.76
73.50,38.76
73.51,38.76
73.53,38.76
73.54,38.76
73.56,38.76
73.57,38.76
73.59,38.76
73.60,38.76
73.62,38.76
73.63,38.77
73.65,38.77
73.66,38.77
73.68,38.77
73.69,38.77
73.70,38.77
73.72,38.77
73.73,38.77
73.75,38.77
73.76,38.77
73.78,38.77
73.79,38.77
73.81,38.77
73.82,38.77
73.84,38.77
73.85,38.77
73.87,38.77
73.88,38.77
73.90,38.77
73.91,38.77
73.93,38.77
73.94,38.77
73.95,38.77
73.97,38.77
73.98,38.77
74.00,38.77
74.01,38.77
74.03,38.77
74.04,38.78
74.06,38.78
74.07,38.78
74.09,38.78
74.10,38.78
74.12,38.78
74.13,38.78
74.15,38.78
74.16,38.78
74.18,38.78
74.19,38.78
74.20,38.78
74.22,38.78
74.23,38.78
74.25,38.78
74.26,38.78
74.28,38.78
74.29,38.78
74.31,38.78
74.32,38.78
74.34,38.78
74.35,38.78
74.37,38.78
74.38,38.78
74.40,38.78
74.41,38.78
74.43,38.78
74.44,38.78
74.45,38.78
74.47,38.78
74.48,38.78
74.50,38.79
74.51,38.79
74.53,38.79
74.54,38.79
74.56,38.79
74.57,38.79
74.59,38.79
74.60,38.79
74.62,38.79
74.63,38.79
74.65,38.79
74.66,38.79
74.68,38.79
74.69,38.79
74.70,38.79
74.72,38.79
74.73,38.79
74.75,38.79
74.76,38.79
74.78,38.79
74.79,38.79
74.81,38.79
74.82,38.79
74.84,38.79
74.85,38.79
74.87,38.79
74.88,38.79
74.90,38.79
74.91,38.79
74.93,38.79
74.94,38.79
74.95,38.79
74.97,38.79
74.98,38.78
75.00,38.78
75.01,38.78
75.03,38.78
75.04,38.78
75.06,38.78
75.07,38.78
75.09,38.78
75.10,38.78
75.12,38.78
75.13,38.78
75.15,38.78
75.16,38.78
75.18,38.78
75.19,38.78
75.21,38.78
75.22,38.78
75.23,38.78
75.25,38.78
75.26,38.78
75.28,38.78
75.29,38.78
75.31,38.78
75.32,38.78
75.34,38.78
75.35,38.78
75.37,38.79
75.38,38.79
75.40,38.79
75.41,38.79
75.43,38.79
75.44,38.80
75.46,38.80
75.47,38.80
75.48,38.80
75.50,38.80
75.51,38.80
75.53,38.81
75.54,38.81
75.56,38.81
75.57,38.81
75.59,38.81
75.60,38.82
75.62,38.82
75.63,38.82
75.65,38.82
75.66,38.82
75.68,38.82
75.69,38.83
75.71,38.83
75.72,38.83
75.73,38.83
75.75,38.83
75.76,38.84
75.78,38.84
75.79,38.84
75.81,38.84
75.82,38.84
75.84,38.84
75.85,38.85
75.87,38.85
75.88,38.85
75.90,38.85
75.91,38.85
75.93,38.86
75.94,38.86
75.96,38.86
75.97,38.86
75.98,38.86
76.00,38.87
76.01,38.87
76.03,38.87
76.04,38.87
76.06,38.87
76.07,38.87
76.09,38.88
76.10,38.88
76.12,38.88
76.13,38.88
76.15,38.88
76.16,38.89
76.18,38.89
76.19,38.89
76.21,38.89
76.22,38.89
76.23,38.89
76.25,38.90
76.26,38.90
76.28,38.90
76.29,38.90
76.31,38.90
76.32,38.91
76.34,38.91
76.35,38.91
76.37,38.91
76.38,38.91
76.40,38.91
76.41,38.92
76.43,38.92
76.44,38.92
76.46,38.92
76.47,38.92
76.48,38.93
76.50,38.93
76.51,38.93
76.53,38.93
76.54,38.93
76.56,38.93
76.57,38.93
76.59,38.93
76.60,38.93
76.62,38.93
76.63,38.93
76.65,38.93
76.66,38.93
76.68,38.93
76.69,38.93
76.71,38.93
76.72,38.93
76.74,38.93
76.75,38.93
76.76,38.93
76.78,38.93
76.79,38.93
76.81,38.93
76.82,38.92
76.84,38.92
76.85,38.92
76.87,38.92
76.88,38.92
76.90,38.92
76.91,38.92
76.93,38.92
76.94,38.92
76.96,38.92
76.97,38.92
76.99,38.92
77.00,38.92
77.01,38.92
77.03,38.92
77.04,38.92
77.06,38.92
77.07,38.92
77.09,38.92
77.10,38.92
77.12,38.92
77.13,38.92
77.15,38.92
77.16,38.92
77.18,38.92
77.19,38.91
77.21,38.91
77.22,38.91
77.24,38.91
77.25,38.91
77.26,38.91
77.28,38.91
77.29,38.91
77.31,38.91
77.32,38.91
77.34,38.91
77.35,38.91
77.37,38.91
77.38,38.91
77.40,38.91
77.41,38.91
77.43,38.91
77.44,38.91
77.46,38.91
77.47,38.91
77.49,38.91
77.50,38.91
77.51,38.91
77.53,38.91
77.54,38.91
77.56,38.90
77.57,38.90
77.59,38.90
77.60,38.90
77.62,38.90
77.63,38.90
77.65,38.90
77.66,38.90
77.68,38.90
77.69,38.90
77.71,38.90
77.72,38.90
77.74,38.90
77.75,38.90
77.76,38.90
77.78,38.90
77.79,38.90
77.81,38.90
77.82,38.90
77.84,38.90
77.85,38.90
77.87,38.90
77.88,38.90
77.90,38.90
77.91,38.90
77.93,38.89
77.94,38.89
77.96,38.89
77.97,38.89
77.99,38.89
78.00,38.89
78.01,38.89
78.03,38.89
78.04,38.89
78.06,38.89
78.07,38.89
78.09,38.89
78.10,38.89
78.12,38.89
78.13,38.89
78.15,38.89
78.16,38.89
78.18,38.89
78.19,38.89
78.21,38.89
78.22,38.89
78.24,38.89
78.25,38.89
78.27,38.89
78.28,38.89
78.29,38.88
78.31,38.88
78.32,38.88
78.34,38.88
78.35,38.88
78.37,38.88
78.38,38.88
78.40,38.88
78.41,38.88
78.43,38.88
78.44,38.88
78.46,38.88
78.47,38.88
78.49,38.88
78.50,38.88
78.52,38.88
78.53,38.88
78.54,38.88
78.56,38.88
78.57,38.88
78.59,38.88
78.60,38.88
78.62,38.88
78.63,38.88
78.65,38.88
78.66,38.87
78.68,38.87
78.69,38.87
78.71,38.87
78.72,38.87
78.74,38.87
78.75,38.87
78.77,38.87
78.78,38.87
78.79,38.87
78.81,38.87
78.82,38.87
78.84,38.87
78.85,38.87
78.87,38.87
78.88,38.87
78.90,38.88
78.91,38.88
78.93,38.88
78.94,38.88
78.96,38.88
78.97,38.88
78.99,38.88
79.00,38.88
79.02,38.88
79.03,38.88
79.04,38.88
79.06,38.88
79.07,38.88
79.09,38.88
79.10,38.88
79.12,38.88
79.13,38.88
79.15,38.88
79.16,38.88
79.18,38.88
79.19,38.88
79.21,38.88
79.22,38.88
79.24,38.88
79.25,38.88
79.27,38.88
79.28,38.88
79.29,38.89
79.31,38.89
79.32,38.89
79.34,38.89
79.35,38.89
79.37,38.90
79.38,38.90
79.40,38.90
79.41,38.90
79.43,38.90
79.44,38.90
79.46,38.91
79.47,38.91
79.49,38.91
79.50,38.91
79.52,38.91
79.53,38.91
79.54,38.91
79.56,38.91
79.57,38.91
79.59,38.91
79.60,38.91
79.62,38.91
79.63,38.91
79.65,38.91
79.66,38.91
79.68,38.91
79.69,38.91
79.71,38.91
79.72,38.91
79.74,38.91
79.75,38.91
79.77,38.92
79.78,38.91
79.80,38.92
79.81,38.91
79.82,38.91
79.84,38.91
79.85,38.91
79.87,38.91
79.88,38.91
79.90,38.91
79.91,38.91
79.93,38.91
79.94,38.91
79.96,38.91
79.97,38.91
79.99,38.91
80.00,38.91
80.02,38.91
80.03,38.91
80.05,38.91
80.06,38.91
80.07,38.91
80.09,38.91
80.10,38.91
80.12,38.92
80.13,38.92
80.15,38.92
80.16,38.92
80.18,38.92
80.19,38.92
80.21,38.93
80.22,38.93
80.24,38.93
80.25,38.93
80.27,38.93
80.28,38.94
80.30,38.94
80.31,38.94
80.32,38.94
80.34,38.94
80.35,38.94
80.37,38.95
80.38,38.95
80.40,38.95
80.41,38.95
80.43,38.95
80.44,38.96
80.46,38.96
80.47,38.96
80.49,38.96
80.50,38.96
80.52,38.96
80.53,38.97
80.55,38.97
80.56,38.97
80.57,38.97
80.59,38.97
80.60,38.98
80.62,38.98
80.63,38.98
80.65,38.98
80.66,38.98
80.68,38.98
80.69,38.99
80.71,38.99
80.72,38.99
80.74,38.99
80.75,38.99
80.77,39.00
80.78,39.00
80.80,39.00
80.81,39.00
80.82,39.00
80.84,39.00
80.85,39.00
80.87,39.00
80.88,39.00
80.90,39.00
80.91,39.00
80.93,39.00
80.94,39.00
80.96,39.00
80.97,39.00
80.99,39.00
81.00,39.00
81.02,39.00
81.03,39.00
81.05,39.00
81.06,39.00
81.07,39.00
81.09,39.00
81.10,39.00
81.12,39.00
81.13,39.00
81.15,39.00
81.16,39.00
81.18,39.00
81.19,39.00
81.21,39.00
81.22,39.00
81.24,39.00
81.25,39.00
81.27,39.00
81.28,39.00
81.30,39.01
81.31,39.01
81.33,39.01
81.34,39.01
81.35,39.01
81.37,39.01
81.38,39.01
81.40,39.01
81.41,39.01
81.43,39.01
81.44,39.01
81.46,39.01
81.47,39.01
81.49,39.01
81.50,39.01
81.52,39.01
81.53,39.01
81.55,39.01
81.56,39.01
81.58,39.01
81.59,39.01
81.60,39.00
81.62,39.00
81.63,39.00
81.65,39.00
81.66,39.00
81.68,39.00
81.69,39.00
81.71,39.00
81.72,39.00
81.74,39.00
81.75,39.00
81.77,39.00
81.78,39.00
81.80,39.00
81.81,39.00
81.83,39.00
81.84,39.00
81.85,39.00
81.87,39.00
81.88,39.00
81.90,39.00
81.91,39.00
81.93,39.00
81.94,39.00
81.96,38.99
81.97,38.99
81.99,38.99
82.00,38.99
82.02,38.99
82.03,38.99
82.05,38.99
82.06,38.99
82.08,38.99
82.09,38.99
82.10,38.99
82.12,38.99
82.13,38.99
82.15,38.99
82.16,38.99
82.18,38.99
82.19,38.99
82.21,38.99
82.22,38.99
82.24,38.99
82.25,38.99
82.27,38.99
82.28,39.00
82.30,39.00
82.31,39.00
82.33,39.00
82.34,39.00
82.35,39.00
82.37,39.01
82.38,39.01
82.40,39.01
82.41,39.01
82.43,39.01
82.44,39.01
82.46,39.02
82.47,39.02
82.49,39.02
82.50,39.02
82.52,39.02
82.53,39.03
82.55,39.03
82.56,39.03
82.58,39.03
82.59,39.03
82.60,39.03
82.62,39.04
82.63,39.04
82.65,39.04
82.66,39.04
82.68,39.04
82.69,39.05
82.71,39.05
82.72,39.05
82.74,39.05
82.75,39.05
82.77,39.05
82.78,39.06
82.80,39.06
82.81,39.06
82.83,39.06
82.84,39.06
82.85,39.07
82.87,39.06
82.88,39.06
82.90,39.06
82.91,39.06
82.93,39.06
82.94,39.06
82.96,39.06
82.97,39.06
82.99,39.06
83.00,39.06
83.02,39.06
83.03,39.06
83.05,39.06
83.06,39.06
83.08,39.06
83.09,39.06
83.11,39.06
83.12,39.06
83.13,39.06
83.15,39.06
83.16,39.06
83.18,39.06
83.19,39.06
83.21,39.06
83.22,39.05
83.24,39.05
83.25,39.05
83.27,39.05
83.28,39.05
83.30,39.05
83.31,39.05
83.33,39.05
83.34,39.05
83.36,39.05
83.37,39.05
83.38,39.05
83.40,39.05
83.41,39.05
83.43,39.05
83.44,39.05
83.46,39.05
83.47,39.05
83.49,39.05
83.50,39.05
83.52,39.05
83.53,39.05
83.55,39.05
83.56,39.05
83.58,39.04
83.59,39.04
83.61,39.04
83.62,39.04
83.63,39.04
83.65,39.04
83.66,39.04
83.68,39.04
83.69,39.04
83.71,39.04
83.72,39.04
83.74,39.04
83.75,39.04
83.77,39.04
83.78,39.04
83.80,39.04
83.81,39.04
83.83,39.04
83.84,39.04
83.86,39.04
83.87,39.04
83.88,39.04
83.90,39.04
83.91,39.04
83.93,39.04
83.94,39.04
83.96,39.04
83.97,39.04
83.99,39.04
84.00,39.04
84.02,39.04
84.03,39.04
84.05,39.04
84.06,39.05
84.08,39.05
84.09,39.05
84.11,39.05
84.12,39.05
84.13,39.05
84.15,39.05
84.16,39.05
84.18,39.05
84.19,39.05
84.21,39.05
84.22,39.05
84.24,39.05
84.25,39.05
84.27,39.05
84.28,39.05
84.30,39.05
84.31,39.05
84.33,39.05
84.34,39.05
84.36,39.05
84.37,39.05
84.38,39.05
84.40,39.05
84.41,39.05
84.43,39.06
84.44,39.06
84.46,39.06
84.47,39.06
84.49,39.06
84.50,39.06
84.52,39.07
84.53,39.07
84.55,39.07
84.56,39.07
84.58,39.07
84.59,39.08
84.61,39.08
84.62,39.08
84.64,39.08
84.65,39.08
84.66,39.08
84.68,39.09
84.69,39.09
84.71,39.09
84.72,39.09
84.74,39.09
84.75,39.10
84.77,39.10
84.78,39.10
84.80,39.10
84.81,39.10
84.83,39.10
84.84,39.11
84.86,39.11
84.87,39.11
84.89,39.11
84.90,39.11
84.91,39.11
84.93,39.12
84.94,39.12
84.96,39.12
84.97,39.12
84.99,39.12
85.00,39.12
85.02,39.12
85.03,39.12
85.05,39.12
85.06,39.12
85.08,39.12
85.09,39.12
85.11,39.12
85.12,39.12
85.14,39.12
85.15,39.12
85.16,39.12
85.18,39.12
85.19,39.12
85.21,39.12
85.22,39.12
85.24,39.12
85.25,39.12
85.27,39.12
85.28,39.12
85.30,39.12
85.31,39.12
85.33,39.12
85.34,39.12
85.36,39.12
85.37,39.12
85.39,39.12
85.40,39.13
85.41,39.13
85.43,39.13
85.44,39.13
85.46,39.13
85.47,39.14
85.49,39.14
85.50,39.14
85.52,39.14
85.53,39.14
85.55,39.14
85.56,39.15
85.58,39.15
85.59,39.15
85.61,39.15
85.62,39.15
85.64,39.16
85.65,39.16
85.66,39.16
85.68,39.16
85.69,39.16
85.71,39.16
85.72,39.17
85.74,39.17
85.75,39.17
85.77,39.17
85.78,39.17
85.80,39.17
85.81,39.18
85.83,39.18
85.84,39.18
85.86,39.18
85.87,39.18
85.89,39.19
85.90,39.19
85.91,39.19
85.93,39.19
85.94,39.19
85.96,39.19
85.97,39.20
85.99,39.20
86.00,39.20
86.02,39.20
86.03,39.20
86.05,39.20
86.06,39.21
86.08,39.21
86.09,39.21
86.11,39.21
86.12,39.21
86.14,39.22
86.15,39.22
86.17,39.22
86.18,39.22
86.19,39.22
86.21,39.22
86.22,39.23
86.24,39.23
86.25,39.23
86.27,39.23
86.28,39.23
86.30,39.23
86.31,39.24
86.33,39.24
86.34,39.24
86.36,39.24
86.37,39.24
86.39,39.25
86.40,39.25
86.42,39.25
86.43,39.25
86.44,39.25
86.46,39.25
86.47,39.26
86.49,39.26
86.50,39.26
86.52,39.26
86.53,39.26
86.55,39.26
86.56,39.27
86.58,39.27
86.59,39.27
86.61,39.27
86.62,39.27
86.64,39.27
86.65,39.28
86.67,39.28
86.68,39.28
86.69,39.28
86.71,39.28
86.72,39.28
86.74,39.28
86.75,39.28
86.77,39.28
86.78,39.28
86.80,39.28
86.81,39.28
86.83,39.28
86.84,39.28
86.86,39.28
86.87,39.28
86.89,39.28
86.90,39.28
86.92,39.28
86.93,39.27
86.94,39.27
86.96,39.27
86.97,39.27
86.99,39.27
87.00,39.27
87.02,39.27
87.03,39.27
87.05,39.27
87.06,39.27
87.08,39.27
87.09,39.27
87.11,39.27
87.12,39.27
87.14,39.27
87.15,39.27
87.17,39.27
87.18,39.27
87.19,39.27
87.21,39.27
87.22,39.27
87.24,39.27
87.25,39.27
87.27,39.27
87.28,39.27
87.30,39.27
87.31,39.27
87.33,39.27
87.34,39.27
87.36,39.27
87.37,39.27
87.39,39.27
87.40,39.27
87.42,39.27
87.43,39.27
87.44,39.27
87.46,39.27
87.47,39.27
87.49,39.27
87.50,39.27
87.52,39.28
87.53,39.28
87.55,39.28
87.56,39.28
87.58,39.28
87.59,39.28
87.61,39.28
87.62,39.28
87.64,39.28
87.65,39.28
87.67,39.28
87.68,39.28
87.70,39.28
87.71,39.28
87.72,39.28
87.74,39.28
87.75,39.28
87.77,39.28
87.78,39.28
87.80,39.28
87.81,39.28
87.83,39.28
87.84,39.28
87.86,39.28
87.87,39.28
87.89,39.28
87.90,39.28
87.92,39.28
87.93,39.28
87.95,39.28
87.96,39.28
87.97,39.28
87.99,39.28
88.00,39.28
88.02,39.28
88.03,39.29
88.05,39.29
88.06,39.29
88.08,39.29
88.09,39.29
88.11,39.29
88.12,39.30
88.14,39.30
88.15,39.30
88.17,39.30
88.18,39.30
88.20,39.30
88.21,39.31
88.22,39.31
88.24,39.31
88.25,39.31
88.27,39.31
88.28,39.31
88.30,39.31
88.31,39.31
88.33,39.31
88.34,39.31
88.36,39.32
88.37,39.32
88.39,39.32
88.40,39.32
88.42,39.32
88.43,39.32
88.45,39.32
88.46,39.32
88.47,39.32
88.49,39.32
88.50,39.32
88.52,39.32
88.53,39.32
88.55,39.32
88.56,39.32
88.58,39.32
88.59,39.32
88.61,39.32
88.62,39.32
88.64,39.32
88.65,39.32
88.67,39.32
88.68,39.32
88.70,39.32
88.71,39.32
88.72,39.32
88.74,39.31
88.75,39.31
88.77,39.31
88.78,39.31
88.80,39.31
88.81,39.31
88.83,39.31
88.84,39.31
88.86,39.31
88.87,39.31
88.89,39.31
88.90,39.31
88.92,39.31
88.93,39.31
88.95,39.31
88.96,39.31
88.97,39.31
88.99,39.31
89.00,39.31
89.02,39.31
89.03,39.31
89.05,39.31
89.06,39.31
89.08,39.31
89.09,39.31
89.11,39.32
89.12,39.32
89.14,39.32
89.15,39.32
89.17,39.32
89.18,39.32
89.20,39.33
89.21,39.33
89.23,39.33
89.24,39.33
89.25,39.33
89.27,39.33
89.28,39.34
89.30,39.34
89.31,39.34
89.33,39.34
89.34,39.34
89.36,39.34
89.37,39.35
89.39,39.35
89.40,39.35
89.42,39.35
89.43,39.35
89.45,39.36
89.46,39.36
89.48,39.36
89.49,39.36
89.50,39.36
89.52,39.36
89.53,39.37
89.55,39.37
89.56,39.37
89.58,39.37
89.59,39.37
89.61,39.37
89.62,39.38
89.64,39.38
89.65,39.38
89.67,39.38
89.68,39.38
89.70,39.38
89.71,39.39
89.73,39.39
89.74,39.39
89.75,39.39
89.77,39.39
89.78,39.40
89.80,39.40
89.81,39.40
89.83,39.40
89.84,39.40
89.86,39.40
89.87,39.41
89.89,39.41
89.90,39.41
89.92,39.41
89.93,39.41
89.95,39.41
89.96,39.42
89.98,39.42
89.99,39.42
90.00,39.42
90.02,39.42
90.03,39.42
90.05,39.43
90.06,39.43
90.08,39.43
90.09,39.43
90.11,39.43
90.12,39.43
90.14,39.44
90.15,39.44
90.17,39.44
90.18,39.44
90.20,39.44
90.21,39.45
90.23,39.45
90.24,39.45
90.25,39.45
90.27,39.45
90.28,39.45
90.30,39.46
90.31,39.46
90.33,39.46
90.34,39.46
90.36,39.46
90.37,39.46
90.39,39.47
90.40,39.47
90.42,39.47
90.43,39.46
90.45,39.46
90.46,39.46
90.48,39.46
90.49,39.46
90.50,39.46
90.52,39.46
90.53,39.46
90.55,39.46
90.56,39.46
90.58,39.46
90.59,39.46
90.61,39.46
90.62,39.46
90.64,39.46
90.65,39.46
90.67,39.46
90.68,39.46
90.70,39.46
90.71,39.46
90.73,39.46
90.74,39.45
90.76,39.45
90.77,39.45
90.78,39.45
90.80,39.45
90.81,39.45
90.83,39.45
90.84,39.45
90.86,39.45
90.87,39.45
90.89,39.45
90.90,39.45
90.92,39.45
90.93,39.45
90.95,39.45
90.96,39.45
90.98,39.45
90.99,39.45
91.01,39.45
91.02,39.45
91.03,39.45
91.05,39.45
91.06,39.44
91.08,39.44
91.09,39.44
91.11,39.44
91.12,39.44
91.14,39.44
91.15,39.44
91.17,39.44
91.18,39.44
91.20,39.44
91.21,39.44
91.23,39.44
91.24,39.44
91.26,39.44
91.27,39.44
91.28,39.44
91.30,39.44
91.31,39.44
91.33,39.44
91.34,39.44
91.36,39.44
91.37,39.44
91.39,39.43
91.40,39.43
91.42,39.43
91.43,39.43
91.45,39.43
91.46,39.43
91.48,39.43
91.49,39.43
91.51,39.43
91.52,39.43
91.53,39.43
91.55,39.43
91.56,39.43
91.58,39.43
91.59,39.43
91.61,39.43
91.62,39.43
91.64,39.43
91.65,39.43
91.67,39.43
91.68,39.43
91.70,39.43
91.71,39.43
91.73,39.43
91.74,39.43
91.76,39.43
91.77,39.43
91.78,39.43
91.80,39.43
91.81,39.43
91.83,39.43
91.84,39.43
91.86,39.43
91.87,39.43
91.89,39.43
91.90,39.43
91.92,39.43
91.93,39.43
91.95,39.43
91.96,39.43
91.98,39.43
91.99,39.43
92.01,39.43
92.02,39.44
92.03,39.44
92.05,39.44
92.06,39.44
92.08,39.44
92.09,39.44
92.11,39.44
92.12,39.44
92.14,39.44
92.15,39.44
92.17,39.44
92.18,39.44
92.20,39.44
92.21,39.44
92.23,39.44
92.24,39.44
92.26,39.44
92.27,39.44
92.29,39.44
92.30,39.44
92.31,39.44
92.33,39.44
92.34,39.44
92.36,39.44
92.37,39.44
92.39,39.44
92.40,39.44
92.42,39.44
92.43,39.44
92.45,39.44
92.46,39.44
92.48,39.44
92.49,39.44
92.51,39.44
92.52,39.44
92.54,39.44
92.55,39.44
92.56,39.44
92.58,39.44
92.59,39.44
92.61,39.44
92.62,39.44
92.64,39.44
92.65,39.43
92.67,39.43
92.68,39.43
92.70,39.43
92.71,39.43
92.73,39.43
92.74,39.43
92.76,39.43
92.77,39.43
92.79,39.43
92.80,39.43
92.81,39.43
92.83,39.44
92.84,39.44
92.86,39.44
92.87,39.44
92.89,39.44
92.90,39.45
92.92,39.45
92.93,39.45
92.95,39.45
92.96,39.45
92.98,39.45
92.99,39.46
93.01,39.46
93.02,39.46
93.04,39.46
93.05,39.46
93.06,39.46
93.08,39.47
93.09,39.47
93.11,39.47
93.12,39.47
93.14,39.47
93.15,39.47
93.17,39.48
93.18,39.48
93.20,39.48
93.21,39.48
93.23,39.48
93.24,39.48
93.26,39.49
93.27,39.49
93.29,39.49
93.30,39.49
93.31,39.49
93.33,39.50
93.34,39.50
93.36,39.50
93.37,39.50
93.39,39.50
93.40,39.50
93.42,39.51
93.43,39.51
93.45,39.51
93.46,39.51
93.48,39.51
93.49,39.51
93.51,39.52
93.52,39.52
93.54,39.52
93.55,39.52
93.56,39.52
93.58,39.52
93.59,39.53
93.61,39.53
93.62,39.53
93.64,39.53
93.65,39.53
93.67,39.53
93.68,39.53
93.70,39.53
93.71,39.53
93.73,39.53
93.74,39.53
93.76,39.53
93.77,39.53
93.79,39.53
93.80,39.53
93.82,39.53
93.83,39.53
93.84,39.53
93.86,39.53
93.87,39.53
93.89,39.53
93.90,39.53
93.92,39.53
93.93,39.53
93.95,39.53
93.96,39.53
93.98,39.53
93.99,39.53
94.01,39.53
94.02,39.53
94.04,39.53
94.05,39.53
94.07,39.53
94.08,39.53
94.09,39.53
94.11,39.54
94.12,39.54
94.14,39.54
94.15,39.54
94.17,39.54
94.18,39.54
94.20,39.54
94.21,39.54
94.23,39.54
94.24,39.54
94.26,39.54
94.27,39.54
94.29,39.54
94.30,39.54
94.32,39.54
94.33,39.54
94.34,39.54
94.36,39.54
94.37,39.54
94.39,39.54
94.40,39.54
94.42,39.54
94.43,39.53
94.45,39.53
94.46,39.53
94.48,39.53
94.49,39.53
94.51,39.53
94.52,39.53
94.54,39.53
94.55,39.53
94.57,39.53
94.58,39.53
94.59,39.53
94.61,39.53
94.62,39.53
94.64,39.53
94.65,39.53
94.67,39.53
94.68,39.53
94.70,39.53
94.71,39.53
94.73,39.53
94.74,39.53
94.76,39.53
94.77,39.53
94.79,39.53
94.80,39.53
94.82,39.53
94.83,39.53
94.84,39.53
94.86,39.54
94.87,39.54
94.89,39.54
94.90,39.54
94.92,39.54
94.93,39.54
94.95,39.54
94.96,39.54
94.98,39.54
94.99,39.54
95.01,39.54
95.02,39.54
95.04,39.54
95.05,39.54
95.07,39.54
95.08,39.54
95.09,39.54
95.11,39.54
95.12,39.54
95.14,39.54
95.15,39.54
95.17,39.54
95.18,39.54
95.20,39.54
95.21,39.54
95.23,39.54
95.24,39.54
95.26,39.54
95.27,39.54
95.29,39.55
95.30,39.55
95.32,39.55
95.33,39.55
95.35,39.55
95.36,39.55
95.37,39.56
95.39,39.56
95.40,39.56
95.42,39.56
95.43,39.56
95.45,39.57
95.46,39.57
95.48,39.57
95.49,39.57
95.51,39.57
95.52,39.57
95.54,39.58
95.55,39.58
95.57,39.58
95.58,39.58
95.60,39.58
95.61,39.58
95.62,39.59
95.64,39.59
95.65,39.59
95.67,39.59
95.68,39.59
95.70,39.59
95.71,39.60
95.73,39.60
95.74,39.60
95.76,39.60
95.77,39.60
95.79,39.60
95.80,39.61
95.82,39.61
95.83,39.61
95.85,39.61
95.86,39.61
95.87,39.61
95.89,39.62
95.90,39.62
95.92,39.62
95.93,39.62
95.95,39.62
95.96,39.62
95.98,39.63
95.99,39.63
96.01,39.63
96.02,39.63
96.04,39.63
96.05,39.63
96.07,39.64
96.08,39.64
96.10,39.64
96.11,39.64
96.12,39.64
96.14,39.65
96.15,39.65
96.17,39.65
96.18,39.65
96.20,39.65
96.21,39.65
96.23,39.66
96.24,39.66
96.26,39.66
96.27,39.66
96.29,39.66
96.30,39.66
96.32,39.67
96.33,39.67
96.35,39.67
96.36,39.67
96.37,39.67
96.39,39.67
96.40,39.68
96.42,39.68
96.43,39.68
96.45,39.68
96.46,39.68
96.48,39.68
96.49,39.69
96.51,39.69
96.52,39.69
96.54,39.69
96.55,39.69
96.57,39.69
96.58,39.69
96.60,39.69
96.61,39.69
96.62,39.69
96.64,39.69
96.65,39.69
96.67,39.69
96.68,39.69
96.70,39.69
96.71,39.70
96.73,39.70
96.74,39.70
96.76,39.70
96.77,39.70
96.79,39.70
96.80,39.70
96.82,39.70
96.83,39.70
96.85,39.70
96.86,39.70
96.88,39.70
96.89,39.70
96.90,39.70
96.92,39.70
96.93,39.70
96.95,39.70
96.96,39.70
96.98,39.70
96.99,39.70
97.01,39.70
97.02,39.70
97.04,39.70
97.05,39.70
97.07,39.70
97.08,39.70
97.10,39.70
97.11,39.70
97.13,39.70
97.14,39.70
97.15,39.70
97.17,39.70
97.18,39.70
97.20,39.70
97.21,39.70
97.23,39.70
97.24,39.70
97.26,39.70
97.27,39.70
97.29,39.69
97.30,39.69
97.32,39.69
97.33,39.69
97.35,39.69
97.36,39.69
97.38,39.69
97.39,39.69
97.40,39.69
97.42,39.69
97.43,39.69
97.45,39.69
97.46,39.69
97.48,39.69
97.49,39.69
97.51,39.69
97.52,39.69
97.54,39.69
97.55,39.69
97.57,39.69
97.58,39.69
97.60,39.69
97.61,39.69
97.63,39.69
97.64,39.69
97.65,39.70
97.67,39.70
97.68,39.70
97.70,39.70
97.71,39.70
97.73,39.70
97.74,39.71
97.76,39.71
97.77,39.71
97.79,39.71
97.80,39.71
97.82,39.71
97.83,39.72
97.85,39.72
97.86,39.72
97.88,39.72
97.89,39.72
97.90,39.72
97.92,39.73
97.93,39.73
97.95,39.73
97.96,39.73
97.98,39.73
97.99,39.73
98.01,39.74
98.02,39.74
98.04,39.74
98.05,39.74
98.07,39.74
98.08,39.74
98.10,39.75
98.11,39.75
98.13,39.75
98.14,39.75
98.15,39.75
98.17,39.75
98.18,39.76
98.20,39.76
98.21,39.76
98.23,39.76
98.24,39.76
98.26,39.77
98.27,39.77
98.29,39.77
98.30,39.77
98.32,39.77
98.33,39.77
98.35,39.78
98.36,39.78
98.38,39.78
98.39,39.78
98.41,39.78
98.42,39.78
98.43,39.79
98.45,39.79
98.46,39.79
98.48,39.79
98.49,39.79
98.51,39.79
98.52,39.80
98.54,39.80
98.55,39.80
98.57,39.80
98.58,39.80
98.60,39.80
98.61,39.80
98.63,39.80
98.64,39.80
98.66,39.80
98.67,39.80
98.68,39.80
98.70,39.80
98.71,39.80
98.73,39.80
98.74,39.80
98.76,39.80
98.77,39.80
98.79,39.80
98.80,39.80
98.82,39.80
98.83,39.80
98.85,39.80
98.86,39.80
98.88,39.80
98.89,39.80
98.91,39.80
98.92,39.80
98.93,39.80
98.95,39.80
98.96,39.80
98.98,39.80
98.99,39.80
99.01,39.80
99.02,39.80
99.04,39.80
99.05,39.81
99.07,39.81
99.08,39.81
99.10,39.81
99.11,39.81
99.13,39.81
99.14,39.81
99.16,39.81
99.17,39.81
99.18,39.81
99.20,39.81
99.21,39.81
99.23,39.81
99.24,39.81
99.26,39.81
99.27,39.81
99.29,39.81
99.30,39.80
99.32,39.80
99.33,39.80
99.35,39.80
99.36,39.80
99.38,39.80
99.39,39.80
99.41,39.80
99.42,39.80
99.43,39.80
99.45,39.80
99.46,39.80
99.48,39.80
99.49,39.80
99.51,39.80
99.52,39.80
99.54,39.81
99.55,39.81
99.57,39.81
99.58,39.81
99.60,39.81
99.61,39.81
99.63,39.82
99.64,39.82
99.66,39.82
99.67,39.82
99.68,39.82
99.70,39.82
99.71,39.83
99.73,39.83
99.74,39.83
99.76,39.83
99.77,39.83
99.79,39.83
99.80,39.84
99.82,39.84
99.83,39.84
99.85,39.84
99.86,39.84
99.88,39.84
99.89,39.85
99.91,39.85
99.92,39.85
99.94,39.85
99.95,39.85
99.96,39.85
99.98,39.86
99.99,39.86
100.01,39.86
100.02,39.86
100.04,39.86
100.05,39.86
100.07,39.86
100.08,39.86
100.10,39.87
100.11,39.87
100.13,39.87
100.14,39.87
100.16,39.87
100.17,39.87
100.19,39.87
100.20,39.87
100.21,39.87
100.23,39.87
100.24,39.87
100.26,39.88
100.27,39.88
100.29,39.88
100.30,39.88
100.32,39.88
100.33,39.88
100.35,39.88
100.36,39.88
100.38,39.88
100.39,39.88
100.41,39.88
100.42,39.88
100.44,39.89
100.45,39.89
100.46,39.89
100.48,39.89
100.49,39.89
100.51,39.89
100.52,39.89
100.54,39.89
100.55,39.89
100.57,39.89
100.58,39.89
100.60,39.89
100.61,39.90
100.63,39.90
100.64,39.90
100.66,39.90
100.67,39.90
100.69,39.90
100.70,39.90
100.71,39.90
100.73,39.90
100.74,39.90
100.76,39.90
100.77,39.90
100.79,39.91
100.80,39.91
100.82,39.91
100.83,39.91
100.85,39.91
100.86,39.91
100.88,39.91
100.89,39.91
100.91,39.91
100.92,39.91
100.94,39.91
100.95,39.91
100.96,39.91
100.98,39.91
100.99,39.90
101.01,39.90
101.02,39.90
101.04,39.90
101.05,39.90
101.07,39.90
101.08,39.90
101.10,39.90
101.11,39.90
101.13,39.90
101.14,39.90
101.16,39.90
101.17,39.90
101.19,39.90
101.20,39.90
101.21,39.90
101.23,39.90
101.24,39.90
101.26,39.90
101.27,39.89
101.29,39.89
101.30,39.89
101.32,39.89
101.33,39.89
101.35,39.89
101.36,39.89
101.38,39.89
101.39,39.89
101.41,39.89
101.42,39.89
101.44,39.89
101.45,39.89
101.47,39.89
101.48,39.89
101.49,39.89
101.51,39.89
101.52,39.89
101.54,39.89
101.55,39.89
101.57,39.88
101.58,39.88
101.60,39.88
101.61,39.88
101.63,39.88
101.64,39.88
101.66,39.88
101.67,39.88
101.69,39.88
101.70,39.88
101.72,39.88
101.73,39.88
101.74,39.88
101.76,39.88
101.77,39.88
101.79,39.88
101.80,39.88
101.82,39.88
101.83,39.88
101.85,39.88
101.86,39.87
101.88,39.87
101.89,39.87
101.91,39.87
101.92,39.87
101.94,39.87
101.95,39.87
101.97,39.87
101.98,39.87
101.99,39.87
102.01,39.87
102.02,39.87
102.04,39.87
102.05,39.87
102.07,39.87
102.08,39.87
102.10,39.87
102.11,39.87
102.13,39.87
102.14,39.87
102.16,39.86
102.17,39.86
102.19,39.86
102.20,39.86
102.22,39.86
102.23,39.86
102.24,39.86
102.26,39.86
102.27,39.86
102.29,39.86
102.30,39.86
102.32,39.86
102.33,39.86
102.35,39.86
102.36,39.86
102.38,39.86
102.39,39.86
102.41,39.86
102.42,39.86
102.44,39.86
102.45,39.86
102.47,39.85
102.48,39.85
102.49,39.85
102.51,39.85
102.52,39.85
102.54,39.85
102.55,39.85
102.57,39.85
102.58,39.85
102.60,39.85
102.61,39.85
102.63,39.85
102.64,39.85
102.66,39.85
102.67,39.85
102.69,39.85
102.70,39.85
102.72,39.85
102.73,39.85
102.74,39.85
102.76,39.85
102.77,39.85
102.79,39.85
102.80,39.85
102.82,39.85
102.83,39.85
102.85,39.85
102.86,39.85
102.88,39.85
102.89,39.85
102.91,39.85
102.92,39.86
102.94,39.86
102.95,39.86
102.97,39.86
102.98,39.86
102.99,39.86
103.01,39.86
103.02,39.86
103.04,39.86
103.05,39.86
103.07,39.86
103.08,39.86
103.10,39.86
103.11,39.86
103.13,39.86
103.14,39.86
103.16,39.86
103.17,39.86
103.19,39.86
103.20,39.86
103.22,39.86
103.23,39.86
103.25,39.86
103.26,39.86
103.27,39.86
103.29,39.86
103.30,39.86
103.32,39.86
103.33,39.86
103.35,39.86
103.36,39.86
103.38,39.86
103.39,39.86
103.41,39.86
103.42,39.86
103.44,39.86
103.45,39.86
103.47,39.86
103.48,39.86
103.50,39.86
103.51,39.86
103.52,39.86
103.54,39.86
103.55,39.87
103.57,39.87
103.58,39.87
103.60,39.87
103.61,39.87
103.63,39.87
103.64,39.87
103.66,39.87
103.67,39.87
103.69,39.87
103.70,39.87
103.72,39.87
103.73,39.87
103.75,39.87
103.76,39.87
103.77,39.87
103.79,39.87
103.80,39.87
103.82,39.87
103.83,39.87
103.85,39.87
103.86,39.87
103.88,39.87
103.89,39.87
103.91,39.87
103.92,39.87
103.94,39.87
103.95,39.88
103.97,39.88
103.98,39.88
104.00,39.88
104.01,39.88
104.02,39.88
104.04,39.89
104.05,39.89
104.07,39.89
104.08,39.89
104.10,39.89
104.11,39.89
104.13,39.90
104.14,39.90
104.16,39.90
104.17,39.90
104.19,39.90
104.20,39.90
104.22,39.91
104.23,39.91
104.25,39.91
104.26,39.91
104.27,39.91
104.29,39.91
104.30,39.92
104.32,39.92
104.33,39.92
104.35,39.92
104.36,39.92
104.38,39.92
104.39,39.93
104.41,39.93
104.42,39.93
104.44,39.93
104.45,39.93
104.47,39.93
104.48,39.94
104.50,39.94
104.51,39.94
104.52,39.94
104.54,39.94
104.55,39.94
104.57,39.95
104.58,39.95
104.60,39.95
104.61,39.95
104.63,39.95
104.64,39.95
104.66,39.96
104.67,39.96
104.69,39.96
104.70,39.96
104.72,39.96
104.73,39.96
104.75,39.97
104.76,39.97
104.78,39.97
104.79,39.97
104.80,39.97
104.82,39.97
104.83,39.98
104.85,39.98
104.86,39.98
104.88,39.98
104.89,39.98
104.91,39.98
104.92,39.99
104.94,39.99
104.95,39.99
104.97,39.99
104.98,39.99
105.00,39.99
105.01,40.00
105.03,40.00
105.04,40.00
105.05,40.00
105.07,40.00
105.08,40.00
105.10,40.01
105.11,40.01
105.13,40.01
105.14,40.01
105.16,40.01
105.17,40.01
105.19,40.02
105.20,40.02
105.22,40.02
105.23,40.02
105.25,40.02
105.26,40.02
105.28,40.03
105.29,40.03
105.30,40.03
105.32,40.03
105.33,40.03
105.35,40.03
105.36,40.04
105.38,40.04
105.39,40.04
105.41,40.04
105.42,40.04
105.44,40.04
105.45,40.04
105.47,40.04
105.48,40.04
105.50,40.04
105.51,40.04
105.53,40.04
105.54,40.04
105.55,40.04
105.57,40.04
105.58,40.04
105.60,40.04
105.61,40.04
105.63,40.04
105.64,40.04
105.66,40.04
105.67,40.04
105.69,40.04
105.70,40.04
105.72,40.04
105.73,40.04
105.75,40.04
105.76,40.04
105.78,40.03
105.79,40.03
105.80,40.03
105.82,40.03
105.83,40.03
105.85,40.03
105.86,40.03
105.88,40.03
105.89,40.03
105.91,40.03
105.92,40.03
105.94,40.03
105.95,40.03
105.97,40.03
105.98,40.03
106.00,40.03
106.01,40.03
106.03,40.03
106.04,40.03
106.05,40.03
106.07,40.02
106.08,40.02
106.10,40.02
106.11,40.02
106.13,40.02
106.14,40.02
106.16,40.02
106.17,40.02
106.19,40.02
106.20,40.02
106.22,40.02
106.23,40.02
106.25,40.02
106.26,40.02
106.28,40.02
106.29,40.02
106.31,40.02
106.32,40.02
106.33,40.02
106.35,40.01
106.36,40.01
106.38,40.01
106.39,40.01
106.41,40.01
106.42,40.01
106.44,40.01
106.45,40.01
106.47,40.01
106.48,40.01
106.50,40.01
106.51,40.02
106.53,40.02
106.54,40.02
106.56,40.02
106.57,40.02
106.58,40.02
106.60,40.02
106.61,40.02
106.63,40.02
106.64,40.02
106.66,40.02
106.67,40.02
106.69,40.02
106.70,40.02
106.72,40.02
106.73,40.02
106.75,40.02
106.76,40.02
106.78,40.02
106.79,40.02
106.81,40.02
106.82,40.02
106.83,40.02
106.85,40.02
106.86,40.02
106.88,40.02
106.89,40.02
106.91,40.02
106.92,40.02
106.94,40.02
106.95,40.02
106.97,40.02
106.98,40.02
107.00,40.02
107.01,40.02
107.03,40.02
107.04,40.02
107.06,40.02
107.07,40.02
107.08,40.02
107.10,40.02
107.11,40.02
107.13,40.02
107.14,40.03
107.16,40.03
107.17,40.03
107.19,40.03
107.20,40.03
107.22,40.03
107.23,40.04
107.25,40.04
107.26,40.04
107.28,40.04
107.29,40.04
107.31,40.04
107.32,40.05
107.33,40.05
107.35,40.05
107.36,40.05
107.38,40.05
107.39,40.05
107.41,40.06
107.42,40.06
107.44,40.06
107.45,40.06
107.47,40.06
107.48,40.06
107.50,40.06
107.51,40.07
107.53,40.07
107.54,40.07
107.56,40.07
107.57,40.07
107.58,40.07
107.60,40.08
107.61,40.08
107.63,40.08
107.64,40.08
107.66,40.08
107.67,40.08
107.69,40.09
107.70,40.09
107.72,40.09
107.73,40.09
107.75,40.09
107.76,40.09
107.78,40.09
107.79,40.09
107.81,40.09
107.82,40.09
107.84,40.09
107.85,40.09
107.86,40.09
107.88,40.09
107.89,40.09
107.91,40.09
107.92,40.09
107.94,40.09
107.95,40.09
107.97,40.09
107.98,40.09
108.00,40.09
108.01,40.09
108.03,40.09
108.04,40.09
108.06,40.09
108.07,40.09
108.09,40.09
108.10,40.09
108.11,40.09
108.13,40.09
108.14,40.09
108.16,40.09
108.17,40.09
108.19,40.09
108.20,40.09
108.22,40.10
108.23,40.09
108.25,40.09
108.26,40.09
108.28,40.09
108.29,40.09
108.31,40.09
108.32,40.09
108.34,40.09
108.35,40.09
108.36,40.09
108.38,40.09
108.39,40.09
108.41,40.09
108.42,40.09
108.44,40.09
108.45,40.09
108.47,40.09
108.48,40.09
108.50,40.09
108.51,40.08
108.53,40.08
108.54,40.08
108.56,40.08
108.57,40.08
108.59,40.08
108.60,40.08
108.61,40.08
108.63,40.08
108.64,40.08
108.66,40.08
108.67,40.08
108.69,40.09
108.70,40.09
108.72,40.09
108.73,40.09
108.75,40.09
108.76,40.09
108.78,40.10
108.79,40.10
108.81,40.10
108.82,40.10
108.84,40.10
108.85,40.10
108.86,40.11
108.88,40.11
108.89,40.11
108.91,40.11
108.92,40.11
108.94,40.11
108.95,40.11
108.97,40.11
108.98,40.11
109.00,40.11
109.01,40.11
109.03,40.11
109.04,40.11
109.06,40.11
109.07,40.11
109.09,40.11
109.10,40.11
109.11,40.11
109.13,40.11
109.14,40.11
109.16,40.11
109.17,40.11
109.19,40.11
109.20,40.11
109.22,40.11
109.23,40.11
109.25,40.11
109.26,40.11
109.28,40.12
109.29,40.12
109.31,40.12
109.32,40.12
109.34,40.12
109.35,40.11
109.37,40.11
109.38,40.11
109.39,40.11
109.41,40.11
109.42,40.11
109.44,40.11
109.45,40.11
109.47,40.11
109.48,40.11
109.50,40.11
109.51,40.11
109.53,40.11
109.54,40.11
109.56,40.11
109.57,40.11
109.59,40.11
109.60,40.11
109.62,40.11
109.63,40.10
109.64,40.11
109.66,40.11
109.67,40.11
109.69,40.11
109.70,40.11
109.72,40.11
109.73,40.12
109.75,40.12
109.76,40.12
109.78,40.12
109.79,40.12
109.81,40.12
109.82,40.13
109.84,40.13
109.85,40.13
109.87,40.13
109.88,40.13
109.89,40.13
109.91,40.14
109.92,40.14
109.94,40.14
109.95,40.14
109.97,40.14
109.98,40.14
110.00,40.15
110.01,40.15
110.03,40.15
110.04,40.15
110.06,40.15
110.07,40.15
110.09,40.16
110.10,40.16
110.12,40.16
110.13,40.16
110.14,40.16
110.16,40.16
110.17,40.16
110.19,40.16
110.20,40.16
110.22,40.16
110.23,40.16
110.25,40.16
110.26,40.16
110.28,40.16
110.29,40.16
110.31,40.16
110.32,40.16
110.34,40.16
110.35,40.17
110.37,40.17
110.38,40.17
110.39,40.17
110.41,40.17
110.42,40.17
110.44,40.17
110.45,40.17
110.47,40.17
110.48,40.17
110.50,40.17
110.51,40.17
110.53,40.17
110.54,40.17
110.56,40.17
110.57,40.17
110.59,40.17
110.60,40.16
110.62,40.16
110.63,40.16
110.64,40.16
110.66,40.16
110.67,40.16
110.69,40.16
110.70,40.16
110.72,40.16
110.73,40.16
110.75,40.16
110.76,40.16
110.78,40.16
110.79,40.16
110.81,40.16
110.82,40.16
110.84,40.16
110.85,40.16
110.87,40.16
110.88,40.15
110.90,40.15
110.91,40.16
110.92,40.16
110.94,40.16
110.95,40.16
110.97,40.16
110.98,40.16
111.00,40.17
111.01,40.17
111.03,40.17
111.04,40.17
111.06,40.17
111.07,40.17
111.09,40.18
111.10,40.18
111.12,40.18
111.13,40.18
111.15,40.18
111.16,40.18
111.17,40.19
111.19,40.19
111.20,40.19
111.22,40.19
111.23,40.19
111.25,40.19
111.26,40.20
111.28,40.20
111.29,40.20
111.31,40.20
111.32,40.20
111.34,40.20
111.35,40.21
111.37,40.21
111.38,40.21
111.40,40.21
111.41,40.21
111.42,40.21
111.44,40.22
111.45,40.22
111.47,40.22
111.48,40.22
111.50,40.22
111.51,40.22
111.53,40.22
111.54,40.22
111.56,40.23
111.57,40.23
111.59,40.23
111.60,40.23
111.62,40.23
111.63,40.23
111.65,40.23
111.66,40.23
111.67,40.23
111.69,40.23
111.70,40.23
111.72,40.23
111.73,40.24
111.75,40.24
111.76,40.24
111.78,40.24
111.79,40.24
111.81,40.24
111.82,40.24
111.84,40.24
111.85,40.24
111.87,40.24
111.88,40.24
111.90,40.24
111.91,40.25
111.92,40.25
111.94,40.25
111.95,40.25
111.97,40.25
111.98,40.25
112.00,40.25
112.01,40.25
112.03,40.25
112.04,40.25
112.06,40.25
112.07,40.25
112.09,40.26
112.10,40.26
112.12,40.26
112.13,40.26
112.15,40.26
112.16,40.26
112.17,40.26
112.19,40.26
112.20,40.26
112.22,40.26
112.23,40.26
112.25,40.26
112.26,40.26
112.28,40.26
112.29,40.26
112.31,40.26
112.32,40.26
112.34,40.26
112.35,40.26
112.37,40.26
112.38,40.26
112.40,40.26
112.41,40.26
112.43,40.26
112.44,40.26
112.45,40.26
112.47,40.26
112.48,40.25
112.50,40.25
112.51,40.25
112.53,40.25
112.54,40.25
112.56,40.25
112.57,40.25
112.59,40.25
112.60,40.25
112.62,40.25
112.63,40.25
112.65,40.25
112.66,40.25
112.68,40.25
112.69,40.25
112.70,40.25
112.72,40.25
112.73,40.25
112.75,40.25
112.76,40.24
112.78,40.24
112.79,40.24
112.81,40.24
112.82,40.24
112.84,40.24
112.85,40.24
112.87,40.24
112.88,40.24
112.90,40.24
112.91,40.24
112.93,40.24
112.94,40.24
112.95,40.24
112.97,40.24
112.98,40.24
113.00,40.24
113.01,40.24
113.03,40.23
113.04,40.23
113.06,40.23
113.07,40.23
113.09,40.23
113.10,40.23
113.12,40.23
113.13,40.23
113.15,40.23
113.16,40.23
113.18,40.23
113.19,40.23
113.20,40.23
113.22,40.23
113.23,40.23
113.25,40.23
113.26,40.23
113.28,40.23
113.29,40.23
113.31,40.22
113.32,40.22
113.34,40.22
113.35,40.22
113.37,40.22
113.38,40.22
113.40,40.22
113.41,40.22
113.43,40.22
113.44,40.22
113.45,40.22
113.47,40.22
113.48,40.22
113.50,40.22
113.51,40.22
113.53,40.22
113.54,40.22
113.56,40.22
113.57,40.21
113.59,40.21
113.60,40.21
113.62,40.21
113.63,40.21
113.65,40.21
113.66,40.21
113.68,40.21
113.69,40.21
113.70,40.21
113.72,40.21
113.73,40.21
113.75,40.21
113.76,40.21
113.78,40.21
113.79,40.21
113.81,40.21
113.82,40.21
113.84,40.21
113.85,40.20
113.87,40.20
113.88,40.20
113.90,40.20
113.91,40.20
113.93,40.20
113.94,40.20
113.96,40.20
113.97,40.20
113.98,40.20
114.00,40.20
114.01,40.20
114.03,40.20
114.04,40.20
114.06,40.20
114.07,40.20
114.09,40.20
114.10,40.20
114.12,40.20
114.13,40.19
114.15,40.19
114.16,40.19
114.18,40.19
114.19,40.19
114.21,40.19
114.22,40.19
114.23,40.19
114.25,40.19
114.26,40.19
114.28,40.19
114.29,40.19
114.31,40.19
114.32,40.19
114.34,40.19
114.35,40.19
114.37,40.19
114.38,40.19
114.40,40.19
114.41,40.18
114.43,40.18
114.44,40.18
114.46,40.18
114.47,40.18
114.48,40.18
114.50,40.18
114.51,40.18
114.53,40.18
114.54,40.18
114.56,40.18
114.57,40.18
114.59,40.18
114.60,40.18
114.62,40.18
114.63,40.18
114.65,40.18
114.66,40.18
114.68,40.18
114.69,40.17
114.71,40.17
114.72,40.17
114.73,40.17
114.75,40.17
114.76,40.17
114.78,40.17
114.79,40.17
114.81,40.17
114.82,40.17
114.84,40.17
114.85,40.17
114.87,40.17
114.88,40.17
114.90,40.17
114.91,40.17
114.93,40.17
114.94,40.17
114.96,40.17
114.97,40.16
114.98,40.16
115.00,40.16
115.01,40.16
115.03,40.16
115.04,40.16
115.06,40.16
115.07,40.16
115.09,40.16
115.10,40.16
115.12,40.16
115.13,40.16
115.15,40.16
115.16,40.16
115.18,40.16
115.19,40.16
115.21,40.16
115.22,40.16
115.23,40.15
115.25,40.15
115.26,40.15
115.28,40.15
115.29,40.15
115.31,40.15
115.32,40.15
115.34,40.15
115.35,40.15
115.37,40.15
115.38,40.15
115.40,40.15
115.41,40.15
115.43,40.15
115.44,40.15
115.46,40.15
115.47,40.15
115.49,40.15
115.50,40.15
115.51,40.14
115.53,40.14
115.54,40.14
115.56,40.14
115.57,40.14
115.59,40.14
115.60,40.14
115.62,40.14
115.63,40.14
115.65,40.14
115.66,40.14
115.68,40.14
115.69,40.14
115.71,40.14
115.72,40.14
115.74,40.14
115.75,40.14
115.76,40.14
115.78,40.14
115.79,40.13
115.81,40.13
115.82,40.13
115.84,40.13
115.85,40.13
115.87,40.13
115.88,40.13
115.90,40.13
115.91,40.13
115.93,40.13
115.94,40.13
115.96,40.13
115.97,40.13
115.99,40.13
116.00,40.13
116.01,40.13
116.03,40.13
116.04,40.13
116.06,40.13
116.07,40.12
116.09,40.12
116.10,40.12
116.12,40.12
116.13,40.12
116.15,40.12
116.16,40.12
116.18,40.12
116.19,40.12
116.21,40.12
116.22,40.12
116.24,40.12
116.25,40.12
116.26,40.12
116.28,40.12
116.29,40.12
116.31,40.12
116.32,40.12
116.34,40.12
116.35,40.11
116.37,40.11
116.38,40.11
116.40,40.11
116.41,40.11
116.43,40.11
116.44,40.11
116.46,40.11
116.47,40.11
116.49,40.11
116.50,40.11
116.51,40.11
116.53,40.11
116.54,40.11
116.56,40.11
116.57,40.11
116.59,40.11
116.60,40.11
116.62,40.11
116.63,40.11
116.65,40.10
116.66,40.10
116.68,40.10
116.69,40.10
116.71,40.10
116.72,40.10
116.74,40.10
116.75,40.10
116.76,40.10
116.78,40.10
116.79,40.10
116.81,40.10
116.82,40.10
116.84,40.10
116.85,40.10
116.87,40.10
116.88,40.10
116.90,40.10
116.91,40.10
116.93,40.09
116.94,40.09
116.96,40.09
116.97,40.09
116.99,40.09
117.00,40.09
117.02,40.09
117.03,40.09
117.04,40.09
117.06,40.09
117.07,40.09
117.09,40.09
117.10,40.09
117.12,40.09
117.13,40.09
117.15,40.09
117.16,40.09
117.18,40.09
117.19,40.09
117.21,40.08
117.22,40.08
117.24,40.08
117.25,40.08
117.27,40.08
117.28,40.08
117.29,40.08
117.31,40.08
117.32,40.08
117.34,40.08
117.35,40.08
117.37,40.08
117.38,40.08
117.40,40.08
117.41,40.08
117.43,40.08
117.44,40.08
117.46,40.08
117.47,40.08
117.49,40.07
117.50,40.07
117.52,40.07
117.53,40.07
117.54,40.07
117.56,40.07
117.57,40.07
117.59,40.07
117.60,40.07
117.62,40.07
117.63,40.07
117.65,40.07
117.66,40.07
117.68,40.07
117.69,40.07
117.71,40.07
117.72,40.07
117.74,40.07
117.75,40.07
117.77,40.07
117.78,40.07
117.79,40.07
117.81,40.07
117.82,40.07
117.84,40.07
117.85,40.07
117.87,40.07
117.88,40.07
117.90,40.07
117.91,40.07
117.93,40.07
117.94,40.07
117.96,40.07
117.97,40.07
117.99,40.06
118.00,40.06
118.02,40.06
118.03,40.06
118.04,40.06
118.06,40.06
118.07,40.06
118.09,40.06
118.10,40.06
118.12,40.06
118.13,40.06
118.15,40.06
118.16,40.06
118.18,40.06
118.19,40.06
118.21,40.06
118.22,40.06
118.24,40.06
118.25,40.06
118.27,40.06
118.28,40.06
118.29,40.06
118.31,40.06
118.32,40.06
118.34,40.06
118.35,40.06
118.37,40.07
118.38,40.07
118.40,40.07
118.41,40.07
118.43,40.07
118.44,40.07
118.46,40.07
118.47,40.07
118.49,40.07
118.50,40.07
118.52,40.07
118.53,40.07
118.55,40.07
118.56,40.07
118.57,40.07
118.59,40.07
118.60,40.07
118.62,40.07
118.63,40.07
118.65,40.07
118.66,40.07
118.68,40.07
118.69,40.07
118.71,40.07
118.72,40.07
118.74,40.07
118.75,40.07
118.77,40.07
118.78,40.07
118.80,40.07
118.81,40.07
118.82,40.07
118.84,40.07
118.85,40.07
118.87,40.07
118.88,40.07
118.90,40.07
118.91,40.07
118.93,40.07
118.94,40.07
118.96,40.07
118.97,40.07
118.99,40.07
119.00,40.07
119.02,40.07
119.03,40.07
119.05,40.07
119.06,40.07
119.07,40.08
119.09,40.08
119.10,40.08
119.12,40.08
119.13,40.08
119.15,40.08
119.16,40.08
119.18,40.08
119.19,40.08
119.21,40.08
119.22,40.08
119.24,40.08
119.25,40.08
119.27,40.08
119.28,40.08
119.30,40.08
119.31,40.08
119.32,40.07
119.34,40.07
119.35,40.07
119.37,40.07
119.38,40.07
119.40,40.07
119.41,40.07
119.43,40.07
119.44,40.07
119.46,40.07
119.47,40.07
119.49,40.07
119.50,40.07
119.52,40.07
119.53,40.07
119.55,40.07
119.56,40.07
119.57,40.07
119.59,40.07
119.60,40.07
119.62,40.06
119.63,40.06
119.65,40.06
119.66,40.06
119.68,40.06
119.69,40.06
119.71,40.06
119.72,40.06
119.74,40.07
119.75,40.07
119.77,40.07
119.78,40.07
119.80,40.07
119.81,40.07
119.82,40.07
119.84,40.08
119.85,40.08
119.87,40.08
119.88,40.08
119.90,40.08
119.91,40.08
119.93,40.09
119.94,40.09
119.96,40.09
119.97,40.09
119.99,40.09
120.00,40.09
120.02,40.10
120.03,40.10
120.05,40.10
120.06,40.10
120.08,40.10
120.09,40.10
120.10,40.11
120.12,40.11
120.13,40.11
120.15,40.11
120.16,40.11
120.18,40.11
120.19,40.12
120.21,40.12
120.22,40.12
120.24,40.12
120.25,40.12
120.27,40.12
120.28,40.13
120.30,40.13
120.31,40.13
120.33,40.13
120.34,40.13
120.35,40.13
120.37,40.14
120.38,40.14
120.40,40.14
120.41,40.14
120.43,40.14
120.44,40.14
120.46,40.15
120.47,40.15
120.49,40.15
120.50,40.15
120.52,40.15
120.53,40.15
120.55,40.16
120.56,40.16
120.58,40.16
120.59,40.16
120.60,40.16
120.62,40.16
120.63,40.17
120.65,40.17
120.66,40.17
120.68,40.17
120.69,40.17
120.71,40.17
120.72,40.18
120.74,40.18
120.75,40.18
120.77,40.18
120.78,40.18
120.80,40.18
120.81,40.19
120.83,40.19
120.84,40.19
120.85,40.19
120.87,40.19
120.88,40.19
120.90,40.19
120.91,40.20
120.93,40.20
120.94,40.20
120.96,40.20
120.97,40.20
120.99,40.20
121.00,40.21
121.02,40.21
121.03,40.21
121.05,40.21
121.06,40.21
121.08,40.21
121.09,40.22
121.10,40.22
121.12,40.22
121.13,40.22
121.15,40.22
121.16,40.22
121.18,40.23
121.19,40.23
121.21,40.23
121.22,40.23
121.24,40.23
121.25,40.23
121.27,40.23
121.28,40.23
121.30,40.23
121.31,40.23
121.33,40.23
121.34,40.23
121.35,40.23
121.37,40.23
121.38,40.23
121.40,40.23
121.41,40.23
121.43,40.23
121.44,40.23
121.46,40.23
121.47,40.23
121.49,40.23
121.50,40.23
121.52,40.22
121.53,40.22
121.55,40.22
121.56,40.22
121.58,40.22
121.59,40.22
121.61,40.22
121.62,40.22
121.63,40.22
121.65,40.22
121.66,40.22
121.68,40.22
121.69,40.22
121.71,40.22
121.72,40.22
121.74,40.22
121.75,40.22
121.77,40.22
121.78,40.21
121.80,40.21
121.81,40.21
121.83,40.21
121.84,40.21
121.86,40.21
121.87,40.21
121.88,40.21
121.90,40.21
121.91,40.21
121.93,40.21
121.94,40.21
121.96,40.21
121.97,40.21
121.99,40.21
122.00,40.21
122.02,40.21
122.03,40.21
122.05,40.21
122.06,40.20
122.08,40.20
122.09,40.20
122.11,40.20
122.12,40.20
122.13,40.20
122.15,40.20
122.16,40.20
122.18,40.20
122.19,40.20
122.21,40.20
122.22,40.20
122.24,40.20
122.25,40.20
122.27,40.20
122.28,40.20
122.30,40.20
122.31,40.20
122.33,40.20
122.34,40.19
122.36,40.19
122.37,40.19
122.38,40.19
122.40,40.19
122.41,40.19
122.43,40.19
122.44,40.19
122.46,40.19
122.47,40.19
122.49,40.19
122.50,40.19
122.52,40.19
122.53,40.19
122.55,40.19
122.56,40.19
122.58,40.19
122.59,40.19
122.61,40.19
122.62,40.18
122.63,40.18
122.65,40.18
122.66,40.18
122.68,40.18
122.69,40.18
122.71,40.18
122.72,40.18
122.74,40.18
122.75,40.18
122.77,40.18
122.78,40.18
122.80,40.18
122.81,40.18
122.83,40.18
122.84,40.18
122.86,40.18
122.87,40.18
122.88,40.17
122.90,40.17
122.91,40.17
122.93,40.17
122.94,40.17
122.96,40.17
122.97,40.17
122.99,40.17
123.00,40.17
123.02,40.17
123.03,40.17
123.05,40.17
123.06,40.17
123.08,40.17
123.09,40.17
123.11,40.17
123.12,40.17
123.13,40.17
123.15,40.17
123.16,40.16
123.18,40.16
123.19,40.16
123.21,40.16
123.22,40.16
123.24,40.16
123.25,40.16
123.27,40.16
123.28,40.16
123.30,40.16
123.31,40.16
123.33,40.16
123.34,40.16
123.36,40.16
123.37,40.16
123.39,40.16
123.40,40.16
123.41,40.16
123.43,40.16
123.44,40.15
123.46,40.15
123.47,40.15
123.49,40.15
123.50,40.15
123.52,40.15
123.53,40.15
123.55,40.15
123.56,40.15
123.58,40.15
123.59,40.15
123.61,40.15
123.62,40.15
123.64,40.15
123.65,40.15
123.66,40.15
123.68,40.15
123.69,40.15
123.71,40.15
123.72,40.14
123.74,40.14
123.75,40.14
123.77,40.14
123.78,40.14
123.80,40.14
123.81,40.14
123.83,40.14
123.84,40.14
123.86,40.14
123.87,40.14
123.89,40.14
123.90,40.14
123.91,40.14
123.93,40.14
123.94,40.14
123.96,40.14
123.97,40.14
123.99,40.14
124.00,40.13
124.02,40.13
124.03,40.13
124.05,40.13
124.06,40.13
124.08,40.13
124.09,40.13
124.11,40.13
124.12,40.13
124.14,40.13
124.15,40.13
124.16,40.13
124.18,40.13
124.19,40.13
124.21,40.13
124.22,40.13
124.24,40.13
124.25,40.13
124.27,40.13
124.28,40.12
124.30,40.12
124.31,40.12
124.33,40.12
124.34,40.12
124.36,40.12
124.37,40.12
124.39,40.12
124.40,40.12
124.41,40.12
124.43,40.12
124.44,40.12
124.46,40.12
124.47,40.12
124.49,40.12
124.50,40.12
124.52,40.12
124.53,40.12
124.55,40.12
124.56,40.11
124.58,40.11
124.59,40.11
124.61,40.11
124.62,40.11
124.64,40.11
124.65,40.11
124.66,40.11
124.68,40.11
124.69,40.11
124.71,40.11
124.72,40.11
124.74,40.11
124.75,40.11
124.77,40.11
124.78,40.11
124.80,40.11
124.81,40.11
124.83,40.11
124.84,40.10
124.86,40.10
124.87,40.10
124.89,40.10
124.90,40.10
124.92,40.10
124.93,40.10
124.94,40.10
124.96,40.10
124.97,40.10
124.99,40.10
125.00,40.10
125.02,40.10
125.03,40.10
125.05,40.10
125.06,40.10
125.08,40.10
125.09,40.10
125.11,40.10
125.12,40.09
125.14,40.09
125.15,40.09
125.17,40.09
125.18,40.09
125.19,40.09
125.21,40.09
125.22,40.09
125.24,40.09
125.25,40.09
125.27,40.09
125.28,40.10
125.30,40.10
125.31,40.10
125.33,40.10
125.34,40.10
125.36,40.10
125.37,40.10
125.39,40.10
125.40,40.10
125.42,40.10
125.43,40.10
125.44,40.10
125.46,40.10
125.47,40.10
125.49,40.10
125.50,40.10
125.52,40.10
125.53,40.10
125.55,40.10
125.56,40.10
125.58,40.10
125.59,40.10
125.61,40.10
125.62,40.10
125.64,40.10
125.65,40.10
125.67,40.10
125.68,40.10
125.69,40.10
125.71,40.10
125.72,40.10
125.74,40.10
125.75,40.10
125.77,40.10
125.78,40.10
125.80,40.10
125.81,40.10
125.83,40.10
125.84,40.10
125.86,40.10
125.87,40.10
125.89,40.10
125.90,40.10
125.92,40.10
125.93,40.10
125.94,40.10
125.96,40.10
125.97,40.10
125.99,40.10
126.00,40.10
126.02,40.10
126.03,40.10
126.05,40.10
126.06,40.10
126.08,40.10
126.09,40.10
126.11,40.10
126.12,40.11
126.14,40.11
126.15,40.11
126.17,40.11
126.18,40.11
126.19,40.11
126.21,40.12
126.22,40.12
126.24,40.12
126.25,40.12
126.27,40.12
126.28,40.12
126.30,40.13
126.31,40.13
126.33,40.13
126.34,40.13
126.36,40.13
126.37,40.13
126.39,40.13
126.40,40.14
126.42,40.14
126.43,40.14
126.45,40.14
126.46,40.14
126.47,40.14
126.49,40.15
126.50,40.15
126.52,40.15
126.53,40.15
126.55,40.15
126.56,40.15
126.58,40.16
126.59,40.16
126.61,40.16
126.62,40.16
126.64,40.16
126.65,40.16
126.67,40.17
126.68,40.17
126.70,40.17
126.71,40.17
126.72,40.17
126.74,40.17
126.75,40.18
126.77,40.18
126.78,40.18
126.80,40.18
126.81,40.18
126.83,40.18
126.84,40.19
126.86,40.19
126.87,40.19
126.89,40.19
126.90,40.19
126.92,40.19
126.93,40.20
126.95,40.20
126.96,40.20
126.97,40.20
126.99,40.20
127.00,40.20
127.02,40.21
127.03,40.21
127.05,40.21
127.06,40.21
127.08,40.21
127.09,40.21
127.11,40.22
127.12,40.22
127.14,40.22
127.15,40.22
127.17,40.22
127.18,40.22
127.20,40.22
127.21,40.22
127.22,40.22
127.24,40.21
127.25,40.21
127.27,40.21
127.28,40.21
127.30,40.21
127.31,40.21
127.33,40.21
127.34,40.21
127.36,40.21
127.37,40.21
127.39,40.21
127.40,40.21
127.42,40.21
127.43,40.21
127.45,40.21
127.46,40.21
127.47,40.21
127.49,40.21
127.50,40.21
127.52,40.20
127.53,40.20
127.55,40.20
127.56,40.20
127.58,40.20
127.59,40.20
127.61,40.20
127.62,40.20
127.64,40.20
127.65,40.20
127.67,40.20
127.68,40.20
127.70,40.20
127.71,40.20
127.72,40.20
127.74,40.20
127.75,40.21
127.77,40.21
127.78,40.21
127.80,40.21
127.81,40.21
127.83,40.21
127.84,40.21
127.86,40.21
127.87,40.21
127.89,40.21
127.90,40.21
127.92,40.21
127.93,40.21
127.95,40.21
127.96,40.21
127.98,40.21
127.99,40.21
128.00,40.21
128.02,40.21
128.03,40.21
128.05,40.21
128.06,40.21
128.08,40.21
128.09,40.21
128.11,40.21
128.12,40.21
128.14,40.21
128.15,40.21
128.17,40.21
128.18,40.21
128.20,40.21
128.21,40.21
128.23,40.21
128.24,40.21
128.25,40.21
128.27,40.21
128.28,40.21
128.30,40.21
128.31,40.21
128.33,40.21
128.34,40.21
128.36,40.21
128.37,40.21
128.39,40.21
128.40,40.21
128.42,40.21
128.43,40.21
128.45,40.21
128.46,40.21
128.48,40.21
128.49,40.21
128.50,40.21
128.52,40.21
128.53,40.21
128.55,40.21
128.56,40.21
128.58,40.22
128.59,40.22
128.61,40.22
128.62,40.22
128.64,40.22
128.65,40.22
128.67,40.23
128.68,40.23
128.70,40.23
128.71,40.23
128.73,40.23
128.74,40.23
128.75,40.24
128.77,40.24
128.78,40.24
128.80,40.24
128.81,40.24
128.83,40.24
128.84,40.25
128.86,40.25
128.87,40.25
128.89,40.25
128.90,40.25
128.92,40.25
128.93,40.26
128.95,40.26
128.96,40.26
128.98,40.26
128.99,40.26
129.00,40.26
129.02,40.27
129.03,40.27
129.05,40.27
129.06,40.27
129.08,40.27
129.09,40.27
129.11,40.27
129.12,40.27
129.14,40.27
129.15,40.27
129.17,40.27
129.18,40.27
129.20,40.27
129.21,40.27
129.23,40.27
129.24,40.27
129.25,40.27
129.27,40.28
129.28,40.28
129.30,40.28
129.31,40.28
129.33,40.28
129.34,40.28
129.36,40.29
129.37,40.29
129.39,40.29
129.40,40.29
129.42,40.29
129.43,40.29
129.45,40.30
129.46,40.30
129.48,40.30
129.49,40.30
129.51,40.30
129.52,40.30
129.53,40.31
129.55,40.31
129.56,40.31
129.58,40.31
129.59,40.31
129.61,40.31
129.62,40.32
129.64,40.32
129.65,40.32
129.67,40.32
129.68,40.32
129.70,40.32
129.71,40.33
129.73,40.33
129.74,40.33
129.76,40.33
129.77,40.33
129.78,40.33
129.80,40.34
129.81,40.34
129.83,40.34
129.84,40.34
129.86,40.34
129.87,40.34
129.89,40.34
129.90,40.35
129.92,40.35
129.93,40.35
129.95,40.35
129.96,40.35
129.98,40.35
129.99,40.36
130.01,40.36
130.02,40.36
130.03,40.36
130.05,40.36
130.06,40.36
130.08,40.37
130.09,40.37
130.11,40.37
130.12,40.37
130.14,40.37
130.15,40.37
130.17,40.38
130.18,40.38
130.20,40.38
130.21,40.38
130.23,40.38
130.24,40.38
130.26,40.39
130.27,40.39
130.28,40.39
130.30,40.39
130.31,40.39
130.33,40.39
130.34,40.39
130.36,40.39
130.37,40.39
130.39,40.39
130.40,40.39
130.42,40.39
130.43,40.39
130.45,40.39
130.46,40.39
130.48,40.39
130.49,40.39
130.51,40.38
130.52,40.38
130.53,40.38
130.55,40.38
130.56,40.38
130.58,40.38
130.59,40.38
130.61,40.38
130.62,40.38
130.64,40.38
130.65,40.38
130.67,40.38
130.68,40.38
130.70,40.38
130.71,40.38
130.73,40.38
130.74,40.38
130.76,40.38
130.77,40.37
130.78,40.37
130.80,40.37
130.81,40.37
130.83,40.37
130.84,40.37
130.86,40.37
130.87,40.37
130.89,40.37
130.90,40.37
130.92,40.37
130.93,40.37
130.95,40.37
130.96,40.37
130.98,40.37
130.99,40.37
131.01,40.37
131.02,40.37
131.04,40.36
131.05,40.36
131.06,40.36
131.08,40.36
131.09,40.36
131.11,40.36
131.12,40.36
131.14,40.36
131.15,40.36
131.17,40.36
131.18,40.36
131.20,40.36
131.21,40.36
131.23,40.36
131.24,40.36
131.26,40.36
131.27,40.36
131.29,40.36
131.30,40.36
131.31,40.35
131.33,40.35
131.34,40.35
131.36,40.35
131.37,40.35
131.39,40.35
131.40,40.35
131.42,40.35
131.43,40.35
131.45,40.35
131.46,40.35
131.48,40.35
131.49,40.35
131.51,40.35
131.52,40.35
131.54,40.35
131.55,40.35
131.56,40.35
131.58,40.35
131.59,40.35
131.61,40.35
131.62,40.35
131.64,40.35
131.65,40.35
131.67,40.35
131.68,40.35
131.70,40.35
131.71,40.35
131.73,40.35
131.74,40.35
131.76,40.35
131.77,40.35
131.79,40.35
131.80,40.35
131.81,40.35
131.83,40.35
131.84,40.35
131.86,40.35
131.87,40.35
131.89,40.35
131.90,40.35
131.92,40.35
131.93,40.35
131.95,40.35
131.96,40.35
131.98,40.35
131.99,40.35
132.01,40.35
132.02,40.35
132.04,40.35
132.05,40.35
132.06,40.35
132.08,40.35
132.09,40.35
132.11,40.35
132.12,40.35
132.14,40.35
132.15,40.35
132.17,40.35
132.18,40.36
132.20,40.36
132.21,40.36
132.23,40.36
132.24,40.36
132.26,40.36
132.27,40.36
132.29,40.36
132.30,40.36
132.31,40.36
132.33,40.36
132.34,40.36
132.36,40.36
132.37,40.36
132.39,40.36
132.40,40.35
132.42,40.35
132.43,40.35
132.45,40.35
132.46,40.35
132.48,40.35
132.49,40.35
132.51,40.35
132.52,40.35
132.54,40.35
132.55,40.35
132.57,40.35
132.58,40.35
132.59,40.35
132.61,40.35
132.62,40.35
132.64,40.35
132.65,40.35
132.67,40.35
132.68,40.34
132.70,40.34
132.71,40.34
132.73,40.34
132.74,40.34
132.76,40.34
132.77,40.34
132.79,40.35
132.80,40.35
132.82,40.35
132.83,40.35
132.84,40.35
132.86,40.35
132.87,40.36
132.89,40.36
132.90,40.36
132.92,40.36
132.93,40.36
132.95,40.36
132.96,40.36
132.98,40.37
132.99,40.37
133.01,40.37
133.02,40.37
133.04,40.37
133.05,40.37
133.07,40.38
133.08,40.38
133.09,40.38
133.11,40.38
133.12,40.38
133.14,40.38
133.15,40.39
133.17,40.39
133.18,40.39
133.20,40.39
133.21,40.39
133.23,40.39
133.24,40.40
133.26,40.40
133.27,40.40
133.29,40.40
133.30,40.40
133.32,40.40
133.33,40.41
133.34,40.41
133.36,40.41
133.37,40.41
133.39,40.41
133.40,40.41
133.42,40.42
133.43,40.42
133.45,40.42
133.46,40.42
133.48,40.42
133.49,40.42
133.51,40.42
133.52,40.43
133.54,40.43
133.55,40.43
133.57,40.43
133.58,40.43
133.59,40.43
133.61,40.44
133.62,40.44
133.64,40.44
133.65,40.44
133.67,40.44
133.68,40.44
133.70,40.45
133.71,40.45
133.73,40.45
133.74,40.45
133.76,40.45
133.77,40.45
133.79,40.46
133.80,40.46
133.82,40.46
133.83,40.46
133.84,40.46
133.86,40.46
133.87,40.47
133.89,40.47
133.90,40.47
133.92,40.47
133.93,40.47
133.95,40.47
133.96,40.48
133.98,40.48
133.99,40.48
134.01,40.48
134.02,40.48
134.04,40.48
134.05,40.48
134.07,40.49
134.08,40.49
134.10,40.49
134.11,40.49
134.12,40.49
134.14,40.49
134.15,40.49
134.17,40.49
134.18,40.49
134.20,40.49
134.21,40.49
134.23,40.49
134.24,40.49
134.26,40.49
134.27,40.49
134.29,40.49
134.30,40.49
134.32,40.49
134.33,40.48
134.35,40.48
134.36,40.48
134.37,40.48
134.39,40.48
134.40,40.48
134.42,40.48
134.43,40.48
134.45,40.48
134.46,40.48
134.48,40.48
134.49,40.48
134.51,40.48
134.52,40.48
134.54,40.48
134.55,40.48
134.57,40.48
134.58,40.48
134.60,40.47
134.61,40.47
134.62,40.47
134.64,40.47
134.65,40.47
134.67,40.47
134.68,40.47
134.70,40.47
134.71,40.47
134.73,40.47
134.74,40.47
134.76,40.47
134.77,40.47
134.79,40.47
134.80,40.47
134.82,40.47
134.83,40.47
134.85,40.47
134.86,40.46
134.87,40.46
134.89,40.46
134.90,40.46
134.92,40.46
134.93,40.46
134.95,40.46
134.96,40.46
134.98,40.46
134.99,40.46
135.01,40.46
135.02,40.46
135.04,40.46
135.05,40.46
135.07,40.46
135.08,40.46
135.10,40.46
135.11,40.46
135.12,40.45
135.14,40.45
135.15,40.45
135.17,40.45
135.18,40.45
135.20,40.45
135.21,40.45
135.23,40.45
135.24,40.45
135.26,40.45
135.27,40.45
135.29,40.45
135.30,40.45
135.32,40.45
135.33,40.45
135.35,40.45
135.36,40.45
135.37,40.45
135.39,40.44
135.40,40.44
135.42,40.44
135.43,40.44
135.45,40.44
135.46,40.44
135.48,40.44
135.49,40.44
135.51,40.44
135.52,40.44
135.54,40.44
135.55,40.44
135.57,40.44
135.58,40.44
135.60,40.44
135.61,40.44
135.63,40.44
135.64,40.44
135.65,40.44
135.67,40.44
135.68,40.44
135.70,40.44
135.71,40.44
135.73,40.44
135.74,40.44
135.76,40.44
135.77,40.44
135.79,40.44
135.80,40.44
135.82,40.44
135.83,40.44
135.85,40.44
135.86,40.44
135.88,40.44
135.89,40.44
135.90,40.44
135.92,40.44
135.93,40.44
135.95,40.44
135.96,40.44
135.98,40.44
135.99,40.44
136.01,40.44
136.02,40.44
136.04,40.44
136.05,40.44
136.07,40.44
136.08,40.44
136.10,40.44
136.11,40.44
136.13,40.44
136.14,40.44
136.15,40.44
136.17,40.44
136.18,40.44
136.20,40.44
136.21,40.44
136.23,40.44
136.24,40.44
136.26,40.44
136.27,40.44
136.29,40.44
136.30,40.44
136.32,40.44
136.33,40.44
136.35,40.44
136.36,40.44
136.38,40.44
136.39,40.44
136.40,40.44
136.42,40.44
136.43,40.44
136.45,40.44
136.46,40.44
136.48,40.45
136.49,40.45
136.51,40.45
136.52,40.45
136.54,40.45
136.55,40.45
136.57,40.45
136.58,40.45
136.60,40.45
136.61,40.45
136.63,40.45
136.64,40.45
136.65,40.45
136.67,40.45
136.68,40.45
136.70,40.45
136.71,40.45
136.73,40.45
136.74,40.44
136.76,40.44
136.77,40.44
136.79,40.44
136.80,40.44
136.82,40.44
136.83,40.44
136.85,40.45
136.86,40.45
136.88,40.45
136.89,40.45
136.90,40.45
136.92,40.45
136.93,40.46
136.95,40.46
136.96,40.46
136.98,40.46
136.99,40.46
137.01,40.46
137.02,40.46
137.04,40.47
137.05,40.47
137.07,40.47
137.08,40.47
137.10,40.47
137.11,40.47
137.13,40.48
137.14,40.48
137.16,40.48
137.17,40.48
137.18,40.48
137.20,40.48
137.21,40.49
137.23,40.49
137.24,40.49
137.26,40.49
137.27,40.49
137.29,40.49
137.30,40.50
137.32,40.50
137.33,40.50
137.35,40.50
137.36,40.50
137.38,40.50
137.39,40.51
137.41,40.51
137.42,40.51
137.43,40.51
137.45,40.51
137.46,40.51
137.48,40.51
137.49,40.52
137.51,40.52
137.52,40.52
137.54,40.52
137.55,40.52
137.57,40.52
137.58,40.53
137.60,40.53
137.61,40.53
137.63,40.53
137.64,40.53
137.66,40.53
137.67,40.54
137.68,40.54
137.70,40.54
137.71,40.54
137.73,40.54
137.74,40.54
137.76,40.54
137.77,40.54
137.79,40.54
137.80,40.54
137.82,40.54
137.83,40.54
137.85,40.54
137.86,40.54
137.88,40.54
137.89,40.54
137.91,40.54
137.92,40.54
137.93,40.54
137.95,40.55
137.96,40.55
137.98,40.55
137.99,40.55
138.01,40.55
138.02,40.55
138.04,40.56
138.05,40.56
138.07,40.56
138.08,40.56
138.10,40.56
138.11,40.56
138.13,40.57
138.14,40.57
138.16,40.57
138.17,40.57
138.18,40.57
138.20,40.57
138.21,40.57
138.23,40.58
138.24,40.58
138.26,40.58
138.27,40.58
138.29,40.58
138.30,40.58
138.32,40.59
138.33,40.59
138.35,40.59
138.36,40.59
138.38,40.59
138.39,40.59
138.41,40.60
138.42,40.60
138.43,40.60
138.45,40.60
138.46,40.60
138.48,40.60
138.49,40.61
138.51,40.61
138.52,40.61
138.54,40.61
138.55,40.61
138.57,40.61
138.58,40.61
138.60,40.62
138.61,40.62
138.63,40.62
138.64,40.62
138.66,40.62
138.67,40.62
138.69,40.63
138.70,40.63
138.71,40.63
138.73,40.63
138.74,40.63
138.76,40.63
138.77,40.63
138.79,40.63
138.80,40.63
138.82,40.63
138.83,40.62
138.85,40.62
138.86,40.62
138.88,40.62
138.89,40.62
138.91,40.62
138.92,40.62
138.94,40.62
138.95,40.62
138.96,40.62
138.98,40.62
138.99,40.62
139.01,40.62
139.02,40.62
139.04,40.62
139.05,40.62
139.07,40.62
139.08,40.61
139.10,40.61
139.11,40.61
139.13,40.61
139.14,40.61
139.16,40.61
139.17,40.61
139.19,40.61
139.20,40.61
139.21,40.61
139.23,40.61
139.24,40.61
139.26,40.61
139.27,40.61
139.29,40.61
139.30,40.61
139.32,40.61
139.33,40.61
139.35,40.60
139.36,40.60
139.38,40.60
139.39,40.60
139.41,40.60
139.42,40.60
139.44,40.60
139.45,40.60
139.46,40.60
139.48,40.60
139.49,40.60
139.51,40.60
139.52,40.60
139.54,40.60
139.55,40.60
139.57,40.60
139.58,40.60
139.60,40.59
139.61,40.59
139.63,40.59
139.64,40.59
139.66,40.59
139.67,40.59
139.69,40.59
139.70,40.59
139.71,40.59
139.73,40.59
139.74,40.59
139.76,40.59
139.77,40.59
139.79,40.59
139.80,40.59
139.82,40.59
139.83,40.59
139.85,40.59
139.86,40.58
139.88,40.58
139.89,40.58
139.91,40.58
139.92,40.58
139.94,40.58
139.95,40.58
139.96,40.58
139.98,40.58
139.99,40.58
140.01,40.58
140.02,40.58
140.04,40.58
140.05,40.58
140.07,40.58
140.08,40.58
140.10,40.58
140.11,40.57
140.13,40.57
140.14,40.57
140.16,40.57
140.17,40.57
140.19,40.57
140.20,40.57
140.22,40.57
140.23,40.57
140.24,40.57
140.26,40.57
140.27,40.57
140.29,40.57
140.30,40.57
140.32,40.57
140.33,40.57
140.35,40.57
140.36,40.57
140.38,40.56
140.39,40.56
140.41,40.56
140.42,40.56
140.44,40.56
140.45,40.56
140.47,40.56
140.48,40.56
140.49,40.56
140.51,40.56
140.52,40.56
140.54,40.56
140.55,40.56
140.57,40.56
140.58,40.56
140.60,40.56
140.61,40.56
140.63,40.55
140.64,40.55
140.66,40.55
140.67,40.55
140.69,40.55
140.70,40.55
140.72,40.55
140.73,40.55
140.74,40.55
140.76,40.55
140.77,40.55
140.79,40.55
140.80,40.55
140.82,40.55
140.83,40.55
140.85,40.55
140.86,40.55
140.88,40.55
140.89,40.54
140.91,40.54
140.92,40.54
140.94,40.55
140.95,40.55
140.97,40.55
140.98,40.55
140.99,40.55
141.01,40.55
141.02,40.55
141.04,40.55
141.05,40.55
141.07,40.55
141.08,40.55
141.10,40.55
141.11,40.55
141.13,40.55
141.14,40.55
141.16,40.55
141.17,40.55
141.19,40.55
141.20,40.55
141.22,40.55
141.23,40.55
141.24,40.55
141.26,40.55
141.27,40.55
141.29,40.55
141.30,40.55
141.32,40.55
141.33,40.55
141.35,40.55
141.36,40.55
141.38,40.55
141.39,40.55
141.41,40.55
141.42,40.55
141.44,40.55
141.45,40.55
141.47,40.55
141.48,40.55
141.49,40.55
141.51,40.55
141.52,40.55
141.54,40.55
141.55,40.55
141.57,40.55
141.58,40.55
141.60,40.55
141.61,40.55
141.63,40.55
141.64,40.55
141.66,40.55
141.67,40.55
141.69,40.55
141.70,40.55
141.72,40.55
141.73,40.55
141.75,40.55
141.76,40.55
141.77,40.55
141.79,40.55
141.80,40.55
141.82,40.55
141.83,40.56
141.85,40.56
141.86,40.56
141.88,40.56
141.89,40.56
141.91,40.56
141.92,40.56
141.94,40.56
141.95,40.56
141.97,40.56
141.98,40.56
142.00,40.56
142.01,40.56
142.02,40.56
142.04,40.56
142.05,40.56
142.07,40.56
142.08,40.55
142.10,40.55
142.11,40.55
142.13,40.55
142.14,40.55
142.16,40.55
142.17,40.55
142.19,40.55
142.20,40.55
142.22,40.55
142.23,40.55
142.25,40.55
142.26,40.55
142.27,40.55
142.29,40.55
142.30,40.55
142.32,40.55
142.33,40.55
142.35,40.54
142.36,40.54
142.38,40.54
142.39,40.54
142.41,40.54
142.42,40.54
142.44,40.54
142.45,40.54
142.47,40.54
142.48,40.55
142.50,40.55
142.51,40.55
142.52,40.55
142.54,40.55
142.55,40.55
142.57,40.56
142.58,40.56
142.60,40.56
142.61,40.56
142.63,40.56
142.64,40.56
142.66,40.57
142.67,40.57
142.69,40.57
142.70,40.57
142.72,40.57
142.73,40.57
142.75,40.58
142.76,40.58
142.77,40.58
142.79,40.58
142.80,40.58
142.82,40.58
142.83,40.59
142.85,40.59
142.86,40.59
142.88,40.59
142.89,40.59
142.91,40.59
142.92,40.59
142.94,40.60
142.95,40.60
142.97,40.60
142.98,40.60
143.00,40.60
143.01,40.60
143.02,40.61
143.04,40.61
143.05,40.61
143.07,40.61
143.08,40.61
143.10,40.61
143.11,40.62
143.13,40.62
143.14,40.62
143.16,40.62
143.17,40.62
143.19,40.62
143.20,40.63
143.22,40.63
143.23,40.63
143.25,40.63
143.26,40.63
143.27,40.63
143.29,40.63
143.30,40.64
143.32,40.64
143.33,40.64
143.35,40.64
143.36,40.64
143.38,40.64
143.39,40.65
143.41,40.65
143.42,40.65
143.44,40.65
143.45,40.65
143.47,40.65
143.48,40.66
143.50,40.66
143.51,40.66
143.53,40.66
143.54,40.66
143.55,40.66
143.57,40.67
143.58,40.67
143.60,40.67
143.61,40.67
143.63,40.67
143.64,40.67
143.66,40.67
143.67,40.68
143.69,40.68
143.70,40.68
143.72,40.68
143.73,40.68
143.75,40.68
143.76,40.69
143.78,40.69
143.79,40.69
143.80,40.69
143.82,40.69
143.83,40.69
143.85,40.70
143.86,40.70
143.88,40.70
143.89,40.70
143.91,40.70
143.92,40.70
143.94,40.70
143.95,40.70
143.97,40.70
143.98,40.70
144.00,40.70
144.01,40.70
144.03,40.70
144.04,40.70
144.05,40.70
144.07,40.70
144.08,40.70
144.10,40.70
144.11,40.70
144.13,40.70
144.14,40.69
144.16,40.69
144.17,40.69
144.19,40.69
144.20,40.69
144.22,40.69
144.23,40.69
144.25,40.69
144.26,40.69
144.28,40.69
144.29,40.69
144.30,40.69
144.32,40.69
144.33,40.69
144.35,40.69
144.36,40.69
144.38,40.69
144.39,40.68
144.41,40.68
144.42,40.68
144.44,40.68
144.45,40.68
144.47,40.68
144.48,40.68
144.50,40.68
144.51,40.68
144.53,40.68
144.54,40.68
144.55,40.68
144.57,40.68
144.58,40.68
144.60,40.68
144.61,40.68
144.63,40.68
144.64,40.67
144.66,40.67
144.67,40.67
144.69,40.67
144.70,40.67
144.72,40.67
144.73,40.67
144.75,40.67
144.76,40.67
144.78,40.67
144.79,40.67
144.80,40.67
144.82,40.67
144.83,40.67
144.85,40.67
144.86,40.67
144.88,40.67
144.89,40.67
144.91,40.66
144.92,40.66
144.94,40.66
144.95,40.66
144.97,40.66
144.98,40.66
145.00,40.66
145.01,40.66
145.03,40.66
145.04,40.66
145.06,40.66
145.07,40.66
145.08,40.66
145.10,40.66
145.11,40.66
145.13,40.66
145.14,40.66
145.16,40.65
145.17,40.65
145.19,40.65
145.20,40.65
145.22,40.65
145.23,40.65
145.25,40.65
145.26,40.65
145.28,40.65
145.29,40.65
145.31,40.65
145.32,40.65
145.33,40.65
145.35,40.65
145.36,40.65
145.38,40.65
145.39,40.65
145.41,40.64
145.42,40.64
145.44,40.64
145.45,40.64
145.47,40.64
145.48,40.64
145.50,40.64
145.51,40.64
145.53,40.64
145.54,40.64
145.56,40.64
145.57,40.64
145.58,40.64
145.60,40.64
145.61,40.64
145.63,40.64
145.64,40.64
145.66,40.63
145.67,40.63
145.69,40.63
145.70,40.63
145.72,40.63
145.73,40.63
145.75,40.63
145.76,40.63
145.78,40.63
145.79,40.63
145.81,40.63
145.82,40.63
145.83,40.63
145.85,40.63
145.86,40.63
145.88,40.63
145.89,40.63
145.91,40.63
145.92,40.62
145.94,40.62
145.95,40.62
145.97,40.62
145.98,40.62
146.00,40.62
146.01,40.62
146.03,40.62
146.04,40.62
146.06,40.62
146.07,40.62
146.08,40.62
146.10,40.62
146.11,40.62
146.13,40.62
146.14,40.62
146.16,40.62
146.17,40.61
146.19,40.61
146.20,40.61
146.22,40.61
146.23,40.61
146.25,40.61
146.26,40.61
146.28,40.61
146.29,40.61
146.31,40.61
146.32,40.61
146.33,40.61
146.35,40.61
146.36,40.61
146.38,40.61
146.39,40.61
146.41,40.61
146.42,40.61
146.44,40.60
146.45,40.60
146.47,40.60
146.48,40.60
146.50,40.60
146.51,40.60
146.53,40.60
146.54,40.60
146.56,40.60
146.57,40.60
146.59,40.60
146.60,40.60
146.61,40.60
146.63,40.60
146.64,40.60
146.66,40.60
146.67,40.60
146.69,40.59
146.70,40.59
146.72,40.59
146.73,40.59
146.75,40.59
146.76,40.59
146.78,40.59
146.79,40.59
146.81,40.59
146.82,40.59
146.84,40.59
146.85,40.59
146.86,40.59
146.88,40.59
146.89,40.59
146.91,40.59
146.92,40.59
146.94,40.58
146.95,40.58
146.97,40.58
146.98,40.58
147.00,40.58
147.01,40.58
147.03,40.58
147.04,40.58
147.06,40.58
147.07,40.58
147.09,40.58
147.10,40.58
147.11,40.58
147.13,40.58
147.14,40.58
147.16,40.58
147.17,40.58
147.19,40.58
147.20,40.58
147.22,40.58
147.23,40.58
147.25,40.58
147.26,40.58
147.28,40.58
147.29,40.58
147.31,40.58
147.32,40.58
147.34,40.58
147.35,40.58
147.36,40.58
147.38,40.58
147.39,40.58
147.41,40.58
147.42,40.58
147.44,40.58
147.45,40.58
147.47,40.58
147.48,40.58
147.50,40.58
147.51,40.58
147.53,40.58
147.54,40.58
147.56,40.58
147.57,40.58
147.59,40.58
147.60,40.58
147.61,40.58
147.63,40.58
147.64,40.58
147.66,40.58
147.67,40.58
147.69,40.58
147.70,40.58
147.72,40.58
147.73,40.58
147.75,40.58
147.76,40.58
147.78,40.58
147.79,40.58
147.81,40.58
147.82,40.58
147.84,40.58
147.85,40.58
147.86,40.58
147.88,40.58
147.89,40.58
147.91,40.58
147.92,40.58
147.94,40.58
147.95,40.58
147.97,40.58
147.98,40.58
148.00,40.58
148.01,40.59
148.03,40.59
148.04,40.59
148.06,40.59
148.07,40.59
148.09,40.59
148.10,40.59
148.12,40.59
148.13,40.59
148.14,40.59
148.16,40.59
148.17,40.59
148.19,40.59
148.20,40.59
148.22,40.59
148.23,40.59
148.25,40.59
148.26,40.59
148.28,40.59
148.29,40.59
148.31,40.58
148.32,40.58
148.34,40.58
148.35,40.58
148.37,40.58
148.38,40.58
148.39,40.58
148.41,40.58
148.42,40.58
148.44,40.58
148.45,40.58
148.47,40.58
148.48,40.58
148.50,40.58
148.51,40.58
148.53,40.58
148.54,40.58
148.56,40.59
148.57,40.59
148.59,40.59
148.60,40.59
148.62,40.59
148.63,40.59
148.64,40.60
148.66,40.60
148.67,40.60
148.69,40.60
148.70,40.60
148.72,40.60
148.73,40.61
148.75,40.61
148.76,40.61
148.78,40.61
148.79,40.61
148.81,40.61
148.82,40.62
148.84,40.62
148.85,40.62
148.87,40.62
148.88,40.62
148.89,40.62
148.91,40.62
148.92,40.63
148.94,40.63
148.95,40.63
148.97,40.63
148.98,40.63
149.00,40.63
149.01,40.64
149.03,40.64
149.04,40.64
149.06,40.64
149.07,40.64
149.09,40.64
149.10,40.65
149.12,40.65
149.13,40.65
149.14,40.65
149.16,40.65
149.17,40.65
149.19,40.66
149.20,40.66
149.22,40.66
149.23,40.66
149.25,40.66
149.26,40.66
149.28,40.66
149.29,40.67
149.31,40.67
149.32,40.67
149.34,40.67
149.35,40.67
149.37,40.67
149.38,40.68
149.39,40.68
149.41,40.68
149.42,40.68
149.44,40.68
149.45,40.68
149.47,40.69
149.48,40.69
149.50,40.69
149.51,40.69
149.53,40.69
149.54,40.69
149.56,40.70
149.57,40.70
149.59,40.70
149.60,40.70
149.62,40.70
149.63,40.70
149.65,40.70
149.66,40.71
149.67,40.71
149.69,40.71
149.70,40.71
149.72,40.71
149.73,40.71
149.75,40.72
149.76,40.72
149.78,40.72
149.79,40.72
149.81,40.72
149.82,40.72
149.84,40.73
149.85,40.73
149.87,40.73
149.88,40.73
149.90,40.73
149.91,40.73
149.92,40.74
149.94,40.74
149.95,40.74
149.97,40.74
149.98,40.74
150.00,40.74
150.01,40.74
150.03,40.74
150.04,40.74
150.06,40.74
150.07,40.74
150.09,40.74
150.10,40.74
150.12,40.74
150.13,40.74
150.15,40.74
150.16,40.73
150.17,40.73
150.19,40.73
150.20,40.73
150.22,40.73
150.23,40.73
150.25,40.73
150.26,40.73
150.28,40.73
150.29,40.73
150.31,40.73
150.32,40.73
150.34,40.73
150.35,40.73
150.37,40.73
150.38,40.73
150.40,40.73
150.41,40.72
150.42,40.72
150.44,40.72
150.45,40.72
150.47,40.72
150.48,40.72
150.50,40.72
150.51,40.72
150.53,40.72
150.54,40.72
150.56,40.72
150.57,40.72
150.59,40.72
150.60,40.72
150.62,40.72
150.63,40.72
150.65,40.72
150.66,40.71
150.67,40.71
150.69,40.71
150.70,40.71
150.72,40.71
150.73,40.71
150.75,40.71
150.76,40.71
150.78,40.71
150.79,40.71
150.81,40.71
150.82,40.71
150.84,40.71
150.85,40.71
150.87,40.71
150.88,40.71
150.90,40.71
150.91,40.70
150.92,40.70
150.94,40.70
150.95,40.70
150.97,40.70
150.98,40.70
151.00,40.70
151.01,40.70
151.03,40.70
151.04,40.70
151.06,40.70
151.07,40.70
151.09,40.70
151.10,40.70
151.12,40.70
151.13,40.70
151.15,40.70
151.16,40.69
151.18,40.69
151.19,40.69
151.20,40.69
151.22,40.69
151.23,40.69
151.25,40.69
151.26,40.69
151.28,40.69
151.29,40.69
151.31,40.69
151.32,40.69
151.34,40.69
151.35,40.69
151.37,40.69
151.38,40.69
151.40,40.69
151.41,40.68
151.43,40.68
151.44,40.68
151.45,40.68
151.47,40.68
151.48,40.68
151.50,40.68
151.51,40.68
151.53,40.68
151.54,40.68
151.56,40.69
151.57,40.69
151.59,40.69
151.60,40.69
151.62,40.69
151.63,40.69
151.65,40.69
151.66,40.69
151.68,40.69
151.69,40.69
151.70,40.69
151.72,40.69
151.73,40.69
151.75,40.69
151.76,40.69
151.78,40.69
151.79,40.69
151.81,40.69
151.82,40.69
151.84,40.69
151.85,40.69
151.87,40.69
151.88,40.69
151.90,40.69
151.91,40.69
151.93,40.69
151.94,40.69
151.95,40.69
151.97,40.69
151.98,40.69
152.00,40.69
152.01,40.69
152.03,40.69
152.04,40.69
152.06,40.69
152.07,40.69
152.09,40.69
152.10,40.69
152.12,40.69
152.13,40.69
152.15,40.69
152.16,40.69
152.18,40.69
152.19,40.69
152.20,40.69
152.22,40.69
152.23,40.69
152.25,40.69
152.26,40.69
152.28,40.69
152.29,40.69
152.31,40.69
152.32,40.69
152.34,40.69
152.35,40.69
152.37,40.69
152.38,40.69
152.40,40.69
152.41,40.69
152.43,40.69
152.44,40.69
152.45,40.69
152.47,40.69
152.48,40.69
152.50,40.69
152.51,40.69
152.53,40.69
152.54,40.69
152.56,40.69
152.57,40.69
152.59,40.69
152.60,40.69
152.62,40.69
152.63,40.69
152.65,40.69
152.66,40.69
152.68,40.69
152.69,40.69
152.71,40.68
152.72,40.68
152.73,40.68
152.75,40.68
152.76,40.69
152.78,40.69
152.79,40.69
152.81,40.69
152.82,40.69
152.84,40.69
152.85,40.69
152.87,40.70
152.88,40.70
152.90,40.70
152.91,40.70
152.93,40.70
152.94,40.70
152.96,40.71
152.97,40.71
152.98,40.71
153.00,40.71
153.01,40.71
153.03,40.71
153.04,40.72
153.06,40.72
153.07,40.72
153.09,40.72
153.10,40.72
153.12,40.72
153.13,40.73
153.15,40.73
153.16,40.73
153.18,40.73
153.19,40.73
153.21,40.73
153.22,40.73
153.23,40.74
153.25,40.74
153.26,40.74
153.28,40.74
153.29,40.74
153.31,40.74
153.32,40.75
153.34,40.75
153.35,40.75
153.37,40.75
153.38,40.75
153.40,40.75
153.41,40.76
153.43,40.76
153.44,40.76
153.46,40.76
153.47,40.76
153.48,40.76
153.50,40.77
153.51,40.77
153.53,40.77
153.54,40.77
153.56,40.77
153.57,40.77
153.59,40.77
153.60,40.78
153.62,40.78
153.63,40.78
153.65,40.78
153.66,40.78
153.68,40.78
153.69,40.79
153.71,40.79
153.72,40.79
153.73,40.79
153.75,40.79
153.76,40.79
153.78,40.80
153.79,40.80
153.81,40.80
153.82,40.80
153.84,40.80
153.85,40.80
153.87,40.80
153.88,40.81
153.90,40.81
153.91,40.81
153.93,40.81
153.94,40.81
153.96,40.81
153.97,40.82
153.98,40.82
154.00,40.82
154.01,40.82
154.03,40.82
154.04,40.82
154.06,40.83
154.07,40.83
154.09,40.83
154.10,40.83
154.12,40.83
154.13,40.83
154.15,40.84
154.16,40.84
154.18,40.84
154.19,40.84
154.21,40.84
154.22,40.84
154.24,40.84
154.25,40.85
154.26,40.85
154.28,40.85
154.29,40.85
154.31,40.85
154.32,40.85
154.34,40.85
154.35,40.85
154.37,40.85
154.38,40.85
154.40,40.85
154.41,40.85
154.43,40.85
154.44,40.85
154.46,40.85
154.47,40.85
154.49,40.85
154.50,40.85
154.51,40.85
154.53,40.85
154.54,40.85
154.56,40.84
154.57,40.84
154.59,40.84
154.60,40.84
154.62,40.84
154.63,40.84
154.65,40.84
154.66,40.84
154.68,40.84
154.69,40.84
154.71,40.84
154.72,40.84
154.74,40.84
154.75,40.84
154.76,40.84
154.78,40.84
154.79,40.84
154.81,40.83
154.82,40.83
154.84,40.83
154.85,40.83
154.87,40.83
154.88,40.83
154.90,40.83
154.91,40.83
154.93,40.83
154.94,40.83
154.96,40.83
154.97,40.83
154.99,40.83
155.00,40.83
155.01,40.83
155.03,40.83
155.04,40.82
155.06,40.82
155.07,40.82
155.09,40.82
155.10,40.82
155.12,40.82
155.13,40.82
155.15,40.82
155.16,40.82
155.18,40.82
155.19,40.82
155.21,40.82
155.22,40.82
155.24,40.82
155.25,40.82
155.26,40.82
155.28,40.82
155.29,40.82
155.31,40.82
155.32,40.82
155.34,40.82
155.35,40.82
155.37,40.82
155.38,40.82
155.40,40.82
155.41,40.82
155.43,40.82
155.44,40.82
155.46,40.82
155.47,40.82
155.49,40.82
155.50,40.82
155.51,40.82
155.53,40.82
155.54,40.82
155.56,40.82
155.57,40.82
155.59,40.82
155.60,40.82
155.62,40.82
155.63,40.82
155.65,40.82
155.66,40.82
155.68,40.82
155.69,40.82
155.71,40.82
155.72,40.82
155.74,40.82
155.75,40.82
155.77,40.83
155.78,40.83
155.79,40.83
155.81,40.83
155.82,40.83
155.84,40.83
155.85,40.84
155.87,40.84
155.88,40.84
155.90,40.84
155.91,40.84
155.93,40.84
155.94,40.84
155.96,40.85
155.97,40.85
155.99,40.85
156.00,40.85
156.02,40.85
156.03,40.85
156.04,40.86
156.06,40.86
156.07,40.86
156.09,40.86
156.10,40.86
156.12,40.86
156.13,40.87
156.15,40.87
156.16,40.87
156.18,40.87
156.19,40.87
156.21,40.87
156.22,40.87
156.24,40.88
156.25,40.88
156.27,40.88
156.28,40.88
156.29,40.88
156.31,40.88
156.32,40.88
156.34,40.88
156.35,40.88
156.37,40.88
156.38,40.88
156.40,40.88
156.41,40.88
156.43,40.88
156.44,40.88
156.46,40.88
156.47,40.88
156.49,40.88
156.50,40.88
156.52,40.88
156.53,40.88
156.54,40.88
156.56,40.88
156.57,40.88
156.59,40.88
156.60,40.88
156.62,40.88
156.63,40.88
156.65,40.88
156.66,40.88
156.68,40.87
156.69,40.87
156.71,40.87
156.72,40.87
156.74,40.87
156.75,40.87
156.77,40.87
156.78,40.87
156.79,40.87
156.81,40.87
156.82,40.87
156.84,40.87
156.85,40.87
156.87,40.87
156.88,40.87
156.90,40.87
156.91,40.88
156.93,40.88
156.94,40.88
156.96,40.88
156.97,40.88
156.99,40.88
157.00,40.89
157.02,40.89
157.03,40.89
157.04,40.89
157.06,40.89
157.07,40.89
157.09,40.90
157.10,40.90
157.12,40.90
157.13,40.90
157.15,40.90
157.16,40.90
157.18,40.90
157.19,40.90
157.21,40.90
157.22,40.90
157.24,40.90
157.25,40.90
157.27,40.90
157.28,40.90
157.30,40.90
157.31,40.90
157.32,40.90
157.34,40.90
157.35,40.90
157.37,40.90
157.38,40.90
157.40,40.90
157.41,40.90
157.43,40.90
157.44,40.90
157.46,40.90
157.47,40.90
157.49,40.90
157.50,40.90
157.52,40.90
157.53,40.90
157.55,40.91
157.56,40.91
157.57,40.91
157.59,40.91
157.60,40.91
157.62,40.91
157.63,40.91
157.65,40.91
157.66,40.91
157.68,40.91
157.69,40.91
157.71,40.91
157.72,40.91
157.74,40.91
157.75,40.91
157.77,40.91
157.78,40.91
157.80,40.91
157.81,40.91
157.82,40.91
157.84,40.91
157.85,40.91
157.87,40.91
157.88,40.91
157.90,40.91
157.91,40.91
157.93,40.91
157.94,40.91
157.96,40.91
157.97,40.91
157.99,40.91
158.00,40.91
158.02,40.91
158.03,40.91
158.05,40.91
158.06,40.91
158.07,40.91
158.09,40.91
158.10,40.91
158.12,40.91
158.13,40.91
158.15,40.91
158.16,40.91
158.18,40.91
158.19,40.91
158.21,40.91
158.22,40.91
158.24,40.91
158.25,40.91
158.27,40.91
158.28,40.91
158.30,40.91
158.31,40.91
158.32,40.91
158.34,40.91
158.35,40.91
158.37,40.91
158.38,40.91
158.40,40.91
158.41,40.91
158.43,40.91
158.44,40.91
158.46,40.91
158.47,40.91
158.49,40.91
158.50,40.91
158.52,40.91
158.53,40.91
158.55,40.91
158.56,40.91
158.57,40.91
158.59,40.91
158.60,40.91
158.62,40.91
158.63,40.91
158.65,40.91
158.66,40.91
158.68,40.91
158.69,40.91
158.71,40.90
158.72,40.90
158.74,40.90
158.75,40.90
158.77,40.90
158.78,40.90
158.80,40.90
158.81,40.90
158.83,40.90
158.84,40.90
158.85,40.90
158.87,40.90
158.88,40.90
158.90,40.90
158.91,40.90
158.93,40.90
158.94,40.89
158.96,40.89
158.97,40.89
158.99,40.89
159.00,40.89
159.02,40.89
159.03,40.89
159.05,40.89
159.06,40.89
159.08,40.89
159.09,40.89
159.10,40.89
159.12,40.89
159.13,40.90
159.15,40.90
159.16,40.90
159.18,40.90
159.19,40.90
159.21,40.90
159.22,40.91
159.24,40.91
159.25,40.91
159.27,40.91
159.28,40.91
159.30,40.91
159.31,40.92
159.33,40.92
159.34,40.92
159.35,40.92
159.37,40.92
159.38,40.92
159.40,40.92
159.41,40.93
159.43,40.93
159.44,40.93
159.46,40.93
159.47,40.93
159.49,40.93
159.50,40.94
159.52,40.94
159.53,40.94
159.55,40.94
159.56,40.94
159.58,40.94
159.59,40.95
159.60,40.95
159.62,40.95
159.63,40.95
159.65,40.95
159.66,40.95
159.68,40.95
159.69,40.96
159.71,40.96
159.72,40.96
159.74,40.96
159.75,40.96
159.77,40.96
159.78,40.97
159.80,40.97
159.81,40.97
159.83,40.97
159.84,40.97
159.85,40.97
159.87,40.98
159.88,40.98
159.90,40.98
159.91,40.98
159.93,40.98
159.94,40.98
159.96,40.98
159.97,40.99
159.99,40.99
160.00,40.99
160.02,40.99
160.03,40.99
160.05,40.99
160.06,41.00
160.08,41.00
160.09,41.00
160.10,41.00
160.12,41.00
160.13,41.00
160.15,41.01
160.16,41.01
160.18,41.01
160.19,41.01
160.21,41.01
160.22,41.01
160.24,41.01
160.25,41.02
160.27,41.02
160.28,41.02
160.30,41.02
160.31,41.02
160.33,41.02
160.34,41.02
160.36,41.02
160.37,41.02
160.38,41.02
160.40,41.02
160.41,41.02
160.43,41.02
160.44,41.02
160.46,41.02
160.47,41.02
160.49,41.02
160.50,41.02
160.52,41.02
160.53,41.02
160.55,41.01
160.56,41.01
160.58,41.01
160.59,41.01
160.61,41.01
160.62,41.01
160.63,41.01
160.65,41.01
160.66,41.01
160.68,41.01
160.69,41.01
160.71,41.01
160.72,41.01
160.74,41.01
160.75,41.01
160.77,41.01
160.78,41.00
160.80,41.00
160.81,41.00
160.83,41.00
160.84,41.00
160.86,41.00
160.87,41.00
160.88,41.00
160.90,41.00
160.91,41.00
160.93,41.00
160.94,41.00
160.96,41.00
160.97,41.00
160.99,41.00
161.00,41.00
161.02,40.99
161.03,40.99
161.05,40.99
161.06,40.99
161.08,40.99
161.09,40.99
161.11,40.99
161.12,40.99
161.13,40.99
161.15,40.99
161.16,40.99
161.18,40.99
161.19,40.99
161.21,40.99
161.22,40.99
161.24,40.99
161.25,40.99
161.27,40.98
161.28,40.98
161.30,40.98
161.31,40.98
161.33,40.98
161.34,40.98
161.36,40.98
161.37,40.98
161.38,40.98
161.40,40.98
161.41,40.98
161.43,40.98
161.44,40.98
161.46,40.98
161.47,40.98
161.49,40.98
161.50,40.97
161.52,40.97
161.53,40.97
161.55,40.97
161.56,40.97
161.58,40.97
161.59,40.97
161.61,40.97
161.62,40.97
161.63,40.97
161.65,40.97
161.66,40.97
161.68,40.97
161.69,40.97
161.71,40.97
161.72,40.97
161.74,40.96
161.75,40.96
161.77,40.96
161.78,40.96
161.80,40.96
161.81,40.96
161.83,40.96
161.84,40.96
161.86,40.96
161.87,40.96
161.89,40.96
161.90,40.96
161.91,40.96
161.93,40.96
161.94,40.96
161.96,40.96
161.97,40.96
161.99,40.95
162.00,40.95
162.02,40.95
162.03,40.95
162.05,40.95
162.06,40.95
162.08,40.95
162.09,40.95
162.11,40.95
162.12,40.95
162.14,40.95
162.15,40.95
162.16,40.95
162.18,40.95
162.19,40.95
162.21,40.95
162.22,40.94
162.24,40.94
162.25,40.94
162.27,40.94
162.28,40.94
162.30,40.94
162.31,40.94
162.33,40.94
162.34,40.94
162.36,40.94
162.37,40.94
162.39,40.94
162.40,40.94
162.41,40.94
162.43,40.94
162.44,40.94
162.46,40.94
162.47,40.93
162.49,40.93
162.50,40.93
162.52,40.93
162.53,40.93
162.55,40.93
162.56,40.93
162.58,40.93
162.59,40.93
162.61,40.93
162.62,40.93
162.64,40.93
162.65,40.93
162.66,40.93
162.68,40.93
162.69,40.93
162.71,40.93
162.72,40.93
162.74,40.93
162.75,40.93
162.77,40.93
162.78,40.93
162.80,40.93
162.81,40.93
162.83,40.93
162.84,40.93
162.86,40.93
162.87,40.93
162.89,40.93
162.90,40.93
162.91,40.93
162.93,40.93
162.94,40.93
162.96,40.94
162.97,40.94
162.99,40.94
163.00,40.94
163.02,40.93
163.03,40.94
163.05,40.93
163.06,40.94
163.08,40.94
163.09,40.94
163.11,40.94
163.12,40.94
163.14,40.94
163.15,40.95
163.16,40.95
163.18,40.95
163.19,40.95
163.21,40.95
163.22,40.95
163.24,40.96
163.25,40.96
163.27,40.96
163.28,40.96
163.30,40.96
163.31,40.96
163.33,40.96
163.34,40.96
163.36,40.96
163.37,40.96
163.39,40.96
163.40,40.96
163.41,40.96
163.43,40.96
163.44,40.96
163.46,40.96
163.47,40.96
163.49,40.96
163.50,40.96
163.52,40.96
163.53,40.96
163.55,40.96
163.56,40.96
163.58,40.96
163.59,40.96
163.61,40.96
163.62,40.96
163.64,40.96
163.65,40.96
163.67,40.96
163.68,40.95
163.69,40.95
163.71,40.95
163.72,40.95
163.74,40.95
163.75,40.95
163.77,40.95
163.78,40.95
163.80,40.95
163.81,40.95
163.83,40.95
163.84,40.95
163.86,40.95
163.87,40.95
163.89,40.95
163.90,40.95
163.92,40.96
163.93,40.96
163.94,40.96
163.96,40.96
163.97,40.96
163.99,40.96
164.00,40.97
164.02,40.97
164.03,40.97
164.05,40.97
164.06,40.97
164.08,40.97
164.09,40.98
164.11,40.98
164.12,40.98
164.14,40.98
164.15,40.98
164.17,40.98
164.18,40.98
164.19,40.99
164.21,40.99
164.22,40.99
164.24,40.99
164.25,40.99
164.27,40.99
164.28,41.00
164.30,41.00
164.31,41.00
164.33,41.00
164.34,41.00
164.36,41.00
164.37,41.01
164.39,41.01
164.40,41.01
164.42,41.01
164.43,41.01
164.44,41.01
164.46,41.01
164.47,41.02
164.49,41.02
164.50,41.02
164.52,41.02
164.53,41.02
164.55,41.02
164.56,41.03
164.58,41.03
164.59,41.02
164.61,41.02
164.62,41.02
164.64,41.02
164.65,41.02
164.67,41.02
164.68,41.02
164.69,41.02
164.71,41.02
164.72,41.02
164.74,41.02
164.75,41.02
164.77,41.02
164.78,41.02
164.80,41.02
164.81,41.02
164.83,41.02
164.84,41.02
164.86,41.02
164.87,41.02
164.89,41.02
164.90,41.02
164.92,41.02
164.93,41.02
164.94,41.03
164.96,41.03
164.97,41.03
164.99,41.03
165.00,41.03
165.02,41.03
165.03,41.03
165.05,41.03
165.06,41.03
165.08,41.03
165.09,41.03
165.11,41.03
165.12,41.03
165.14,41.03
165.15,41.03
165.17,41.03
165.18,41.03
165.20,41.03
165.21,41.03
165.22,41.03
165.24,41.03
165.25,41.03
165.27,41.03
165.28,41.03
165.30,41.03
165.31,41.02
165.33,41.02
165.34,41.02
165.36,41.02
165.37,41.02
165.39,41.02
165.40,41.02
165.42,41.02
165.43,41.02
165.45,41.02
165.46,41.02
165.47,41.02
165.49,41.02
165.50,41.02
165.52,41.02
165.53,41.02
165.55,41.01
165.56,41.01
165.58,41.01
165.59,41.01
165.61,41.01
165.62,41.01
165.64,41.01
165.65,41.01
165.67,41.01
165.68,41.01
165.70,41.01
165.71,41.01
165.72,41.01
165.74,41.01
165.75,41.01
165.77,41.01
165.78,41.00
165.80,41.00
165.81,41.00
165.83,41.00
165.84,41.00
165.86,41.00
165.87,41.00
165.89,41.00
165.90,41.00
165.92,41.00
165.93,41.00
165.95,41.00
165.96,41.00
165.97,41.00
165.99,41.00
166.00,41.00
166.02,41.00
166.03,41.00
166.05,41.00
166.06,41.00
166.08,41.00
166.09,41.01
166.11,41.01
166.12,41.01
166.14,41.01
166.15,41.01
166.17,41.01
166.18,41.01
166.20,41.02
166.21,41.02
166.22,41.02
166.24,41.02
166.25,41.02
166.27,41.02
166.28,41.03
166.30,41.03
166.31,41.03
166.33,41.03
166.34,41.03
166.36,41.03
166.37,41.04
166.39,41.04
166.40,41.04
166.42,41.04
166.43,41.04
166.45,41.04
166.46,41.04
166.47,41.05
166.49,41.05
166.50,41.05
166.52,41.05
166.53,41.05
166.55,41.05
166.56,41.06
166.58,41.06
166.59,41.06
166.61,41.06
166.62,41.06
166.64,41.06
166.65,41.06
166.67,41.06
166.68,41.06
166.70,41.06
166.71,41.06
166.73,41.06
166.74,41.06
166.75,41.06
166.77,41.06
166.78,41.06
166.80,41.06
166.81,41.06
166.83,41.06
166.84,41.05
166.86,41.05
166.87,41.05
166.89,41.05
166.90,41.05
166.92,41.05
166.93,41.05
166.95,41.05
166.96,41.05
166.98,41.05
166.99,41.05
167.00,41.05
167.02,41.05
167.03,41.05
167.05,41.05
167.06,41.05
167.08,41.04
167.09,41.04
167.11,41.04
167.12,41.04
167.14,41.04
167.15,41.04
167.17,41.04
167.18,41.04
167.20,41.04
167.21,41.04
167.23,41.04
167.24,41.04
167.25,41.04
167.27,41.04
167.28,41.04
167.30,41.04
167.31,41.03
167.33,41.03
167.34,41.03
167.36,41.03
167.37,41.03
167.39,41.03
167.40,41.03
167.42,41.03
167.43,41.03
167.45,41.03
167.46,41.03
167.48,41.03
167.49,41.03
167.50,41.03
167.52,41.03
167.53,41.03
167.55,41.03
167.56,41.02
167.58,41.02
167.59,41.02
167.61,41.02
167.62,41.03
167.64,41.03
167.65,41.03
167.67,41.03
167.68,41.03
167.70,41.03
167.71,41.03
167.73,41.03
167.74,41.03
167.75,41.03
167.77,41.03
167.78,41.03
167.80,41.03
167.81,41.03
167.83,41.03
167.84,41.03
167.86,41.03
167.87,41.03
167.89,41.03
167.90,41.03
167.92,41.03
167.93,41.03
167.95,41.03
167.96,41.03
167.98,41.03
167.99,41.03
168.00,41.03
168.02,41.03
168.03,41.03
168.05,41.03
168.06,41.03
168.08,41.03
168.09,41.03
168.11,41.03
168.12,41.03
168.14,41.03
168.15,41.03
168.17,41.03
168.18,41.03
168.20,41.03
168.21,41.03
168.23,41.03
168.24,41.04
168.26,41.04
168.27,41.04
168.28,41.04
168.30,41.04
168.31,41.04
168.33,41.04
168.34,41.05
168.36,41.05
168.37,41.05
168.39,41.05
168.40,41.05
168.42,41.05
168.43,41.06
168.45,41.06
168.46,41.06
168.48,41.06
168.49,41.06
168.51,41.06
168.52,41.07
168.53,41.07
168.55,41.07
168.56,41.07
168.58,41.07
168.59,41.07
168.61,41.07
168.62,41.08
168.64,41.08
168.65,41.08
168.67,41.08
168.68,41.08
168.70,41.08
168.71,41.08
168.73,41.08
168.74,41.08
168.76,41.08
168.77,41.08
168.78,41.08
168.80,41.08
168.81,41.09
168.83,41.09
168.84,41.09
168.86,41.09
168.87,41.09
168.89,41.09
168.90,41.09
168.92,41.09
168.93,41.09
168.95,41.09
168.96,41.09
168.98,41.09
168.99,41.09
169.01,41.09
169.02,41.08
169.03,41.08
169.05,41.08
169.06,41.08
169.08,41.08
169.09,41.08
169.11,41.08
169.12,41.08
169.14,41.08
169.15,41.09
169.17,41.09
169.18,41.09
169.20,41.09
169.21,41.09
169.23,41.09
169.24,41.10
169.26,41.10
169.27,41.10
169.28,41.10
169.30,41.10
169.31,41.10
169.33,41.10
169.34,41.11
169.36,41.11
169.37,41.11
169.39,41.11
169.40,41.11
169.42,41.11
169.43,41.12
169.45,41.12
169.46,41.12
169.48,41.12
169.49,41.12
169.51,41.12
169.52,41.13
169.53,41.13
169.55,41.13
169.56,41.13
169.58,41.13
169.59,41.13
169.61,41.13
169.62,41.14
169.64,41.14
169.65,41.14
169.67,41.14
169.68,41.14
169.70,41.14
169.71,41.15
169.73,41.15
169.74,41.15
169.76,41.15
169.77,41.15
169.79,41.15
169.80,41.15
169.81,41.16
169.83,41.16
169.84,41.16
169.86,41.16
169.87,41.16
169.89,41.16
169.90,41.17
169.92,41.17
169.93,41.17
169.95,41.17
169.96,41.17
169.98,41.17
169.99,41.18
170.01,41.18
170.02,41.18
170.04,41.18
170.05,41.18
170.06,41.18
170.08,41.18
170.09,41.19
170.11,41.19
170.12,41.19
170.14,41.19
170.15,41.19
170.17,41.19
170.18,41.20
170.20,41.20
170.21,41.20
170.23,41.20
170.24,41.20
170.26,41.20
170.27,41.20
170.29,41.21
170.30,41.21
170.31,41.21
170.33,41.21
170.34,41.21
170.36,41.21
170.37,41.22
170.39,41.22
170.40,41.22
170.42,41.22
170.43,41.22
170.45,41.22
170.46,41.23
170.48,41.23
170.49,41.23
170.51,41.23
170.52,41.22
170.54,41.22
170.55,41.22
170.56,41.22
170.58,41.22
170.59,41.22
170.61,41.22
170.62,41.22
170.64,41.22
170.65,41.22
170.67,41.22
170.68,41.22
170.70,41.22
170.71,41.22
170.73,41.22
170.74,41.22
170.76,41.21
170.77,41.21
170.79,41.21
170.80,41.21
170.81,41.21
170.83,41.21
170.84,41.21
170.86,41.21
170.87,41.21
170.89,41.21
170.90,41.21
170.92,41.21
170.93,41.21
170.95,41.21
170.96,41.21
170.98,41.21
170.99,41.21
171.01,41.21
171.02,41.21
171.04,41.21
171.05,41.21
171.06,41.21
171.08,41.21
171.09,41.21
171.11,41.21
171.12,41.21
171.14,41.21
171.15,41.21
171.17,41.21
171.18,41.21
171.20,41.21
171.21,41.21
171.23,41.21
171.24,41.21
171.26,41.21
171.27,41.21
171.29,41.21
171.30,41.21
171.32,41.21
171.33,41.21
171.34,41.21
171.36,41.21
171.37,41.21
171.39,41.21
171.40,41.21
171.42,41.21
171.43,41.21
171.45,41.21
171.46,41.21
171.48,41.21
171.49,41.21
171.51,41.21
171.52,41.21
171.54,41.21
171.55,41.21
171.57,41.21
171.58,41.21
171.59,41.21
171.61,41.21
171.62,41.21
171.64,41.21
171.65,41.21
171.67,41.21
171.68,41.21
171.70,41.21
171.71,41.21
171.73,41.21
171.74,41.21
171.76,41.21
171.77,41.21
171.79,41.21
171.80,41.21
171.82,41.21
171.83,41.21
171.84,41.22
171.86,41.22
171.87,41.22
171.89,41.22
171.90,41.22
171.92,41.22
171.93,41.22
171.95,41.23
171.96,41.23
171.98,41.23
171.99,41.23
172.01,41.23
172.02,41.23
172.04,41.24
172.05,41.24
172.07,41.24
172.08,41.24
172.09,41.24
172.11,41.24
172.12,41.24
172.14,41.24
172.15,41.24
172.17,41.24
172.18,41.24
172.20,41.24
172.21,41.24
172.23,41.24
172.24,41.24
172.26,41.24
172.27,41.24
172.29,41.24
172.30,41.24
172.32,41.24
172.33,41.24
172.34,41.24
172.36,41.24
172.37,41.24
172.39,41.24
172.40,41.24
172.42,41.24
172.43,41.24
172.45,41.24
172.46,41.23
172.48,41.23
172.49,41.23
172.51,41.23
172.52,41.23
172.54,41.23
172.55,41.23
172.57,41.23
172.58,41.23
172.59,41.23
172.61,41.23
172.62,41.23
172.64,41.23
172.65,41.23
172.67,41.23
172.68,41.22
172.70,41.22
172.71,41.22
172.73,41.22
172.74,41.22
172.76,41.22
172.77,41.22
172.79,41.22
172.80,41.22
172.82,41.22
172.83,41.22
172.85,41.22
172.86,41.22
172.87,41.23
172.89,41.23
172.90,41.23
172.92,41.23
172.93,41.23
172.95,41.23
172.96,41.24
172.98,41.24
172.99,41.24
173.01,41.24
173.02,41.24
173.04,41.24
173.05,41.24
173.07,41.25
173.08,41.25
173.10,41.25
173.11,41.25
173.12,41.25
173.14,41.25
173.15,41.26
173.17,41.26
173.18,41.26
173.20,41.26
173.21,41.26
173.23,41.26
173.24,41.26
173.26,41.27
173.27,41.27
173.29,41.27
173.30,41.27
173.32,41.27
173.33,41.27
173.35,41.28
173.36,41.28
173.37,41.28
173.39,41.28
173.40,41.28
173.42,41.28
173.43,41.28
173.45,41.29
173.46,41.29
173.48,41.29
173.49,41.29
173.51,41.29
173.52,41.29
173.54,41.30
173.55,41.30
173.57,41.30
173.58,41.30
173.60,41.30
173.61,41.30
173.62,41.31
173.64,41.31
173.65,41.31
173.67,41.31
173.68,41.31
173.70,41.31
173.71,41.31
173.73,41.32
173.74,41.32
173.76,41.32
173.77,41.32
173.79,41.32
173.80,41.32
173.82,41.33
173.83,41.33
173.85,41.33
173.86,41.33
173.87,41.33
173.89,41.33
173.90,41.33
173.92,41.34
173.93,41.34
173.95,41.34
173.96,41.34
173.98,41.34
173.99,41.34
174.01,41.35
174.02,41.35
174.04,41.35
174.05,41.35
174.07,41.35
174.08,41.35
174.10,41.35
174.11,41.36
174.12,41.36
174.14,41.36
174.15,41.36
174.17,41.36
174.18,41.36
174.20,41.36
174.21,41.36
174.23,41.36
174.24,41.36
174.26,41.36
174.27,41.36
174.29,41.36
174.30,41.36
174.32,41.36
174.33,41.36
174.35,41.35
174.36,41.35
174.38,41.35
174.39,41.35
174.40,41.35
174.42,41.35
174.43,41.35
174.45,41.35
174.46,41.35
174.48,41.35
174.49,41.35
174.51,41.35
174.52,41.35
174.54,41.35
174.55,41.35
174.57,41.34
174.58,41.34
174.60,41.34
174.61,41.34
174.63,41.34
174.64,41.34
174.65,41.34
174.67,41.34
174.68,41.34
174.70,41.34
174.71,41.34
174.73,41.34
174.74,41.34
174.76,41.34
174.77,41.34
174.79,41.33
174.80,41.33
174.82,41.33
174.83,41.33
174.85,41.33
174.86,41.33
174.88,41.33
174.89,41.33
174.90,41.33
174.92,41.33
174.93,41.33
174.95,41.33
174.96,41.33
174.98,41.33
174.99,41.33
175.01,41.33
175.02,41.32
175.04,41.32
175.05,41.32
175.07,41.32
175.08,41.32
175.10,41.32
175.11,41.32
175.13,41.32
175.14,41.32
175.15,41.32
175.17,41.32
175.18,41.32
175.20,41.32
175.21,41.32
175.23,41.32
175.24,41.31
175.26,41.31
175.27,41.31
175.29,41.31
175.30,41.31
175.32,41.31
175.33,41.31
175.35,41.31
175.36,41.31
175.38,41.31
175.39,41.31
175.40,41.31
175.42,41.31
175.43,41.31
175.45,41.31
175.46,41.31
175.48,41.31
175.49,41.31
175.51,41.31
175.52,41.31
175.54,41.31
175.55,41.31
175.57,41.31
175.58,41.31
175.60,41.31
175.61,41.31
175.63,41.31
175.64,41.31
175.65,41.31
175.67,41.31
175.68,41.31
175.70,41.31
175.71,41.31
175.73,41.31
175.74,41.31
175.76,41.31
175.77,41.31
175.79,41.31
175.80,41.31
175.82,41.31
175.83,41.31
175.85,41.31
175.86,41.31
175.88,41.31
175.89,41.31
175.91,41.31
175.92,41.31
175.93,41.31
175.95,41.31
175.96,41.31
175.98,41.31
175.99,41.31
176.01,41.31
176.02,41.31
176.04,41.31
176.05,41.31
176.07,41.31
176.08,41.31
176.10,41.31
176.11,41.31
176.13,41.31
176.14,41.31
176.16,41.31
176.17,41.31
176.18,41.31
176.20,41.31
176.21,41.31
176.23,41.31
176.24,41.31
176.26,41.31
176.27,41.31
176.29,41.31
176.30,41.31
176.32,41.31
176.33,41.31
176.35,41.31
176.36,41.31
176.38,41.30
176.39,41.30
176.41,41.30
176.42,41.30
176.43,41.30
176.45,41.30
176.46,41.30
176.48,41.30
176.49,41.30
176.51,41.30
176.52,41.30
176.54,41.30
176.55,41.30
176.57,41.30
176.58,41.30
176.60,41.30
176.61,41.30
176.63,41.30
176.64,41.30
176.66,41.31
176.67,41.31
176.68,41.31
176.70,41.31
176.71,41.31
176.73,41.31
176.74,41.32
176.76,41.32
176.77,41.32
176.79,41.32
176.80,41.32
176.82,41.32
176.83,41.32
176.85,41.33
176.86,41.33
176.88,41.33
176.89,41.33
176.91,41.33
176.92,41.33
176.93,41.34
176.95,41.34
176.96,41.34
176.98,41.34
176.99,41.34
177.01,41.34
177.02,41.34
177.04,41.35
177.05,41.35
177.07,41.35
177.08,41.35
177.10,41.35
177.11,41.35
177.13,41.36
177.14,41.36
177.16,41.36
177.17,41.36
177.18,41.36
177.20,41.36
177.21,41.36
177.23,41.37
177.24,41.37
177.26,41.37
177.27,41.37
177.29,41.37
177.30,41.37
177.32,41.38
177.33,41.38
177.35,41.38
177.36,41.38
177.38,41.38
177.39,41.38
177.41,41.38
177.42,41.38
177.44,41.38
177.45,41.38
177.46,41.38
177.48,41.38
177.49,41.38
177.51,41.38
177.52,41.38
177.54,41.38
177.55,41.38
177.57,41.38
177.58,41.38
177.60,41.38
177.61,41.38
177.63,41.38
177.64,41.38
177.66,41.38
177.67,41.38
177.69,41.38
177.70,41.38
177.71,41.38
177.73,41.38
177.74,41.38
177.76,41.38
177.77,41.38
177.79,41.38
177.80,41.38
177.82,41.38
177.83,41.38
177.85,41.38
177.86,41.38
177.88,41.38
177.89,41.38
177.91,41.38
177.92,41.38
177.94,41.38
177.95,41.38
177.96,41.38
177.98,41.38
177.99,41.39
178.01,41.39
178.02,41.39
178.04,41.39
178.05,41.39
178.07,41.39
178.08,41.39
178.10,41.38
178.11,41.38
178.13,41.38
178.14,41.38
178.16,41.38
178.17,41.38
178.19,41.38
178.20,41.38
178.21,41.38
178.23,41.38
178.24,41.38
178.26,41.38
178.27,41.38
178.29,41.38
178.30,41.38
178.32,41.38
178.33,41.37
178.35,41.37
178.36,41.37
178.38,41.37
178.39,41.37
178.41,41.37
178.42,41.37
178.44,41.37
178.45,41.37
178.46,41.37
178.48,41.37
178.49,41.37
178.51,41.37
178.52,41.37
178.54,41.37
178.55,41.37
178.57,41.37
178.58,41.37
178.60,41.37
178.61,41.37
178.63,41.37
178.64,41.37
178.66,41.38
178.67,41.38
178.69,41.38
178.70,41.38
178.71,41.38
178.73,41.38
178.74,41.38
178.76,41.38
178.77,41.38
178.79,41.38
178.80,41.38
178.82,41.38
178.83,41.38
178.85,41.38
178.86,41.38
178.88,41.38
178.89,41.38
178.91,41.38
178.92,41.38
178.94,41.38
178.95,41.37
178.97,41.37
178.98,41.37
178.99,41.37
179.01,41.37
179.02,41.38
179.04,41.38
179.05,41.38
179.07,41.38
179.08,41.38
179.10,41.38
179.11,41.39
179.13,41.39
179.14,41.39
179.16,41.39
179.17,41.39
179.19,41.39
179.20,41.39
179.22,41.40
179.23,41.40
179.24,41.40
179.26,41.40
179.27,41.40
179.29,41.40
179.30,41.41
179.32,41.41
179.33,41.41
179.35,41.41
179.36,41.41
179.38,41.41
179.39,41.41
179.41,41.42
179.42,41.42
179.44,41.42
179.45,41.42
179.47,41.42
179.48,41.42
179.49,41.43
179.51,41.43
179.52,41.43
179.54,41.43
179.55,41.43
179.57,41.43
179.58,41.43
179.60,41.44
179.61,41.44
179.63,41.44
179.64,41.44
179.66,41.44
179.67,41.44
179.69,41.45
179.70,41.45
179.72,41.45
179.73,41.45
179.74,41.45
179.76,41.45
179.77,41.45
179.79,41.46
179.80,41.46
179.82,41.46
179.83,41.46
179.85,41.46
179.86,41.46
179.88,41.47
179.89,41.47
179.91,41.47
179.92,41.47
179.94,41.47
179.95,41.47
179.97,41.47
179.98,41.48
179.99,41.48
180.01,41.48
180.02,41.48
180.04,41.48
180.05,41.48
180.07,41.49
180.08,41.49
180.10,41.49
180.11,41.49
180.13,41.49
180.14,41.49
180.16,41.49
180.17,41.50
180.19,41.50
180.20,41.50
180.22,41.50
180.23,41.50
180.24,41.50
180.26,41.51
180.27,41.51
180.29,41.51
180.30,41.51
180.32,41.51
180.33,41.51
180.35,41.51
180.36,41.51
180.38,41.51
180.39,41.51
180.41,41.51
180.42,41.51
180.44,41.51
180.45,41.51
180.47,41.51
180.48,41.51
180.50,41.51
180.51,41.51
180.52,41.51
180.54,41.51
180.55,41.51
180.57,41.51
180.58,41.51
180.60,41.51
180.61,41.51
180.63,41.51
180.64,41.51
180.66,41.51
180.67,41.51
180.69,41.51
180.70,41.51
180.72,41.51
180.73,41.51
180.75,41.51
180.76,41.51
180.77,41.51
180.79,41.51
180.80,41.52
180.82,41.52
180.83,41.52
180.85,41.52
180.86,41.51
180.88,41.51
180.89,41.51
180.91,41.51
180.92,41.51
180.94,41.51
180.95,41.51
180.97,41.51
180.98,41.51
181.00,41.51
181.01,41.51
181.02,41.51
181.04,41.51
181.05,41.51
181.07,41.51
181.08,41.51
181.10,41.50
181.11,41.50
181.13,41.50
181.14,41.50
181.16,41.50
181.17,41.50
181.19,41.50
181.20,41.50
181.22,41.50
181.23,41.50
181.25,41.50
181.26,41.50
181.27,41.50
181.29,41.50
181.30,41.50
181.32,41.49
181.33,41.49
181.35,41.49
181.36,41.50
181.38,41.50
181.39,41.50
181.41,41.50
181.42,41.50
181.44,41.50
181.45,41.50
181.47,41.51
181.48,41.51
181.50,41.51
181.51,41.51
181.52,41.51
181.54,41.51
181.55,41.52
181.57,41.52
181.58,41.52
181.60,41.52
181.61,41.52
181.63,41.52
181.64,41.52
181.66,41.53
181.67,41.53
181.69,41.53
181.70,41.53
181.72,41.53
181.73,41.53
181.75,41.53
181.76,41.54
181.77,41.54
181.79,41.54
181.80,41.54
181.82,41.54
181.83,41.54
181.85,41.55
181.86,41.55
181.88,41.55
181.89,41.55
181.91,41.55
181.92,41.55
181.94,41.55
181.95,41.56
181.97,41.56
181.98,41.56
182.00,41.56
182.01,41.56
182.03,41.56
182.04,41.57
182.05,41.57
182.07,41.57
182.08,41.57
182.10,41.57
182.11,41.57
182.13,41.57
182.14,41.58
182.16,41.58
182.17,41.58
182.19,41.58
182.20,41.58
182.22,41.58
182.23,41.59
182.25,41.59
182.26,41.59
182.28,41.59
182.29,41.59
182.30,41.59
182.32,41.59
182.33,41.59
182.35,41.59
182.36,41.59
182.38,41.59
182.39,41.59
182.41,41.59
182.42,41.59
182.44,41.59
182.45,41.59
182.47,41.60
182.48,41.60
182.50,41.60
182.51,41.60
182.53,41.60
182.54,41.60
182.55,41.60
182.57,41.60
182.58,41.60
182.60,41.60
182.61,41.60
182.63,41.60
182.64,41.60
182.66,41.60
182.67,41.60
182.69,41.60
182.70,41.60
182.72,41.60
182.73,41.60
182.75,41.60
182.76,41.60
182.78,41.60
182.79,41.60
182.80,41.60
182.82,41.60
182.83,41.60
182.85,41.60
182.86,41.60
182.88,41.60
182.89,41.60
182.91,41.60
182.92,41.60
182.94,41.60
182.95,41.60
182.97,41.60
182.98,41.60
183.00,41.60
183.01,41.60
183.03,41.60
183.04,41.60
183.05,41.59
183.07,41.59
183.08,41.59
183.10,41.59
183.11,41.59
183.13,41.59
183.14,41.59
183.16,41.59
183.17,41.59
183.19,41.59
183.20,41.59
183.22,41.59
183.23,41.59
183.25,41.59
183.26,41.59
183.28,41.59
183.29,41.59
183.30,41.59
183.32,41.59
183.33,41.59
183.35,41.59
183.36,41.60
183.38,41.60
183.39,41.60
183.41,41.60
183.42,41.60
183.44,41.60
183.45,41.61
183.47,41.61
183.48,41.61
183.50,41.61
183.51,41.61
183.53,41.61
183.54,41.61
183.55,41.62
183.57,41.62
183.58,41.62
183.60,41.62
183.61,41.62
183.63,41.62
183.64,41.63
183.66,41.63
183.67,41.63
183.69,41.63
183.70,41.63
183.72,41.63
183.73,41.63
183.75,41.64
183.76,41.64
183.78,41.64
183.79,41.64
183.81,41.64
183.82,41.64
183.83,41.64
183.85,41.64
183.86,41.64
183.88,41.65
183.89,41.65
183.91,41.65
183.92,41.65
183.94,41.65
183.95,41.65
183.97,41.65
183.98,41.65
184.00,41.65
184.01,41.65
184.03,41.65
184.04,41.65
184.06,41.65
184.07,41.65
184.08,41.65
184.10,41.66
184.11,41.66
184.13,41.66
184.14,41.66
184.16,41.66
184.17,41.66
184.19,41.66
184.20,41.66
184.22,41.66
184.23,41.66
184.25,41.66
184.26,41.66
184.28,41.66
184.29,41.66
184.31,41.67
184.32,41.67
184.33,41.67
184.35,41.67
184.36,41.67
184.38,41.67
184.39,41.67
184.41,41.67
184.42,41.67
184.44,41.67
184.45,41.67
184.47,41.67
184.48,41.67
184.50,41.67
184.51,41.67
184.53,41.68
184.54,41.68
184.56,41.68
184.57,41.68
184.58,41.68
184.60,41.68
184.61,41.68
184.63,41.68
184.64,41.68
184.66,41.68
184.67,41.68
184.69,41.68
184.70,41.68
184.72,41.68
184.73,41.68
184.75,41.68
184.76,41.67
184.78,41.67
184.79,41.67
184.81,41.67
184.82,41.67
184.83,41.67
184.85,41.67
184.86,41.67
184.88,41.67
184.89,41.67
184.91,41.67
184.92,41.67
184.94,41.67
184.95,41.67
184.97,41.67
184.98,41.66
185.00,41.66
185.01,41.66
185.03,41.66
185.04,41.66
185.06,41.66
185.07,41.66
185.08,41.66
185.10,41.66
185.11,41.66
185.13,41.66
185.14,41.66
185.16,41.66
185.17,41.66
185.19,41.66
185.20,41.65
185.22,41.65
185.23,41.65
185.25,41.65
185.26,41.65
185.28,41.65
185.29,41.65
185.31,41.65
185.32,41.65
185.34,41.65
185.35,41.65
185.36,41.65
185.38,41.65
185.39,41.65
185.41,41.64
185.42,41.64
185.44,41.64
185.45,41.64
185.47,41.64
185.48,41.64
185.50,41.64
185.51,41.64
185.53,41.64
185.54,41.64
185.56,41.64
185.57,41.64
185.59,41.64
185.60,41.64
185.61,41.64
185.63,41.63
185.64,41.63
185.66,41.63
185.67,41.63
185.69,41.63
185.70,41.63
185.72,41.63
185.73,41.63
185.75,41.63
185.76,41.63
185.78,41.63
185.79,41.63
185.81,41.63
185.82,41.63
185.84,41.63
185.85,41.62
185.86,41.62
185.88,41.62
185.89,41.62
185.91,41.62
185.92,41.62
185.94,41.62
185.95,41.62
185.97,41.62
185.98,41.62
186.00,41.62
186.01,41.62
186.03,41.62
186.04,41.62
186.06,41.62
186.07,41.61
186.09,41.61
186.10,41.61
186.11,41.61
186.13,41.61
186.14,41.61
186.16,41.61
186.17,41.61
186.19,41.61
186.20,41.61
186.22,41.61
186.23,41.61
186.25,41.61
186.26,41.61
186.28,41.60
186.29,41.60
186.31,41.60
186.32,41.60
186.34,41.60
186.35,41.60
186.36,41.60
186.38,41.60
186.39,41.60
186.41,41.60
186.42,41.60
186.44,41.60
186.45,41.60
186.47,41.60
186.48,41.60
186.50,41.60
186.51,41.60
186.53,41.60
186.54,41.60
186.56,41.60
186.57,41.60
186.59,41.60
186.60,41.60
186.61,41.60
186.63,41.60
186.64,41.60
186.66,41.60
186.67,41.60
186.69,41.60
186.70,41.60
186.72,41.60
186.73,41.60
186.75,41.60
186.76,41.60
186.78,41.60
186.79,41.60
186.81,41.60
186.82,41.60
186.84,41.60
186.85,41.60
186.87,41.60
186.88,41.60
186.89,41.60
186.91,41.60
186.92,41.60
186.94,41.60
186.95,41.60
186.97,41.60
186.98,41.60
187.00,41.60
187.01,41.60
187.03,41.60
187.04,41.60
187.06,41.60
187.07,41.60
187.09,41.60
187.10,41.60
187.12,41.60
187.13,41.60
187.14,41.60
187.16,41.60
187.17,41.60
187.19,41.60
187.20,41.60
187.22,41.60
187.23,41.60
187.25,41.60
187.26,41.60
187.28,41.60
187.29,41.60
187.31,41.60
187.32,41.60
187.34,41.60
187.35,41.60
187.37,41.60
187.38,41.60
187.39,41.60
187.41,41.60
187.42,41.60
187.44,41.60
187.45,41.60
187.47,41.60
187.48,41.60
187.50,41.60
187.51,41.60
187.53,41.60
187.54,41.61
187.56,41.61
187.57,41.61
187.59,41.60
187.60,41.60
187.62,41.60
187.63,41.60
187.64,41.60
187.66,41.60
187.67,41.61
187.69,41.61
187.70,41.61
187.72,41.61
187.73,41.61
187.75,41.61
187.76,41.61
187.78,41.62
187.79,41.62
187.81,41.62
187.82,41.62
187.84,41.62
187.85,41.62
187.87,41.63
187.88,41.63
187.89,41.63
187.91,41.63
187.92,41.63
187.94,41.63
187.95,41.63
187.97,41.64
187.98,41.64
188.00,41.64
188.01,41.64
188.03,41.64
188.04,41.64
188.06,41.64
188.07,41.65
188.09,41.65
188.10,41.65
188.12,41.65
188.13,41.65
188.14,41.65
188.16,41.66
188.17,41.66
188.19,41.66
188.20,41.66
188.22,41.66
188.23,41.66
188.25,41.66
188.26,41.67
188.28,41.67
188.29,41.67
188.31,41.67
188.32,41.67
188.34,41.67
188.35,41.68
188.37,41.68
188.38,41.68
188.40,41.68
188.41,41.68
188.42,41.68
188.44,41.68
188.45,41.69
188.47,41.69
188.48,41.69
188.50,41.69
188.51,41.69
188.53,41.69
188.54,41.69
188.56,41.70
188.57,41.70
188.59,41.70
188.60,41.70
188.62,41.70
188.63,41.70
188.65,41.71
188.66,41.71
188.67,41.71
188.69,41.71
188.70,41.71
188.72,41.71
188.73,41.71
188.75,41.72
188.76,41.72
188.78,41.72
188.79,41.72
188.81,41.72
188.82,41.72
188.84,41.73
188.85,41.73
188.87,41.73
188.88,41.73
188.90,41.73
188.91,41.73
188.92,41.73
188.94,41.74
188.95,41.74
188.97,41.74
188.98,41.74
189.00,41.74
189.01,41.74
189.03,41.74
189.04,41.75
189.06,41.75
189.07,41.75
189.09,41.75
189.10,41.75
189.12,41.75
189.13,41.76
189.15,41.76
189.16,41.76
189.17,41.76
189.19,41.76
189.20,41.76
189.22,41.76
189.23,41.76
189.25,41.76
189.26,41.76
189.28,41.76
189.29,41.76
189.31,41.76
189.32,41.76
189.34,41.76
189.35,41.76
189.37,41.76
189.38,41.76
189.40,41.76
189.41,41.76
189.42,41.76
189.44,41.76
189.45,41.76
189.47,41.76
189.48,41.76
189.50,41.75
189.51,41.75
189.53,41.75
189.54,41.75
189.56,41.75
189.57,41.75
189.59,41.75
189.60,41.75
189.62,41.75
189.63,41.75
189.65,41.75
189.66,41.75
189.67,41.75
189.69,41.75
189.70,41.74
189.72,41.74
189.73,41.74
189.75,41.74
189.76,41.74
189.78,41.74
189.79,41.74
189.81,41.74
189.82,41.74
189.84,41.74
189.85,41.74
189.87,41.74
189.88,41.74
189.90,41.74
189.91,41.74
189.93,41.73
189.94,41.73
189.95,41.73
189.97,41.73
189.98,41.73
190.00,41.73
190.01,41.73
190.03,41.73
190.04,41.73
190.06,41.73
190.07,41.73
190.09,41.73
190.10,41.73
190.12,41.73
190.13,41.72
190.15,41.72
190.16,41.72
190.18,41.72
190.19,41.72
190.20,41.72
190.22,41.72
190.23,41.72
190.25,41.72
190.26,41.72
190.28,41.72
190.29,41.72
190.31,41.72
190.32,41.72
190.34,41.72
190.35,41.72
190.37,41.72
190.38,41.72
190.40,41.72
190.41,41.72
190.43,41.72
190.44,41.72
190.45,41.72
190.47,41.72
190.48,41.72
190.50,41.72
190.51,41.72
190.53,41.72
190.54,41.72
190.56,41.72
190.57,41.72
190.59,41.72
190.60,41.72
190.62,41.72
190.63,41.72
190.65,41.72
190.66,41.72
190.68,41.72
190.69,41.72
190.70,41.72
190.72,41.72
190.73,41.72
190.75,41.72
190.76,41.72
190.78,41.72
190.79,41.72
190.81,41.72
190.82,41.72
190.84,41.72
190.85,41.72
190.87,41.72
190.88,41.72
190.90,41.72
190.91,41.73
190.93,41.73
190.94,41.73
190.95,41.73
190.97,41.73
190.98,41.73
191.00,41.73
191.01,41.74
191.03,41.74
191.04,41.74
191.06,41.74
191.07,41.74
191.09,41.74
191.10,41.74
191.12,41.75
191.13,41.75
191.15,41.75
191.16,41.75
191.18,41.75
191.19,41.75
191.20,41.76
191.22,41.76
191.23,41.76
191.25,41.76
191.26,41.76
191.28,41.76
191.29,41.76
191.31,41.77
191.32,41.77
191.34,41.77
191.35,41.77
191.37,41.77
191.38,41.77
191.40,41.77
191.41,41.78
191.43,41.78
191.44,41.78
191.46,41.78
191.47,41.78
191.48,41.78
191.50,41.78
191.51,41.78
191.53,41.78
191.54,41.78
191.56,41.78
191.57,41.78
191.59,41.78
191.60,41.78
191.62,41.78
191.63,41.78
191.65,41.78
191.66,41.78
191.68,41.78
191.69,41.78
191.71,41.78
191.72,41.78
191.73,41.78
191.75,41.78
191.76,41.78
191.78,41.78
191.79,41.78
191.81,41.78
191.82,41.79
191.84,41.79
191.85,41.79
191.87,41.79
191.88,41.79
191.90,41.79
191.91,41.79
191.93,41.79
191.94,41.79
191.96,41.79
191.97,41.79
191.98,41.79
192.00,41.79
192.01,41.78
192.03,41.78
192.04,41.78
192.06,41.78
192.07,41.78
192.09,41.78
192.10,41.78
192.12,41.78
192.13,41.78
192.15,41.78
192.16,41.78
192.18,41.78
192.19,41.78
192.21,41.78
192.22,41.78
192.23,41.77
192.25,41.77
192.26,41.77
192.28,41.77
192.29,41.77
192.31,41.77
192.32,41.77
192.34,41.77
192.35,41.77
192.37,41.77
192.38,41.77
192.40,41.77
192.41,41.77
192.43,41.77
192.44,41.77
192.46,41.77
192.47,41.77
192.48,41.77
192.50,41.77
192.51,41.78
192.53,41.78
192.54,41.78
192.56,41.78
192.57,41.78
192.59,41.78
192.60,41.78
192.62,41.79
192.63,41.79
192.65,41.79
192.66,41.79
192.68,41.79
192.69,41.79
192.71,41.79
192.72,41.79
192.73,41.79
192.75,41.79
192.76,41.79
192.78,41.79
192.79,41.79
192.81,41.79
192.82,41.79
192.84,41.79
192.85,41.79
192.87,41.79
192.88,41.79
192.90,41.79
192.91,41.79
192.93,41.79
192.94,41.79
192.96,41.79
192.97,41.79
192.99,41.79
193.00,41.79
193.01,41.79
193.03,41.79
193.04,41.79
193.06,41.79
193.07,41.79
193.09,41.79
193.10,41.79
193.12,41.79
193.13,41.79
193.15,41.79
193.16,41.79
193.18,41.79
193.19,41.79
193.21,41.79
193.22,41.79
193.24,41.79
193.25,41.79
193.26,41.79
193.28,41.79
193.29,41.79
193.31,41.78
193.32,41.78
193.34,41.78
193.35,41.78
193.37,41.78
193.38,41.78
193.40,41.78
193.41,41.78
193.43,41.78
193.44,41.78
193.46,41.78
193.47,41.79
193.49,41.79
193.50,41.79
193.51,41.79
193.53,41.79
193.54,41.79
193.56,41.80
193.57,41.80
193.59,41.80
193.60,41.80
193.62,41.80
193.63,41.80
193.65,41.80
193.66,41.81
193.68,41.81
193.69,41.81
193.71,41.81
193.72,41.81
193.74,41.81
193.75,41.81
193.76,41.82
193.78,41.82
193.79,41.82
193.81,41.82
193.82,41.82
193.84,41.82
193.85,41.83
193.87,41.83
193.88,41.83
193.90,41.83
193.91,41.83
193.93,41.83
193.94,41.83
193.96,41.83
193.97,41.83
193.99,41.83
194.00,41.83
194.01,41.83
194.03,41.83
194.04,41.83
194.06,41.83
194.07,41.83
194.09,41.83
194.10,41.83
194.12,41.83
194.13,41.83
194.15,41.83
194.16,41.83
194.18,41.83
194.19,41.83
194.21,41.83
194.22,41.83
194.24,41.83
194.25,41.83
194.26,41.83
194.28,41.83
194.29,41.83
194.31,41.83
194.32,41.83
194.34,41.83
194.35,41.83
194.37,41.83
194.38,41.83
194.40,41.83
194.41,41.83
194.43,41.83
194.44,41.83
194.46,41.83
194.47,41.83
194.49,41.83
194.50,41.82
194.52,41.82
194.53,41.82
194.54,41.82
194.56,41.82
194.57,41.82
194.59,41.82
194.60,41.82
194.62,41.82
194.63,41.82
194.65,41.82
194.66,41.82
194.68,41.82
194.69,41.82
194.71,41.82
194.72,41.82
194.74,41.82
194.75,41.82
194.77,41.83
194.78,41.83
194.79,41.83
194.81,41.83
194.82,41.83
194.84,41.83
194.85,41.84
194.87,41.84
194.88,41.84
194.90,41.84
194.91,41.84
194.93,41.84
194.94,41.84
194.96,41.85
194.97,41.85
194.99,41.85
195.00,41.85
195.02,41.85
195.03,41.85
195.04,41.85
195.06,41.86
195.07,41.86
195.09,41.86
195.10,41.86
195.12,41.86
195.13,41.86
195.15,41.87
195.16,41.87
195.18,41.87
195.19,41.87
195.21,41.87
195.22,41.87
195.24,41.87
195.25,41.88
195.27,41.88
195.28,41.88
195.29,41.88
195.31,41.88
195.32,41.88
195.34,41.88
195.35,41.88
195.37,41.88
195.38,41.88
195.40,41.88
195.41,41.89
195.43,41.89
195.44,41.89
195.46,41.89
195.47,41.89
195.49,41.89
195.50,41.89
195.52,41.89
195.53,41.89
195.54,41.89
195.56,41.89
195.57,41.89
195.59,41.89
195.60,41.89
195.62,41.90
195.63,41.90
195.65,41.90
195.66,41.90
195.68,41.90
195.69,41.90
195.71,41.90
195.72,41.90
195.74,41.90
195.75,41.90
195.77,41.90
195.78,41.90
195.79,41.90
195.81,41.90
195.82,41.90
195.84,41.90
195.85,41.91
195.87,41.91
195.88,41.91
195.90,41.91
195.91,41.91
195.93,41.91
195.94,41.91
195.96,41.91
195.97,41.91
195.99,41.91
196.00,41.91
196.02,41.91
196.03,41.91
196.05,41.91
196.06,41.91
196.07,41.91
196.09,41.91
196.10,41.91
196.12,41.91
196.13,41.91
196.15,41.91
196.16,41.91
196.18,41.91
196.19,41.91
196.21,41.90
196.22,41.90
196.24,41.90
196.25,41.90
196.27,41.90
196.28,41.90
196.30,41.90
196.31,41.90
196.32,41.90
196.34,41.90
196.35,41.90
196.37,41.90
196.38,41.90
196.40,41.90
196.41,41.89
196.43,41.89
196.44,41.89
196.46,41.89
196.47,41.89
196.49,41.89
196.50,41.89
196.52,41.89
196.53,41.89
196.55,41.89
196.56,41.89
196.57,41.89
196.59,41.89
196.60,41.89
196.62,41.88
196.63,41.88
196.65,41.88
196.66,41.88
196.68,41.88
196.69,41.88
196.71,41.88
196.72,41.88
196.74,41.88
196.75,41.88
196.77,41.88
196.78,41.88
196.80,41.88
196.81,41.88
196.82,41.88
196.84,41.87
196.85,41.87
196.87,41.87
196.88,41.87
196.90,41.87
196.91,41.87
196.93,41.87
196.94,41.87
196.96,41.87
196.97,41.87
196.99,41.87
197.00,41.87
197.02,41.87
197.03,41.87
197.05,41.86
197.06,41.86
197.07,41.86
197.09,41.86
197.10,41.86
197.12,41.86
197.13,41.86
197.15,41.86
197.16,41.86
197.18,41.86
197.19,41.86
197.21,41.86
197.22,41.86
197.24,41.86
197.25,41.85
197.27,41.85
197.28,41.85
197.30,41.85
197.31,41.85
197.32,41.85
197.34,41.85
197.35,41.85
197.37,41.85
197.38,41.85
197.40,41.85
197.41,41.85
197.43,41.85
197.44,41.85
197.46,41.84
197.47,41.84
197.49,41.84
197.50,41.84
197.52,41.84
197.53,41.84
197.55,41.84
197.56,41.84
197.58,41.84
197.59,41.84
197.60,41.84
197.62,41.84
197.63,41.84
197.65,41.84
197.66,41.83
197.68,41.83
197.69,41.83
197.71,41.83
197.72,41.83
197.74,41.83
197.75,41.83
197.77,41.83
197.78,41.83
197.80,41.83
197.81,41.83
197.83,41.83
197.84,41.83
197.85,41.83
197.87,41.83
197.88,41.82
197.90,41.82
197.91,41.82
197.93,41.82
197.94,41.82
197.96,41.82
197.97,41.82
197.99,41.82
198.00,41.82
198.02,41.82
198.03,41.82
198.05,41.82
198.06,41.82
198.08,41.82
198.09,41.81
198.10,41.81
198.12,41.81
198.13,41.81
198.15,41.81
198.16,41.81
198.18,41.81
198.19,41.81
198.21,41.81
198.22,41.81
198.24,41.81
198.25,41.81
198.27,41.81
198.28,41.81
198.30,41.80
198.31,41.80
198.33,41.80
198.34,41.80
198.35,41.80
198.37,41.80
198.38,41.80
198.40,41.80
198.41,41.80
198.43,41.80
198.44,41.80
198.46,41.80
198.47,41.80
198.49,41.80
198.50,41.80
198.52,41.79
198.53,41.79
198.55,41.79
198.56,41.79
198.58,41.79
198.59,41.79
198.60,41.79
198.62,41.79
198.63,41.79
198.65,41.79
198.66,41.79
198.68,41.79
198.69,41.79
198.71,41.79
198.72,41.78
198.74,41.78
198.75,41.78
198.77,41.78
198.78,41.78
198.80,41.78
198.81,41.78
198.83,41.78
198.84,41.78
198.85,41.78
198.87,41.78
198.88,41.78
198.90,41.78
198.91,41.78
198.93,41.77
198.94,41.77
198.96,41.77
198.97,41.77
198.99,41.77
199.00,41.77
199.02,41.77
199.03,41.77
199.05,41.77
199.06,41.77
199.08,41.77
199.09,41.77
199.11,41.77
199.12,41.77
199.13,41.77
199.15,41.76
199.16,41.76
199.18,41.76
199.19,41.76
199.21,41.76
199.22,41.76
199.24,41.76
199.25,41.76
199.27,41.76
199.28,41.76
199.30,41.76
199.31,41.76
199.33,41.76
199.34,41.76
199.36,41.75
199.37,41.75
199.38,41.75
199.40,41.75
199.41,41.75
199.43,41.75
199.44,41.75
199.46,41.75
199.47,41.75
199.49,41.75
199.50,41.75
199.52,41.75
199.53,41.75
199.55,41.75
199.56,41.75
199.58,41.74
199.59,41.74
199.61,41.74
199.62,41.74
199.63,41.74
199.65,41.74
199.66,41.74
199.68,41.74
199.69,41.74
199.71,41.74
199.72,41.74
199.74,41.74
199.75,41.74
199.77,41.74
199.78,41.73
199.80,41.73
199.81,41.73
199.83,41.73
199.84,41.73
199.86,41.73
199.87,41.73
199.88,41.73
199.90,41.73
199.91,41.73
199.93,41.73
199.94,41.73
199.96,41.73
199.97,41.73
199.99,41.73
200.00,41.72
200.02,41.72
200.03,41.72
200.05,41.72
200.06,41.72
200.08,41.72
200.09,41.72
200.11,41.72
200.12,41.72
200.13,41.72
200.15,41.72
200.16,41.72
200.18,41.72
200.19,41.72
200.21,41.71
200.22,41.71
200.24,41.71
200.25,41.71
200.27,41.71
200.28,41.71
200.30,41.71
200.31,41.71
200.33,41.71
200.34,41.71
200.36,41.71
200.37,41.71
200.38,41.71
200.40,41.71
200.41,41.71
200.43,41.70
200.44,41.70
200.46,41.70
200.47,41.70
200.49,41.70
200.50,41.70
200.52,41.70
200.53,41.70
200.55,41.70
200.56,41.70
200.58,41.70
200.59,41.70
200.61,41.70
200.62,41.70
200.64,41.69
200.65,41.69
200.66,41.69
200.68,41.69
200.69,41.69
200.71,41.69
200.72,41.69
200.74,41.69
200.75,41.69
200.77,41.69
200.78,41.69
200.80,41.69
200.81,41.69
200.83,41.69
200.84,41.69
200.86,41.68
200.87,41.68
200.89,41.68
200.90,41.68
200.91,41.68
200.93,41.68
200.94,41.68
200.96,41.68
200.97,41.68
200.99,41.68
201.00,41.68
201.02,41.68
201.03,41.68
201.05,41.68
201.06,41.68
201.08,41.67
201.09,41.67
201.11,41.67
201.12,41.67
201.14,41.67
201.15,41.67
201.16,41.67
201.18,41.67
201.19,41.67
201.21,41.67
201.22,41.67
201.24,41.67
201.25,41.67
201.27,41.67
201.28,41.66
201.30,41.66
201.31,41.66
201.33,41.66
201.34,41.66
201.36,41.66
201.37,41.66
201.39,41.66
201.40,41.66
201.41,41.66
201.43,41.66
201.44,41.66
201.46,41.66
201.47,41.66
201.49,41.66
201.50,41.66
201.52,41.66
201.53,41.66
201.55,41.66
201.56,41.66
201.58,41.66
201.59,41.66
201.61,41.66
201.62,41.66
201.64,41.66
201.65,41.66
201.66,41.65
201.68,41.65
201.69,41.65
201.71,41.65
201.72,41.65
201.74,41.65
201.75,41.65
201.77,41.65
201.78,41.65
201.80,41.65
201.81,41.65
201.83,41.65
201.84,41.65
201.86,41.65
201.87,41.65
201.89,41.65
201.90,41.65
201.91,41.65
201.93,41.65
201.94,41.65
201.96,41.65
201.97,41.65
201.99,41.65
202.00,41.65
202.02,41.65
202.03,41.65
202.05,41.65
202.06,41.65
202.08,41.65
202.09,41.65
202.11,41.65
202.12,41.65
202.14,41.65
202.15,41.65
202.17,41.65
202.18,41.65
202.19,41.65
202.21,41.65
202.22,41.65
202.24,41.65
202.25,41.65
202.27,41.65
202.28,41.65
202.30,41.65
202.31,41.65
202.33,41.65
202.34,41.65
202.36,41.65
202.37,41.65
202.39,41.65
202.40,41.65
202.42,41.65
202.43,41.65
202.44,41.65
202.46,41.65
202.47,41.65
202.49,41.65
202.50,41.65
202.52,41.65
202.53,41.65
202.55,41.65
202.56,41.65
202.58,41.65
202.59,41.65
202.61,41.65
202.62,41.65
202.64,41.65
202.65,41.65
202.67,41.65
202.68,41.65
202.69,41.65
202.71,41.65
202.72,41.65
202.74,41.65
202.75,41.65
202.77,41.65
202.78,41.65
202.80,41.65
202.81,41.65
202.83,41.65
202.84,41.65
202.86,41.65
202.87,41.65
202.89,41.65
202.90,41.65
202.92,41.65
202.93,41.65
202.94,41.65
202.96,41.65
202.97,41.65
202.99,41.65
203.00,41.65
203.02,41.65
203.03,41.65
203.05,41.65
203.06,41.65
203.08,41.65
203.09,41.65
203.11,41.65
203.12,41.65
203.14,41.65
203.15,41.64
203.17,41.64
203.18,41.64
203.19,41.64
203.21,41.64
203.22,41.64
203.24,41.64
203.25,41.64
203.27,41.64
203.28,41.64
203.30,41.64
203.31,41.64
203.33,41.64
203.34,41.64
203.36,41.63
203.37,41.63
203.39,41.63
203.40,41.63
203.42,41.63
203.43,41.63
203.44,41.63
203.46,41.63
203.47,41.63
203.49,41.63
203.50,41.63
203.52,41.63
203.53,41.63
203.55,41.64
203.56,41.64
203.58,41.64
203.59,41.64
203.61,41.64
203.62,41.64
203.64,41.64
203.65,41.65
203.67,41.65
203.68,41.65
203.69,41.65
203.71,41.65
203.72,41.65
203.74,41.66
203.75,41.66
203.77,41.66
203.78,41.66
203.80,41.66
203.81,41.66
203.83,41.66
203.84,41.67
203.86,41.67
203.87,41.67
203.89,41.67
203.90,41.67
203.92,41.67
203.93,41.68
203.95,41.68
203.96,41.68
203.97,41.68
203.99,41.68
204.00,41.68
204.02,41.68
204.03,41.69
204.05,41.69
204.06,41.69
204.08,41.69
204.09,41.69
204.11,41.69
204.12,41.70
204.14,41.70
204.15,41.70
204.17,41.70
204.18,41.70
204.20,41.70
204.21,41.70
204.22,41.71
204.24,41.71
204.25,41.71
204.27,41.71
204.28,41.71
204.30,41.71
204.31,41.72
204.33,41.72
204.34,41.72
204.36,41.72
204.37,41.72
204.39,41.72
204.40,41.72
204.42,41.73
204.43,41.73
204.45,41.73
204.46,41.73
204.47,41.73
204.49,41.73
204.50,41.74
204.52,41.74
204.53,41.74
204.55,41.74
204.56,41.74
204.58,41.74
204.59,41.74
204.61,41.75
204.62,41.75
204.64,41.75
204.65,41.75
204.67,41.75
204.68,41.75
204.70,41.75
204.71,41.76
204.72,41.76
204.74,41.76
204.75,41.76
204.77,41.76
204.78,41.76
204.80,41.77
204.81,41.77
204.83,41.77
204.84,41.77
204.86,41.77
204.87,41.77
204.89,41.77
204.90,41.78
204.92,41.78
204.93,41.78
204.95,41.78
204.96,41.78
204.97,41.78
204.99,41.79
205.00,41.79
205.02,41.79
205.03,41.79
205.05,41.79
205.06,41.79
205.08,41.79
205.09,41.79
205.11,41.79
205.12,41.79
205.14,41.79
205.15,41.78
205.17,41.78
205.18,41.78
205.20,41.78
205.21,41.78
205.22,41.78
205.24,41.78
205.25,41.78
205.27,41.78
205.28,41.78
205.30,41.78
205.31,41.78
205.33,41.78
205.34,41.78
205.36,41.77
205.37,41.77
205.39,41.77
205.40,41.77
205.42,41.77
205.43,41.77
205.45,41.77
205.46,41.77
205.48,41.77
205.49,41.77
205.50,41.77
205.52,41.77
205.53,41.77
205.55,41.77
205.56,41.76
205.58,41.76
205.59,41.76
205.61,41.76
205.62,41.76
205.64,41.76
205.65,41.76
205.67,41.76
205.68,41.76
205.70,41.76
205.71,41.76
205.73,41.76
205.74,41.76
205.75,41.76
205.77,41.76
205.78,41.75
205.80,41.75
205.81,41.75
205.83,41.75
205.84,41.75
205.86,41.75
205.87,41.75
205.89,41.75
205.90,41.75
205.92,41.75
205.93,41.75
205.95,41.75
205.96,41.75
205.98,41.75
205.99,41.74
206.00,41.74
206.02,41.74
206.03,41.74
206.05,41.74
206.06,41.74
206.08,41.74
206.09,41.74
206.11,41.74
206.12,41.74
206.14,41.74
206.15,41.74
206.17,41.74
206.18,41.74
206.20,41.74
206.21,41.73
206.23,41.73
206.24,41.73
206.25,41.73
206.27,41.73
206.28,41.73
206.30,41.73
206.31,41.73
206.33,41.73
206.34,41.73
206.36,41.73
206.37,41.73
206.39,41.73
206.40,41.73
206.42,41.72
206.43,41.72
206.45,41.72
206.46,41.72
206.48,41.72
206.49,41.72
206.50,41.72
206.52,41.72
206.53,41.72
206.55,41.72
206.56,41.72
206.58,41.72
206.59,41.72
206.61,41.72
206.62,41.72
206.64,41.71
206.65,41.71
206.67,41.71
206.68,41.71
206.70,41.71
206.71,41.71
206.73,41.71
206.74,41.71
206.75,41.71
206.77,41.71
206.78,41.71
206.80,41.71
206.81,41.71
206.83,41.71
206.84,41.70
206.86,41.70
206.87,41.70
206.89,41.70
206.90,41.70
206.92,41.70
206.93,41.70
206.95,41.70
206.96,41.70
206.98,41.70
206.99,41.70
207.01,41.70
207.02,41.70
207.03,41.70
207.05,41.70
207.06,41.69
207.08,41.69
207.09,41.69
207.11,41.69
207.12,41.69
207.14,41.69
207.15,41.69
207.17,41.69
207.18,41.69
207.20,41.69
207.21,41.69
207.23,41.69
207.24,41.69
207.26,41.69
207.27,41.69
207.28,41.68
207.30,41.68
207.31,41.68
207.33,41.68
207.34,41.68
207.36,41.68
207.37,41.68
207.39,41.68
207.40,41.68
207.42,41.68
207.43,41.68
207.45,41.68
207.46,41.68
207.48,41.68
207.49,41.67
207.51,41.67
207.52,41.67
207.53,41.67
207.55,41.67
207.56,41.67
207.58,41.67
207.59,41.67
207.61,41.67
207.62,41.67
207.64,41.67
207.65,41.67
207.67,41.67
207.68,41.67
207.70,41.67
207.71,41.66
207.73,41.66
207.74,41.66
207.76,41.66
207.77,41.66
207.78,41.66
207.80,41.66
207.81,41.66
207.83,41.66
207.84,41.66
207.86,41.66
207.87,41.66
207.89,41.66
207.90,41.66
207.92,41.65
207.93,41.65
207.95,41.65
207.96,41.65
207.98,41.65
207.99,41.65
208.01,41.65
208.02,41.65
208.03,41.65
208.05,41.65
208.06,41.65
208.08,41.65
208.09,41.65
208.11,41.65
208.12,41.65
208.14,41.64
208.15,41.64
208.17,41.64
208.18,41.64
208.20,41.64
208.21,41.64
208.23,41.64
208.24,41.64
208.26,41.64
208.27,41.64
208.28,41.64
208.30,41.64
208.31,41.64
208.33,41.64
208.34,41.64
208.36,41.63
208.37,41.63
208.39,41.63
208.40,41.63
208.42,41.63
208.43,41.63
208.45,41.63
208.46,41.63
208.48,41.63
208.49,41.63
208.51,41.63
208.52,41.63
208.54,41.63
208.55,41.63
208.56,41.62
208.58,41.62
208.59,41.62
208.61,41.62
208.62,41.62
208.64,41.62
208.65,41.62
208.67,41.62
208.68,41.62
208.70,41.62
208.71,41.62
208.73,41.62
208.74,41.62
208.76,41.62
208.77,41.62
208.79,41.61
208.80,41.61
208.81,41.61
208.83,41.61
208.84,41.61
208.86,41.61
208.87,41.61
208.89,41.61
208.90,41.61
208.92,41.61
208.93,41.61
208.95,41.61
208.96,41.61
208.98,41.61
208.99,41.61
209.01,41.61
209.02,41.61
209.04,41.61
209.05,41.61
209.06,41.61
209.08,41.61
209.09,41.61
209.11,41.61
209.12,41.61
209.14,41.61
209.15,41.61
209.17,41.61
209.18,41.61
209.20,41.61
209.21,41.61
209.23,41.61
209.24,41.61
209.26,41.61
209.27,41.61
209.29,41.61
209.30,41.61
209.31,41.61
209.33,41.61
209.34,41.61
209.36,41.61
209.37,41.61
209.39,41.61
209.40,41.61
209.42,41.61
209.43,41.61
209.45,41.61
209.46,41.61
209.48,41.61
209.49,41.61
209.51,41.61
209.52,41.61
209.54,41.61
209.55,41.61
209.56,41.61
209.58,41.61
209.59,41.61
209.61,41.61
209.62,41.61
209.64,41.61
209.65,41.61
209.67,41.61
209.68,41.61
209.70,41.61
209.71,41.61
209.73,41.61
209.74,41.61
209.76,41.61
209.77,41.61
209.79,41.61
209.80,41.61
209.81,41.61
209.83,41.61
209.84,41.61
209.86,41.61
209.87,41.61
209.89,41.61
209.90,41.61
209.92,41.61
209.93,41.61
209.95,41.61
209.96,41.62
209.98,41.62
209.99,41.62
210.01,41.62
210.02,41.62
210.04,41.62
210.05,41.63
210.07,41.63
210.08,41.63
210.09,41.63
210.11,41.63
210.12,41.63
210.14,41.63
210.15,41.64
210.17,41.64
210.18,41.64
210.20,41.64
210.21,41.64
210.23,41.64
210.24,41.65
210.26,41.65
210.27,41.65
210.29,41.65
210.30,41.65
210.32,41.65
210.33,41.65
210.34,41.66
210.36,41.66
210.37,41.66
210.39,41.66
210.40,41.66
210.42,41.66
210.43,41.67
210.45,41.67
210.46,41.67
210.48,41.67
210.49,41.67
210.51,41.67
210.52,41.67
210.54,41.68
210.55,41.68
210.57,41.68
210.58,41.68
210.59,41.68
210.61,41.68
210.62,41.69
210.64,41.69
210.65,41.69
210.67,41.69
210.68,41.69
210.70,41.69
210.71,41.70
210.73,41.70
210.74,41.70
210.76,41.70
210.77,41.70
210.79,41.70
210.80,41.70
210.82,41.71
210.83,41.71
210.84,41.71
210.86,41.71
210.87,41.71
210.89,41.71
210.90,41.72
210.92,41.72
210.93,41.72
210.95,41.72
210.96,41.71
210.98,41.71
210.99,41.71
211.01,41.71
211.02,41.71
211.04,41.71
211.05,41.71
211.07,41.71
211.08,41.71
211.09,41.71
211.11,41.71
211.12,41.71
211.14,41.71
211.15,41.71
211.17,41.70
211.18,41.70
211.20,41.70
211.21,41.70
211.23,41.70
211.24,41.70
211.26,41.70
211.27,41.70
211.29,41.70
211.30,41.70
211.32,41.70
211.33,41.70
211.34,41.70
211.36,41.70
211.37,41.70
211.39,41.70
211.40,41.70
211.42,41.70
211.43,41.70
211.45,41.70
211.46,41.70
211.48,41.70
211.49,41.70
211.51,41.70
211.52,41.70
211.54,41.70
211.55,41.70
211.57,41.70
211.58,41.70
211.60,41.70
211.61,41.70
211.62,41.70
211.64,41.70
211.65,41.70
211.67,41.70
211.68,41.70
211.70,41.70
211.71,41.70
211.73,41.70
211.74,41.70
211.76,41.70
211.77,41.70
211.79,41.70
211.80,41.70
211.82,41.70
211.83,41.70
211.85,41.70
211.86,41.70
211.87,41.70
211.89,41.70
211.90,41.70
211.92,41.70
211.93,41.70
211.95,41.70
211.96,41.70
211.98,41.70
211.99,41.70
212.01,41.70
212.02,41.70
212.04,41.70
212.05,41.70
212.07,41.70
212.08,41.70
212.10,41.70
212.11,41.70
212.12,41.70
212.14,41.70
212.15,41.70
212.17,41.70
212.18,41.70
212.20,41.70
212.21,41.70
212.23,41.70
212.24,41.70
212.26,41.70
212.27,41.70
212.29,41.70
212.30,41.70
212.32,41.70
212.33,41.70
212.35,41.70
212.36,41.70
212.37,41.70
212.39,41.70
212.40,41.71
212.42,41.71
212.43,41.71
212.45,41.71
212.46,41.71
212.48,41.71
212.49,41.71
212.51,41.72
212.52,41.72
212.54,41.72
212.55,41.72
212.57,41.72
212.58,41.72
212.60,41.73
212.61,41.73
212.62,41.73
212.64,41.73
212.65,41.73
212.67,41.73
212.68,41.73
212.70,41.74
212.71,41.74
212.73,41.74
212.74,41.74
212.76,41.74
212.77,41.74
212.79,41.75
212.80,41.75
212.82,41.75
212.83,41.75
212.85,41.75
212.86,41.75
212.87,41.75
212.89,41.75
212.90,41.75
212.92,41.75
212.93,41.75
212.95,41.75
212.96,41.75
212.98,41.75
212.99,41.75
213.01,41.75
213.02,41.75
213.04,41.75
213.05,41.76
213.07,41.76
213.08,41.76
213.10,41.76
213.11,41.76
213.13,41.76
213.14,41.76
213.15,41.77
213.17,41.77
213.18,41.77
213.20,41.77
213.21,41.77
213.23,41.77
213.24,41.78
213.26,41.78
213.27,41.78
213.29,41.78
213.30,41.78
213.32,41.78
213.33,41.78
213.35,41.79
213.36,41.79
213.38,41.79
213.39,41.79
213.40,41.79
213.42,41.79
213.43,41.80
213.45,41.80
213.46,41.80
213.48,41.80
213.49,41.80
213.51,41.80
213.52,41.80
213.54,41.81
213.55,41.81
213.57,41.81
213.58,41.81
213.60,41.81
213.61,41.81
213.63,41.82
213.64,41.82
213.65,41.82
213.67,41.82
213.68,41.82
213.70,41.82
213.71,41.82
213.73,41.83
213.74,41.83
213.76,41.83
213.77,41.83
213.79,41.83
213.80,41.83
213.82,41.83
213.83,41.84
213.85,41.84
213.86,41.84
213.88,41.84
213.89,41.84
213.90,41.84
213.92,41.85
213.93,41.85
213.95,41.85
213.96,41.85
213.98,41.85
213.99,41.85
214.01,41.85
214.02,41.86
214.04,41.86
214.05,41.86
214.07,41.86
214.08,41.86
214.10,41.86
214.11,41.86
214.13,41.86
214.14,41.86
214.15,41.86
214.17,41.86
214.18,41.86
214.20,41.86
214.21,41.86
214.23,41.86
214.24,41.86
214.26,41.86
214.27,41.86
214.29,41.85
214.30,41.85
214.32,41.85
214.33,41.85
214.35,41.85
214.36,41.85
214.38,41.85
214.39,41.85
214.40,41.85
214.42,41.85
214.43,41.85
214.45,41.85
214.46,41.85
214.48,41.85
214.49,41.84
214.51,41.84
214.52,41.84
214.54,41.84
214.55,41.84
214.57,41.84
214.58,41.84
214.60,41.84
214.61,41.84
214.63,41.84
214.64,41.84
214.66,41.84
214.67,41.84
214.68,41.84
214.70,41.84
214.71,41.83
214.73,41.83
214.74,41.83
214.76,41.83
214.77,41.83
214.79,41.83
214.80,41.83
214.82,41.83
214.83,41.83
214.85,41.83
214.86,41.83
214.88,41.83
214.89,41.83
214.91,41.83
214.92,41.82
214.93,41.82
214.95,41.82
214.96,41.82
214.98,41.82
214.99,41.82
215.01,41.82
215.02,41.82
215.04,41.82
215.05,41.82
215.07,41.82
215.08,41.82
215.10,41.82
215.11,41.82
215.13,41.81
215.14,41.81
215.16,41.81
215.17,41.81
215.18,41.81
215.20,41.81
215.21,41.81
215.23,41.81
215.24,41.81
215.26,41.81
215.27,41.81
215.29,41.81
215.30,41.81
215.32,41.81
215.33,41.81
215.35,41.81
215.36,41.81
215.38,41.81
215.39,41.81
215.41,41.81
215.42,41.81
215.43,41.81
215.45,41.81
215.46,41.81
215.48,41.81
215.49,41.81
215.51,41.81
215.52,41.81
215.54,41.81
215.55,41.81
215.57,41.81
215.58,41.81
215.60,41.81
215.61,41.81
215.63,41.81
215.64,41.81
215.66,41.81
215.67,41.81
215.68,41.81
215.70,41.81
215.71,41.81
215.73,41.81
215.74,41.81
215.76,41.81
215.77,41.81
215.79,41.81
215.80,41.81
215.82,41.81
215.83,41.81
215.85,41.81
215.86,41.81
215.88,41.81
215.89,41.81
215.91,41.81
215.92,41.81
215.93,41.81
215.95,41.81
215.96,41.81
215.98,41.81
215.99,41.81
216.01,41.81
216.02,41.81
216.04,41.81
216.05,41.81
216.07,41.81
216.08,41.81
216.10,41.81
216.11,41.81
216.13,41.81
216.14,41.81
216.16,41.81
216.17,41.81
216.19,41.81
216.20,41.81
216.21,41.81
216.23,41.80
216.24,41.80
216.26,41.80
216.27,41.80
216.29,41.80
216.30,41.80
216.32,41.80
216.33,41.80
216.35,41.80
216.36,41.80
216.38,41.80
216.39,41.80
216.41,41.80
216.42,41.80
216.44,41.79
216.45,41.79
216.46,41.79
216.48,41.79
216.49,41.79
216.51,41.79
216.52,41.79
216.54,41.79
216.55,41.79
216.57,41.79
216.58,41.79
216.60,41.80
216.61,41.80
216.63,41.80
216.64,41.80
216.66,41.80
216.67,41.80
216.69,41.81
216.70,41.81
216.71,41.81
216.73,41.81
216.74,41.81
216.76,41.81
216.77,41.81
216.79,41.82
216.80,41.82
216.82,41.82
216.83,41.82
216.85,41.82
216.86,41.82
216.88,41.83
216.89,41.83
216.91,41.83
216.92,41.83
216.94,41.83
216.95,41.83
216.96,41.83
216.98,41.84
216.99,41.84
217.01,41.84
217.02,41.84
217.04,41.84
217.05,41.84
217.07,41.85
217.08,41.85
217.10,41.85
217.11,41.85
217.13,41.85
217.14,41.85
217.16,41.85
217.17,41.86
217.19,41.86
217.20,41.86
217.21,41.86
217.23,41.86
217.24,41.86
217.26,41.87
217.27,41.87
217.29,41.87
217.30,41.87
217.32,41.87
217.33,41.87
217.35,41.87
217.36,41.88
217.38,41.88
217.39,41.88
217.41,41.88
217.42,41.88
217.44,41.88
217.45,41.89
217.46,41.89
217.48,41.89
217.49,41.89
217.51,41.89
217.52,41.89
217.54,41.89
217.55,41.90
217.57,41.90
217.58,41.90
217.60,41.90
217.61,41.90
217.63,41.90
217.64,41.90
217.66,41.91
217.67,41.91
217.69,41.91
217.70,41.91
217.72,41.91
217.73,41.91
217.74,41.92
217.76,41.92
217.77,41.92
217.79,41.92
217.80,41.92
217.82,41.92
217.83,41.92
217.85,41.93
217.86,41.93
217.88,41.93
217.89,41.93
217.91,41.93
217.92,41.93
217.94,41.93
217.95,41.93
217.97,41.93
217.98,41.93
217.99,41.93
218.01,41.93
218.02,41.93
218.04,41.93
218.05,41.93
218.07,41.92
218.08,41.92
218.10,41.92
218.11,41.92
218.13,41.92
218.14,41.92
218.16,41.92
218.17,41.92
218.19,41.92
218.20,41.92
218.22,41.92
218.23,41.92
218.24,41.92
218.26,41.92
218.27,41.91
218.29,41.91
218.30,41.91
218.32,41.91
218.33,41.91
218.35,41.91
218.36,41.91
218.38,41.91
218.39,41.91
218.41,41.91
218.42,41.91
218.44,41.91
218.45,41.91
218.47,41.91
218.48,41.90
218.49,41.90
218.51,41.90
218.52,41.90
218.54,41.90
218.55,41.90
218.57,41.90
218.58,41.90
218.60,41.90
218.61,41.90
218.63,41.90
218.64,41.90
218.66,41.90
218.67,41.90
218.69,41.89
218.70,41.89
218.72,41.89
218.73,41.89
218.74,41.89
218.76,41.89
218.77,41.89
218.79,41.89
218.80,41.89
218.82,41.89
218.83,41.89
218.85,41.89
218.86,41.89
218.88,41.89
218.89,41.88
218.91,41.88
218.92,41.88
218.94,41.88
218.95,41.88
218.97,41.88
218.98,41.88
218.99,41.88
219.01,41.88
219.02,41.88
219.04,41.88
219.05,41.88
219.07,41.88
219.08,41.88
219.10,41.87
219.11,41.87
219.13,41.87
219.14,41.87
219.16,41.87
219.17,41.87
219.19,41.87
219.20,41.87
219.22,41.87
219.23,41.87
219.25,41.87
219.26,41.87
219.27,41.87
219.29,41.87
219.30,41.87
219.32,41.86
219.33,41.86
219.35,41.86
219.36,41.86
219.38,41.86
219.39,41.86
219.41,41.86
219.42,41.86
219.44,41.86
219.45,41.86
219.47,41.86
219.48,41.86
219.50,41.86
219.51,41.86
219.52,41.86
219.54,41.86
219.55,41.86
219.57,41.86
219.58,41.86
219.60,41.86
219.61,41.86
219.63,41.86
219.64,41.86
219.66,41.86
219.67,41.86
219.69,41.86
219.70,41.86
219.72,41.86
219.73,41.86
219.75,41.86
219.76,41.86
219.77,41.86
219.79,41.86
219.80,41.86
219.82,41.86
219.83,41.86
219.85,41.86
219.86,41.86
219.88,41.86
219.89,41.86
219.91,41.86
219.92,41.86
219.94,41.86
219.95,41.86
219.97,41.86
219.98,41.86
220.00,41.86
220.01,41.86
220.02,41.86
220.04,41.86
220.05,41.86
220.07,41.86
220.08,41.86
220.10,41.86
220.11,41.86
220.13,41.86
220.14,41.86
220.16,41.86
220.17,41.86
220.19,41.86
220.20,41.86
220.22,41.86
220.23,41.86
220.25,41.86
220.26,41.86
220.27,41.86
220.29,41.86
220.30,41.86
220.32,41.86
220.33,41.86
220.35,41.86
220.36,41.86
220.38,41.86
220.39,41.86
220.41,41.86
220.42,41.86
220.44,41.86
220.45,41.86
220.47,41.86
220.48,41.86
220.50,41.86
220.51,41.86
220.52,41.86
220.54,41.86
220.55,41.86
220.57,41.86
220.58,41.86
220.60,41.86
220.61,41.86
220.63,41.86
220.64,41.86
220.66,41.86
220.67,41.86
220.69,41.87
220.70,41.87
220.72,41.87
220.73,41.87
220.75,41.87
220.76,41.87
220.78,41.87
220.79,41.88
220.80,41.88
220.82,41.88
220.83,41.88
220.85,41.88
220.86,41.88
220.88,41.88
220.89,41.89
220.91,41.89
220.92,41.89
220.94,41.89
220.95,41.89
220.97,41.89
220.98,41.90
221.00,41.90
221.01,41.90
221.03,41.90
221.04,41.90
221.05,41.90
221.07,41.90
221.08,41.91
221.10,41.91
221.11,41.91
221.13,41.91
221.14,41.91
221.16,41.91
221.17,41.92
221.19,41.92
221.20,41.92
221.22,41.92
221.23,41.92
221.25,41.92
221.26,41.92
221.28,41.93
221.29,41.93
221.30,41.93
221.32,41.93
221.33,41.93
221.35,41.93
221.36,41.94
221.38,41.94
221.39,41.94
221.41,41.94
221.42,41.94
221.44,41.94
221.45,41.94
221.47,41.95
221.48,41.95
221.50,41.95
221.51,41.95
221.53,41.95
221.54,41.95
221.55,41.95
221.57,41.95
221.58,41.95
221.60,41.95
221.61,41.95
221.63,41.95
221.64,41.95
221.66,41.95
221.67,41.95
221.69,41.95
221.70,41.95
221.72,41.95
221.73,41.95
221.75,41.95
221.76,41.96
221.78,41.96
221.79,41.96
221.80,41.96
221.82,41.96
221.83,41.96
221.85,41.96
221.86,41.97
221.88,41.97
221.89,41.97
221.91,41.97
221.92,41.97
221.94,41.97
221.95,41.98
221.97,41.98
221.98,41.98
222.00,41.98
222.01,41.98
222.03,41.98
222.04,41.98
222.05,41.99
222.07,41.99
222.08,41.99
222.10,41.99
222.11,41.99
222.13,41.99
222.14,41.99
222.16,42.00
222.17,42.00
222.19,42.00
222.20,42.00
222.22,42.00
222.23,42.00
222.25,42.01
222.26,42.01
222.28,42.01
222.29,42.01
222.31,42.01
222.32,42.01
222.33,42.01
222.35,42.02
222.36,42.02
222.38,42.02
222.39,42.02
222.41,42.02
222.42,42.02
222.44,42.03
222.45,42.03
222.47,42.03
222.48,42.03
222.50,42.03
222.51,42.03
222.53,42.03
222.54,42.03
222.56,42.03
222.57,42.03
222.58,42.03
222.60,42.03
222.61,42.03
222.63,42.02
222.64,42.02
222.66,42.02
222.67,42.02
222.69,42.02
222.70,42.02
222.72,42.02
222.73,42.02
222.75,42.02
222.76,42.02
222.78,42.02
222.79,42.02
222.81,42.02
222.82,42.02
222.83,42.01
222.85,42.01
222.86,42.01
222.88,42.01
222.89,42.01
222.91,42.01
222.92,42.01
222.94,42.01
222.95,42.01
222.97,42.01
222.98,42.01
223.00,42.01
223.01,42.01
223.03,42.01
223.04,42.00
223.06,42.00
223.07,42.00
223.08,42.00
223.10,42.00
223.11,42.00
223.13,42.00
223.14,42.00
223.16,42.00
223.17,42.00
223.19,42.00
223.20,42.00
223.22,42.00
223.23,42.00
223.25,41.99
223.26,41.99
223.28,41.99
223.29,41.99
223.31,41.99
223.32,41.99
223.33,41.99
223.35,41.99
223.36,41.99
223.38,41.99
223.39,41.99
223.41,41.99
223.42,41.99
223.44,41.99
223.45,41.98
223.47,41.98
223.48,41.98
223.50,41.98
223.51,41.98
223.53,41.98
223.54,41.98
223.56,41.98
223.57,41.98
223.58,41.98
223.60,41.98
223.61,41.98
223.63,41.98
223.64,41.98
223.66,41.97
223.67,41.97
223.69,41.97
223.70,41.97
223.72,41.97
223.73,41.97
223.75,41.97
223.76,41.97
223.78,41.97
223.79,41.97
223.81,41.97
223.82,41.97
223.84,41.97
223.85,41.97
223.86,41.96
223.88,41.96
223.89,41.96
223.91,41.96
223.92,41.96
223.94,41.96
223.95,41.96
223.97,41.96
223.98,41.96
224.00,41.96
224.01,41.96
224.03,41.96
224.04,41.96
224.06,41.96
224.07,41.95
224.09,41.95
224.10,41.95
224.11,41.95
224.13,41.95
224.14,41.95
224.16,41.95
224.17,41.95
224.19,41.95
224.20,41.95
224.22,41.95
224.23,41.95
224.25,41.95
224.26,41.95
224.28,41.94
224.29,41.94
224.31,41.94
224.32,41.94
224.34,41.94
224.35,41.94
224.36,41.94
224.38,41.94
224.39,41.94
224.41,41.94
224.42,41.94
224.44,41.94
224.45,41.94
224.47,41.94
224.48,41.93
224.50,41.93
224.51,41.93
224.53,41.93
224.54,41.93
224.56,41.93
224.57,41.93
224.59,41.93
224.60,41.93
224.61,41.93
224.63,41.93
224.64,41.93
224.66,41.93
224.67,41.93
224.69,41.93
224.70,41.93
224.72,41.93
224.73,41.93
224.75,41.93
224.76,41.93
224.78,41.93
224.79,41.93
224.81,41.93
224.82,41.93
224.84,41.93
224.85,41.93
224.86,41.93
224.88,41.93
224.89,41.93
224.91,41.93
224.92,41.93
224.94,41.93
224.95,41.93
224.97,41.93
224.98,41.93
225.00,41.93
225.01,41.93
225.03,41.93
225.04,41.93
225.06,41.93
225.07,41.93
225.09,41.93
225.10,41.93
225.11,41.93
225.13,41.93
225.14,41.93
225.16,41.93
225.17,41.93
225.19,41.93
225.20,41.93
225.22,41.93
225.23,41.93
225.25,41.93
225.26,41.93
225.28,41.93
225.29,41.93
225.31,41.93
225.32,41.93
225.34,41.93
225.35,41.93
225.36,41.93
225.38,41.93
225.39,41.93
225.41,41.93
225.42,41.93
225.44,41.93
225.45,41.93
225.47,41.93
225.48,41.93
225.50,41.93
225.51,41.93
225.53,41.93
225.54,41.93
225.56,41.93
225.57,41.93
225.59,41.93
225.60,41.93
225.62,41.93
225.63,41.93
225.64,41.93
225.66,41.93
225.67,41.93
225.69,41.93
225.70,41.93
225.72,41.93
225.73,41.93
225.75,41.93
225.76,41.93
225.78,41.93
225.79,41.93
225.81,41.93
225.82,41.93
225.84,41.93
225.85,41.93
225.87,41.93
225.88,41.92
225.89,41.92
225.91,41.92
225.92,41.92
225.94,41.92
225.95,41.92
225.97,41.92
225.98,41.92
226.00,41.92
226.01,41.92
226.03,41.92
226.04,41.92
226.06,41.92
226.07,41.92
226.09,41.91
226.10,41.91
226.12,41.91
226.13,41.91
226.14,41.91
226.16,41.91
226.17,41.91
226.19,41.91
226.20,41.91
226.22,41.91
226.23,41.91
226.25,41.91
226.26,41.91
226.28,41.92
226.29,41.92
226.31,41.92
226.32,41.92
226.34,41.92
226.35,41.92
226.37,41.92
226.38,41.93
226.39,41.93
226.41,41.93
226.42,41.93
226.44,41.93
226.45,41.93
226.47,41.93
226.48,41.94
226.50,41.94
226.51,41.94
226.53,41.94
226.54,41.94
226.56,41.94
226.57,41.95
226.59,41.95
226.60,41.95
226.62,41.95
226.63,41.95
226.64,41.95
226.66,41.95
226.67,41.96
226.69,41.96
226.70,41.96
226.72,41.96
226.73,41.96
226.75,41.96
226.76,41.97
226.78,41.97
226.79,41.97
226.81,41.97
226.82,41.97
226.84,41.97
226.85,41.97
226.87,41.98
226.88,41.98
226.89,41.98
226.91,41.98
226.92,41.98
226.94,41.98
226.95,41.99
226.97,41.99
226.98,41.99
227.00,41.99
227.01,41.99
227.03,41.99
227.04,41.99
227.06,42.00
227.07,42.00
227.09,42.00
227.10,42.00
227.12,42.00
227.13,42.00
227.15,42.00
227.16,42.01
227.17,42.01
227.19,42.01
227.20,42.01
227.22,42.01
227.23,42.01
227.25,42.02
227.26,42.02
227.28,42.02
227.29,42.02
227.31,42.02
227.32,42.02
227.34,42.02
227.35,42.03
227.37,42.03
227.38,42.03
227.40,42.03
227.41,42.03
227.42,42.03
227.44,42.04
227.45,42.04
227.47,42.04
227.48,42.04
227.50,42.04
227.51,42.04
227.53,42.04
227.54,42.05
227.56,42.05
227.57,42.05
227.59,42.05
227.60,42.05
227.62,42.05
227.63,42.06
227.65,42.06
227.66,42.06
227.67,42.06
227.69,42.06
227.70,42.06
227.72,42.06
227.73,42.06
227.75,42.06
227.76,42.06
227.78,42.06
227.79,42.06
227.81,42.06
227.82,42.06
227.84,42.06
227.85,42.06
227.87,42.05
227.88,42.05
227.90,42.05
227.91,42.05
227.92,42.05
227.94,42.05
227.95,42.05
227.97,42.05
227.98,42.05
228.00,42.05
228.01,42.05
228.03,42.05
228.04,42.05
228.06,42.05
228.07,42.04
228.09,42.04
228.10,42.04
228.12,42.04
228.13,42.04
228.15,42.04
228.16,42.04
228.17,42.04
228.19,42.04
228.20,42.04
228.22,42.04
228.23,42.04
228.25,42.04
228.26,42.04
228.28,42.03
228.29,42.03
228.31,42.03
228.32,42.03
228.34,42.03
228.35,42.03
228.37,42.03
228.38,42.03
228.40,42.03
228.41,42.03
228.42,42.03
228.44,42.03
228.45,42.03
228.47,42.03
228.48,42.02
228.50,42.02
228.51,42.02
228.53,42.02
228.54,42.02
228.56,42.02
228.57,42.02
228.59,42.02
228.60,42.02
228.62,42.02
228.63,42.02
228.65,42.02
228.66,42.02
228.68,42.02
228.69,42.01
228.70,42.01
228.72,42.01
228.73,42.01
228.75,42.01
228.76,42.01
228.78,42.01
228.79,42.01
228.81,42.01
228.82,42.01
228.84,42.01
228.85,42.01
228.87,42.01
228.88,42.01
228.90,42.00
228.91,42.00
228.93,42.00
228.94,42.00
228.95,42.00
228.97,42.00
228.98,42.00
229.00,42.00
229.01,42.00
229.03,42.00
229.04,42.00
229.06,42.00
229.07,42.00
229.09,41.99
229.10,41.99
229.12,41.99
229.13,41.99
229.15,41.99
229.16,41.99
229.18,41.99
229.19,41.99
229.20,41.99
229.22,41.99
229.23,41.99
229.25,41.99
229.26,41.99
229.28,41.99
229.29,41.98
229.31,41.98
229.32,41.98
229.34,41.98
229.35,41.98
229.37,41.98
229.38,41.98
229.40,41.98
229.41,41.98
229.43,41.98
229.44,41.98
229.45,41.98
229.47,41.98
229.48,41.98
229.50,41.97
229.51,41.97
229.53,41.97
229.54,41.97
229.56,41.97
229.57,41.97
229.59,41.97
229.60,41.97
229.62,41.97
229.63,41.97
229.65,41.97
229.66,41.97
229.68,41.97
229.69,41.97
229.70,41.96
229.72,41.96
229.73,41.96
229.75,41.96
229.76,41.96
229.78,41.96
229.79,41.96
229.81,41.96
229.82,41.96
229.84,41.96
229.85,41.96
229.87,41.96
229.88,41.96
229.90,41.96
229.91,41.95
229.93,41.95
229.94,41.95
229.95,41.95
229.97,41.95
229.98,41.95
230.00,41.95
230.01,41.95
230.03,41.95
230.04,41.95
230.06,41.95
230.07,41.95
230.09,41.95
230.10,41.95
230.12,41.94
230.13,41.94
230.15,41.94
230.16,41.94
230.18,41.94
230.19,41.94
230.21,41.94
230.22,41.94
230.23,41.94
230.25,41.94
230.26,41.94
230.28,41.94
230.29,41.94
230.31,41.94
230.32,41.93
230.34,41.93
230.35,41.93
230.37,41.93
230.38,41.93
230.40,41.93
230.41,41.93
230.43,41.93
230.44,41.93
230.46,41.93
230.47,41.93
230.48,41.93
230.50,41.93
230.51,41.93
230.53,41.93
230.54,41.92
230.56,41.92
230.57,41.92
230.59,41.92
230.60,41.92
230.62,41.92
230.63,41.92
230.65,41.92
230.66,41.92
230.68,41.92
230.69,41.92
230.71,41.92
230.72,41.92
230.73,41.92
230.75,41.91
230.76,41.91
230.78,41.91
230.79,41.91
230.81,41.91
230.82,41.91
230.84,41.91
230.85,41.91
230.87,41.91
230.88,41.91
230.90,41.91
230.91,41.91
230.93,41.91
230.94,41.91
230.96,41.90
230.97,41.90
230.98,41.90
231.00,41.90
231.01,41.90
231.03,41.90
231.04,41.90
231.06,41.90
231.07,41.90
231.09,41.90
231.10,41.91
231.12,41.91
231.13,41.91
231.15,41.91
231.16,41.91
231.18,41.91
231.19,41.91
231.21,41.91
231.22,41.91
231.23,41.91
231.25,41.91
231.26,41.91
231.28,41.91
231.29,41.91
231.31,41.91
231.32,41.91
231.34,41.91
231.35,41.91
231.37,41.91
231.38,41.91
231.40,41.91
231.41,41.91
231.43,41.91
231.44,41.91
231.46,41.91
231.47,41.91
231.48,41.91
231.50,41.91
231.51,41.91
231.53,41.91
231.54,41.91
231.56,41.91
231.57,41.91
231.59,41.91
231.60,41.91
231.62,41.91
231.63,41.91
231.65,41.91
231.66,41.91
231.68,41.91
231.69,41.91
231.71,41.91
231.72,41.91
231.74,41.91
231.75,41.91
231.76,41.91
231.78,41.91
231.79,41.91
231.81,41.91
231.82,41.91
231.84,41.91
231.85,41.91
231.87,41.91
231.88,41.91
231.90,41.91
231.91,41.91
231.93,41.91
231.94,41.91
231.96,41.91
231.97,41.91
231.99,41.91
232.00,41.91
232.01,41.91
232.03,41.91
232.04,41.91
232.06,41.91
232.07,41.90
232.09,41.90
232.10,41.90
232.12,41.90
232.13,41.90
232.15,41.90
232.16,41.90
232.18,41.90
232.19,41.90
232.21,41.90
232.22,41.90
232.24,41.90
232.25,41.90
232.26,41.90
232.28,41.90
232.29,41.90
232.31,41.90
232.32,41.90
232.34,41.90
232.35,41.91
232.37,41.91
232.38,41.91
232.40,41.91
232.41,41.91
232.43,41.91
232.44,41.91
232.46,41.92
232.47,41.92
232.49,41.92
232.50,41.92
232.51,41.92
232.53,41.92
232.54,41.93
232.56,41.93
232.57,41.93
232.59,41.93
232.60,41.93
232.62,41.93
232.63,41.93
232.65,41.94
232.66,41.94
232.68,41.94
232.69,41.94
232.71,41.94
232.72,41.94
232.74,41.95
232.75,41.95
232.76,41.95
232.78,41.95
232.79,41.95
232.81,41.95
232.82,41.95
232.84,41.96
232.85,41.96
232.87,41.96
232.88,41.96
232.90,41.96
232.91,41.96
232.93,41.96
232.94,41.97
232.96,41.97
232.97,41.97
232.99,41.97
233.00,41.97
233.01,41.97
233.03,41.98
233.04,41.98
233.06,41.98
233.07,41.98
233.09,41.98
233.10,41.98
233.12,41.98
233.13,41.99
233.15,41.99
233.16,41.99
233.18,41.99
233.19,41.99
233.21,41.99
233.22,42.00
233.24,42.00
233.25,42.00
233.27,42.00
233.28,42.00
233.29,42.00
233.31,42.00
233.32,42.01
233.34,42.01
233.35,42.01
233.37,42.01
233.38,42.01
233.40,42.01
233.41,42.02
233.43,42.02
233.44,42.02
233.46,42.02
233.47,42.02
233.49,42.02
233.50,42.02
233.52,42.03
233.53,42.03
233.54,42.03
233.56,42.03
233.57,42.03
233.59,42.03
233.60,42.04
233.62,42.04
233.63,42.04
233.65,42.04
233.66,42.04
233.68,42.04
233.69,42.04
233.71,42.05
233.72,42.05
233.74,42.05
233.75,42.05
233.77,42.05
233.78,42.05
233.79,42.05
233.81,42.05
233.82,42.05
233.84,42.05
233.85,42.05
233.87,42.05
233.88,42.05
233.90,42.05
233.91,42.04
233.93,42.04
233.94,42.04
233.96,42.04
233.97,42.04
233.99,42.04
234.00,42.04
234.02,42.04
234.03,42.04
234.04,42.04
234.06,42.04
234.07,42.04
234.09,42.04
234.10,42.04
234.12,42.03
234.13,42.03
234.15,42.03
234.16,42.03
234.18,42.03
234.19,42.03
234.21,42.03
234.22,42.03
234.24,42.03
234.25,42.03
234.27,42.03
234.28,42.03
234.29,42.03
234.31,42.03
234.32,42.02
234.34,42.02
234.35,42.02
234.37,42.02
234.38,42.02
234.40,42.02
234.41,42.02
234.43,42.02
234.44,42.02
234.46,42.02
234.47,42.02
234.49,42.02
234.50,42.02
234.52,42.02
234.53,42.01
234.54,42.01
234.56,42.01
234.57,42.01
234.59,42.01
234.60,42.01
234.62,42.01
234.63,42.01
234.65,42.01
234.66,42.01
234.68,42.01
234.69,42.01
234.71,42.01
234.72,42.01
234.74,42.00
234.75,42.00
234.77,42.00
234.78,42.00
234.80,42.00
234.81,42.00
234.82,42.00
234.84,42.00
234.85,42.00
234.87,42.00
234.88,42.00
234.90,42.00
234.91,42.00
234.93,42.00
234.94,41.99
234.96,41.99
234.97,41.99
234.99,41.99
235.00,41.99
235.02,41.99
235.03,41.99
235.05,41.99
235.06,41.99
235.07,41.99
235.09,41.99
235.10,41.99
235.12,41.99
235.13,41.99
235.15,41.98
235.16,41.98
235.18,41.98
235.19,41.98
235.21,41.98
235.22,41.98
235.24,41.98
235.25,41.98
235.27,41.98
235.28,41.98
235.30,41.98
235.31,41.98
235.32,41.98
235.34,41.98
235.35,41.98
235.37,41.98
235.38,41.98
235.40,41.98
235.41,41.98
235.43,41.98
235.44,41.98
235.46,41.98
235.47,41.98
235.49,41.98
235.50,41.98
235.52,41.98
235.53,41.98
235.55,41.98
235.56,41.98
235.57,41.98
235.59,41.98
235.60,41.98
235.62,41.98
235.63,41.98
235.65,41.98
235.66,41.98
235.68,41.98
235.69,41.98
235.71,41.98
235.72,41.98
235.74,41.98
235.75,41.98
235.77,41.98
235.78,41.98
235.80,41.98
235.81,41.98
235.82,41.98
235.84,41.98
235.85,41.98
235.87,41.98
235.88,41.98
235.90,41.98
235.91,41.98
235.93,41.98
235.94,41.98
235.96,41.98
235.97,41.98
235.99,41.98
236.00,41.98
236.02,41.98
236.03,41.98
236.05,41.98
236.06,41.98
236.07,41.98
236.09,41.98
236.10,41.98
236.12,41.98
236.13,41.98
236.15,41.98
236.16,41.98
236.18,41.98
236.19,41.98
236.21,41.98
236.22,41.98
236.24,41.98
236.25,41.98
236.27,41.98
236.28,41.98
236.30,41.98
236.31,41.98
236.33,41.98
236.34,41.98
236.35,41.98
236.37,41.98
236.38,41.98
236.40,41.98
236.41,41.98
236.43,41.97
236.44,41.97
236.46,41.97
236.47,41.97
236.49,41.97
236.50,41.97
236.52,41.97
236.53,41.97
236.55,41.97
236.56,41.97
236.58,41.97
236.59,41.98
236.60,41.98
236.62,41.98
236.63,41.98
236.65,41.98
236.66,41.98
236.68,41.99
236.69,41.99
236.71,41.99
236.72,41.99
236.74,41.99
236.75,41.99
236.77,41.99
236.78,42.00
236.80,42.00
236.81,42.00
236.83,42.00
236.84,42.00
236.85,42.00
236.87,42.01
236.88,42.01
236.90,42.01
236.91,42.01
236.93,42.01
236.94,42.01
236.96,42.01
236.97,42.02
236.99,42.02
237.00,42.02
237.02,42.02
237.03,42.02
237.05,42.02
237.06,42.03
237.08,42.03
237.09,42.03
237.10,42.03
237.12,42.03
237.13,42.03
237.15,42.03
237.16,42.04
237.18,42.04
237.19,42.04
237.21,42.04
237.22,42.04
237.24,42.04
237.25,42.05
237.27,42.05
237.28,42.05
237.30,42.05
237.31,42.05
237.33,42.05
237.34,42.05
237.35,42.06
237.37,42.06
237.38,42.06
237.40,42.06
237.41,42.06
237.43,42.06
237.44,42.06
237.46,42.07
237.47,42.07
237.49,42.07
237.50,42.07
237.52,42.07
237.53,42.07
237.55,42.08
237.56,42.08
237.58,42.08
237.59,42.08
237.60,42.08
237.62,42.08
237.63,42.08
237.65,42.09
237.66,42.09
237.68,42.09
237.69,42.09
237.71,42.09
237.72,42.09
237.74,42.10
237.75,42.10
237.77,42.10
237.78,42.10
237.80,42.10
237.81,42.10
237.83,42.10
237.84,42.11
237.86,42.11
237.87,42.11
237.88,42.11
237.90,42.11
237.91,42.11
237.93,42.12
237.94,42.12
237.96,42.12
237.97,42.12
237.99,42.12
238.00,42.12
238.02,42.12
238.03,42.13
238.05,42.13
238.06,42.13
238.08,42.13
238.09,42.13
238.11,42.13
238.12,42.13
238.13,42.13
238.15,42.13
238.16,42.13
238.18,42.13
238.19,42.13
238.21,42.13
238.22,42.13
238.24,42.13
238.25,42.13
238.27,42.13
238.28,42.12
238.30,42.12
238.31,42.12
238.33,42.12
238.34,42.12
238.36,42.12
238.37,42.12
238.38,42.12
238.40,42.12
238.41,42.12
238.43,42.12
238.44,42.12
238.46,42.12
238.47,42.12
238.49,42.11
238.50,42.11
238.52,42.11
238.53,42.11
238.55,42.11
238.56,42.11
238.58,42.11
238.59,42.11
238.61,42.11
238.62,42.11
238.63,42.11
238.65,42.11
238.66,42.11
238.68,42.10
238.69,42.10
238.71,42.10
238.72,42.10
238.74,42.10
238.75,42.10
238.77,42.10
238.78,42.10
238.80,42.10
238.81,42.10
238.83,42.10
238.84,42.10
238.86,42.10
238.87,42.10
238.88,42.09
238.90,42.09
238.91,42.09
238.93,42.09
238.94,42.09
238.96,42.09
238.97,42.09
238.99,42.09
239.00,42.09
239.02,42.09
239.03,42.09
239.05,42.09
239.06,42.09
239.08,42.09
239.09,42.09
239.11,42.09
239.12,42.09
239.13,42.09
239.15,42.09
239.16,42.09
239.18,42.09
239.19,42.09
239.21,42.09
239.22,42.09
239.24,42.09
239.25,42.09
239.27,42.09
239.28,42.09
239.30,42.09
239.31,42.09
239.33,42.09
239.34,42.09
239.36,42.09
239.37,42.09
239.39,42.09
239.40,42.09
239.41,42.09
239.43,42.09
239.44,42.09
239.46,42.09
239.47,42.09
239.49,42.09
239.50,42.09
239.52,42.09
239.53,42.09
239.55,42.09
239.56,42.09
239.58,42.10
239.59,42.10
239.61,42.10
239.62,42.10
239.64,42.10
239.65,42.10
239.66,42.10
239.68,42.11
239.69,42.11
239.71,42.11
239.72,42.11
239.74,42.11
239.75,42.11
239.77,42.12
239.78,42.12
239.80,42.12
239.81,42.12
239.83,42.12
239.84,42.12
239.86,42.12
239.87,42.13
239.89,42.13
239.90,42.13
239.91,42.13
239.93,42.13
239.94,42.13
239.96,42.14
239.97,42.14
239.99,42.14
240.00,42.14
240.02,42.14
240.03,42.14
240.05,42.14
240.06,42.14
240.08,42.14
240.09,42.14
240.11,42.14
240.12,42.14
240.14,42.14
240.15,42.14
240.16,42.14
240.18,42.14
240.19,42.14
240.21,42.14
240.22,42.14
240.24,42.14
240.25,42.14
240.27,42.14
240.28,42.14
240.30,42.14
240.31,42.14
240.33,42.14
240.34,42.14
240.36,42.14
240.37,42.14
240.39,42.14
240.40,42.14
240.41,42.14
240.43,42.14
240.44,42.14
240.46,42.14
240.47,42.14
240.49,42.13
240.50,42.13
240.52,42.13
240.53,42.13
240.55,42.13
240.56,42.13
240.58,42.13
240.59,42.13
240.61,42.13
240.62,42.13
240.64,42.13
240.65,42.13
240.66,42.13
240.68,42.13
240.69,42.14
240.71,42.14
240.72,42.14
240.74,42.14
240.75,42.14
240.77,42.14
240.78,42.15
240.80,42.15
240.81,42.15
240.83,42.15
240.84,42.15
240.86,42.15
240.87,42.15
240.89,42.16
240.90,42.16
240.92,42.16
240.93,42.16
240.94,42.16
240.96,42.16
240.97,42.16
240.99,42.16
241.00,42.16
241.02,42.16
241.03,42.16
241.05,42.16
241.06,42.16
241.08,42.16
241.09,42.16
241.11,42.16
241.12,42.16
241.14,42.16
241.15,42.16
241.17,42.16
241.18,42.16
241.19,42.16
241.21,42.16
241.22,42.16
241.24,42.16
241.25,42.16
241.27,42.16
241.28,42.16
241.30,42.16
241.31,42.16
241.33,42.16
241.34,42.16
241.36,42.16
241.37,42.16
241.39,42.16
241.40,42.16
241.42,42.16
241.43,42.16
241.44,42.16
241.46,42.16
241.47,42.16
241.49,42.16
241.50,42.16
241.52,42.16
241.53,42.16
241.55,42.16
241.56,42.16
241.58,42.16
241.59,42.16
241.61,42.16
241.62,42.16
241.64,42.16
241.65,42.16
241.67,42.16
241.68,42.16
241.69,42.16
241.71,42.16
241.72,42.16
241.74,42.16
241.75,42.16
241.77,42.16
241.78,42.16
241.80,42.16
241.81,42.16
241.83,42.16
241.84,42.16
241.86,42.16
241.87,42.16
241.89,42.16
241.90,42.16
241.92,42.16
241.93,42.16
241.94,42.16
241.96,42.16
241.97,42.16
241.99,42.16
242.00,42.16
242.02,42.16
242.03,42.16
242.05,42.16
242.06,42.16
242.08,42.16
242.09,42.16
242.11,42.16
242.12,42.16
242.14,42.16
242.15,42.16
242.17,42.16
242.18,42.16
242.19,42.16
242.21,42.16
242.22,42.16
242.24,42.16
242.25,42.16
242.27,42.16
242.28,42.16
242.30,42.16
242.31,42.16
242.33,42.16
242.34,42.16
242.36,42.16
242.37,42.16
242.39,42.16
242.40,42.16
242.42,42.15
242.43,42.15
242.45,42.15
242.46,42.15
242.47,42.15
242.49,42.15
242.50,42.15
242.52,42.15
242.53,42.15
242.55,42.15
242.56,42.15
242.58,42.15
242.59,42.15
242.61,42.15
242.62,42.14
242.64,42.14
242.65,42.14
242.67,42.14
242.68,42.14
242.70,42.14
242.71,42.14
242.72,42.14
242.74,42.14
242.75,42.14
242.77,42.14
242.78,42.14
242.80,42.14
242.81,42.14
242.83,42.13
242.84,42.13
242.86,42.13
242.87,42.13
242.89,42.14
242.90,42.14
242.92,42.14
242.93,42.14
242.95,42.14
242.96,42.14
242.97,42.15
242.99,42.15
243.00,42.15
243.02,42.15
243.03,42.15
243.05,42.15
243.06,42.15
243.08,42.16
243.09,42.16
243.11,42.16
243.12,42.16
243.14,42.16
243.15,42.16
243.17,42.17
243.18,42.17
243.20,42.17
243.21,42.17
243.22,42.17
243.24,42.17
243.25,42.17
243.27,42.18
243.28,42.18
243.30,42.18
243.31,42.18
243.33,42.18
243.34,42.18
243.36,42.18
243.37,42.19
243.39,42.19
243.40,42.19
243.42,42.19
243.43,42.19
243.45,42.19
243.46,42.20
243.47,42.20
243.49,42.20
243.50,42.20
243.52,42.20
243.53,42.20
243.55,42.20
243.56,42.21
243.58,42.21
243.59,42.21
243.61,42.21
243.62,42.21
243.64,42.21
243.65,42.22
243.67,42.22
243.68,42.22
243.70,42.22
243.71,42.22
243.72,42.22
243.74,42.22
243.75,42.23
243.77,42.23
243.78,42.23
243.80,42.23
243.81,42.23
243.83,42.23
243.84,42.23
243.86,42.24
243.87,42.24
243.89,42.24
243.90,42.24
243.92,42.24
243.93,42.24
243.95,42.25
243.96,42.25
243.98,42.25
243.99,42.25
244.00,42.25
244.02,42.25
244.03,42.25
244.05,42.26
244.06,42.26
244.08,42.26
244.09,42.26
244.11,42.26
244.12,42.26
244.14,42.26
244.15,42.26
244.17,42.26
244.18,42.26
244.20,42.26
244.21,42.26
244.23,42.26
244.24,42.26
244.25,42.25
244.27,42.25
244.28,42.25
244.30,42.25
244.31,42.25
244.33,42.25
244.34,42.25
244.36,42.25
244.37,42.25
244.39,42.25
244.40,42.25
244.42,42.25
244.43,42.25
244.45,42.24
244.46,42.24
244.48,42.24
244.49,42.24
244.50,42.24
244.52,42.24
244.53,42.24
244.55,42.24
244.56,42.24
244.58,42.24
244.59,42.24
244.61,42.24
244.62,42.24
244.64,42.24
244.65,42.23
244.67,42.23
244.68,42.23
244.70,42.23
244.71,42.23
244.73,42.23
244.74,42.23
244.75,42.23
244.77,42.23
244.78,42.23
244.80,42.23
244.81,42.23
244.83,42.23
244.84,42.22
244.86,42.22
244.87,42.22
244.89,42.22
244.90,42.22
244.92,42.22
244.93,42.22
244.95,42.22
244.96,42.22
244.98,42.22
244.99,42.22
245.00,42.22
245.02,42.22
245.03,42.22
245.05,42.21
245.06,42.21
245.08,42.21
245.09,42.21
245.11,42.21
245.12,42.21
245.14,42.21
245.15,42.21
245.17,42.21
245.18,42.21
245.20,42.21
245.21,42.21
245.23,42.21
245.24,42.20
245.25,42.20
245.27,42.20
245.28,42.20
245.30,42.20
245.31,42.20
245.33,42.20
245.34,42.20
245.36,42.20
245.37,42.20
245.39,42.20
245.40,42.20
245.42,42.20
245.43,42.20
245.45,42.19
245.46,42.19
245.48,42.19
245.49,42.19
245.50,42.19
245.52,42.19
245.53,42.19
245.55,42.19
245.56,42.19
245.58,42.19
245.59,42.19
245.61,42.19
245.62,42.19
245.64,42.18
245.65,42.18
245.67,42.18
245.68,42.18
245.70,42.18
245.71,42.18
245.73,42.18
245.74,42.18
245.76,42.18
245.77,42.18
245.78,42.18
245.80,42.18
245.81,42.18
245.83,42.18
245.84,42.17
245.86,42.17
245.87,42.17
245.89,42.17
245.90,42.17
245.92,42.17
245.93,42.17
245.95,42.17
245.96,42.17
245.98,42.17
245.99,42.17
246.01,42.17
246.02,42.17
246.03,42.16
246.05,42.16
246.06,42.16
246.08,42.16
246.09,42.16
246.11,42.16
246.12,42.16
246.14,42.16
246.15,42.16
246.17,42.16
246.18,42.16
246.20,42.16
246.21,42.16
246.23,42.16
246.24,42.15
246.26,42.15
246.27,42.15
246.28,42.15
246.30,42.15
246.31,42.15
246.33,42.15
246.34,42.15
246.36,42.15
246.37,42.15
246.39,42.15
246.40,42.15
246.42,42.15
246.43,42.15
246.45,42.15
246.46,42.15
246.48,42.15
246.49,42.15
246.51,42.15
246.52,42.15
246.53,42.15
246.55,42.15
246.56,42.15
246.58,42.15
246.59,42.15
246.61,42.15
246.62,42.15
246.64,42.15
246.65,42.15
246.67,42.15
246.68,42.15
246.70,42.15
246.71,42.15
246.73,42.15
246.74,42.15
246.76,42.15
246.77,42.15
246.78,42.15
246.80,42.15
246.81,42.15
246.83,42.15
246.84,42.15
246.86,42.15
246.87,42.15
246.89,42.16
246.90,42.16
246.92,42.16
246.93,42.16
246.95,42.16
246.96,42.16
246.98,42.17
246.99,42.17
247.01,42.17
247.02,42.17
247.03,42.17
247.05,42.17
247.06,42.17
247.08,42.17
247.09,42.17
247.11,42.17
247.12,42.17
247.14,42.17
247.15,42.17
247.17,42.17
247.18,42.17
247.20,42.17
247.21,42.17
247.23,42.17
247.24,42.17
247.26,42.17
247.27,42.17
247.29,42.17
247.30,42.17
247.31,42.17
247.33,42.17
247.34,42.17
247.36,42.17
247.37,42.17
247.39,42.17
247.40,42.17
247.42,42.17
247.43,42.17
247.45,42.17
247.46,42.17
247.48,42.17
247.49,42.16
247.51,42.16
247.52,42.16
247.54,42.16
247.55,42.16
247.56,42.16
247.58,42.16
247.59,42.16
247.61,42.16
247.62,42.16
247.64,42.16
247.65,42.16
247.67,42.16
247.68,42.16
247.70,42.17
247.71,42.17
247.73,42.17
247.74,42.17
247.76,42.17
247.77,42.17
247.79,42.17
247.80,42.18
247.81,42.18
247.83,42.18
247.84,42.18
247.86,42.18
247.87,42.18
247.89,42.19
247.90,42.19
247.92,42.19
247.93,42.19
247.95,42.19
247.96,42.19
247.98,42.19
247.99,42.20
248.01,42.20
248.02,42.20
248.04,42.20
248.05,42.20
248.06,42.20
248.08,42.21
248.09,42.21
248.11,42.21
248.12,42.21
248.14,42.21
248.15,42.21
248.17,42.21
248.18,42.22
248.20,42.22
248.21,42.22
248.23,42.22
248.24,42.22
248.26,42.22
248.27,42.22
248.29,42.23
248.30,42.23
248.31,42.23
248.33,42.23
248.34,42.23
248.36,42.23
248.37,42.23
248.39,42.23
248.40,42.23
248.42,42.23
248.43,42.23
248.45,42.23
248.46,42.23
248.48,42.23
248.49,42.23
248.51,42.23
248.52,42.23
248.54,42.23
248.55,42.23
248.56,42.23
248.58,42.23
248.59,42.23
248.61,42.23
248.62,42.23
248.64,42.23
248.65,42.23
248.67,42.23
248.68,42.23
248.70,42.23
248.71,42.23
248.73,42.23
248.74,42.23
248.76,42.23
248.77,42.23
248.79,42.23
248.80,42.23
248.82,42.23
248.83,42.23
248.84,42.23
248.86,42.23
248.87,42.23
248.89,42.23
248.90,42.23
248.92,42.23
248.93,42.23
248.95,42.23
248.96,42.23
248.98,42.23
248.99,42.23
249.01,42.23
249.02,42.23
249.04,42.23
249.05,42.23
249.07,42.23
249.08,42.23
249.09,42.23
249.11,42.23
249.12,42.22
249.14,42.22
249.15,42.22
249.17,42.22
249.18,42.22
249.20,42.22
249.21,42.22
249.23,42.22
249.24,42.22
249.26,42.22
249.27,42.22
249.29,42.22
249.30,42.22
249.32,42.21
249.33,42.21
249.34,42.21
249.36,42.21
249.37,42.21
249.39,42.21
249.40,42.21
249.42,42.21
249.43,42.21
249.45,42.21
249.46,42.21
249.48,42.21
249.49,42.21
249.51,42.21
249.52,42.20
249.54,42.20
249.55,42.20
249.57,42.20
249.58,42.20
249.59,42.20
249.61,42.20
249.62,42.20
249.64,42.20
249.65,42.20
249.67,42.20
249.68,42.20
249.70,42.20
249.71,42.19
249.73,42.19
249.74,42.19
249.76,42.19
249.77,42.19
249.79,42.19
249.80,42.19
249.82,42.19
249.83,42.20
249.84,42.20
249.86,42.20
249.87,42.20
249.89,42.20
249.90,42.20
249.92,42.21
249.93,42.21
249.95,42.21
249.96,42.21
249.98,42.21
249.99,42.21
250.01,42.21
250.02,42.22
250.04,42.22
250.05,42.22
250.07,42.22
250.08,42.22
250.09,42.22
250.11,42.22
250.12,42.23
250.14,42.23
250.15,42.23
250.17,42.23
250.18,42.23
250.20,42.23
250.21,42.24
250.23,42.24
250.24,42.24
250.26,42.24
250.27,42.24
250.29,42.24
250.30,42.24
250.32,42.25
250.33,42.25
250.35,42.25
250.36,42.25
250.37,42.25
250.39,42.25
250.40,42.26
250.42,42.26
250.43,42.26
250.45,42.26
250.46,42.25
250.48,42.25
250.49,42.25
250.51,42.25
250.52,42.25
250.54,42.25
250.55,42.25
250.57,42.25
250.58,42.25
250.60,42.25
250.61,42.25
250.62,42.25
250.64,42.25
250.65,42.24
250.67,42.24
250.68,42.24
250.70,42.24
250.71,42.24
250.73,42.24
250.74,42.24
250.76,42.24
250.77,42.24
250.79,42.24
250.80,42.24
250.82,42.24
250.83,42.24
250.85,42.24
250.86,42.23
250.87,42.23
250.89,42.23
250.90,42.23
250.92,42.23
250.93,42.23
250.95,42.23
250.96,42.23
250.98,42.23
250.99,42.23
251.01,42.23
251.02,42.23
251.04,42.23
251.05,42.22
251.07,42.22
251.08,42.22
251.10,42.22
251.11,42.22
251.12,42.22
251.14,42.22
251.15,42.22
251.17,42.22
251.18,42.22
251.20,42.22
251.21,42.22
251.23,42.22
251.24,42.22
251.26,42.21
251.27,42.21
251.29,42.21
251.30,42.21
251.32,42.21
251.33,42.21
251.35,42.21
251.36,42.21
251.37,42.21
251.39,42.21
251.40,42.21
251.42,42.21
251.43,42.21
251.45,42.21
251.46,42.21
251.48,42.21
251.49,42.21
251.51,42.21
251.52,42.21
251.54,42.21
251.55,42.21
251.57,42.21
251.58,42.21
251.60,42.21
251.61,42.21
251.62,42.21
251.64,42.21
251.65,42.21
251.67,42.21
251.68,42.21
251.70,42.21
251.71,42.21
251.73,42.21
251.74,42.21
251.76,42.21
251.77,42.21
251.79,42.21
251.80,42.21
251.82,42.21
251.83,42.21
251.85,42.21
251.86,42.21
251.88,42.21
251.89,42.21
251.90,42.21
251.92,42.21
251.93,42.21
251.95,42.21
251.96,42.21
251.98,42.21
251.99,42.21
252.01,42.21
252.02,42.22
252.04,42.22
252.05,42.22
252.07,42.22
252.08,42.22
252.10,42.22
252.11,42.23
252.13,42.23
252.14,42.23
252.15,42.23
252.17,42.23
252.18,42.23
252.20,42.23
252.21,42.24
252.23,42.24
252.24,42.24
252.26,42.24
252.27,42.24
252.29,42.24
252.30,42.25
252.32,42.25
252.33,42.25
252.35,42.25
252.36,42.25
252.38,42.25
252.39,42.25
252.40,42.26
252.42,42.26
252.43,42.26
252.45,42.26
252.46,42.26
252.48,42.26
252.49,42.26
252.51,42.26
252.52,42.26
252.54,42.26
252.55,42.26
252.57,42.26
252.58,42.26
252.60,42.26
252.61,42.26
252.63,42.26
252.64,42.26
252.65,42.26
252.67,42.26
252.68,42.26
252.70,42.26
252.71,42.26
252.73,42.26
252.74,42.26
252.76,42.26
252.77,42.26
252.79,42.26
252.80,42.26
252.82,42.26
252.83,42.26
252.85,42.26
252.86,42.26
252.88,42.26
252.89,42.26
252.90,42.26
252.92,42.26
252.93,42.26
252.95,42.26
252.96,42.26
252.98,42.27
252.99,42.27
253.01,42.27
253.02,42.27
253.04,42.27
253.05,42.27
253.07,42.28
253.08,42.28
253.10,42.28
253.11,42.28
253.13,42.28
253.14,42.28
253.15,42.28
253.17,42.29
253.18,42.29
253.20,42.29
253.21,42.29
253.23,42.29
253.24,42.29
253.26,42.30
253.27,42.30
253.29,42.30
253.30,42.30
253.32,42.30
253.33,42.30
253.35,42.30
253.36,42.31
253.38,42.31
253.39,42.31
253.41,42.31
253.42,42.31
253.43,42.31
253.45,42.31
253.46,42.32
253.48,42.32
253.49,42.32
253.51,42.32
253.52,42.32
253.54,42.32
253.55,42.33
253.57,42.33
253.58,42.33
253.60,42.33
253.61,42.33
253.63,42.33
253.64,42.33
253.66,42.34
253.67,42.34
253.68,42.34
253.70,42.34
253.71,42.34
253.73,42.34
253.74,42.34
253.76,42.35
253.77,42.35
253.79,42.35
253.80,42.35
253.82,42.35
253.83,42.35
253.85,42.36
253.86,42.36
253.88,42.36
253.89,42.36
253.91,42.36
253.92,42.36
253.93,42.36
253.95,42.37
253.96,42.37
253.98,42.37
253.99,42.37
254.01,42.37
254.02,42.37
254.04,42.37
254.05,42.38
254.07,42.38
254.08,42.38
254.10,42.38
254.11,42.38
254.13,42.38
254.14,42.39
254.16,42.39
254.17,42.39
254.18,42.39
254.20,42.39
254.21,42.39
254.23,42.39
254.24,42.40
254.26,42.40
254.27,42.40
254.29,42.40
254.30,42.40
254.32,42.39
254.33,42.39
254.35,42.39
254.36,42.39
254.38,42.39
254.39,42.39
254.41,42.39
254.42,42.39
254.43,42.39
254.45,42.39
254.46,42.39
254.48,42.39
254.49,42.39
254.51,42.38
254.52,42.38
254.54,42.38
254.55,42.38
254.57,42.38
254.58,42.38
254.60,42.38
254.61,42.38
254.63,42.38
254.64,42.38
254.66,42.38
254.67,42.38
254.68,42.38
254.70,42.37
254.71,42.37
254.73,42.37
254.74,42.37
254.76,42.37
254.77,42.37
254.79,42.37
254.80,42.37
254.82,42.37
254.83,42.37
254.85,42.37
254.86,42.37
254.88,42.37
254.89,42.37
254.91,42.37
254.92,42.37
254.94,42.37
254.95,42.37
254.96,42.37
254.98,42.37
254.99,42.37
255.01,42.37
255.02,42.37
255.04,42.37
255.05,42.37
255.07,42.37
255.08,42.37
255.10,42.37
255.11,42.37
255.13,42.37
255.14,42.37
255.16,42.37
255.17,42.37
255.19,42.37
255.20,42.37
255.21,42.37
255.23,42.37
255.24,42.37
255.26,42.37
255.27,42.37
255.29,42.37
255.30,42.37
255.32,42.37
255.33,42.37
255.35,42.37
255.36,42.37
255.38,42.37
255.39,42.37
255.41,42.37
255.42,42.37
255.44,42.37
255.45,42.37
255.46,42.37
255.48,42.37
255.49,42.37
255.51,42.37
255.52,42.37
255.54,42.37
255.55,42.37
255.57,42.37
255.58,42.37
255.60,42.37
255.61,42.37
255.63,42.38
255.64,42.38
255.66,42.38
255.67,42.38
255.69,42.38
255.70,42.38
255.71,42.39
255.73,42.39
255.74,42.39
255.76,42.39
255.77,42.39
255.79,42.39
255.80,42.39
255.82,42.40
255.83,42.40
255.85,42.40
255.86,42.40
255.88,42.40
255.89,42.40
255.91,42.40
255.92,42.40
255.94,42.40
255.95,42.40
255.96,42.40
255.98,42.40
255.99,42.40
256.01,42.40
256.02,42.40
256.04,42.40
256.05,42.40
256.07,42.40
256.08,42.40
256.10,42.40
256.11,42.40
256.13,42.40
256.14,42.40
256.16,42.40
256.17,42.40
256.19,42.39
256.20,42.39
256.21,42.39
256.23,42.39
256.24,42.39
256.26,42.39
256.27,42.39
256.29,42.39
256.30,42.39
256.32,42.39
256.33,42.39
256.35,42.39
256.36,42.39
256.38,42.39
256.39,42.38
256.41,42.38
256.42,42.38
256.44,42.38
256.45,42.38
256.47,42.38
256.48,42.38
256.49,42.38
256.51,42.38
256.52,42.38
256.54,42.38
256.55,42.38
256.57,42.38
256.58,42.37
256.60,42.37
256.61,42.38
256.63,42.38
256.64,42.38
256.66,42.38
256.67,42.38
256.69,42.38
256.70,42.38
256.72,42.39
256.73,42.39
256.74,42.39
256.76,42.39
256.77,42.39
256.79,42.39
256.80,42.40
256.82,42.40
256.83,42.40
256.85,42.40
256.86,42.40
256.88,42.40
256.89,42.40
256.91,42.41
256.92,42.41
256.94,42.41
256.95,42.41
256.97,42.41
256.98,42.41
256.99,42.41
257.01,42.42
257.02,42.42
257.04,42.42
257.05,42.42
257.07,42.42
257.08,42.42
257.10,42.43
257.11,42.43
257.13,42.43
257.14,42.43
257.16,42.43
257.17,42.43
257.19,42.43
257.20,42.44
257.22,42.44
257.23,42.44
257.24,42.44
257.26,42.44
257.27,42.44
257.29,42.44
257.30,42.45
257.32,42.45
257.33,42.45
257.35,42.45
257.36,42.45
257.38,42.45
257.39,42.46
257.41,42.46
257.42,42.46
257.44,42.46
257.45,42.46
257.47,42.46
257.48,42.46
257.49,42.47
257.51,42.47
257.52,42.47
257.54,42.47
257.55,42.47
257.57,42.47
257.58,42.47
257.60,42.48
257.61,42.48
257.63,42.48
257.64,42.48
257.66,42.48
257.67,42.48
257.69,42.48
257.70,42.49
257.72,42.49
257.73,42.49
257.74,42.49
257.76,42.49
257.77,42.49
257.79,42.50
257.80,42.50
257.82,42.50
257.83,42.50
257.85,42.50
257.86,42.50
257.88,42.50
257.89,42.51
257.91,42.51
257.92,42.51
257.94,42.51
257.95,42.51
257.97,42.51
257.98,42.51
258.00,42.51
258.01,42.51
258.02,42.51
258.04,42.51
258.05,42.51
258.07,42.51
258.08,42.50
258.10,42.50
258.11,42.50
258.13,42.50
258.14,42.50
258.16,42.50
258.17,42.50
258.19,42.50
258.20,42.50
258.22,42.50
258.23,42.50
258.25,42.50
258.26,42.50
258.27,42.49
258.29,42.49
258.30,42.49
258.32,42.49
258.33,42.49
258.35,42.49
258.36,42.49
258.38,42.49
258.39,42.49
258.41,42.49
258.42,42.49
258.44,42.49
258.45,42.49
258.47,42.48
258.48,42.48
258.50,42.48
258.51,42.48
258.52,42.48
258.54,42.48
258.55,42.48
258.57,42.48
258.58,42.48
258.60,42.48
258.61,42.48
258.63,42.48
258.64,42.48
258.66,42.47
258.67,42.47
258.69,42.47
258.70,42.47
258.72,42.47
258.73,42.47
258.75,42.47
258.76,42.47
258.77,42.47
258.79,42.47
258.80,42.47
258.82,42.47
258.83,42.47
258.85,42.46
258.86,42.46
258.88,42.46
258.89,42.46
258.91,42.46
258.92,42.46
258.94,42.46
258.95,42.46
258.97,42.46
258.98,42.46
259.00,42.46
259.01,42.46
259.02,42.46
259.04,42.46
259.05,42.45
259.07,42.45
259.08,42.45
259.10,42.45
259.11,42.45
259.13,42.45
259.14,42.45
259.16,42.45
259.17,42.45
259.19,42.45
259.20,42.45
259.22,42.45
259.23,42.45
259.25,42.45
259.26,42.45
259.27,42.45
259.29,42.45
259.30,42.45
259.32,42.45
259.33,42.45
259.35,42.45
259.36,42.45
259.38,42.45
259.39,42.45
259.41,42.45
259.42,42.45
259.44,42.45
259.45,42.45
259.47,42.45
259.48,42.45
259.50,42.45
259.51,42.45
259.53,42.45
259.54,42.45
259.55,42.45
259.57,42.45
259.58,42.45
259.60,42.45
259.61,42.45
259.63,42.45
259.64,42.45
259.66,42.45
259.67,42.45
259.69,42.45
259.70,42.45
259.72,42.45
259.73,42.45
259.75,42.45
259.76,42.45
259.78,42.45
259.79,42.45
259.80,42.45
259.82,42.45
259.83,42.45
259.85,42.45
259.86,42.45
259.88,42.45
259.89,42.45
259.91,42.45
259.92,42.45
259.94,42.45
259.95,42.45
259.97,42.45
259.98,42.45
260.00,42.45
260.01,42.44
260.03,42.44
260.04,42.44
260.05,42.44
260.07,42.44
260.08,42.44
260.10,42.44
260.11,42.44
260.13,42.44
260.14,42.44
260.16,42.44
260.17,42.44
260.19,42.44
260.20,42.44
260.22,42.43
260.23,42.43
260.25,42.43
260.26,42.43
260.28,42.43
260.29,42.43
260.30,42.43
260.32,42.43
260.33,42.43
260.35,42.43
260.36,42.43
260.38,42.43
260.39,42.43
260.41,42.43
260.42,42.44
260.44,42.44
260.45,42.44
260.47,42.44
260.48,42.44
260.50,42.44
260.51,42.44
260.53,42.45
260.54,42.45
260.55,42.45
260.57,42.45
260.58,42.45
260.60,42.45
260.61,42.45
260.63,42.46
260.64,42.46
260.66,42.46
260.67,42.46
260.69,42.46
260.70,42.46
260.72,42.47
260.73,42.47
260.75,42.47
260.76,42.47
260.78,42.47
260.79,42.47
260.80,42.47
260.82,42.48
260.83,42.48
260.85,42.48
260.86,42.48
260.88,42.48
260.89,42.48
260.91,42.48
260.92,42.49
260.94,42.49
260.95,42.49
260.97,42.49
260.98,42.49
261.00,42.49
261.01,42.50
261.03,42.50
261.04,42.50
261.06,42.50
261.07,42.50
261.08,42.50
261.10,42.50
261.11,42.51
261.13,42.51
261.14,42.51
261.16,42.51
261.17,42.51
261.19,42.51
261.20,42.51
261.22,42.51
261.23,42.51
261.25,42.51
261.26,42.51
261.28,42.51
261.29,42.51
261.31,42.51
261.32,42.51
261.33,42.51
261.35,42.51
261.36,42.51
261.38,42.51
261.39,42.51
261.41,42.51
261.42,42.51
261.44,42.51
261.45,42.51
261.47,42.51
261.48,42.51
261.50,42.51
261.51,42.51
261.53,42.51
261.54,42.51
261.56,42.51
261.57,42.51
261.58,42.51
261.60,42.51
261.61,42.51
261.63,42.51
261.64,42.51
261.66,42.51
261.67,42.51
261.69,42.51
261.70,42.51
261.72,42.51
261.73,42.51
261.75,42.51
261.76,42.51
261.78,42.51
261.79,42.51
261.81,42.51
261.82,42.51
261.83,42.51
261.85,42.51
261.86,42.51
261.88,42.51
261.89,42.51
261.91,42.51
261.92,42.51
261.94,42.51
261.95,42.51
261.97,42.50
261.98,42.50
262.00,42.50
262.01,42.50
262.03,42.50
262.04,42.50
262.06,42.50
262.07,42.50
262.08,42.50
262.10,42.50
262.11,42.50
262.13,42.50
262.14,42.50
262.16,42.50
262.17,42.50
262.19,42.50
262.20,42.50
262.22,42.50
262.23,42.50
262.25,42.50
262.26,42.50
262.28,42.50
262.29,42.50
262.31,42.49
262.32,42.49
262.33,42.49
262.35,42.49
262.36,42.49
262.38,42.49
262.39,42.49
262.41,42.49
262.42,42.49
262.44,42.49
262.45,42.49
262.47,42.49
262.48,42.49
262.50,42.49
262.51,42.49
262.53,42.49
262.54,42.49
262.56,42.49
262.57,42.49
262.59,42.49
262.60,42.49
262.61,42.49
262.63,42.49
262.64,42.49
262.66,42.49
262.67,42.49
262.69,42.49
262.70,42.49
262.72,42.49
262.73,42.49
262.75,42.49
262.76,42.49
262.78,42.49
262.79,42.49
262.81,42.49
262.82,42.49
262.84,42.50
262.85,42.50
262.86,42.50
262.88,42.50
262.89,42.50
262.91,42.50
262.92,42.51
262.94,42.51
262.95,42.51
262.97,42.51
262.98,42.51
263.00,42.51
263.01,42.51
263.03,42.52
263.04,42.52
263.06,42.52
263.07,42.52
263.09,42.52
263.10,42.52
263.11,42.52
263.13,42.53
263.14,42.53
263.16,42.53
263.17,42.53
263.19,42.53
263.20,42.53
263.22,42.54
263.23,42.54
263.25,42.54
263.26,42.54
263.28,42.54
263.29,42.54
263.31,42.54
263.32,42.55
263.34,42.55
263.35,42.55
263.36,42.55
263.38,42.55
263.39,42.55
263.41,42.55
263.42,42.56
263.44,42.56
263.45,42.56
263.47,42.56
263.48,42.56
263.50,42.56
263.51,42.56
263.53,42.57
263.54,42.57
263.56,42.57
263.57,42.57
263.59,42.57
263.60,42.57
263.61,42.58
263.63,42.58
263.64,42.58
263.66,42.58
263.67,42.58
263.69,42.58
263.70,42.58
263.72,42.59
263.73,42.59
263.75,42.59
263.76,42.59
263.78,42.59
263.79,42.59
263.81,42.59
263.82,42.60
263.84,42.60
263.85,42.60
263.86,42.60
263.88,42.60
263.89,42.60
263.91,42.61
263.92,42.61
263.94,42.61
263.95,42.61
263.97,42.61
263.98,42.61
264.00,42.61
264.01,42.62
264.03,42.62
264.04,42.62
264.06,42.62
264.07,42.62
264.09,42.62
264.10,42.62
264.12,42.63
264.13,42.63
264.14,42.63
264.16,42.63
264.17,42.63
264.19,42.63
264.20,42.63
264.22,42.63
264.23,42.63
264.25,42.63
264.26,42.63
264.28,42.63
264.29,42.63
264.31,42.63
264.32,42.63
264.34,42.63
264.35,42.63
264.37,42.63
264.38,42.63
264.39,42.63
264.41,42.63
264.42,42.63
264.44,42.63
264.45,42.63
264.47,42.63
264.48,42.63
264.50,42.63
264.51,42.63
264.53,42.63
264.54,42.63
264.56,42.62
264.57,42.62
264.59,42.62
264.60,42.62
264.62,42.62
264.63,42.62
264.64,42.62
264.66,42.62
264.67,42.62
264.69,42.62
264.70,42.62
264.72,42.62
264.73,42.62
264.75,42.62
264.76,42.62
264.78,42.62
264.79,42.62
264.81,42.62
264.82,42.62
264.84,42.61
264.85,42.61
264.87,42.61
264.88,42.61
264.89,42.61
264.91,42.61
264.92,42.61
264.94,42.61
264.95,42.61
264.97,42.61
264.98,42.61
265.00,42.61
265.01,42.61
265.03,42.60
265.04,42.60
265.06,42.60
265.07,42.60
265.09,42.60
265.10,42.60
265.12,42.60
265.13,42.60
265.14,42.60
265.16,42.60
265.17,42.60
265.19,42.61
265.20,42.61
265.22,42.61
265.23,42.61
265.25,42.61
265.26,42.61
265.28,42.61
265.29,42.62
265.31,42.62
265.32,42.62
265.34,42.62
265.35,42.62
265.37,42.62
265.38,42.62
265.39,42.63
265.41,42.63
265.42,42.63
265.44,42.63
265.45,42.63
265.47,42.63
265.48,42.63
265.50,42.64
265.51,42.64
265.53,42.64
265.54,42.64
265.56,42.64
265.57,42.64
265.59,42.65
265.60,42.65
265.62,42.65
265.63,42.65
265.64,42.65
265.66,42.65
265.67,42.65
265.69,42.66
265.70,42.66
265.72,42.66
265.73,42.66
265.75,42.66
265.76,42.66
265.78,42.66
265.79,42.67
265.81,42.67
265.82,42.67
265.84,42.67
265.85,42.67
265.87,42.67
265.88,42.67
265.90,42.68
265.91,42.68
265.92,42.68
265.94,42.68
265.95,42.68
265.97,42.68
265.98,42.69
266.00,42.69
266.01,42.69
266.03,42.69
266.04,42.69
266.06,42.69
266.07,42.69
266.09,42.70
266.10,42.70
266.12,42.70
266.13,42.70
266.15,42.70
266.16,42.70
266.17,42.70
266.19,42.70
266.20,42.70
266.22,42.70
266.23,42.70
266.25,42.70
266.26,42.70
266.28,42.70
266.29,42.70
266.31,42.70
266.32,42.70
266.34,42.70
266.35,42.70
266.37,42.70
266.38,42.70
266.40,42.70
266.41,42.70
266.42,42.70
266.44,42.70
266.45,42.70
266.47,42.70
266.48,42.70
266.50,42.70
266.51,42.70
266.53,42.70
266.54,42.70
266.56,42.70
266.57,42.70
266.59,42.70
266.60,42.70
266.62,42.70
266.63,42.70
266.65,42.70
266.66,42.70
266.67,42.70
266.69,42.70
266.70,42.70
266.72,42.70
266.73,42.70
266.75,42.70
266.76,42.70
266.78,42.70
266.79,42.69
266.81,42.69
266.82,42.69
266.84,42.69
266.85,42.69
266.87,42.69
266.88,42.69
266.90,42.69
266.91,42.69
266.92,42.69
266.94,42.69
266.95,42.69
266.97,42.69
266.98,42.68
267.00,42.68
267.01,42.68
267.03,42.68
267.04,42.68
267.06,42.68
267.07,42.68
267.09,42.69
267.10,42.69
267.12,42.69
267.13,42.69
267.15,42.69
267.16,42.69
267.17,42.69
267.19,42.70
267.20,42.70
267.22,42.70
267.23,42.70
267.25,42.70
267.26,42.70
267.28,42.71
267.29,42.71
267.31,42.71
267.32,42.71
267.34,42.71
267.35,42.71
267.37,42.71
267.38,42.72
267.40,42.72
267.41,42.72
267.43,42.72
267.44,42.72
267.45,42.72
267.47,42.72
267.48,42.73
267.50,42.73
267.51,42.73
267.53,42.73
267.54,42.73
267.56,42.73
267.57,42.73
267.59,42.74
267.60,42.74
267.62,42.74
267.63,42.74
267.65,42.74
267.66,42.74
267.68,42.74
267.69,42.74
267.70,42.74
267.72,42.74
267.73,42.74
267.75,42.74
267.76,42.74
267.78,42.74
267.79,42.74
267.81,42.74
267.82,42.75
267.84,42.75
267.85,42.75
267.87,42.75
267.88,42.75
267.90,42.75
267.91,42.75
267.93,42.75
267.94,42.75
267.95,42.75
267.97,42.75
267.98,42.75
268.00,42.75
268.01,42.75
268.03,42.75
268.04,42.76
268.06,42.76
268.07,42.76
268.09,42.76
268.10,42.76
268.12,42.76
268.13,42.76
268.15,42.76
268.16,42.76
268.18,42.76
268.19,42.76
268.20,42.76
268.22,42.76
268.23,42.76
268.25,42.76
268.26,42.76
268.28,42.77
268.29,42.77
268.31,42.77
268.32,42.77
268.34,42.77
268.35,42.77
268.37,42.77
268.38,42.77
268.40,42.77
268.41,42.77
268.43,42.77
268.44,42.77
268.45,42.77
268.47,42.77
268.48,42.77
268.50,42.77
268.51,42.77
268.53,42.77
268.54,42.76
268.56,42.76
268.57,42.76
268.59,42.76
268.60,42.76
268.62,42.76
268.63,42.76
268.65,42.76
268.66,42.76
268.68,42.76
268.69,42.76
268.70,42.76
268.72,42.75
268.73,42.75
268.75,42.75
268.76,42.75
268.78,42.75
268.79,42.75
268.81,42.75
268.82,42.75
268.84,42.75
268.85,42.75
268.87,42.75
268.88,42.75
268.90,42.75
268.91,42.74
268.93,42.74
268.94,42.74
268.96,42.74
268.97,42.74
268.98,42.74
269.00,42.74
269.01,42.74
269.03,42.74
269.04,42.74
269.06,42.74
269.07,42.74
269.09,42.73
269.10,42.73
269.12,42.73
269.13,42.73
269.15,42.73
269.16,42.73
269.18,42.73
269.19,42.73
269.21,42.73
269.22,42.73
269.23,42.73
269.25,42.73
269.26,42.73
269.28,42.72
269.29,42.72
269.31,42.72
269.32,42.72
269.34,42.72
269.35,42.72
269.37,42.72
269.38,42.72
269.40,42.72
269.41,42.72
269.43,42.72
269.44,42.72
269.46,42.72
269.47,42.71
269.48,42.71
269.50,42.71
269.51,42.71
269.53,42.71
269.54,42.71
269.56,42.71
269.57,42.71
269.59,42.71
269.60,42.71
269.62,42.71
269.63,42.71
269.65,42.70
269.66,42.70
269.68,42.70
269.69,42.70
269.71,42.70
269.72,42.70
269.73,42.70
269.75,42.70
269.76,42.70
269.78,42.70
269.79,42.70
269.81,42.70
269.82,42.70
269.84,42.69
269.85,42.69
269.87,42.69
269.88,42.69
269.90,42.69
269.91,42.69
269.93,42.69
269.94,42.69
269.96,42.69
269.97,42.69
269.98,42.69
270.00,42.69
270.01,42.69
270.03,42.68
270.04,42.68
270.06,42.68
270.07,42.68
270.09,42.68
270.10,42.68
270.12,42.68
270.13,42.68
270.15,42.68
270.16,42.68
270.18,42.68
270.19,42.68
270.21,42.68
270.22,42.68
270.23,42.68
270.25,42.68
270.26,42.68
270.28,42.68
270.29,42.68
270.31,42.68
270.32,42.68
270.34,42.68
270.35,42.68
270.37,42.68
270.38,42.68
270.40,42.68
270.41,42.68
270.43,42.68
270.44,42.68
270.46,42.68
270.47,42.68
270.49,42.68
270.50,42.68
270.51,42.68
270.53,42.68
270.54,42.68
270.56,42.68
270.57,42.68
270.59,42.68
270.60,42.68
270.62,42.68
270.63,42.68
270.65,42.68
270.66,42.68
270.68,42.68
270.69,42.68
270.71,42.68
270.72,42.68
270.74,42.68
270.75,42.68
270.76,42.68
270.78,42.68
270.79,42.68
270.81,42.68
270.82,42.68
270.84,42.68
270.85,42.68
270.87,42.68
270.88,42.68
270.90,42.68
270.91,42.68
270.93,42.68
270.94,42.68
270.96,42.68
270.97,42.68
270.99,42.68
271.00,42.68
271.01,42.68
271.03,42.68
271.04,42.68
271.06,42.68
271.07,42.68
271.09,42.68
271.10,42.68
271.12,42.68
271.13,42.68
271.15,42.68
271.16,42.68
271.18,42.68
271.19,42.68
271.21,42.68
271.22,42.68
271.24,42.68
271.25,42.67
271.26,42.67
271.28,42.67
271.29,42.67
271.31,42.67
271.32,42.67
271.34,42.67
271.35,42.67
271.37,42.67
271.38,42.67
271.40,42.67
271.41,42.67
271.43,42.67
271.44,42.67
271.46,42.67
271.47,42.68
271.49,42.68
271.50,42.68
271.51,42.68
271.53,42.68
271.54,42.68
271.56,42.68
271.57,42.69
271.59,42.69
271.60,42.69
271.62,42.69
271.63,42.69
271.65,42.69
271.66,42.69
271.68,42.70
271.69,42.70
271.71,42.70
271.72,42.70
271.74,42.70
271.75,42.70
271.76,42.71
271.78,42.71
271.79,42.71
271.81,42.71
271.82,42.71
271.84,42.71
271.85,42.71
271.87,42.72
271.88,42.72
271.90,42.72
271.91,42.72
271.93,42.72
271.94,42.72
271.96,42.72
271.97,42.73
271.99,42.73
272.00,42.73
272.02,42.73
272.03,42.73
272.04,42.73
272.06,42.73
272.07,42.74
272.09,42.74
272.10,42.74
272.12,42.74
272.13,42.74
272.15,42.74
272.16,42.75
272.18,42.75
272.19,42.75
272.21,42.75
272.22,42.75
272.24,42.75
272.25,42.75
272.27,42.76
272.28,42.76
272.29,42.76
272.31,42.76
272.32,42.76
272.34,42.76
272.35,42.76
272.37,42.77
272.38,42.77
272.40,42.77
272.41,42.77
272.43,42.77
272.44,42.77
272.46,42.77
272.47,42.78
272.49,42.78
272.50,42.78
272.52,42.78
272.53,42.78
272.54,42.78
272.56,42.78
272.57,42.79
272.59,42.79
272.60,42.79
272.62,42.79
272.63,42.79
272.65,42.79
272.66,42.80
272.68,42.80
272.69,42.80
272.71,42.80
272.72,42.80
272.74,42.80
272.75,42.80
272.77,42.81
272.78,42.81
272.79,42.81
272.81,42.81
272.82,42.81
272.84,42.81
272.85,42.81
272.87,42.82
272.88,42.82
272.90,42.82
272.91,42.82
272.93,42.82
272.94,42.82
272.96,42.82
272.97,42.82
272.99,42.82
273.00,42.82
273.02,42.83
273.03,42.83
273.04,42.83
273.06,42.83
273.07,42.83
273.09,42.83
273.10,42.83
273.12,42.83
273.13,42.82
273.15,42.82
273.16,42.82
273.18,42.82
273.19,42.82
273.21,42.82
273.22,42.82
273.24,42.82
273.25,42.82
273.27,42.82
273.28,42.82
273.29,42.82
273.31,42.82
273.32,42.81
273.34,42.81
273.35,42.81
273.37,42.81
273.38,42.81
273.40,42.81
273.41,42.81
273.43,42.81
273.44,42.81
273.46,42.81
273.47,42.81
273.49,42.81
273.50,42.80
273.52,42.80
273.53,42.80
273.55,42.80
273.56,42.80
273.57,42.80
273.59,42.80
273.60,42.80
273.62,42.80
273.63,42.80
273.65,42.80
273.66,42.80
273.68,42.80
273.69,42.79
273.71,42.79
273.72,42.79
273.74,42.79
273.75,42.79
273.77,42.79
273.78,42.79
273.80,42.79
273.81,42.79
273.82,42.79
273.84,42.79
273.85,42.79
273.87,42.78
273.88,42.78
273.90,42.78
273.91,42.78
273.93,42.78
273.94,42.78
273.96,42.78
273.97,42.78
273.99,42.78
274.00,42.78
274.02,42.78
274.03,42.78
274.05,42.78
274.06,42.78
274.07,42.78
274.09,42.78
274.10,42.78
274.12,42.78
274.13,42.78
274.15,42.78
274.16,42.78
274.18,42.78
274.19,42.78
274.21,42.78
274.22,42.78
274.24,42.78
274.25,42.78
274.27,42.78
274.28,42.78
274.30,42.78
274.31,42.78
274.32,42.78
274.34,42.78
274.35,42.78
274.37,42.78
274.38,42.78
274.40,42.78
274.41,42.78
274.43,42.78
274.44,42.78
274.46,42.78
274.47,42.78
274.49,42.78
274.50,42.78
274.52,42.78
274.53,42.78
274.55,42.78
274.56,42.78
274.57,42.78
274.59,42.78
274.60,42.78
274.62,42.78
274.63,42.78
274.65,42.78
274.66,42.77
274.68,42.78
274.69,42.78
274.71,42.78
274.72,42.78
274.74,42.78
274.75,42.78
274.77,42.79
274.78,42.79
274.80,42.79
274.81,42.79
274.82,42.79
274.84,42.79
274.85,42.79
274.87,42.80
274.88,42.80
274.90,42.80
274.91,42.80
274.93,42.80
274.94,42.80
274.96,42.80
274.97,42.81
274.99,42.81
275.00,42.81
275.02,42.81
275.03,42.81
275.05,42.81
275.06,42.81
275.08,42.82
275.09,42.82
275.10,42.82
275.12,42.82
275.13,42.82
275.15,42.82
275.16,42.82
275.18,42.83
275.19,42.83
275.21,42.83
275.22,42.83
275.24,42.83
275.25,42.83
275.27,42.83
275.28,42.83
275.30,42.83
275.31,42.83
275.33,42.83
275.34,42.83
275.35,42.83
275.37,42.83
275.38,42.83
275.40,42.83
275.41,42.83
275.43,42.83
275.44,42.83
275.46,42.83
275.47,42.83
275.49,42.83
275.50,42.83
275.52,42.83
275.53,42.83
275.55,42.83
275.56,42.83
275.58,42.83
275.59,42.83
275.60,42.83
275.62,42.83
275.63,42.83
275.65,42.83
275.66,42.83
275.68,42.83
275.69,42.83
275.71,42.83
275.72,42.83
275.74,42.83
275.75,42.83
275.77,42.83
275.78,42.83
275.80,42.83
275.81,42.83
275.83,42.83
275.84,42.83
275.85,42.83
275.87,42.83
275.88,42.83
275.90,42.83
275.91,42.83
275.93,42.83
275.94,42.82
275.96,42.82
275.97,42.82
275.99,42.82
276.00,42.82
276.02,42.82
276.03,42.82
276.05,42.82
276.06,42.82
276.08,42.82
276.09,42.82
276.10,42.82
276.12,42.82
276.13,42.81
276.15,42.81
276.16,42.81
276.18,42.81
276.19,42.81
276.21,42.81
276.22,42.81
276.24,42.81
276.25,42.82
276.27,42.82
276.28,42.82
276.30,42.82
276.31,42.82
276.33,42.82
276.34,42.82
276.35,42.83
276.37,42.83
276.38,42.83
276.40,42.83
276.41,42.83
276.43,42.83
276.44,42.83
276.46,42.84
276.47,42.84
276.49,42.84
276.50,42.84
276.52,42.84
276.53,42.84
276.55,42.84
276.56,42.84
276.58,42.84
276.59,42.84
276.61,42.84
276.62,42.84
276.63,42.84
276.65,42.84
276.66,42.84
276.68,42.84
276.69,42.84
276.71,42.84
276.72,42.84
276.74,42.84
276.75,42.84
276.77,42.84
276.78,42.84
276.80,42.84
276.81,42.84
276.83,42.84
276.84,42.84
276.86,42.84
276.87,42.84
276.88,42.84
276.90,42.84
276.91,42.83
276.93,42.83
276.94,42.83
276.96,42.83
276.97,42.83
276.99,42.83
277.00,42.83
277.02,42.83
277.03,42.83
277.05,42.83
277.06,42.83
277.08,42.83
277.09,42.82
277.11,42.82
277.12,42.82
277.13,42.82
277.15,42.82
277.16,42.82
277.18,42.82
277.19,42.82
277.21,42.82
277.22,42.82
277.24,42.82
277.25,42.83
277.27,42.83
277.28,42.83
277.30,42.83
277.31,42.83
277.33,42.83
277.34,42.83
277.36,42.84
277.37,42.84
277.38,42.84
277.40,42.84
277.41,42.84
277.43,42.84
277.44,42.84
277.46,42.85
277.47,42.85
277.49,42.85
277.50,42.85
277.52,42.85
277.53,42.85
277.55,42.85
277.56,42.86
277.58,42.86
277.59,42.86
277.61,42.86
277.62,42.86
277.63,42.86
277.65,42.86
277.66,42.87
277.68,42.87
277.69,42.87
277.71,42.87
277.72,42.87
277.74,42.87
277.75,42.87
277.77,42.87
277.78,42.87
277.80,42.87
277.81,42.87
277.83,42.87
277.84,42.87
277.86,42.87
277.87,42.87
277.88,42.87
277.90,42.87
277.91,42.87
277.93,42.87
277.94,42.87
277.96,42.87
277.97,42.87
277.99,42.87
278.00,42.87
278.02,42.87
278.03,42.87
278.05,42.87
278.06,42.87
278.08,42.87
278.09,42.87
278.11,42.87
278.12,42.87
278.14,42.87
278.15,42.87
278.16,42.87
278.18,42.86
278.19,42.86
278.21,42.86
278.22,42.86
278.24,42.86
278.25,42.86
278.27,42.86
278.28,42.86
278.30,42.86
278.31,42.86
278.33,42.86
278.34,42.86
278.36,42.85
278.37,42.85
278.39,42.85
278.40,42.85
278.41,42.85
278.43,42.85
278.44,42.85
278.46,42.85
278.47,42.85
278.49,42.85
278.50,42.85
278.52,42.86
278.53,42.86
278.55,42.86
278.56,42.86
278.58,42.86
278.59,42.86
278.61,42.86
278.62,42.87
278.64,42.87
278.65,42.87
278.66,42.87
278.68,42.87
278.69,42.87
278.71,42.87
278.72,42.88
278.74,42.88
278.75,42.88
278.77,42.88
278.78,42.88
278.80,42.88
278.81,42.88
278.83,42.89
278.84,42.89
278.86,42.89
278.87,42.89
278.89,42.89
278.90,42.89
278.91,42.90
278.93,42.90
278.94,42.90
278.96,42.90
278.97,42.90
278.99,42.90
279.00,42.90
279.02,42.91
279.03,42.91
279.05,42.91
279.06,42.91
279.08,42.91
279.09,42.91
279.11,42.91
279.12,42.91
279.14,42.91
279.15,42.91
279.16,42.91
279.18,42.92
279.19,42.92
279.21,42.92
279.22,42.92
279.24,42.92
279.25,42.92
279.27,42.92
279.28,42.92
279.30,42.92
279.31,42.92
279.33,42.92
279.34,42.92
279.36,42.92
279.37,42.92
279.39,42.92
279.40,42.92
279.41,42.93
279.43,42.93
279.44,42.93
279.46,42.93
279.47,42.93
279.49,42.93
279.50,42.93
279.52,42.93
279.53,42.93
279.55,42.93
279.56,42.93
279.58,42.93
279.59,42.93
279.61,42.93
279.62,42.93
279.64,42.93
279.65,42.94
279.67,42.94
279.68,42.94
279.69,42.94
279.71,42.94
279.72,42.94
279.74,42.94
279.75,42.94
279.77,42.94
279.78,42.94
279.80,42.94
279.81,42.94
279.83,42.94
279.84,42.94
279.86,42.94
279.87,42.94
279.89,42.94
279.90,42.94
279.92,42.94
279.93,42.93
279.94,42.93
279.96,42.93
279.97,42.93
279.99,42.93
280.00,42.93
280.02,42.93
280.03,42.93
280.05,42.93
280.06,42.93
280.08,42.93
280.09,42.93
280.11,42.92
280.12,42.92
280.14,42.92
280.15,42.92
280.17,42.92
280.18,42.92
280.19,42.92
280.21,42.92
280.22,42.92
280.24,42.92
280.25,42.92
280.27,42.92
280.28,42.91
280.30,42.91
280.31,42.91
280.33,42.91
280.34,42.91
280.36,42.91
280.37,42.91
280.39,42.91
280.40,42.91
280.42,42.91
280.43,42.91
280.44,42.91
280.46,42.91
280.47,42.90
280.49,42.90
280.50,42.90
280.52,42.90
280.53,42.90
280.55,42.90
280.56,42.90
280.58,42.90
280.59,42.90
280.61,42.90
280.62,42.90
280.64,42.90
280.65,42.89
280.67,42.89
280.68,42.89
280.69,42.89
280.71,42.89
280.72,42.89
280.74,42.89
280.75,42.89
280.77,42.89
280.78,42.89
280.80,42.89
280.81,42.89
280.83,42.88
280.84,42.88
280.86,42.88
280.87,42.88
280.89,42.88
280.90,42.88
280.92,42.88
280.93,42.88
280.94,42.88
280.96,42.88
280.97,42.88
280.99,42.88
281.00,42.88
281.02,42.87
281.03,42.87
281.05,42.87
281.06,42.87
281.08,42.87
281.09,42.87
281.11,42.87
281.12,42.87
281.14,42.87
281.15,42.87
281.17,42.87
281.18,42.87
281.20,42.86
281.21,42.86
281.22,42.86
281.24,42.86
281.25,42.86
281.27,42.86
281.28,42.86
281.30,42.86
281.31,42.86
281.33,42.86
281.34,42.86
281.36,42.86
281.37,42.85
281.39,42.85
281.40,42.85
281.42,42.85
281.43,42.85
281.45,42.85
281.46,42.85
281.47,42.85
281.49,42.85
281.50,42.85
281.52,42.85
281.53,42.85
281.55,42.85
281.56,42.84
281.58,42.84
281.59,42.84
281.61,42.84
281.62,42.84
281.64,42.84
281.65,42.84
281.67,42.84
281.68,42.84
281.70,42.84
281.71,42.84
281.72,42.84
281.74,42.83
281.75,42.83
281.77,42.83
281.78,42.83
281.80,42.83
281.81,42.83
281.83,42.83
281.84,42.83
281.86,42.83
281.87,42.83
281.89,42.83
281.90,42.83
281.92,42.83
281.93,42.82
281.95,42.82
281.96,42.82
281.97,42.82
281.99,42.82
282.00,42.82
282.02,42.82
282.03,42.82
282.05,42.82
282.06,42.82
282.08,42.82
282.09,42.82
282.11,42.81
282.12,42.81
282.14,42.81
282.15,42.81
282.17,42.81
282.18,42.81
282.20,42.81
282.21,42.81
282.22,42.81
282.24,42.81
282.25,42.81
282.27,42.81
282.28,42.81
282.30,42.80
282.31,42.80
282.33,42.80
282.34,42.80
282.36,42.80
282.37,42.80
282.39,42.80
282.40,42.80
282.42,42.80
282.43,42.80
282.45,42.80
282.46,42.80
282.47,42.79
282.49,42.79
282.50,42.79
282.52,42.79
282.53,42.79
282.55,42.79
282.56,42.79
282.58,42.79
282.59,42.79
282.61,42.79
282.62,42.79
282.64,42.79
282.65,42.79
282.67,42.78
282.68,42.78
282.70,42.78
282.71,42.78
282.73,42.78
282.74,42.78
282.75,42.78
282.77,42.78
282.78,42.78
282.80,42.78
282.81,42.78
282.83,42.78
282.84,42.77
282.86,42.77
282.87,42.77
282.89,42.77
282.90,42.77
282.92,42.77
282.93,42.77
282.95,42.77
282.96,42.77
282.98,42.77
282.99,42.77
283.00,42.77
283.02,42.77
283.03,42.76
283.05,42.76
283.06,42.76
283.08,42.76
283.09,42.76
283.11,42.76
283.12,42.76
283.14,42.76
283.15,42.76
283.17,42.76
283.18,42.76
283.20,42.76
283.21,42.75
283.23,42.75
283.24,42.75
283.25,42.75
283.27,42.75
283.28,42.75
283.30,42.75
283.31,42.75
283.33,42.75
283.34,42.75
283.36,42.75
283.37,42.75
283.39,42.75
283.40,42.74
283.42,42.74
283.43,42.74
283.45,42.74
283.46,42.74
283.48,42.74
283.49,42.74
283.50,42.74
283.52,42.74
283.53,42.74
283.55,42.74
283.56,42.74
283.58,42.74
283.59,42.73
283.61,42.73
283.62,42.73
283.64,42.73
283.65,42.73
283.67,42.73
283.68,42.73
283.70,42.73
283.71,42.73
283.73,42.73
283.74,42.73
283.75,42.73
283.77,42.72
283.78,42.72
283.80,42.72
283.81,42.72
283.83,42.72
283.84,42.72
283.86,42.72
283.87,42.72
283.89,42.72
283.90,42.72
283.92,42.72
283.93,42.72
283.95,42.72
283.96,42.71
283.98,42.71
283.99,42.71
284.00,42.71
284.02,42.71
284.03,42.71
284.05,42.71
284.06,42.71
284.08,42.71
284.09,42.71
284.11,42.71
284.12,42.71
284.14,42.70
284.15,42.70
284.17,42.70
284.18,42.70
284.20,42.70
284.21,42.70
284.23,42.70
284.24,42.70
284.26,42.70
284.27,42.70
284.28,42.70
284.30,42.70
284.31,42.70
284.33,42.69
284.34,42.69
284.36,42.69
284.37,42.69
284.39,42.69
284.40,42.69
284.42,42.69
284.43,42.69
284.45,42.69
284.46,42.69
284.48,42.69
284.49,42.69
284.51,42.69
284.52,42.68
284.53,42.68
284.55,42.68
284.56,42.68
284.58,42.68
284.59,42.68
284.61,42.68
284.62,42.68
284.64,42.68
284.65,42.68
284.67,42.68
284.68,42.68
284.70,42.68
284.71,42.67
284.73,42.67
284.74,42.67
284.76,42.67
284.77,42.67
284.78,42.67
284.80,42.67
284.81,42.67
284.83,42.67
284.84,42.67
284.86,42.67
284.87,42.67
284.89,42.66
284.90,42.66
284.92,42.66
284.93,42.66
284.95,42.66
284.96,42.66
284.98,42.66
284.99,42.66
285.01,42.66
285.02,42.66
285.03,42.66
285.05,42.66
285.06,42.66
285.08,42.65
285.09,42.65
285.11,42.65
285.12,42.65
285.14,42.65
285.15,42.65
285.17,42.65
285.18,42.65
285.20,42.65
285.21,42.65
285.23,42.65
285.24,42.65
285.26,42.65
285.27,42.65
285.28,42.65
285.30,42.65
285.31,42.65
285.33,42.65
285.34,42.65
285.36,42.65
285.37,42.65
285.39,42.65
285.40,42.65
285.42,42.64
285.43,42.64
285.45,42.64
285.46,42.64
285.48,42.64
285.49,42.64
285.51,42.64
285.52,42.64
285.53,42.64
285.55,42.64
285.56,42.64
285.58,42.64
285.59,42.63
285.61,42.63
285.62,42.63
285.64,42.63
285.65,42.63
285.67,42.63
285.68,42.63
285.70,42.63
285.71,42.63
285.73,42.63
285.74,42.63
285.76,42.63
285.77,42.63
285.78,42.63
285.80,42.63
285.81,42.63
285.83,42.63
285.84,42.63
285.86,42.63
285.87,42.63
285.89,42.63
285.90,42.63
285.92,42.63
285.93,42.63
285.95,42.63
285.96,42.63
285.98,42.63
285.99,42.63
286.01,42.63
286.02,42.63
286.04,42.63
286.05,42.63
286.06,42.63
286.08,42.63
286.09,42.63
286.11,42.63
286.12,42.63
286.14,42.63
286.15,42.63
286.17,42.63
286.18,42.63
286.20,42.63
286.21,42.63
286.23,42.63
286.24,42.63
286.26,42.63
286.27,42.63
286.29,42.63
286.30,42.63
286.31,42.63
286.33,42.63
286.34,42.63
286.36,42.63
286.37,42.63
286.39,42.63
286.40,42.63
286.42,42.63
286.43,42.63
286.45,42.63
286.46,42.63
286.48,42.63
286.49,42.63
286.51,42.63
286.52,42.63
286.54,42.63
286.55,42.63
286.56,42.63
286.58,42.63
286.59,42.63
286.61,42.63
286.62,42.63
286.64,42.63
286.65,42.63
286.67,42.63
286.68,42.63
286.70,42.63
286.71,42.63
286.73,42.63
286.74,42.63
286.76,42.63
286.77,42.63
286.79,42.63
286.80,42.63
286.81,42.63
286.83,42.63
286.84,42.63
286.86,42.63
286.87,42.63
286.89,42.63
286.90,42.63
286.92,42.62
286.93,42.62
286.95,42.62
286.96,42.62
286.98,42.62
286.99,42.62
287.01,42.62
287.02,42.62
287.04,42.62
287.05,42.62
287.06,42.62
287.08,42.62
287.09,42.62
287.11,42.61
287.12,42.61
287.14,42.61
287.15,42.61
287.17,42.61
287.18,42.61
287.20,42.61
287.21,42.61
287.23,42.61
287.24,42.61
287.26,42.61
287.27,42.61
287.29,42.61
287.30,42.61
287.31,42.61
287.33,42.61
287.34,42.61
287.36,42.62
287.37,42.62
287.39,42.62
287.40,42.62
287.42,42.62
287.43,42.62
287.45,42.62
287.46,42.63
287.48,42.63
287.49,42.63
287.51,42.63
287.52,42.63
287.54,42.63
287.55,42.63
287.57,42.64
287.58,42.64
287.59,42.64
287.61,42.64
287.62,42.64
287.64,42.64
287.65,42.65
287.67,42.65
287.68,42.65
287.70,42.65
287.71,42.65
287.73,42.65
287.74,42.65
287.76,42.66
287.77,42.66
287.79,42.66
287.80,42.66
287.82,42.66
287.83,42.66
287.84,42.66
287.86,42.67
287.87,42.67
287.89,42.67
287.90,42.67
287.92,42.67
287.93,42.67
287.95,42.68
287.96,42.68
287.98,42.68
287.99,42.68
288.01,42.68
288.02,42.68
288.04,42.68
288.05,42.69
288.07,42.69
288.08,42.69
288.09,42.69
288.11,42.69
288.12,42.69
288.14,42.69
288.15,42.70
288.17,42.70
288.18,42.70
288.20,42.70
288.21,42.70
288.23,42.70
288.24,42.71
288.26,42.71
288.27,42.71
288.29,42.71
288.30,42.71
288.32,42.71
288.33,42.71
288.34,42.72
288.36,42.72
288.37,42.72
288.39,42.72
288.40,42.72
288.42,42.72
288.43,42.72
288.45,42.73
288.46,42.73
288.48,42.73
288.49,42.73
288.51,42.73
288.52,42.73
288.54,42.74
288.55,42.74
288.57,42.74
288.58,42.74
288.59,42.74
288.61,42.74
288.62,42.74
288.64,42.75
288.65,42.75
288.67,42.75
288.68,42.75
288.70,42.75
288.71,42.75
288.73,42.75
288.74,42.76
288.76,42.76
288.77,42.76
288.79,42.76
288.80,42.76
288.82,42.76
288.83,42.76
288.84,42.76
288.86,42.76
288.87,42.76
288.89,42.76
288.90,42.76
288.92,42.76
288.93,42.76
288.95,42.76
288.96,42.76
288.98,42.75
288.99,42.75
289.01,42.75
289.02,42.75
289.04,42.75
289.05,42.75
289.07,42.75
289.08,42.75
289.10,42.75
289.11,42.75
289.12,42.75
289.14,42.75
289.15,42.75
289.17,42.74
289.18,42.74
289.20,42.74
289.21,42.74
289.23,42.74
289.24,42.74
289.26,42.74
289.27,42.74
289.29,42.74
289.30,42.74
289.32,42.74
289.33,42.74
289.35,42.73
289.36,42.73
289.37,42.73
289.39,42.73
289.40,42.73
289.42,42.73
289.43,42.73
289.45,42.73
289.46,42.73
289.48,42.73
289.49,42.73
289.51,42.73
289.52,42.73
289.54,42.72
289.55,42.72
289.57,42.72
289.58,42.72
289.60,42.72
289.61,42.72
289.62,42.72
289.64,42.72
289.65,42.72
289.67,42.72
289.68,42.72
289.70,42.72
289.71,42.71
289.73,42.71
289.74,42.71
289.76,42.71
289.77,42.71
289.79,42.71
289.80,42.71
289.82,42.71
289.83,42.71
289.85,42.71
289.86,42.71
289.87,42.71
289.89,42.71
289.90,42.70
289.92,42.70
289.93,42.70
289.95,42.70
289.96,42.70
289.98,42.70
289.99,42.70
290.01,42.70
290.02,42.70
290.04,42.70
290.05,42.70
290.07,42.70
290.08,42.70
290.10,42.69
290.11,42.69
290.12,42.69
290.14,42.69
290.15,42.69
290.17,42.69
290.18,42.69
290.20,42.69
290.21,42.69
290.23,42.69
290.24,42.69
290.26,42.69
290.27,42.68
290.29,42.68
290.30,42.68
290.32,42.68
290.33,42.68
290.35,42.68
290.36,42.68
290.37,42.68
290.39,42.68
290.40,42.68
290.42,42.68
290.43,42.68
290.45,42.68
290.46,42.67
290.48,42.67
290.49,42.67
290.51,42.67
290.52,42.67
290.54,42.67
290.55,42.67
290.57,42.67
290.58,42.67
290.60,42.67
290.61,42.67
290.63,42.67
290.64,42.67
290.65,42.66
290.67,42.66
290.68,42.66
290.70,42.66
290.71,42.66
290.73,42.66
290.74,42.66
290.76,42.66
290.77,42.66
290.79,42.66
290.80,42.66
290.82,42.66
290.83,42.66
290.85,42.65
290.86,42.65
290.88,42.65
290.89,42.65
290.90,42.65
290.92,42.65
290.93,42.65
290.95,42.65
290.96,42.65
290.98,42.65
290.99,42.65
291.01,42.65
291.02,42.64
291.04,42.64
291.05,42.64
291.07,42.64
291.08,42.64
291.10,42.64
291.11,42.64
291.13,42.64
291.14,42.64
291.15,42.64
291.17,42.64
291.18,42.64
291.20,42.64
291.21,42.63
291.23,42.63
291.24,42.63
291.26,42.63
291.27,42.63
291.29,42.63
291.30,42.63
291.32,42.63
291.33,42.63
291.35,42.63
291.36,42.63
291.38,42.63
291.39,42.63
291.40,42.62
291.42,42.62
291.43,42.62
291.45,42.62
291.46,42.62
291.48,42.62
291.49,42.62
291.51,42.62
291.52,42.62
291.54,42.62
291.55,42.62
291.57,42.62
291.58,42.62
291.60,42.61
291.61,42.61
291.63,42.61
291.64,42.61
291.65,42.61
291.67,42.61
291.68,42.61
291.70,42.61
291.71,42.61
291.73,42.61
291.74,42.61
291.76,42.61
291.77,42.61
291.79,42.60
291.80,42.60
291.82,42.60
291.83,42.60
291.85,42.60
291.86,42.60
291.88,42.60
291.89,42.60
291.90,42.60
291.92,42.60
291.93,42.60
291.95,42.60
291.96,42.59
291.98,42.59
291.99,42.59
292.01,42.59
292.02,42.59
292.04,42.59
292.05,42.59
292.07,42.59
292.08,42.59
292.10,42.59
292.11,42.59
292.13,42.59
292.14,42.59
292.16,42.58
292.17,42.58
292.18,42.58
292.20,42.58
292.21,42.58
292.23,42.58
292.24,42.58
292.26,42.58
292.27,42.58
292.29,42.58
292.30,42.58
292.32,42.58
292.33,42.58
292.35,42.57
292.36,42.57
292.38,42.57
292.39,42.57
292.41,42.57
292.42,42.57
292.43,42.57
292.45,42.57
292.46,42.57
292.48,42.57
292.49,42.57
292.51,42.57
292.52,42.57
292.54,42.56
292.55,42.56
292.57,42.56
292.58,42.56
292.60,42.56
292.61,42.56
292.63,42.56
292.64,42.56
292.66,42.56
292.67,42.56
292.68,42.56
292.70,42.56
292.71,42.56
292.73,42.55
292.74,42.55
292.76,42.55
292.77,42.55
292.79,42.55
292.80,42.55
292.82,42.55
292.83,42.55
292.85,42.55
292.86,42.55
292.88,42.55
292.89,42.55
292.91,42.55
292.92,42.55
292.93,42.55
292.95,42.55
292.96,42.55
292.98,42.55
292.99,42.55
293.01,42.55
293.02,42.55
293.04,42.55
293.05,42.55
293.07,42.55
293.08,42.55
293.10,42.55
293.11,42.55
293.13,42.55
293.14,42.55
293.16,42.55
293.17,42.55
293.18,42.55
293.20,42.55
293.21,42.55
293.23,42.55
293.24,42.55
293.26,42.55
293.27,42.55
293.29,42.55
293.30,42.55
293.32,42.55
293.33,42.55
293.35,42.55
293.36,42.55
293.38,42.55
293.39,42.55
293.41,42.55
293.42,42.55
293.43,42.55
293.45,42.55
293.46,42.55
293.48,42.55
293.49,42.55
293.51,42.55
293.52,42.55
293.54,42.55
293.55,42.55
293.57,42.55
293.58,42.55
293.60,42.55
293.61,42.55
293.63,42.55
293.64,42.55
293.66,42.55
293.67,42.55
293.69,42.55
293.70,42.55
293.71,42.56
293.73,42.56
293.74,42.56
293.76,42.56
293.77,42.56
293.79,42.56
293.80,42.56
293.82,42.57
293.83,42.57
293.85,42.57
293.86,42.57
293.88,42.57
293.89,42.57
293.91,42.57
293.92,42.58
293.94,42.58
293.95,42.58
293.96,42.58
293.98,42.58
293.99,42.58
294.01,42.59
294.02,42.59
294.04,42.59
294.05,42.59
294.07,42.59
294.08,42.59
294.10,42.59
294.11,42.60
294.13,42.60
294.14,42.60
294.16,42.60
294.17,42.60
294.19,42.60
294.20,42.61
294.21,42.61
294.23,42.61
294.24,42.61
294.26,42.61
294.27,42.61
294.29,42.61
294.30,42.62
294.32,42.62
294.33,42.62
294.35,42.62
294.36,42.62
294.38,42.62
294.39,42.62
294.41,42.63
294.42,42.63
294.44,42.63
294.45,42.63
294.46,42.63
294.48,42.63
294.49,42.64
294.51,42.64
294.52,42.64
294.54,42.64
294.55,42.64
294.57,42.64
294.58,42.64
294.60,42.65
294.61,42.65
294.63,42.65
294.64,42.65
294.66,42.65
294.67,42.65
294.69,42.65
294.70,42.66
294.71,42.66
294.73,42.65
294.74,42.65
294.76,42.65
294.77,42.65
294.79,42.65
294.80,42.65
294.82,42.65
294.83,42.65
294.85,42.65
294.86,42.65
294.88,42.65
294.89,42.65
294.91,42.65
294.92,42.64
294.94,42.64
294.95,42.64
294.96,42.64
294.98,42.64
294.99,42.64
295.01,42.64
295.02,42.64
295.04,42.64
295.05,42.64
295.07,42.64
295.08,42.64
295.10,42.64
295.11,42.63
295.13,42.63
295.14,42.63
295.16,42.63
295.17,42.63
295.19,42.63
295.20,42.63
295.22,42.63
295.23,42.63
295.24,42.63
295.26,42.63
295.27,42.63
295.29,42.63
295.30,42.63
295.32,42.63
295.33,42.63
295.35,42.63
295.36,42.63
295.38,42.63
295.39,42.63
295.41,42.63
295.42,42.63
295.44,42.63
295.45,42.63
295.47,42.63
295.48,42.63
295.49,42.63
295.51,42.63
295.52,42.63
295.54,42.63
295.55,42.63
295.57,42.63
295.58,42.63
295.60,42.63
295.61,42.63
295.63,42.63
295.64,42.63
295.66,42.63
295.67,42.63
295.69,42.63
295.70,42.63
295.72,42.63
295.73,42.63
295.74,42.63
295.76,42.63
295.77,42.63
295.79,42.63
295.80,42.63
295.82,42.63
295.83,42.63
295.85,42.63
295.86,42.63
295.88,42.63
295.89,42.63
295.91,42.63
295.92,42.63
295.94,42.63
295.95,42.63
295.97,42.63
295.98,42.63
295.99,42.63
296.01,42.63
296.02,42.63
296.04,42.63
296.05,42.63
296.07,42.63
296.08,42.63
296.10,42.63
296.11,42.63
296.13,42.63
296.14,42.63
296.16,42.63
296.17,42.64
296.19,42.64
296.20,42.64
296.22,42.64
296.23,42.64
296.24,42.64
296.26,42.64
296.27,42.65
296.29,42.65
296.30,42.65
296.32,42.65
296.33,42.65
296.35,42.65
296.36,42.65
296.38,42.66
296.39,42.66
296.41,42.66
296.42,42.66
296.44,42.66
296.45,42.66
296.47,42.67
296.48,42.67
296.49,42.67
296.51,42.67
296.52,42.67
296.54,42.67
296.55,42.67
296.57,42.68
296.58,42.68
296.60,42.68
296.61,42.68
296.63,42.68
296.64,42.68
296.66,42.68
296.67,42.68
296.69,42.68
296.70,42.68
296.72,42.68
296.73,42.68
296.75,42.68
296.76,42.68
296.77,42.68
296.79,42.68
296.80,42.68
296.82,42.68
296.83,42.69
296.85,42.69
296.86,42.69
296.88,42.69
296.89,42.69
296.91,42.69
296.92,42.69
296.94,42.70
296.95,42.70
296.97,42.70
296.98,42.70
297.00,42.70
297.01,42.70
297.02,42.70
297.04,42.71
297.05,42.71
297.07,42.71
297.08,42.71
297.10,42.71
297.11,42.71
297.13,42.72
297.14,42.72
297.16,42.72
297.17,42.72
297.19,42.72
297.20,42.72
297.22,42.72
297.23,42.73
297.25,42.73
297.26,42.73
297.27,42.73
297.29,42.73
297.30,42.73
297.32,42.73
297.33,42.74
297.35,42.74
297.36,42.74
297.38,42.74
297.39,42.74
297.41,42.74
297.42,42.75
297.44,42.75
297.45,42.75
297.47,42.75
297.48,42.75
297.50,42.75
297.51,42.75
297.52,42.76
297.54,42.76
297.55,42.76
297.57,42.76
297.58,42.76
297.60,42.76
297.61,42.76
297.63,42.77
297.64,42.77
297.66,42.77
297.67,42.77
297.69,42.77
297.70,42.77
297.72,42.77
297.73,42.78
297.75,42.78
297.76,42.78
297.77,42.78
297.79,42.78
297.80,42.78
297.82,42.79
297.83,42.79
297.85,42.79
297.86,42.79
297.88,42.79
297.89,42.79
297.91,42.79
297.92,42.79
297.94,42.79
297.95,42.79
297.97,42.79
297.98,42.79
298.00,42.78
298.01,42.78
298.02,42.78
298.04,42.78
298.05,42.78
298.07,42.78
298.08,42.78
298.10,42.78
298.11,42.78
298.13,42.78
298.14,42.78
298.16,42.78
298.17,42.78
298.19,42.77
298.20,42.77
298.22,42.77
298.23,42.77
298.25,42.77
298.26,42.77
298.28,42.77
298.29,42.77
298.30,42.77
298.32,42.77
298.33,42.77
298.35,42.77
298.36,42.77
298.38,42.76
298.39,42.76
298.41,42.76
298.42,42.76
298.44,42.76
298.45,42.76
298.47,42.76
298.48,42.76
298.50,42.76
298.51,42.76
298.53,42.76
298.54,42.76
298.55,42.75
298.57,42.75
298.58,42.75
298.60,42.75
298.61,42.75
298.63,42.75
298.64,42.75
298.66,42.75
298.67,42.75
298.69,42.75
298.70,42.75
298.72,42.75
298.73,42.75
298.75,42.74
298.76,42.74
298.78,42.74
298.79,42.74
298.80,42.74
298.82,42.74
298.83,42.74
298.85,42.74
298.86,42.74
298.88,42.74
298.89,42.74
298.91,42.74
298.92,42.73
298.94,42.73
298.95,42.73
298.97,42.73
298.98,42.73
299.00,42.73
299.01,42.73
299.03,42.73
299.04,42.73
299.05,42.73
299.07,42.73
299.08,42.73
299.10,42.73
299.11,42.73
299.13,42.73
299.14,42.73
299.16,42.73
299.17,42.73
299.19,42.73
299.20,42.73
299.22,42.73
299.23,42.73
299.25,42.73
299.26,42.73
299.28,42.73
299.29,42.73
299.30,42.73
299.32,42.73
299.33,42.73
299.35,42.73
299.36,42.73
299.38,42.73
299.39,42.73
299.41,42.73
299.42,42.73
299.44,42.73
299.45,42.73
299.47,42.73
299.48,42.73
299.50,42.73
299.51,42.73
299.53,42.73
299.54,42.73
299.55,42.73
299.57,42.73
299.58,42.73
299.60,42.73
299.61,42.73
299.63,42.73
299.64,42.73
299.66,42.73
299.67,42.73
299.69,42.73
299.70,42.73
299.72,42.73
299.73,42.73
299.75,42.72
299.76,42.72
299.78,42.72
299.79,42.72
299.81,42.72
299.82,42.72
299.83,42.72
299.85,42.72
299.86,42.72
299.88,42.72
299.89,42.72
299.91,42.72
299.92,42.72
299.94,42.72
299.95,42.72
299.97,42.72
299.98,42.72
300.00,42.72
300.01,42.72
300.03,42.72
300.04,42.72
300.06,42.72
300.07,42.72
300.08,42.72
300.10,42.71
300.11,42.71
300.13,42.71
300.14,42.71
300.16,42.71
300.17,42.71
300.19,42.71
300.20,42.71
300.22,42.71
300.23,42.71
300.25,42.71
300.26,42.71
300.28,42.71
300.29,42.70
300.31,42.70
300.32,42.70
300.33,42.70
300.35,42.71
300.36,42.71
300.38,42.71
300.39,42.71
300.41,42.71
300.42,42.71
300.44,42.72
300.45,42.72
300.47,42.72
300.48,42.72
300.50,42.72
300.51,42.72
300.53,42.72
300.54,42.73
300.56,42.73
300.57,42.73
300.58,42.73
300.60,42.73
300.61,42.73
300.63,42.73
300.64,42.74
300.66,42.74
300.67,42.74
300.69,42.74
300.70,42.74
300.72,42.74
300.73,42.75
300.75,42.75
300.76,42.75
300.78,42.75
300.79,42.75
300.81,42.75
300.82,42.75
300.83,42.76
300.85,42.76
300.86,42.76
300.88,42.76
300.89,42.76
300.91,42.76
300.92,42.76
300.94,42.77
300.95,42.77
300.97,42.77
300.98,42.77
301.00,42.77
301.01,42.77
301.03,42.78
301.04,42.78
301.06,42.78
301.07,42.78
301.08,42.78
301.10,42.78
301.11,42.78
301.13,42.79
301.14,42.79
301.16,42.79
301.17,42.79
301.19,42.79
301.20,42.79
301.22,42.79
301.23,42.80
301.25,42.80
301.26,42.80
301.28,42.80
301.29,42.80
301.31,42.80
301.32,42.80
301.34,42.81
301.35,42.81
301.36,42.81
301.38,42.81
301.39,42.81
301.41,42.81
301.42,42.82
301.44,42.82
301.45,42.82
301.47,42.82
301.48,42.82
301.50,42.82
301.51,42.82
301.53,42.83
301.54,42.83
301.56,42.83
301.57,42.83
301.59,42.83
301.60,42.83
301.61,42.83
301.63,42.84
301.64,42.84
301.66,42.84
301.67,42.84
301.69,42.84
301.70,42.84
301.72,42.84
301.73,42.84
301.75,42.84
301.76,42.84
301.78,42.84
301.79,42.84
301.81,42.84
301.82,42.83
301.84,42.83
301.85,42.83
301.86,42.83
301.88,42.83
301.89,42.83
301.91,42.83
301.92,42.83
301.94,42.83
301.95,42.83
301.97,42.83
301.98,42.83
302.00,42.83
302.01,42.82
302.03,42.82
302.04,42.82
302.06,42.82
302.07,42.82
302.09,42.82
302.10,42.82
302.11,42.82
302.13,42.82
302.14,42.82
302.16,42.82
302.17,42.82
302.19,42.81
302.20,42.81
302.22,42.81
302.23,42.81
302.25,42.81
302.26,42.81
302.28,42.81
302.29,42.81
302.31,42.81
302.32,42.81
302.34,42.81
302.35,42.81
302.36,42.81
302.38,42.80
302.39,42.80
302.41,42.80
302.42,42.80
302.44,42.80
302.45,42.80
302.47,42.80
302.48,42.80
302.50,42.80
302.51,42.80
302.53,42.80
302.54,42.80
302.56,42.79
302.57,42.79
302.59,42.79
302.60,42.79
302.61,42.79
302.63,42.79
302.64,42.79
302.66,42.79
302.67,42.79
302.69,42.79
302.70,42.79
302.72,42.79
302.73,42.79
302.75,42.78
302.76,42.78
302.78,42.78
302.79,42.78
302.81,42.78
302.82,42.78
302.84,42.78
302.85,42.78
302.87,42.78
302.88,42.78
302.89,42.78
302.91,42.78
302.92,42.77
302.94,42.77
302.95,42.77
302.97,42.77
302.98,42.77
303.00,42.77
303.01,42.77
303.03,42.77
303.04,42.77
303.06,42.77
303.07,42.77
303.09,42.77
303.10,42.77
303.12,42.76
303.13,42.76
303.14,42.76
303.16,42.76
303.17,42.76
303.19,42.76
303.20,42.76
303.22,42.76
303.23,42.76
303.25,42.76
303.26,42.76
303.28,42.76
303.29,42.76
303.31,42.76
303.32,42.76
303.34,42.76
303.35,42.76
303.37,42.76
303.38,42.76
303.39,42.76
303.41,42.76
303.42,42.76
303.44,42.76
303.45,42.76
303.47,42.76
303.48,42.76
303.50,42.76
303.51,42.76
303.53,42.76
303.54,42.76
303.56,42.76
303.57,42.76
303.59,42.76
303.60,42.76
303.62,42.76
303.63,42.76
303.64,42.76
303.66,42.76
303.67,42.76
303.69,42.76
303.70,42.76
303.72,42.76
303.73,42.76
303.75,42.76
303.76,42.76
303.78,42.76
303.79,42.76
303.81,42.76
303.82,42.76
303.84,42.76
303.85,42.76
303.87,42.76
303.88,42.76
303.89,42.76
303.91,42.76
303.92,42.76
303.94,42.76
303.95,42.76
303.97,42.76
303.98,42.76
304.00,42.76
304.01,42.76
304.03,42.76
304.04,42.76
304.06,42.76
304.07,42.76
304.09,42.76
304.10,42.76
304.12,42.76
304.13,42.76
304.14,42.76
304.16,42.76
304.17,42.76
304.19,42.76
304.20,42.76
304.22,42.76
304.23,42.76
304.25,42.76
304.26,42.76
304.28,42.76
304.29,42.75
304.31,42.75
304.32,42.75
304.34,42.75
304.35,42.75
304.37,42.75
304.38,42.75
304.40,42.75
304.41,42.75
304.42,42.75
304.44,42.76
304.45,42.76
304.47,42.76
304.48,42.76
304.50,42.76
304.51,42.76
304.53,42.77
304.54,42.77
304.56,42.77
304.57,42.77
304.59,42.77
304.60,42.77
304.62,42.77
304.63,42.78
304.65,42.78
304.66,42.78
304.67,42.78
304.69,42.78
304.70,42.78
304.72,42.78
304.73,42.79
304.75,42.79
304.76,42.79
304.78,42.79
304.79,42.79
304.81,42.79
304.82,42.80
304.84,42.80
304.85,42.80
304.87,42.80
304.88,42.80
304.90,42.80
304.91,42.80
304.92,42.81
304.94,42.81
304.95,42.81
304.97,42.81
304.98,42.81
305.00,42.81
305.01,42.81
305.03,42.82
305.04,42.82
305.06,42.82
305.07,42.82
305.09,42.82
305.10,42.82
305.12,42.83
305.13,42.83
305.15,42.83
305.16,42.83
305.17,42.83
305.19,42.83
305.20,42.83
305.22,42.84
305.23,42.84
305.25,42.84
305.26,42.84
305.28,42.84
305.29,42.84
305.31,42.84
305.32,42.84
305.34,42.84
305.35,42.84
305.37,42.84
305.38,42.84
305.40,42.84
305.41,42.84
305.42,42.84
305.44,42.84
305.45,42.84
305.47,42.84
305.48,42.84
305.50,42.84
305.51,42.84
305.53,42.85
305.54,42.85
305.56,42.85
305.57,42.85
305.59,42.85
305.60,42.85
305.62,42.85
305.63,42.86
305.65,42.86
305.66,42.86
305.67,42.86
305.69,42.86
305.70,42.86
305.72,42.86
305.73,42.87
305.75,42.87
305.76,42.87
305.78,42.87
305.79,42.87
305.81,42.87
305.82,42.88
305.84,42.88
305.85,42.88
305.87,42.88
305.88,42.88
305.90,42.88
305.91,42.88
305.92,42.89
305.94,42.89
305.95,42.89
305.97,42.89
305.98,42.89
306.00,42.89
306.01,42.89
306.03,42.90
306.04,42.90
306.06,42.90
306.07,42.90
306.09,42.90
306.10,42.90
306.12,42.90
306.13,42.91
306.15,42.91
306.16,42.91
306.18,42.91
306.19,42.91
306.20,42.91
306.22,42.92
306.23,42.92
306.25,42.92
306.26,42.92
306.28,42.92
306.29,42.92
306.31,42.92
306.32,42.92
306.34,42.92
306.35,42.92
306.37,42.92
306.38,42.92
306.40,42.91
306.41,42.91
306.43,42.91
306.44,42.91
306.45,42.91
306.47,42.91
306.48,42.91
306.50,42.91
306.51,42.91
306.53,42.91
306.54,42.91
306.56,42.91
306.57,42.90
306.59,42.90
306.60,42.90
306.62,42.90
306.63,42.90
306.65,42.90
306.66,42.90
306.68,42.90
306.69,42.90
306.70,42.90
306.72,42.90
306.73,42.90
306.75,42.90
306.76,42.89
306.78,42.89
306.79,42.89
306.81,42.89
306.82,42.89
306.84,42.89
306.85,42.89
306.87,42.89
306.88,42.89
306.90,42.89
306.91,42.89
306.93,42.89
306.94,42.88
306.95,42.88
306.97,42.88
306.98,42.88
307.00,42.88
307.01,42.88
307.03,42.88
307.04,42.88
307.06,42.88
307.07,42.88
307.09,42.88
307.10,42.88
307.12,42.87
307.13,42.87
307.15,42.87
307.16,42.87
307.18,42.87
307.19,42.87
307.20,42.87
307.22,42.87
307.23,42.87
307.25,42.87
307.26,42.87
307.28,42.87
307.29,42.87
307.31,42.86
307.32,42.86
307.34,42.86
307.35,42.86
307.37,42.86
307.38,42.86
307.40,42.86
307.41,42.86
307.43,42.86
307.44,42.86
307.45,42.86
307.47,42.86
307.48,42.85
307.50,42.85
307.51,42.85
307.53,42.85
307.54,42.85
307.56,42.85
307.57,42.85
307.59,42.85
307.60,42.85
307.62,42.85
307.63,42.85
307.65,42.85
307.66,42.85
307.68,42.84
307.69,42.84
307.71,42.84
307.72,42.84
307.73,42.84
307.75,42.84
307.76,42.84
307.78,42.84
307.79,42.84
307.81,42.84
307.82,42.84
307.84,42.84
307.85,42.83
307.87,42.83
307.88,42.83
307.90,42.83
307.91,42.83
307.93,42.83
307.94,42.83
307.96,42.83
307.97,42.83
307.98,42.83
308.00,42.83
308.01,42.83
308.03,42.83
308.04,42.82
308.06,42.82
308.07,42.82
308.09,42.82
308.10,42.82
308.12,42.82
308.13,42.82
308.15,42.82
308.16,42.82
308.18,42.82
308.19,42.82
308.21,42.82
308.22,42.81
308.23,42.81
308.25,42.81
308.26,42.81
308.28,42.81
308.29,42.81
308.31,42.81
308.32,42.81
308.34,42.81
308.35,42.81
308.37,42.81
308.38,42.81
308.40,42.81
308.41,42.80
308.43,42.80
308.44,42.80
308.46,42.80
308.47,42.80
308.48,42.80
308.50,42.80
308.51,42.80
308.53,42.80
308.54,42.80
308.56,42.80
308.57,42.80
308.59,42.80
308.60,42.80
308.62,42.80
308.63,42.80
308.65,42.80
308.66,42.80
308.68,42.80
308.69,42.80
308.71,42.80
308.72,42.80
308.73,42.80
308.75,42.80
308.76,42.80
308.78,42.80
308.79,42.80
308.81,42.80
308.82,42.80
308.84,42.80
308.85,42.80
308.87,42.80
308.88,42.80
308.90,42.80
308.91,42.80
308.93,42.80
308.94,42.80
308.96,42.80
308.97,42.80
308.98,42.80
309.00,42.80
309.01,42.80
309.03,42.80
309.04,42.80
309.06,42.80
309.07,42.80
309.09,42.80
309.10,42.80
309.12,42.80
309.13,42.80
309.15,42.80
309.16,42.80
309.18,42.80
309.19,42.80
309.21,42.80
309.22,42.80
309.24,42.80
309.25,42.80
309.26,42.80
309.28,42.80
309.29,42.80
309.31,42.80
309.32,42.80
309.34,42.80
309.35,42.80
309.37,42.80
309.38,42.80
309.40,42.80
309.41,42.80
309.43,42.80
309.44,42.80
309.46,42.80
309.47,42.80
309.49,42.80
309.50,42.80
309.51,42.80
309.53,42.80
309.54,42.80
309.56,42.80
309.57,42.80
309.59,42.80
309.60,42.80
309.62,42.80
309.63,42.80
309.65,42.80
309.66,42.80
309.68,42.79
309.69,42.79
309.71,42.79
309.72,42.79
309.74,42.79
309.75,42.79
309.76,42.79
309.78,42.79
309.79,42.79
309.81,42.79
309.82,42.79
309.84,42.79
309.85,42.78
309.87,42.78
309.88,42.78
309.90,42.78
309.91,42.78
309.93,42.78
309.94,42.78
309.96,42.78
309.97,42.78
309.99,42.78
310.00,42.78
310.01,42.78
310.03,42.78
310.04,42.78
310.06,42.78
310.07,42.78
310.09,42.79
310.10,42.79
310.12,42.79
310.13,42.79
310.15,42.79
310.16,42.79
310.18,42.80
310.19,42.80
310.21,42.80
310.22,42.80
310.24,42.80
310.25,42.80
310.26,42.80
310.28,42.81
310.29,42.81
310.31,42.81
310.32,42.81
310.34,42.81
310.35,42.81
310.37,42.81
310.38,42.82
310.40,42.82
310.41,42.82
310.43,42.82
310.44,42.82
310.46,42.82
310.47,42.83
310.49,42.83
310.50,42.83
310.51,42.83
310.53,42.83
310.54,42.83
310.56,42.83
310.57,42.84
310.59,42.84
310.60,42.84
310.62,42.84
310.63,42.84
310.65,42.84
310.66,42.84
310.68,42.85
310.69,42.85
310.71,42.85
310.72,42.85
310.74,42.85
310.75,42.85
310.77,42.86
310.78,42.86
310.79,42.86
310.81,42.86
310.82,42.86
310.84,42.86
310.85,42.86
310.87,42.87
310.88,42.87
310.90,42.87
310.91,42.87
310.93,42.87
310.94,42.87
310.96,42.87
310.97,42.88
310.99,42.88
311.00,42.88
311.02,42.88
311.03,42.88
311.04,42.88
311.06,42.89
311.07,42.89
311.09,42.89
311.10,42.89
311.12,42.89
311.13,42.89
311.15,42.89
311.16,42.90
311.18,42.90
311.19,42.90
311.21,42.90
311.22,42.90
311.24,42.90
311.25,42.90
311.27,42.91
311.28,42.91
311.29,42.91
311.31,42.91
311.32,42.91
311.34,42.91
311.35,42.91
311.37,42.92
311.38,42.92
311.40,42.92
311.41,42.92
311.43,42.92
311.44,42.92
311.46,42.93
311.47,42.93
311.49,42.93
311.50,42.93
311.52,42.93
311.53,42.93
311.54,42.93
311.56,42.92
311.57,42.92
311.59,42.92
311.60,42.92
311.62,42.92
311.63,42.92
311.65,42.92
311.66,42.92
311.68,42.92
311.69,42.92
311.71,42.92
311.72,42.92
311.74,42.91
311.75,42.91
311.77,42.91
311.78,42.91
311.79,42.91
311.81,42.91
311.82,42.91
311.84,42.91
311.85,42.91
311.87,42.91
311.88,42.91
311.90,42.91
311.91,42.90
311.93,42.90
311.94,42.90
311.96,42.90
311.97,42.90
311.99,42.90
312.00,42.90
312.02,42.90
312.03,42.90
312.04,42.90
312.06,42.90
312.07,42.90
312.09,42.90
312.10,42.89
312.12,42.89
312.13,42.89
312.15,42.89
312.16,42.89
312.18,42.89
312.19,42.89
312.21,42.89
312.22,42.89
312.24,42.89
312.25,42.89
312.27,42.89
312.28,42.88
312.30,42.88
312.31,42.88
312.32,42.88
312.34,42.88
312.35,42.88
312.37,42.88
312.38,42.88
312.40,42.88
312.41,42.88
312.43,42.88
312.44,42.88
312.46,42.87
312.47,42.87
312.49,42.87
312.50,42.87
312.52,42.87
312.53,42.87
312.55,42.87
312.56,42.87
312.57,42.87
312.59,42.87
312.60,42.87
312.62,42.87
312.63,42.87
312.65,42.86
312.66,42.86
312.68,42.86
312.69,42.86
312.71,42.86
312.72,42.86
312.74,42.86
312.75,42.86
312.77,42.86
312.78,42.86
312.80,42.86
312.81,42.86
312.82,42.85
312.84,42.85
312.85,42.85
312.87,42.85
312.88,42.85
312.90,42.85
312.91,42.85
312.93,42.85
312.94,42.85
312.96,42.85
312.97,42.85
312.99,42.85
313.00,42.85
313.02,42.84
313.03,42.84
313.05,42.84
313.06,42.84
313.07,42.84
313.09,42.84
313.10,42.84
313.12,42.84
313.13,42.84
313.15,42.84
313.16,42.84
313.18,42.84
313.19,42.83
313.21,42.83
313.22,42.83
313.24,42.83
313.25,42.83
313.27,42.83
313.28,42.83
313.30,42.83
313.31,42.83
313.32,42.83
313.34,42.83
313.35,42.83
313.37,42.83
313.38,42.82
313.40,42.82
313.41,42.82
313.43,42.82
313.44,42.82
313.46,42.82
313.47,42.82
313.49,42.82
313.50,42.82
313.52,42.82
313.53,42.82
313.55,42.82
313.56,42.81
313.57,42.81
313.59,42.81
313.60,42.81
313.62,42.81
313.63,42.81
313.65,42.81
313.66,42.81
313.68,42.81
313.69,42.81
313.71,42.81
313.72,42.81
313.74,42.80
313.75,42.80
313.77,42.80
313.78,42.80
313.80,42.80
313.81,42.80
313.83,42.80
313.84,42.80
313.85,42.80
313.87,42.80
313.88,42.80
313.90,42.80
313.91,42.80
313.93,42.79
313.94,42.79
313.96,42.79
313.97,42.79
313.99,42.79
314.00,42.79
314.02,42.79
314.03,42.79
314.05,42.79
314.06,42.79
314.08,42.79
314.09,42.79
314.10,42.79
314.12,42.78
314.13,42.78
314.15,42.78
314.16,42.78
314.18,42.78
314.19,42.78
314.21,42.78
314.22,42.78
314.24,42.78
314.25,42.78
314.27,42.78
314.28,42.78
314.30,42.77
314.31,42.77
314.33,42.77
314.34,42.77
314.35,42.77
314.37,42.77
314.38,42.77
314.40,42.77
314.41,42.77
314.43,42.77
314.44,42.77
314.46,42.77
314.47,42.77
314.49,42.76
314.50,42.76
314.52,42.76
314.53,42.76
314.55,42.76
314.56,42.76
314.58,42.76
314.59,42.76
314.60,42.76
314.62,42.76
314.63,42.76
314.65,42.76
314.66,42.75
314.68,42.75
314.69,42.75
314.71,42.75
314.72,42.75
314.74,42.75
314.75,42.75
314.77,42.75
314.78,42.75
314.80,42.75
314.81,42.75
314.83,42.75
314.84,42.75
314.85,42.75
314.87,42.75
314.88,42.75
314.90,42.75
314.91,42.75
314.93,42.75
314.94,42.75
314.96,42.75
314.97,42.75
314.99,42.75
315.00,42.75
315.02,42.75
315.03,42.75
315.05,42.75
315.06,42.75
315.08,42.75
315.09,42.75
315.10,42.75
315.12,42.75
315.13,42.75
315.15,42.75
315.16,42.75
315.18,42.75
315.19,42.75
315.21,42.75
315.22,42.75
315.24,42.75
315.25,42.75
315.27,42.75
315.28,42.75
315.30,42.75
315.31,42.75
315.33,42.75
315.34,42.75
315.36,42.75
315.37,42.75
315.38,42.75
315.40,42.75
315.41,42.75
315.43,42.75
315.44,42.75
315.46,42.75
315.47,42.75
315.49,42.75
315.50,42.75
315.52,42.75
315.53,42.75
315.55,42.75
315.56,42.75
315.58,42.75
315.59,42.75
315.61,42.75
315.62,42.75
315.63,42.75
315.65,42.75
315.66,42.75
315.68,42.75
315.69,42.75
315.71,42.75
315.72,42.75
315.74,42.75
315.75,42.75
315.77,42.75
315.78,42.75
315.80,42.75
315.81,42.75
315.83,42.75
315.84,42.75
315.86,42.75
315.87,42.74
315.88,42.74
315.90,42.74
315.91,42.74
315.93,42.74
315.94,42.74
315.96,42.74
315.97,42.74
315.99,42.74
316.00,42.74
316.02,42.74
316.03,42.74
316.05,42.74
316.06,42.74
316.08,42.74
316.09,42.74
316.11,42.74
316.12,42.74
316.13,42.74
316.15,42.75
316.16,42.75
316.18,42.75
316.19,42.75
316.21,42.75
316.22,42.75
316.24,42.76
316.25,42.76
316.27,42.76
316.28,42.76
316.30,42.76
316.31,42.76
316.33,42.76
316.34,42.77
316.36,42.77
316.37,42.77
316.38,42.77
316.40,42.77
316.41,42.77
316.43,42.78
316.44,42.78
316.46,42.78
316.47,42.78
316.49,42.78
316.50,42.78
316.52,42.78
316.53,42.79
316.55,42.79
316.56,42.79
316.58,42.79
316.59,42.79
316.61,42.79
316.62,42.79
316.63,42.80
316.65,42.80
316.66,42.80
316.68,42.80
316.69,42.80
316.71,42.80
316.72,42.81
316.74,42.81
316.75,42.81
316.77,42.81
316.78,42.81
316.80,42.81
316.81,42.81
316.83,42.82
316.84,42.82
316.86,42.82
316.87,42.82
316.89,42.82
316.90,42.82
316.91,42.82
316.93,42.83
316.94,42.83
316.96,42.83
316.97,42.83
316.99,42.83
317.00,42.83
317.02,42.84
317.03,42.84
317.05,42.84
317.06,42.84
317.08,42.84
317.09,42.84
317.11,42.84
317.12,42.85
317.14,42.85
317.15,42.85
317.16,42.85
317.18,42.85
317.19,42.85
317.21,42.85
317.22,42.86
317.24,42.86
317.25,42.86
317.27,42.86
317.28,42.86
317.30,42.86
317.31,42.87
317.33,42.87
317.34,42.87
317.36,42.87
317.37,42.87
317.39,42.87
317.40,42.87
317.41,42.88
317.43,42.88
317.44,42.88
317.46,42.88
317.47,42.88
317.49,42.88
317.50,42.88
317.52,42.89
317.53,42.89
317.55,42.89
317.56,42.89
317.58,42.89
317.59,42.89
317.61,42.89
317.62,42.89
317.64,42.88
317.65,42.88
317.66,42.88
317.68,42.88
317.69,42.88
317.71,42.88
317.72,42.88
317.74,42.88
317.75,42.88
317.77,42.88
317.78,42.88
317.80,42.88
317.81,42.87
317.83,42.87
317.84,42.87
317.86,42.87
317.87,42.87
317.89,42.87
317.90,42.87
317.91,42.87
317.93,42.87
317.94,42.87
317.96,42.87
317.97,42.87
317.99,42.87
318.00,42.86
318.02,42.86
318.03,42.86
318.05,42.86
318.06,42.86
318.08,42.86
318.09,42.86
318.11,42.86
318.12,42.86
318.14,42.86
318.15,42.86
318.16,42.86
318.18,42.85
318.19,42.85
318.21,42.85
318.22,42.85
318.24,42.85
318.25,42.85
318.27,42.85
318.28,42.85
318.30,42.85
318.31,42.85
318.33,42.85
318.34,42.85
318.36,42.85
318.37,42.84
318.39,42.84
318.40,42.84
318.42,42.84
318.43,42.84
318.44,42.84
318.46,42.84
318.47,42.84
318.49,42.84
318.50,42.84
318.52,42.84
318.53,42.84
318.55,42.83
318.56,42.83
318.58,42.83
318.59,42.83
318.61,42.83
318.62,42.83
318.64,42.83
318.65,42.83
318.67,42.83
318.68,42.83
318.69,42.83
318.71,42.83
318.72,42.82
318.74,42.82
318.75,42.82
318.77,42.82
318.78,42.82
318.80,42.82
318.81,42.82
318.83,42.82
318.84,42.82
318.86,42.82
318.87,42.82
318.89,42.82
318.90,42.82
318.92,42.81
318.93,42.81
318.94,42.81
318.96,42.81
318.97,42.81
318.99,42.81
319.00,42.81
319.02,42.81
319.03,42.81
319.05,42.81
319.06,42.81
319.08,42.81
319.09,42.81
319.11,42.81
319.12,42.81
319.14,42.81
319.15,42.81
319.17,42.81
319.18,42.81
319.19,42.81
319.21,42.81
319.22,42.81
319.24,42.81
319.25,42.81
319.27,42.81
319.28,42.81
319.30,42.81
319.31,42.81
319.33,42.81
319.34,42.81
319.36,42.81
319.37,42.81
319.39,42.81
319.40,42.81
319.42,42.81
319.43,42.81
319.44,42.81
319.46,42.81
319.47,42.81
319.49,42.81
319.50,42.81
319.52,42.81
319.53,42.81
319.55,42.81
319.56,42.81
319.58,42.81
319.59,42.81
319.61,42.81
319.62,42.81
319.64,42.81
319.65,42.81
319.67,42.81
319.68,42.81
319.69,42.81
319.71,42.81
319.72,42.81
319.74,42.81
319.75,42.81
319.77,42.81
319.78,42.81
319.80,42.81
319.81,42.81
319.83,42.81
319.84,42.81
319.86,42.81
319.87,42.81
319.89,42.81
319.90,42.81
319.92,42.81
319.93,42.81
319.95,42.81
319.96,42.81
319.97,42.81
319.99,42.81
320.00,42.81
320.02,42.81
320.03,42.81
320.05,42.81
320.06,42.81
320.08,42.81
320.09,42.80
320.11,42.80
320.12,42.80
320.14,42.80
320.15,42.80
320.17,42.80
320.18,42.80
320.20,42.80
320.21,42.80
320.22,42.80
320.24,42.80
320.25,42.80
320.27,42.79
320.28,42.79
320.30,42.79
320.31,42.79
320.33,42.79
320.34,42.80
320.36,42.80
320.37,42.80
320.39,42.80
320.40,42.80
320.42,42.80
320.43,42.80
320.45,42.81
320.46,42.81
320.47,42.81
320.49,42.81
320.50,42.81
320.52,42.81
320.53,42.82
320.55,42.82
320.56,42.82
320.58,42.82
320.59,42.82
320.61,42.82
320.62,42.82
320.64,42.83
320.65,42.83
320.67,42.83
320.68,42.83
320.70,42.83
320.71,42.83
320.72,42.83
320.74,42.84
320.75,42.84
320.77,42.84
320.78,42.84
320.80,42.84
320.81,42.84
320.83,42.85
320.84,42.85
320.86,42.85
320.87,42.85
320.89,42.85
320.90,42.85
320.92,42.85
320.93,42.86
320.95,42.86
320.96,42.86
320.97,42.86
320.99,42.86
321.00,42.86
321.02,42.87
321.03,42.87
321.05,42.87
321.06,42.87
321.08,42.87
321.09,42.87
321.11,42.87
321.12,42.88
321.14,42.88
321.15,42.88
321.17,42.88
321.18,42.88
321.20,42.88
321.21,42.88
321.22,42.89
321.24,42.89
321.25,42.89
321.27,42.89
321.28,42.89
321.30,42.89
321.31,42.90
321.33,42.90
321.34,42.90
321.36,42.90
321.37,42.90
321.39,42.90
321.40,42.90
321.42,42.91
321.43,42.91
321.45,42.91
321.46,42.91
321.48,42.91
321.49,42.91
321.50,42.91
321.52,42.92
321.53,42.92
321.55,42.92
321.56,42.92
321.58,42.92
321.59,42.92
321.61,42.92
321.62,42.93
321.64,42.93
321.65,42.93
321.67,42.93
321.68,42.93
321.70,42.93
321.71,42.94
321.73,42.94
321.74,42.94
321.75,42.94
321.77,42.94
321.78,42.94
321.80,42.94
321.81,42.95
321.83,42.95
321.84,42.95
321.86,42.95
321.87,42.95
321.89,42.95
321.90,42.95
321.92,42.95
321.93,42.95
321.95,42.95
321.96,42.95
321.98,42.95
321.99,42.95
322.00,42.95
322.02,42.95
322.03,42.95
322.05,42.94
322.06,42.94
322.08,42.94
322.09,42.94
322.11,42.94
322.12,42.94
322.14,42.94
322.15,42.94
322.17,42.94
322.18,42.94
322.20,42.94
322.21,42.94
322.23,42.93
322.24,42.93
322.25,42.93
322.27,42.93
322.28,42.93
322.30,42.93
322.31,42.93
322.33,42.93
322.34,42.93
322.36,42.93
322.37,42.93
322.39,42.93
322.40,42.92
322.42,42.92
322.43,42.92
322.45,42.92
322.46,42.92
322.48,42.92
322.49,42.92
322.50,42.92
322.52,42.92
322.53,42.92
322.55,42.92
322.56,42.92
322.58,42.92
322.59,42.91
322.61,42.91
322.62,42.91
322.64,42.91
322.65,42.91
322.67,42.91
322.68,42.91
322.70,42.91
322.71,42.91
322.73,42.91
322.74,42.91
322.75,42.91
322.77,42.90
322.78,42.90
322.80,42.90
322.81,42.90
322.83,42.90
322.84,42.90
322.86,42.90
322.87,42.90
322.89,42.90
322.90,42.90
322.92,42.90
322.93,42.90
322.95,42.90
322.96,42.90
322.98,42.90
322.99,42.90
323.01,42.90
323.02,42.90
323.03,42.90
323.05,42.90
323.06,42.90
323.08,42.90
323.09,42.90
323.11,42.90
323.12,42.90
323.14,42.90
323.15,42.90
323.17,42.90
323.18,42.90
323.20,42.90
323.21,42.90
323.23,42.90
323.24,42.90
323.26,42.90
323.27,42.90
323.28,42.90
323.30,42.90
323.31,42.90
323.33,42.91
323.34,42.91
323.36,42.91
323.37,42.91
323.39,42.91
323.40,42.91
323.42,42.91
323.43,42.92
323.45,42.92
323.46,42.92
323.48,42.92
323.49,42.92
323.51,42.92
323.52,42.92
323.53,42.93
323.55,42.93
323.56,42.93
323.58,42.93
323.59,42.93
323.61,42.93
323.62,42.94
323.64,42.94
323.65,42.94
323.67,42.94
323.68,42.94
323.70,42.94
323.71,42.94
323.73,42.95
323.74,42.95
323.76,42.95
323.77,42.95
323.78,42.95
323.80,42.95
323.81,42.95
323.83,42.95
323.84,42.95
323.86,42.95
323.87,42.95
323.89,42.95
323.90,42.95
323.92,42.95
323.93,42.95
323.95,42.95
323.96,42.95
323.98,42.95
323.99,42.95
324.01,42.95
324.02,42.95
324.03,42.95
324.05,42.95
324.06,42.95
324.08,42.95
324.09,42.95
324.11,42.95
324.12,42.95
324.14,42.95
324.15,42.95
324.17,42.95
324.18,42.95
324.20,42.95
324.21,42.95
324.23,42.95
324.24,42.95
324.26,42.94
324.27,42.94
324.28,42.94
324.30,42.94
324.31,42.94
324.33,42.94
324.34,42.94
324.36,42.94
324.37,42.94
324.39,42.94
324.40,42.94
324.42,42.94
324.43,42.94
324.45,42.94
324.46,42.94
324.48,42.94
324.49,42.95
324.51,42.95
324.52,42.95
324.54,42.95
324.55,42.95
324.56,42.95
324.58,42.96
324.59,42.96
324.61,42.96
324.62,42.96
324.64,42.96
324.65,42.96
324.67,42.96
324.68,42.97
324.70,42.97
324.71,42.97
324.73,42.97
324.74,42.97
324.76,42.97
324.77,42.97
324.79,42.97
324.80,42.97
324.81,42.97
324.83,42.97
324.84,42.97
324.86,42.97
324.87,42.97
324.89,42.97
324.90,42.97
324.92,42.97
324.93,42.97
324.95,42.97
324.96,42.97
324.98,42.97
324.99,42.97
325.01,42.97
325.02,42.97
325.04,42.97
325.05,42.97
325.06,42.97
325.08,42.97
325.09,42.97
325.11,42.97
325.12,42.97
325.14,42.97
325.15,42.97
325.17,42.97
325.18,42.97
325.20,42.97
325.21,42.97
325.23,42.97
325.24,42.97
325.26,42.97
325.27,42.97
325.29,42.97
325.30,42.97
325.31,42.97
325.33,42.97
325.34,42.97
325.36,42.97
325.37,42.97
325.39,42.97
325.40,42.97
325.42,42.97
325.43,42.97
325.45,42.97
325.46,42.97
325.48,42.97
325.49,42.97
325.51,42.97
325.52,42.97
325.54,42.97
325.55,42.97
325.56,42.97
325.58,42.97
325.59,42.97
325.61,42.97
325.62,42.97
325.64,42.97
325.65,42.97
325.67,42.97
325.68,42.97
325.70,42.97
325.71,42.97
325.73,42.97
325.74,42.96
325.76,42.96
325.77,42.96
325.79,42.96
325.80,42.96
325.81,42.96
325.83,42.96
325.84,42.96
325.86,42.96
325.87,42.96
325.89,42.96
325.90,42.96
325.92,42.96
325.93,42.96
325.95,42.96
325.96,42.96
325.98,42.96
325.99,42.96
326.01,42.96
326.02,42.96
326.04,42.96
326.05,42.96
326.06,42.96
326.08,42.96
326.09,42.96
326.11,42.96
326.12,42.96
326.14,42.96
326.15,42.96
326.17,42.96
326.18,42.96
326.20,42.96
326.21,42.96
326.23,42.95
326.24,42.95
326.26,42.95
326.27,42.95
326.29,42.95
326.30,42.95
326.32,42.95
326.33,42.95
326.34,42.95
326.36,42.95
326.37,42.95
326.39,42.95
326.40,42.95
326.42,42.94
326.43,42.94
326.45,42.94
326.46,42.94
326.48,42.94
326.49,42.94
326.51,42.94
326.52,42.94
326.54,42.94
326.55,42.94
326.57,42.94
326.58,42.94
326.59,42.93
326.61,42.93
326.62,42.93
326.64,42.93
326.65,42.93
326.67,42.94
326.68,42.94
326.70,42.94
326.71,42.94
326.73,42.94
326.74,42.94
326.76,42.94
326.77,42.95
326.79,42.95
326.80,42.95
326.82,42.95
326.83,42.95
326.84,42.95
326.86,42.95
326.87,42.96
326.89,42.96
326.90,42.96
326.92,42.96
326.93,42.96
326.95,42.96
326.96,42.97
326.98,42.97
326.99,42.97
327.01,42.97
327.02,42.97
327.04,42.97
327.05,42.97
327.07,42.98
327.08,42.98
327.09,42.98
327.11,42.98
327.12,42.98
327.14,42.98
327.15,42.98
327.17,42.99
327.18,42.99
327.20,42.99
327.21,42.99
327.23,42.99
327.24,42.99
327.26,43.00
327.27,43.00
327.29,43.00
327.30,43.00
327.32,43.00
327.33,43.00
327.34,43.00
327.36,43.01
327.37,43.01
327.39,43.01
327.40,43.01
327.42,43.01
327.43,43.01
327.45,43.01
327.46,43.02
327.48,43.02
327.49,43.02
327.51,43.02
327.52,43.02
327.54,43.02
327.55,43.02
327.57,43.03
327.58,43.03
327.59,43.03
327.61,43.03
327.62,43.03
327.64,43.03
327.65,43.04
327.67,43.04
327.68,43.04
327.70,43.04
327.71,43.04
327.73,43.04
327.74,43.04
327.76,43.05
327.77,43.05
327.79,43.05
327.80,43.05
327.82,43.05
327.83,43.05
327.85,43.05
327.86,43.06
327.87,43.06
327.89,43.06
327.90,43.06
327.92,43.06
327.93,43.06
327.95,43.06
327.96,43.05
327.98,43.05
327.99,43.05
328.01,43.05
328.02,43.05
328.04,43.05
328.05,43.05
328.07,43.05
328.08,43.05
328.10,43.05
328.11,43.05
328.12,43.05
328.14,43.05
328.15,43.04
328.17,43.04
328.18,43.04
328.20,43.04
328.21,43.04
328.23,43.04
328.24,43.04
328.26,43.04
328.27,43.04
328.29,43.04
328.30,43.04
328.32,43.04
328.33,43.03
328.35,43.03
328.36,43.03
328.37,43.03
328.39,43.03
328.40,43.03
328.42,43.03
328.43,43.03
328.45,43.03
328.46,43.03
328.48,43.03
328.49,43.03
328.51,43.02
328.52,43.02
328.54,43.02
328.55,43.02
328.57,43.02
328.58,43.02
328.60,43.02
328.61,43.02
328.62,43.02
328.64,43.02
328.65,43.02
328.67,43.02
328.68,43.01
328.70,43.01
328.71,43.01
328.73,43.01
328.74,43.01
328.76,43.01
328.77,43.01
328.79,43.01
328.80,43.01
328.82,43.01
328.83,43.01
328.85,43.01
328.86,43.00
328.87,43.00
328.89,43.00
328.90,43.00
328.92,43.00
328.93,43.00
328.95,43.00
328.96,43.00
328.98,43.00
328.99,43.00
329.01,43.00
329.02,43.00
329.04,42.99
329.05,42.99
329.07,42.99
329.08,42.99
329.10,42.99
329.11,42.99
329.12,42.99
329.14,42.99
329.15,42.99
329.17,42.99
329.18,42.99
329.20,42.99
329.21,42.99
329.23,42.98
329.24,42.98
329.26,42.98
329.27,42.98
329.29,42.98
329.30,42.98
329.32,42.98
329.33,42.98
329.35,42.98
329.36,42.98
329.38,42.98
329.39,42.98
329.40,42.97
329.42,42.97
329.43,42.97
329.45,42.97
329.46,42.97
329.48,42.97
329.49,42.97
329.51,42.97
329.52,42.97
329.54,42.97
329.55,42.97
329.57,42.97
329.58,42.96
329.60,42.96
329.61,42.96
329.63,42.96
329.64,42.96
329.65,42.96
329.67,42.96
329.68,42.96
329.70,42.96
329.71,42.96
329.73,42.96
329.74,42.96
329.76,42.95
329.77,42.95
329.79,42.95
329.80,42.95
329.82,42.95
329.83,42.95
329.85,42.95
329.86,42.95
329.88,42.95
329.89,42.95
329.90,42.95
329.92,42.95
329.93,42.95
329.95,42.94
329.96,42.94
329.98,42.94
329.99,42.94
330.01,42.94
330.02,42.94
330.04,42.94
330.05,42.94
330.07,42.94
330.08,42.94
330.10,42.94
330.11,42.94
330.13,42.94
330.14,42.94
330.15,42.94
330.17,42.94
330.18,42.94
330.20,42.94
330.21,42.94
330.23,42.94
330.24,42.93
330.26,42.93
330.27,42.93
330.29,42.93
330.30,42.93
330.32,42.93
330.33,42.93
330.35,42.93
330.36,42.93
330.38,42.93
330.39,42.93
330.40,42.93
330.42,42.93
330.43,42.93
330.45,42.93
330.46,42.93
330.48,42.93
330.49,42.93
330.51,42.93
330.52,42.93
330.54,42.93
330.55,42.93
330.57,42.93
330.58,42.93
330.60,42.93
330.61,42.93
330.63,42.93
330.64,42.94
330.65,42.94
330.67,42.94
330.68,42.94
330.70,42.94
330.71,42.94
330.73,42.94
330.74,42.95
330.76,42.95
330.77,42.95
330.79,42.95
330.80,42.95
330.82,42.95
330.83,42.95
330.85,42.95
330.86,42.95
330.88,42.95
330.89,42.95
330.91,42.95
330.92,42.95
330.93,42.95
330.95,42.95
330.96,42.95
330.98,42.95
330.99,42.95
331.01,42.95
331.02,42.95
331.04,42.95
331.05,42.95
331.07,42.95
331.08,42.95
331.10,42.95
331.11,42.95
331.13,42.95
331.14,42.95
331.16,42.95
331.17,42.95
331.18,42.95
331.20,42.95
331.21,42.95
331.23,42.95
331.24,42.95
331.26,42.95
331.27,42.94
331.29,42.94
331.30,42.94
331.32,42.94
331.33,42.94
331.35,42.94
331.36,42.94
331.38,42.94
331.39,42.94
331.41,42.94
331.42,42.94
331.43,42.94
331.45,42.94
331.46,42.94
331.48,42.95
331.49,42.95
331.51,42.95
331.52,42.95
331.54,42.95
331.55,42.95
331.57,42.95
331.58,42.96
331.60,42.96
331.61,42.96
331.63,42.96
331.64,42.96
331.66,42.96
331.67,42.96
331.68,42.97
331.70,42.97
331.71,42.97
331.73,42.97
331.74,42.97
331.76,42.97
331.77,42.98
331.79,42.98
331.80,42.98
331.82,42.98
331.83,42.98
331.85,42.98
331.86,42.98
331.88,42.99
331.89,42.99
331.91,42.99
331.92,42.99
331.93,42.99
331.95,42.99
331.96,42.99
331.98,43.00
331.99,43.00
332.01,43.00
332.02,43.00
332.04,43.00
332.05,43.00
332.07,43.01
332.08,43.01
332.10,43.01
332.11,43.01
332.13,43.01
332.14,43.01
332.16,43.01
332.17,43.01
332.18,43.01
332.20,43.01
332.21,43.01
332.23,43.01
332.24,43.01
332.26,43.01
332.27,43.01
332.29,43.01
332.30,43.01
332.32,43.01
332.33,43.01
332.35,43.01
332.36,43.01
332.38,43.01
332.39,43.01
332.41,43.01
332.42,43.01
332.44,43.01
332.45,43.01
332.46,43.01
332.48,43.01
332.49,43.01
332.51,43.01
332.52,43.01
332.54,43.01
332.55,43.01
332.57,43.01
332.58,43.01
332.60,43.01
332.61,43.01
332.63,43.01
332.64,43.01
332.66,43.01
332.67,43.01
332.69,43.01
332.70,43.01
332.71,43.01
332.73,43.01
332.74,43.01
332.76,43.01
332.77,43.01
332.79,43.01
332.80,43.00
332.82,43.00
332.83,43.00
332.85,43.00
332.86,43.00
332.88,43.00
332.89,43.00
332.91,43.00
332.92,43.00
332.94,43.00
332.95,43.00
332.96,43.00
332.98,43.00
332.99,42.99
333.01,42.99
333.02,42.99
333.04,42.99
333.05,42.99
333.07,42.99
333.08,42.99
333.10,42.99
333.11,42.99
333.13,42.99
333.14,42.99
333.16,42.99
333.17,42.98
333.19,42.98
333.20,42.98
333.21,42.98
333.23,42.98
333.24,42.98
333.26,42.98
333.27,42.98
333.29,42.98
333.30,42.98
333.32,42.98
333.33,42.98
333.35,42.97
333.36,42.97
333.38,42.97
333.39,42.97
333.41,42.97
333.42,42.97
333.44,42.97
333.45,42.97
333.46,42.97
333.48,42.97
333.49,42.97
333.51,42.97
333.52,42.97
333.54,42.96
333.55,42.96
333.57,42.96
333.58,42.96
333.60,42.97
333.61,42.97
333.63,42.97
333.64,42.97
333.66,42.97
333.67,42.97
333.69,42.98
333.70,42.98
333.71,42.98
333.73,42.98
333.74,42.98
333.76,42.98
333.77,42.98
333.79,42.99
333.80,42.99
333.82,42.99
333.83,42.99
333.85,42.99
333.86,42.99
333.88,42.99
333.89,43.00
333.91,43.00
333.92,43.00
333.94,43.00
333.95,43.00
333.97,43.00
333.98,43.00
333.99,43.01
334.01,43.01
334.02,43.01
334.04,43.01
334.05,43.01
334.07,43.01
334.08,43.02
334.10,43.02
334.11,43.02
334.13,43.02
334.14,43.02
334.16,43.02
334.17,43.02
334.19,43.03
334.20,43.03
334.22,43.03
334.23,43.03
334.24,43.02
334.26,43.02
334.27,43.02
334.29,43.02
334.30,43.02
334.32,43.02
334.33,43.02
334.35,43.02
334.36,43.02
334.38,43.02
334.39,43.02
334.41,43.02
334.42,43.01
334.44,43.01
334.45,43.01
334.47,43.01
334.48,43.01
334.49,43.01
334.51,43.01
334.52,43.01
334.54,43.01
334.55,43.01
334.57,43.01
334.58,43.01
334.60,43.01
334.61,43.00
334.63,43.00
334.64,43.00
334.66,43.00
334.67,43.00
334.69,43.00
334.70,43.00
334.72,43.00
334.73,43.00
334.74,43.00
334.76,43.00
334.77,43.00
334.79,42.99
334.80,42.99
334.82,42.99
334.83,42.99
334.85,42.99
334.86,42.99
334.88,42.99
334.89,42.99
334.91,42.99
334.92,42.99
334.94,42.99
334.95,42.99
334.97,42.98
334.98,42.98
334.99,42.98
335.01,42.98
335.02,42.98
335.04,42.98
335.05,42.98
335.07,42.98
335.08,42.98
335.10,42.98
335.11,42.98
335.13,42.98
335.14,42.98
335.16,42.98
335.17,42.98
335.19,42.98
335.20,42.98
335.22,42.98
335.23,42.98
335.24,42.98
335.26,42.98
335.27,42.98
335.29,42.98
335.30,42.98
335.32,42.98
335.33,42.98
335.35,42.98
335.36,42.97
335.38,42.97
335.39,42.97
335.41,42.97
335.42,42.97
335.44,42.97
335.45,42.97
335.47,42.97
335.48,42.97
335.50,42.97
335.51,42.97
335.52,42.97
335.54,42.97
335.55,42.97
335.57,42.97
335.58,42.97
335.60,42.97
335.61,42.97
335.63,42.97
335.64,42.97
335.66,42.97
335.67,42.97
335.69,42.97
335.70,42.97
335.72,42.97
335.73,42.97
335.75,42.97
335.76,42.97
335.77,42.98
335.79,42.98
335.80,42.98
335.82,42.98
335.83,42.98
335.85,42.98
335.86,42.99
335.88,42.99
335.89,42.99
335.91,42.99
335.92,42.99
335.94,42.99
335.95,42.99
335.97,43.00
335.98,43.00
336.00,43.00
336.01,43.00
336.02,43.00
336.04,43.00
336.05,43.00
336.07,43.01
336.08,43.01
336.10,43.01
336.11,43.01
336.13,43.01
336.14,43.01
336.16,43.02
336.17,43.02
336.19,43.02
336.20,43.02
336.22,43.02
336.23,43.02
336.25,43.02
336.26,43.03
336.27,43.03
336.29,43.03
336.30,43.03
336.32,43.03
336.33,43.03
336.35,43.03
336.36,43.03
336.38,43.03
336.39,43.03
336.41,43.03
336.42,43.03
336.44,43.03
336.45,43.03
336.47,43.03
336.48,43.03
336.50,43.02
336.51,43.02
336.52,43.02
336.54,43.02
336.55,43.02
336.57,43.02
336.58,43.02
336.60,43.02
336.61,43.02
336.63,43.02
336.64,43.02
336.66,43.02
336.67,43.02
336.69,43.02
336.70,43.02
336.72,43.02
336.73,43.02
336.75,43.03
336.76,43.03
336.77,43.03
336.79,43.03
336.80,43.03
336.82,43.03
336.83,43.03
336.85,43.04
336.86,43.04
336.88,43.04
336.89,43.04
336.91,43.04
336.92,43.04
336.94,43.04
336.95,43.05
336.97,43.05
336.98,43.05
337.00,43.05
337.01,43.05
337.03,43.05
337.04,43.06
337.05,43.06
337.07,43.06
337.08,43.06
337.10,43.06
337.11,43.06
337.13,43.06
337.14,43.07
337.16,43.07
337.17,43.07
337.19,43.07
337.20,43.07
337.22,43.07
337.23,43.07
337.25,43.08
337.26,43.08
337.28,43.08
337.29,43.08
337.30,43.08
337.32,43.08
337.33,43.09
337.35,43.09
337.36,43.09
337.38,43.09
337.39,43.09
337.41,43.09
337.42,43.09
337.44,43.10
337.45,43.10
337.47,43.10
337.48,43.10
337.50,43.10
337.51,43.10
337.53,43.10
337.54,43.11
337.55,43.11
337.57,43.11
337.58,43.11
337.60,43.11
337.61,43.11
337.63,43.11
337.64,43.12
337.66,43.12
337.67,43.12
337.69,43.12
337.70,43.12
337.72,43.12
337.73,43.13
337.75,43.13
337.76,43.13
337.78,43.13
337.79,43.13
337.80,43.13
337.82,43.13
337.83,43.14
337.85,43.14
337.86,43.14
337.88,43.14
337.89,43.14
337.91,43.14
337.92,43.14
337.94,43.15
337.95,43.15
337.97,43.15
337.98,43.15
338.00,43.15
338.01,43.15
338.03,43.15
338.04,43.16
338.05,43.16
338.07,43.15
338.08,43.15
338.10,43.15
338.11,43.15
338.13,43.15
338.14,43.15
338.16,43.15
338.17,43.15
338.19,43.15
338.20,43.15
338.22,43.15
338.23,43.15
338.25,43.14
338.26,43.14
338.28,43.14
338.29,43.14
338.30,43.14
338.32,43.14
338.33,43.14
338.35,43.14
338.36,43.14
338.38,43.14
338.39,43.14
338.41,43.14
338.42,43.13
338.44,43.13
338.45,43.13
338.47,43.13
338.48,43.13
338.50,43.13
338.51,43.13
338.53,43.13
338.54,43.13
338.56,43.13
338.57,43.13
338.58,43.13
338.60,43.13
338.61,43.13
338.63,43.13
338.64,43.13
338.66,43.13
338.67,43.13
338.69,43.13
338.70,43.13
338.72,43.13
338.73,43.13
338.75,43.13
338.76,43.13
338.78,43.13
338.79,43.13
338.81,43.13
338.82,43.13
338.83,43.13
338.85,43.13
338.86,43.13
338.88,43.13
338.89,43.13
338.91,43.13
338.92,43.13
338.94,43.13
338.95,43.13
338.97,43.13
338.98,43.13
339.00,43.13
339.01,43.13
339.03,43.13
339.04,43.13
339.06,43.13
339.07,43.13
339.08,43.13
339.10,43.13
339.11,43.13
339.13,43.13
339.14,43.13
339.16,43.13
339.17,43.13
339.19,43.13
339.20,43.13
339.22,43.13
339.23,43.12
339.25,43.12
339.26,43.12
339.28,43.12
339.29,43.12
339.31,43.12
339.32,43.12
339.33,43.12
339.35,43.12
339.36,43.12
339.38,43.13
339.39,43.13
339.41,43.13
339.42,43.13
339.44,43.13
339.45,43.13
339.47,43.13
339.48,43.14
339.50,43.14
339.51,43.14
339.53,43.14
339.54,43.14
339.56,43.14
339.57,43.15
339.58,43.15
339.60,43.15
339.61,43.15
339.63,43.15
339.64,43.15
339.66,43.15
339.67,43.15
339.69,43.15
339.70,43.15
339.72,43.15
339.73,43.15
339.75,43.15
339.76,43.15
339.78,43.15
339.79,43.15
339.81,43.15
339.82,43.15
339.83,43.15
339.85,43.15
339.86,43.15
339.88,43.15
339.89,43.15
339.91,43.15
339.92,43.15
339.94,43.15
339.95,43.15
339.97,43.15
339.98,43.15
340.00,43.14
340.01,43.14
340.03,43.14
340.04,43.14
340.06,43.14
340.07,43.14
340.09,43.14
340.10,43.14
340.11,43.14
340.13,43.14
340.14,43.14
340.16,43.14
340.17,43.13
340.19,43.13
340.20,43.13
340.22,43.13
340.23,43.13
340.25,43.13
340.26,43.13
340.28,43.13
340.29,43.13
340.31,43.13
340.32,43.13
340.34,43.13
340.35,43.12
340.36,43.12
340.38,43.12
340.39,43.12
340.41,43.13
340.42,43.13
340.44,43.13
340.45,43.13
340.47,43.13
340.48,43.13
340.50,43.13
340.51,43.14
340.53,43.14
340.54,43.14
340.56,43.14
340.57,43.14
340.59,43.14
340.60,43.15
340.61,43.15
340.63,43.15
340.64,43.15
340.66,43.15
340.67,43.15
340.69,43.15
340.70,43.16
340.72,43.16
340.73,43.16
340.75,43.16
340.76,43.16
340.78,43.16
340.79,43.16
340.81,43.17
340.82,43.17
340.84,43.17
340.85,43.17
340.86,43.17
340.88,43.17
340.89,43.17
340.91,43.18
340.92,43.18
340.94,43.18
340.95,43.18
340.97,43.18
340.98,43.18
341.00,43.19
341.01,43.19
341.03,43.19
341.04,43.19
341.06,43.19
341.07,43.19
341.09,43.19
341.10,43.20
341.11,43.20
341.13,43.20
341.14,43.20
341.16,43.20
341.17,43.20
341.19,43.20
341.20,43.21
341.22,43.21
341.23,43.21
341.25,43.21
341.26,43.21
341.28,43.21
341.29,43.21
341.31,43.22
341.32,43.22
341.34,43.22
341.35,43.22
341.36,43.22
341.38,43.22
341.39,43.22
341.41,43.23
341.42,43.23
341.44,43.23
341.45,43.23
341.47,43.23
341.48,43.23
341.50,43.24
341.51,43.24
341.53,43.24
341.54,43.24
341.56,43.24
341.57,43.24
341.59,43.24
341.60,43.25
341.62,43.25
341.63,43.25
341.64,43.25
341.66,43.25
341.67,43.25
341.69,43.25
341.70,43.26
341.72,43.26
341.73,43.26
341.75,43.26
341.76,43.26
341.78,43.26
341.79,43.26
341.81,43.25
341.82,43.25
341.84,43.25
341.85,43.25
341.87,43.25
341.88,43.25
341.89,43.25
341.91,43.25
341.92,43.25
341.94,43.25
341.95,43.25
341.97,43.25
341.98,43.24
342.00,43.24
342.01,43.24
342.03,43.24
342.04,43.24
342.06,43.24
342.07,43.24
342.09,43.24
342.10,43.24
342.12,43.24
342.13,43.24
342.14,43.24
342.16,43.23
342.17,43.23
342.19,43.23
342.20,43.23
342.22,43.23
342.23,43.23
342.25,43.23
342.26,43.23
342.28,43.23
342.29,43.23
342.31,43.23
342.32,43.23
342.34,43.22
342.35,43.22
342.37,43.22
342.38,43.22
342.39,43.22
342.41,43.22
342.42,43.22
342.44,43.22
342.45,43.22
342.47,43.22
342.48,43.22
342.50,43.21
342.51,43.21
342.53,43.21
342.54,43.21
342.56,43.21
342.57,43.21
342.59,43.21
342.60,43.21
342.62,43.21
342.63,43.21
342.64,43.21
342.66,43.21
342.67,43.20
342.69,43.20
342.70,43.20
342.72,43.20
342.73,43.20
342.75,43.20
342.76,43.20
342.78,43.20
342.79,43.20
342.81,43.20
342.82,43.20
342.84,43.20
342.85,43.19
342.87,43.19
342.88,43.19
342.89,43.19
342.91,43.19
342.92,43.19
342.94,43.19
342.95,43.19
342.97,43.19
342.98,43.19
343.00,43.19
343.01,43.19
343.03,43.19
343.04,43.19
343.06,43.19
343.07,43.19
343.09,43.19
343.10,43.19
343.12,43.19
343.13,43.19
343.15,43.19
343.16,43.19
343.17,43.19
343.19,43.19
343.20,43.19
343.22,43.19
343.23,43.19
343.25,43.19
343.26,43.19
343.28,43.19
343.29,43.19
343.31,43.19
343.32,43.19
343.34,43.19
343.35,43.19
343.37,43.19
343.38,43.19
343.40,43.19
343.41,43.19
343.42,43.19
343.44,43.19
343.45,43.19
343.47,43.19
343.48,43.19
343.50,43.19
343.51,43.19
343.53,43.19
343.54,43.19
343.56,43.19
343.57,43.19
343.59,43.19
343.60,43.19
343.62,43.19
343.63,43.19
343.65,43.19
343.66,43.18
343.67,43.18
343.69,43.18
343.70,43.18
343.72,43.18
343.73,43.18
343.75,43.18
343.76,43.18
343.78,43.18
343.79,43.18
343.81,43.18
343.82,43.18
343.84,43.18
343.85,43.18
343.87,43.18
343.88,43.18
343.90,43.18
343.91,43.18
343.92,43.17
343.94,43.17
343.95,43.17
343.97,43.17
343.98,43.17
344.00,43.17
344.01,43.17
344.03,43.17
344.04,43.17
344.06,43.17
344.07,43.17
344.09,43.17
344.10,43.16
344.12,43.16
344.13,43.16
344.15,43.16
344.16,43.17
344.17,43.17
344.19,43.17
344.20,43.17
344.22,43.17
344.23,43.17
344.25,43.18
344.26,43.18
344.28,43.18
344.29,43.18
344.31,43.18
344.32,43.18
344.34,43.18
344.35,43.19
344.37,43.19
344.38,43.19
344.40,43.19
344.41,43.19
344.42,43.19
344.44,43.19
344.45,43.20
344.47,43.20
344.48,43.20
344.50,43.20
344.51,43.20
344.53,43.20
344.54,43.20
344.56,43.21
344.57,43.21
344.59,43.21
344.60,43.21
344.62,43.21
344.63,43.21
344.65,43.22
344.66,43.22
344.68,43.22
344.69,43.22
344.70,43.22
344.72,43.22
344.73,43.22
344.75,43.23
344.76,43.23
344.78,43.23
344.79,43.23
344.81,43.23
344.82,43.23
344.84,43.23
344.85,43.24
344.87,43.24
344.88,43.24
344.90,43.24
344.91,43.24
344.93,43.24
344.94,43.24
344.95,43.24
344.97,43.24
344.98,43.24
345.00,43.24
345.01,43.24
345.03,43.24
345.04,43.24
345.06,43.24
345.07,43.24
345.09,43.24
345.10,43.24
345.12,43.24
345.13,43.24
345.15,43.24
345.16,43.24
345.18,43.24
345.19,43.24
345.20,43.24
345.22,43.24
345.23,43.24
345.25,43.24
345.26,43.24
345.28,43.24
345.29,43.24
345.31,43.24
345.32,43.24
345.34,43.24
345.35,43.24
345.37,43.24
345.38,43.24
345.40,43.24
345.41,43.24
345.43,43.24
345.44,43.24
345.45,43.24
345.47,43.24
345.48,43.24
345.50,43.24
345.51,43.24
345.53,43.24
345.54,43.24
345.56,43.24
345.57,43.24
345.59,43.24
345.60,43.24
345.62,43.24
345.63,43.24
345.65,43.24
345.66,43.24
345.68,43.24
345.69,43.24
345.70,43.24
345.72,43.24
345.73,43.24
345.75,43.24
345.76,43.23
345.78,43.23
345.79,43.23
345.81,43.23
345.82,43.23
345.84,43.23
345.85,43.23
345.87,43.23
345.88,43.23
345.90,43.23
345.91,43.23
345.93,43.23
345.94,43.23
345.95,43.23
345.97,43.23
345.98,43.23
346.00,43.23
346.01,43.22
346.03,43.22
346.04,43.22
346.06,43.22
346.07,43.22
346.09,43.22
346.10,43.22
346.12,43.22
346.13,43.22
346.15,43.22
346.16,43.22
346.18,43.22
346.19,43.22
346.20,43.22
346.22,43.22
346.23,43.22
346.25,43.22
346.26,43.22
346.28,43.22
346.29,43.22
346.31,43.22
346.32,43.22
346.34,43.22
346.35,43.22
346.37,43.22
346.38,43.22
346.40,43.22
346.41,43.22
346.43,43.22
346.44,43.22
346.46,43.22
346.47,43.22
346.48,43.22
346.50,43.22
346.51,43.22
346.53,43.22
346.54,43.22
346.56,43.22
346.57,43.22
346.59,43.22
346.60,43.22
346.62,43.22
346.63,43.23
346.65,43.23
346.66,43.23
346.68,43.23
346.69,43.23
346.71,43.23
346.72,43.23
346.73,43.24
346.75,43.24
346.76,43.24
346.78,43.24
346.79,43.24
346.81,43.24
346.82,43.24
346.84,43.25
346.85,43.25
346.87,43.25
346.88,43.25
346.90,43.25
346.91,43.25
346.93,43.26
346.94,43.26
346.96,43.26
346.97,43.26
346.98,43.26
347.00,43.26
347.01,43.26
347.03,43.27
347.04,43.27
347.06,43.27
347.07,43.27
347.09,43.27
347.10,43.27
347.12,43.27
347.13,43.28
347.15,43.28
347.16,43.28
347.18,43.28
347.19,43.28
347.21,43.28
347.22,43.28
347.23,43.29
347.25,43.29
347.26,43.29
347.28,43.29
347.29,43.29
347.31,43.29
347.32,43.29
347.34,43.30
347.35,43.30
347.37,43.30
347.38,43.30
347.40,43.30
347.41,43.30
347.43,43.30
347.44,43.31
347.46,43.31
347.47,43.31
347.48,43.31
347.50,43.31
347.51,43.31
347.53,43.32
347.54,43.32
347.56,43.32
347.57,43.32
347.59,43.32
347.60,43.32
347.62,43.32
347.63,43.33
347.65,43.33
347.66,43.33
347.68,43.33
347.69,43.33
347.71,43.33
347.72,43.33
347.73,43.34
347.75,43.34
347.76,43.34
347.78,43.34
347.79,43.34
347.81,43.34
347.82,43.34
347.84,43.35
347.85,43.35
347.87,43.35
347.88,43.35
347.90,43.35
347.91,43.35
347.93,43.35
347.94,43.35
347.96,43.35
347.97,43.35
347.99,43.35
348.00,43.35
348.01,43.35
348.03,43.35
348.04,43.35
348.06,43.35
348.07,43.35
348.09,43.35
348.10,43.35
348.12,43.35
348.13,43.35
348.15,43.35
348.16,43.35
348.18,43.35
348.19,43.35
348.21,43.35
348.22,43.35
348.24,43.35
348.25,43.35
348.26,43.35
348.28,43.35
348.29,43.35
348.31,43.35
348.32,43.35
348.34,43.35
348.35,43.35
348.37,43.35
348.38,43.35
348.40,43.35
348.41,43.35
348.43,43.35
348.44,43.35
348.46,43.35
348.47,43.35
348.49,43.35
348.50,43.34
348.51,43.34
348.53,43.34
348.54,43.34
348.56,43.34
348.57,43.34
348.59,43.34
348.60,43.34
348.62,43.34
348.63,43.34
348.65,43.34
348.66,43.33
348.68,43.33
348.69,43.33
348.71,43.33
348.72,43.33
348.74,43.33
348.75,43.33
348.76,43.33
348.78,43.33
348.79,43.33
348.81,43.33
348.82,43.33
348.84,43.32
348.85,43.32
348.87,43.32
348.88,43.32
348.90,43.32
348.91,43.32
348.93,43.32
348.94,43.32
348.96,43.33
348.97,43.33
348.99,43.33
349.00,43.33
349.01,43.33
349.03,43.33
349.04,43.33
349.06,43.34
349.07,43.34
349.09,43.34
349.10,43.34
349.12,43.34
349.13,43.34
349.15,43.34
349.16,43.35
349.18,43.35
349.19,43.35
349.21,43.35
349.22,43.35
349.24,43.35
349.25,43.35
349.26,43.36
349.28,43.36
349.29,43.36
349.31,43.36
349.32,43.36
349.34,43.36
349.35,43.36
349.37,43.37
349.38,43.37
349.40,43.37
349.41,43.37
349.43,43.37
349.44,43.37
349.46,43.37
349.47,43.38
349.49,43.38
349.50,43.38
349.52,43.38
349.53,43.38
349.54,43.38
349.56,43.39
349.57,43.39
349.59,43.39
349.60,43.39
349.62,43.39
349.63,43.39
349.65,43.39
349.66,43.40
349.68,43.40
349.69,43.40
349.71,43.40
349.72,43.40
349.74,43.40
349.75,43.40
349.77,43.41
349.78,43.41
349.79,43.41
349.81,43.41
349.82,43.41
349.84,43.41
349.85,43.41
349.87,43.42
349.88,43.42
349.90,43.42
349.91,43.42
349.93,43.42
349.94,43.42
349.96,43.42
349.97,43.42
349.99,43.42
350.00,43.42
350.02,43.42
350.03,43.42
350.04,43.42
350.06,43.42
350.07,43.42
350.09,43.42
350.10,43.42
350.12,43.42
350.13,43.42
350.15,43.42
350.16,43.42
350.18,43.42
350.19,43.42
350.21,43.42
350.22,43.42
350.24,43.42
350.25,43.41
350.27,43.41
350.28,43.41
350.29,43.41
350.31,43.41
350.32,43.41
350.34,43.41
350.35,43.41
350.37,43.41
350.38,43.41
350.40,43.41
350.41,43.41
350.43,43.41
350.44,43.41
350.46,43.41
350.47,43.41
350.49,43.41
350.50,43.41
350.52,43.41
350.53,43.41
350.54,43.41
350.56,43.41
350.57,43.41
350.59,43.41
350.60,43.41
350.62,43.41
350.63,43.41
350.65,43.41
350.66,43.41
350.68,43.41
350.69,43.41
350.71,43.40
350.72,43.40
350.74,43.40
350.75,43.40
350.77,43.40
350.78,43.40
350.79,43.40
350.81,43.40
350.82,43.40
350.84,43.40
350.85,43.40
350.87,43.40
350.88,43.40
350.90,43.41
350.91,43.41
350.93,43.41
350.94,43.41
350.96,43.41
350.97,43.41
350.99,43.41
351.00,43.42
351.02,43.42
351.03,43.42
351.05,43.42
351.06,43.42
351.07,43.42
351.09,43.42
351.10,43.43
351.12,43.43
351.13,43.43
351.15,43.43
351.16,43.43
351.18,43.43
351.19,43.43
351.21,43.44
351.22,43.44
351.24,43.44
351.25,43.44
351.27,43.44
351.28,43.44
351.30,43.44
351.31,43.45
351.32,43.45
351.34,43.45
351.35,43.45
351.37,43.45
351.38,43.45
351.40,43.45
351.41,43.45
351.43,43.45
351.44,43.45
351.46,43.46
351.47,43.46
351.49,43.46
351.50,43.46
351.52,43.46
351.53,43.46
351.55,43.46
351.56,43.46
351.57,43.46
351.59,43.46
351.60,43.46
351.62,43.46
351.63,43.46
351.65,43.46
351.66,43.46
351.68,43.46
351.69,43.46
351.71,43.47
351.72,43.47
351.74,43.47
351.75,43.47
351.77,43.47
351.78,43.47
351.80,43.47
351.81,43.47
351.82,43.47
351.84,43.47
351.85,43.47
351.87,43.47
351.88,43.47
351.90,43.47
351.91,43.47
351.93,43.47
351.94,43.47
351.96,43.48
351.97,43.48
351.99,43.48
352.00,43.48
352.02,43.48
352.03,43.48
352.05,43.48
352.06,43.48
352.07,43.48
352.09,43.48
352.10,43.48
352.12,43.48
352.13,43.48
352.15,43.48
352.16,43.48
352.18,43.48
352.19,43.48
352.21,43.48
352.22,43.48
352.24,43.48
352.25,43.48
352.27,43.48
352.28,43.48
352.30,43.48
352.31,43.48
352.32,43.48
352.34,43.48
352.35,43.48
352.37,43.47
352.38,43.47
352.40,43.47
352.41,43.47
352.43,43.47
352.44,43.47
352.46,43.47
352.47,43.47
352.49,43.47
352.50,43.47
352.52,43.47
352.53,43.46
352.55,43.46
352.56,43.46
352.58,43.46
352.59,43.46
352.60,43.46
352.62,43.46
352.63,43.46
352.65,43.46
352.66,43.46
352.68,43.46
352.69,43.46
352.71,43.45
352.72,43.45
352.74,43.45
352.75,43.45
352.77,43.45
352.78,43.45
352.80,43.45
352.81,43.45
352.83,43.45
352.84,43.45
352.85,43.45
352.87,43.44
352.88,43.44
352.90,43.44
352.91,43.44
352.93,43.44
352.94,43.44
352.96,43.44
352.97,43.44
352.99,43.44
353.00,43.44
353.02,43.44
353.03,43.44
353.05,43.43
353.06,43.43
353.08,43.43
353.09,43.43
353.10,43.43
353.12,43.43
353.13,43.43
353.15,43.43
353.16,43.43
353.18,43.43
353.19,43.43
353.21,43.43
353.22,43.42
353.24,43.42
353.25,43.42
353.27,43.42
353.28,43.42
353.30,43.42
353.31,43.42
353.33,43.42
353.34,43.42
353.35,43.42
353.37,43.42
353.38,43.41
353.40,43.41
353.41,43.41
353.43,43.41
353.44,43.41
353.46,43.41
353.47,43.41
353.49,43.41
353.50,43.41
353.52,43.41
353.53,43.41
353.55,43.41
353.56,43.40
353.58,43.40
353.59,43.40
353.60,43.40
353.62,43.40
353.63,43.40
353.65,43.40
353.66,43.40
353.68,43.40
353.69,43.40
353.71,43.40
353.72,43.39
353.74,43.39
353.75,43.39
353.77,43.39
353.78,43.39
353.80,43.39
353.81,43.39
353.83,43.39
353.84,43.39
353.85,43.39
353.87,43.39
353.88,43.39
353.90,43.38
353.91,43.38
353.93,43.38
353.94,43.38
353.96,43.38
353.97,43.38
353.99,43.38
354.00,43.38
354.02,43.38
354.03,43.38
354.05,43.38
354.06,43.38
354.08,43.38
354.09,43.38
354.11,43.38
354.12,43.38
354.13,43.38
354.15,43.38
354.16,43.38
354.18,43.38
354.19,43.38
354.21,43.38
354.22,43.38
354.24,43.38
354.25,43.38
354.27,43.38
354.28,43.38
354.30,43.38
354.31,43.38
354.33,43.38
354.34,43.38
354.36,43.38
354.37,43.38
354.38,43.38
354.40,43.38
354.41,43.38
354.43,43.38
354.44,43.38
354.46,43.38
354.47,43.38
354.49,43.38
354.50,43.38
354.52,43.38
354.53,43.38
354.55,43.38
354.56,43.38
354.58,43.38
354.59,43.38
354.61,43.38
354.62,43.38
354.63,43.38
354.65,43.38
354.66,43.38
354.68,43.38
354.69,43.38
354.71,43.38
354.72,43.38
354.74,43.38
354.75,43.38
354.77,43.38
354.78,43.38
354.80,43.38
354.81,43.38
354.83,43.38
354.84,43.38
354.86,43.38
354.87,43.38
354.88,43.38
354.90,43.38
354.91,43.38
354.93,43.38
354.94,43.38
354.96,43.38
354.97,43.38
354.99,43.38
355.00,43.38
355.02,43.38
355.03,43.38
355.05,43.38
355.06,43.38
355.08,43.38
355.09,43.38
355.11,43.38
355.12,43.38
355.13,43.38
355.15,43.37
355.16,43.37
355.18,43.37
355.19,43.37
355.21,43.37
355.22,43.37
355.24,43.37
355.25,43.38
355.27,43.38
355.28,43.38
355.30,43.38
355.31,43.38
355.33,43.38
355.34,43.38
355.36,43.39
355.37,43.39
355.38,43.39
355.40,43.39
355.41,43.39
355.43,43.39
355.44,43.39
355.46,43.40
355.47,43.40
355.49,43.40
355.50,43.40
355.52,43.40
355.53,43.40
355.55,43.40
355.56,43.41
355.58,43.41
355.59,43.41
355.61,43.41
355.62,43.41
355.64,43.41
355.65,43.42
355.66,43.42
355.68,43.42
355.69,43.42
355.71,43.42
355.72,43.42
355.74,43.42
355.75,43.43
355.77,43.43
355.78,43.43
355.80,43.43
355.81,43.43
355.83,43.43
355.84,43.43
355.86,43.44
355.87,43.44
355.89,43.44
355.90,43.44
355.91,43.44
355.93,43.44
355.94,43.44
355.96,43.45
355.97,43.45
355.99,43.45
356.00,43.45
356.02,43.45
356.03,43.45
356.05,43.45
356.06,43.46
356.08,43.46
356.09,43.46
356.11,43.46
356.12,43.46
356.14,43.46
356.15,43.46
356.16,43.47
356.18,43.47
356.19,43.47
356.21,43.47
356.22,43.47
356.24,43.47
356.25,43.47
356.27,43.48
356.28,43.48
356.30,43.48
356.31,43.48
356.33,43.48
356.34,43.48
356.36,43.48
356.37,43.49
356.39,43.49
356.40,43.49
356.41,43.49
356.43,43.49
356.44,43.49
356.46,43.50
356.47,43.50
356.49,43.50
356.50,43.50
356.52,43.50
356.53,43.50
356.55,43.50
356.56,43.51
356.58,43.51
356.59,43.51
356.61,43.51
356.62,43.51
356.64,43.51
356.65,43.51
356.66,43.52
356.68,43.52
356.69,43.52
356.71,43.52
356.72,43.52
356.74,43.52
356.75,43.52
356.77,43.52
356.78,43.52
356.80,43.52
356.81,43.52
356.83,43.52
356.84,43.53
356.86,43.53
356.87,43.52
356.89,43.52
356.90,43.52
356.91,43.52
356.93,43.52
356.94,43.52
356.96,43.52
356.97,43.52
356.99,43.52
357.00,43.52
357.02,43.52
357.03,43.52
357.05,43.51
357.06,43.51
357.08,43.51
357.09,43.51
357.11,43.51
357.12,43.51
357.14,43.51
357.15,43.51
357.17,43.51
357.18,43.51
357.19,43.51
357.21,43.50
357.22,43.50
357.24,43.50
357.25,43.50
357.27,43.50
357.28,43.50
357.30,43.50
357.31,43.50
357.33,43.50
357.34,43.50
357.36,43.50
357.37,43.50
357.39,43.49
357.40,43.49
357.42,43.49
357.43,43.49
357.44,43.49
357.46,43.49
357.47,43.49
357.49,43.49
357.50,43.49
357.52,43.49
357.53,43.49
357.55,43.48
357.56,43.48
357.58,43.48
357.59,43.48
357.61,43.48
357.62,43.48
357.64,43.48
357.65,43.48
357.67,43.48
357.68,43.48
357.69,43.48
357.71,43.48
357.72,43.47
357.74,43.47
357.75,43.47
357.77,43.47
357.78,43.47
357.80,43.47
357.81,43.47
357.83,43.47
357.84,43.47
357.86,43.47
357.87,43.47
357.89,43.47
357.90,43.47
357.92,43.47
357.93,43.47
357.94,43.47
357.96,43.47
357.97,43.47
357.99,43.47
358.00,43.47
358.02,43.47
358.03,43.47
358.05,43.47
358.06,43.47
358.08,43.47
358.09,43.47
358.11,43.47
358.12,43.47
358.14,43.47
358.15,43.47
358.17,43.47
358.18,43.47
358.19,43.47
358.21,43.47
358.22,43.47
358.24,43.47
358.25,43.47
358.27,43.47
358.28,43.47
358.30,43.47
358.31,43.47
358.33,43.47
358.34,43.47
358.36,43.47
358.37,43.47
358.39,43.47
358.40,43.47
358.42,43.47
358.43,43.47
358.44,43.47
358.46,43.47
358.47,43.47
358.49,43.47
358.50,43.47
358.52,43.47
358.53,43.47
358.55,43.48
358.56,43.48
358.58,43.48
358.59,43.48
358.61,43.48
358.62,43.48
358.64,43.48
358.65,43.49
358.67,43.49
358.68,43.49
358.70,43.49
358.71,43.49
358.72,43.49
358.74,43.49
358.75,43.50
358.77,43.50
358.78,43.50
358.80,43.50
358.81,43.50
358.83,43.50
358.84,43.50
358.86,43.51
358.87,43.51
358.89,43.51
358.90,43.51
358.92,43.51
358.93,43.51
358.95,43.52
358.96,43.52
358.97,43.52
358.99,43.52
359.00,43.52
359.02,43.52
359.03,43.52
359.05,43.53
359.06,43.53
359.08,43.52
359.09,43.52
359.11,43.52
359.12,43.52
359.14,43.52
359.15,43.52
359.17,43.52
359.18,43.52
359.20,43.52
359.21,43.52
359.22,43.52
359.24,43.52
359.25,43.52
359.27,43.52
359.28,43.52
359.30,43.52
359.31,43.52
359.33,43.52
359.34,43.52
359.36,43.52
359.37,43.52
359.39,43.52
359.40,43.52
359.42,43.52
359.43,43.52
359.45,43.52
359.46,43.52
359.47,43.52
359.49,43.52
359.50,43.52
359.52,43.52
359.53,43.52
359.55,43.52
359.56,43.52
359.58,43.52
359.59,43.52
359.61,43.52
359.62,43.52
359.64,43.52
359.65,43.52
359.67,43.52
359.68,43.51
359.70,43.51
359.71,43.51
359.72,43.51
359.74,43.51
359.75,43.51
359.77,43.51
359.78,43.51
359.80,43.51
359.81,43.51
359.83,43.51
359.84,43.51
359.86,43.50
359.87,43.50
359.89,43.50
359.90,43.50
359.92,43.50
359.93,43.50
359.95,43.50
359.96,43.50
359.97,43.50
359.99,43.50
360.00,43.50
360.02,43.50
360.03,43.50
360.05,43.50
360.06,43.50
360.08,43.51
360.09,43.51
360.11,43.51
360.12,43.51
360.14,43.51
360.15,43.51
360.17,43.51
360.18,43.52
360.20,43.52
360.21,43.52
360.23,43.52
360.24,43.52
360.25,43.52
360.27,43.52
360.28,43.52
360.30,43.52
360.31,43.52
360.33,43.52
360.34,43.52
360.36,43.52
360.37,43.52
360.39,43.52
360.40,43.52
360.42,43.52
360.43,43.52
360.45,43.52
360.46,43.52
360.48,43.52
360.49,43.52
360.50,43.52
360.52,43.52
360.53,43.52
360.55,43.52
360.56,43.52
360.58,43.52
360.59,43.52
360.61,43.52
360.62,43.52
360.64,43.52
360.65,43.52
360.67,43.52
360.68,43.52
360.70,43.52
360.71,43.52
360.73,43.52
360.74,43.52
360.75,43.52
360.77,43.51
360.78,43.51
360.80,43.51
360.81,43.51
360.83,43.51
360.84,43.51
360.86,43.51
360.87,43.51
360.89,43.51
360.90,43.51
360.92,43.51
360.93,43.50
360.95,43.50
360.96,43.50
360.98,43.50
360.99,43.50
361.00,43.51
361.02,43.51
361.03,43.51
361.05,43.51
361.06,43.51
361.08,43.51
361.09,43.51
361.11,43.52
361.12,43.52
361.14,43.52
361.15,43.52
361.17,43.52
361.18,43.52
361.20,43.52
361.21,43.53
361.23,43.53
361.24,43.53
361.25,43.53
361.27,43.53
361.28,43.53
361.30,43.53
361.31,43.54
361.33,43.54
361.34,43.54
361.36,43.54
361.37,43.54
361.39,43.54
361.40,43.54
361.42,43.55
361.43,43.55
361.45,43.55
361.46,43.55
361.48,43.55
361.49,43.55
361.50,43.55
361.52,43.55
361.53,43.55
361.55,43.55
361.56,43.55
361.58,43.55
361.59,43.55
361.61,43.55
361.62,43.55
361.64,43.55
361.65,43.55
361.67,43.55
361.68,43.55
361.70,43.55
361.71,43.55
361.73,43.55
361.74,43.55
361.76,43.55
361.77,43.55
361.78,43.55
361.80,43.55
361.81,43.55
361.83,43.55
361.84,43.55
361.86,43.55
361.87,43.55
361.89,43.55
361.90,43.55
361.92,43.55
361.93,43.55
361.95,43.55
361.96,43.55
361.98,43.54
361.99,43.54
362.01,43.54
362.02,43.54
362.03,43.54
362.05,43.54
362.06,43.54
362.08,43.54
362.09,43.54
362.11,43.54
362.12,43.54
362.14,43.53
362.15,43.53
362.17,43.53
362.18,43.53
362.20,43.53
362.21,43.53
362.23,43.53
362.24,43.53
362.26,43.53
362.27,43.53
362.28,43.53
362.30,43.53
362.31,43.54
362.33,43.54
362.34,43.54
362.36,43.54
362.37,43.54
362.39,43.54
362.40,43.54
362.42,43.55
362.43,43.55
362.45,43.55
362.46,43.55
362.48,43.55
362.49,43.55
362.51,43.56
362.52,43.56
362.53,43.56
362.55,43.56
362.56,43.56
362.58,43.56
362.59,43.56
362.61,43.57
362.62,43.57
362.64,43.57
362.65,43.57
362.67,43.57
362.68,43.57
362.70,43.57
362.71,43.58
362.73,43.58
362.74,43.58
362.76,43.58
362.77,43.58
362.78,43.58
362.80,43.58
362.81,43.59
362.83,43.59
362.84,43.59
362.86,43.59
362.87,43.59
362.89,43.59
362.90,43.59
362.92,43.59
362.93,43.59
362.95,43.59
362.96,43.59
362.98,43.59
362.99,43.60
363.01,43.60
363.02,43.60
363.03,43.60
363.05,43.60
363.06,43.60
363.08,43.60
363.09,43.60
363.11,43.60
363.12,43.60
363.14,43.60
363.15,43.60
363.17,43.60
363.18,43.60
363.20,43.60
363.21,43.60
363.23,43.60
363.24,43.60
363.26,43.61
363.27,43.61
363.29,43.61
363.30,43.61
363.31,43.61
363.33,43.61
363.34,43.61
363.36,43.61
363.37,43.61
363.39,43.61
363.40,43.61
363.42,43.61
363.43,43.61
363.45,43.61
363.46,43.61
363.48,43.61
363.49,43.61
363.51,43.61
363.52,43.62
363.54,43.62
363.55,43.62
363.56,43.62
363.58,43.62
363.59,43.62
363.61,43.62
363.62,43.62
363.64,43.61
363.65,43.61
363.67,43.61
363.68,43.61
363.70,43.61
363.71,43.61
363.73,43.61
363.74,43.61
363.76,43.61
363.77,43.61
363.79,43.61
363.80,43.61
363.81,43.60
363.83,43.60
363.84,43.60
363.86,43.60
363.87,43.60
363.89,43.60
363.90,43.60
363.92,43.60
363.93,43.60
363.95,43.60
363.96,43.60
363.98,43.59
363.99,43.59
364.01,43.59
364.02,43.59
364.04,43.59
364.05,43.59
364.06,43.59
364.08,43.59
364.09,43.59
364.11,43.59
364.12,43.59
364.14,43.58
364.15,43.58
364.17,43.58
364.18,43.58
364.20,43.58
364.21,43.58
364.23,43.58
364.24,43.58
364.26,43.58
364.27,43.58
364.29,43.58
364.30,43.58
364.31,43.57
364.33,43.57
364.34,43.57
364.36,43.57
364.37,43.57
364.39,43.57
364.40,43.57
364.42,43.57
364.43,43.57
364.45,43.57
364.46,43.57
364.48,43.56
364.49,43.56
364.51,43.56
364.52,43.56
364.54,43.56
364.55,43.56
364.56,43.56
364.58,43.56
364.59,43.56
364.61,43.56
364.62,43.56
364.64,43.56
364.65,43.55
364.67,43.55
364.68,43.55
364.70,43.55
364.71,43.55
364.73,43.55
364.74,43.55
364.76,43.55
364.77,43.55
364.79,43.55
364.80,43.55
364.82,43.54
364.83,43.54
364.84,43.54
364.86,43.54
364.87,43.54
364.89,43.54
364.90,43.54
364.92,43.54
364.93,43.54
364.95,43.54
364.96,43.54
364.98,43.53
364.99,43.53
365.01,43.53
365.02,43.53
365.04,43.53
365.05,43.53
365.07,43.53
365.08,43.53
365.09,43.53
365.11,43.53
365.12,43.53
365.14,43.53
365.15,43.52
365.17,43.52
365.18,43.52
365.20,43.52
365.21,43.52
365.23,43.52
365.24,43.52
365.26,43.52
365.27,43.52
365.29,43.52
365.30,43.52
365.32,43.51
365.33,43.51
365.34,43.51
365.36,43.51
365.37,43.51
365.39,43.51
365.40,43.51
365.42,43.51
365.43,43.51
365.45,43.51
365.46,43.51
365.48,43.51
365.49,43.50
365.51,43.50
365.52,43.50
365.54,43.50
365.55,43.50
365.57,43.50
365.58,43.50
365.59,43.50
365.61,43.50
365.62,43.50
365.64,43.50
365.65,43.49
365.67,43.49
365.68,43.49
365.70,43.49
365.71,43.49
365.73,43.49
365.74,43.49
365.76,43.49
365.77,43.49
365.79,43.49
365.80,43.49
365.82,43.49
365.83,43.48
365.84,43.48
365.86,43.48
365.87,43.48
365.89,43.48
365.90,43.48
365.92,43.48
365.93,43.48
365.95,43.48
365.96,43.48
365.98,43.48
365.99,43.47
366.01,43.47
366.02,43.47
366.04,43.47
366.05,43.47
366.07,43.47
366.08,43.47
366.09,43.47
366.11,43.47
366.12,43.47
366.14,43.47
366.15,43.47
366.17,43.46
366.18,43.46
366.20,43.46
366.21,43.46
366.23,43.46
366.24,43.46
366.26,43.46
366.27,43.46
366.29,43.46
366.30,43.46
366.32,43.46
366.33,43.45
366.35,43.45
366.36,43.45
366.37,43.45
366.39,43.45
366.40,43.45
366.42,43.45
366.43,43.45
366.45,43.45
366.46,43.45
366.48,43.45
366.49,43.45
366.51,43.44
366.52,43.44
366.54,43.44
366.55,43.44
366.57,43.44
366.58,43.44
366.60,43.44
366.61,43.44
366.62,43.44
366.64,43.44
366.65,43.44
366.67,43.43
366.68,43.43
366.70,43.43
366.71,43.43
366.73,43.43
366.74,43.43
366.76,43.43
366.77,43.43
366.79,43.43
366.80,43.43
366.82,43.43
366.83,43.43
366.85,43.42
366.86,43.42
366.87,43.42
366.89,43.42
366.90,43.42
366.92,43.42
366.93,43.42
366.95,43.42
366.96,43.42
366.98,43.42
366.99,43.42
367.01,43.42
367.02,43.41
367.04,43.41
367.05,43.41
367.07,43.41
367.08,43.41
367.10,43.41
367.11,43.41
367.12,43.41
367.14,43.41
367.15,43.41
367.17,43.41
367.18,43.40
367.20,43.40
367.21,43.40
367.23,43.40
367.24,43.40
367.26,43.40
367.27,43.40
367.29,43.40
367.30,43.40
367.32,43.40
367.33,43.40
367.35,43.40
367.36,43.39
367.37,43.39
367.39,43.39
367.40,43.39
367.42,43.39
367.43,43.39
367.45,43.39
367.46,43.39
367.48,43.39
367.49,43.39
367.51,43.39
367.52,43.38
367.54,43.38
367.55,43.38
367.57,43.38
367.58,43.38
367.60,43.38
367.61,43.38
367.62,43.38
367.64,43.38
367.65,43.38
367.67,43.38
367.68,43.38
367.70,43.37
367.71,43.37
367.73,43.37
367.74,43.37
367.76,43.37
367.77,43.37
367.79,43.37
367.80,43.37
367.82,43.37
367.83,43.37
367.85,43.37
367.86,43.37
367.87,43.36
367.89,43.36
367.90,43.36
367.92,43.36
367.93,43.36
367.95,43.36
367.96,43.36
367.98,43.36
367.99,43.36
368.01,43.36
368.02,43.36
368.04,43.35
368.05,43.35
368.07,43.35
368.08,43.35
368.10,43.35
368.11,43.35
368.13,43.35
368.14,43.35
368.15,43.35
368.17,43.35
368.18,43.35
368.20,43.35
368.21,43.34
368.23,43.34
368.24,43.34
368.26,43.34
368.27,43.34
368.29,43.34
368.30,43.34
368.32,43.34
368.33,43.34
368.35,43.34
368.36,43.34
368.38,43.34
368.39,43.33
368.40,43.33
368.42,43.33
368.43,43.33
368.45,43.33
368.46,43.33
368.48,43.33
368.49,43.33
368.51,43.33
368.52,43.33
368.54,43.33
368.55,43.32
368.57,43.32
368.58,43.32
368.60,43.32
368.61,43.32
368.63,43.32
368.64,43.32
368.65,43.32
368.67,43.32
368.68,43.32
368.70,43.32
368.71,43.32
368.73,43.31
368.74,43.31
368.76,43.31
368.77,43.31
368.79,43.31
368.80,43.31
368.82,43.31
368.83,43.31
368.85,43.31
368.86,43.31
368.88,43.31
368.89,43.31
368.90,43.30
368.92,43.30
368.93,43.30
368.95,43.30
368.96,43.30
368.98,43.30
368.99,43.30
369.01,43.30
369.02,43.30
369.04,43.30
369.05,43.30
369.07,43.30
369.08,43.30
369.10,43.30
369.11,43.30
369.13,43.30
369.14,43.30
369.15,43.30
369.17,43.30
369.18,43.30
369.20,43.30
369.21,43.29
369.23,43.29
369.24,43.29
369.26,43.29
369.27,43.29
369.29,43.29
369.30,43.29
369.32,43.29
369.33,43.29
369.35,43.29
369.36,43.29
369.38,43.29
369.39,43.28
369.40,43.28
369.42,43.28
369.43,43.28
369.45,43.28
369.46,43.28
369.48,43.28
369.49,43.28
369.51,43.28
369.52,43.28
369.54,43.28
369.55,43.28
369.57,43.28
369.58,43.28
369.60,43.28
369.61,43.28
369.63,43.28
369.64,43.28
369.66,43.28
369.67,43.28
369.68,43.28
369.70,43.28
369.71,43.28
369.73,43.28
369.74,43.28
369.76,43.28
369.77,43.28
369.79,43.28
369.80,43.28
369.82,43.28
369.83,43.28
369.85,43.28
369.86,43.28
369.88,43.28
369.89,43.28
369.91,43.28
369.92,43.28
369.93,43.28
369.95,43.28
369.96,43.28
369.98,43.28
369.99,43.28
370.01,43.28
370.02,43.28
370.04,43.28
370.05,43.28
370.07,43.28
370.08,43.28
370.10,43.28
370.11,43.28
370.13,43.28
370.14,43.28
370.16,43.28
370.17,43.28
370.18,43.28
370.20,43.28
370.21,43.28
370.23,43.28
370.24,43.28
370.26,43.28
370.27,43.28
370.29,43.28
370.30,43.28
370.32,43.28
370.33,43.28
370.35,43.28
370.36,43.28
370.38,43.28
370.39,43.28
370.41,43.28
370.42,43.28
370.43,43.28
370.45,43.28
370.46,43.28
370.48,43.28
370.49,43.28
370.51,43.28
370.52,43.28
370.54,43.28
370.55,43.28
370.57,43.28
370.58,43.28
370.60,43.28
370.61,43.28
370.63,43.27
370.64,43.27
370.66,43.27
370.67,43.27
370.68,43.27
370.70,43.27
370.71,43.27
370.73,43.27
370.74,43.27
370.76,43.27
370.77,43.27
370.79,43.27
370.80,43.26
370.82,43.26
370.83,43.26
370.85,43.26
370.86,43.26
370.88,43.26
370.89,43.26
370.91,43.26
370.92,43.26
370.93,43.26
370.95,43.26
370.96,43.26
370.98,43.25
370.99,43.25
371.01,43.25
371.02,43.25
371.04,43.25
371.05,43.25
371.07,43.25
371.08,43.25
371.10,43.25
371.11,43.26
371.13,43.26
371.14,43.26
371.16,43.26
371.17,43.26
371.19,43.26
371.20,43.27
371.21,43.27
371.23,43.27
371.24,43.27
371.26,43.27
371.27,43.27
371.29,43.27
371.30,43.28
371.32,43.28
371.33,43.28
371.35,43.28
371.36,43.28
371.38,43.28
371.39,43.28
371.41,43.29
371.42,43.29
371.44,43.29
371.45,43.29
371.46,43.29
371.48,43.29
371.49,43.30
371.51,43.30
371.52,43.30
371.54,43.30
371.55,43.30
371.57,43.30
371.58,43.30
371.60,43.31
371.61,43.31
371.63,43.31
371.64,43.31
371.66,43.31
371.67,43.31
371.69,43.31
371.70,43.32
371.71,43.32
371.73,43.32
371.74,43.32
371.76,43.32
371.77,43.32
371.79,43.32
371.80,43.33
371.82,43.33
371.83,43.33
371.85,43.33
371.86,43.33
371.88,43.33
371.89,43.34
371.91,43.34
371.92,43.34
371.94,43.34
371.95,43.34
371.96,43.34
371.98,43.34
371.99,43.35
372.01,43.35
372.02,43.35
372.04,43.35
372.05,43.35
372.07,43.35
372.08,43.35
372.10,43.36
372.11,43.36
372.13,43.36
372.14,43.36
372.16,43.36
372.17,43.36
372.19,43.36
372.20,43.37
372.21,43.37
372.23,43.37
372.24,43.37
372.26,43.37
372.27,43.37
372.29,43.38
372.30,43.38
372.32,43.38
372.33,43.38
372.35,43.38
372.36,43.38
372.38,43.38
372.39,43.39
372.41,43.39
372.42,43.39
372.44,43.39
372.45,43.39
372.46,43.39
372.48,43.39
372.49,43.40
372.51,43.40
372.52,43.40
372.54,43.40
372.55,43.40
372.57,43.40
372.58,43.40
372.60,43.41
372.61,43.41
372.63,43.40
372.64,43.40
372.66,43.40
372.67,43.40
372.69,43.40
372.70,43.40
372.72,43.40
372.73,43.40
372.74,43.40
372.76,43.40
372.77,43.40
372.79,43.39
372.80,43.39
372.82,43.39
372.83,43.39
372.85,43.39
372.86,43.39
372.88,43.39
372.89,43.39
372.91,43.39
372.92,43.39
372.94,43.39
372.95,43.39
372.97,43.38
372.98,43.38
372.99,43.38
373.01,43.38
373.02,43.38
373.04,43.38
373.05,43.38
373.07,43.38
373.08,43.38
373.10,43.38
373.11,43.38
373.13,43.38
373.14,43.37
373.16,43.37
373.17,43.37
373.19,43.37
373.20,43.37
373.22,43.37
373.23,43.37
373.24,43.37
373.26,43.37
373.27,43.37
373.29,43.37
373.30,43.36
373.32,43.36
373.33,43.36
373.35,43.36
373.36,43.36
373.38,43.36
373.39,43.36
373.41,43.36
373.42,43.36
373.44,43.36
373.45,43.36
373.47,43.36
373.48,43.35
373.49,43.35
373.51,43.35
373.52,43.35
373.54,43.35
373.55,43.35
373.57,43.35
373.58,43.35
373.60,43.35
373.61,43.35
373.63,43.35
373.64,43.35
373.66,43.34
373.67,43.34
373.69,43.34
373.70,43.34
373.72,43.34
373.73,43.34
373.74,43.34
373.76,43.34
373.77,43.34
373.79,43.34
373.80,43.34
373.82,43.33
373.83,43.33
373.85,43.33
373.86,43.33
373.88,43.33
373.89,43.33
373.91,43.33
373.92,43.33
373.94,43.33
373.95,43.33
373.97,43.33
373.98,43.33
373.99,43.32
374.01,43.32
374.02,43.32
374.04,43.32
374.05,43.32
374.07,43.32
374.08,43.32
374.10,43.32
374.11,43.32
374.13,43.32
374.14,43.32
374.16,43.32
374.17,43.31
374.19,43.31
374.20,43.31
374.22,43.31
374.23,43.31
374.25,43.31
374.26,43.31
374.27,43.31
374.29,43.31
374.30,43.31
374.32,43.31
374.33,43.31
374.35,43.30
374.36,43.30
374.38,43.30
374.39,43.30
374.41,43.30
374.42,43.30
374.44,43.30
374.45,43.30
374.47,43.30
374.48,43.30
374.50,43.30
374.51,43.29
374.52,43.29
374.54,43.29
374.55,43.29
374.57,43.29
374.58,43.29
374.60,43.29
374.61,43.29
374.63,43.29
374.64,43.29
374.66,43.29
374.67,43.29
374.69,43.28
374.70,43.28
374.72,43.28
374.73,43.28
374.75,43.28
374.76,43.28
374.77,43.28
374.79,43.28
374.80,43.28
374.82,43.28
374.83,43.28
374.85,43.28
374.86,43.27
374.88,43.27
374.89,43.27
374.91,43.27
374.92,43.27
374.94,43.27
374.95,43.27
374.97,43.27
374.98,43.27
375.00,43.27
375.01,43.27
375.02,43.27
375.04,43.26
375.05,43.26
375.07,43.26
375.08,43.26
375.10,43.26
375.11,43.26
375.13,43.26
375.14,43.26
375.16,43.26
375.17,43.26
375.19,43.26
375.20,43.25
375.22,43.25
375.23,43.25
375.25,43.25
375.26,43.25
375.27,43.25
375.29,43.25
375.30,43.25
375.32,43.25
375.33,43.25
375.35,43.25
375.36,43.25
375.38,43.24
375.39,43.24
375.41,43.24
375.42,43.24
375.44,43.24
375.45,43.24
375.47,43.24
375.48,43.24
375.50,43.24
375.51,43.24
375.52,43.24
375.54,43.24
375.55,43.23
375.57,43.23
375.58,43.23
375.60,43.23
375.61,43.23
375.63,43.23
375.64,43.23
375.66,43.23
375.67,43.23
375.69,43.23
375.70,43.23
375.72,43.23
375.73,43.22
375.75,43.22
375.76,43.22
375.78,43.22
375.79,43.22
375.80,43.22
375.82,43.22
375.83,43.22
375.85,43.22
375.86,43.22
375.88,43.22
375.89,43.22
375.91,43.21
375.92,43.21
375.94,43.21
375.95,43.21
375.97,43.21
375.98,43.21
376.00,43.21
376.01,43.21
376.03,43.21
376.04,43.21
376.05,43.21
376.07,43.21
376.08,43.20
376.10,43.20
376.11,43.20
376.13,43.20
376.14,43.20
376.16,43.20
376.17,43.20
376.19,43.20
376.20,43.20
376.22,43.20
376.23,43.20
376.25,43.20
376.26,43.19
376.28,43.19
376.29,43.19
376.30,43.19
376.32,43.19
376.33,43.19
376.35,43.19
376.36,43.19
376.38,43.19
376.39,43.19
376.41,43.19
376.42,43.19
376.44,43.18
376.45,43.18
376.47,43.18
376.48,43.18
376.50,43.18
376.51,43.18
376.53,43.18
376.54,43.18
376.55,43.18
376.57,43.18
376.58,43.18
376.60,43.18
376.61,43.18
376.63,43.18
376.64,43.18
376.66,43.18
376.67,43.18
376.69,43.18
376.70,43.18
376.72,43.18
376.73,43.18
376.75,43.18
376.76,43.18
376.78,43.18
376.79,43.18
376.80,43.18
376.82,43.18
376.83,43.18
376.85,43.18
376.86,43.18
376.88,43.18
376.89,43.18
376.91,43.18
376.92,43.18
376.94,43.18
376.95,43.18
376.97,43.18
376.98,43.18
377.00,43.18
377.01,43.18
377.03,43.18
377.04,43.18
377.05,43.18
377.07,43.18
377.08,43.18
377.10,43.18
377.11,43.18
377.13,43.18
377.14,43.18
377.16,43.18
377.17,43.18
377.19,43.18
377.20,43.18
377.22,43.18
377.23,43.18
377.25,43.18
377.26,43.18
377.28,43.18
377.29,43.18
377.31,43.18
377.32,43.18
377.33,43.18
377.35,43.18
377.36,43.18
377.38,43.17
377.39,43.17
377.41,43.17
377.42,43.17
377.44,43.17
377.45,43.17
377.47,43.17
377.48,43.18
377.50,43.18
377.51,43.18
377.53,43.18
377.54,43.18
377.56,43.18
377.57,43.19
377.58,43.19
377.60,43.19
377.61,43.19
377.63,43.19
377.64,43.19
377.66,43.19
377.67,43.20
377.69,43.20
377.70,43.20
377.72,43.20
377.73,43.20
377.75,43.20
377.76,43.20
377.78,43.21
377.79,43.21
377.81,43.21
377.82,43.21
377.83,43.21
377.85,43.21
377.86,43.22
377.88,43.22
377.89,43.22
377.91,43.22
377.92,43.22
377.94,43.22
377.95,43.22
377.97,43.23
377.98,43.23
378.00,43.23
378.01,43.23
378.03,43.23
378.04,43.23
378.06,43.23
378.07,43.24
378.08,43.24
378.10,43.24
378.11,43.24
378.13,43.24
378.14,43.24
378.16,43.25
378.17,43.25
378.19,43.25
378.20,43.25
378.22,43.25
378.23,43.25
378.25,43.25
378.26,43.26
378.28,43.26
378.29,43.26
378.31,43.26
378.32,43.26
378.33,43.26
378.35,43.26
378.36,43.27
378.38,43.27
378.39,43.27
378.41,43.27
378.42,43.27
378.44,43.27
378.45,43.28
378.47,43.28
378.48,43.28
378.50,43.28
378.51,43.28
378.53,43.28
378.54,43.27
378.56,43.27
378.57,43.27
378.58,43.27
378.60,43.27
378.61,43.27
378.63,43.27
378.64,43.27
378.66,43.27
378.67,43.27
378.69,43.27
378.70,43.27
378.72,43.26
378.73,43.26
378.75,43.26
378.76,43.26
378.78,43.26
378.79,43.26
378.81,43.26
378.82,43.26
378.84,43.26
378.85,43.26
378.86,43.26
378.88,43.26
378.89,43.25
378.91,43.25
378.92,43.25
378.94,43.25
378.95,43.25
378.97,43.25
378.98,43.25
379.00,43.25
379.01,43.25
379.03,43.25
379.04,43.25
379.06,43.25
379.07,43.25
379.09,43.25
379.10,43.25
379.11,43.25
379.13,43.25
379.14,43.25
379.16,43.25
379.17,43.25
379.19,43.25
379.20,43.25
379.22,43.25
379.23,43.25
379.25,43.25
379.26,43.25
379.28,43.25
379.29,43.25
379.31,43.25
379.32,43.25
379.34,43.25
379.35,43.25
379.36,43.25
379.38,43.25
379.39,43.25
379.41,43.25
379.42,43.25
379.44,43.25
379.45,43.25
379.47,43.25
379.48,43.25
379.50,43.25
379.51,43.25
379.53,43.25
379.54,43.25
379.56,43.25
379.57,43.25
379.59,43.25
379.60,43.25
379.61,43.25
379.63,43.25
379.64,43.25
379.66,43.25
379.67,43.25
379.69,43.25
379.70,43.25
379.72,43.25
379.73,43.25
379.75,43.25
379.76,43.25
379.78,43.25
379.79,43.25
379.81,43.25
379.82,43.25
379.84,43.25
379.85,43.25
379.86,43.24
379.88,43.24
379.89,43.25
379.91,43.25
379.92,43.25
379.94,43.25
379.95,43.25
379.97,43.25
379.98,43.25
380.00,43.26
380.01,43.26
380.03,43.26
380.04,43.26
380.06,43.26
380.07,43.26
380.09,43.27
380.10,43.27
380.11,43.27
380.13,43.27
380.14,43.27
380.16,43.27
380.17,43.27
380.19,43.28
380.20,43.28
380.22,43.28
380.23,43.28
380.25,43.28
380.26,43.28
380.28,43.28
380.29,43.29
380.31,43.29
380.32,43.29
380.34,43.29
380.35,43.29
380.37,43.29
380.38,43.30
380.39,43.30
380.41,43.30
380.42,43.30
380.44,43.30
380.45,43.30
380.47,43.30
380.48,43.30
380.50,43.30
380.51,43.30
380.53,43.30
380.54,43.30
380.56,43.30
380.57,43.30
380.59,43.30
380.60,43.30
380.62,43.30
380.63,43.30
380.64,43.30
380.66,43.31
380.67,43.31
380.69,43.31
380.70,43.31
380.72,43.31
380.73,43.31
380.75,43.31
380.76,43.32
380.78,43.32
380.79,43.32
380.81,43.32
380.82,43.32
380.84,43.32
380.85,43.32
380.87,43.33
380.88,43.33
380.89,43.33
380.91,43.33
380.92,43.33
380.94,43.33
380.95,43.34
380.97,43.34
380.98,43.34
381.00,43.34
381.01,43.34
381.03,43.34
381.04,43.34
381.06,43.35
381.07,43.35
381.09,43.35
381.10,43.35
381.12,43.35
381.13,43.35
381.14,43.35
381.16,43.36
381.17,43.36
381.19,43.36
381.20,43.36
381.22,43.36
381.23,43.36
381.25,43.37
381.26,43.37
381.28,43.37
381.29,43.37
381.31,43.37
381.32,43.37
381.34,43.37
381.35,43.38
381.37,43.38
381.38,43.38
381.39,43.38
381.41,43.38
381.42,43.38
381.44,43.38
381.45,43.39
381.47,43.39
381.48,43.39
381.50,43.39
381.51,43.39
381.53,43.39
381.54,43.39
381.56,43.40
381.57,43.40
381.59,43.40
381.60,43.40
381.62,43.40
381.63,43.40
381.64,43.41
381.66,43.41
381.67,43.41
381.69,43.40
381.70,43.40
381.72,43.40
381.73,43.40
381.75,43.40
381.76,43.40
381.78,43.40
381.79,43.40
381.81,43.40
381.82,43.40
381.84,43.40
381.85,43.40
381.87,43.39
381.88,43.39
381.90,43.39
381.91,43.39
381.92,43.39
381.94,43.39
381.95,43.39
381.97,43.39
381.98,43.39
382.00,43.39
382.01,43.39
382.03,43.39
382.04,43.38
382.06,43.38
382.07,43.38
382.09,43.38
382.10,43.38
382.12,43.38
382.13,43.38
382.15,43.38
382.16,43.38
382.17,43.38
382.19,43.38
382.20,43.37
382.22,43.37
382.23,43.37
382.25,43.37
382.26,43.37
382.28,43.37
382.29,43.37
382.31,43.37
382.32,43.37
382.34,43.37
382.35,43.37
382.37,43.37
382.38,43.36
382.40,43.36
382.41,43.36
382.42,43.36
382.44,43.36
382.45,43.36
382.47,43.36
382.48,43.36
382.50,43.36
382.51,43.36
382.53,43.36
382.54,43.36
382.56,43.35
382.57,43.35
382.59,43.35
382.60,43.35
382.62,43.35
382.63,43.35
382.65,43.35
382.66,43.35
382.67,43.35
382.69,43.35
382.70,43.35
382.72,43.34
382.73,43.34
382.75,43.34
382.76,43.34
382.78,43.34
382.79,43.34
382.81,43.34
382.82,43.34
382.84,43.34
382.85,43.34
382.87,43.34
382.88,43.34
382.90,43.34
382.91,43.34
382.92,43.34
382.94,43.34
382.95,43.34
382.97,43.34
382.98,43.34
383.00,43.34
383.01,43.34
383.03,43.34
383.04,43.34
383.06,43.34
383.07,43.34
383.09,43.34
383.10,43.34
383.12,43.34
383.13,43.34
383.15,43.33
383.16,43.33
383.17,43.33
383.19,43.33
383.20,43.33
383.22,43.33
383.23,43.33
383.25,43.33
383.26,43.33
383.28,43.33
383.29,43.33
383.31,43.33
383.32,43.33
383.34,43.33
383.35,43.33
383.37,43.33
383.38,43.33
383.40,43.33
383.41,43.33
383.43,43.33
383.44,43.33
383.45,43.33
383.47,43.33
383.48,43.33
383.50,43.33
383.51,43.33
383.53,43.33
383.54,43.33
383.56,43.33
383.57,43.33
383.59,43.33
383.60,43.33
383.62,43.33
383.63,43.33
383.65,43.33
383.66,43.33
383.68,43.33
383.69,43.33
383.70,43.33
383.72,43.33
383.73,43.33
383.75,43.33
383.76,43.33
383.78,43.33
383.79,43.33
383.81,43.33
383.82,43.32
383.84,43.32
383.85,43.32
383.87,43.32
383.88,43.32
383.90,43.32
383.91,43.32
383.93,43.32
383.94,43.32
383.95,43.32
383.97,43.32
383.98,43.32
384.00,43.31
384.01,43.31
384.03,43.31
384.04,43.31
384.06,43.31
384.07,43.31
384.09,43.31
384.10,43.31
384.12,43.31
384.13,43.31
384.15,43.31
384.16,43.31
384.18,43.32
384.19,43.32
384.20,43.32
384.22,43.32
384.23,43.32
384.25,43.32
384.26,43.33
384.28,43.33
384.29,43.33
384.31,43.33
384.32,43.33
384.34,43.33
384.35,43.33
384.37,43.34
384.38,43.34
384.40,43.34
384.41,43.34
384.43,43.34
384.44,43.34
384.45,43.34
384.47,43.35
384.48,43.35
384.50,43.35
384.51,43.35
384.53,43.35
384.54,43.35
384.56,43.36
384.57,43.36
384.59,43.36
384.60,43.36
384.62,43.36
384.63,43.36
384.65,43.36
384.66,43.37
384.68,43.37
384.69,43.37
384.70,43.37
384.72,43.37
384.73,43.37
384.75,43.37
384.76,43.38
384.78,43.38
384.79,43.38
384.81,43.38
384.82,43.38
384.84,43.38
384.85,43.38
384.87,43.39
384.88,43.39
384.90,43.39
384.91,43.39
384.93,43.39
384.94,43.39
384.96,43.40
384.97,43.40
384.98,43.40
385.00,43.40
385.01,43.40
385.03,43.40
385.04,43.40
385.06,43.41
385.07,43.41
385.09,43.41
385.10,43.41
385.12,43.41
385.13,43.41
385.15,43.41
385.16,43.42
385.18,43.42
385.19,43.42
385.21,43.42
385.22,43.42
385.23,43.42
385.25,43.43
385.26,43.43
385.28,43.43
385.29,43.43
385.31,43.43
385.32,43.43
385.34,43.43
385.35,43.44
385.37,43.44
385.38,43.44
385.40,43.44
385.41,43.44
385.43,43.44
385.44,43.44
385.46,43.45
385.47,43.45
385.48,43.45
385.50,43.45
385.51,43.44
385.53,43.44
385.54,43.44
385.56,43.44
385.57,43.44
385.59,43.44
385.60,43.44
385.62,43.44
385.63,43.44
385.65,43.44
385.66,43.44
385.68,43.44
385.69,43.43
385.71,43.43
385.72,43.43
385.73,43.43
385.75,43.43
385.76,43.43
385.78,43.43
385.79,43.43
385.81,43.43
385.82,43.43
385.84,43.43
385.85,43.42
385.87,43.42
385.88,43.42
385.90,43.42
385.91,43.42
385.93,43.42
385.94,43.42
385.96,43.42
385.97,43.42
385.98,43.42
386.00,43.42
386.01,43.42
386.03,43.41
386.04,43.41
386.06,43.41
386.07,43.41
386.09,43.41
386.10,43.41
386.12,43.41
386.13,43.41
386.15,43.41
386.16,43.41
386.18,43.41
386.19,43.40
386.21,43.40
386.22,43.40
386.23,43.40
386.25,43.40
386.26,43.40
386.28,43.40
386.29,43.40
386.31,43.40
386.32,43.40
386.34,43.40
386.35,43.40
386.37,43.39
386.38,43.39
386.40,43.39
386.41,43.39
386.43,43.39
386.44,43.39
386.46,43.39
386.47,43.39
386.49,43.39
386.50,43.39
386.51,43.39
386.53,43.39
386.54,43.38
386.56,43.38
386.57,43.38
386.59,43.38
386.60,43.38
386.62,43.38
386.63,43.38
386.65,43.38
386.66,43.38
386.68,43.38
386.69,43.38
386.71,43.37
386.72,43.37
386.74,43.37
386.75,43.37
386.76,43.37
386.78,43.37
386.79,43.37
386.81,43.37
386.82,43.37
386.84,43.37
386.85,43.37
386.87,43.37
386.88,43.36
386.90,43.36
386.91,43.36
386.93,43.36
386.94,43.36
386.96,43.36
386.97,43.36
386.99,43.36
387.00,43.36
387.01,43.36
387.03,43.36
387.04,43.36
387.06,43.36
387.07,43.36
387.09,43.36
387.10,43.36
387.12,43.36
387.13,43.36
387.15,43.36
387.16,43.36
387.18,43.36
387.19,43.36
387.21,43.36
387.22,43.36
387.24,43.36
387.25,43.36
387.26,43.36
387.28,43.36
387.29,43.36
387.31,43.36
387.32,43.36
387.34,43.36
387.35,43.36
387.37,43.36
387.38,43.36
387.40,43.36
387.41,43.36
387.43,43.36
387.44,43.36
387.46,43.36
387.47,43.36
387.49,43.36
387.50,43.36
387.51,43.36
387.53,43.36
387.54,43.36
387.56,43.36
387.57,43.36
387.59,43.36
387.60,43.36
387.62,43.36
387.63,43.36
387.65,43.36
387.66,43.36
387.68,43.36
387.69,43.36
387.71,43.35
387.72,43.35
387.74,43.35
387.75,43.35
387.76,43.35
387.78,43.35
387.79,43.35
387.81,43.35
387.82,43.35
387.84,43.35
387.85,43.35
387.87,43.35
387.88,43.35
387.90,43.35
387.91,43.35
387.93,43.35
387.94,43.35
387.96,43.35
387.97,43.35
387.99,43.35
388.00,43.35
388.01,43.35
388.03,43.35
388.04,43.35
388.06,43.35
388.07,43.35
388.09,43.35
388.10,43.35
388.12,43.35
388.13,43.35
388.15,43.35
388.16,43.34
388.18,43.35
388.19,43.35
388.21,43.35
388.22,43.35
388.24,43.35
388.25,43.35
388.27,43.36
388.28,43.36
388.29,43.36
388.31,43.36
388.32,43.36
388.34,43.36
388.35,43.36
388.37,43.37
388.38,43.37
388.40,43.37
388.41,43.37
388.43,43.37
388.44,43.37
388.46,43.38
388.47,43.38
388.49,43.38
388.50,43.38
388.52,43.38
388.53,43.38
388.54,43.38
388.56,43.39
388.57,43.39
388.59,43.39
388.60,43.39
388.62,43.39
388.63,43.39
388.65,43.39
388.66,43.40
388.68,43.40
388.69,43.40
388.71,43.40
388.72,43.40
388.74,43.40
388.75,43.40
388.77,43.41
388.78,43.41
388.79,43.41
388.81,43.41
388.82,43.41
388.84,43.41
388.85,43.42
388.87,43.42
388.88,43.42
388.90,43.42
388.91,43.42
388.93,43.42
388.94,43.42
388.96,43.43
388.97,43.43
388.99,43.43
389.00,43.43
389.02,43.43
389.03,43.43
389.04,43.43
389.06,43.44
389.07,43.44
389.09,43.44
389.10,43.44
389.12,43.44
389.13,43.43
389.15,43.43
389.16,43.43
389.18,43.43
389.19,43.43
389.21,43.43
389.22,43.43
389.24,43.43
389.25,43.43
389.27,43.43
389.28,43.44
389.29,43.44
389.31,43.44
389.32,43.44
389.34,43.44
389.35,43.44
389.37,43.45
389.38,43.45
389.40,43.45
389.41,43.45
389.43,43.45
389.44,43.45
389.46,43.45
389.47,43.46
389.49,43.46
389.50,43.46
389.52,43.46
389.53,43.46
389.54,43.46
389.56,43.46
389.57,43.47
389.59,43.47
389.60,43.47
389.62,43.47
389.63,43.47
389.65,43.47
389.66,43.47
389.68,43.48
389.69,43.48
389.71,43.48
389.72,43.48
389.74,43.48
389.75,43.48
389.77,43.49
389.78,43.49
389.80,43.49
389.81,43.49
389.82,43.49
389.84,43.49
389.85,43.49
389.87,43.50
389.88,43.50
389.90,43.50
389.91,43.50
389.93,43.50
389.94,43.50
389.96,43.50
389.97,43.51
389.99,43.51
390.00,43.51
390.02,43.51
390.03,43.51
390.05,43.51
390.06,43.51
390.07,43.51
390.09,43.51
390.10,43.51
390.12,43.51
390.13,43.51
390.15,43.51
390.16,43.51
390.18,43.51
390.19,43.51
390.21,43.51
390.22,43.51
390.24,43.50
390.25,43.50
390.27,43.50
390.28,43.50
390.30,43.50
390.31,43.50
390.32,43.50
390.34,43.50
390.35,43.50
390.37,43.50
390.38,43.50
390.40,43.49
390.41,43.49
390.43,43.49
390.44,43.49
390.46,43.49
390.47,43.49
390.49,43.49
390.50,43.49
390.52,43.49
390.53,43.49
390.55,43.49
390.56,43.49
390.57,43.48
390.59,43.48
390.60,43.48
390.62,43.48
390.63,43.48
390.65,43.48
390.66,43.48
390.68,43.48
390.69,43.48
390.71,43.48
390.72,43.48
390.74,43.47
390.75,43.47
390.77,43.47
390.78,43.47
390.80,43.47
390.81,43.47
390.82,43.47
390.84,43.47
390.85,43.47
390.87,43.47
390.88,43.47
390.90,43.47
390.91,43.46
390.93,43.46
390.94,43.46
390.96,43.46
390.97,43.46
390.99,43.46
391.00,43.46
391.02,43.46
391.03,43.46
391.05,43.46
391.06,43.46
391.07,43.45
391.09,43.45
391.10,43.45
391.12,43.45
391.13,43.45
391.15,43.45
391.16,43.45
391.18,43.45
391.19,43.45
391.21,43.45
391.22,43.45
391.24,43.45
391.25,43.44
391.27,43.44
391.28,43.44
391.30,43.44
391.31,43.44
391.33,43.44
391.34,43.44
391.35,43.44
391.37,43.44
391.38,43.44
391.40,43.44
391.41,43.43
391.43,43.43
391.44,43.43
391.46,43.43
391.47,43.43
391.49,43.43
391.50,43.43
391.52,43.43
391.53,43.43
391.55,43.43
391.56,43.43
391.58,43.43
391.59,43.42
391.60,43.42
391.62,43.42
391.63,43.42
391.65,43.42
391.66,43.42
391.68,43.42
391.69,43.42
391.71,43.42
391.72,43.42
391.74,43.42
391.75,43.41
391.77,43.41
391.78,43.41
391.80,43.41
391.81,43.41
391.83,43.41
391.84,43.41
391.85,43.41
391.87,43.41
391.88,43.41
391.90,43.41
391.91,43.41
391.93,43.40
391.94,43.40
391.96,43.40
391.97,43.40
391.99,43.40
392.00,43.40
392.02,43.40
392.03,43.40
392.05,43.40
392.06,43.40
392.08,43.40
392.09,43.40
392.10,43.39
392.12,43.39
392.13,43.39
392.15,43.39
392.16,43.39
392.18,43.39
392.19,43.39
392.21,43.39
392.22,43.39
392.24,43.39
392.25,43.39
392.27,43.39
392.28,43.39
392.30,43.39
392.31,43.39
392.33,43.39
392.34,43.39
392.35,43.39
392.37,43.39
392.38,43.39
392.40,43.39
392.41,43.39
392.43,43.39
392.44,43.39
392.46,43.39
392.47,43.39
392.49,43.39
392.50,43.39
392.52,43.39
392.53,43.39
392.55,43.38
392.56,43.38
392.58,43.38
392.59,43.38
392.60,43.38
392.62,43.38
392.63,43.38
392.65,43.38
392.66,43.38
392.68,43.38
392.69,43.38
392.71,43.38
392.72,43.38
392.74,43.38
392.75,43.38
392.77,43.38
392.78,43.38
392.80,43.38
392.81,43.38
392.83,43.38
392.84,43.38
392.86,43.38
392.87,43.38
392.88,43.38
392.90,43.38
392.91,43.38
392.93,43.38
392.94,43.38
392.96,43.38
392.97,43.38
392.99,43.38
393.00,43.38
393.02,43.38
393.03,43.38
393.05,43.38
393.06,43.38
393.08,43.38
393.09,43.38
393.11,43.38
393.12,43.38
393.13,43.38
393.15,43.38
393.16,43.38
393.18,43.38
393.19,43.38
393.21,43.38
393.22,43.38
393.24,43.38
393.25,43.38
393.27,43.38
393.28,43.38
393.30,43.38
393.31,43.38
393.33,43.38
393.34,43.38
393.36,43.38
393.37,43.38
393.38,43.38
393.40,43.38
393.41,43.38
393.43,43.38
393.44,43.38
393.46,43.38
393.47,43.37
393.49,43.37
393.50,43.37
393.52,43.37
393.53,43.37
393.55,43.37
393.56,43.37
393.58,43.37
393.59,43.37
393.61,43.37
393.62,43.37
393.63,43.37
393.65,43.36
393.66,43.36
393.68,43.36
393.69,43.36
393.71,43.36
393.72,43.36
393.74,43.36
393.75,43.36
393.77,43.36
393.78,43.36
393.80,43.36
393.81,43.36
393.83,43.36
393.84,43.36
393.86,43.36
393.87,43.37
393.88,43.37
393.90,43.37
393.91,43.37
393.93,43.37
393.94,43.37
393.96,43.37
393.97,43.38
393.99,43.38
394.00,43.38
394.02,43.38
394.03,43.38
394.05,43.38
394.06,43.39
394.08,43.39
394.09,43.39
394.11,43.39
394.12,43.39
394.13,43.39
394.15,43.39
394.16,43.40
394.18,43.40
394.19,43.40
394.21,43.40
394.22,43.40
394.24,43.40
394.25,43.40
394.27,43.41
394.28,43.41
394.30,43.41
394.31,43.41
394.33,43.41
394.34,43.41
394.36,43.42
394.37,43.42
394.39,43.42
394.40,43.42
394.41,43.42
394.43,43.42
394.44,43.42
394.46,43.43
394.47,43.43
394.49,43.43
394.50,43.43
394.52,43.43
394.53,43.43
394.55,43.43
394.56,43.44
394.58,43.44
394.59,43.44
394.61,43.44
394.62,43.44
394.64,43.44
394.65,43.45
394.66,43.45
394.68,43.45
394.69,43.45
394.71,43.45
394.72,43.45
394.74,43.45
394.75,43.46
394.77,43.46
394.78,43.46
394.80,43.46
394.81,43.46
394.83,43.46
394.84,43.46
394.86,43.47
394.87,43.47
394.89,43.47
394.90,43.47
394.91,43.47
394.93,43.47
394.94,43.47
394.96,43.48
394.97,43.48
394.99,43.48
395.00,43.48
395.02,43.48
395.03,43.48
395.05,43.49
395.06,43.49
395.08,43.49
395.09,43.49
395.11,43.49
395.12,43.49
395.14,43.49
395.15,43.50
395.16,43.50
395.18,43.50
395.19,43.50
395.21,43.50
395.22,43.50
395.24,43.50
395.25,43.51
395.27,43.51
395.28,43.51
395.30,43.51
395.31,43.50
395.33,43.50
395.34,43.50
395.36,43.50
395.37,43.50
395.39,43.50
395.40,43.50
395.41,43.50
395.43,43.50
395.44,43.50
395.46,43.50
395.47,43.50
395.49,43.49
395.50,43.49
395.52,43.49
395.53,43.49
395.55,43.49
395.56,43.49
395.58,43.49
395.59,43.49
395.61,43.49
395.62,43.49
395.64,43.49
395.65,43.48
395.66,43.48
395.68,43.48
395.69,43.48
395.71,43.48
395.72,43.48
395.74,43.48
395.75,43.48
395.77,43.48
395.78,43.48
395.80,43.48
395.81,43.48
395.83,43.47
395.84,43.47
395.86,43.47
395.87,43.47
395.89,43.47
395.90,43.47
395.92,43.47
395.93,43.47
395.94,43.47
395.96,43.47
395.97,43.47
395.99,43.46
396.00,43.46
396.02,43.46
396.03,43.46
396.05,43.46
396.06,43.46
396.08,43.46
396.09,43.46
396.11,43.46
396.12,43.46
396.14,43.46
396.15,43.46
396.17,43.45
396.18,43.45
396.19,43.45
396.21,43.45
396.22,43.45
396.24,43.45
396.25,43.45
396.27,43.45
396.28,43.45
396.30,43.45
396.31,43.45
396.33,43.44
396.34,43.44
396.36,43.44
396.37,43.44
396.39,43.44
396.40,43.44
396.42,43.44
396.43,43.44
396.44,43.44
396.46,43.44
396.47,43.44
396.49,43.44
396.50,43.43
396.52,43.43
396.53,43.43
396.55,43.43
396.56,43.43
396.58,43.43
396.59,43.43
396.61,43.43
396.62,43.43
396.64,43.43
396.65,43.43
396.67,43.43
396.68,43.42
396.69,43.42
396.71,43.42
396.72,43.42
396.74,43.42
396.75,43.42
396.77,43.42
396.78,43.42
396.80,43.42
396.81,43.42
396.83,43.42
396.84,43.41
396.86,43.41
396.87,43.41
396.89,43.41
396.90,43.41
396.92,43.41
396.93,43.41
396.94,43.41
396.96,43.41
396.97,43.41
396.99,43.41
397.00,43.41
397.02,43.40
397.03,43.40
397.05,43.40
397.06,43.40
397.08,43.40
397.09,43.40
397.11,43.40
397.12,43.40
397.14,43.40
397.15,43.40
397.17,43.40
397.18,43.39
397.19,43.39
397.21,43.39
397.22,43.39
397.24,43.39
397.25,43.39
397.27,43.39
397.28,43.39
397.30,43.39
397.31,43.39
397.33,43.39
397.34,43.39
397.36,43.38
397.37,43.38
397.39,43.38
397.40,43.38
397.42,43.38
397.43,43.38
397.45,43.38
397.46,43.38
397.47,43.38
397.49,43.38
397.50,43.38
397.52,43.38
397.53,43.37
397.55,43.37
397.56,43.37
397.58,43.37
397.59,43.37
397.61,43.37
397.62,43.37
397.64,43.37
397.65,43.37
397.67,43.37
397.68,43.37
397.70,43.36
397.71,43.36
397.72,43.36
397.74,43.36
397.75,43.36
397.77,43.36
397.78,43.36
397.80,43.36
397.81,43.36
397.83,43.36
397.84,43.36
397.86,43.36
397.87,43.35
397.89,43.35
397.90,43.35
397.92,43.35
397.93,43.35
397.95,43.35
397.96,43.35
397.97,43.35
397.99,43.35
398.00,43.35
398.02,43.35
398.03,43.35
398.05,43.34
398.06,43.34
398.08,43.34
398.09,43.34
398.11,43.34
398.12,43.34
398.14,43.34
398.15,43.34
398.17,43.34
398.18,43.34
398.20,43.34
398.21,43.33
398.22,43.33
398.24,43.33
398.25,43.33
398.27,43.33
398.28,43.33
398.30,43.33
398.31,43.33
398.33,43.33
398.34,43.33
398.36,43.33
398.37,43.33
398.39,43.32
398.40,43.32
398.42,43.32
398.43,43.32
398.45,43.32
398.46,43.32
398.47,43.32
398.49,43.32
398.50,43.32
398.52,43.32
398.53,43.32
398.55,43.32
398.56,43.32
398.58,43.32
398.59,43.32
398.61,43.32
398.62,43.32
398.64,43.32
398.65,43.32
398.67,43.32
398.68,43.32
398.70,43.32
398.71,43.32
398.72,43.32
398.74,43.32
398.75,43.32
398.77,43.32
398.78,43.32
398.80,43.32
398.81,43.32
398.83,43.32
398.84,43.32
398.86,43.32
398.87,43.32
398.89,43.32
398.90,43.32
398.92,43.32
398.93,43.32
398.95,43.32
398.96,43.31
398.98,43.31
398.99,43.31
399.00,43.31
399.02,43.31
399.03,43.31
399.05,43.31
399.06,43.31
399.08,43.31
399.09,43.31
399.11,43.31
399.12,43.31
399.14,43.31
399.15,43.31
399.17,43.31
399.18,43.31
399.20,43.31
399.21,43.31
399.23,43.31
399.24,43.31
399.25,43.31
399.27,43.31
399.28,43.31
399.30,43.31
399.31,43.31
399.33,43.31
399.34,43.31
399.36,43.31
399.37,43.31
399.39,43.31
399.40,43.31
399.42,43.31
399.43,43.31
399.45,43.31
399.46,43.31
399.48,43.31
399.49,43.31
399.50,43.31
399.52,43.31
399.53,43.31
399.55,43.31
399.56,43.31
399.58,43.31
399.59,43.31
399.61,43.31
399.62,43.31
399.64,43.31
399.65,43.31
399.67,43.31
399.68,43.31
399.70,43.31
399.71,43.30
399.73,43.30
399.74,43.30
399.75,43.30
399.77,43.30
399.78,43.30
399.80,43.30
399.81,43.30
399.83,43.30
399.84,43.30
399.86,43.30
399.87,43.30
399.89,43.30
399.90,43.31
399.92,43.31
399.93,43.31
399.95,43.31
399.96,43.31
399.98,43.31
399.99,43.31
400.00,43.32
400.02,43.32
400.03,43.32
400.05,43.32
400.06,43.32
400.08,43.32
400.09,43.33
400.11,43.33
400.12,43.33
400.14,43.33
400.15,43.33
400.17,43.33
400.18,43.33
400.20,43.34
400.21,43.34
400.23,43.34
400.24,43.34
400.25,43.34
400.27,43.34
400.28,43.34
400.30,43.35
400.31,43.35
400.33,43.35
400.34,43.35
400.36,43.35
400.37,43.35
400.39,43.36
400.40,43.36
400.42,43.36
400.43,43.36
400.45,43.36
400.46,43.36
400.48,43.36
400.49,43.37
400.51,43.37
400.52,43.37
400.53,43.37
400.55,43.37
400.56,43.37
400.58,43.37
400.59,43.38
400.61,43.38
400.62,43.38
400.64,43.38
400.65,43.38
400.67,43.38
400.68,43.39
400.70,43.39
400.71,43.39
400.73,43.39
400.74,43.39
400.76,43.39
400.77,43.39
400.78,43.40
400.80,43.40
400.81,43.40
400.83,43.40
400.84,43.40
400.86,43.40
400.87,43.40
400.89,43.41
400.90,43.41
400.92,43.41
400.93,43.41
400.95,43.41
400.96,43.41
400.98,43.42
400.99,43.42
401.01,43.42
401.02,43.42
401.03,43.42
401.05,43.42
401.06,43.42
401.08,43.43
401.09,43.43
401.11,43.43
401.12,43.43
401.14,43.43
401.15,43.43
401.17,43.43
401.18,43.44
401.20,43.44
401.21,43.44
401.23,43.44
401.24,43.44
401.26,43.44
401.27,43.45
401.28,43.45
401.30,43.45
401.31,43.45
401.33,43.45
401.34,43.45
401.36,43.45
401.37,43.45
401.39,43.45
401.40,43.45
401.42,43.45
401.43,43.45
401.45,43.44
401.46,43.44
401.48,43.44
401.49,43.44
401.51,43.44
401.52,43.44
401.53,43.44
401.55,43.44
401.56,43.44
401.58,43.44
401.59,43.44
401.61,43.43
401.62,43.43
401.64,43.43
401.65,43.43
401.67,43.43
401.68,43.43
401.70,43.43
401.71,43.43
401.73,43.43
401.74,43.43
401.76,43.43
401.77,43.43
401.78,43.42
401.80,43.42
401.81,43.42
401.83,43.42
401.84,43.42
401.86,43.42
401.87,43.42
401.89,43.42
401.90,43.42
401.92,43.42
401.93,43.42
401.95,43.41
401.96,43.41
401.98,43.41
401.99,43.41
402.01,43.41
402.02,43.41
402.04,43.41
402.05,43.41
402.06,43.41
402.08,43.41
402.09,43.41
402.11,43.41
402.12,43.40
402.14,43.40
402.15,43.40
402.17,43.40
402.18,43.40
402.20,43.40
402.21,43.40
402.23,43.40
402.24,43.40
402.26,43.40
402.27,43.40
402.29,43.40
402.30,43.39
402.31,43.39
402.33,43.39
402.34,43.39
402.36,43.39
402.37,43.39
402.39,43.39
402.40,43.39
402.42,43.39
402.43,43.39
402.45,43.39
402.46,43.38
402.48,43.38
402.49,43.38
402.51,43.38
402.52,43.38
402.54,43.38
402.55,43.38
402.56,43.38
402.58,43.38
402.59,43.38
402.61,43.38
402.62,43.38
402.64,43.37
402.65,43.37
402.67,43.37
402.68,43.37
402.70,43.37
402.71,43.37
402.73,43.37
402.74,43.37
402.76,43.37
402.77,43.37
402.79,43.37
402.80,43.37
402.81,43.37
402.83,43.37
402.84,43.37
402.86,43.37
402.87,43.37
402.89,43.37
402.90,43.37
402.92,43.37
402.93,43.37
402.95,43.37
402.96,43.37
402.98,43.37
402.99,43.37
403.01,43.36
403.02,43.36
403.04,43.36
403.05,43.36
403.06,43.36
403.08,43.36
403.09,43.36
403.11,43.36
403.12,43.36
403.14,43.36
403.15,43.36
403.17,43.36
403.18,43.36
403.20,43.36
403.21,43.36
403.23,43.36
403.24,43.36
403.26,43.36
403.27,43.36
403.29,43.36
403.30,43.36
403.31,43.36
403.33,43.36
403.34,43.36
403.36,43.36
403.37,43.36
403.39,43.36
403.40,43.36
403.42,43.36
403.43,43.36
403.45,43.36
403.46,43.36
403.48,43.36
403.49,43.36
403.51,43.36
403.52,43.36
403.54,43.36
403.55,43.36
403.57,43.36
403.58,43.36
403.59,43.36
403.61,43.36
403.62,43.36
403.64,43.36
403.65,43.36
403.67,43.36
403.68,43.36
403.70,43.36
403.71,43.36
403.73,43.36
403.74,43.36
403.76,43.36
403.77,43.36
403.79,43.36
403.80,43.36
403.82,43.36
403.83,43.36
403.84,43.36
403.86,43.36
403.87,43.36
403.89,43.36
403.90,43.36
403.92,43.35
403.93,43.35
403.95,43.35
403.96,43.35
403.98,43.35
403.99,43.35
404.01,43.35
404.02,43.35
404.04,43.35
404.05,43.35
404.07,43.35
404.08,43.35
404.09,43.34
404.11,43.35
404.12,43.35
404.14,43.35
404.15,43.35
404.17,43.35
404.18,43.35
404.20,43.36
404.21,43.36
404.23,43.36
404.24,43.36
404.26,43.36
404.27,43.36
404.29,43.36
404.30,43.37
404.32,43.37
404.33,43.37
404.34,43.37
404.36,43.37
404.37,43.37
404.39,43.38
404.40,43.38
404.42,43.38
404.43,43.38
404.45,43.38
404.46,43.38
404.48,43.38
404.49,43.39
404.51,43.39
404.52,43.39
404.54,43.39
404.55,43.39
404.57,43.39
404.58,43.39
404.59,43.40
404.61,43.40
404.62,43.40
404.64,43.40
404.65,43.40
404.67,43.40
404.68,43.41
404.70,43.41
404.71,43.41
404.73,43.41
404.74,43.41
404.76,43.41
404.77,43.41
404.79,43.42
404.80,43.42
404.82,43.42
404.83,43.42
404.84,43.42
404.86,43.42
404.87,43.42
404.89,43.43
404.90,43.43
404.92,43.43
404.93,43.43
404.95,43.43
404.96,43.43
404.98,43.44
404.99,43.44
405.01,43.44
405.02,43.44
405.04,43.44
405.05,43.44
405.07,43.44
405.08,43.45
405.10,43.45
405.11,43.45
405.12,43.45
405.14,43.45
405.15,43.45
405.17,43.45
405.18,43.46
405.20,43.46
405.21,43.46
405.23,43.46
405.24,43.46
405.26,43.46
405.27,43.47
405.29,43.47
405.30,43.47
405.32,43.47
405.33,43.47
405.35,43.47
405.36,43.47
405.37,43.48
405.39,43.48
405.40,43.48
405.42,43.48
405.43,43.48
405.45,43.48
405.46,43.48
405.48,43.49
405.49,43.49
405.51,43.49
405.52,43.49
405.54,43.49
405.55,43.49
405.57,43.50
405.58,43.50
405.60,43.50
405.61,43.50
405.62,43.50
405.64,43.50
405.65,43.50
405.67,43.51
405.68,43.50
405.70,43.50
405.71,43.50
405.73,43.50
405.74,43.50
405.76,43.50
405.77,43.50
405.79,43.50
405.80,43.50
405.82,43.50
405.83,43.50
405.85,43.50
405.86,43.49
405.87,43.49
405.89,43.49
405.90,43.49
405.92,43.49
405.93,43.49
405.95,43.49
405.96,43.49
405.98,43.49
405.99,43.49
406.01,43.49
406.02,43.48
406.04,43.48
406.05,43.48
406.07,43.48
406.08,43.48
406.10,43.48
406.11,43.48
406.12,43.48
406.14,43.48
406.15,43.48
406.17,43.48
406.18,43.48
406.20,43.47
406.21,43.47
406.23,43.47
406.24,43.47
406.26,43.47
406.27,43.47
406.29,43.47
406.30,43.47
406.32,43.47
406.33,43.47
406.35,43.47
406.36,43.46
406.37,43.46
406.39,43.46
406.40,43.46
406.42,43.46
406.43,43.46
406.45,43.46
406.46,43.46
406.48,43.46
406.49,43.46
406.51,43.46
406.52,43.46
406.54,43.45
406.55,43.45
406.57,43.45
406.58,43.45
406.60,43.45
406.61,43.45
406.63,43.45
406.64,43.45
406.65,43.45
406.67,43.45
406.68,43.45
406.70,43.45
406.71,43.45
406.73,43.45
406.74,43.45
406.76,43.45
406.77,43.45
406.79,43.45
406.80,43.45
406.82,43.45
406.83,43.45
406.85,43.45
406.86,43.45
406.88,43.45
406.89,43.45
406.90,43.45
406.92,43.45
406.93,43.45
406.95,43.45
406.96,43.45
406.98,43.45
406.99,43.45
407.01,43.45
407.02,43.45
407.04,43.45
407.05,43.45
407.07,43.45
407.08,43.45
407.10,43.45
407.11,43.45
407.13,43.45
407.14,43.46
407.15,43.46
407.17,43.46
407.18,43.46
407.20,43.46
407.21,43.46
407.23,43.46
407.24,43.47
407.26,43.47
407.27,43.47
407.29,43.47
407.30,43.47
407.32,43.47
407.33,43.47
407.35,43.48
407.36,43.48
407.38,43.48
407.39,43.48
407.40,43.48
407.42,43.48
407.43,43.49
407.45,43.49
407.46,43.49
407.48,43.49
407.49,43.49
407.51,43.49
407.52,43.49
407.54,43.50
407.55,43.50
407.57,43.50
407.58,43.50
407.60,43.50
407.61,43.50
407.63,43.50
407.64,43.50
407.65,43.50
407.67,43.50
407.68,43.50
407.70,43.50
407.71,43.50
407.73,43.50
407.74,43.50
407.76,43.50
407.77,43.50
407.79,43.50
407.80,43.50
407.82,43.50
407.83,43.50
407.85,43.50
407.86,43.50
407.88,43.50
407.89,43.50
407.90,43.50
407.92,43.50
407.93,43.50
407.95,43.50
407.96,43.50
407.98,43.49
407.99,43.49
408.01,43.49
408.02,43.49
408.04,43.49
408.05,43.49
408.07,43.49
408.08,43.49
408.10,43.49
408.11,43.49
408.13,43.49
408.14,43.48
408.15,43.48
408.17,43.48
408.18,43.48
408.20,43.48
408.21,43.49
408.23,43.49
408.24,43.49
408.26,43.49
408.27,43.49
408.29,43.49
408.30,43.49
408.32,43.50
408.33,43.50
408.35,43.50
408.36,43.50
408.38,43.50
408.39,43.50
408.41,43.50
408.42,43.51
408.43,43.51
408.45,43.51
408.46,43.51
408.48,43.51
408.49,43.51
408.51,43.51
408.52,43.51
408.54,43.51
408.55,43.51
408.57,43.51
408.58,43.51
408.60,43.51
408.61,43.51
408.63,43.51
408.64,43.51
408.66,43.51
408.67,43.51
408.68,43.51
408.70,43.51
408.71,43.51
408.73,43.51
408.74,43.51
408.76,43.51
408.77,43.51
408.79,43.51
408.80,43.51
408.82,43.51
408.83,43.51
408.85,43.51
408.86,43.51
408.88,43.51
408.89,43.51
408.91,43.51
408.92,43.51
408.93,43.51
408.95,43.51
408.96,43.51
408.98,43.51
408.99,43.51
409.01,43.51
409.02,43.51
409.04,43.51
409.05,43.51
409.07,43.51
409.08,43.51
409.10,43.51
409.11,43.51
409.13,43.51
409.14,43.51
409.16,43.51
409.17,43.51
409.18,43.51
409.20,43.51
409.21,43.51
409.23,43.51
409.24,43.51
409.26,43.51
409.27,43.51
409.29,43.51
409.30,43.51
409.32,43.51
409.33,43.51
409.35,43.51
409.36,43.51
409.38,43.51
409.39,43.51
409.41,43.51
409.42,43.51
409.43,43.51
409.45,43.51
409.46,43.51
409.48,43.51
409.49,43.51
409.51,43.51
409.52,43.51
409.54,43.51
409.55,43.51
409.57,43.51
409.58,43.51
409.60,43.51
409.61,43.51
409.63,43.51
409.64,43.51
409.66,43.51
409.67,43.51
409.68,43.51
409.70,43.51
409.71,43.51
409.73,43.51
409.74,43.51
409.76,43.51
409.77,43.50
409.79,43.50
409.80,43.50
409.82,43.50
409.83,43.50
409.85,43.50
409.86,43.50
409.88,43.50
409.89,43.50
409.91,43.50
409.92,43.50
409.94,43.50
409.95,43.50
409.96,43.50
409.98,43.50
409.99,43.50
410.01,43.50
410.02,43.50
410.04,43.49
410.05,43.49
410.07,43.49
410.08,43.49
410.10,43.49
410.11,43.49
410.13,43.49
410.14,43.49
410.16,43.49
410.17,43.49
410.19,43.49
410.20,43.48
410.21,43.48
410.23,43.48
410.24,43.48
410.26,43.48
410.27,43.48
410.29,43.48
410.30,43.48
410.32,43.48
410.33,43.48
410.35,43.48
410.36,43.48
410.38,43.47
410.39,43.47
410.41,43.47
410.42,43.47
410.44,43.47
410.45,43.47
410.46,43.48
410.48,43.48
410.49,43.48
410.51,43.48
410.52,43.48
410.54,43.48
410.55,43.49
410.57,43.49
410.58,43.49
410.60,43.49
410.61,43.49
410.63,43.49
410.64,43.49
410.66,43.50
410.67,43.50
410.69,43.50
410.70,43.50
410.71,43.50
410.73,43.50
410.74,43.50
410.76,43.51
410.77,43.51
410.79,43.51
410.80,43.51
410.82,43.51
410.83,43.51
410.85,43.52
410.86,43.52
410.88,43.52
410.89,43.52
410.91,43.52
410.92,43.52
410.94,43.52
410.95,43.53
410.96,43.53
410.98,43.53
410.99,43.53
411.01,43.53
411.02,43.53
411.04,43.53
411.05,43.54
411.07,43.54
411.08,43.54
411.10,43.54
411.11,43.54
411.13,43.54
411.14,43.55
411.16,43.55
411.17,43.55
411.19,43.55
411.20,43.55
411.21,43.55
411.23,43.55
411.24,43.56
411.26,43.56
411.27,43.56
411.29,43.56
411.30,43.56
411.32,43.56
411.33,43.56
411.35,43.57
411.36,43.57
411.38,43.57
411.39,43.57
411.41,43.57
411.42,43.57
411.44,43.57
411.45,43.58
411.47,43.58
411.48,43.58
411.49,43.58
411.51,43.58
411.52,43.58
411.54,43.59
411.55,43.59
411.57,43.59
411.58,43.59
411.60,43.59
411.61,43.59
411.63,43.59
411.64,43.60
411.66,43.60
411.67,43.60
411.69,43.60
411.70,43.60
411.72,43.60
411.73,43.60
411.74,43.59
411.76,43.59
411.77,43.59
411.79,43.59
411.80,43.59
411.82,43.59
411.83,43.59
411.85,43.59
411.86,43.59
411.88,43.59
411.89,43.59
411.91,43.58
411.92,43.58
411.94,43.58
411.95,43.58
411.97,43.58
411.98,43.58
411.99,43.58
412.01,43.58
412.02,43.58
412.04,43.58
412.05,43.58
412.07,43.57
412.08,43.57
412.10,43.57
412.11,43.57
412.13,43.57
412.14,43.57
412.16,43.57
412.17,43.57
412.19,43.57
412.20,43.57
412.22,43.57
412.23,43.57
412.24,43.56
412.26,43.56
412.27,43.56
412.29,43.56
412.30,43.56
412.32,43.56
412.33,43.56
412.35,43.56
412.36,43.56
412.38,43.56
412.39,43.56
412.41,43.55
412.42,43.55
412.44,43.55
412.45,43.55
412.47,43.55
412.48,43.55
412.49,43.55
412.51,43.55
412.52,43.55
412.54,43.55
412.55,43.55
412.57,43.54
412.58,43.54
412.60,43.54
412.61,43.54
412.63,43.54
412.64,43.54
412.66,43.54
412.67,43.54
412.69,43.54
412.70,43.54
412.72,43.54
412.73,43.54
412.74,43.53
412.76,43.53
412.77,43.53
412.79,43.53
412.80,43.53
412.82,43.53
412.83,43.53
412.85,43.53
412.86,43.53
412.88,43.53
412.89,43.53
412.91,43.52
412.92,43.52
412.94,43.52
412.95,43.52
412.97,43.52
412.98,43.52
413.00,43.52
413.01,43.52
413.02,43.52
413.04,43.52
413.05,43.52
413.07,43.52
413.08,43.51
413.10,43.51
413.11,43.51
413.13,43.51
413.14,43.51
413.16,43.51
413.17,43.51
413.19,43.51
413.20,43.51
413.22,43.51
413.23,43.51
413.25,43.50
413.26,43.50
413.27,43.50
413.29,43.50
413.30,43.50
413.32,43.50
413.33,43.50
413.35,43.50
413.36,43.50
413.38,43.50
413.39,43.50
413.41,43.50
413.42,43.49
413.44,43.49
413.45,43.49
413.47,43.49
413.48,43.49
413.50,43.49
413.51,43.49
413.52,43.49
413.54,43.49
413.55,43.49
413.57,43.49
413.58,43.48
413.60,43.48
413.61,43.48
413.63,43.48
413.64,43.48
413.66,43.48
413.67,43.48
413.69,43.48
413.70,43.48
413.72,43.48
413.73,43.48
413.75,43.48
413.76,43.47
413.77,43.47
413.79,43.47
413.80,43.47
413.82,43.47
413.83,43.47
413.85,43.47
413.86,43.47
413.88,43.47
413.89,43.47
413.91,43.47
413.92,43.47
413.94,43.47
413.95,43.47
413.97,43.47
413.98,43.47
414.00,43.47
414.01,43.47
414.02,43.47
414.04,43.47
414.05,43.47
414.07,43.47
414.08,43.47
414.10,43.47
414.11,43.47
414.13,43.47
414.14,43.47
414.16,43.47
414.17,43.47
414.19,43.46
414.20,43.46
414.22,43.46
414.23,43.46
414.25,43.46
414.26,43.46
414.27,43.46
414.29,43.46
414.30,43.46
414.32,43.46
414.33,43.46
414.35,43.46
414.36,43.46
414.38,43.46
414.39,43.46
414.41,43.46
414.42,43.47
414.44,43.47
414.45,43.47
414.47,43.47
414.48,43.47
414.50,43.47
414.51,43.47
414.53,43.48
414.54,43.48
414.55,43.48
414.57,43.48
414.58,43.48
414.60,43.48
414.61,43.48
414.63,43.48
414.64,43.48
414.66,43.48
414.67,43.48
414.69,43.48
414.70,43.48
414.72,43.48
414.73,43.48
414.75,43.48
414.76,43.48
414.78,43.48
414.79,43.48
414.80,43.48
414.82,43.48
414.83,43.48
414.85,43.48
414.86,43.48
414.88,43.48
414.89,43.48
414.91,43.48
414.92,43.48
414.94,43.48
414.95,43.48
414.97,43.48
414.98,43.48
415.00,43.48
415.01,43.48
415.03,43.48
415.04,43.47
415.05,43.47
415.07,43.47
415.08,43.47
415.10,43.47
415.11,43.47
415.13,43.47
415.14,43.47
415.16,43.47
415.17,43.47
415.19,43.47
415.20,43.47
415.22,43.47
415.23,43.47
415.25,43.47
415.26,43.47
415.28,43.48
415.29,43.48
415.30,43.48
415.32,43.48
415.33,43.48
415.35,43.48
415.36,43.48
415.38,43.49
415.39,43.49
415.41,43.49
415.42,43.49
415.44,43.49
415.45,43.49
415.47,43.49
415.48,43.50
415.50,43.50
415.51,43.50
415.53,43.50
415.54,43.50
415.55,43.50
415.57,43.50
415.58,43.51
415.60,43.51
415.61,43.51
415.63,43.51
415.64,43.51
415.66,43.51
415.67,43.52
415.69,43.52
415.70,43.52
415.72,43.52
415.73,43.52
415.75,43.52
415.76,43.52
415.78,43.53
415.79,43.53
415.80,43.53
415.82,43.53
415.83,43.53
415.85,43.53
415.86,43.53
415.88,43.54
415.89,43.54
415.91,43.54
415.92,43.54
415.94,43.54
415.95,43.54
415.97,43.54
415.98,43.53
416.00,43.54
416.01,43.53
416.03,43.53
416.04,43.53
416.06,43.53
416.07,43.53
416.08,43.53
416.10,43.53
416.11,43.53
416.13,43.53
416.14,43.53
416.16,43.53
416.17,43.53
416.19,43.53
416.20,43.53
416.22,43.53
416.23,43.53
416.25,43.53
416.26,43.53
416.28,43.53
416.29,43.53
416.31,43.53
416.32,43.53
416.33,43.53
416.35,43.53
416.36,43.53
416.38,43.53
416.39,43.53
416.41,43.53
416.42,43.53
416.44,43.53
416.45,43.53
416.47,43.53
416.48,43.53
416.50,43.53
416.51,43.53
416.53,43.53
416.54,43.53
416.56,43.53
416.57,43.53
416.58,43.53
416.60,43.53
416.61,43.53
416.63,43.53
416.64,43.53
416.66,43.53
416.67,43.53
416.69,43.53
416.70,43.52
416.72,43.52
416.73,43.52
416.75,43.52
416.76,43.52
416.78,43.52
416.79,43.52
416.81,43.52
416.82,43.52
416.83,43.52
416.85,43.52
416.86,43.51
416.88,43.51
416.89,43.51
416.91,43.51
416.92,43.51
416.94,43.51
416.95,43.51
416.97,43.51
416.98,43.51
417.00,43.51
417.01,43.51
417.03,43.51
417.04,43.50
417.06,43.50
417.07,43.50
417.08,43.50
417.10,43.50
417.11,43.50
417.13,43.50
417.14,43.50
417.16,43.50
417.17,43.50
417.19,43.50
417.20,43.49
417.22,43.49
417.23,43.49
417.25,43.49
417.26,43.49
417.28,43.49
417.29,43.49
417.31,43.49
417.32,43.49
417.33,43.49
417.35,43.49
417.36,43.49
417.38,43.49
417.39,43.49
417.41,43.49
417.42,43.49
417.44,43.50
417.45,43.50
417.47,43.50
417.48,43.50
417.50,43.50
417.51,43.50
417.53,43.50
417.54,43.51
417.56,43.51
417.57,43.51
417.59,43.51
417.60,43.51
417.61,43.51
417.63,43.52
417.64,43.52
417.66,43.52
417.67,43.52
417.69,43.52
417.70,43.52
417.72,43.52
417.73,43.53
417.75,43.53
417.76,43.53
417.78,43.53
417.79,43.53
417.81,43.53
417.82,43.53
417.84,43.54
417.85,43.54
417.86,43.54
417.88,43.54
417.89,43.54
417.91,43.54
417.92,43.54
417.94,43.55
417.95,43.55
417.97,43.55
417.98,43.55
418.00,43.55
418.01,43.55
418.03,43.55
418.04,43.55
418.06,43.55
418.07,43.55
418.09,43.54
418.10,43.54
418.11,43.54
418.13,43.54
418.14,43.54
418.16,43.54
418.17,43.54
418.19,43.54
418.20,43.54
418.22,43.54
418.23,43.54
418.25,43.54
418.26,43.53
418.28,43.53
418.29,43.53
418.31,43.53
418.32,43.53
418.34,43.53
418.35,43.53
418.36,43.53
418.38,43.53
418.39,43.53
418.41,43.53
418.42,43.52
418.44,43.52
418.45,43.52
418.47,43.52
418.48,43.52
418.50,43.52
418.51,43.52
418.53,43.52
418.54,43.52
418.56,43.52
418.57,43.52
418.59,43.52
418.60,43.51
418.61,43.51
418.63,43.51
418.64,43.51
418.66,43.51
418.67,43.51
418.69,43.51
418.70,43.51
418.72,43.51
418.73,43.51
418.75,43.51
418.76,43.50
418.78,43.50
418.79,43.50
418.81,43.50
418.82,43.50
418.84,43.50
418.85,43.50
418.86,43.50
418.88,43.50
418.89,43.50
418.91,43.50
418.92,43.50
418.94,43.50
418.95,43.50
418.97,43.50
418.98,43.50
419.00,43.50
419.01,43.50
419.03,43.50
419.04,43.50
419.06,43.50
419.07,43.50
419.09,43.50
419.10,43.49
419.12,43.49
419.13,43.49
419.14,43.49
419.16,43.49
419.17,43.49
419.19,43.49
419.20,43.49
419.22,43.49
419.23,43.49
419.25,43.49
419.26,43.49
419.28,43.49
419.29,43.49
419.31,43.49
419.32,43.49
419.34,43.49
419.35,43.49
419.37,43.49
419.38,43.49
419.39,43.49
419.41,43.49
419.42,43.49
419.44,43.49
419.45,43.49
419.47,43.49
419.48,43.49
419.50,43.49
419.51,43.49
419.53,43.49
419.54,43.49
419.56,43.50
419.57,43.50
419.59,43.50
419.60,43.50
419.62,43.50
419.63,43.50
419.64,43.50
419.66,43.51
419.67,43.51
419.69,43.51
419.70,43.51
419.72,43.51
419.73,43.51
419.75,43.51
419.76,43.52
419.78,43.52
419.79,43.52
419.81,43.52
419.82,43.52
419.84,43.52
419.85,43.53
419.87,43.53
419.88,43.53
419.89,43.53
419.91,43.53
419.92,43.53
419.94,43.53
419.95,43.54
419.97,43.54
419.98,43.54
420.00,43.54
420.01,43.54
420.03,43.54
420.04,43.54
420.06,43.54
420.07,43.54
420.09,43.54
420.10,43.54
420.12,43.54
420.13,43.54
420.14,43.54
420.16,43.54
420.17,43.54
420.19,43.54
420.20,43.54
420.22,43.54
420.23,43.54
420.25,43.54
420.26,43.54
420.28,43.54
420.29,43.54
420.31,43.54
420.32,43.54
420.34,43.54
420.35,43.54
420.37,43.54
420.38,43.54
420.39,43.54
420.41,43.54
420.42,43.54
420.44,43.54
420.45,43.54
420.47,43.54
420.48,43.54
420.50,43.54
420.51,43.54
420.53,43.54
420.54,43.54
420.56,43.55
420.57,43.55
420.59,43.55
420.60,43.55
420.62,43.55
420.63,43.55
420.65,43.56
420.66,43.56
420.67,43.56
420.69,43.56
420.70,43.56
420.72,43.56
420.73,43.56
420.75,43.57
420.76,43.57
420.78,43.57
420.79,43.57
420.81,43.57
420.82,43.57
420.84,43.57
420.85,43.58
420.87,43.58
420.88,43.58
420.90,43.58
420.91,43.58
420.92,43.58
420.94,43.59
420.95,43.59
420.97,43.59
420.98,43.59
421.00,43.59
421.01,43.59
421.03,43.59
421.04,43.60
421.06,43.60
421.07,43.60
421.09,43.60
421.10,43.60
421.12,43.60
421.13,43.60
421.15,43.61
421.16,43.61
421.17,43.61
421.19,43.61
421.20,43.61
421.22,43.61
421.23,43.61
421.25,43.62
421.26,43.62
421.28,43.62
421.29,43.62
421.31,43.62
421.32,43.62
421.34,43.63
421.35,43.63
421.37,43.63
421.38,43.63
421.40,43.63
421.41,43.63
421.42,43.63
421.44,43.64
421.45,43.64
421.47,43.64
421.48,43.64
421.50,43.64
421.51,43.64
421.53,43.64
421.54,43.65
421.56,43.65
421.57,43.65
421.59,43.65
421.60,43.65
421.62,43.65
421.63,43.65
421.65,43.66
421.66,43.66
421.67,43.66
421.69,43.66
421.70,43.66
421.72,43.66
421.73,43.67
421.75,43.67
421.76,43.67
421.78,43.67
421.79,43.67
421.81,43.67
421.82,43.67
421.84,43.67
421.85,43.67
421.87,43.67
421.88,43.67
421.90,43.67
421.91,43.67
421.92,43.67
421.94,43.67
421.95,43.67
421.97,43.67
421.98,43.66
422.00,43.66
422.01,43.66
422.03,43.66
422.04,43.66
422.06,43.66
422.07,43.66
422.09,43.66
422.10,43.66
422.12,43.66
422.13,43.66
422.15,43.65
422.16,43.65
422.18,43.65
422.19,43.65
422.20,43.65
422.22,43.65
422.23,43.65
422.25,43.65
422.26,43.65
422.28,43.65
422.29,43.65
422.31,43.65
422.32,43.65
422.34,43.65
422.35,43.65
422.37,43.65
422.38,43.65
422.40,43.65
422.41,43.65
422.43,43.65
422.44,43.64
422.45,43.64
422.47,43.64
422.48,43.64
422.50,43.64
422.51,43.64
422.53,43.64
422.54,43.64
422.56,43.64
422.57,43.64
422.59,43.64
422.60,43.64
422.62,43.64
422.63,43.64
422.65,43.64
422.66,43.64
422.68,43.64
422.69,43.64
422.70,43.64
422.72,43.64
422.73,43.64
422.75,43.64
422.76,43.64
422.78,43.64
422.79,43.64
422.81,43.64
422.82,43.64
422.84,43.64
422.85,43.64
422.87,43.64
422.88,43.64
422.90,43.64
422.91,43.64
422.93,43.64
422.94,43.64
422.95,43.64
422.97,43.64
422.98,43.64
423.00,43.64
423.01,43.64
423.03,43.64
423.04,43.64
423.06,43.64
423.07,43.64
423.09,43.63
423.10,43.63
423.12,43.64
423.13,43.64
423.15,43.64
423.16,43.64
423.18,43.64
423.19,43.64
423.20,43.64
423.22,43.65
423.23,43.65
423.25,43.65
423.26,43.65
423.28,43.65
423.29,43.65
423.31,43.65
423.32,43.66
423.34,43.66
423.35,43.66
423.37,43.66
423.38,43.66
423.40,43.66
423.41,43.66
423.43,43.66
423.44,43.66
423.45,43.66
423.47,43.66
423.48,43.66
423.50,43.66
423.51,43.66
423.53,43.66
423.54,43.66
423.56,43.66
423.57,43.66
423.59,43.66
423.60,43.66
423.62,43.66
423.63,43.66
423.65,43.66
423.66,43.66
423.68,43.66
423.69,43.66
423.71,43.66
423.72,43.66
423.73,43.66
423.75,43.66
423.76,43.66
423.78,43.66
423.79,43.66
423.81,43.66
423.82,43.65
423.84,43.65
423.85,43.65
423.87,43.65
423.88,43.65
423.90,43.65
423.91,43.65
423.93,43.65
423.94,43.65
423.96,43.65
423.97,43.65
423.98,43.64
424.00,43.64
424.01,43.64
424.03,43.64
424.04,43.64
424.06,43.64
424.07,43.64
424.09,43.64
424.10,43.64
424.12,43.64
424.13,43.64
424.15,43.64
424.16,43.63
424.18,43.64
424.19,43.64
424.21,43.64
424.22,43.64
424.23,43.64
424.25,43.64
424.26,43.65
424.28,43.65
424.29,43.65
424.31,43.65
424.32,43.65
424.34,43.65
424.35,43.65
424.37,43.66
424.38,43.66
424.40,43.66
424.41,43.66
424.43,43.66
424.44,43.66
424.46,43.66
424.47,43.67
424.48,43.67
424.50,43.67
424.51,43.67
424.53,43.67
424.54,43.67
424.56,43.67
424.57,43.68
424.59,43.68
424.60,43.68
424.62,43.68
424.63,43.68
424.65,43.68
424.66,43.69
424.68,43.69
424.69,43.69
424.71,43.69
424.72,43.69
424.73,43.69
424.75,43.69
424.76,43.70
424.78,43.70
424.79,43.70
424.81,43.70
424.82,43.70
424.84,43.70
424.85,43.70
424.87,43.71
424.88,43.71
424.90,43.71
424.91,43.71
424.93,43.71
424.94,43.71
424.96,43.71
424.97,43.72
424.98,43.72
425.00,43.72
425.01,43.72
425.03,43.72
425.04,43.72
425.06,43.73
425.07,43.73
425.09,43.73
425.10,43.73
425.12,43.73
425.13,43.73
425.15,43.73
425.16,43.74
425.18,43.74
425.19,43.74
425.21,43.74
425.22,43.74
425.24,43.74
425.25,43.74
425.26,43.75
425.28,43.75
425.29,43.75
425.31,43.75
425.32,43.75
425.34,43.75
425.35,43.75
425.37,43.76
425.38,43.76
425.40,43.76
425.41,43.76
425.43,43.76
425.44,43.76
425.46,43.77
425.47,43.77
425.49,43.77
425.50,43.77
425.51,43.77
425.53,43.77
425.54,43.77
425.56,43.77
425.57,43.77
425.59,43.77
425.60,43.77
425.62,43.76
425.63,43.76
425.65,43.76
425.66,43.76
425.68,43.76
425.69,43.76
425.71,43.76
425.72,43.76
425.74,43.76
425.75,43.76
425.76,43.76
425.78,43.75
425.79,43.75
425.81,43.75
425.82,43.75
425.84,43.75
425.85,43.75
425.87,43.75
425.88,43.75
425.90,43.75
425.91,43.75
425.93,43.75
425.94,43.74
425.96,43.74
425.97,43.74
425.99,43.74
426.00,43.74
426.01,43.74
426.03,43.74
426.04,43.74
426.06,43.74
426.07,43.74
426.09,43.74
426.10,43.74
426.12,43.73
426.13,43.73
426.15,43.73
426.16,43.73
426.18,43.73
426.19,43.73
426.21,43.73
426.22,43.73
426.24,43.73
426.25,43.73
426.26,43.73
426.28,43.72
426.29,43.72
426.31,43.72
426.32,43.72
426.34,43.72
426.35,43.72
426.37,43.72
426.38,43.72
426.40,43.72
426.41,43.72
426.43,43.72
426.44,43.71
426.46,43.71
426.47,43.71
426.49,43.71
426.50,43.71
426.51,43.71
426.53,43.71
426.54,43.71
426.56,43.71
426.57,43.71
426.59,43.71
426.60,43.70
426.62,43.70
426.63,43.70
426.65,43.70
426.66,43.70
426.68,43.70
426.69,43.70
426.71,43.70
426.72,43.70
426.74,43.70
426.75,43.70
426.77,43.70
426.78,43.70
426.79,43.70
426.81,43.70
426.82,43.70
426.84,43.70
426.85,43.70
426.87,43.69
426.88,43.69
426.90,43.69
426.91,43.69
426.93,43.69
426.94,43.69
426.96,43.69
426.97,43.69
426.99,43.69
427.00,43.69
427.02,43.69
427.03,43.69
427.04,43.69
427.06,43.69
427.07,43.69
427.09,43.69
427.10,43.69
427.12,43.69
427.13,43.69
427.15,43.69
427.16,43.69
427.18,43.69
427.19,43.69
427.21,43.69
427.22,43.69
427.24,43.69
427.25,43.69
427.27,43.69
427.28,43.69
427.29,43.69
427.31,43.69
427.32,43.69
427.34,43.69
427.35,43.69
427.37,43.69
427.38,43.69
427.40,43.69
427.41,43.69
427.43,43.69
427.44,43.69
427.46,43.69
427.47,43.69
427.49,43.69
427.50,43.69
427.52,43.69
427.53,43.69
427.54,43.69
427.56,43.69
427.57,43.69
427.59,43.69
427.60,43.69
427.62,43.69
427.63,43.68
427.65,43.68
427.66,43.68
427.68,43.68
427.69,43.68
427.71,43.68
427.72,43.68
427.74,43.68
427.75,43.68
427.77,43.68
427.78,43.68
427.79,43.67
427.81,43.67
427.82,43.67
427.84,43.67
427.85,43.67
427.87,43.67
427.88,43.67
427.90,43.67
427.91,43.67
427.93,43.67
427.94,43.67
427.96,43.67
427.97,43.67
427.99,43.68
428.00,43.68
428.02,43.68
428.03,43.68
428.04,43.68
428.06,43.68
428.07,43.68
428.09,43.69
428.10,43.69
428.12,43.69
428.13,43.69
428.15,43.69
428.16,43.69
428.18,43.69
428.19,43.70
428.21,43.70
428.22,43.70
428.24,43.70
428.25,43.70
428.27,43.70
428.28,43.70
428.29,43.71
428.31,43.71
428.32,43.71
428.34,43.71
428.35,43.71
428.37,43.71
428.38,43.72
428.40,43.72
428.41,43.72
428.43,43.72
428.44,43.72
428.46,43.72
428.47,43.72
428.49,43.73
428.50,43.73
428.52,43.73
428.53,43.73
428.55,43.73
428.56,43.73
428.57,43.73
428.59,43.74
428.60,43.74
428.62,43.74
428.63,43.74
428.65,43.74
428.66,43.74
428.68,43.74
428.69,43.75
428.71,43.75
428.72,43.75
428.74,43.75
428.75,43.75
428.77,43.75
428.78,43.75
428.80,43.75
428.81,43.75
428.82,43.75
428.84,43.75
428.85,43.75
428.87,43.75
428.88,43.75
428.90,43.75
428.91,43.75
428.93,43.75
428.94,43.75
428.96,43.75
428.97,43.75
428.99,43.75
429.00,43.75
429.02,43.75
429.03,43.75
429.05,43.75
429.06,43.75
429.07,43.75
429.09,43.75
429.10,43.75
429.12,43.75
429.13,43.75
429.15,43.75
429.16,43.75
429.18,43.75
429.19,43.75
429.21,43.75
429.22,43.75
429.24,43.75
429.25,43.75
429.27,43.75
429.28,43.75
429.30,43.75
429.31,43.75
429.32,43.74
429.34,43.74
429.35,43.74
429.37,43.74
429.38,43.74
429.40,43.74
429.41,43.74
429.43,43.74
429.44,43.74
429.46,43.74
429.47,43.74
429.49,43.74
429.50,43.74
429.52,43.74
429.53,43.74
429.55,43.74
429.56,43.74
429.57,43.74
429.59,43.73
429.60,43.73
429.62,43.73
429.63,43.73
429.65,43.73
429.66,43.73
429.68,43.73
429.69,43.73
429.71,43.73
429.72,43.73
429.74,43.73
429.75,43.73
429.77,43.73
429.78,43.73
429.80,43.73
429.81,43.73
429.82,43.73
429.84,43.73
429.85,43.73
429.87,43.73
429.88,43.73
429.90,43.73
429.91,43.73
429.93,43.73
429.94,43.73
429.96,43.73
429.97,43.73
429.99,43.73
430.00,43.73
430.02,43.73
430.03,43.73
430.05,43.73
430.06,43.72
430.08,43.72
430.09,43.72
430.10,43.72
430.12,43.72
430.13,43.72
430.15,43.72
430.16,43.72
430.18,43.72
430.19,43.72
430.21,43.72
430.22,43.72
430.24,43.72
430.25,43.72
430.27,43.72
430.28,43.72
430.30,43.72
430.31,43.72
430.33,43.72
430.34,43.72
430.35,43.72
430.37,43.72
430.38,43.72
430.40,43.72
430.41,43.73
430.43,43.73
430.44,43.73
430.46,43.73
430.47,43.73
430.49,43.73
430.50,43.73
430.52,43.74
430.53,43.74
430.55,43.74
430.56,43.74
430.58,43.74
430.59,43.74
430.60,43.75
430.62,43.75
430.63,43.75
430.65,43.75
430.66,43.75
430.68,43.75
430.69,43.75
430.71,43.76
430.72,43.76
430.74,43.76
430.75,43.76
430.77,43.76
430.78,43.76
430.80,43.76
430.81,43.77
430.83,43.77
430.84,43.77
430.85,43.77
430.87,43.77
430.88,43.77
430.90,43.77
430.91,43.78
430.93,43.78
430.94,43.78
430.96,43.78
430.97,43.78
430.99,43.78
431.00,43.79
431.02,43.79
431.03,43.79
431.05,43.79
431.06,43.79
431.08,43.79
431.09,43.79
431.10,43.80
431.12,43.80
431.13,43.80
431.15,43.80
431.16,43.80
431.18,43.80
431.19,43.80
431.21,43.81
431.22,43.81
431.24,43.81
431.25,43.81
431.27,43.81
431.28,43.81
431.30,43.81
431.31,43.82
431.33,43.82
431.34,43.82
431.35,43.82
431.37,43.82
431.38,43.82
431.40,43.82
431.41,43.83
431.43,43.83
431.44,43.83
431.46,43.83
431.47,43.83
431.49,43.83
431.50,43.84
431.52,43.84
431.53,43.84
431.55,43.84
431.56,43.84
431.58,43.84
431.59,43.84
431.61,43.85
431.62,43.85
431.63,43.85
431.65,43.85
431.66,43.85
431.68,43.85
431.69,43.85
431.71,43.85
431.72,43.85
431.74,43.85
431.75,43.85
431.77,43.85
431.78,43.85
431.80,43.85
431.81,43.85
431.83,43.85
431.84,43.85
431.86,43.85
431.87,43.85
431.88,43.85
431.90,43.85
431.91,43.85
431.93,43.85
431.94,43.85
431.96,43.85
431.97,43.85
431.99,43.85
432.00,43.85
432.02,43.85
432.03,43.85
432.05,43.85
432.06,43.85
432.08,43.85
432.09,43.85
432.11,43.85
432.12,43.85
432.13,43.85
432.15,43.85
432.16,43.85
432.18,43.85
432.19,43.85
432.21,43.85
432.22,43.85
432.24,43.85
432.25,43.85
432.27,43.84
432.28,43.84
432.30,43.84
432.31,43.84
432.33,43.84
432.34,43.84
432.36,43.84
432.37,43.84
432.38,43.84
432.40,43.84
432.41,43.84
432.43,43.83
432.44,43.83
432.46,43.83
432.47,43.83
432.49,43.83
432.50,43.83
432.52,43.83
432.53,43.83
432.55,43.83
432.56,43.83
432.58,43.83
432.59,43.82
432.61,43.82
432.62,43.82
432.63,43.82
432.65,43.82
432.66,43.82
432.68,43.82
432.69,43.82
432.71,43.82
432.72,43.82
432.74,43.82
432.75,43.82
432.77,43.83
432.78,43.83
432.80,43.83
432.81,43.83
432.83,43.83
432.84,43.83
432.86,43.84
432.87,43.84
432.88,43.84
432.90,43.84
432.91,43.84
432.93,43.84
432.94,43.84
432.96,43.85
432.97,43.85
432.99,43.85
433.00,43.85
433.02,43.85
433.03,43.85
433.05,43.85
433.06,43.86
433.08,43.86
433.09,43.86
433.11,43.86
433.12,43.86
433.14,43.86
433.15,43.86
433.16,43.87
433.18,43.87
433.19,43.87
433.21,43.87
433.22,43.87
433.24,43.87
433.25,43.87
433.27,43.88
433.28,43.88
433.30,43.88
433.31,43.88
433.33,43.88
433.34,43.88
433.36,43.88
433.37,43.89
433.39,43.89
433.40,43.89
433.41,43.89
433.43,43.89
433.44,43.89
433.46,43.90
433.47,43.90
433.49,43.90
433.50,43.90
433.52,43.90
433.53,43.90
433.55,43.90
433.56,43.91
433.58,43.91
433.59,43.91
433.61,43.91
433.62,43.91
433.64,43.91
433.65,43.91
433.66,43.92
433.68,43.92
433.69,43.92
433.71,43.92
433.72,43.92
433.74,43.91
433.75,43.91
433.77,43.91
433.78,43.91
433.80,43.91
433.81,43.91
433.83,43.91
433.84,43.91
433.86,43.91
433.87,43.91
433.89,43.91
433.90,43.91
433.91,43.91
433.93,43.91
433.94,43.91
433.96,43.91
433.97,43.91
433.99,43.91
434.00,43.91
434.02,43.91
434.03,43.91
434.05,43.91
434.06,43.91
434.08,43.91
434.09,43.91
434.11,43.91
434.12,43.91
434.14,43.91
434.15,43.91
434.16,43.91
434.18,43.91
434.19,43.91
434.21,43.91
434.22,43.91
434.24,43.91
434.25,43.91
434.27,43.91
434.28,43.91
434.30,43.91
434.31,43.91
434.33,43.91
434.34,43.91
434.36,43.91
434.37,43.91
434.39,43.91
434.40,43.91
434.41,43.91
434.43,43.90
434.44,43.90
434.46,43.90
434.47,43.90
434.49,43.90
434.50,43.90
434.52,43.90
434.53,43.90
434.55,43.90
434.56,43.90
434.58,43.90
434.59,43.89
434.61,43.89
434.62,43.90
434.64,43.90
434.65,43.90
434.67,43.90
434.68,43.90
434.69,43.90
434.71,43.90
434.72,43.91
434.74,43.91
434.75,43.91
434.77,43.91
434.78,43.91
434.80,43.91
434.81,43.91
434.83,43.92
434.84,43.92
434.86,43.92
434.87,43.92
434.89,43.92
434.90,43.92
434.92,43.92
434.93,43.93
434.94,43.93
434.96,43.93
434.97,43.93
434.99,43.93
435.00,43.93
435.02,43.93
435.03,43.94
435.05,43.94
435.06,43.94
435.08,43.94
435.09,43.94
435.11,43.94
435.12,43.95
435.14,43.95
435.15,43.95
435.17,43.95
435.18,43.95
435.19,43.95
435.21,43.95
435.22,43.95
435.24,43.95
435.25,43.95
435.27,43.95
435.28,43.95
435.30,43.95
435.31,43.95
435.33,43.95
435.34,43.95
435.36,43.96
435.37,43.96
435.39,43.96
435.40,43.96
435.42,43.96
435.43,43.96
435.44,43.96
435.46,43.96
435.47,43.96
435.49,43.96
435.50,43.96
435.52,43.96
435.53,43.96
435.55,43.96
435.56,43.96
435.58,43.96
435.59,43.96
435.61,43.97
435.62,43.97
435.64,43.97
435.65,43.97
435.67,43.97
435.68,43.97
435.69,43.97
435.71,43.97
435.72,43.97
435.74,43.97
435.75,43.97
435.77,43.97
435.78,43.97
435.80,43.97
435.81,43.97
435.83,43.97
435.84,43.97
435.86,43.97
435.87,43.98
435.89,43.98
435.90,43.98
435.92,43.98
435.93,43.98
435.94,43.98
435.96,43.98
435.97,43.98
435.99,43.98
436.00,43.98
436.02,43.98
436.03,43.98
436.05,43.98
436.06,43.97
436.08,43.97
436.09,43.97
436.11,43.97
436.12,43.97
436.14,43.97
436.15,43.97
436.17,43.97
436.18,43.97
436.20,43.97
436.21,43.97
436.22,43.96
436.24,43.96
436.25,43.96
436.27,43.96
436.28,43.96
436.30,43.96
436.31,43.96
436.33,43.96
436.34,43.96
436.36,43.96
436.37,43.96
436.39,43.95
436.40,43.95
436.42,43.95
436.43,43.95
436.45,43.95
436.46,43.95
436.47,43.95
436.49,43.95
436.50,43.95
436.52,43.95
436.53,43.95
436.55,43.94
436.56,43.94
436.58,43.94
436.59,43.94
436.61,43.94
436.62,43.94
436.64,43.94
436.65,43.94
436.67,43.94
436.68,43.94
436.70,43.94
436.71,43.93
436.72,43.93
436.74,43.93
436.75,43.93
436.77,43.93
436.78,43.93
436.80,43.93
436.81,43.93
436.83,43.93
436.84,43.93
436.86,43.92
436.87,43.92
436.89,43.92
436.90,43.92
436.92,43.92
436.93,43.92
436.95,43.92
436.96,43.92
436.97,43.92
436.99,43.92
437.00,43.92
437.02,43.91
437.03,43.91
437.05,43.91
437.06,43.91
437.08,43.91
437.09,43.91
437.11,43.91
437.12,43.91
437.14,43.91
437.15,43.91
437.17,43.91
437.18,43.90
437.20,43.90
437.21,43.90
437.22,43.90
437.24,43.90
437.25,43.90
437.27,43.90
437.28,43.90
437.30,43.90
437.31,43.90
437.33,43.90
437.34,43.89
437.36,43.89
437.37,43.89
437.39,43.89
437.40,43.89
437.42,43.89
437.43,43.89
437.45,43.89
437.46,43.89
437.47,43.89
437.49,43.89
437.50,43.88
437.52,43.88
437.53,43.88
437.55,43.88
437.56,43.88
437.58,43.88
437.59,43.88
437.61,43.88
437.62,43.88
437.64,43.88
437.65,43.88
437.67,43.87
437.68,43.87
437.70,43.87
437.71,43.87
437.73,43.87
437.74,43.87
437.75,43.87
437.77,43.87
437.78,43.87
437.80,43.87
437.81,43.87
437.83,43.87
437.84,43.87
437.86,43.87
437.87,43.87
437.89,43.87
437.90,43.87
437.92,43.87
437.93,43.87
437.95,43.87
437.96,43.87
437.98,43.87
437.99,43.87
438.00,43.87
438.02,43.87
438.03,43.87
438.05,43.87
438.06,43.87
438.08,43.87
438.09,43.87
438.11,43.87
438.12,43.87
438.14,43.87
438.15,43.87
438.17,43.87
438.18,43.87
438.20,43.87
438.21,43.87
438.23,43.87
438.24,43.87
438.25,43.87
438.27,43.87
438.28,43.87
438.30,43.87
438.31,43.87
438.33,43.87
438.34,43.87
438.36,43.87
438.37,43.87
438.39,43.87
438.40,43.87
438.42,43.87
438.43,43.87
438.45,43.87
438.46,43.87
438.48,43.87
438.49,43.86
438.50,43.86
438.52,43.86
438.53,43.86
438.55,43.86
438.56,43.86
438.58,43.86
438.59,43.86
438.61,43.86
438.62,43.86
438.64,43.86
438.65,43.86
438.67,43.86
438.68,43.86
438.70,43.86
438.71,43.86
438.73,43.86
438.74,43.86
438.75,43.86
438.77,43.86
438.78,43.86
438.80,43.86
438.81,43.86
438.83,43.86
438.84,43.86
438.86,43.86
438.87,43.86
438.89,43.86
438.90,43.86
438.92,43.86
438.93,43.86
438.95,43.86
438.96,43.86
438.98,43.86
438.99,43.86
439.00,43.86
439.02,43.86
439.03,43.86
439.05,43.86
439.06,43.86
439.08,43.87
439.09,43.87
439.11,43.87
439.12,43.87
439.14,43.87
439.15,43.87
439.17,43.88
439.18,43.88
439.20,43.88
439.21,43.88
439.23,43.88
439.24,43.88
439.26,43.88
439.27,43.89
439.28,43.89
439.30,43.89
439.31,43.89
439.33,43.89
439.34,43.89
439.36,43.89
439.37,43.90
439.39,43.90
439.40,43.90
439.42,43.90
439.43,43.90
439.45,43.90
439.46,43.90
439.48,43.91
439.49,43.91
439.51,43.91
439.52,43.91
439.53,43.91
439.55,43.91
439.56,43.91
439.58,43.92
439.59,43.92
439.61,43.92
439.62,43.92
439.64,43.92
439.65,43.92
439.67,43.92
439.68,43.93
439.70,43.93
439.71,43.93
439.73,43.93
439.74,43.93
439.76,43.93
439.77,43.94
439.78,43.94
439.80,43.94
439.81,43.94
439.83,43.94
439.84,43.94
439.86,43.94
439.87,43.95
439.89,43.95
439.90,43.95
439.92,43.95
439.93,43.95
439.95,43.95
439.96,43.95
439.98,43.96
439.99,43.96
440.01,43.96
440.02,43.96
440.03,43.96
440.05,43.96
440.06,43.96
440.08,43.97
440.09,43.97
440.11,43.97
440.12,43.97
440.14,43.97
440.15,43.97
440.17,43.97
440.18,43.98
440.20,43.98
440.21,43.98
440.23,43.98
440.24,43.98
440.26,43.98
440.27,43.98
440.28,43.99
440.30,43.99
440.31,43.99
440.33,43.99
440.34,43.99
440.36,43.99
440.37,44.00
440.39,44.00
440.40,44.00
440.42,44.00
440.43,44.00
440.45,44.00
440.46,44.00
440.48,44.01
440.49,44.01
440.51,44.01
440.52,44.01
440.53,44.01
440.55,44.01
440.56,44.01
440.58,44.01
440.59,44.01
440.61,44.01
440.62,44.01
440.64,44.01
440.65,44.01
440.67,44.01
440.68,44.01
440.70,44.01
440.71,44.01
440.73,44.01
440.74,44.01
440.76,44.01
440.77,44.00
440.79,44.00
440.80,44.00
440.81,44.00
440.83,44.00
440.84,44.00
440.86,44.00
440.87,44.00
440.89,44.00
440.90,44.00
440.92,44.00
440.93,43.99
440.95,43.99
440.96,43.99
440.98,43.99
440.99,43.99
441.01,43.99
441.02,43.99
441.04,43.99
441.05,43.99
441.06,43.99
441.08,43.98
441.09,43.98
441.11,43.98
441.12,43.98
441.14,43.98
441.15,43.98
441.17,43.98
441.18,43.98
441.20,43.98
441.21,43.98
441.23,43.98
441.24,43.97
441.26,43.97
441.27,43.97
441.29,43.97
441.30,43.97
441.31,43.97
441.33,43.97
441.34,43.97
441.36,43.97
441.37,43.97
441.39,43.97
441.40,43.96
441.42,43.96
441.43,43.96
441.45,43.96
441.46,43.96
441.48,43.96
441.49,43.96
441.51,43.96
441.52,43.96
441.54,43.96
441.55,43.96
441.56,43.96
441.58,43.96
441.59,43.96
441.61,43.96
441.62,43.96
441.64,43.96
441.65,43.96
441.67,43.96
441.68,43.96
441.70,43.96
441.71,43.96
441.73,43.96
441.74,43.96
441.76,43.96
441.77,43.96
441.79,43.96
441.80,43.95
441.81,43.95
441.83,43.95
441.84,43.95
441.86,43.95
441.87,43.95
441.89,43.95
441.90,43.95
441.92,43.95
441.93,43.95
441.95,43.95
441.96,43.95
441.98,43.95
441.99,43.95
442.01,43.95
442.02,43.95
442.04,43.95
442.05,43.95
442.06,43.95
442.08,43.95
442.09,43.95
442.11,43.95
442.12,43.95
442.14,43.95
442.15,43.95
442.17,43.95
442.18,43.95
442.20,43.95
442.21,43.95
442.23,43.95
442.24,43.95
442.26,43.95
442.27,43.95
442.29,43.95
442.30,43.96
442.32,43.96
442.33,43.96
442.34,43.96
442.36,43.96
442.37,43.96
442.39,43.96
442.40,43.97
442.42,43.97
442.43,43.97
442.45,43.97
442.46,43.97
442.48,43.97
442.49,43.97
442.51,43.98
442.52,43.98
442.54,43.98
442.55,43.98
442.57,43.98
442.58,43.98
442.59,43.98
442.61,43.99
442.62,43.99
442.64,43.99
442.65,43.99
442.67,43.99
442.68,43.99
442.70,43.99
442.71,44.00
442.73,44.00
442.74,44.00
442.76,44.00
442.77,44.00
442.79,44.00
442.80,44.00
442.82,44.01
442.83,44.01
442.84,44.01
442.86,44.01
442.87,44.01
442.89,44.01
442.90,44.01
442.92,44.01
442.93,44.01
442.95,44.01
442.96,44.01
442.98,44.01
442.99,44.01
443.01,44.01
443.02,44.01
443.04,44.01
443.05,44.01
443.07,44.01
443.08,44.01
443.09,44.01
443.11,44.01
443.12,44.01
443.14,44.00
443.15,44.00
443.17,44.00
443.18,44.00
443.20,44.00
443.21,44.00
443.23,44.00
443.24,44.00
443.26,44.00
443.27,44.00
443.29,44.00
443.30,44.00
443.32,44.00
443.33,44.00
443.34,44.00
443.36,44.00
443.37,44.00
443.39,44.00
443.40,44.00
443.42,44.00
443.43,44.00
443.45,44.00
443.46,44.00
443.48,43.99
443.49,43.99
443.51,43.99
443.52,43.99
443.54,43.99
443.55,43.99
443.57,43.99
443.58,43.99
443.59,43.99
443.61,43.99
443.62,43.99
443.64,43.98
443.65,43.98
443.67,43.98
443.68,43.98
443.70,43.98
443.71,43.98
443.73,43.98
443.74,43.98
443.76,43.98
443.77,43.98
443.79,43.98
443.80,43.98
443.82,43.98
443.83,43.98
443.85,43.98
443.86,43.99
443.87,43.99
443.89,43.99
443.90,43.99
443.92,43.99
443.93,43.99
443.95,43.99
443.96,44.00
443.98,44.00
443.99,44.00
444.01,44.00
444.02,44.00
444.04,44.00
444.05,44.00
444.07,44.00
444.08,44.00
444.10,44.00
444.11,44.00
444.12,44.00
444.14,44.00
444.15,44.00
444.17,44.00
444.18,44.00
444.20,44.00
444.21,44.00
444.23,44.00
444.24,44.00
444.26,44.00
444.27,44.00
444.29,44.00
444.30,44.00
444.32,44.00
444.33,44.00
444.35,44.00
444.36,44.00
444.37,44.00
444.39,44.00
444.40,44.00
444.42,44.00
444.43,44.00
444.45,44.00
444.46,44.00
444.48,44.00
444.49,44.00
444.51,44.00
444.52,43.99
444.54,43.99
444.55,43.99
444.57,43.99
444.58,43.99
444.60,43.99
444.61,43.99
444.62,43.99
444.64,43.99
444.65,43.99
444.67,43.99
444.68,43.98
444.70,43.98
444.71,43.98
444.73,43.98
444.74,43.98
444.76,43.98
444.77,43.98
444.79,43.98
444.80,43.98
444.82,43.99
444.83,43.99
444.85,43.99
444.86,43.99
444.87,43.99
444.89,43.99
444.90,44.00
444.92,44.00
444.93,44.00
444.95,44.00
444.96,44.00
444.98,44.00
444.99,44.00
445.01,44.01
445.02,44.01
445.04,44.01
445.05,44.01
445.07,44.01
445.08,44.01
445.10,44.01
445.11,44.02
445.12,44.02
445.14,44.02
445.15,44.02
445.17,44.02
445.18,44.02
445.20,44.02
445.21,44.03
445.23,44.03
445.24,44.03
445.26,44.03
445.27,44.03
445.29,44.03
445.30,44.03
445.32,44.03
445.33,44.03
445.35,44.03
445.36,44.03
445.38,44.03
445.39,44.03
445.40,44.03
445.42,44.03
445.43,44.03
445.45,44.03
445.46,44.03
445.48,44.03
445.49,44.03
445.51,44.03
445.52,44.03
445.54,44.03
445.55,44.03
445.57,44.03
445.58,44.03
445.60,44.03
445.61,44.03
445.63,44.03
445.64,44.03
445.65,44.03
445.67,44.03
445.68,44.03
445.70,44.03
445.71,44.02
445.73,44.02
445.74,44.02
445.76,44.02
445.77,44.02
445.79,44.02
445.80,44.02
445.82,44.02
445.83,44.02
445.85,44.02
445.86,44.02
445.88,44.01
445.89,44.01
445.90,44.01
445.92,44.01
445.93,44.01
445.95,44.01
445.96,44.01
445.98,44.01
445.99,44.01
446.01,44.01
446.02,44.01
446.04,44.01
446.05,44.01
446.07,44.01
446.08,44.01
446.10,44.01
446.11,44.01
446.13,44.02
446.14,44.02
446.15,44.02
446.17,44.02
446.18,44.02
446.20,44.02
446.21,44.02
446.23,44.03
446.24,44.03
446.26,44.03
446.27,44.03
446.29,44.03
446.30,44.03
446.32,44.03
446.33,44.04
446.35,44.04
446.36,44.04
446.38,44.04
446.39,44.04
446.40,44.04
446.42,44.04
446.43,44.05
446.45,44.05
446.46,44.05
446.48,44.05
446.49,44.05
446.51,44.05
446.52,44.05
446.54,44.06
446.55,44.06
446.57,44.06
446.58,44.06
446.60,44.06
446.61,44.06
446.63,44.07
446.64,44.07
446.65,44.07
446.67,44.07
446.68,44.07
446.70,44.07
446.71,44.07
446.73,44.07
446.74,44.07
446.76,44.07
446.77,44.07
446.79,44.07
446.80,44.07
446.82,44.07
446.83,44.07
446.85,44.07
446.86,44.08
446.88,44.08
446.89,44.08
446.91,44.08
446.92,44.08
446.93,44.08
446.95,44.08
446.96,44.08
446.98,44.08
446.99,44.08
447.01,44.08
447.02,44.08
447.04,44.08
447.05,44.08
447.07,44.08
447.08,44.08
447.10,44.08
447.11,44.08
447.13,44.09
447.14,44.09
447.16,44.09
447.17,44.09
447.18,44.09
447.20,44.09
447.21,44.09
447.23,44.09
447.24,44.09
447.26,44.09
447.27,44.09
447.29,44.09
447.30,44.09
447.32,44.09
447.33,44.09
447.35,44.09
447.36,44.09
447.38,44.09
447.39,44.09
447.41,44.09
447.42,44.09
447.43,44.09
447.45,44.09
447.46,44.09
447.48,44.09
447.49,44.09
447.51,44.09
447.52,44.08
447.54,44.08
447.55,44.08
447.57,44.08
447.58,44.08
447.60,44.08
447.61,44.08
447.63,44.08
447.64,44.08
447.66,44.08
447.67,44.08
447.68,44.07
447.70,44.07
447.71,44.07
447.73,44.07
447.74,44.07
447.76,44.07
447.77,44.07
447.79,44.07
447.80,44.07
447.82,44.07
447.83,44.06
447.85,44.06
447.86,44.06
447.88,44.06
447.89,44.06
447.91,44.06
447.92,44.06
447.93,44.06
447.95,44.06
447.96,44.06
447.98,44.06
447.99,44.05
448.01,44.05
448.02,44.05
448.04,44.05
448.05,44.05
448.07,44.05
448.08,44.05
448.10,44.05
448.11,44.05
448.13,44.05
448.14,44.05
448.16,44.04
448.17,44.04
448.18,44.04
448.20,44.04
448.21,44.04
448.23,44.04
448.24,44.04
448.26,44.04
448.27,44.04
448.29,44.04
448.30,44.04
448.32,44.03
448.33,44.03
448.35,44.03
448.36,44.03
448.38,44.03
448.39,44.03
448.41,44.03
448.42,44.03
448.43,44.03
448.45,44.03
448.46,44.02
448.48,44.02
448.49,44.02
448.51,44.02
448.52,44.02
448.54,44.02
448.55,44.02
448.57,44.02
448.58,44.02
448.60,44.02
448.61,44.02
448.63,44.01
448.64,44.01
448.66,44.01
448.67,44.01
448.69,44.01
448.70,44.01
448.71,44.01
448.73,44.01
448.74,44.01
448.76,44.01
448.77,44.01
448.79,44.00
448.80,44.00
448.82,44.00
448.83,44.00
448.85,44.00
448.86,44.00
448.88,44.00
448.89,44.00
448.91,44.00
448.92,44.00
448.94,44.00
448.95,43.99
448.96,43.99
448.98,43.99
448.99,43.99
449.01,43.99
449.02,43.99
449.04,43.99
449.05,43.99
449.07,43.99
449.08,43.99
449.10,43.99
449.11,43.98
449.13,43.98
449.14,43.98
449.16,43.98
449.17,43.98
449.19,43.98
449.20,43.98
449.21,43.98
449.23,43.98
449.24,43.98
449.26,43.98
449.27,43.97
449.29,43.97
449.30,43.97
449.32,43.97
449.33,43.97
449.35,43.97
449.36,43.97
449.38,43.97
449.39,43.97
449.41,43.97
449.42,43.97
449.44,43.96
449.45,43.96
449.46,43.96
449.48,43.96
449.49,43.96
449.51,43.96
449.52,43.96
449.54,43.96
449.55,43.96
449.57,43.96
449.58,43.95
449.60,43.95
449.61,43.95
449.63,43.95
449.64,43.95
449.66,43.95
449.67,43.95
449.69,43.95
449.70,43.95
449.71,43.95
449.73,43.95
449.74,43.94
449.76,43.94
449.77,43.94
449.79,43.94
449.80,43.94
449.82,43.94
449.83,43.94
449.85,43.94
449.86,43.94
449.88,43.94
449.89,43.94
449.91,43.93
449.92,43.93
449.94,43.93
449.95,43.93
449.96,43.93
449.98,43.93
449.99,43.93
450.01,43.93
450.02,43.93
450.04,43.93
450.05,43.93
450.07,43.92
450.08,43.92
450.10,43.92
450.11,43.92
450.13,43.92
450.14,43.92
450.16,43.92
450.17,43.92
450.19,43.92
450.20,43.92
450.22,43.92
450.23,43.91
450.24,43.91
450.26,43.91
450.27,43.91
450.29,43.91
450.30,43.91
450.32,43.91
450.33,43.91
450.35,43.91
450.36,43.91
450.38,43.91
450.39,43.90
450.41,43.90
450.42,43.90
450.44,43.90
450.45,43.90
450.47,43.90
450.48,43.90
450.49,43.90
450.51,43.90
450.52,43.90
450.54,43.90
450.55,43.89
450.57,43.89
450.58,43.89
450.60,43.89
450.61,43.89
450.63,43.89
450.64,43.89
450.66,43.89
450.67,43.89
450.69,43.89
450.70,43.89
450.72,43.88
450.73,43.88
450.74,43.88
450.76,43.88
450.77,43.88
450.79,43.88
450.80,43.88
450.82,43.88
450.83,43.88
450.85,43.88
450.86,43.88
450.88,43.87
450.89,43.87
450.91,43.87
450.92,43.87
450.94,43.87
450.95,43.87
450.97,43.87
450.98,43.87
450.99,43.87
451.01,43.87
451.02,43.87
451.04,43.86
451.05,43.86
451.07,43.86
451.08,43.86
451.10,43.86
451.11,43.86
451.13,43.86
451.14,43.86
451.16,43.86
451.17,43.86
451.19,43.86
451.20,43.85
451.22,43.85
451.23,43.85
451.24,43.85
451.26,43.85
451.27,43.85
451.29,43.85
451.30,43.85
451.32,43.85
451.33,43.85
451.35,43.85
451.36,43.84
451.38,43.84
451.39,43.84
451.41,43.84
451.42,43.84
451.44,43.84
451.45,43.84
451.47,43.84
451.48,43.84
451.49,43.84
451.51,43.84
451.52,43.83
451.54,43.83
451.55,43.83
451.57,43.83
451.58,43.83
451.60,43.83
451.61,43.83
451.63,43.83
451.64,43.83
451.66,43.83
451.67,43.83
451.69,43.82
451.70,43.82
451.72,43.82
451.73,43.82
451.75,43.82
451.76,43.82
451.77,43.82
451.79,43.82
451.80,43.82
451.82,43.82
451.83,43.82
451.85,43.81
451.86,43.81
451.88,43.81
451.89,43.81
451.91,43.81
451.92,43.81
451.94,43.81
451.95,43.81
451.97,43.81
451.98,43.81
452.00,43.81
452.01,43.80
452.02,43.80
452.04,43.80
452.05,43.80
452.07,43.80
452.08,43.80
452.10,43.80
452.11,43.80
452.13,43.80
452.14,43.80
452.16,43.80
452.17,43.79
452.19,43.79
452.20,43.79
452.22,43.79
452.23,43.79
452.25,43.79
452.26,43.79
452.27,43.79
452.29,43.79
452.30,43.79
452.32,43.79
452.33,43.78
452.35,43.78
452.36,43.78
452.38,43.78
452.39,43.78
452.41,43.78
452.42,43.78
452.44,43.78
452.45,43.78
452.47,43.78
452.48,43.78
452.50,43.77
452.51,43.77
452.52,43.77
452.54,43.77
452.55,43.77
452.57,43.77
452.58,43.77
452.60,43.77
452.61,43.77
452.63,43.77
452.64,43.77
452.66,43.77
452.67,43.76
452.69,43.76
452.70,43.76
452.72,43.76
452.73,43.76
452.75,43.76
452.76,43.76
452.77,43.76
452.79,43.76
452.80,43.76
452.82,43.76
452.83,43.76
452.85,43.76
452.86,43.76
452.88,43.76
452.89,43.76
452.91,43.76
452.92,43.76
452.94,43.76
452.95,43.76
452.97,43.75
452.98,43.75
453.00,43.75
453.01,43.75
453.02,43.75
453.04,43.75
453.05,43.75
453.07,43.75
453.08,43.75
453.10,43.75
453.11,43.75
453.13,43.74
453.14,43.74
453.16,43.74
453.17,43.74
453.19,43.74
453.20,43.74
453.22,43.74
453.23,43.74
453.25,43.74
453.26,43.74
453.28,43.74
453.29,43.74
453.30,43.74
453.32,43.74
453.33,43.74
453.35,43.74
453.36,43.74
453.38,43.74
453.39,43.74
453.41,43.74
453.42,43.74
453.44,43.74
453.45,43.74
453.47,43.74
453.48,43.74
453.50,43.74
453.51,43.74
453.53,43.74
453.54,43.74
453.55,43.74
453.57,43.74
453.58,43.74
453.60,43.74
453.61,43.74
453.63,43.74
453.64,43.74
453.66,43.74
453.67,43.74
453.69,43.74
453.70,43.74
453.72,43.74
453.73,43.74
453.75,43.74
453.76,43.74
453.78,43.74
453.79,43.74
453.80,43.74
453.82,43.74
453.83,43.73
453.85,43.73
453.86,43.73
453.88,43.73
453.89,43.73
453.91,43.73
453.92,43.73
453.94,43.73
453.95,43.73
453.97,43.73
453.98,43.73
454.00,43.73
454.01,43.73
454.03,43.73
454.04,43.73
454.05,43.73
454.07,43.73
454.08,43.73
454.10,43.73
454.11,43.73
454.13,43.73
454.14,43.73
454.16,43.73
454.17,43.73
454.19,43.73
454.20,43.73
454.22,43.73
454.23,43.73
454.25,43.73
454.26,43.73
454.28,43.73
454.29,43.73
454.30,43.73
454.32,43.73
454.33,43.73
454.35,43.73
454.36,43.73
454.38,43.73
454.39,43.73
454.41,43.73
454.42,43.73
454.44,43.73
454.45,43.73
454.47,43.73
454.48,43.72
454.50,43.72
454.51,43.72
454.53,43.72
454.54,43.72
454.55,43.72
454.57,43.72
454.58,43.72
454.60,43.72
454.61,43.72
454.63,43.72
454.64,43.72
454.66,43.71
454.67,43.71
454.69,43.71
454.70,43.71
454.72,43.71
454.73,43.71
454.75,43.71
454.76,43.71
454.78,43.71
454.79,43.71
454.81,43.71
454.82,43.70
454.83,43.70
454.85,43.71
454.86,43.71
454.88,43.71
454.89,43.71
454.91,43.71
454.92,43.71
454.94,43.71
454.95,43.72
454.97,43.72
454.98,43.72
455.00,43.72
455.01,43.72
455.03,43.72
455.04,43.72
455.06,43.73
455.07,43.73
455.08,43.73
455.10,43.73
455.11,43.73
455.13,43.73
455.14,43.74
455.16,43.74
455.17,43.74
455.19,43.74
455.20,43.74
455.22,43.74
455.23,43.74
455.25,43.75
455.26,43.75
455.28,43.75
455.29,43.75
455.31,43.75
455.32,43.75
455.33,43.75
455.35,43.76
455.36,43.76
455.38,43.76
455.39,43.76
455.41,43.76
455.42,43.76
455.44,43.77
455.45,43.77
455.47,43.77
455.48,43.77
455.50,43.77
455.51,43.77
455.53,43.77
455.54,43.78
455.56,43.78
455.57,43.78
455.58,43.78
455.60,43.78
455.61,43.78
455.63,43.78
455.64,43.79
455.66,43.79
455.67,43.79
455.69,43.79
455.70,43.79
455.72,43.79
455.73,43.80
455.75,43.80
455.76,43.80
455.78,43.80
455.79,43.80
455.81,43.80
455.82,43.80
455.83,43.81
455.85,43.81
455.86,43.81
455.88,43.81
455.89,43.81
455.91,43.81
455.92,43.81
455.94,43.82
455.95,43.82
455.97,43.82
455.98,43.82
456.00,43.82
456.01,43.82
456.03,43.83
456.04,43.83
456.06,43.83
456.07,43.83
456.08,43.83
456.10,43.83
456.11,43.83
456.13,43.84
456.14,43.84
456.16,43.84
456.17,43.84
456.19,43.84
456.20,43.84
456.22,43.84
456.23,43.85
456.25,43.85
456.26,43.85
456.28,43.85
456.29,43.85
456.31,43.85
456.32,43.86
456.34,43.86
456.35,43.86
456.36,43.86
456.38,43.86
456.39,43.86
456.41,43.86
456.42,43.86
456.44,43.86
456.45,43.86
456.47,43.86
456.48,43.85
456.50,43.85
456.51,43.85
456.53,43.85
456.54,43.85
456.56,43.85
456.57,43.85
456.59,43.85
456.60,43.85
456.61,43.85
456.63,43.85
456.64,43.84
456.66,43.84
456.67,43.84
456.69,43.84
456.70,43.84
456.72,43.84
456.73,43.84
456.75,43.84
456.76,43.84
456.78,43.84
456.79,43.84
456.81,43.83
456.82,43.83
456.84,43.83
456.85,43.83
456.86,43.83
456.88,43.83
456.89,43.83
456.91,43.83
456.92,43.83
456.94,43.83
456.95,43.83
456.97,43.82
456.98,43.82
457.00,43.82
457.01,43.82
457.03,43.82
457.04,43.82
457.06,43.82
457.07,43.82
457.09,43.82
457.10,43.82
457.11,43.82
457.13,43.81
457.14,43.81
457.16,43.81
457.17,43.81
457.19,43.81
457.20,43.81
457.22,43.81
457.23,43.81
457.25,43.81
457.26,43.81
457.28,43.81
457.29,43.80
457.31,43.80
457.32,43.80
457.34,43.80
457.35,43.80
457.36,43.80
457.38,43.80
457.39,43.80
457.41,43.80
457.42,43.80
457.44,43.80
457.45,43.79
457.47,43.79
457.48,43.79
457.50,43.79
457.51,43.79
457.53,43.79
457.54,43.79
457.56,43.79
457.57,43.79
457.59,43.79
457.60,43.79
457.61,43.78
457.63,43.78
457.64,43.78
457.66,43.78
457.67,43.78
457.69,43.78
457.70,43.78
457.72,43.78
457.73,43.78
457.75,43.78
457.76,43.78
457.78,43.78
457.79,43.77
457.81,43.77
457.82,43.77
457.84,43.77
457.85,43.77
457.87,43.77
457.88,43.77
457.89,43.77
457.91,43.77
457.92,43.77
457.94,43.77
457.95,43.76
457.97,43.76
457.98,43.76
458.00,43.76
458.01,43.76
458.03,43.76
458.04,43.76
458.06,43.76
458.07,43.76
458.09,43.76
458.10,43.76
458.12,43.75
458.13,43.75
458.14,43.75
458.16,43.75
458.17,43.75
458.19,43.75
458.20,43.75
458.22,43.75
458.23,43.75
458.25,43.75
458.26,43.75
458.28,43.74
458.29,43.74
458.31,43.74
458.32,43.74
458.34,43.74
458.35,43.74
458.37,43.74
458.38,43.74
458.39,43.74
458.41,43.74
458.42,43.74
458.44,43.73
458.45,43.73
458.47,43.73
458.48,43.73
458.50,43.73
458.51,43.73
458.53,43.73
458.54,43.73
458.56,43.73
458.57,43.73
458.59,43.73
458.60,43.72
458.62,43.72
458.63,43.72
458.64,43.72
458.66,43.72
458.67,43.72
458.69,43.72
458.70,43.72
458.72,43.72
458.73,43.72
458.75,43.72
458.76,43.72
458.78,43.71
458.79,43.71
458.81,43.71
458.82,43.71
458.84,43.71
458.85,43.71
458.87,43.71
458.88,43.71
458.89,43.71
458.91,43.71
458.92,43.71
458.94,43.70
458.95,43.70
458.97,43.70
458.98,43.70
459.00,43.70
459.01,43.70
459.03,43.70
459.04,43.70
459.06,43.70
459.07,43.70
459.09,43.70
459.10,43.69
459.12,43.69
459.13,43.69
459.14,43.69
459.16,43.69
459.17,43.69
459.19,43.69
459.20,43.69
459.22,43.69
459.23,43.69
459.25,43.69
459.26,43.68
459.28,43.68
459.29,43.68
459.31,43.68
459.32,43.68
459.34,43.68
459.35,43.68
459.37,43.68
459.38,43.68
459.40,43.68
459.41,43.68
459.42,43.67
459.44,43.67
459.45,43.67
459.47,43.67
459.48,43.67
459.50,43.67
459.51,43.67
459.53,43.67
459.54,43.67
459.56,43.67
459.57,43.67
459.59,43.67
459.60,43.66
459.62,43.66
459.63,43.66
459.65,43.66
459.66,43.66
459.67,43.66
459.69,43.66
459.70,43.66
459.72,43.66
459.73,43.66
459.75,43.66
459.76,43.65
459.78,43.65
459.79,43.65
459.81,43.65
459.82,43.65
459.84,43.65
459.85,43.65
459.87,43.65
459.88,43.65
459.90,43.65
459.91,43.65
459.92,43.64
459.94,43.64
459.95,43.64
459.97,43.64
459.98,43.64
460.00,43.64
460.01,43.64
460.03,43.64
460.04,43.64
460.06,43.64
460.07,43.64
460.09,43.63
460.10,43.63
460.12,43.63
460.13,43.63
460.15,43.63
460.16,43.63
460.17,43.63
460.19,43.63
460.20,43.63
460.22,43.63
460.23,43.63
460.25,43.63
460.26,43.62
460.28,43.62
460.29,43.62
460.31,43.62
460.32,43.62
460.34,43.62
460.35,43.62
460.37,43.62
460.38,43.62
460.40,43.62
460.41,43.62
460.42,43.62
460.44,43.62
460.45,43.62
460.47,43.62
460.48,43.62
460.50,43.62
460.51,43.62
460.53,43.62
460.54,43.62
460.56,43.62
460.57,43.62
460.59,43.62
460.60,43.62
460.62,43.62
460.63,43.62
460.65,43.62
460.66,43.62
460.67,43.62
460.69,43.62
460.70,43.62
460.72,43.62
460.73,43.62
460.75,43.62
460.76,43.62
460.78,43.62
460.79,43.62
460.81,43.62
460.82,43.62
460.84,43.62
460.85,43.62
460.87,43.62
460.88,43.62
460.90,43.62
460.91,43.62
460.93,43.62
460.94,43.62
460.95,43.62
460.97,43.62
460.98,43.62
461.00,43.62
461.01,43.62
461.03,43.62
461.04,43.62
461.06,43.62
461.07,43.62
461.09,43.62
461.10,43.62
461.12,43.62
461.13,43.62
461.15,43.62
461.16,43.62
461.18,43.61
461.19,43.61
461.20,43.61
461.22,43.61
461.23,43.61
461.25,43.62
461.26,43.62
461.28,43.62
461.29,43.62
461.31,43.62
461.32,43.62
461.34,43.62
461.35,43.63
461.37,43.63
461.38,43.63
461.40,43.63
461.41,43.63
461.43,43.63
461.44,43.64
461.45,43.64
461.47,43.64
461.48,43.64
461.50,43.64
461.51,43.64
461.53,43.64
461.54,43.65
461.56,43.65
461.57,43.65
461.59,43.65
461.60,43.65
461.62,43.65
461.63,43.65
461.65,43.66
461.66,43.66
461.68,43.66
461.69,43.66
461.70,43.66
461.72,43.66
461.73,43.67
461.75,43.67
461.76,43.67
461.78,43.67
461.79,43.67
461.81,43.67
461.82,43.67
461.84,43.68
461.85,43.68
461.87,43.68
461.88,43.68
461.90,43.68
461.91,43.68
461.93,43.69
461.94,43.69
461.95,43.69
461.97,43.69
461.98,43.69
462.00,43.69
462.01,43.69
462.03,43.70
462.04,43.70
462.06,43.70
462.07,43.70
462.09,43.70
462.10,43.70
462.12,43.70
462.13,43.71
462.15,43.71
462.16,43.71
462.18,43.71
462.19,43.71
462.20,43.71
462.22,43.72
462.23,43.72
462.25,43.72
462.26,43.72
462.28,43.72
462.29,43.72
462.31,43.72
462.32,43.72
462.34,43.72
462.35,43.71
462.37,43.71
462.38,43.71
462.40,43.71
462.41,43.71
462.43,43.71
462.44,43.71
462.46,43.71
462.47,43.71
462.48,43.71
462.50,43.71
462.51,43.70
462.53,43.70
462.54,43.70
462.56,43.70
462.57,43.70
462.59,43.70
462.60,43.70
462.62,43.70
462.63,43.70
462.65,43.70
462.66,43.70
462.68,43.69
462.69,43.69
462.71,43.69
462.72,43.69
462.73,43.69
462.75,43.69
462.76,43.69
462.78,43.69
462.79,43.69
462.81,43.69
462.82,43.69
462.84,43.69
462.85,43.69
462.87,43.69
462.88,43.69
462.90,43.69
462.91,43.69
462.93,43.69
462.94,43.69
462.96,43.69
462.97,43.69
462.98,43.69
463.00,43.69
463.01,43.69
463.03,43.69
463.04,43.69
463.06,43.69
463.07,43.69
463.09,43.69
463.10,43.69
463.12,43.69
463.13,43.69
463.15,43.69
463.16,43.69
463.18,43.69
463.19,43.69
463.21,43.69
463.22,43.69
463.23,43.69
463.25,43.69
463.26,43.69
463.28,43.69
463.29,43.69
463.31,43.69
463.32,43.69
463.34,43.69
463.35,43.69
463.37,43.69
463.38,43.69
463.40,43.69
463.41,43.69
463.43,43.69
463.44,43.69
463.46,43.69
463.47,43.69
463.48,43.69
463.50,43.69
463.51,43.69
463.53,43.69
463.54,43.69
463.56,43.69
463.57,43.69
463.59,43.69
463.60,43.69
463.62,43.69
463.63,43.68
463.65,43.68
463.66,43.68
463.68,43.68
463.69,43.69
463.71,43.69
463.72,43.69
463.73,43.69
463.75,43.69
463.76,43.69
463.78,43.69
463.79,43.70
463.81,43.70
463.82,43.70
463.84,43.70
463.85,43.70
463.87,43.70
463.88,43.71
463.90,43.71
463.91,43.71
463.93,43.71
463.94,43.71
463.96,43.71
463.97,43.71
463.99,43.72
464.00,43.72
464.01,43.72
464.03,43.72
464.04,43.72
464.06,43.72
464.07,43.73
464.09,43.73
464.10,43.73
464.12,43.73
464.13,43.73
464.15,43.73
464.16,43.73
464.18,43.74
464.19,43.74
464.21,43.74
464.22,43.74
464.24,43.74
464.25,43.74
464.26,43.74
464.28,43.74
464.29,43.74
464.31,43.74
464.32,43.74
464.34,43.74
464.35,43.73
464.37,43.74
464.38,43.74
464.40,43.74
464.41,43.74
464.43,43.74
464.44,43.74
464.46,43.75
464.47,43.75
464.49,43.75
464.50,43.75
464.51,43.75
464.53,43.75
464.54,43.75
464.56,43.76
464.57,43.76
464.59,43.76
464.60,43.76
464.62,43.76
464.63,43.76
464.65,43.77
464.66,43.77
464.68,43.77
464.69,43.77
464.71,43.77
464.72,43.77
464.74,43.77
464.75,43.78
464.76,43.78
464.78,43.78
464.79,43.78
464.81,43.78
464.82,43.78
464.84,43.78
464.85,43.79
464.87,43.79
464.88,43.79
464.90,43.79
464.91,43.79
464.93,43.79
464.94,43.80
464.96,43.80
464.97,43.80
464.99,43.80
465.00,43.80
465.01,43.80
465.03,43.80
465.04,43.81
465.06,43.81
465.07,43.81
465.09,43.81
465.10,43.81
465.12,43.81
465.13,43.81
465.15,43.82
465.16,43.82
465.18,43.82
465.19,43.82
465.21,43.82
465.22,43.82
465.24,43.83
465.25,43.83
465.26,43.83
465.28,43.83
465.29,43.83
465.31,43.83
465.32,43.83
465.34,43.84
465.35,43.84
465.37,43.84
465.38,43.84
465.40,43.84
465.41,43.84
465.43,43.84
465.44,43.85
465.46,43.85
465.47,43.84
465.49,43.84
465.50,43.84
465.52,43.84
465.53,43.84
465.54,43.84
465.56,43.84
465.57,43.84
465.59,43.84
465.60,43.84
465.62,43.84
465.63,43.83
465.65,43.83
465.66,43.83
465.68,43.83
465.69,43.83
465.71,43.83
465.72,43.83
465.74,43.83
465.75,43.83
465.77,43.83
465.78,43.83
465.79,43.82
465.81,43.82
465.82,43.82
465.84,43.82
465.85,43.82
465.87,43.82
465.88,43.82
465.90,43.82
465.91,43.82
465.93,43.82
465.94,43.82
465.96,43.81
465.97,43.81
465.99,43.81
466.00,43.81
466.02,43.81
466.03,43.81
466.04,43.81
466.06,43.81
466.07,43.81
466.09,43.81
466.10,43.81
466.12,43.80
466.13,43.80
466.15,43.80
466.16,43.80
466.18,43.80
466.19,43.80
466.21,43.80
466.22,43.80
466.24,43.80
466.25,43.80
466.27,43.80
466.28,43.79
466.29,43.79
466.31,43.79
466.32,43.79
466.34,43.79
466.35,43.79
466.37,43.79
466.38,43.79
466.40,43.79
466.41,43.79
466.43,43.79
466.44,43.79
466.46,43.78
466.47,43.78
466.49,43.78
466.50,43.78
466.52,43.78
466.53,43.78
466.54,43.78
466.56,43.78
466.57,43.78
466.59,43.78
466.60,43.78
466.62,43.77
466.63,43.77
466.65,43.77
466.66,43.77
466.68,43.77
466.69,43.77
466.71,43.77
466.72,43.77
466.74,43.77
466.75,43.77
466.77,43.77
466.78,43.77
466.79,43.77
466.81,43.77
466.82,43.77
466.84,43.77
466.85,43.77
466.87,43.77
466.88,43.77
466.90,43.77
466.91,43.77
466.93,43.77
466.94,43.77
466.96,43.77
466.97,43.77
466.99,43.77
467.00,43.77
467.02,43.77
467.03,43.77
467.05,43.77
467.06,43.77
467.07,43.77
467.09,43.77
467.10,43.77
467.12,43.77
467.13,43.77
467.15,43.77
467.16,43.77
467.18,43.77
467.19,43.77
467.21,43.77
467.22,43.77
467.24,43.77
467.25,43.77
467.27,43.77
467.28,43.77
467.30,43.77
467.31,43.77
467.32,43.77
467.34,43.77
467.35,43.77
467.37,43.77
467.38,43.77
467.40,43.77
467.41,43.77
467.43,43.77
467.44,43.77
467.46,43.77
467.47,43.77
467.49,43.77
467.50,43.77
467.52,43.76
467.53,43.76
467.55,43.76
467.56,43.76
467.57,43.76
467.59,43.76
467.60,43.76
467.62,43.76
467.63,43.76
467.65,43.76
467.66,43.76
467.68,43.75
467.69,43.75
467.71,43.75
467.72,43.75
467.74,43.75
467.75,43.75
467.77,43.75
467.78,43.75
467.80,43.75
467.81,43.75
467.82,43.75
467.84,43.74
467.85,43.74
467.87,43.74
467.88,43.74
467.90,43.74
467.91,43.75
467.93,43.75
467.94,43.75
467.96,43.75
467.97,43.75
467.99,43.75
468.00,43.75
468.02,43.76
468.03,43.76
468.05,43.76
468.06,43.76
468.07,43.76
468.09,43.76
468.10,43.76
468.12,43.77
468.13,43.77
468.15,43.77
468.16,43.77
468.18,43.77
468.19,43.77
468.21,43.78
468.22,43.78
468.24,43.78
468.25,43.78
468.27,43.78
468.28,43.78
468.30,43.78
468.31,43.79
468.32,43.79
468.34,43.79
468.35,43.79
468.37,43.79
468.38,43.79
468.40,43.80
468.41,43.80
468.43,43.80
468.44,43.80
468.46,43.80
468.47,43.80
468.49,43.80
468.50,43.81
468.52,43.81
468.53,43.81
468.55,43.81
468.56,43.81
468.57,43.81
468.59,43.81
468.60,43.82
468.62,43.82
468.63,43.82
468.65,43.82
468.66,43.82
468.68,43.82
468.69,43.83
468.71,43.83
468.72,43.83
468.74,43.83
468.75,43.83
468.77,43.83
468.78,43.83
468.80,43.84
468.81,43.84
468.83,43.84
468.84,43.84
468.85,43.84
468.87,43.84
468.88,43.84
468.90,43.85
468.91,43.85
468.93,43.85
468.94,43.85
468.96,43.85
468.97,43.85
468.99,43.86
469.00,43.86
469.02,43.86
469.03,43.86
469.05,43.86
469.06,43.86
469.08,43.86
469.09,43.87
469.10,43.87
469.12,43.87
469.13,43.87
469.15,43.87
469.16,43.87
469.18,43.87
469.19,43.88
469.21,43.88
469.22,43.88
469.24,43.88
469.25,43.88
469.27,43.88
469.28,43.88
469.30,43.88
469.31,43.88
469.33,43.88
469.34,43.88
469.35,43.88
469.37,43.87
469.38,43.87
469.40,43.87
469.41,43.87
469.43,43.87
469.44,43.87
469.46,43.87
469.47,43.87
469.49,43.87
469.50,43.87
469.52,43.87
469.53,43.86
469.55,43.86
469.56,43.86
469.58,43.86
469.59,43.86
469.60,43.86
469.62,43.86
469.63,43.86
469.65,43.86
469.66,43.86
469.68,43.86
469.69,43.85
469.71,43.85
469.72,43.85
469.74,43.85
469.75,43.85
469.77,43.85
469.78,43.85
469.80,43.85
469.81,43.85
469.83,43.85
469.84,43.85
469.85,43.84
469.87,43.84
469.88,43.84
469.90,43.84
469.91,43.84
469.93,43.84
469.94,43.84
469.96,43.84
469.97,43.84
469.99,43.84
470.00,43.84
470.02,43.83
470.03,43.83
470.05,43.83
470.06,43.83
470.08,43.83
470.09,43.83
470.10,43.83
470.12,43.83
470.13,43.83
470.15,43.83
470.16,43.83
470.18,43.82
470.19,43.82
470.21,43.82
470.22,43.82
470.24,43.82
470.25,43.82
470.27,43.82
470.28,43.82
470.30,43.82
470.31,43.82
470.33,43.82
470.34,43.82
470.36,43.81
470.37,43.81
470.38,43.81
470.40,43.81
470.41,43.81
470.43,43.81
470.44,43.81
470.46,43.81
470.47,43.81
470.49,43.81
470.50,43.81
470.52,43.80
470.53,43.80
470.55,43.80
470.56,43.80
470.58,43.80
470.59,43.80
470.61,43.80
470.62,43.80
470.63,43.80
470.65,43.80
470.66,43.80
470.68,43.79
470.69,43.79
470.71,43.79
470.72,43.79
470.74,43.79
470.75,43.79
470.77,43.79
470.78,43.79
470.80,43.79
470.81,43.79
470.83,43.79
470.84,43.79
470.86,43.79
470.87,43.79
470.88,43.79
470.90,43.79
470.91,43.79
470.93,43.79
470.94,43.79
470.96,43.79
470.97,43.79
470.99,43.79
471.00,43.79
471.02,43.79
471.03,43.79
471.05,43.79
471.06,43.79
471.08,43.79
471.09,43.79
471.11,43.79
471.12,43.79
471.13,43.79
471.15,43.79
471.16,43.79
471.18,43.79
471.19,43.79
471.21,43.79
471.22,43.79
471.24,43.79
471.25,43.79
471.27,43.79
471.28,43.79
471.30,43.79
471.31,43.79
471.33,43.79
471.34,43.78
471.36,43.78
471.37,43.78
471.38,43.78
471.40,43.78
471.41,43.78
471.43,43.78
471.44,43.78
471.46,43.78
471.47,43.78
471.49,43.78
471.50,43.78
471.52,43.78
471.53,43.78
471.55,43.78
471.56,43.78
471.58,43.78
471.59,43.78
471.61,43.78
471.62,43.78
471.63,43.78
471.65,43.78
471.66,43.78
471.68,43.78
471.69,43.78
471.71,43.78
471.72,43.78
471.74,43.78
471.75,43.78
471.77,43.78
471.78,43.78
471.80,43.78
471.81,43.78
471.83,43.78
471.84,43.78
471.86,43.78
471.87,43.78
471.89,43.78
471.90,43.78
471.91,43.77
471.93,43.77
471.94,43.77
471.96,43.77
471.97,43.78
471.99,43.78
472.00,43.78
472.02,43.78
472.03,43.78
472.05,43.78
472.06,43.79
472.08,43.79
472.09,43.79
472.11,43.79
472.12,43.79
472.14,43.79
472.15,43.79
472.16,43.80
472.18,43.80
472.19,43.80
472.21,43.80
472.22,43.80
472.24,43.80
472.25,43.80
472.27,43.81
472.28,43.81
472.30,43.81
472.31,43.81
472.33,43.81
472.34,43.81
472.36,43.82
472.37,43.82
472.39,43.82
472.40,43.82
472.41,43.82
472.43,43.82
472.44,43.82
472.46,43.83
472.47,43.83
472.49,43.83
472.50,43.83
472.52,43.83
472.53,43.83
472.55,43.84
472.56,43.84
472.58,43.84
472.59,43.84
472.61,43.84
472.62,43.84
472.64,43.84
472.65,43.85
472.66,43.85
472.68,43.85
472.69,43.85
472.71,43.85
472.72,43.85
472.74,43.85
472.75,43.86
472.77,43.86
472.78,43.86
472.80,43.86
472.81,43.86
472.83,43.86
472.84,43.87
472.86,43.86
472.87,43.86
472.89,43.86
472.90,43.86
472.91,43.86
472.93,43.86
472.94,43.86
472.96,43.86
472.97,43.86
472.99,43.86
473.00,43.86
473.02,43.86
473.03,43.86
473.05,43.86
473.06,43.86
473.08,43.87
473.09,43.87
473.11,43.87
473.12,43.87
473.14,43.87
473.15,43.87
473.16,43.88
473.18,43.88
473.19,43.88
473.21,43.88
473.22,43.88
473.24,43.88
473.25,43.88
473.27,43.89
473.28,43.89
473.30,43.89
473.31,43.89
473.33,43.89
473.34,43.89
473.36,43.89
473.37,43.90
473.39,43.90
473.40,43.90
473.42,43.90
473.43,43.90
473.44,43.90
473.46,43.91
473.47,43.91
473.49,43.91
473.50,43.91
473.52,43.91
473.53,43.91
473.55,43.91
473.56,43.92
473.58,43.92
473.59,43.92
473.61,43.92
473.62,43.92
473.64,43.92
473.65,43.92
473.67,43.93
473.68,43.93
473.69,43.93
473.71,43.93
473.72,43.93
473.74,43.93
473.75,43.94
473.77,43.94
473.78,43.94
473.80,43.94
473.81,43.94
473.83,43.94
473.84,43.94
473.86,43.94
473.87,43.94
473.89,43.94
473.90,43.94
473.92,43.94
473.93,43.94
473.94,43.94
473.96,43.94
473.97,43.94
473.99,43.94
474.00,43.93
474.02,43.93
474.03,43.93
474.05,43.93
474.06,43.93
474.08,43.93
474.09,43.93
474.11,43.93
474.12,43.93
474.14,43.93
474.15,43.93
474.17,43.92
474.18,43.92
474.19,43.92
474.21,43.92
474.22,43.92
474.24,43.92
474.25,43.92
474.27,43.92
474.28,43.92
474.30,43.92
474.31,43.92
474.33,43.91
474.34,43.91
474.36,43.91
474.37,43.91
474.39,43.91
474.40,43.91
474.42,43.91
474.43,43.91
474.44,43.91
474.46,43.91
474.47,43.91
474.49,43.90
474.50,43.90
474.52,43.90
474.53,43.90
474.55,43.90
474.56,43.90
474.58,43.90
474.59,43.90
474.61,43.90
474.62,43.90
474.64,43.89
474.65,43.89
474.67,43.89
474.68,43.89
474.69,43.89
474.71,43.89
474.72,43.89
474.74,43.89
474.75,43.89
474.77,43.89
474.78,43.89
474.80,43.88
474.81,43.88
474.83,43.88
474.84,43.88
474.86,43.88
474.87,43.88
474.89,43.88
474.90,43.88
474.92,43.88
474.93,43.88
474.95,43.88
474.96,43.87
474.97,43.87
474.99,43.87
475.00,43.87
475.02,43.87
475.03,43.87
475.05,43.87
475.06,43.87
475.08,43.87
475.09,43.87
475.11,43.87
475.12,43.86
475.14,43.86
475.15,43.86
475.17,43.86
475.18,43.86
475.20,43.86
475.21,43.86
475.22,43.86
475.24,43.86
475.25,43.86
475.27,43.86
475.28,43.85
475.30,43.85
475.31,43.85
475.33,43.85
475.34,43.85
475.36,43.85
475.37,43.85
475.39,43.85
475.40,43.85
475.42,43.85
475.43,43.85
475.45,43.84
475.46,43.84
475.47,43.84
475.49,43.84
475.50,43.84
475.52,43.84
475.53,43.84
475.55,43.84
475.56,43.84
475.58,43.84
475.59,43.84
475.61,43.83
475.62,43.83
475.64,43.83
475.65,43.83
475.67,43.83
475.68,43.83
475.70,43.83
475.71,43.83
475.72,43.83
475.74,43.83
475.75,43.83
475.77,43.83
475.78,43.82
475.80,43.82
475.81,43.82
475.83,43.82
475.84,43.82
475.86,43.82
475.87,43.82
475.89,43.82
475.90,43.82
475.92,43.82
475.93,43.82
475.95,43.81
475.96,43.81
475.97,43.81
475.99,43.81
476.00,43.81
476.02,43.81
476.03,43.81
476.05,43.81
476.06,43.81
476.08,43.81
476.09,43.81
476.11,43.81
476.12,43.81
476.14,43.81
476.15,43.81
476.17,43.81
476.18,43.81
476.20,43.81
476.21,43.81
476.22,43.81
476.24,43.81
476.25,43.81
476.27,43.81
476.28,43.81
476.30,43.81
476.31,43.81
476.33,43.81
476.34,43.81
476.36,43.81
476.37,43.81
476.39,43.81
476.40,43.81
476.42,43.81
476.43,43.81
476.45,43.81
476.46,43.81
476.48,43.81
476.49,43.81
476.50,43.81
476.52,43.81
476.53,43.81
476.55,43.81
476.56,43.81
476.58,43.81
476.59,43.81
476.61,43.81
476.62,43.81
476.64,43.81
476.65,43.81
476.67,43.81
476.68,43.81
476.70,43.81
476.71,43.80
476.73,43.80
476.74,43.80
476.75,43.80
476.77,43.80
476.78,43.80
476.80,43.80
476.81,43.80
476.83,43.80
476.84,43.80
476.86,43.80
476.87,43.80
476.89,43.80
476.90,43.80
476.92,43.80
476.93,43.80
476.95,43.80
476.96,43.80
476.98,43.80
476.99,43.80
477.00,43.80
477.02,43.80
477.03,43.80
477.05,43.80
477.06,43.80
477.08,43.80
477.09,43.80
477.11,43.80
477.12,43.80
477.14,43.80
477.15,43.80
477.17,43.80
477.18,43.80
477.20,43.80
477.21,43.80
477.23,43.80
477.24,43.80
477.25,43.80
477.27,43.79
477.28,43.79
477.30,43.79
477.31,43.79
477.33,43.79
477.34,43.79
477.36,43.79
477.37,43.79
477.39,43.79
477.40,43.79
477.42,43.79
477.43,43.78
477.45,43.78
477.46,43.78
477.48,43.78
477.49,43.78
477.50,43.78
477.52,43.78
477.53,43.78
477.55,43.78
477.56,43.78
477.58,43.78
477.59,43.78
477.61,43.78
477.62,43.78
477.64,43.78
477.65,43.79
477.67,43.79
477.68,43.79
477.70,43.79
477.71,43.79
477.73,43.79
477.74,43.80
477.75,43.80
477.77,43.80
477.78,43.80
477.80,43.80
477.81,43.80
477.83,43.80
477.84,43.81
477.86,43.81
477.87,43.81
477.89,43.81
477.90,43.81
477.92,43.81
477.93,43.81
477.95,43.82
477.96,43.82
477.98,43.82
477.99,43.82
478.01,43.82
478.02,43.82
478.03,43.83
478.05,43.83
478.06,43.83
478.08,43.83
478.09,43.83
478.11,43.83
478.12,43.83
478.14,43.84
478.15,43.84
478.17,43.84
478.18,43.84
478.20,43.84
478.21,43.84
478.23,43.85
478.24,43.85
478.26,43.85
478.27,43.85
478.28,43.85
478.30,43.85
478.31,43.85
478.33,43.86
478.34,43.86
478.36,43.86
478.37,43.86
478.39,43.86
478.40,43.86
478.42,43.86
478.43,43.87
478.45,43.87
478.46,43.87
478.48,43.87
478.49,43.87
478.51,43.87
478.52,43.88
478.53,43.88
478.55,43.88
478.56,43.88
478.58,43.88
478.59,43.88
478.61,43.88
478.62,43.89
478.64,43.89
478.65,43.89
478.67,43.89
478.68,43.89
478.70,43.89
478.71,43.89
478.73,43.90
478.74,43.90
478.76,43.90
478.77,43.90
478.78,43.90
478.80,43.90
478.81,43.91
478.83,43.91
478.84,43.91
478.86,43.91
478.87,43.91
478.89,43.91
478.90,43.91
478.92,43.92
478.93,43.92
478.95,43.92
478.96,43.92
478.98,43.92
478.99,43.92
479.01,43.92
479.02,43.93
479.03,43.93
479.05,43.93
479.06,43.93
479.08,43.93
479.09,43.93
479.11,43.93
479.12,43.92
479.14,43.92
479.15,43.92
479.17,43.92
479.18,43.92
479.20,43.92
479.21,43.92
479.23,43.92
479.24,43.92
479.26,43.92
479.27,43.92
479.28,43.91
479.30,43.91
479.31,43.91
479.33,43.91
479.34,43.91
479.36,43.91
479.37,43.91
479.39,43.91
479.40,43.91
479.42,43.91
479.43,43.91
479.45,43.90
479.46,43.90
479.48,43.90
479.49,43.90
479.51,43.90
479.52,43.90
479.54,43.90
479.55,43.90
479.56,43.90
479.58,43.90
479.59,43.90
479.61,43.89
479.62,43.89
479.64,43.89
479.65,43.89
479.67,43.89
479.68,43.89
479.70,43.89
479.71,43.89
479.73,43.89
479.74,43.89
479.76,43.89
479.77,43.88
479.79,43.88
479.80,43.88
479.81,43.88
479.83,43.88
479.84,43.88
479.86,43.88
479.87,43.88
479.89,43.88
479.90,43.88
479.92,43.88
479.93,43.87
479.95,43.87
479.96,43.87
479.98,43.87
479.99,43.87
480.01,43.87
480.02,43.87
480.04,43.87
480.05,43.87
480.06,43.87
480.08,43.87
480.09,43.86
480.11,43.86
480.12,43.86
480.14,43.86
480.15,43.86
480.17,43.86
480.18,43.86
480.20,43.86
480.21,43.86
480.23,43.86
480.24,43.86
480.26,43.85
480.27,43.85
480.29,43.85
480.30,43.85
480.31,43.85
480.33,43.85
480.34,43.85
480.36,43.85
480.37,43.85
480.39,43.85
480.40,43.85
480.42,43.84
480.43,43.84
480.45,43.84
480.46,43.84
480.48,43.84
480.49,43.84
480.51,43.84
480.52,43.84
480.54,43.84
480.55,43.84
480.56,43.84
480.58,43.83
480.59,43.83
480.61,43.83
480.62,43.83
480.64,43.83
480.65,43.83
480.67,43.83
480.68,43.83
480.70,43.83
480.71,43.83
480.73,43.83
480.74,43.82
480.76,43.82
480.77,43.82
480.79,43.82
480.80,43.82
480.81,43.82
480.83,43.82
480.84,43.82
480.86,43.82
480.87,43.82
480.89,43.82
480.90,43.81
480.92,43.81
480.93,43.81
480.95,43.81
480.96,43.81
480.98,43.81
480.99,43.81
481.01,43.81
481.02,43.81
481.04,43.81
481.05,43.81
481.07,43.80
481.08,43.80
481.09,43.80
481.11,43.80
481.12,43.80
481.14,43.80
481.15,43.80
481.17,43.80
481.18,43.80
481.20,43.80
481.21,43.80
481.23,43.79
481.24,43.79
481.26,43.79
481.27,43.79
481.29,43.79
481.30,43.79
481.32,43.79
481.33,43.79
481.34,43.79
481.36,43.79
481.37,43.79
481.39,43.78
481.40,43.78
481.42,43.78
481.43,43.78
481.45,43.78
481.46,43.78
481.48,43.78
481.49,43.78
481.51,43.78
481.52,43.78
481.54,43.78
481.55,43.78
481.57,43.77
481.58,43.77
481.59,43.77
481.61,43.77
481.62,43.77
481.64,43.77
481.65,43.77
481.67,43.77
481.68,43.77
481.70,43.77
481.71,43.77
481.73,43.76
481.74,43.76
481.76,43.76
481.77,43.76
481.79,43.76
481.80,43.76
481.82,43.76
481.83,43.76
481.84,43.76
481.86,43.76
481.87,43.76
481.89,43.75
481.90,43.75
481.92,43.75
481.93,43.75
481.95,43.75
481.96,43.75
481.98,43.75
481.99,43.75
482.01,43.75
482.02,43.75
482.04,43.75
482.05,43.74
482.07,43.74
482.08,43.74
482.09,43.74
482.11,43.74
482.12,43.74
482.14,43.74
482.15,43.74
482.17,43.74
482.18,43.74
482.20,43.74
482.21,43.73
482.23,43.73
482.24,43.73
482.26,43.73
482.27,43.73
482.29,43.73
482.30,43.73
482.32,43.73
482.33,43.73
482.34,43.73
482.36,43.73
482.37,43.73
482.39,43.73
482.40,43.73
482.42,43.73
482.43,43.73
482.45,43.73
482.46,43.73
482.48,43.73
482.49,43.73
482.51,43.73
482.52,43.73
482.54,43.73
482.55,43.73
482.57,43.73
482.58,43.73
482.60,43.73
482.61,43.73
482.62,43.73
482.64,43.73
482.65,43.73
482.67,43.73
482.68,43.73
482.70,43.73
482.71,43.73
482.73,43.73
482.74,43.73
482.76,43.73
482.77,43.73
482.79,43.73
482.80,43.73
482.82,43.73
482.83,43.73
482.85,43.73
482.86,43.73
482.87,43.73
482.89,43.73
482.90,43.73
482.92,43.73
482.93,43.73
482.95,43.73
482.96,43.73
482.98,43.73
482.99,43.73
483.01,43.72
483.02,43.72
483.04,43.72
483.05,43.72
483.07,43.72
483.08,43.72
483.10,43.72
483.11,43.72
483.12,43.72
483.14,43.72
483.15,43.72
483.17,43.72
483.18,43.72
483.20,43.72
483.21,43.72
483.23,43.72
483.24,43.72
483.26,43.72
483.27,43.72
483.29,43.72
483.30,43.72
483.32,43.72
483.33,43.72
483.35,43.72
483.36,43.72
483.37,43.72
483.39,43.72
483.40,43.72
483.42,43.72
483.43,43.72
483.45,43.72
483.46,43.72
483.48,43.72
483.49,43.71
483.51,43.71
483.52,43.71
483.54,43.71
483.55,43.71
483.57,43.71
483.58,43.71
483.60,43.71
483.61,43.71
483.62,43.71
483.64,43.71
483.65,43.71
483.67,43.71
483.68,43.72
483.70,43.72
483.71,43.72
483.73,43.72
483.74,43.72
483.76,43.72
483.77,43.72
483.79,43.73
483.80,43.73
483.82,43.73
483.83,43.73
483.85,43.73
483.86,43.73
483.87,43.74
483.89,43.74
483.90,43.74
483.92,43.74
483.93,43.74
483.95,43.74
483.96,43.74
483.98,43.75
483.99,43.75
484.01,43.75
484.02,43.75
484.04,43.75
484.05,43.75
484.07,43.76
484.08,43.76
484.10,43.76
484.11,43.76
484.13,43.76
484.14,43.76
484.15,43.76
484.17,43.77
484.18,43.77
484.20,43.77
484.21,43.77
484.23,43.77
484.24,43.77
484.26,43.78
484.27,43.78
484.29,43.78
484.30,43.78
484.32,43.78
484.33,43.78
484.35,43.78
484.36,43.79
484.38,43.79
484.39,43.79
484.40,43.79
484.42,43.79
484.43,43.79
484.45,43.79
484.46,43.80
484.48,43.80
484.49,43.80
484.51,43.80
484.52,43.80
484.54,43.80
484.55,43.81
484.57,43.81
484.58,43.81
484.60,43.81
484.61,43.81
484.63,43.81
484.64,43.81
484.65,43.82
484.67,43.82
484.68,43.82
484.70,43.82
484.71,43.82
484.73,43.82
484.74,43.83
484.76,43.83
484.77,43.83
484.79,43.83
484.80,43.83
484.82,43.83
484.83,43.83
484.85,43.84
484.86,43.84
484.88,43.84
484.89,43.84
484.90,43.84
484.92,43.84
484.93,43.85
484.95,43.85
484.96,43.85
484.98,43.85
484.99,43.85
485.01,43.85
485.02,43.85
485.04,43.86
485.05,43.86
485.07,43.86
485.08,43.86
485.10,43.86
485.11,43.86
485.13,43.86
485.14,43.86
485.15,43.86
485.17,43.86
485.18,43.86
485.20,43.86
485.21,43.86
485.23,43.86
485.24,43.86
485.26,43.85
485.27,43.85
485.29,43.85
485.30,43.85
485.32,43.85
485.33,43.85
485.35,43.85
485.36,43.85
485.38,43.85
485.39,43.85
485.40,43.85
485.42,43.84
485.43,43.84
485.45,43.84
485.46,43.84
485.48,43.84
485.49,43.84
485.51,43.84
485.52,43.84
485.54,43.84
485.55,43.84
485.57,43.84
485.58,43.83
485.60,43.83
485.61,43.83
485.63,43.83
485.64,43.83
485.66,43.83
485.67,43.83
485.68,43.83
485.70,43.83
485.71,43.83
485.73,43.83
485.74,43.82
485.76,43.82
485.77,43.82
485.79,43.82
485.80,43.82
485.82,43.82
485.83,43.82
485.85,43.82
485.86,43.82
485.88,43.82
485.89,43.82
485.91,43.81
485.92,43.81
485.93,43.81
485.95,43.81
485.96,43.81
485.98,43.81
485.99,43.81
486.01,43.81
486.02,43.81
486.04,43.81
486.05,43.81
486.07,43.80
486.08,43.80
486.10,43.80
486.11,43.80
486.13,43.80
486.14,43.80
486.16,43.80
486.17,43.80
486.18,43.80
486.20,43.80
486.21,43.80
486.23,43.79
486.24,43.79
486.26,43.79
486.27,43.79
486.29,43.79
486.30,43.79
486.32,43.79
486.33,43.79
486.35,43.79
486.36,43.79
486.38,43.79
486.39,43.78
486.41,43.78
486.42,43.78
486.43,43.78
486.45,43.78
486.46,43.78
486.48,43.78
486.49,43.78
486.51,43.78
486.52,43.78
486.54,43.78
486.55,43.77
486.57,43.77
486.58,43.77
486.60,43.77
486.61,43.77
486.63,43.77
486.64,43.77
486.66,43.77
486.67,43.77
486.68,43.77
486.70,43.77
486.71,43.77
486.73,43.77
486.74,43.77
486.76,43.77
486.77,43.77
486.79,43.77
486.80,43.77
486.82,43.77
486.83,43.77
486.85,43.77
486.86,43.77
486.88,43.77
486.89,43.77
486.91,43.77
486.92,43.77
486.93,43.77
486.95,43.77
486.96,43.77
486.98,43.77
486.99,43.77
487.01,43.77
487.02,43.77
487.04,43.77
487.05,43.77
487.07,43.77
487.08,43.77
487.10,43.77
487.11,43.77
487.13,43.77
487.14,43.77
487.16,43.77
487.17,43.77
487.19,43.77
487.20,43.77
487.21,43.77
487.23,43.77
487.24,43.77
487.26,43.77
487.27,43.77
487.29,43.77
487.30,43.77
487.32,43.77
487.33,43.77
487.35,43.77
487.36,43.77
487.38,43.77
487.39,43.77
487.41,43.77
487.42,43.77
487.44,43.77
487.45,43.77
487.46,43.77
487.48,43.77
487.49,43.77
487.51,43.77
487.52,43.77
487.54,43.77
487.55,43.77
487.57,43.77
487.58,43.77
487.60,43.77
487.61,43.77
487.63,43.77
487.64,43.76
487.66,43.76
487.67,43.76
487.69,43.76
487.70,43.76
487.71,43.76
487.73,43.76
487.74,43.76
487.76,43.76
487.77,43.76
487.79,43.76
487.80,43.75
487.82,43.75
487.83,43.75
487.85,43.75
487.86,43.75
487.88,43.75
487.89,43.75
487.91,43.75
487.92,43.75
487.94,43.76
487.95,43.76
487.96,43.76
487.98,43.76
487.99,43.76
488.01,43.76
488.02,43.77
488.04,43.77
488.05,43.77
488.07,43.77
488.08,43.77
488.10,43.77
488.11,43.77
488.13,43.78
488.14,43.78
488.16,43.78
488.17,43.78
488.19,43.78
488.20,43.78
488.21,43.79
488.23,43.79
488.24,43.79
488.26,43.79
488.27,43.79
488.29,43.79
488.30,43.79
488.32,43.80
488.33,43.80
488.35,43.80
488.36,43.80
488.38,43.80
488.39,43.80
488.41,43.81
488.42,43.81
488.44,43.81
488.45,43.81
488.46,43.81
488.48,43.81
488.49,43.81
488.51,43.82
488.52,43.82
488.54,43.82
488.55,43.82
488.57,43.82
488.58,43.82
488.60,43.83
488.61,43.83
488.63,43.83
488.64,43.83
488.66,43.83
488.67,43.83
488.69,43.83
488.70,43.84
488.72,43.84
488.73,43.84
488.74,43.84
488.76,43.84
488.77,43.84
488.79,43.84
488.80,43.85
488.82,43.85
488.83,43.85
488.85,43.85
488.86,43.85
488.88,43.85
488.89,43.86
488.91,43.86
488.92,43.86
488.94,43.86
488.95,43.86
488.97,43.86
488.98,43.86
488.99,43.87
489.01,43.87
489.02,43.87
489.04,43.87
489.05,43.87
489.07,43.87
489.08,43.88
489.10,43.88
489.11,43.88
489.13,43.88
489.14,43.88
489.16,43.88
489.17,43.88
489.19,43.89
489.20,43.89
489.22,43.89
489.23,43.89
489.24,43.89
489.26,43.89
489.27,43.89
489.29,43.90
489.30,43.90
489.32,43.90
489.33,43.90
489.35,43.90
489.36,43.90
489.38,43.91
489.39,43.91
489.41,43.91
489.42,43.91
489.44,43.91
489.45,43.91
489.47,43.91
489.48,43.91
489.49,43.91
489.51,43.91
489.52,43.91
489.54,43.91
489.55,43.91
489.57,43.91
489.58,43.90
489.60,43.90
489.61,43.90
489.63,43.90
489.64,43.90
489.66,43.90
489.67,43.90
489.69,43.90
489.70,43.90
489.72,43.90
489.73,43.90
489.74,43.89
489.76,43.89
489.77,43.89
489.79,43.89
489.80,43.89
489.82,43.89
489.83,43.89
489.85,43.89
489.86,43.89
489.88,43.89
489.89,43.89
489.91,43.88
489.92,43.88
489.94,43.88
489.95,43.88
489.97,43.88
489.98,43.88
489.99,43.88
490.01,43.88
490.02,43.88
490.04,43.88
490.05,43.88
490.07,43.87
490.08,43.87
490.10,43.87
490.11,43.87
490.13,43.87
490.14,43.87
490.16,43.87
490.17,43.87
490.19,43.87
490.20,43.87
490.22,43.87
490.23,43.86
490.24,43.86
490.26,43.86
490.27,43.86
490.29,43.86
490.30,43.86
490.32,43.86
490.33,43.86
490.35,43.86
490.36,43.86
490.38,43.86
490.39,43.86
490.41,43.86
490.42,43.86
490.44,43.86
490.45,43.86
490.47,43.86
490.48,43.86
490.50,43.86
490.51,43.86
490.52,43.86
490.54,43.86
490.55,43.86
490.57,43.86
490.58,43.86
490.60,43.86
490.61,43.86
490.63,43.86
490.64,43.86
490.66,43.86
490.67,43.86
490.69,43.86
490.70,43.86
490.72,43.86
490.73,43.86
490.75,43.85
490.76,43.85
490.77,43.85
490.79,43.85
490.80,43.85
490.82,43.85
490.83,43.85
490.85,43.85
490.86,43.85
490.88,43.86
490.89,43.86
490.91,43.86
490.92,43.86
490.94,43.86
490.95,43.86
490.97,43.86
490.98,43.87
491.00,43.87
491.01,43.87
491.02,43.87
491.04,43.87
491.05,43.87
491.07,43.87
491.08,43.88
491.10,43.88
491.11,43.88
491.13,43.88
491.14,43.88
491.16,43.88
491.17,43.89
491.19,43.89
491.20,43.89
491.22,43.89
491.23,43.89
491.25,43.89
491.26,43.89
491.27,43.90
491.29,43.90
491.30,43.90
491.32,43.90
491.33,43.90
491.35,43.90
491.36,43.91
491.38,43.91
491.39,43.91
491.41,43.91
491.42,43.91
491.44,43.91
491.45,43.91
491.47,43.91
491.48,43.91
491.50,43.91
491.51,43.91
491.52,43.91
491.54,43.91
491.55,43.91
491.57,43.91
491.58,43.91
491.60,43.91
491.61,43.90
491.63,43.90
491.64,43.90
491.66,43.90
491.67,43.90
491.69,43.90
491.70,43.90
491.72,43.90
491.73,43.90
491.75,43.90
491.76,43.90
491.77,43.90
491.79,43.90
491.80,43.90
491.82,43.89
491.83,43.89
491.85,43.89
491.86,43.89
491.88,43.89
491.89,43.89
491.91,43.89
491.92,43.89
491.94,43.89
491.95,43.89
491.97,43.89
491.98,43.89
492.00,43.89
492.01,43.89
492.03,43.89
492.04,43.89
492.05,43.90
492.07,43.90
492.08,43.90
492.10,43.90
492.11,43.90
492.13,43.90
492.14,43.90
492.16,43.91
492.17,43.91
492.19,43.91
492.20,43.91
492.22,43.91
492.23,43.91
492.25,43.91
492.26,43.92
492.28,43.92
492.29,43.92
492.30,43.92
492.32,43.92
492.33,43.92
492.35,43.92
492.36,43.92
492.38,43.92
492.39,43.92
492.41,43.92
492.42,43.92
492.44,43.92
492.45,43.92
492.47,43.92
492.48,43.92
492.50,43.92
492.51,43.92
492.53,43.92
492.54,43.92
492.55,43.92
492.57,43.92
492.58,43.92
492.60,43.92
492.61,43.92
492.63,43.92
492.64,43.92
492.66,43.91
492.67,43.91
492.69,43.91
492.70,43.91
492.72,43.91
492.73,43.91
492.75,43.91
492.76,43.91
492.78,43.91
492.79,43.91
492.80,43.91
492.82,43.91
492.83,43.91
492.85,43.91
492.86,43.91
492.88,43.91
492.89,43.91
492.91,43.91
492.92,43.91
492.94,43.91
492.95,43.91
492.97,43.91
492.98,43.91
493.00,43.91
493.01,43.91
493.03,43.91
493.04,43.91
493.05,43.91
493.07,43.91
493.08,43.91
493.10,43.91
493.11,43.91
493.13,43.91
493.14,43.91
493.16,43.91
493.17,43.91
493.19,43.91
493.20,43.91
493.22,43.91
493.23,43.91
493.25,43.91
493.26,43.91
493.28,43.91
493.29,43.91
493.30,43.91
493.32,43.91
493.33,43.91
493.35,43.91
493.36,43.91
493.38,43.91
493.39,43.91
493.41,43.91
493.42,43.91
493.44,43.91
493.45,43.91
493.47,43.91
493.48,43.91
493.50,43.91
493.51,43.91
493.53,43.91
493.54,43.91
493.56,43.91
493.57,43.91
493.58,43.91
493.60,43.91
493.61,43.91
493.63,43.91
493.64,43.91
493.66,43.91
493.67,43.90
493.69,43.90
493.70,43.90
493.72,43.90
493.73,43.90
493.75,43.90
493.76,43.90
493.78,43.90
493.79,43.90
493.81,43.90
493.82,43.90
493.83,43.89
493.85,43.89
493.86,43.89
493.88,43.89
493.89,43.89
493.91,43.89
493.92,43.89
493.94,43.89
493.95,43.89
493.97,43.89
493.98,43.89
494.00,43.88
494.01,43.88
494.03,43.88
494.04,43.88
494.06,43.88
494.07,43.88
494.08,43.88
494.10,43.88
494.11,43.88
494.13,43.88
494.14,43.88
494.16,43.87
494.17,43.87
494.19,43.87
494.20,43.87
494.22,43.87
494.23,43.88
494.25,43.88
494.26,43.88
494.28,43.88
494.29,43.88
494.31,43.88
494.32,43.88
494.33,43.89
494.35,43.89
494.36,43.89
494.38,43.89
494.39,43.89
494.41,43.89
494.42,43.90
494.44,43.90
494.45,43.90
494.47,43.90
494.48,43.90
494.50,43.90
494.51,43.90
494.53,43.91
494.54,43.91
494.56,43.91
494.57,43.91
494.58,43.91
494.60,43.91
494.61,43.91
494.63,43.92
494.64,43.92
494.66,43.92
494.67,43.92
494.69,43.92
494.70,43.92
494.72,43.93
494.73,43.93
494.75,43.93
494.76,43.93
494.78,43.93
494.79,43.93
494.81,43.93
494.82,43.94
494.83,43.94
494.85,43.94
494.86,43.94
494.88,43.94
494.89,43.94
494.91,43.94
494.92,43.95
494.94,43.95
494.95,43.95
494.97,43.95
494.98,43.95
495.00,43.95
495.01,43.96
495.03,43.96
495.04,43.96
495.06,43.96
495.07,43.96
495.09,43.96
495.10,43.96
495.11,43.97
495.13,43.97
495.14,43.97
495.16,43.97
495.17,43.97
495.19,43.97
495.20,43.98
495.22,43.98
495.23,43.98
495.25,43.98
495.26,43.98
495.28,43.98
495.29,43.98
495.31,43.99
495.32,43.99
495.34,43.99
495.35,43.99
495.36,43.99
495.38,43.99
495.39,43.99
495.41,44.00
495.42,44.00
495.44,44.00
495.45,44.00
495.47,44.00
495.48,44.00
495.50,44.00
495.51,44.00
495.53,44.00
495.54,44.00
495.56,43.99
495.57,43.99
495.59,43.99
495.60,43.99
495.61,43.99
495.63,43.99
495.64,43.99
495.66,43.99
495.67,43.99
495.69,43.99
495.70,43.98
495.72,43.98
495.73,43.98
495.75,43.98
495.76,43.98
495.78,43.98
495.79,43.98
495.81,43.98
495.82,43.98
495.84,43.98
495.85,43.98
495.86,43.97
495.88,43.97
495.89,43.97
495.91,43.97
495.92,43.97
495.94,43.97
495.95,43.97
495.97,43.97
495.98,43.97
496.00,43.97
496.01,43.97
496.03,43.96
496.04,43.96
496.06,43.96
496.07,43.96
496.09,43.96
496.10,43.96
496.11,43.96
496.13,43.96
496.14,43.96
496.16,43.96
496.17,43.96
496.19,43.95
496.20,43.95
496.22,43.95
496.23,43.95
496.25,43.95
496.26,43.95
496.28,43.95
496.29,43.95
496.31,43.95
496.32,43.95
496.34,43.95
496.35,43.94
496.36,43.94
496.38,43.94
496.39,43.94
496.41,43.94
496.42,43.94
496.44,43.94
496.45,43.94
496.47,43.94
496.48,43.94
496.50,43.94
496.51,43.93
496.53,43.93
496.54,43.93
496.56,43.93
496.57,43.93
496.59,43.93
496.60,43.93
496.62,43.93
496.63,43.93
496.64,43.93
496.66,43.93
496.67,43.92
496.69,43.92
496.70,43.92
496.72,43.92
496.73,43.92
496.75,43.92
496.76,43.92
496.78,43.92
496.79,43.92
496.81,43.92
496.82,43.92
496.84,43.91
496.85,43.91
496.87,43.91
496.88,43.91
496.89,43.91
496.91,43.91
496.92,43.91
496.94,43.91
496.95,43.91
496.97,43.91
496.98,43.91
497.00,43.90
497.01,43.90
497.03,43.90
497.04,43.90
497.06,43.90
497.07,43.90
497.09,43.90
497.10,43.90
497.12,43.90
497.13,43.90
497.14,43.90
497.16,43.89
497.17,43.89
497.19,43.89
497.20,43.89
497.22,43.89
497.23,43.89
497.25,43.89
497.26,43.89
497.28,43.89
497.29,43.89
497.31,43.89
497.32,43.88
497.34,43.88
497.35,43.88
497.37,43.88
497.38,43.88
497.39,43.88
497.41,43.88
497.42,43.88
497.44,43.88
497.45,43.88
497.47,43.88
497.48,43.87
497.50,43.87
497.51,43.87
497.53,43.87
497.54,43.87
497.56,43.87
497.57,43.87
497.59,43.87
497.60,43.87
497.62,43.87
497.63,43.87
497.64,43.86
497.66,43.86
497.67,43.86
497.69,43.86
497.70,43.86
497.72,43.86
497.73,43.86
497.75,43.86
497.76,43.86
497.78,43.86
497.79,43.86
497.81,43.86
497.82,43.86
497.84,43.86
497.85,43.86
497.87,43.86
497.88,43.86
497.89,43.86
497.91,43.86
497.92,43.86
497.94,43.86
497.95,43.86
497.97,43.86
497.98,43.86
498.00,43.86
498.01,43.86
498.03,43.86
498.04,43.86
498.06,43.86
498.07,43.86
498.09,43.86
498.10,43.86
498.12,43.86
498.13,43.86
498.15,43.86
498.16,43.86
498.17,43.86
498.19,43.86
498.20,43.86
498.22,43.86
498.23,43.86
498.25,43.87
498.26,43.87
498.28,43.87
498.29,43.87
498.31,43.87
498.32,43.87
498.34,43.87
498.35,43.88
498.37,43.88
498.38,43.88
498.40,43.88
498.41,43.88
498.42,43.88
498.44,43.88
498.45,43.88
498.47,43.88
498.48,43.88
498.50,43.88
498.51,43.88
498.53,43.88
498.54,43.88
498.56,43.88
498.57,43.88
498.59,43.88
498.60,43.88
498.62,43.88
498.63,43.88
498.65,43.88
498.66,43.88
498.67,43.88
498.69,43.88
498.70,43.88
498.72,43.88
498.73,43.87
498.75,43.87
498.76,43.87
498.78,43.87
498.79,43.87
498.81,43.87
498.82,43.87
498.84,43.87
498.85,43.87
498.87,43.87
498.88,43.87
498.90,43.86
498.91,43.86
498.92,43.86
498.94,43.86
498.95,43.86
498.97,43.86
498.98,43.86
499.00,43.86
499.01,43.86
499.03,43.87
499.04,43.87
499.06,43.87
499.07,43.87
499.09,43.87
499.10,43.87
499.12,43.88
499.13,43.88
499.15,43.88
499.16,43.88
499.17,43.88
499.19,43.88
499.20,43.88
499.22,43.89
499.23,43.89
499.25,43.89
499.26,43.89
499.28,43.89
499.29,43.89
499.31,43.90
499.32,43.90
499.34,43.90
499.35,43.90
499.37,43.90
499.38,43.90
499.40,43.90
499.41,43.91
499.42,43.91
499.44,43.91
499.45,43.91
499.47,43.91
499.48,43.91
499.50,43.91
499.51,43.92
499.53,43.92
499.54,43.92
499.56,43.92
499.57,43.92
499.59,43.92
499.60,43.93
499.62,43.93
499.63,43.93
499.65,43.93
499.66,43.93
499.68,43.93
499.69,43.93
499.70,43.93
499.72,43.93
499.73,43.93
499.75,43.93
499.76,43.93
499.78,43.93
499.79,43.93
499.81,43.93
499.82,43.93
499.84,43.93
499.85,43.93
499.87,43.93
499.88,43.93
499.90,43.93
499.91,43.93
499.93,43.93
499.94,43.93
499.95,43.93
499.97,43.93
499.98,43.93
500.00,43.93
500.01,43.93
500.03,43.93
500.04,43.93
500.06,43.93
500.07,43.93
500.09,43.93
500.10,43.93
500.12,43.93
500.13,43.93
500.15,43.93
500.16,43.93
500.18,43.93
500.19,43.93
500.20,43.93
500.22,43.93
500.23,43.93
500.25,43.93
500.26,43.93
500.28,43.93
500.29,43.93
500.31,43.93
500.32,43.93
500.34,43.93
500.35,43.93
500.37,43.92
500.38,43.92
500.40,43.92
500.41,43.92
500.43,43.92
500.44,43.92
500.45,43.92
500.47,43.92
500.48,43.92
500.50,43.92
500.51,43.92
500.53,43.92
500.54,43.91
500.56,43.91
500.57,43.91
500.59,43.91
500.60,43.91
500.62,43.91
500.63,43.91
500.65,43.91
500.66,43.91
500.68,43.91
500.69,43.91
500.70,43.90
500.72,43.90
500.73,43.90
500.75,43.90
500.76,43.90
500.78,43.90
500.79,43.90
500.81,43.90
500.82,43.90
500.84,43.90
500.85,43.90
500.87,43.89
500.88,43.89
500.90,43.89
500.91,43.89
500.93,43.89
500.94,43.89
500.95,43.89
500.97,43.89
500.98,43.89
501.00,43.89
501.01,43.89
501.03,43.88
501.04,43.88
501.06,43.88
501.07,43.88
501.09,43.88
501.10,43.88
501.12,43.88
501.13,43.88
501.15,43.88
501.16,43.88
501.18,43.88
501.19,43.88
501.21,43.89
501.22,43.89
501.23,43.89
501.25,43.89
501.26,43.89
501.28,43.89
501.29,43.90
501.31,43.90
501.32,43.90
501.34,43.90
501.35,43.90
501.37,43.90
501.38,43.90
501.40,43.91
501.41,43.91
501.43,43.91
501.44,43.91
501.46,43.91
501.47,43.91
501.48,43.92
501.50,43.92
501.51,43.92
501.53,43.92
501.54,43.92
501.56,43.92
501.57,43.92
501.59,43.93
501.60,43.93
501.62,43.93
501.63,43.93
501.65,43.93
501.66,43.93
501.68,43.93
501.69,43.94
501.71,43.94
501.72,43.94
501.73,43.94
501.75,43.94
501.76,43.94
501.78,43.94
501.79,43.94
501.81,43.94
501.82,43.94
501.84,43.94
501.85,43.94
501.87,43.94
501.88,43.94
501.90,43.94
501.91,43.93
501.93,43.93
501.94,43.93
501.96,43.93
501.97,43.93
501.98,43.93
502.00,43.93
502.01,43.93
502.03,43.93
502.04,43.93
502.06,43.93
502.07,43.92
502.09,43.92
502.10,43.92
502.12,43.92
502.13,43.92
502.15,43.92
502.16,43.92
502.18,43.92
502.19,43.92
502.21,43.92
502.22,43.92
502.23,43.91
502.25,43.91
502.26,43.91
502.28,43.91
502.29,43.91
502.31,43.91
502.32,43.91
502.34,43.91
502.35,43.91
502.37,43.91
502.38,43.91
502.40,43.90
502.41,43.90
502.43,43.90
502.44,43.90
502.46,43.90
502.47,43.90
502.48,43.90
502.50,43.90
502.51,43.90
502.53,43.90
502.54,43.90
502.56,43.89
502.57,43.89
502.59,43.89
502.60,43.89
502.62,43.89
502.63,43.89
502.65,43.89
502.66,43.89
502.68,43.89
502.69,43.89
502.71,43.89
502.72,43.89
502.74,43.89
502.75,43.89
502.76,43.89
502.78,43.89
502.79,43.89
502.81,43.89
502.82,43.89
502.84,43.89
502.85,43.89
502.87,43.89
502.88,43.89
502.90,43.89
502.91,43.88
502.93,43.88
502.94,43.88
502.96,43.88
502.97,43.88
502.99,43.88
503.00,43.88
503.01,43.88
503.03,43.88
503.04,43.88
503.06,43.88
503.07,43.88
503.09,43.88
503.10,43.88
503.12,43.88
503.13,43.88
503.15,43.88
503.16,43.88
503.18,43.88
503.19,43.88
503.21,43.88
503.22,43.88
503.24,43.88
503.25,43.88
503.26,43.88
503.28,43.88
503.29,43.88
503.31,43.88
503.32,43.88
503.34,43.88
503.35,43.89
503.37,43.89
503.38,43.89
503.40,43.89
503.41,43.89
503.43,43.89
503.44,43.90
503.46,43.90
503.47,43.90
503.49,43.90
503.50,43.90
503.51,43.90
503.53,43.90
503.54,43.91
503.56,43.91
503.57,43.91
503.59,43.91
503.60,43.91
503.62,43.91
503.63,43.92
503.65,43.92
503.66,43.92
503.68,43.92
503.69,43.92
503.71,43.92
503.72,43.92
503.74,43.93
503.75,43.93
503.76,43.93
503.78,43.93
503.79,43.93
503.81,43.93
503.82,43.94
503.84,43.93
503.85,43.93
503.87,43.93
503.88,43.93
503.90,43.93
503.91,43.93
503.93,43.93
503.94,43.93
503.96,43.93
503.97,43.93
503.99,43.93
504.00,43.93
504.01,43.93
504.03,43.93
504.04,43.93
504.06,43.93
504.07,43.93
504.09,43.93
504.10,43.93
504.12,43.93
504.13,43.93
504.15,43.93
504.16,43.93
504.18,43.93
504.19,43.93
504.21,43.93
504.22,43.93
504.24,43.92
504.25,43.93
504.27,43.93
504.28,43.93
504.29,43.93
504.31,43.93
504.32,43.93
504.34,43.94
504.35,43.94
504.37,43.94
504.38,43.94
504.40,43.94
504.41,43.94
504.43,43.95
504.44,43.95
504.46,43.95
504.47,43.95
504.49,43.95
504.50,43.95
504.52,43.95
504.53,43.96
504.54,43.96
504.56,43.96
504.57,43.96
504.59,43.96
504.60,43.96
504.62,43.96
504.63,43.97
504.65,43.97
504.66,43.97
504.68,43.97
504.69,43.97
504.71,43.97
504.72,43.98
504.74,43.98
504.75,43.98
504.77,43.98
504.78,43.98
504.79,43.98
504.81,43.98
504.82,43.99
504.84,43.99
504.85,43.99
504.87,43.99
504.88,43.99
504.90,43.99
504.91,44.00
504.93,44.00
504.94,44.00
504.96,44.00
504.97,44.00
504.99,44.00
505.00,44.00
505.02,44.01
505.03,44.01
505.04,44.01
505.06,44.01
505.07,44.01
505.09,44.01
505.10,44.01
505.12,44.02
505.13,44.02
505.15,44.02
505.16,44.02
505.18,44.02
505.19,44.02
505.21,44.03
505.22,44.03
505.24,44.03
505.25,44.03
505.27,44.03
505.28,44.03
505.29,44.03
505.31,44.04
505.32,44.04
505.34,44.04
505.35,44.04
505.37,44.04
505.38,44.04
505.40,44.04
505.41,44.05
505.43,44.05
505.44,44.05
505.46,44.05
505.47,44.05
505.49,44.05
505.50,44.06
505.52,44.06
505.53,44.06
505.54,44.06
505.56,44.06
505.57,44.06
505.59,44.06
505.60,44.07
505.62,44.07
505.63,44.06
505.65,44.06
505.66,44.06
505.68,44.06
505.69,44.06
505.71,44.06
505.72,44.06
505.74,44.06
505.75,44.06
505.77,44.06
505.78,44.05
505.80,44.05
505.81,44.05
505.82,44.05
505.84,44.05
505.85,44.05
505.87,44.05
505.88,44.05
505.90,44.05
505.91,44.05
505.93,44.05
505.94,44.04
505.96,44.04
505.97,44.04
505.99,44.04
506.00,44.04
506.02,44.04
506.03,44.04
506.05,44.04
506.06,44.04
506.07,44.04
506.09,44.04
506.10,44.04
506.12,44.04
506.13,44.04
506.15,44.04
506.16,44.04
506.18,44.04
506.19,44.04
506.21,44.04
506.22,44.04
506.24,44.04
506.25,44.03
506.27,44.03
506.28,44.03
506.30,44.03
506.31,44.03
506.32,44.03
506.34,44.03
506.35,44.03
506.37,44.03
506.38,44.03
506.40,44.03
506.41,44.03
506.43,44.03
506.44,44.03
506.46,44.03
506.47,44.03
506.49,44.03
506.50,44.03
506.52,44.03
506.53,44.03
506.55,44.03
506.56,44.03
506.57,44.03
506.59,44.03
506.60,44.03
506.62,44.03
506.63,44.03
506.65,44.03
506.66,44.03
506.68,44.03
506.69,44.03
506.71,44.03
506.72,44.03
506.74,44.03
506.75,44.03
506.77,44.03
506.78,44.03
506.80,44.03
506.81,44.03
506.82,44.03
506.84,44.03
506.85,44.02
506.87,44.02
506.88,44.02
506.90,44.02
506.91,44.03
506.93,44.03
506.94,44.03
506.96,44.03
506.97,44.03
506.99,44.03
507.00,44.04
507.02,44.04
507.03,44.04
507.05,44.04
507.06,44.04
507.07,44.04
507.09,44.04
507.10,44.05
507.12,44.05
507.13,44.05
507.15,44.05
507.16,44.05
507.18,44.05
507.19,44.05
507.21,44.05
507.22,44.05
507.24,44.05
507.25,44.05
507.27,44.05
507.28,44.05
507.30,44.05
507.31,44.05
507.33,44.05
507.34,44.05
507.35,44.05
507.37,44.05
507.38,44.05
507.40,44.05
507.41,44.05
507.43,44.05
507.44,44.05
507.46,44.05
507.47,44.05
507.49,44.05
507.50,44.05
507.52,44.05
507.53,44.05
507.55,44.05
507.56,44.05
507.58,44.05
507.59,44.04
507.60,44.04
507.62,44.04
507.63,44.04
507.65,44.04
507.66,44.04
507.68,44.04
507.69,44.04
507.71,44.04
507.72,44.04
507.74,44.04
507.75,44.03
507.77,44.03
507.78,44.03
507.80,44.03
507.81,44.03
507.83,44.03
507.84,44.03
507.85,44.03
507.87,44.03
507.88,44.03
507.90,44.02
507.91,44.02
507.93,44.02
507.94,44.02
507.96,44.02
507.97,44.03
507.99,44.03
508.00,44.03
508.02,44.03
508.03,44.03
508.05,44.03
508.06,44.03
508.08,44.04
508.09,44.04
508.10,44.04
508.12,44.04
508.13,44.04
508.15,44.04
508.16,44.05
508.18,44.05
508.19,44.05
508.21,44.05
508.22,44.05
508.24,44.05
508.25,44.05
508.27,44.06
508.28,44.06
508.30,44.06
508.31,44.06
508.33,44.06
508.34,44.06
508.35,44.06
508.37,44.07
508.38,44.07
508.40,44.07
508.41,44.07
508.43,44.07
508.44,44.07
508.46,44.08
508.47,44.08
508.49,44.08
508.50,44.08
508.52,44.08
508.53,44.08
508.55,44.08
508.56,44.09
508.58,44.09
508.59,44.09
508.60,44.09
508.62,44.09
508.63,44.09
508.65,44.09
508.66,44.10
508.68,44.10
508.69,44.10
508.71,44.10
508.72,44.10
508.74,44.10
508.75,44.11
508.77,44.11
508.78,44.11
508.80,44.11
508.81,44.11
508.83,44.11
508.84,44.11
508.86,44.12
508.87,44.12
508.88,44.12
508.90,44.12
508.91,44.12
508.93,44.12
508.94,44.12
508.96,44.13
508.97,44.13
508.99,44.13
509.00,44.13
509.02,44.13
509.03,44.13
509.05,44.14
509.06,44.14
509.08,44.14
509.09,44.14
509.11,44.14
509.12,44.14
509.13,44.14
509.15,44.15
509.16,44.15
509.18,44.15
509.19,44.15
509.21,44.15
509.22,44.15
509.24,44.15
509.25,44.16
509.27,44.16
509.28,44.16
509.30,44.16
509.31,44.16
509.33,44.16
509.34,44.16
509.36,44.16
509.37,44.16
509.38,44.16
509.40,44.15
509.41,44.15
509.43,44.15
509.44,44.15
509.46,44.15
509.47,44.15
509.49,44.15
509.50,44.15
509.52,44.15
509.53,44.15
509.55,44.14
509.56,44.14
509.58,44.14
509.59,44.14
509.61,44.14
509.62,44.14
509.63,44.14
509.65,44.14
509.66,44.14
509.68,44.14
509.69,44.14
509.71,44.13
509.72,44.13
509.74,44.13
509.75,44.13
509.77,44.13
509.78,44.13
509.80,44.13
509.81,44.13
509.83,44.13
509.84,44.13
509.86,44.13
509.87,44.12
509.88,44.12
509.90,44.12
509.91,44.12
509.93,44.12
509.94,44.12
509.96,44.12
509.97,44.12
509.99,44.12
510.00,44.12
510.02,44.11
510.03,44.11
510.05,44.11
510.06,44.11
510.08,44.11
510.09,44.11
510.11,44.11
510.12,44.11
510.13,44.11
510.15,44.11
510.16,44.11
510.18,44.10
510.19,44.10
510.21,44.10
510.22,44.10
510.24,44.10
510.25,44.10
510.27,44.10
510.28,44.10
510.30,44.10
510.31,44.10
510.33,44.10
510.34,44.09
510.36,44.09
510.37,44.09
510.38,44.09
510.40,44.09
510.41,44.09
510.43,44.09
510.44,44.09
510.46,44.09
510.47,44.09
510.49,44.09
510.50,44.08
510.52,44.08
510.53,44.08
510.55,44.08
510.56,44.08
510.58,44.08
510.59,44.08
510.61,44.08
510.62,44.08
510.64,44.08
510.65,44.08
510.66,44.08
510.68,44.08
510.69,44.08
510.71,44.08
510.72,44.08
510.74,44.08
510.75,44.08
510.77,44.08
510.78,44.08
510.80,44.08
510.81,44.08
510.83,44.08
510.84,44.08
510.86,44.08
510.87,44.08
510.89,44.08
510.90,44.08
510.91,44.08
510.93,44.08
510.94,44.08
510.96,44.08
510.97,44.08
510.99,44.08
511.00,44.08
511.02,44.08
511.03,44.08
511.05,44.08
511.06,44.08
511.08,44.08
511.09,44.08
511.11,44.08
511.12,44.08
511.14,44.08
511.15,44.08
511.16,44.08
511.18,44.08
511.19,44.08
511.21,44.08
511.22,44.08
511.24,44.08
511.25,44.08
511.27,44.08
511.28,44.08
511.30,44.08
511.31,44.08
511.33,44.07
511.34,44.07
511.36,44.07
511.37,44.07
511.39,44.07
511.40,44.07
511.41,44.07
511.43,44.07
511.44,44.07
511.46,44.07
511.47,44.07
511.49,44.06
511.50,44.06
511.52,44.06
511.53,44.06
511.55,44.06
511.56,44.06
511.58,44.06
511.59,44.06
511.61,44.06
511.62,44.06
511.64,44.06
511.65,44.05
511.66,44.05
511.68,44.05
511.69,44.05
511.71,44.05
511.72,44.06
511.74,44.06
511.75,44.06
511.77,44.06
511.78,44.06
511.80,44.06
511.81,44.06
511.83,44.07
511.84,44.07
511.86,44.07
511.87,44.07
511.89,44.07
511.90,44.07
511.91,44.07
511.93,44.08
511.94,44.08
511.96,44.08
511.97,44.08
511.99,44.08
512.00,44.08
512.02,44.09
512.03,44.09
512.05,44.09
512.06,44.09
512.08,44.09
512.09,44.09
512.11,44.09
512.12,44.10
512.14,44.10
512.15,44.10
512.17,44.10
512.18,44.10
512.19,44.10
512.21,44.11
512.22,44.11
512.24,44.11
512.25,44.11
512.27,44.11
512.28,44.11
512.30,44.11
512.31,44.12
512.33,44.12
512.34,44.12
512.36,44.12
512.37,44.12
512.39,44.12
512.40,44.12
512.42,44.13
512.43,44.13
512.44,44.13
512.46,44.13
512.47,44.13
512.49,44.13
512.50,44.14
512.52,44.13
512.53,44.13
512.55,44.13
512.56,44.13
512.58,44.13
512.59,44.13
512.61,44.13
512.62,44.13
512.64,44.13
512.65,44.13
512.67,44.13
512.68,44.13
512.69,44.13
512.71,44.13
512.72,44.13
512.74,44.13
512.75,44.13
512.77,44.13
512.78,44.13
512.80,44.13
512.81,44.13
512.83,44.13
512.84,44.13
512.86,44.13
512.87,44.13
512.89,44.13
512.90,44.13
512.92,44.13
512.93,44.13
512.94,44.13
512.96,44.13
512.97,44.13
512.99,44.13
513.00,44.13
513.02,44.13
513.03,44.13
513.05,44.13
513.06,44.13
513.08,44.13
513.09,44.13
513.11,44.13
513.12,44.13
513.14,44.13
513.15,44.13
513.17,44.13
513.18,44.13
513.19,44.13
513.21,44.13
513.22,44.13
513.24,44.13
513.25,44.13
513.27,44.13
513.28,44.12
513.30,44.12
513.31,44.12
513.33,44.12
513.34,44.12
513.36,44.12
513.37,44.12
513.39,44.12
513.40,44.12
513.42,44.12
513.43,44.12
513.44,44.11
513.46,44.11
513.47,44.11
513.49,44.11
513.50,44.11
513.52,44.11
513.53,44.11
513.55,44.11
513.56,44.11
513.58,44.11
513.59,44.11
513.61,44.11
513.62,44.11
513.64,44.11
513.65,44.11
513.67,44.11
513.68,44.11
513.70,44.11
513.71,44.11
513.72,44.11
513.74,44.11
513.75,44.11
513.77,44.11
513.78,44.11
513.80,44.11
513.81,44.11
513.83,44.11
513.84,44.11
513.86,44.11
513.87,44.11
513.89,44.11
513.90,44.11
513.92,44.11
513.93,44.11
513.95,44.11
513.96,44.11
513.97,44.11
513.99,44.11
514.00,44.11
514.02,44.11
514.03,44.11
514.05,44.11
514.06,44.10
514.08,44.10
514.09,44.10
514.11,44.10
514.12,44.10
514.14,44.10
514.15,44.10
514.17,44.11
514.18,44.11
514.20,44.11
514.21,44.11
514.22,44.11
514.24,44.11
514.25,44.12
514.27,44.12
514.28,44.12
514.30,44.12
514.31,44.12
514.33,44.12
514.34,44.12
514.36,44.13
514.37,44.13
514.39,44.13
514.40,44.13
514.42,44.13
514.43,44.13
514.45,44.13
514.46,44.14
514.47,44.14
514.49,44.14
514.50,44.14
514.52,44.14
514.53,44.14
514.55,44.15
514.56,44.15
514.58,44.15
514.59,44.15
514.61,44.15
514.62,44.15
514.64,44.15
514.65,44.16
514.67,44.16
514.68,44.16
514.70,44.16
514.71,44.16
514.72,44.16
514.74,44.16
514.75,44.17
514.77,44.17
514.78,44.17
514.80,44.17
514.81,44.17
514.83,44.17
514.84,44.18
514.86,44.18
514.87,44.18
514.89,44.18
514.90,44.18
514.92,44.18
514.93,44.18
514.95,44.19
514.96,44.19
514.97,44.19
514.99,44.19
515.00,44.19
515.02,44.19
515.03,44.19
515.05,44.20
515.06,44.20
515.08,44.20
515.09,44.20
515.11,44.20
515.12,44.20
515.14,44.20
515.15,44.21
515.17,44.21
515.18,44.21
515.20,44.21
515.21,44.21
515.23,44.21
515.24,44.22
515.25,44.22
515.27,44.22
515.28,44.22
515.30,44.22
515.31,44.22
515.33,44.22
515.34,44.23
515.36,44.23
515.37,44.23
515.39,44.23
515.40,44.23
515.42,44.23
515.43,44.23
515.45,44.24
515.46,44.24
515.48,44.24
515.49,44.24
515.50,44.24
515.52,44.24
515.53,44.24
515.55,44.24
515.56,44.24
515.58,44.24
515.59,44.24
515.61,44.24
515.62,44.24
515.64,44.24
515.65,44.24
515.67,44.24
515.68,44.24
515.70,44.24
515.71,44.24
515.73,44.24
515.74,44.24
515.75,44.23
515.77,44.23
515.78,44.23
515.80,44.23
515.81,44.23
515.83,44.23
515.84,44.23
515.86,44.23
515.87,44.23
515.89,44.23
515.90,44.23
515.92,44.23
515.93,44.23
515.95,44.23
515.96,44.23
515.98,44.23
515.99,44.23
516.00,44.23
516.02,44.23
516.03,44.23
516.05,44.23
516.06,44.23
516.08,44.23
516.09,44.23
516.11,44.22
516.12,44.22
516.14,44.22
516.15,44.22
516.17,44.22
516.18,44.22
516.20,44.22
516.21,44.22
516.23,44.22
516.24,44.22
516.25,44.22
516.27,44.21
516.28,44.21
516.30,44.21
516.31,44.21
516.33,44.21
516.34,44.21
516.36,44.21
516.37,44.21
516.39,44.21
516.40,44.21
516.42,44.21
516.43,44.20
516.45,44.20
516.46,44.20
516.48,44.20
516.49,44.20
516.50,44.20
516.52,44.21
516.53,44.21
516.55,44.21
516.56,44.21
516.58,44.21
516.59,44.21
516.61,44.22
516.62,44.22
516.64,44.22
516.65,44.22
516.67,44.22
516.68,44.22
516.70,44.22
516.71,44.23
516.73,44.23
516.74,44.23
516.76,44.23
516.77,44.23
516.78,44.23
516.80,44.23
516.81,44.24
516.83,44.24
516.84,44.24
516.86,44.24
516.87,44.24
516.89,44.24
516.90,44.25
516.92,44.25
516.93,44.25
516.95,44.25
516.96,44.25
516.98,44.25
516.99,44.25
517.01,44.26
517.02,44.26
517.03,44.26
517.05,44.26
517.06,44.26
517.08,44.26
517.09,44.26
517.11,44.27
517.12,44.27
517.14,44.27
517.15,44.27
517.17,44.27
517.18,44.27
517.20,44.27
517.21,44.28
517.23,44.28
517.24,44.28
517.26,44.28
517.27,44.28
517.28,44.28
517.30,44.29
517.31,44.29
517.33,44.29
517.34,44.29
517.36,44.29
517.37,44.29
517.39,44.29
517.40,44.30
517.42,44.30
517.43,44.30
517.45,44.30
517.46,44.30
517.48,44.30
517.49,44.30
517.51,44.30
517.52,44.30
517.53,44.30
517.55,44.30
517.56,44.30
517.58,44.30
517.59,44.30
517.61,44.30
517.62,44.30
517.64,44.30
517.65,44.30
517.67,44.30
517.68,44.30
517.70,44.30
517.71,44.30
517.73,44.30
517.74,44.30
517.76,44.30
517.77,44.30
517.78,44.30
517.80,44.30
517.81,44.30
517.83,44.30
517.84,44.30
517.86,44.30
517.87,44.30
517.89,44.30
517.90,44.30
517.92,44.30
517.93,44.30
517.95,44.30
517.96,44.29
517.98,44.29
517.99,44.29
518.01,44.29
518.02,44.29
518.03,44.29
518.05,44.29
518.06,44.29
518.08,44.29
518.09,44.29
518.11,44.29
518.12,44.29
518.14,44.29
518.15,44.29
518.17,44.29
518.18,44.29
518.20,44.29
518.21,44.29
518.23,44.29
518.24,44.29
518.26,44.28
518.27,44.28
518.29,44.28
518.30,44.28
518.31,44.28
518.33,44.28
518.34,44.28
518.36,44.28
518.37,44.28
518.39,44.28
518.40,44.28
518.42,44.28
518.43,44.28
518.45,44.28
518.46,44.28
518.48,44.29
518.49,44.29
518.51,44.29
518.52,44.29
518.54,44.29
518.55,44.29
518.56,44.29
518.58,44.30
518.59,44.30
518.61,44.30
518.62,44.30
518.64,44.30
518.65,44.30
518.67,44.30
518.68,44.31
518.70,44.31
518.71,44.31
518.73,44.31
518.74,44.31
518.76,44.31
518.77,44.32
518.79,44.32
518.80,44.32
518.81,44.32
518.83,44.32
518.84,44.32
518.86,44.32
518.87,44.33
518.89,44.33
518.90,44.33
518.92,44.33
518.93,44.33
518.95,44.33
518.96,44.33
518.98,44.33
518.99,44.33
519.01,44.33
519.02,44.33
519.04,44.34
519.05,44.34
519.06,44.34
519.08,44.34
519.09,44.34
519.11,44.34
519.12,44.34
519.14,44.34
519.15,44.34
519.17,44.34
519.18,44.34
519.20,44.34
519.21,44.34
519.23,44.34
519.24,44.34
519.26,44.34
519.27,44.34
519.29,44.34
519.30,44.35
519.31,44.35
519.33,44.35
519.34,44.35
519.36,44.35
519.37,44.35
519.39,44.35
519.40,44.35
519.42,44.35
519.43,44.35
519.45,44.35
519.46,44.35
519.48,44.35
519.49,44.35
519.51,44.35
519.52,44.35
519.54,44.35
519.55,44.35
519.56,44.36
519.58,44.36
519.59,44.36
519.61,44.36
519.62,44.36
519.64,44.36
519.65,44.36
519.67,44.36
519.68,44.36
519.70,44.36
519.71,44.36
519.73,44.36
519.74,44.36
519.76,44.36
519.77,44.36
519.79,44.36
519.80,44.36
519.82,44.36
519.83,44.36
519.84,44.36
519.86,44.36
519.87,44.36
519.89,44.35
519.90,44.35
519.92,44.35
519.93,44.35
519.95,44.35
519.96,44.35
519.98,44.35
519.99,44.35
520.01,44.35
520.02,44.35
520.04,44.35
520.05,44.34
520.07,44.34
520.08,44.34
520.09,44.34
520.11,44.34
520.12,44.34
520.14,44.34
520.15,44.34
520.17,44.34
520.18,44.34
520.20,44.33
520.21,44.33
520.23,44.33
520.24,44.33
520.26,44.33
520.27,44.33
520.29,44.33
520.30,44.33
520.32,44.33
520.33,44.33
520.34,44.33
520.36,44.32
520.37,44.32
520.39,44.32
520.40,44.32
520.42,44.32
520.43,44.32
520.45,44.32
520.46,44.32
520.48,44.32
520.49,44.32
520.51,44.31
520.52,44.31
520.54,44.31
520.55,44.31
520.57,44.31
520.58,44.31
520.59,44.31
520.61,44.31
520.62,44.31
520.64,44.31
520.65,44.31
520.67,44.30
520.68,44.30
520.70,44.30
520.71,44.30
520.73,44.30
520.74,44.30
520.76,44.30
520.77,44.30
520.79,44.30
520.80,44.30
520.82,44.29
520.83,44.29
520.84,44.29
520.86,44.29
520.87,44.29
520.89,44.29
520.90,44.29
520.92,44.29
520.93,44.29
520.95,44.29
520.96,44.29
520.98,44.28
520.99,44.28
521.01,44.28
521.02,44.28
521.04,44.28
521.05,44.28
521.07,44.28
521.08,44.28
521.09,44.28
521.11,44.28
521.12,44.27
521.14,44.27
521.15,44.27
521.17,44.27
521.18,44.27
521.20,44.27
521.21,44.27
521.23,44.27
521.24,44.27
521.26,44.27
521.27,44.27
521.29,44.26
521.30,44.26
521.32,44.26
521.33,44.26
521.35,44.26
521.36,44.26
521.37,44.26
521.39,44.26
521.40,44.26
521.42,44.26
521.43,44.25
521.45,44.25
521.46,44.25
521.48,44.25
521.49,44.25
521.51,44.25
521.52,44.25
521.54,44.25
521.55,44.25
521.57,44.25
521.58,44.25
521.60,44.25
521.61,44.25
521.62,44.25
521.64,44.25
521.65,44.25
521.67,44.25
521.68,44.25
521.70,44.25
521.71,44.25
521.73,44.25
521.74,44.25
521.76,44.25
521.77,44.25
521.79,44.25
521.80,44.25
521.82,44.25
521.83,44.25
521.85,44.25
521.86,44.25
521.87,44.25
521.89,44.25
521.90,44.25
521.92,44.25
521.93,44.25
521.95,44.25
521.96,44.25
521.98,44.25
521.99,44.25
522.01,44.25
522.02,44.25
522.04,44.25
522.05,44.24
522.07,44.24
522.08,44.24
522.10,44.24
522.11,44.24
522.12,44.24
522.14,44.24
522.15,44.24
522.17,44.24
522.18,44.24
522.20,44.24
522.21,44.24
522.23,44.24
522.24,44.24
522.26,44.24
522.27,44.24
522.29,44.24
522.30,44.24
522.32,44.24
522.33,44.24
522.35,44.24
522.36,44.24
522.37,44.24
522.39,44.24
522.40,44.24
522.42,44.24
522.43,44.24
522.45,44.24
522.46,44.24
522.48,44.24
522.49,44.24
522.51,44.24
522.52,44.24
522.54,44.24
522.55,44.24
522.57,44.24
522.58,44.24
522.60,44.24
522.61,44.24
522.62,44.24
522.64,44.24
522.65,44.24
522.67,44.24
522.68,44.24
522.70,44.24
522.71,44.24
522.73,44.24
522.74,44.24
522.76,44.23
522.77,44.23
522.79,44.24
522.80,44.24
522.82,44.24
522.83,44.24
522.85,44.24
522.86,44.24
522.88,44.24
522.89,44.25
522.90,44.25
522.92,44.25
522.93,44.25
522.95,44.25
522.96,44.25
522.98,44.26
522.99,44.26
523.01,44.26
523.02,44.26
523.04,44.26
523.05,44.26
523.07,44.26
523.08,44.27
523.10,44.27
523.11,44.27
523.13,44.27
523.14,44.27
523.15,44.27
523.17,44.27
523.18,44.28
523.20,44.28
523.21,44.28
523.23,44.28
523.24,44.28
523.26,44.28
523.27,44.29
523.29,44.29
523.30,44.29
523.32,44.29
523.33,44.29
523.35,44.29
523.36,44.29
523.38,44.30
523.39,44.30
523.40,44.30
523.42,44.30
523.43,44.30
523.45,44.30
523.46,44.30
523.48,44.31
523.49,44.31
523.51,44.31
523.52,44.31
523.54,44.31
523.55,44.31
523.57,44.31
523.58,44.32
523.60,44.32
523.61,44.32
523.63,44.32
523.64,44.32
523.65,44.32
523.67,44.33
523.68,44.33
523.70,44.33
523.71,44.33
523.73,44.33
523.74,44.33
523.76,44.33
523.77,44.34
523.79,44.34
523.80,44.34
523.82,44.34
523.83,44.34
523.85,44.34
523.86,44.34
523.88,44.35
523.89,44.35
523.90,44.35
523.92,44.35
523.93,44.35
523.95,44.35
523.96,44.35
523.98,44.36
523.99,44.36
524.01,44.36
524.02,44.36
524.04,44.36
524.05,44.36
524.07,44.37
524.08,44.37
524.10,44.37
524.11,44.37
524.13,44.37
524.14,44.37
524.15,44.37
524.17,44.38
524.18,44.38
524.20,44.38
524.21,44.38
524.23,44.38
524.24,44.38
524.26,44.38
524.27,44.39
524.29,44.39
524.30,44.39
524.32,44.39
524.33,44.39
524.35,44.39
524.36,44.39
524.38,44.39
524.39,44.39
524.41,44.39
524.42,44.39
524.43,44.39
524.45,44.39
524.46,44.39
524.48,44.39
524.49,44.39
524.51,44.39
524.52,44.39
524.54,44.38
524.55,44.38
524.57,44.38
524.58,44.38
524.60,44.38
524.61,44.38
524.63,44.38
524.64,44.38
524.66,44.38
524.67,44.38
524.68,44.37
524.70,44.37
524.71,44.37
524.73,44.37
524.74,44.37
524.76,44.37
524.77,44.37
524.79,44.37
524.80,44.37
524.82,44.37
524.83,44.36
524.85,44.36
524.86,44.36
524.88,44.36
524.89,44.36
524.91,44.36
524.92,44.36
524.93,44.36
524.95,44.36
524.96,44.36
524.98,44.36
524.99,44.35
525.01,44.35
525.02,44.35
525.04,44.35
525.05,44.35
525.07,44.35
525.08,44.35
525.10,44.35
525.11,44.35
525.13,44.35
525.14,44.34
525.16,44.34
525.17,44.34
525.18,44.34
525.20,44.34
525.21,44.34
525.23,44.34
525.24,44.34
525.26,44.34
525.27,44.34
525.29,44.34
525.30,44.33
525.32,44.33
525.33,44.33
525.35,44.33
525.36,44.33
525.38,44.33
525.39,44.33
525.41,44.33
525.42,44.33
525.43,44.33
525.45,44.33
525.46,44.33
525.48,44.33
525.49,44.33
525.51,44.33
525.52,44.33
525.54,44.33
525.55,44.33
525.57,44.33
525.58,44.33
525.60,44.33
525.61,44.33
525.63,44.33
525.64,44.33
525.66,44.33
525.67,44.33
525.68,44.33
525.70,44.33
525.71,44.33
525.73,44.33
525.74,44.33
525.76,44.33
525.77,44.33
525.79,44.33
525.80,44.33
525.82,44.33
525.83,44.33
525.85,44.33
525.86,44.33
525.88,44.33
525.89,44.33
525.91,44.33
525.92,44.33
525.94,44.33
525.95,44.33
525.96,44.33
525.98,44.33
525.99,44.32
526.01,44.32
526.02,44.33
526.04,44.33
526.05,44.33
526.07,44.33
526.08,44.33
526.10,44.33
526.11,44.33
526.13,44.34
526.14,44.34
526.16,44.34
526.17,44.34
526.19,44.34
526.20,44.34
526.21,44.34
526.23,44.35
526.24,44.35
526.26,44.35
526.27,44.35
526.29,44.35
526.30,44.35
526.32,44.35
526.33,44.36
526.35,44.36
526.36,44.36
526.38,44.36
526.39,44.36
526.41,44.36
526.42,44.37
526.44,44.37
526.45,44.37
526.46,44.37
526.48,44.37
526.49,44.37
526.51,44.37
526.52,44.38
526.54,44.38
526.55,44.38
526.57,44.38
526.58,44.38
526.60,44.38
526.61,44.38
526.63,44.38
526.64,44.38
526.66,44.38
526.67,44.38
526.69,44.38
526.70,44.38
526.71,44.38
526.73,44.38
526.74,44.38
526.76,44.38
526.77,44.38
526.79,44.38
526.80,44.38
526.82,44.38
526.83,44.38
526.85,44.38
526.86,44.38
526.88,44.38
526.89,44.38
526.91,44.38
526.92,44.38
526.94,44.38
526.95,44.38
526.96,44.38
526.98,44.38
526.99,44.38
527.01,44.38
527.02,44.38
527.04,44.38
527.05,44.38
527.07,44.38
527.08,44.38
527.10,44.38
527.11,44.38
527.13,44.38
527.14,44.38
527.16,44.38
527.17,44.38
527.19,44.38
527.20,44.37
527.21,44.37
527.23,44.37
527.24,44.37
527.26,44.37
527.27,44.37
527.29,44.37
527.30,44.37
527.32,44.37
527.33,44.37
527.35,44.36
527.36,44.36
527.38,44.36
527.39,44.36
527.41,44.36
527.42,44.36
527.44,44.36
527.45,44.36
527.47,44.36
527.48,44.36
527.49,44.36
527.51,44.35
527.52,44.35
527.54,44.35
527.55,44.35
527.57,44.35
527.58,44.35
527.60,44.36
527.61,44.36
527.63,44.36
527.64,44.36
527.66,44.36
527.67,44.36
527.69,44.37
527.70,44.37
527.72,44.37
527.73,44.37
527.74,44.37
527.76,44.37
527.77,44.37
527.79,44.38
527.80,44.38
527.82,44.38
527.83,44.38
527.85,44.38
527.86,44.38
527.88,44.38
527.89,44.38
527.91,44.38
527.92,44.38
527.94,44.38
527.95,44.38
527.97,44.38
527.98,44.38
527.99,44.38
528.01,44.38
528.02,44.38
528.04,44.38
528.05,44.38
528.07,44.38
528.08,44.38
528.10,44.38
528.11,44.38
528.13,44.38
528.14,44.38
528.16,44.38
528.17,44.37
528.19,44.37
528.20,44.37
528.22,44.37
528.23,44.37
528.24,44.37
528.26,44.37
528.27,44.37
528.29,44.37
528.30,44.37
528.32,44.37
528.33,44.37
528.35,44.37
528.36,44.37
528.38,44.36
528.39,44.36
528.41,44.36
528.42,44.36
528.44,44.36
528.45,44.36
528.47,44.36
528.48,44.36
528.49,44.36
528.51,44.36
528.52,44.36
528.54,44.35
528.55,44.36
528.57,44.36
528.58,44.36
528.60,44.36
528.61,44.36
528.63,44.36
528.64,44.36
528.66,44.37
528.67,44.37
528.69,44.37
528.70,44.37
528.72,44.37
528.73,44.37
528.74,44.38
528.76,44.38
528.77,44.38
528.79,44.38
528.80,44.38
528.82,44.38
528.83,44.38
528.85,44.39
528.86,44.39
528.88,44.39
528.89,44.39
528.91,44.39
528.92,44.39
528.94,44.39
528.95,44.40
528.97,44.40
528.98,44.40
529.00,44.40
529.01,44.40
529.02,44.40
529.04,44.40
529.05,44.41
529.07,44.41
529.08,44.41
529.10,44.41
529.11,44.41
529.13,44.41
529.14,44.41
529.16,44.41
529.17,44.41
529.19,44.40
529.20,44.40
529.22,44.40
529.23,44.40
529.25,44.40
529.26,44.40
529.27,44.40
529.29,44.40
529.30,44.40
529.32,44.40
529.33,44.40
529.35,44.40
529.36,44.40
529.38,44.40
529.39,44.40
529.41,44.40
529.42,44.40
529.44,44.40
529.45,44.40
529.47,44.40
529.48,44.40
529.50,44.40
529.51,44.40
529.52,44.40
529.54,44.40
529.55,44.39
529.57,44.39
529.58,44.39
529.60,44.39
529.61,44.39
529.63,44.39
529.64,44.39
529.66,44.39
529.67,44.39
529.69,44.39
529.70,44.39
529.72,44.38
529.73,44.38
529.75,44.38
529.76,44.38
529.77,44.38
529.79,44.38
529.80,44.38
529.82,44.38
529.83,44.38
529.85,44.38
529.86,44.38
529.88,44.39
529.89,44.39
529.91,44.39
529.92,44.39
529.94,44.39
529.95,44.39
529.97,44.40
529.98,44.40
530.00,44.40
530.01,44.40
530.02,44.40
530.04,44.40
530.05,44.40
530.07,44.41
530.08,44.41
530.10,44.41
530.11,44.41
530.13,44.41
530.14,44.41
530.16,44.41
530.17,44.42
530.19,44.42
530.20,44.42
530.22,44.42
530.23,44.42
530.25,44.42
530.26,44.42
530.27,44.43
530.29,44.43
530.30,44.43
530.32,44.43
530.33,44.43
530.35,44.43
530.36,44.43
530.38,44.44
530.39,44.44
530.41,44.44
530.42,44.44
530.44,44.44
530.45,44.44
530.47,44.44
530.48,44.44
530.50,44.44
530.51,44.44
530.52,44.44
530.54,44.44
530.55,44.45
530.57,44.45
530.58,44.45
530.60,44.45
530.61,44.45
530.63,44.45
530.64,44.45
530.66,44.45
530.67,44.45
530.69,44.45
530.70,44.45
530.72,44.45
530.73,44.45
530.75,44.45
530.76,44.45
530.78,44.45
530.79,44.45
530.80,44.45
530.82,44.46
530.83,44.46
530.85,44.46
530.86,44.46
530.88,44.46
530.89,44.46
530.91,44.46
530.92,44.46
530.94,44.46
530.95,44.46
530.97,44.46
530.98,44.46
531.00,44.46
531.01,44.46
531.03,44.46
531.04,44.46
531.05,44.46
531.07,44.46
531.08,44.47
531.10,44.47
531.11,44.47
531.13,44.47
531.14,44.47
531.16,44.47
531.17,44.47
531.19,44.47
531.20,44.46
531.22,44.46
531.23,44.46
531.25,44.46
531.26,44.46
531.28,44.46
531.29,44.46
531.30,44.46
531.32,44.46
531.33,44.46
531.35,44.46
531.36,44.45
531.38,44.45
531.39,44.45
531.41,44.45
531.42,44.45
531.44,44.45
531.45,44.45
531.47,44.45
531.48,44.45
531.50,44.45
531.51,44.44
531.53,44.44
531.54,44.44
531.55,44.44
531.57,44.44
531.58,44.44
531.60,44.44
531.61,44.44
531.63,44.44
531.64,44.44
531.66,44.43
531.67,44.43
531.69,44.43
531.70,44.43
531.72,44.43
531.73,44.43
531.75,44.43
531.76,44.43
531.78,44.43
531.79,44.43
531.80,44.43
531.82,44.42
531.83,44.42
531.85,44.42
531.86,44.42
531.88,44.42
531.89,44.42
531.91,44.42
531.92,44.42
531.94,44.42
531.95,44.42
531.97,44.41
531.98,44.41
532.00,44.41
532.01,44.41
532.03,44.41
532.04,44.41
532.05,44.41
532.07,44.41
532.08,44.41
532.10,44.41
532.11,44.40
532.13,44.40
532.14,44.40
532.16,44.40
532.17,44.40
532.19,44.40
532.20,44.40
532.22,44.40
532.23,44.40
532.25,44.40
532.26,44.40
532.28,44.39
532.29,44.39
532.31,44.39
532.32,44.39
532.33,44.39
532.35,44.39
532.36,44.39
532.38,44.39
532.39,44.39
532.41,44.39
532.42,44.38
532.44,44.38
532.45,44.38
532.47,44.38
532.48,44.38
532.50,44.38
532.51,44.38
532.53,44.38
532.54,44.38
532.56,44.38
532.57,44.38
532.58,44.37
532.60,44.37
532.61,44.37
532.63,44.37
532.64,44.37
532.66,44.37
532.67,44.37
532.69,44.37
532.70,44.37
532.72,44.37
532.73,44.36
532.75,44.36
532.76,44.36
532.78,44.36
532.79,44.36
532.81,44.36
532.82,44.36
532.83,44.36
532.85,44.36
532.86,44.36
532.88,44.35
532.89,44.35
532.91,44.35
532.92,44.35
532.94,44.35
532.95,44.35
532.97,44.35
532.98,44.35
533.00,44.35
533.01,44.35
533.03,44.35
533.04,44.34
533.06,44.34
533.07,44.34
533.08,44.34
533.10,44.34
533.11,44.34
533.13,44.34
533.14,44.34
533.16,44.34
533.17,44.34
533.19,44.33
533.20,44.33
533.22,44.33
533.23,44.33
533.25,44.33
533.26,44.33
533.28,44.33
533.29,44.33
533.31,44.33
533.32,44.33
533.33,44.33
533.35,44.32
533.36,44.32
533.38,44.32
533.39,44.32
533.41,44.32
533.42,44.32
533.44,44.32
533.45,44.32
533.47,44.32
533.48,44.32
533.50,44.31
533.51,44.31
533.53,44.31
533.54,44.31
533.56,44.31
533.57,44.31
533.58,44.31
533.60,44.31
533.61,44.31
533.63,44.31
533.64,44.31
533.66,44.30
533.67,44.30
533.69,44.30
533.70,44.30
533.72,44.30
533.73,44.30
533.75,44.30
533.76,44.30
533.78,44.30
533.79,44.30
533.81,44.29
533.82,44.29
533.84,44.29
533.85,44.29
533.86,44.29
533.88,44.29
533.89,44.29
533.91,44.29
533.92,44.29
533.94,44.29
533.95,44.29
533.97,44.28
533.98,44.28
534.00,44.28
534.01,44.28
534.03,44.28
534.04,44.28
534.06,44.28
534.07,44.28
534.09,44.28
534.10,44.28
534.11,44.27
534.13,44.27
534.14,44.27
534.16,44.27
534.17,44.27
534.19,44.27
534.20,44.27
534.22,44.27
534.23,44.27
534.25,44.27
534.26,44.27
534.28,44.26
534.29,44.26
534.31,44.26
534.32,44.26
534.34,44.26
534.35,44.26
534.36,44.26
534.38,44.26
534.39,44.26
534.41,44.26
534.42,44.25
534.44,44.25
534.45,44.25
534.47,44.25
534.48,44.25
534.50,44.25
534.51,44.25
534.53,44.25
534.54,44.25
534.56,44.25
534.57,44.25
534.59,44.24
534.60,44.24
534.61,44.24
534.63,44.24
534.64,44.24
534.66,44.24
534.67,44.24
534.69,44.24
534.70,44.24
534.72,44.24
534.73,44.23
534.75,44.23
534.76,44.23
534.78,44.23
534.79,44.23
534.81,44.23
534.82,44.23
534.84,44.23
534.85,44.23
534.86,44.23
534.88,44.23
534.89,44.22
534.91,44.22
534.92,44.22
534.94,44.22
534.95,44.22
534.97,44.22
534.98,44.22
535.00,44.22
535.01,44.22
535.03,44.22
535.04,44.21
535.06,44.21
535.07,44.21
535.09,44.21
535.10,44.21
535.11,44.21
535.13,44.21
535.14,44.21
535.16,44.21
535.17,44.21
535.19,44.21
535.20,44.20
535.22,44.20
535.23,44.20
535.25,44.20
535.26,44.20
535.28,44.20
535.29,44.20
535.31,44.20
535.32,44.20
535.34,44.20
535.35,44.20
535.37,44.19
535.38,44.19
535.39,44.19
535.41,44.19
535.42,44.19
535.44,44.19
535.45,44.19
535.47,44.19
535.48,44.19
535.50,44.19
535.51,44.18
535.53,44.18
535.54,44.18
535.56,44.18
535.57,44.18
535.59,44.18
535.60,44.18
535.62,44.18
535.63,44.18
535.64,44.18
535.66,44.18
535.67,44.17
535.69,44.17
535.70,44.17
535.72,44.17
535.73,44.17
535.75,44.17
535.76,44.17
535.78,44.17
535.79,44.17
535.81,44.17
535.82,44.17
535.84,44.16
535.85,44.16
535.87,44.16
535.88,44.16
535.89,44.16
535.91,44.16
535.92,44.16
535.94,44.16
535.95,44.16
535.97,44.16
535.98,44.15
536.00,44.15
536.01,44.15
536.03,44.15
536.04,44.15
536.06,44.15
536.07,44.15
536.09,44.15
536.10,44.15
536.12,44.15
536.13,44.15
536.14,44.14
536.16,44.14
536.17,44.14
536.19,44.14
536.20,44.14
536.22,44.14
536.23,44.14
536.25,44.14
536.26,44.14
536.28,44.14
536.29,44.13
536.31,44.13
536.32,44.13
536.34,44.13
536.35,44.13
536.37,44.13
536.38,44.13
536.39,44.13
536.41,44.13
536.42,44.13
536.44,44.13
536.45,44.12
536.47,44.12
536.48,44.12
536.50,44.12
536.51,44.12
536.53,44.12
536.54,44.12
536.56,44.12
536.57,44.12
536.59,44.12
536.60,44.12
536.62,44.12
536.63,44.12
536.64,44.12
536.66,44.12
536.67,44.12
536.69,44.12
536.70,44.12
536.72,44.12
536.73,44.12
536.75,44.11
536.76,44.11
536.78,44.11
536.79,44.11
536.81,44.11
536.82,44.11
536.84,44.11
536.85,44.11
536.87,44.11
536.88,44.11
536.90,44.10
536.91,44.10
536.92,44.10
536.94,44.10
536.95,44.10
536.97,44.10
536.98,44.10
537.00,44.10
537.01,44.10
537.03,44.10
537.04,44.10
537.06,44.10
537.07,44.10
537.09,44.10
537.10,44.10
537.12,44.10
537.13,44.10
537.15,44.10
537.16,44.10
537.17,44.10
537.19,44.10
537.20,44.10
537.22,44.10
537.23,44.10
537.25,44.10
537.26,44.10
537.28,44.10
537.29,44.10
537.31,44.10
537.32,44.10
537.34,44.10
537.35,44.10
537.37,44.10
537.38,44.10
537.40,44.10
537.41,44.10
537.42,44.10
537.44,44.09
537.45,44.09
537.47,44.09
537.48,44.09
537.50,44.09
537.51,44.09
537.53,44.09
537.54,44.09
537.56,44.09
537.57,44.09
537.59,44.09
537.60,44.09
537.62,44.09
537.63,44.09
537.65,44.09
537.66,44.09
537.67,44.09
537.69,44.09
537.70,44.09
537.72,44.09
537.73,44.09
537.75,44.09
537.76,44.09
537.78,44.09
537.79,44.09
537.81,44.09
537.82,44.09
537.84,44.09
537.85,44.09
537.87,44.09
537.88,44.09
537.90,44.09
537.91,44.09
537.92,44.09
537.94,44.09
537.95,44.09
537.97,44.09
537.98,44.09
538.00,44.09
538.01,44.09
538.03,44.09
538.04,44.09
538.06,44.09
538.07,44.09
538.09,44.09
538.10,44.09
538.12,44.09
538.13,44.09
538.15,44.09
538.16,44.09
538.17,44.09
538.19,44.09
538.20,44.09
538.22,44.09
538.23,44.08
538.25,44.08
538.26,44.08
538.28,44.08
538.29,44.08
538.31,44.08
538.32,44.08
538.34,44.08
538.35,44.08
538.37,44.08
538.38,44.08
538.40,44.07
538.41,44.07
538.43,44.07
538.44,44.07
538.45,44.07
538.47,44.07
538.48,44.07
538.50,44.07
538.51,44.07
538.53,44.07
538.54,44.06
538.56,44.06
538.57,44.06
538.59,44.06
538.60,44.06
538.62,44.06
538.63,44.06
538.65,44.06
538.66,44.07
538.68,44.07
538.69,44.07
538.70,44.07
538.72,44.07
538.73,44.07
538.75,44.07
538.76,44.08
538.78,44.08
538.79,44.08
538.81,44.08
538.82,44.08
538.84,44.08
538.85,44.09
538.87,44.09
538.88,44.09
538.90,44.09
538.91,44.09
538.93,44.09
538.94,44.09
538.95,44.10
538.97,44.10
538.98,44.10
539.00,44.10
539.01,44.10
539.03,44.10
539.04,44.10
539.06,44.11
539.07,44.11
539.09,44.11
539.10,44.11
539.12,44.11
539.13,44.11
539.15,44.12
539.16,44.12
539.18,44.12
539.19,44.12
539.20,44.12
539.22,44.12
539.23,44.12
539.25,44.13
539.26,44.13
539.28,44.13
539.29,44.13
539.31,44.13
539.32,44.13
539.34,44.14
539.35,44.14
539.37,44.14
539.38,44.14
539.40,44.14
539.41,44.14
539.43,44.14
539.44,44.15
539.45,44.15
539.47,44.15
539.48,44.15
539.50,44.15
539.51,44.15
539.53,44.16
539.54,44.16
539.56,44.16
539.57,44.16
539.59,44.16
539.60,44.16
539.62,44.16
539.63,44.17
539.65,44.17
539.66,44.17
539.68,44.17
539.69,44.17
539.70,44.17
539.72,44.17
539.73,44.18
539.75,44.18
539.76,44.18
539.78,44.18
539.79,44.18
539.81,44.18
539.82,44.19
539.84,44.19
539.85,44.19
539.87,44.19
539.88,44.19
539.90,44.19
539.91,44.19
539.93,44.20
539.94,44.20
539.96,44.20
539.97,44.20
539.98,44.20
540.00,44.20
540.01,44.21
540.03,44.21
540.04,44.21
540.06,44.21
540.07,44.21
540.09,44.21
540.10,44.21
540.12,44.22
540.13,44.22
540.15,44.22
540.16,44.22
540.18,44.22
540.19,44.22
540.21,44.22
540.22,44.22
540.23,44.22
540.25,44.21
540.26,44.21
540.28,44.21
540.29,44.21
540.31,44.21
540.32,44.21
540.34,44.21
540.35,44.21
540.37,44.21
540.38,44.21
540.40,44.21
540.41,44.20
540.43,44.20
540.44,44.20
540.46,44.20
540.47,44.20
540.48,44.20
540.50,44.20
540.51,44.20
540.53,44.20
540.54,44.20
540.56,44.19
540.57,44.19
540.59,44.19
540.60,44.19
540.62,44.19
540.63,44.19
540.65,44.19
540.66,44.19
540.68,44.19
540.69,44.19
540.71,44.19
540.72,44.18
540.73,44.18
540.75,44.18
540.76,44.18
540.78,44.18
540.79,44.18
540.81,44.18
540.82,44.18
540.84,44.18
540.85,44.18
540.87,44.17
540.88,44.17
540.90,44.17
540.91,44.17
540.93,44.17
540.94,44.17
540.96,44.17
540.97,44.17
540.98,44.17
541.00,44.17
541.01,44.17
541.03,44.16
541.04,44.16
541.06,44.16
541.07,44.16
541.09,44.16
541.10,44.16
541.12,44.16
541.13,44.16
541.15,44.16
541.16,44.16
541.18,44.16
541.19,44.15
541.21,44.15
541.22,44.15
541.23,44.15
541.25,44.15
541.26,44.15
541.28,44.15
541.29,44.15
541.31,44.15
541.32,44.15
541.34,44.14
541.35,44.14
541.37,44.14
541.38,44.14
541.40,44.14
541.41,44.14
541.43,44.14
541.44,44.14
541.46,44.14
541.47,44.14
541.49,44.14
541.50,44.13
541.51,44.13
541.53,44.13
541.54,44.13
541.56,44.13
541.57,44.13
541.59,44.13
541.60,44.13
541.62,44.13
541.63,44.13
541.65,44.13
541.66,44.12
541.68,44.12
541.69,44.12
541.71,44.12
541.72,44.12
541.74,44.12
541.75,44.12
541.76,44.12
541.78,44.12
541.79,44.12
541.81,44.11
541.82,44.11
541.84,44.11
541.85,44.11
541.87,44.11
541.88,44.11
541.90,44.11
541.91,44.11
541.93,44.11
541.94,44.11
541.96,44.11
541.97,44.10
541.99,44.10
542.00,44.10
542.01,44.10
542.03,44.10
542.04,44.10
542.06,44.10
542.07,44.10
542.09,44.10
542.10,44.10
542.12,44.10
542.13,44.09
542.15,44.09
542.16,44.09
542.18,44.09
542.19,44.09
542.21,44.09
542.22,44.09
542.24,44.09
542.25,44.09
542.26,44.09
542.28,44.09
542.29,44.08
542.31,44.08
542.32,44.08
542.34,44.08
542.35,44.08
542.37,44.08
542.38,44.08
542.40,44.08
542.41,44.08
542.43,44.08
542.44,44.07
542.46,44.07
542.47,44.07
542.49,44.07
542.50,44.07
542.51,44.07
542.53,44.07
542.54,44.07
542.56,44.07
542.57,44.07
542.59,44.07
542.60,44.06
542.62,44.06
542.63,44.06
542.65,44.06
542.66,44.06
542.68,44.06
542.69,44.06
542.71,44.06
542.72,44.06
542.74,44.06
542.75,44.06
542.76,44.05
542.78,44.05
542.79,44.05
542.81,44.05
542.82,44.05
542.84,44.05
542.85,44.05
542.87,44.05
542.88,44.05
542.90,44.05
542.91,44.05
542.93,44.04
542.94,44.04
542.96,44.04
542.97,44.04
542.99,44.04
543.00,44.04
543.02,44.04
543.03,44.04
543.04,44.04
543.06,44.04
543.07,44.03
543.09,44.03
543.10,44.03
543.12,44.03
543.13,44.03
543.15,44.03
543.16,44.03
543.18,44.03
543.19,44.03
543.21,44.03
543.22,44.03
543.24,44.02
543.25,44.02
543.27,44.02
543.28,44.02
543.29,44.02
543.31,44.02
543.32,44.02
543.34,44.02
543.35,44.02
543.37,44.02
543.38,44.02
543.40,44.01
543.41,44.01
543.43,44.01
543.44,44.01
543.46,44.01
543.47,44.01
543.49,44.01
543.50,44.01
543.52,44.01
543.53,44.01
543.54,44.01
543.56,44.00
543.57,44.00
543.59,44.00
543.60,44.00
543.62,44.00
543.63,44.00
543.65,44.00
543.66,44.00
543.68,44.00
543.69,44.00
543.71,44.00
543.72,43.99
543.74,43.99
543.75,43.99
543.77,43.99
543.78,43.99
543.79,43.99
543.81,43.99
543.82,43.99
543.84,43.99
543.85,43.99
543.87,43.99
543.88,43.98
543.90,43.98
543.91,43.98
543.93,43.98
543.94,43.98
543.96,43.98
543.97,43.98
543.99,43.98
544.00,43.98
544.02,43.98
544.03,43.97
544.04,43.97
544.06,43.97
544.07,43.97
544.09,43.97
544.10,43.97
544.12,43.97
544.13,43.97
544.15,43.97
544.16,43.97
544.18,43.97
544.19,43.97
544.21,43.97
544.22,43.97
544.24,43.97
544.25,43.97
544.27,43.97
544.28,43.97
544.29,43.97
544.31,43.97
544.32,43.97
544.34,43.97
544.35,43.97
544.37,43.97
544.38,43.97
544.40,43.97
544.41,43.97
544.43,43.97
544.44,43.97
544.46,43.97
544.47,43.97
544.49,43.97
544.50,43.97
544.52,43.97
544.53,43.97
544.55,43.97
544.56,43.97
544.57,43.97
544.59,43.97
544.60,43.97
544.62,43.97
544.63,43.97
544.65,43.97
544.66,43.97
544.68,43.97
544.69,43.97
544.71,43.97
544.72,43.97
544.74,43.97
544.75,43.97
544.77,43.97
544.78,43.97
544.80,43.97
544.81,43.97
544.82,43.97
544.84,43.97
544.85,43.97
544.87,43.97
544.88,43.97
544.90,43.97
544.91,43.97
544.93,43.96
544.94,43.96
544.96,43.96
544.97,43.96
544.99,43.96
545.00,43.96
545.02,43.96
545.03,43.96
545.05,43.97
545.06,43.97
545.07,43.97
545.09,43.97
545.10,43.97
545.12,43.97
545.13,43.97
545.15,43.98
545.16,43.98
545.18,43.98
545.19,43.98
545.21,43.98
545.22,43.98
545.24,43.99
545.25,43.99
545.27,43.99
545.28,43.99
545.30,43.99
545.31,43.99
545.32,43.99
545.34,44.00
545.35,44.00
545.37,44.00
545.38,44.00
545.40,44.00
545.41,44.00
545.43,44.01
545.44,44.01
545.46,44.01
545.47,44.01
545.49,44.01
545.50,44.01
545.52,44.01
545.53,44.02
545.55,44.02
545.56,44.02
545.57,44.02
545.59,44.02
545.60,44.02
545.62,44.03
545.63,44.03
545.65,44.03
545.66,44.03
545.68,44.03
545.69,44.03
545.71,44.03
545.72,44.04
545.74,44.04
545.75,44.04
545.77,44.04
545.78,44.04
545.80,44.04
545.81,44.05
545.82,44.05
545.84,44.05
545.85,44.05
545.87,44.05
545.88,44.05
545.90,44.05
545.91,44.06
545.93,44.06
545.94,44.06
545.96,44.06
545.97,44.06
545.99,44.06
546.00,44.07
546.02,44.07
546.03,44.07
546.05,44.07
546.06,44.07
546.08,44.07
546.09,44.07
546.10,44.07
546.12,44.07
546.13,44.06
546.15,44.06
546.16,44.06
546.18,44.06
546.19,44.06
546.21,44.06
546.22,44.06
546.24,44.06
546.25,44.06
546.27,44.06
546.28,44.06
546.30,44.05
546.31,44.05
546.33,44.05
546.34,44.05
546.35,44.05
546.37,44.05
546.38,44.05
546.40,44.05
546.41,44.05
546.43,44.05
546.44,44.04
546.46,44.04
546.47,44.04
546.49,44.04
546.50,44.04
546.52,44.04
546.53,44.04
546.55,44.04
546.56,44.04
546.58,44.04
546.59,44.04
546.60,44.04
546.62,44.04
546.63,44.04
546.65,44.04
546.66,44.04
546.68,44.04
546.69,44.04
546.71,44.04
546.72,44.04
546.74,44.04
546.75,44.04
546.77,44.04
546.78,44.04
546.80,44.04
546.81,44.04
546.83,44.04
546.84,44.04
546.85,44.04
546.87,44.04
546.88,44.04
546.90,44.04
546.91,44.04
546.93,44.04
546.94,44.04
546.96,44.04
546.97,44.04
546.99,44.04
547.00,44.04
547.02,44.04
547.03,44.04
547.05,44.04
547.06,44.04
547.08,44.04
547.09,44.04
547.10,44.04
547.12,44.04
547.13,44.04
547.15,44.04
547.16,44.04
547.18,44.04
547.19,44.04
547.21,44.04
547.22,44.04
547.24,44.04
547.25,44.04
547.27,44.04
547.28,44.04
547.30,44.04
547.31,44.04
547.33,44.04
547.34,44.04
547.35,44.04
547.37,44.03
547.38,44.03
547.40,44.03
547.41,44.03
547.43,44.03
547.44,44.03
547.46,44.03
547.47,44.03
547.49,44.04
547.50,44.04
547.52,44.04
547.53,44.04
547.55,44.04
547.56,44.04
547.58,44.04
547.59,44.05
547.61,44.05
547.62,44.05
547.63,44.05
547.65,44.05
547.66,44.05
547.68,44.06
547.69,44.06
547.71,44.06
547.72,44.06
547.74,44.06
547.75,44.06
547.77,44.06
547.78,44.07
547.80,44.07
547.81,44.07
547.83,44.07
547.84,44.07
547.86,44.07
547.87,44.08
547.88,44.08
547.90,44.08
547.91,44.08
547.93,44.08
547.94,44.08
547.96,44.08
547.97,44.09
547.99,44.09
548.00,44.09
548.02,44.09
548.03,44.09
548.05,44.09
548.06,44.09
548.08,44.09
548.09,44.09
548.11,44.09
548.12,44.08
548.13,44.08
548.15,44.09
548.16,44.09
548.18,44.09
548.19,44.09
548.21,44.09
548.22,44.09
548.24,44.09
548.25,44.10
548.27,44.10
548.28,44.10
548.30,44.10
548.31,44.10
548.33,44.10
548.34,44.11
548.36,44.11
548.37,44.11
548.38,44.11
548.40,44.11
548.41,44.11
548.43,44.11
548.44,44.12
548.46,44.12
548.47,44.12
548.49,44.12
548.50,44.12
548.52,44.12
548.53,44.12
548.55,44.13
548.56,44.13
548.58,44.13
548.59,44.13
548.61,44.13
548.62,44.13
548.63,44.14
548.65,44.14
548.66,44.14
548.68,44.14
548.69,44.14
548.71,44.14
548.72,44.14
548.74,44.15
548.75,44.15
548.77,44.15
548.78,44.15
548.80,44.15
548.81,44.15
548.83,44.16
548.84,44.16
548.86,44.16
548.87,44.16
548.88,44.16
548.90,44.16
548.91,44.16
548.93,44.17
548.94,44.17
548.96,44.17
548.97,44.17
548.99,44.17
549.00,44.17
549.02,44.18
549.03,44.18
549.05,44.18
549.06,44.18
549.08,44.18
549.09,44.18
549.11,44.18
549.12,44.19
549.14,44.19
549.15,44.19
549.16,44.19
549.18,44.19
549.19,44.19
549.21,44.20
549.22,44.20
549.24,44.20
549.25,44.19
549.27,44.19
549.28,44.19
549.30,44.19
549.31,44.19
549.33,44.19
549.34,44.19
549.36,44.19
549.37,44.19
549.39,44.19
549.40,44.19
549.41,44.18
549.43,44.18
549.44,44.18
549.46,44.18
549.47,44.18
549.49,44.18
549.50,44.18
549.52,44.18
549.53,44.18
549.55,44.18
549.56,44.17
549.58,44.17
549.59,44.17
549.61,44.17
549.62,44.17
549.64,44.17
549.65,44.17
549.66,44.17
549.68,44.17
549.69,44.17
549.71,44.17
549.72,44.16
549.74,44.16
549.75,44.16
549.77,44.16
549.78,44.16
549.80,44.16
549.81,44.16
549.83,44.16
549.84,44.16
549.86,44.16
549.87,44.16
549.89,44.15
549.90,44.15
549.91,44.15
549.93,44.15
549.94,44.15
549.96,44.15
549.97,44.15
549.99,44.15
550.00,44.15
550.02,44.15
550.03,44.14
550.05,44.14
550.06,44.14
550.08,44.14
550.09,44.14
550.11,44.14
550.12,44.14
550.14,44.14
550.15,44.14
550.16,44.14
550.18,44.14
550.19,44.13
550.21,44.13
550.22,44.13
550.24,44.13
550.25,44.13
550.27,44.13
550.28,44.13
550.30,44.13
550.31,44.13
550.33,44.13
550.34,44.13
550.36,44.12
550.37,44.12
550.39,44.12
550.40,44.12
550.41,44.12
550.43,44.12
550.44,44.12
550.46,44.12
550.47,44.12
550.49,44.12
550.50,44.12
550.52,44.12
550.53,44.12
550.55,44.12
550.56,44.12
550.58,44.12
550.59,44.12
550.61,44.12
550.62,44.12
550.64,44.12
550.65,44.12
550.66,44.12
550.68,44.12
550.69,44.12
550.71,44.12
550.72,44.12
550.74,44.12
550.75,44.12
550.77,44.12
550.78,44.12
550.80,44.12
550.81,44.12
550.83,44.12
550.84,44.12
550.86,44.12
550.87,44.12
550.89,44.12
550.90,44.12
550.92,44.12
550.93,44.12
550.94,44.12
550.96,44.12
550.97,44.12
550.99,44.12
551.00,44.12
551.02,44.11
551.03,44.11
551.05,44.11
551.06,44.11
551.08,44.11
551.09,44.11
551.11,44.11
551.12,44.11
551.14,44.11
551.15,44.11
551.17,44.11
551.18,44.11
551.19,44.11
551.21,44.11
551.22,44.11
551.24,44.11
551.25,44.11
551.27,44.11
551.28,44.11
551.30,44.11
551.31,44.11
551.33,44.11
551.34,44.11
551.36,44.11
551.37,44.11
551.39,44.10
551.40,44.10
551.42,44.10
551.43,44.10
551.44,44.10
551.46,44.10
551.47,44.10
551.49,44.10
551.50,44.10
551.52,44.10
551.53,44.10
551.55,44.09
551.56,44.09
551.58,44.09
551.59,44.09
551.61,44.09
551.62,44.09
551.64,44.09
551.65,44.09
551.67,44.09
551.68,44.09
551.69,44.09
551.71,44.09
551.72,44.09
551.74,44.10
551.75,44.10
551.77,44.10
551.78,44.10
551.80,44.10
551.81,44.10
551.83,44.10
551.84,44.11
551.86,44.11
551.87,44.11
551.89,44.11
551.90,44.11
551.92,44.11
551.93,44.12
551.94,44.12
551.96,44.12
551.97,44.12
551.99,44.12
552.00,44.12
552.02,44.12
552.03,44.13
552.05,44.13
552.06,44.13
552.08,44.13
552.09,44.13
552.11,44.13
552.12,44.13
552.14,44.14
552.15,44.14
552.17,44.14
552.18,44.14
552.19,44.14
552.21,44.14
552.22,44.15
552.24,44.15
552.25,44.15
552.27,44.15
552.28,44.15
552.30,44.15
552.31,44.15
552.33,44.16
552.34,44.16
552.36,44.16
552.37,44.16
552.39,44.16
552.40,44.16
552.42,44.17
552.43,44.17
552.45,44.17
552.46,44.17
552.47,44.17
552.49,44.17
552.50,44.17
552.52,44.18
552.53,44.18
552.55,44.18
552.56,44.18
552.58,44.18
552.59,44.18
552.61,44.19
552.62,44.19
552.64,44.19
552.65,44.19
552.67,44.19
552.68,44.19
552.70,44.19
552.71,44.20
552.72,44.20
552.74,44.20
552.75,44.20
552.77,44.20
552.78,44.20
552.80,44.21
552.81,44.21
552.83,44.21
552.84,44.21
552.86,44.21
552.87,44.21
552.89,44.21
552.90,44.22
552.92,44.22
552.93,44.22
552.95,44.22
552.96,44.22
552.97,44.22
552.99,44.22
553.00,44.23
553.02,44.23
553.03,44.23
553.05,44.23
553.06,44.23
553.08,44.23
553.09,44.23
553.11,44.22
553.12,44.22
553.14,44.22
553.15,44.22
553.17,44.22
553.18,44.22
553.20,44.22
553.21,44.22
553.22,44.22
553.24,44.22
553.25,44.22
553.27,44.21
553.28,44.21
553.30,44.21
553.31,44.21
553.33,44.21
553.34,44.21
553.36,44.21
553.37,44.21
553.39,44.21
553.40,44.21
553.42,44.20
553.43,44.20
553.45,44.20
553.46,44.20
553.47,44.20
553.49,44.20
553.50,44.20
553.52,44.20
553.53,44.20
553.55,44.20
553.56,44.20
553.58,44.19
553.59,44.19
553.61,44.19
553.62,44.19
553.64,44.19
553.65,44.19
553.67,44.19
553.68,44.19
553.70,44.19
553.71,44.19
553.72,44.19
553.74,44.18
553.75,44.18
553.77,44.18
553.78,44.18
553.80,44.18
553.81,44.18
553.83,44.18
553.84,44.18
553.86,44.18
553.87,44.18
553.89,44.17
553.90,44.17
553.92,44.17
553.93,44.17
553.95,44.17
553.96,44.17
553.98,44.17
553.99,44.17
554.00,44.17
554.02,44.17
554.03,44.17
554.05,44.16
554.06,44.16
554.08,44.16
554.09,44.16
554.11,44.16
554.12,44.16
554.14,44.16
554.15,44.16
554.17,44.16
554.18,44.16
554.20,44.16
554.21,44.15
554.23,44.15
554.24,44.15
554.25,44.15
554.27,44.15
554.28,44.15
554.30,44.15
554.31,44.15
554.33,44.15
554.34,44.15
554.36,44.14
554.37,44.14
554.39,44.14
554.40,44.14
554.42,44.14
554.43,44.14
554.45,44.14
554.46,44.14
554.48,44.14
554.49,44.14
554.50,44.14
554.52,44.13
554.53,44.13
554.55,44.13
554.56,44.13
554.58,44.13
554.59,44.13
554.61,44.13
554.62,44.13
554.64,44.13
554.65,44.13
554.67,44.13
554.68,44.13
554.70,44.13
554.71,44.13
554.73,44.13
554.74,44.13
554.75,44.13
554.77,44.13
554.78,44.13
554.80,44.13
554.81,44.13
554.83,44.13
554.84,44.13
554.86,44.13
554.87,44.13
554.89,44.13
554.90,44.13
554.92,44.13
554.93,44.13
554.95,44.13
554.96,44.13
554.98,44.13
554.99,44.13
555.00,44.13
555.02,44.13
555.03,44.13
555.05,44.13
555.06,44.13
555.08,44.13
555.09,44.13
555.11,44.13
555.12,44.13
555.14,44.13
555.15,44.13
555.17,44.13
555.18,44.13
555.20,44.13
555.21,44.13
555.23,44.13
555.24,44.13
555.25,44.13
555.27,44.13
555.28,44.13
555.30,44.13
555.31,44.13
555.33,44.13
555.34,44.13
555.36,44.13
555.37,44.13
555.39,44.13
555.40,44.13
555.42,44.13
555.43,44.13
555.45,44.13
555.46,44.13
555.48,44.13
555.49,44.12
555.51,44.12
555.52,44.12
555.53,44.12
555.55,44.12
555.56,44.12
555.58,44.12
555.59,44.12
555.61,44.12
555.62,44.12
555.64,44.12
555.65,44.12
555.67,44.12
555.68,44.12
555.70,44.12
555.71,44.12
555.73,44.11
555.74,44.12
555.76,44.12
555.77,44.12
555.78,44.12
555.80,44.12
555.81,44.12
555.83,44.13
555.84,44.13
555.86,44.13
555.87,44.13
555.89,44.13
555.90,44.13
555.92,44.14
555.93,44.14
555.95,44.14
555.96,44.14
555.98,44.14
555.99,44.14
556.01,44.14
556.02,44.15
556.03,44.15
556.05,44.15
556.06,44.15
556.08,44.15
556.09,44.15
556.11,44.16
556.12,44.16
556.14,44.16
556.15,44.16
556.17,44.16
556.18,44.16
556.20,44.16
556.21,44.17
556.23,44.17
556.24,44.17
556.26,44.17
556.27,44.17
556.28,44.17
556.30,44.18
556.31,44.18
556.33,44.18
556.34,44.18
556.36,44.18
556.37,44.18
556.39,44.18
556.40,44.19
556.42,44.19
556.43,44.19
556.45,44.19
556.46,44.19
556.48,44.19
556.49,44.19
556.51,44.20
556.52,44.20
556.53,44.20
556.55,44.20
556.56,44.20
556.58,44.20
556.59,44.21
556.61,44.21
556.62,44.21
556.64,44.21
556.65,44.21
556.67,44.21
556.68,44.21
556.70,44.21
556.71,44.21
556.73,44.21
556.74,44.21
556.76,44.21
556.77,44.21
556.78,44.20
556.80,44.20
556.81,44.21
556.83,44.21
556.84,44.21
556.86,44.21
556.87,44.21
556.89,44.21
556.90,44.21
556.92,44.22
556.93,44.22
556.95,44.22
556.96,44.22
556.98,44.22
556.99,44.22
557.01,44.23
557.02,44.23
557.04,44.23
557.05,44.23
557.06,44.23
557.08,44.23
557.09,44.23
557.11,44.24
557.12,44.24
557.14,44.24
557.15,44.24
557.17,44.24
557.18,44.24
557.20,44.24
557.21,44.25
557.23,44.25
557.24,44.25
557.26,44.25
557.27,44.25
557.29,44.25
557.30,44.26
557.31,44.26
557.33,44.26
557.34,44.26
557.36,44.26
557.37,44.26
557.39,44.26
557.40,44.27
557.42,44.27
557.43,44.27
557.45,44.27
557.46,44.27
557.48,44.27
557.49,44.28
557.51,44.28
557.52,44.28
557.54,44.28
557.55,44.28
557.56,44.28
557.58,44.28
557.59,44.29
557.61,44.29
557.62,44.29
557.64,44.29
557.65,44.29
557.67,44.29
557.68,44.29
557.70,44.28
557.71,44.28
557.73,44.28
557.74,44.28
557.76,44.28
557.77,44.28
557.79,44.28
557.80,44.28
557.81,44.28
557.83,44.28
557.84,44.27
557.86,44.27
557.87,44.27
557.89,44.27
557.90,44.27
557.92,44.27
557.93,44.27
557.95,44.27
557.96,44.27
557.98,44.27
557.99,44.27
558.01,44.26
558.02,44.26
558.04,44.26
558.05,44.26
558.06,44.26
558.08,44.26
558.09,44.26
558.11,44.26
558.12,44.26
558.14,44.26
558.15,44.25
558.17,44.25
558.18,44.25
558.20,44.25
558.21,44.25
558.23,44.25
558.24,44.25
558.26,44.25
558.27,44.25
558.29,44.25
558.30,44.25
558.31,44.24
558.33,44.24
558.34,44.24
558.36,44.24
558.37,44.24
558.39,44.24
558.40,44.24
558.42,44.24
558.43,44.24
558.45,44.24
558.46,44.23
558.48,44.23
558.49,44.23
558.51,44.23
558.52,44.23
558.54,44.23
558.55,44.23
558.57,44.23
558.58,44.23
558.59,44.23
558.61,44.23
558.62,44.22
558.64,44.22
558.65,44.22
558.67,44.22
558.68,44.22
558.70,44.22
558.71,44.22
558.73,44.22
558.74,44.22
558.76,44.22
558.77,44.21
558.79,44.21
558.80,44.21
558.82,44.21
558.83,44.21
558.84,44.21
558.86,44.21
558.87,44.21
558.89,44.21
558.90,44.21
558.92,44.21
558.93,44.20
558.95,44.20
558.96,44.20
558.98,44.20
558.99,44.20
559.01,44.20
559.02,44.20
559.04,44.20
559.05,44.20
559.07,44.20
559.08,44.20
559.09,44.19
559.11,44.19
559.12,44.19
559.14,44.19
559.15,44.19
559.17,44.19
559.18,44.19
559.20,44.19
559.21,44.19
559.23,44.19
559.24,44.18
559.26,44.18
559.27,44.18
559.29,44.18
559.30,44.18
559.32,44.18
559.33,44.18
559.34,44.18
559.36,44.18
559.37,44.18
559.39,44.18
559.40,44.17
559.42,44.17
559.43,44.17
559.45,44.17
559.46,44.17
559.48,44.17
559.49,44.17
559.51,44.17
559.52,44.17
559.54,44.17
559.55,44.16
559.57,44.16
559.58,44.16
559.59,44.16
559.61,44.16
559.62,44.16
559.64,44.16
559.65,44.16
559.67,44.16
559.68,44.16
559.70,44.16
559.71,44.15
559.73,44.15
559.74,44.15
559.76,44.15
559.77,44.15
559.79,44.15
559.80,44.15
559.82,44.15
559.83,44.15
559.84,44.15
559.86,44.15
559.87,44.15
559.89,44.15
559.90,44.15
559.92,44.15
559.93,44.15
559.95,44.15
559.96,44.15
559.98,44.15
559.99,44.15
560.01,44.15
560.02,44.15
560.04,44.15
560.05,44.15
560.07,44.15
560.08,44.15
560.10,44.15
560.11,44.15
560.12,44.15
560.14,44.15
560.15,44.15
560.17,44.15
560.18,44.15
560.20,44.15
560.21,44.15
560.23,44.15
560.24,44.15
560.26,44.15
560.27,44.15
560.29,44.15
560.30,44.14
560.32,44.14
560.33,44.14
560.35,44.14
560.36,44.14
560.37,44.14
560.39,44.14
560.40,44.14
560.42,44.14
560.43,44.14
560.45,44.14
560.46,44.14
560.48,44.14
560.49,44.14
560.51,44.14
560.52,44.14
560.54,44.14
560.55,44.14
560.57,44.14
560.58,44.14
560.60,44.14
560.61,44.14
560.62,44.14
560.64,44.14
560.65,44.14
560.67,44.14
560.68,44.14
560.70,44.14
560.71,44.14
560.73,44.14
560.74,44.14
560.76,44.14
560.77,44.14
560.79,44.14
560.80,44.14
560.82,44.14
560.83,44.14
560.85,44.14
560.86,44.14
560.87,44.14
560.89,44.14
560.90,44.14
560.92,44.14
560.93,44.14
560.95,44.14
560.96,44.14
560.98,44.14
560.99,44.14
561.01,44.14
561.02,44.13
561.04,44.13
561.05,44.13
561.07,44.13
561.08,44.13
561.10,44.13
561.11,44.13
561.12,44.13
561.14,44.13
561.15,44.13
561.17,44.12
561.18,44.12
561.20,44.12
561.21,44.12
561.23,44.12
561.24,44.12
561.26,44.12
561.27,44.12
561.29,44.12
561.30,44.12
561.32,44.12
561.33,44.11
561.35,44.11
561.36,44.12
561.37,44.12
561.39,44.12
561.40,44.12
561.42,44.12
561.43,44.12
561.45,44.12
561.46,44.13
561.48,44.13
561.49,44.13
561.51,44.13
561.52,44.13
561.54,44.13
561.55,44.14
561.57,44.14
561.58,44.14
561.60,44.14
561.61,44.14
561.63,44.14
561.64,44.14
561.65,44.15
561.67,44.15
561.68,44.15
561.70,44.15
561.71,44.15
561.73,44.15
561.74,44.16
561.76,44.16
561.77,44.16
561.79,44.16
561.80,44.16
561.82,44.16
561.83,44.16
561.85,44.17
561.86,44.17
561.88,44.17
561.89,44.17
561.90,44.17
561.92,44.17
561.93,44.18
561.95,44.18
561.96,44.18
561.98,44.18
561.99,44.18
562.01,44.18
562.02,44.18
562.04,44.19
562.05,44.19
562.07,44.19
562.08,44.19
562.10,44.19
562.11,44.19
562.13,44.20
562.14,44.20
562.15,44.20
562.17,44.20
562.18,44.20
562.20,44.20
562.21,44.20
562.23,44.21
562.24,44.21
562.26,44.21
562.27,44.21
562.29,44.21
562.30,44.21
562.32,44.22
562.33,44.22
562.35,44.22
562.36,44.22
562.38,44.22
562.39,44.22
562.40,44.22
562.42,44.23
562.43,44.23
562.45,44.23
562.46,44.23
562.48,44.23
562.49,44.23
562.51,44.23
562.52,44.24
562.54,44.24
562.55,44.24
562.57,44.24
562.58,44.24
562.60,44.24
562.61,44.25
562.63,44.25
562.64,44.25
562.65,44.25
562.67,44.25
562.68,44.25
562.70,44.25
562.71,44.26
562.73,44.26
562.74,44.26
562.76,44.26
562.77,44.26
562.79,44.26
562.80,44.27
562.82,44.27
562.83,44.27
562.85,44.27
562.86,44.27
562.88,44.27
562.89,44.26
562.90,44.26
562.92,44.26
562.93,44.26
562.95,44.26
562.96,44.26
562.98,44.26
562.99,44.26
563.01,44.26
563.02,44.26
563.04,44.26
563.05,44.25
563.07,44.25
563.08,44.25
563.10,44.25
563.11,44.25
563.13,44.25
563.14,44.25
563.16,44.25
563.17,44.25
563.18,44.25
563.20,44.24
563.21,44.24
563.23,44.24
563.24,44.24
563.26,44.24
563.27,44.24
563.29,44.24
563.30,44.24
563.32,44.24
563.33,44.24
563.35,44.24
563.36,44.23
563.38,44.23
563.39,44.23
563.41,44.23
563.42,44.23
563.43,44.23
563.45,44.23
563.46,44.23
563.48,44.23
563.49,44.23
563.51,44.22
563.52,44.22
563.54,44.22
563.55,44.22
563.57,44.22
563.58,44.22
563.60,44.22
563.61,44.22
563.63,44.22
563.64,44.22
563.66,44.22
563.67,44.21
563.68,44.21
563.70,44.21
563.71,44.21
563.73,44.21
563.74,44.21
563.76,44.21
563.77,44.21
563.79,44.21
563.80,44.21
563.82,44.21
563.83,44.20
563.85,44.20
563.86,44.20
563.88,44.20
563.89,44.20
563.91,44.20
563.92,44.20
563.93,44.20
563.95,44.20
563.96,44.20
563.98,44.19
563.99,44.19
564.01,44.19
564.02,44.19
564.04,44.19
564.05,44.19
564.07,44.19
564.08,44.19
564.10,44.19
564.11,44.19
564.13,44.19
564.14,44.18
564.16,44.18
564.17,44.18
564.18,44.18
564.20,44.18
564.21,44.18
564.23,44.18
564.24,44.18
564.26,44.18
564.27,44.18
564.29,44.17
564.30,44.17
564.32,44.17
564.33,44.17
564.35,44.17
564.36,44.17
564.38,44.17
564.39,44.17
564.41,44.17
564.42,44.17
564.43,44.17
564.45,44.16
564.46,44.16
564.48,44.16
564.49,44.16
564.51,44.16
564.52,44.16
564.54,44.16
564.55,44.16
564.57,44.16
564.58,44.16
564.60,44.16
564.61,44.15
564.63,44.15
564.64,44.15
564.66,44.15
564.67,44.15
564.69,44.15
564.70,44.15
564.71,44.15
564.73,44.15
564.74,44.15
564.76,44.14
564.77,44.14
564.79,44.14
564.80,44.14
564.82,44.14
564.83,44.14
564.85,44.14
564.86,44.14
564.88,44.14
564.89,44.14
564.91,44.14
564.92,44.13
564.94,44.13
564.95,44.13
564.96,44.13
564.98,44.13
564.99,44.13
565.01,44.13
565.02,44.13
565.04,44.13
565.05,44.13
565.07,44.13
565.08,44.12
565.10,44.12
565.11,44.12
565.13,44.12
565.14,44.12
565.16,44.12
565.17,44.12
565.19,44.12
565.20,44.12
565.21,44.12
565.23,44.11
565.24,44.11
565.26,44.11
565.27,44.11
565.29,44.11
565.30,44.11
565.32,44.11
565.33,44.11
565.35,44.11
565.36,44.11
565.38,44.11
565.39,44.10
565.41,44.10
565.42,44.10
565.44,44.10
565.45,44.10
565.46,44.10
565.48,44.10
565.49,44.10
565.51,44.10
565.52,44.10
565.54,44.10
565.55,44.09
565.57,44.09
565.58,44.09
565.60,44.09
565.61,44.09
565.63,44.09
565.64,44.09
565.66,44.09
565.67,44.09
565.69,44.09
565.70,44.09
565.71,44.08
565.73,44.08
565.74,44.08
565.76,44.08
565.77,44.08
565.79,44.08
565.80,44.08
565.82,44.08
565.83,44.08
565.85,44.08
565.86,44.07
565.88,44.07
565.89,44.07
565.91,44.07
565.92,44.07
565.94,44.07
565.95,44.07
565.96,44.07
565.98,44.07
565.99,44.07
566.01,44.07
566.02,44.06
566.04,44.06
566.05,44.06
566.07,44.06
566.08,44.06
566.10,44.06
566.11,44.06
566.13,44.06
566.14,44.06
566.16,44.06
566.17,44.06
566.19,44.06
566.20,44.06
566.22,44.06
566.23,44.06
566.24,44.06
566.26,44.06
566.27,44.06
566.29,44.06
566.30,44.06
566.32,44.06
566.33,44.06
566.35,44.06
566.36,44.06
566.38,44.06
566.39,44.06
566.41,44.06
566.42,44.06
566.44,44.06
566.45,44.06
566.47,44.06
566.48,44.06
566.49,44.06
566.51,44.06
566.52,44.06
566.54,44.06
566.55,44.06
566.57,44.06
566.58,44.06
566.60,44.06
566.61,44.06
566.63,44.06
566.64,44.06
566.66,44.06
566.67,44.06
566.69,44.06
566.70,44.06
566.72,44.06
566.73,44.06
566.74,44.06
566.76,44.06
566.77,44.06
566.79,44.06
566.80,44.06
566.82,44.06
566.83,44.06
566.85,44.06
566.86,44.06
566.88,44.05
566.89,44.05
566.91,44.05
566.92,44.05
566.94,44.05
566.95,44.05
566.97,44.05
566.98,44.05
566.99,44.05
567.01,44.05
567.02,44.05
567.04,44.05
567.05,44.05
567.07,44.05
567.08,44.05
567.10,44.05
567.11,44.05
567.13,44.05
567.14,44.05
567.16,44.05
567.17,44.05
567.19,44.05
567.20,44.05
567.22,44.05
567.23,44.05
567.24,44.05
567.26,44.05
567.27,44.04
567.29,44.04
567.30,44.04
567.32,44.04
567.33,44.04
567.35,44.04
567.36,44.04
567.38,44.04
567.39,44.04
567.41,44.04
567.42,44.04
567.44,44.04
567.45,44.04
567.47,44.05
567.48,44.05
567.49,44.05
567.51,44.05
567.52,44.05
567.54,44.05
567.55,44.05
567.57,44.06
567.58,44.06
567.60,44.06
567.61,44.06
567.63,44.06
567.64,44.06
567.66,44.07
567.67,44.07
567.69,44.07
567.70,44.07
567.72,44.07
567.73,44.07
567.75,44.07
567.76,44.08
567.77,44.08
567.79,44.08
567.80,44.08
567.82,44.08
567.83,44.08
567.85,44.09
567.86,44.09
567.88,44.09
567.89,44.09
567.91,44.09
567.92,44.09
567.94,44.09
567.95,44.10
567.97,44.10
567.98,44.10
568.00,44.10
568.01,44.10
568.02,44.10
568.04,44.11
568.05,44.11
568.07,44.11
568.08,44.11
568.10,44.11
568.11,44.11
568.13,44.12
568.14,44.12
568.16,44.12
568.17,44.12
568.19,44.12
568.20,44.12
568.22,44.12
568.23,44.13
568.25,44.13
568.26,44.13
568.27,44.13
568.29,44.13
568.30,44.13
568.32,44.14
568.33,44.14
568.35,44.14
568.36,44.14
568.38,44.14
568.39,44.14
568.41,44.14
568.42,44.15
568.44,44.15
568.45,44.15
568.47,44.15
568.48,44.15
568.50,44.15
568.51,44.16
568.52,44.16
568.54,44.16
568.55,44.16
568.57,44.16
568.58,44.16
568.60,44.16
568.61,44.17
568.63,44.17
568.64,44.17
568.66,44.17
568.67,44.17
568.69,44.17
568.70,44.18
568.72,44.18
568.73,44.18
568.75,44.18
568.76,44.18
568.77,44.18
568.79,44.18
568.80,44.19
568.82,44.19
568.83,44.19
568.85,44.19
568.86,44.19
568.88,44.19
568.89,44.20
568.91,44.19
568.92,44.19
568.94,44.19
568.95,44.19
568.97,44.19
568.98,44.19
569.00,44.19
569.01,44.19
569.02,44.19
569.04,44.19
569.05,44.18
569.07,44.18
569.08,44.18
569.10,44.18
569.11,44.18
569.13,44.18
569.14,44.18
569.16,44.18
569.17,44.18
569.19,44.18
569.20,44.18
569.22,44.17
569.23,44.17
569.25,44.17
569.26,44.17
569.28,44.17
569.29,44.17
569.30,44.17
569.32,44.17
569.33,44.17
569.35,44.17
569.36,44.17
569.38,44.16
569.39,44.16
569.41,44.16
569.42,44.16
569.44,44.16
569.45,44.16
569.47,44.16
569.48,44.16
569.50,44.16
569.51,44.16
569.53,44.15
569.54,44.15
569.55,44.15
569.57,44.15
569.58,44.15
569.60,44.15
569.61,44.15
569.63,44.15
569.64,44.15
569.66,44.15
569.67,44.15
569.69,44.14
569.70,44.14
569.72,44.14
569.73,44.14
569.75,44.14
569.76,44.14
569.78,44.14
569.79,44.14
569.80,44.14
569.82,44.14
569.83,44.14
569.85,44.13
569.86,44.13
569.88,44.13
569.89,44.13
569.91,44.13
569.92,44.13
569.94,44.13
569.95,44.13
569.97,44.13
569.98,44.13
570.00,44.12
570.01,44.12
570.03,44.12
570.04,44.12
570.05,44.12
570.07,44.12
570.08,44.12
570.10,44.12
570.11,44.12
570.13,44.12
570.14,44.12
570.16,44.11
570.17,44.11
570.19,44.11
570.20,44.11
570.22,44.11
570.23,44.11
570.25,44.11
570.26,44.11
570.28,44.11
570.29,44.11
570.30,44.11
570.32,44.10
570.33,44.10
570.35,44.10
570.36,44.10
570.38,44.10
570.39,44.10
570.41,44.10
570.42,44.10
570.44,44.10
570.45,44.10
570.47,44.10
570.48,44.10
570.50,44.10
570.51,44.10
570.53,44.10
570.54,44.10
570.55,44.10
570.57,44.10
570.58,44.10
570.60,44.10
570.61,44.10
570.63,44.10
570.64,44.10
570.66,44.10
570.67,44.10
570.69,44.10
570.70,44.10
570.72,44.10
570.73,44.10
570.75,44.10
570.76,44.10
570.78,44.10
570.79,44.10
570.80,44.10
570.82,44.10
570.83,44.10
570.85,44.10
570.86,44.10
570.88,44.10
570.89,44.10
570.91,44.10
570.92,44.10
570.94,44.10
570.95,44.10
570.97,44.10
570.98,44.10
571.00,44.10
571.01,44.10
571.03,44.10
571.04,44.10
571.06,44.10
571.07,44.10
571.08,44.10
571.10,44.10
571.11,44.10
571.13,44.10
571.14,44.10
571.16,44.10
571.17,44.10
571.19,44.10
571.20,44.10
571.22,44.10
571.23,44.10
571.25,44.10
571.26,44.10
571.28,44.10
571.29,44.10
571.31,44.09
571.32,44.09
571.33,44.09
571.35,44.09
571.36,44.09
571.38,44.09
571.39,44.09
571.41,44.09
571.42,44.09
571.44,44.09
571.45,44.09
571.47,44.09
571.48,44.09
571.50,44.09
571.51,44.09
571.53,44.09
571.54,44.08
571.56,44.08
571.57,44.08
571.58,44.08
571.60,44.08
571.61,44.08
571.63,44.08
571.64,44.08
571.66,44.08
571.67,44.08
571.69,44.08
571.70,44.08
571.72,44.08
571.73,44.08
571.75,44.09
571.76,44.09
571.78,44.09
571.79,44.09
571.81,44.09
571.82,44.09
571.83,44.10
571.85,44.10
571.86,44.10
571.88,44.10
571.89,44.10
571.91,44.10
571.92,44.10
571.94,44.11
571.95,44.11
571.97,44.11
571.98,44.11
572.00,44.11
572.01,44.11
572.03,44.12
572.04,44.12
572.06,44.12
572.07,44.12
572.08,44.12
572.10,44.12
572.11,44.13
572.13,44.13
572.14,44.13
572.16,44.13
572.17,44.13
572.19,44.13
572.20,44.13
572.22,44.14
572.23,44.14
572.25,44.14
572.26,44.14
572.28,44.14
572.29,44.14
572.31,44.15
572.32,44.15
572.33,44.15
572.35,44.15
572.36,44.15
572.38,44.15
572.39,44.15
572.41,44.16
572.42,44.16
572.44,44.16
572.45,44.16
572.47,44.16
572.48,44.16
572.50,44.17
572.51,44.17
572.53,44.17
572.54,44.17
572.56,44.17
572.57,44.17
572.59,44.17
572.60,44.18
572.61,44.18
572.63,44.18
572.64,44.18
572.66,44.18
572.67,44.18
572.69,44.19
572.70,44.19
572.72,44.19
572.73,44.19
572.75,44.19
572.76,44.19
572.78,44.19
572.79,44.20
572.81,44.20
572.82,44.20
572.84,44.20
572.85,44.20
572.86,44.20
572.88,44.21
572.89,44.21
572.91,44.21
572.92,44.21
572.94,44.21
572.95,44.21
572.97,44.21
572.98,44.22
573.00,44.22
573.01,44.22
573.03,44.22
573.04,44.22
573.06,44.22
573.07,44.23
573.09,44.23
573.10,44.23
573.11,44.23
573.13,44.23
573.14,44.23
573.16,44.23
573.17,44.24
573.19,44.24
573.20,44.24
573.22,44.24
573.23,44.24
573.25,44.24
573.26,44.24
573.28,44.24
573.29,44.24
573.31,44.24
573.32,44.24
573.34,44.24
573.35,44.23
573.36,44.23
573.38,44.23
573.39,44.23
573.41,44.23
573.42,44.23
573.44,44.23
573.45,44.23
573.47,44.23
573.48,44.23
573.50,44.22
573.51,44.22
573.53,44.22
573.54,44.22
573.56,44.22
573.57,44.22
573.59,44.22
573.60,44.22
573.61,44.22
573.63,44.22
573.64,44.22
573.66,44.21
573.67,44.21
573.69,44.21
573.70,44.21
573.72,44.21
573.73,44.21
573.75,44.21
573.76,44.21
573.78,44.21
573.79,44.21
573.81,44.21
573.82,44.20
573.84,44.20
573.85,44.20
573.86,44.20
573.88,44.20
573.89,44.20
573.91,44.20
573.92,44.20
573.94,44.20
573.95,44.20
573.97,44.19
573.98,44.19
574.00,44.19
574.01,44.19
574.03,44.19
574.04,44.19
574.06,44.19
574.07,44.19
574.09,44.19
574.10,44.19
574.12,44.19
574.13,44.19
574.14,44.19
574.16,44.19
574.17,44.18
574.19,44.18
574.20,44.18
574.22,44.18
574.23,44.18
574.25,44.18
574.26,44.18
574.28,44.18
574.29,44.18
574.31,44.18
574.32,44.18
574.34,44.18
574.35,44.18
574.37,44.18
574.38,44.18
574.39,44.18
574.41,44.18
574.42,44.18
574.44,44.18
574.45,44.18
574.47,44.18
574.48,44.18
574.50,44.18
574.51,44.18
574.53,44.18
574.54,44.18
574.56,44.18
574.57,44.18
574.59,44.18
574.60,44.18
574.62,44.18
574.63,44.18
574.64,44.18
574.66,44.18
574.67,44.18
574.69,44.18
574.70,44.19
574.72,44.19
574.73,44.19
574.75,44.19
574.76,44.19
574.78,44.19
574.79,44.20
574.81,44.20
574.82,44.20
574.84,44.20
574.85,44.20
574.87,44.20
574.88,44.20
574.89,44.21
574.91,44.21
574.92,44.21
574.94,44.21
574.95,44.21
574.97,44.21
574.98,44.22
575.00,44.22
575.01,44.22
575.03,44.22
575.04,44.22
575.06,44.22
575.07,44.22
575.09,44.23
575.10,44.23
575.12,44.23
575.13,44.23
575.14,44.23
575.16,44.23
575.17,44.23
575.19,44.23
575.20,44.23
575.22,44.23
575.23,44.23
575.25,44.23
575.26,44.23
575.28,44.23
575.29,44.23
575.31,44.23
575.32,44.23
575.34,44.23
575.35,44.23
575.37,44.23
575.38,44.23
575.39,44.23
575.41,44.23
575.42,44.23
575.44,44.23
575.45,44.23
575.47,44.23
575.48,44.23
575.50,44.23
575.51,44.23
575.53,44.23
575.54,44.22
575.56,44.22
575.57,44.22
575.59,44.22
575.60,44.22
575.62,44.22
575.63,44.22
575.65,44.22
575.66,44.22
575.67,44.22
575.69,44.22
575.70,44.21
575.72,44.21
575.73,44.21
575.75,44.21
575.76,44.21
575.78,44.22
575.79,44.22
575.81,44.22
575.82,44.22
575.84,44.22
575.85,44.22
575.87,44.22
575.88,44.23
575.90,44.23
575.91,44.23
575.92,44.23
575.94,44.23
575.95,44.23
575.97,44.24
575.98,44.24
576.00,44.24
576.01,44.24
576.03,44.24
576.04,44.24
576.06,44.24
576.07,44.24
576.09,44.24
576.10,44.24
576.12,44.24
576.13,44.24
576.15,44.24
576.16,44.24
576.17,44.24
576.19,44.24
576.20,44.24
576.22,44.24
576.23,44.24
576.25,44.24
576.26,44.24
576.28,44.24
576.29,44.24
576.31,44.24
576.32,44.24
576.34,44.24
576.35,44.24
576.37,44.24
576.38,44.24
576.40,44.24
576.41,44.24
576.42,44.24
576.44,44.24
576.45,44.24
576.47,44.24
576.48,44.24
576.50,44.24
576.51,44.24
576.53,44.24
576.54,44.24
576.56,44.24
576.57,44.24
576.59,44.24
576.60,44.24
576.62,44.24
576.63,44.24
576.65,44.24
576.66,44.24
576.67,44.24
576.69,44.24
576.70,44.24
576.72,44.24
576.73,44.24
576.75,44.24
576.76,44.24
576.78,44.24
576.79,44.24
576.81,44.24
576.82,44.24
576.84,44.24
576.85,44.24
576.87,44.24
576.88,44.24
576.90,44.24
576.91,44.24
576.92,44.24
576.94,44.24
576.95,44.24
576.97,44.24
576.98,44.24
577.00,44.24
577.01,44.24
577.03,44.24
577.04,44.24
577.06,44.24
577.07,44.24
577.09,44.23
577.10,44.23
577.12,44.23
577.13,44.23
577.15,44.23
577.16,44.23
577.18,44.23
577.19,44.23
577.20,44.23
577.22,44.23
577.23,44.23
577.25,44.23
577.26,44.23
577.28,44.23
577.29,44.23
577.31,44.23
577.32,44.23
577.34,44.23
577.35,44.23
577.37,44.23
577.38,44.23
577.40,44.23
577.41,44.23
577.43,44.23
577.44,44.23
577.45,44.23
577.47,44.23
577.48,44.23
577.50,44.23
577.51,44.23
577.53,44.22
577.54,44.22
577.56,44.22
577.57,44.22
577.59,44.22
577.60,44.22
577.62,44.22
577.63,44.22
577.65,44.22
577.66,44.22
577.68,44.22
577.69,44.21
577.70,44.21
577.72,44.21
577.73,44.21
577.75,44.21
577.76,44.21
577.78,44.21
577.79,44.21
577.81,44.21
577.82,44.21
577.84,44.20
577.85,44.20
577.87,44.20
577.88,44.20
577.90,44.20
577.91,44.20
577.93,44.20
577.94,44.20
577.95,44.20
577.97,44.20
577.98,44.20
578.00,44.20
578.01,44.20
578.03,44.20
578.04,44.20
578.06,44.20
578.07,44.20
578.09,44.21
578.10,44.21
578.12,44.21
578.13,44.21
578.15,44.21
578.16,44.21
578.18,44.22
578.19,44.22
578.20,44.22
578.22,44.22
578.23,44.22
578.25,44.22
578.26,44.22
578.28,44.23
578.29,44.23
578.31,44.23
578.32,44.23
578.34,44.23
578.35,44.23
578.37,44.24
578.38,44.24
578.40,44.24
578.41,44.24
578.43,44.24
578.44,44.24
578.45,44.24
578.47,44.25
578.48,44.25
578.50,44.25
578.51,44.25
578.53,44.25
578.54,44.25
578.56,44.26
578.57,44.26
578.59,44.26
578.60,44.26
578.62,44.26
578.63,44.26
578.65,44.26
578.66,44.27
578.68,44.27
578.69,44.27
578.71,44.27
578.72,44.27
578.73,44.27
578.75,44.28
578.76,44.28
578.78,44.28
578.79,44.28
578.81,44.28
578.82,44.28
578.84,44.28
578.85,44.29
578.87,44.29
578.88,44.29
578.90,44.29
578.91,44.29
578.93,44.29
578.94,44.30
578.96,44.30
578.97,44.30
578.98,44.30
579.00,44.30
579.01,44.30
579.03,44.30
579.04,44.31
579.06,44.31
579.07,44.31
579.09,44.31
579.10,44.31
579.12,44.31
579.13,44.32
579.15,44.32
579.16,44.32
579.18,44.32
579.19,44.32
579.21,44.32
579.22,44.32
579.23,44.33
579.25,44.32
579.26,44.32
579.28,44.32
579.29,44.32
579.31,44.32
579.32,44.32
579.34,44.32
579.35,44.32
579.37,44.32
579.38,44.32
579.40,44.32
579.41,44.31
579.43,44.31
579.44,44.31
579.46,44.31
579.47,44.31
579.48,44.31
579.50,44.31
579.51,44.31
579.53,44.31
579.54,44.31
579.56,44.30
579.57,44.30
579.59,44.30
579.60,44.30
579.62,44.30
579.63,44.30
579.65,44.30
579.66,44.30
579.68,44.30
579.69,44.30
579.71,44.30
579.72,44.29
579.73,44.29
579.75,44.29
579.76,44.29
579.78,44.29
579.79,44.29
579.81,44.29
579.82,44.29
579.84,44.29
579.85,44.29
579.87,44.28
579.88,44.28
579.90,44.28
579.91,44.28
579.93,44.28
579.94,44.28
579.96,44.28
579.97,44.28
579.98,44.28
580.00,44.28
580.01,44.28
580.03,44.27
580.04,44.27
580.06,44.27
580.07,44.27
580.09,44.27
580.10,44.27
580.12,44.27
580.13,44.27
580.15,44.27
580.16,44.27
580.18,44.26
580.19,44.26
580.21,44.26
580.22,44.26
580.24,44.26
580.25,44.26
580.26,44.26
580.28,44.26
580.29,44.26
580.31,44.26
580.32,44.26
580.34,44.25
580.35,44.25
580.37,44.25
580.38,44.25
580.40,44.25
580.41,44.25
580.43,44.25
580.44,44.25
580.46,44.25
580.47,44.25
580.49,44.24
580.50,44.24
580.51,44.24
580.53,44.24
580.54,44.24
580.56,44.24
580.57,44.24
580.59,44.24
580.60,44.24
580.62,44.24
580.63,44.24
580.65,44.23
580.66,44.23
580.68,44.23
580.69,44.23
580.71,44.23
580.72,44.23
580.74,44.23
580.75,44.23
580.76,44.23
580.78,44.23
580.79,44.22
580.81,44.22
580.82,44.22
580.84,44.22
580.85,44.22
580.87,44.22
580.88,44.22
580.90,44.22
580.91,44.22
580.93,44.22
580.94,44.22
580.96,44.21
580.97,44.21
580.99,44.21
581.00,44.21
581.01,44.21
581.03,44.21
581.04,44.21
581.06,44.21
581.07,44.21
581.09,44.21
581.10,44.21
581.12,44.20
581.13,44.20
581.15,44.20
581.16,44.20
581.18,44.20
581.19,44.20
581.21,44.20
581.22,44.20
581.24,44.20
581.25,44.20
581.26,44.19
581.28,44.19
581.29,44.19
581.31,44.19
581.32,44.19
581.34,44.19
581.35,44.19
581.37,44.19
581.38,44.19
581.40,44.19
581.41,44.19
581.43,44.18
581.44,44.18
581.46,44.18
581.47,44.18
581.49,44.18
581.50,44.18
581.51,44.18
581.53,44.18
581.54,44.18
581.56,44.18
581.57,44.18
581.59,44.18
581.60,44.18
581.62,44.18
581.63,44.18
581.65,44.18
581.66,44.18
581.68,44.18
581.69,44.18
581.71,44.18
581.72,44.18
581.74,44.18
581.75,44.18
581.77,44.18
581.78,44.18
581.79,44.18
581.81,44.18
581.82,44.18
581.84,44.18
581.85,44.18
581.87,44.18
581.88,44.18
581.90,44.18
581.91,44.18
581.93,44.18
581.94,44.18
581.96,44.18
581.97,44.18
581.99,44.18
582.00,44.18
582.02,44.18
582.03,44.19
582.04,44.19
582.06,44.19
582.07,44.19
582.09,44.19
582.10,44.19
582.12,44.19
582.13,44.20
582.15,44.20
582.16,44.20
582.18,44.20
582.19,44.20
582.21,44.20
582.22,44.20
582.24,44.20
582.25,44.20
582.27,44.20
582.28,44.20
582.29,44.20
582.31,44.20
582.32,44.20
582.34,44.20
582.35,44.20
582.37,44.20
582.38,44.20
582.40,44.20
582.41,44.20
582.43,44.20
582.44,44.20
582.46,44.20
582.47,44.20
582.49,44.20
582.50,44.19
582.52,44.19
582.53,44.19
582.54,44.19
582.56,44.19
582.57,44.19
582.59,44.19
582.60,44.19
582.62,44.19
582.63,44.19
582.65,44.19
582.66,44.18
582.68,44.18
582.69,44.18
582.71,44.18
582.72,44.18
582.74,44.18
582.75,44.18
582.77,44.18
582.78,44.18
582.79,44.18
582.81,44.19
582.82,44.19
582.84,44.19
582.85,44.19
582.87,44.19
582.88,44.19
582.90,44.19
582.91,44.20
582.93,44.20
582.94,44.20
582.96,44.20
582.97,44.20
582.99,44.20
583.00,44.21
583.02,44.21
583.03,44.21
583.04,44.21
583.06,44.21
583.07,44.21
583.09,44.21
583.10,44.22
583.12,44.22
583.13,44.22
583.15,44.22
583.16,44.22
583.18,44.22
583.19,44.23
583.21,44.23
583.22,44.23
583.24,44.23
583.25,44.23
583.27,44.23
583.28,44.23
583.30,44.24
583.31,44.24
583.32,44.24
583.34,44.24
583.35,44.24
583.37,44.24
583.38,44.25
583.40,44.25
583.41,44.25
583.43,44.25
583.44,44.25
583.46,44.25
583.47,44.25
583.49,44.25
583.50,44.25
583.52,44.25
583.53,44.25
583.55,44.25
583.56,44.25
583.57,44.25
583.59,44.25
583.60,44.25
583.62,44.25
583.63,44.25
583.65,44.25
583.66,44.25
583.68,44.25
583.69,44.25
583.71,44.25
583.72,44.25
583.74,44.25
583.75,44.25
583.77,44.25
583.78,44.25
583.80,44.25
583.81,44.25
583.82,44.25
583.84,44.25
583.85,44.25
583.87,44.25
583.88,44.25
583.90,44.25
583.91,44.25
583.93,44.25
583.94,44.25
583.96,44.25
583.97,44.25
583.99,44.25
584.00,44.25
584.02,44.25
584.03,44.25
584.05,44.25
584.06,44.25
584.07,44.25
584.09,44.24
584.10,44.24
584.12,44.24
584.13,44.24
584.15,44.24
584.16,44.24
584.18,44.24
584.19,44.24
584.21,44.24
584.22,44.24
584.24,44.24
584.25,44.24
584.27,44.24
584.28,44.24
584.30,44.24
584.31,44.23
584.32,44.23
584.34,44.23
584.35,44.23
584.37,44.23
584.38,44.23
584.40,44.23
584.41,44.23
584.43,44.23
584.44,44.23
584.46,44.22
584.47,44.22
584.49,44.22
584.50,44.22
584.52,44.22
584.53,44.22
584.55,44.22
584.56,44.22
584.57,44.22
584.59,44.22
584.60,44.22
584.62,44.21
584.63,44.21
584.65,44.21
584.66,44.21
584.68,44.21
584.69,44.21
584.71,44.21
584.72,44.21
584.74,44.21
584.75,44.21
584.77,44.20
584.78,44.20
584.80,44.20
584.81,44.20
584.83,44.20
584.84,44.20
584.85,44.20
584.87,44.20
584.88,44.20
584.90,44.20
584.91,44.20
584.93,44.20
584.94,44.20
584.96,44.20
584.97,44.20
584.99,44.20
585.00,44.21
585.02,44.21
585.03,44.21
585.05,44.21
585.06,44.21
585.08,44.21
585.09,44.21
585.10,44.22
585.12,44.22
585.13,44.22
585.15,44.22
585.16,44.22
585.18,44.22
585.19,44.23
585.21,44.23
585.22,44.23
585.24,44.23
585.25,44.23
585.27,44.23
585.28,44.23
585.30,44.24
585.31,44.24
585.33,44.24
585.34,44.24
585.35,44.24
585.37,44.24
585.38,44.25
585.40,44.25
585.41,44.25
585.43,44.25
585.44,44.25
585.46,44.25
585.47,44.25
585.49,44.26
585.50,44.26
585.52,44.26
585.53,44.26
585.55,44.26
585.56,44.26
585.58,44.26
585.59,44.26
585.60,44.26
585.62,44.26
585.63,44.26
585.65,44.26
585.66,44.25
585.68,44.25
585.69,44.25
585.71,44.25
585.72,44.25
585.74,44.25
585.75,44.25
585.77,44.25
585.78,44.25
585.80,44.25
585.81,44.24
585.83,44.24
585.84,44.24
585.85,44.24
585.87,44.24
585.88,44.24
585.90,44.24
585.91,44.24
585.93,44.24
585.94,44.24
585.96,44.24
585.97,44.23
585.99,44.23
586.00,44.23
586.02,44.23
586.03,44.23
586.05,44.23
586.06,44.23
586.08,44.23
586.09,44.23
586.10,44.23
586.12,44.22
586.13,44.22
586.15,44.22
586.16,44.22
586.18,44.22
586.19,44.22
586.21,44.22
586.22,44.22
586.24,44.22
586.25,44.22
586.27,44.22
586.28,44.21
586.30,44.21
586.31,44.21
586.33,44.21
586.34,44.21
586.36,44.21
586.37,44.21
586.38,44.21
586.40,44.21
586.41,44.21
586.43,44.21
586.44,44.20
586.46,44.20
586.47,44.20
586.49,44.20
586.50,44.20
586.52,44.20
586.53,44.20
586.55,44.20
586.56,44.20
586.58,44.20
586.59,44.20
586.61,44.20
586.62,44.20
586.63,44.20
586.65,44.20
586.66,44.20
586.68,44.20
586.69,44.20
586.71,44.20
586.72,44.20
586.74,44.20
586.75,44.20
586.77,44.20
586.78,44.20
586.80,44.20
586.81,44.20
586.83,44.20
586.84,44.20
586.86,44.20
586.87,44.20
586.88,44.20
586.90,44.20
586.91,44.20
586.93,44.20
586.94,44.20
586.96,44.20
586.97,44.20
586.99,44.20
587.00,44.20
587.02,44.20
587.03,44.20
587.05,44.19
587.06,44.19
587.08,44.20
587.09,44.20
587.11,44.20
587.12,44.20
587.13,44.20
587.15,44.20
587.16,44.20
587.18,44.21
587.19,44.21
587.21,44.21
587.22,44.21
587.24,44.21
587.25,44.21
587.27,44.22
587.28,44.22
587.30,44.22
587.31,44.22
587.33,44.22
587.34,44.22
587.36,44.22
587.37,44.23
587.38,44.23
587.40,44.23
587.41,44.23
587.43,44.23
587.44,44.23
587.46,44.24
587.47,44.24
587.49,44.24
587.50,44.24
587.52,44.24
587.53,44.24
587.55,44.24
587.56,44.25
587.58,44.25
587.59,44.25
587.61,44.25
587.62,44.25
587.63,44.25
587.65,44.25
587.66,44.25
587.68,44.25
587.69,44.25
587.71,44.25
587.72,44.25
587.74,44.25
587.75,44.25
587.77,44.25
587.78,44.25
587.80,44.25
587.81,44.25
587.83,44.25
587.84,44.25
587.86,44.25
587.87,44.25
587.89,44.25
587.90,44.25
587.91,44.25
587.93,44.25
587.94,44.24
587.96,44.24
587.97,44.24
587.99,44.24
588.00,44.24
588.02,44.24
588.03,44.24
588.05,44.24
588.06,44.25
588.08,44.25
588.09,44.25
588.11,44.25
588.12,44.25
588.14,44.25
588.15,44.25
588.16,44.26
588.18,44.26
588.19,44.26
588.21,44.26
588.22,44.26
588.24,44.26
588.25,44.27
588.27,44.27
588.28,44.27
588.30,44.27
588.31,44.27
588.33,44.27
588.34,44.27
588.36,44.28
588.37,44.28
588.39,44.28
588.40,44.28
588.41,44.28
588.43,44.28
588.44,44.29
588.46,44.29
588.47,44.29
588.49,44.29
588.50,44.29
588.52,44.29
588.53,44.29
588.55,44.30
588.56,44.30
588.58,44.30
588.59,44.30
588.61,44.30
588.62,44.30
588.64,44.30
588.65,44.31
588.66,44.31
588.68,44.31
588.69,44.31
588.71,44.31
588.72,44.31
588.74,44.32
588.75,44.32
588.77,44.32
588.78,44.32
588.80,44.32
588.81,44.32
588.83,44.32
588.84,44.33
588.86,44.33
588.87,44.33
588.89,44.33
588.90,44.33
588.91,44.33
588.93,44.34
588.94,44.34
588.96,44.34
588.97,44.34
588.99,44.34
589.00,44.34
589.02,44.34
589.03,44.35
589.05,44.35
589.06,44.35
589.08,44.35
589.09,44.35
589.11,44.35
589.12,44.36
589.14,44.36
589.15,44.36
589.16,44.36
589.18,44.36
589.19,44.36
589.21,44.36
589.22,44.37
589.24,44.37
589.25,44.37
589.27,44.37
589.28,44.37
589.30,44.37
589.31,44.38
589.33,44.38
589.34,44.38
589.36,44.38
589.37,44.38
589.39,44.38
589.40,44.38
589.42,44.38
589.43,44.38
589.44,44.38
589.46,44.38
589.47,44.38
589.49,44.38
589.50,44.38
589.52,44.37
589.53,44.37
589.55,44.37
589.56,44.37
589.58,44.37
589.59,44.37
589.61,44.37
589.62,44.37
589.64,44.37
589.65,44.37
589.67,44.36
589.68,44.36
589.69,44.36
589.71,44.36
589.72,44.36
589.74,44.36
589.75,44.36
589.77,44.36
589.78,44.36
589.80,44.36
589.81,44.35
589.83,44.35
589.84,44.35
589.86,44.35
589.87,44.35
589.89,44.35
589.90,44.35
589.92,44.35
589.93,44.35
589.94,44.35
589.96,44.35
589.97,44.35
589.99,44.35
590.00,44.35
590.02,44.35
590.03,44.35
590.05,44.35
590.06,44.35
590.08,44.35
590.09,44.35
590.11,44.35
590.12,44.35
590.14,44.35
590.15,44.35
590.17,44.35
590.18,44.35
590.19,44.35
590.21,44.35
590.22,44.35
590.24,44.35
590.25,44.35
590.27,44.35
590.28,44.35
590.30,44.35
590.31,44.35
590.33,44.35
590.34,44.35
590.36,44.35
590.37,44.35
590.39,44.35
590.40,44.35
590.42,44.35
590.43,44.35
590.44,44.35
590.46,44.35
590.47,44.35
590.49,44.35
590.50,44.35
590.52,44.35
590.53,44.35
590.55,44.34
590.56,44.34
590.58,44.34
590.59,44.34
590.61,44.34
590.62,44.34
590.64,44.34
590.65,44.34
590.67,44.34
590.68,44.34
590.69,44.34
590.71,44.34
590.72,44.34
590.74,44.35
590.75,44.35
590.77,44.35
590.78,44.35
590.80,44.35
590.81,44.35
590.83,44.35
590.84,44.36
590.86,44.36
590.87,44.36
590.89,44.36
590.90,44.36
590.92,44.36
590.93,44.37
590.94,44.37
590.96,44.37
590.97,44.37
590.99,44.37
591.00,44.37
591.02,44.37
591.03,44.37
591.05,44.37
591.06,44.37
591.08,44.37
591.09,44.37
591.11,44.37
591.12,44.37
591.14,44.37
591.15,44.37
591.17,44.37
591.18,44.37
591.20,44.37
591.21,44.37
591.22,44.37
591.24,44.37
591.25,44.37
591.27,44.37
591.28,44.36
591.30,44.36
591.31,44.36
591.33,44.36
591.34,44.36
591.36,44.36
591.37,44.36
591.39,44.36
591.40,44.36
591.42,44.36
591.43,44.35
591.45,44.35
591.46,44.35
591.47,44.35
591.49,44.35
591.50,44.35
591.52,44.35
591.53,44.35
591.55,44.35
591.56,44.35
591.58,44.35
591.59,44.34
591.61,44.34
591.62,44.34
591.64,44.34
591.65,44.34
591.67,44.34
591.68,44.34
591.70,44.34
591.71,44.34
591.72,44.34
591.74,44.34
591.75,44.34
591.77,44.34
591.78,44.34
591.80,44.34
591.81,44.35
591.83,44.35
591.84,44.35
591.86,44.35
591.87,44.35
591.89,44.35
591.90,44.35
591.92,44.36
591.93,44.36
591.95,44.36
591.96,44.36
591.97,44.36
591.99,44.36
592.00,44.37
592.02,44.37
592.03,44.37
592.05,44.37
592.06,44.37
592.08,44.37
592.09,44.37
592.11,44.38
592.12,44.38
592.14,44.38
592.15,44.38
592.17,44.38
592.18,44.38
592.20,44.38
592.21,44.39
592.22,44.39
592.24,44.39
592.25,44.39
592.27,44.39
592.28,44.39
592.30,44.40
592.31,44.40
592.33,44.40
592.34,44.40
592.36,44.40
592.37,44.40
592.39,44.40
592.40,44.41
592.42,44.41
592.43,44.41
592.45,44.41
592.46,44.41
592.47,44.41
592.49,44.42
592.50,44.42
592.52,44.42
592.53,44.42
592.55,44.42
592.56,44.42
592.58,44.42
592.59,44.43
592.61,44.43
592.62,44.43
592.64,44.43
592.65,44.43
592.67,44.43
592.68,44.43
592.70,44.44
592.71,44.44
592.73,44.44
592.74,44.44
592.75,44.44
592.77,44.44
592.78,44.45
592.80,44.45
592.81,44.45
592.83,44.45
592.84,44.45
592.86,44.45
592.87,44.45
592.89,44.46
592.90,44.46
592.92,44.46
592.93,44.46
592.95,44.46
592.96,44.46
592.98,44.47
592.99,44.47
593.00,44.47
593.02,44.47
593.03,44.47
593.05,44.47
593.06,44.47
593.08,44.48
593.09,44.47
593.11,44.47
593.12,44.47
593.14,44.47
593.15,44.47
593.17,44.47
593.18,44.47
593.20,44.47
593.21,44.47
593.23,44.47
593.24,44.47
593.25,44.46
593.27,44.46
593.28,44.46
593.30,44.46
593.31,44.46
593.33,44.46
593.34,44.46
593.36,44.46
593.37,44.46
593.39,44.46
593.40,44.45
593.42,44.45
593.43,44.45
593.45,44.45
593.46,44.45
593.48,44.45
593.49,44.45
593.50,44.45
593.52,44.45
593.53,44.45
593.55,44.44
593.56,44.44
593.58,44.44
593.59,44.44
593.61,44.44
593.62,44.44
593.64,44.44
593.65,44.44
593.67,44.44
593.68,44.44
593.70,44.44
593.71,44.43
593.73,44.43
593.74,44.43
593.75,44.43
593.77,44.43
593.78,44.43
593.80,44.43
593.81,44.43
593.83,44.43
593.84,44.43
593.86,44.42
593.87,44.42
593.89,44.42
593.90,44.42
593.92,44.42
593.93,44.42
593.95,44.42
593.96,44.42
593.98,44.42
593.99,44.42
594.00,44.41
594.02,44.41
594.03,44.41
594.05,44.41
594.06,44.41
594.08,44.41
594.09,44.41
594.11,44.41
594.12,44.41
594.14,44.41
594.15,44.41
594.17,44.40
594.18,44.40
594.20,44.40
594.21,44.40
594.23,44.40
594.24,44.40
594.26,44.40
594.27,44.40
594.28,44.40
594.30,44.40
594.31,44.39
594.33,44.39
594.34,44.39
594.36,44.39
594.37,44.39
594.39,44.39
594.40,44.39
594.42,44.39
594.43,44.39
594.45,44.39
594.46,44.39
594.48,44.39
594.49,44.39
594.51,44.39
594.52,44.39
594.53,44.39
594.55,44.39
594.56,44.39
594.58,44.39
594.59,44.39
594.61,44.39
594.62,44.39
594.64,44.39
594.65,44.39
594.67,44.39
594.68,44.39
594.70,44.39
594.71,44.39
594.73,44.39
594.74,44.39
594.76,44.39
594.77,44.39
594.78,44.39
594.80,44.39
594.81,44.39
594.83,44.39
594.84,44.39
594.86,44.39
594.87,44.39
594.89,44.39
594.90,44.39
594.92,44.39
594.93,44.39
594.95,44.39
594.96,44.39
594.98,44.39
594.99,44.39
595.01,44.39
595.02,44.39
595.03,44.39
595.05,44.39
595.06,44.39
595.08,44.39
595.09,44.39
595.11,44.39
595.12,44.39
595.14,44.38
595.15,44.38
595.17,44.38
595.18,44.38
595.20,44.38
595.21,44.38
595.23,44.38
595.24,44.38
595.26,44.38
595.27,44.38
595.28,44.37
595.30,44.37
595.31,44.37
595.33,44.37
595.34,44.37
595.36,44.37
595.37,44.37
595.39,44.37
595.40,44.37
595.42,44.37
595.43,44.37
595.45,44.36
595.46,44.36
595.48,44.36
595.49,44.36
595.51,44.37
595.52,44.37
595.53,44.37
595.55,44.37
595.56,44.37
595.58,44.37
595.59,44.37
595.61,44.38
595.62,44.38
595.64,44.38
595.65,44.38
595.67,44.38
595.68,44.38
595.70,44.39
595.71,44.39
595.73,44.39
595.74,44.39
595.76,44.39
595.77,44.39
595.79,44.39
595.80,44.40
595.81,44.40
595.83,44.40
595.84,44.40
595.86,44.40
595.87,44.40
595.89,44.41
595.90,44.41
595.92,44.41
595.93,44.41
595.95,44.41
595.96,44.41
595.98,44.41
595.99,44.42
596.01,44.42
596.02,44.42
596.04,44.42
596.05,44.42
596.06,44.42
596.08,44.43
596.09,44.43
596.11,44.43
596.12,44.43
596.14,44.43
596.15,44.43
596.17,44.43
596.18,44.44
596.20,44.44
596.21,44.44
596.23,44.44
596.24,44.44
596.26,44.44
596.27,44.44
596.29,44.45
596.30,44.45
596.31,44.45
596.33,44.45
596.34,44.45
596.36,44.45
596.37,44.45
596.39,44.45
596.40,44.45
596.42,44.45
596.43,44.44
596.45,44.44
596.46,44.44
596.48,44.44
596.49,44.44
596.51,44.44
596.52,44.44
596.54,44.44
596.55,44.44
596.56,44.44
596.58,44.44
596.59,44.44
596.61,44.44
596.62,44.44
596.64,44.44
596.65,44.44
596.67,44.44
596.68,44.44
596.70,44.44
596.71,44.44
596.73,44.44
596.74,44.44
596.76,44.44
596.77,44.44
596.79,44.44
596.80,44.44
596.81,44.44
596.83,44.44
596.84,44.44
596.86,44.44
596.87,44.44
596.89,44.44
596.90,44.44
596.92,44.44
596.93,44.44
596.95,44.44
596.96,44.44
596.98,44.44
596.99,44.44
597.01,44.44
597.02,44.44
597.04,44.44
597.05,44.44
597.06,44.43
597.08,44.43
597.09,44.43
597.11,44.43
597.12,44.43
597.14,44.43
597.15,44.43
597.17,44.43
597.18,44.43
597.20,44.43
597.21,44.42
597.23,44.42
597.24,44.42
597.26,44.42
597.27,44.42
597.29,44.42
597.30,44.42
597.32,44.42
597.33,44.42
597.34,44.42
597.36,44.42
597.37,44.42
597.39,44.42
597.40,44.42
597.42,44.42
597.43,44.42
597.45,44.42
597.46,44.42
597.48,44.42
597.49,44.42
597.51,44.42
597.52,44.42
597.54,44.42
597.55,44.42
597.57,44.42
597.58,44.42
597.59,44.42
597.61,44.42
597.62,44.42
597.64,44.42
597.65,44.42
597.67,44.42
597.68,44.42
597.70,44.42
597.71,44.42
597.73,44.42
597.74,44.42
597.76,44.42
597.77,44.42
597.79,44.42
597.80,44.42
597.82,44.42
597.83,44.41
597.84,44.41
597.86,44.41
597.87,44.41
597.89,44.41
597.90,44.41
597.92,44.41
597.93,44.41
597.95,44.42
597.96,44.42
597.98,44.42
597.99,44.42
598.01,44.42
598.02,44.42
598.04,44.42
598.05,44.43
598.07,44.43
598.08,44.43
598.09,44.43
598.11,44.43
598.12,44.43
598.14,44.43
598.15,44.44
598.17,44.44
598.18,44.44
598.20,44.44
598.21,44.44
598.23,44.44
598.24,44.45
598.26,44.45
598.27,44.45
598.29,44.45
598.30,44.45
598.32,44.45
598.33,44.45
598.34,44.46
598.36,44.46
598.37,44.46
598.39,44.46
598.40,44.46
598.42,44.46
598.43,44.47
598.45,44.47
598.46,44.47
598.48,44.47
598.49,44.47
598.51,44.47
598.52,44.47
598.54,44.48
598.55,44.48
598.57,44.48
598.58,44.48
598.59,44.48
598.61,44.48
598.62,44.48
598.64,44.49
598.65,44.49
598.67,44.49
598.68,44.49
598.70,44.49
598.71,44.49
598.73,44.50
598.74,44.50
598.76,44.50
598.77,44.50
598.79,44.50
598.80,44.50
598.82,44.50
598.83,44.51
598.85,44.51
598.86,44.51
598.87,44.51
598.89,44.51
598.90,44.51
598.92,44.51
598.93,44.52
598.95,44.52
598.96,44.52
598.98,44.52
598.99,44.52
599.01,44.52
599.02,44.53
599.04,44.53
599.05,44.53
599.07,44.53
599.08,44.53
599.10,44.53
599.11,44.53
599.12,44.54
599.14,44.54
599.15,44.54
599.17,44.54
599.18,44.54
599.20,44.54
599.21,44.54
599.23,44.55
599.24,44.55
599.26,44.55
599.27,44.55
599.29,44.55
599.30,44.55
599.32,44.55
599.33,44.55
599.35,44.55
599.36,44.55
599.37,44.55
599.39,44.55
599.40,44.55
599.42,44.55
599.43,44.55
599.45,44.55
599.46,44.55
599.48,44.55
599.49,44.55
599.51,44.55
599.52,44.54
599.54,44.54
599.55,44.54
599.57,44.54
599.58,44.54
599.60,44.54
599.61,44.54
599.62,44.54
599.64,44.54
599.65,44.54
599.67,44.54
599.68,44.54
599.70,44.54
599.71,44.54
599.73,44.54
599.74,44.54
599.76,44.54
599.77,44.54
599.79,44.54
599.80,44.54
599.82,44.54
599.83,44.54
599.85,44.54
599.86,44.54
599.87,44.54
599.89,44.53
599.90,44.53
599.92,44.53
599.93,44.53
599.95,44.53
599.96,44.53
599.98,44.53
599.99,44.53
600.01,44.53
600.02,44.53
600.04,44.52
600.05,44.52
600.07,44.52
600.08,44.52
600.10,44.52
600.11,44.52
600.12,44.52
600.14,44.52
600.15,44.52
600.17,44.52
600.18,44.51
600.20,44.51
600.21,44.51
600.23,44.51
600.24,44.51
600.26,44.51
600.27,44.51
600.29,44.51
600.30,44.51
600.32,44.52
600.33,44.52
600.35,44.52
600.36,44.52
600.38,44.52
600.39,44.52
600.40,44.53
600.42,44.53
600.43,44.53
600.45,44.53
600.46,44.53
600.48,44.53
600.49,44.53
600.51,44.54
600.52,44.54
600.54,44.54
600.55,44.54
600.57,44.54
600.58,44.54
600.60,44.54
600.61,44.55
600.63,44.55
600.64,44.55
600.65,44.55
600.67,44.55
600.68,44.55
600.70,44.56
600.71,44.56
600.73,44.56
600.74,44.56
600.76,44.56
600.77,44.56
600.79,44.56
600.80,44.57
600.82,44.57
600.83,44.57
600.85,44.57
600.86,44.57
600.88,44.57
600.89,44.57
600.90,44.58
600.92,44.58
600.93,44.58
600.95,44.58
600.96,44.58
600.98,44.58
600.99,44.59
601.01,44.59
601.02,44.59
601.04,44.59
601.05,44.59
601.07,44.59
601.08,44.59
601.10,44.60
601.11,44.60
601.13,44.60
601.14,44.60
601.15,44.60
601.17,44.60
601.18,44.60
601.20,44.61
601.21,44.61
601.23,44.61
601.24,44.61
601.26,44.61
601.27,44.61
601.29,44.61
601.30,44.61
601.32,44.61
601.33,44.61
601.35,44.61
601.36,44.61
601.38,44.61
601.39,44.61
601.40,44.61
601.42,44.61
601.43,44.61
601.45,44.61
601.46,44.61
601.48,44.61
601.49,44.61
601.51,44.61
601.52,44.61
601.54,44.61
601.55,44.61
601.57,44.61
601.58,44.61
601.60,44.61
601.61,44.60
601.63,44.60
601.64,44.60
601.65,44.60
601.67,44.60
601.68,44.60
601.70,44.60
601.71,44.60
601.73,44.60
601.74,44.60
601.76,44.60
601.77,44.60
601.79,44.60
601.80,44.60
601.82,44.60
601.83,44.60
601.85,44.60
601.86,44.60
601.88,44.60
601.89,44.60
601.91,44.60
601.92,44.60
601.93,44.60
601.95,44.60
601.96,44.60
601.98,44.60
601.99,44.60
602.01,44.59
602.02,44.59
602.04,44.59
602.05,44.59
602.07,44.59
602.08,44.59
602.10,44.59
602.11,44.59
602.13,44.59
602.14,44.59
602.16,44.58
602.17,44.58
602.18,44.59
602.20,44.59
602.21,44.59
602.23,44.59
602.24,44.59
602.26,44.59
602.27,44.59
602.29,44.60
602.30,44.60
602.32,44.60
602.33,44.60
602.35,44.60
602.36,44.60
602.38,44.61
602.39,44.61
602.41,44.61
602.42,44.61
602.43,44.61
602.45,44.61
602.46,44.61
602.48,44.62
602.49,44.62
602.51,44.62
602.52,44.62
602.54,44.62
602.55,44.62
602.57,44.62
602.58,44.63
602.60,44.63
602.61,44.63
602.63,44.63
602.64,44.63
602.66,44.63
602.67,44.64
602.68,44.64
602.70,44.64
602.71,44.64
602.73,44.64
602.74,44.64
602.76,44.64
602.77,44.64
602.79,44.64
602.80,44.64
602.82,44.64
602.83,44.64
602.85,44.64
602.86,44.65
602.88,44.65
602.89,44.65
602.91,44.65
602.92,44.65
602.93,44.65
602.95,44.65
602.96,44.65
602.98,44.65
602.99,44.65
603.01,44.65
603.02,44.65
603.04,44.65
603.05,44.65
603.07,44.65
603.08,44.65
603.10,44.65
603.11,44.65
603.13,44.66
603.14,44.66
603.16,44.66
603.17,44.66
603.18,44.66
603.20,44.66
603.21,44.66
603.23,44.66
603.24,44.66
603.26,44.66
603.27,44.66
603.29,44.66
603.30,44.66
603.32,44.66
603.33,44.66
603.35,44.66
603.36,44.66
603.38,44.66
603.39,44.67
603.41,44.67
603.42,44.67
603.44,44.67
603.45,44.67
603.46,44.67
603.48,44.67
603.49,44.67
603.51,44.67
603.52,44.67
603.54,44.67
603.55,44.67
603.57,44.67
603.58,44.67
603.60,44.67
603.61,44.67
603.63,44.67
603.64,44.66
603.66,44.66
603.67,44.66
603.69,44.66
603.70,44.66
603.71,44.66
603.73,44.66
603.74,44.66
603.76,44.66
603.77,44.66
603.79,44.65
603.80,44.65
603.82,44.65
603.83,44.65
603.85,44.65
603.86,44.65
603.88,44.65
603.89,44.65
603.91,44.65
603.92,44.65
603.94,44.64
603.95,44.64
603.96,44.64
603.98,44.64
603.99,44.64
604.01,44.64
604.02,44.64
604.04,44.64
604.05,44.64
604.07,44.64
604.08,44.63
604.10,44.63
604.11,44.63
604.13,44.63
604.14,44.63
604.16,44.63
604.17,44.63
604.19,44.63
604.20,44.63
604.21,44.63
604.23,44.62
604.24,44.62
604.26,44.62
604.27,44.62
604.29,44.62
604.30,44.62
604.32,44.62
604.33,44.62
604.35,44.62
604.36,44.62
604.38,44.62
604.39,44.61
604.41,44.61
604.42,44.61
604.44,44.61
604.45,44.61
604.46,44.61
604.48,44.61
604.49,44.61
604.51,44.61
604.52,44.61
604.54,44.60
604.55,44.60
604.57,44.60
604.58,44.60
604.60,44.60
604.61,44.60
604.63,44.60
604.64,44.60
604.66,44.60
604.67,44.60
604.69,44.59
604.70,44.59
604.71,44.59
604.73,44.59
604.74,44.59
604.76,44.59
604.77,44.59
604.79,44.59
604.80,44.59
604.82,44.59
604.83,44.58
604.85,44.58
604.86,44.58
604.88,44.58
604.89,44.58
604.91,44.58
604.92,44.58
604.94,44.58
604.95,44.58
604.97,44.58
604.98,44.57
604.99,44.57
605.01,44.57
605.02,44.57
605.04,44.57
605.05,44.57
605.07,44.57
605.08,44.57
605.10,44.57
605.11,44.57
605.13,44.56
605.14,44.56
605.16,44.56
605.17,44.56
605.19,44.56
605.20,44.56
605.22,44.56
605.23,44.56
605.24,44.56
605.26,44.56
605.27,44.56
605.29,44.55
605.30,44.55
605.32,44.55
605.33,44.55
605.35,44.55
605.36,44.55
605.38,44.55
605.39,44.55
605.41,44.55
605.42,44.55
605.44,44.55
605.45,44.55
605.47,44.55
605.48,44.55
605.49,44.55
605.51,44.55
605.52,44.55
605.54,44.55
605.55,44.55
605.57,44.55
605.58,44.55
605.60,44.55
605.61,44.55
605.63,44.55
605.64,44.55
605.66,44.55
605.67,44.55
605.69,44.55
605.70,44.55
605.72,44.55
605.73,44.55
605.74,44.55
605.76,44.55
605.77,44.55
605.79,44.55
605.80,44.55
605.82,44.55
605.83,44.55
605.85,44.55
605.86,44.55
605.88,44.55
605.89,44.55
605.91,44.55
605.92,44.55
605.94,44.55
605.95,44.55
605.97,44.55
605.98,44.55
605.99,44.55
606.01,44.55
606.02,44.55
606.04,44.55
606.05,44.55
606.07,44.55
606.08,44.55
606.10,44.55
606.11,44.55
606.13,44.55
606.14,44.54
606.16,44.54
606.17,44.54
606.19,44.54
606.20,44.54
606.22,44.54
606.23,44.54
606.24,44.54
606.26,44.54
606.27,44.54
606.29,44.54
606.30,44.54
606.32,44.54
606.33,44.54
606.35,44.54
606.36,44.54
606.38,44.54
606.39,44.54
606.41,44.54
606.42,44.54
606.44,44.54
606.45,44.54
606.47,44.54
606.48,44.54
606.50,44.54
606.51,44.54
606.52,44.54
606.54,44.54
606.55,44.54
606.57,44.54
606.58,44.54
606.60,44.54
606.61,44.54
606.63,44.54
606.64,44.55
606.66,44.55
606.67,44.55
606.69,44.55
606.70,44.55
606.72,44.55
606.73,44.55
606.75,44.56
606.76,44.56
606.77,44.56
606.79,44.56
606.80,44.56
606.82,44.56
606.83,44.57
606.85,44.57
606.86,44.57
606.88,44.57
606.89,44.57
606.91,44.57
606.92,44.57
606.94,44.58
606.95,44.58
606.97,44.58
606.98,44.58
607.00,44.58
607.01,44.58
607.02,44.58
607.04,44.59
607.05,44.59
607.07,44.59
607.08,44.59
607.10,44.59
607.11,44.59
607.13,44.60
607.14,44.60
607.16,44.60
607.17,44.60
607.19,44.60
607.20,44.60
607.22,44.60
607.23,44.61
607.25,44.61
607.26,44.61
607.27,44.61
607.29,44.61
607.30,44.61
607.32,44.61
607.33,44.62
607.35,44.62
607.36,44.62
607.38,44.62
607.39,44.62
607.41,44.62
607.42,44.63
607.44,44.63
607.45,44.63
607.47,44.63
607.48,44.63
607.50,44.63
607.51,44.63
607.52,44.64
607.54,44.64
607.55,44.64
607.57,44.64
607.58,44.64
607.60,44.64
607.61,44.64
607.63,44.65
607.64,44.65
607.66,44.65
607.67,44.65
607.69,44.65
607.70,44.65
607.72,44.66
607.73,44.66
607.75,44.66
607.76,44.66
607.77,44.66
607.79,44.66
607.80,44.66
607.82,44.67
607.83,44.67
607.85,44.67
607.86,44.67
607.88,44.67
607.89,44.67
607.91,44.67
607.92,44.68
607.94,44.68
607.95,44.68
607.97,44.68
607.98,44.68
608.00,44.68
608.01,44.68
608.03,44.69
608.04,44.69
608.05,44.69
608.07,44.69
608.08,44.69
608.10,44.69
608.11,44.69
608.13,44.69
608.14,44.69
608.16,44.69
608.17,44.69
608.19,44.69
608.20,44.70
608.22,44.69
608.23,44.69
608.25,44.69
608.26,44.69
608.28,44.69
608.29,44.69
608.30,44.69
608.32,44.69
608.33,44.69
608.35,44.69
608.36,44.68
608.38,44.68
608.39,44.68
608.41,44.68
608.42,44.68
608.44,44.68
608.45,44.68
608.47,44.68
608.48,44.68
608.50,44.68
608.51,44.67
608.53,44.67
608.54,44.67
608.55,44.67
608.57,44.67
608.58,44.67
608.60,44.67
608.61,44.67
608.63,44.67
608.64,44.67
608.66,44.66
608.67,44.66
608.69,44.66
608.70,44.66
608.72,44.66
608.73,44.66
608.75,44.66
608.76,44.66
608.78,44.66
608.79,44.66
608.80,44.65
608.82,44.65
608.83,44.65
608.85,44.65
608.86,44.65
608.88,44.65
608.89,44.65
608.91,44.65
608.92,44.65
608.94,44.65
608.95,44.64
608.97,44.64
608.98,44.64
609.00,44.64
609.01,44.64
609.03,44.64
609.04,44.64
609.05,44.64
609.07,44.64
609.08,44.64
609.10,44.64
609.11,44.64
609.13,44.64
609.14,44.64
609.16,44.64
609.17,44.63
609.19,44.63
609.20,44.63
609.22,44.63
609.23,44.63
609.25,44.63
609.26,44.63
609.28,44.63
609.29,44.63
609.30,44.63
609.32,44.63
609.33,44.63
609.35,44.63
609.36,44.63
609.38,44.63
609.39,44.63
609.41,44.63
609.42,44.63
609.44,44.63
609.45,44.63
609.47,44.63
609.48,44.63
609.50,44.63
609.51,44.63
609.53,44.63
609.54,44.63
609.56,44.63
609.57,44.63
609.58,44.63
609.60,44.63
609.61,44.63
609.63,44.63
609.64,44.63
609.66,44.63
609.67,44.63
609.69,44.63
609.70,44.63
609.72,44.63
609.73,44.63
609.75,44.63
609.76,44.63
609.78,44.62
609.79,44.62
609.81,44.63
609.82,44.63
609.83,44.63
609.85,44.63
609.86,44.63
609.88,44.63
609.89,44.63
609.91,44.64
609.92,44.64
609.94,44.64
609.95,44.64
609.97,44.64
609.98,44.64
610.00,44.65
610.01,44.65
610.03,44.65
610.04,44.65
610.06,44.65
610.07,44.65
610.08,44.65
610.10,44.66
610.11,44.66
610.13,44.66
610.14,44.66
610.16,44.66
610.17,44.66
610.19,44.66
610.20,44.67
610.22,44.67
610.23,44.67
610.25,44.67
610.26,44.67
610.28,44.67
610.29,44.67
610.31,44.68
610.32,44.68
610.33,44.68
610.35,44.68
610.36,44.68
610.38,44.68
610.39,44.69
610.41,44.69
610.42,44.69
610.44,44.68
610.45,44.68
610.47,44.68
610.48,44.68
610.50,44.68
610.51,44.68
610.53,44.68
610.54,44.68
610.56,44.68
610.57,44.68
610.58,44.68
610.60,44.68
610.61,44.68
610.63,44.68
610.64,44.68
610.66,44.68
610.67,44.68
610.69,44.68
610.70,44.68
610.72,44.68
610.73,44.68
610.75,44.68
610.76,44.68
610.78,44.68
610.79,44.68
610.81,44.68
610.82,44.68
610.83,44.68
610.85,44.68
610.86,44.68
610.88,44.68
610.89,44.68
610.91,44.68
610.92,44.68
610.94,44.68
610.95,44.68
610.97,44.68
610.98,44.67
611.00,44.67
611.01,44.67
611.03,44.67
611.04,44.67
611.06,44.67
611.07,44.67
611.08,44.67
611.10,44.67
611.11,44.67
611.13,44.66
611.14,44.66
611.16,44.66
611.17,44.66
611.19,44.66
611.20,44.66
611.22,44.66
611.23,44.66
611.25,44.66
611.26,44.66
611.28,44.65
611.29,44.65
611.31,44.65
611.32,44.65
611.34,44.65
611.35,44.65
611.36,44.65
611.38,44.66
611.39,44.66
611.41,44.66
611.42,44.66
611.44,44.66
611.45,44.66
611.47,44.66
611.48,44.67
611.50,44.67
611.51,44.67
611.53,44.67
611.54,44.67
611.56,44.67
611.57,44.68
611.59,44.68
611.60,44.68
611.61,44.68
611.63,44.68
611.64,44.68
611.66,44.68
611.67,44.68
611.69,44.68
611.70,44.68
611.72,44.68
611.73,44.68
611.75,44.68
611.76,44.68
611.78,44.68
611.79,44.68
611.81,44.68
611.82,44.68
611.84,44.68
611.85,44.68
611.86,44.67
611.88,44.67
611.89,44.67
611.91,44.67
611.92,44.67
611.94,44.67
611.95,44.67
611.97,44.67
611.98,44.67
612.00,44.67
612.01,44.67
612.03,44.67
612.04,44.67
612.06,44.67
612.07,44.67
612.09,44.67
612.10,44.67
612.11,44.67
612.13,44.67
612.14,44.66
612.16,44.66
612.17,44.66
612.19,44.66
612.20,44.66
612.22,44.66
612.23,44.66
612.25,44.66
612.26,44.66
612.28,44.66
612.29,44.65
612.31,44.65
612.32,44.65
612.34,44.65
612.35,44.66
612.36,44.66
612.38,44.66
612.39,44.66
612.41,44.66
612.42,44.66
612.44,44.66
612.45,44.67
612.47,44.67
612.48,44.67
612.50,44.67
612.51,44.67
612.53,44.67
612.54,44.68
612.56,44.68
612.57,44.68
612.59,44.68
612.60,44.68
612.61,44.68
612.63,44.68
612.64,44.69
612.66,44.69
612.67,44.69
612.69,44.69
612.70,44.69
612.72,44.69
612.73,44.69
612.75,44.70
612.76,44.70
612.78,44.70
612.79,44.70
612.81,44.70
612.82,44.70
612.84,44.70
612.85,44.70
612.87,44.70
612.88,44.70
612.89,44.70
612.91,44.70
612.92,44.70
612.94,44.70
612.95,44.70
612.97,44.70
612.98,44.70
613.00,44.70
613.01,44.70
613.03,44.70
613.04,44.70
613.06,44.70
613.07,44.70
613.09,44.70
613.10,44.70
613.12,44.70
613.13,44.70
613.14,44.70
613.16,44.70
613.17,44.70
613.19,44.70
613.20,44.70
613.22,44.70
613.23,44.70
613.25,44.70
613.26,44.70
613.28,44.70
613.29,44.70
613.31,44.69
613.32,44.69
613.34,44.69
613.35,44.69
613.37,44.69
613.38,44.69
613.39,44.69
613.41,44.69
613.42,44.69
613.44,44.69
613.45,44.68
613.47,44.68
613.48,44.68
613.50,44.68
613.51,44.68
613.53,44.68
613.54,44.68
613.56,44.68
613.57,44.68
613.59,44.68
613.60,44.68
613.62,44.68
613.63,44.68
613.64,44.68
613.66,44.68
613.67,44.69
613.69,44.69
613.70,44.69
613.72,44.69
613.73,44.69
613.75,44.69
613.76,44.69
613.78,44.70
613.79,44.70
613.81,44.70
613.82,44.70
613.84,44.70
613.85,44.70
613.87,44.70
613.88,44.71
613.89,44.71
613.91,44.71
613.92,44.71
613.94,44.71
613.95,44.71
613.97,44.71
613.98,44.72
614.00,44.72
614.01,44.72
614.03,44.72
614.04,44.72
614.06,44.72
614.07,44.73
614.09,44.73
614.10,44.73
614.12,44.73
614.13,44.73
614.14,44.73
614.16,44.73
614.17,44.74
614.19,44.74
614.20,44.74
614.22,44.74
614.23,44.74
614.25,44.74
614.26,44.74
614.28,44.74
614.29,44.74
614.31,44.74
614.32,44.74
614.34,44.74
614.35,44.74
614.37,44.74
614.38,44.74
614.40,44.75
614.41,44.75
614.42,44.75
614.44,44.75
614.45,44.75
614.47,44.75
614.48,44.75
614.50,44.75
614.51,44.75
614.53,44.75
614.54,44.75
614.56,44.75
614.57,44.75
614.59,44.75
614.60,44.75
614.62,44.75
614.63,44.75
614.65,44.75
614.66,44.76
614.67,44.76
614.69,44.76
614.70,44.76
614.72,44.76
614.73,44.76
614.75,44.76
614.76,44.76
614.78,44.76
614.79,44.76
614.81,44.76
614.82,44.76
614.84,44.76
614.85,44.76
614.87,44.76
614.88,44.76
614.90,44.76
614.91,44.76
614.92,44.76
614.94,44.77
614.95,44.76
614.97,44.76
614.98,44.76
615.00,44.76
615.01,44.76
615.03,44.76
615.04,44.76
615.06,44.76
615.07,44.76
615.09,44.76
615.10,44.75
615.12,44.75
615.13,44.75
615.15,44.75
615.16,44.75
615.17,44.75
615.19,44.75
615.20,44.75
615.22,44.75
615.23,44.75
615.25,44.74
615.26,44.74
615.28,44.74
615.29,44.74
615.31,44.74
615.32,44.74
615.34,44.74
615.35,44.74
615.37,44.74
615.38,44.74
615.40,44.73
615.41,44.73
615.42,44.73
615.44,44.73
615.45,44.73
615.47,44.73
615.48,44.73
615.50,44.73
615.51,44.73
615.53,44.73
615.54,44.72
615.56,44.72
615.57,44.72
615.59,44.72
615.60,44.72
615.62,44.72
615.63,44.72
615.65,44.72
615.66,44.72
615.67,44.72
615.69,44.71
615.70,44.71
615.72,44.71
615.73,44.71
615.75,44.71
615.76,44.71
615.78,44.71
615.79,44.71
615.81,44.71
615.82,44.71
615.84,44.70
615.85,44.70
615.87,44.70
615.88,44.70
615.90,44.70
615.91,44.70
615.93,44.70
615.94,44.70
615.95,44.70
615.97,44.70
615.98,44.69
616.00,44.69
616.01,44.69
616.03,44.69
616.04,44.69
616.06,44.69
616.07,44.69
616.09,44.69
616.10,44.69
616.12,44.69
616.13,44.68
616.15,44.68
616.16,44.68
616.18,44.68
616.19,44.68
616.20,44.68
616.22,44.68
616.23,44.68
616.25,44.68
616.26,44.68
616.28,44.67
616.29,44.67
616.31,44.67
616.32,44.67
616.34,44.67
616.35,44.67
616.37,44.67
616.38,44.67
616.40,44.67
616.41,44.67
616.43,44.66
616.44,44.66
616.45,44.66
616.47,44.66
616.48,44.66
616.50,44.66
616.51,44.66
616.53,44.66
616.54,44.66
616.56,44.66
616.57,44.65
616.59,44.65
616.60,44.65
616.62,44.65
616.63,44.65
616.65,44.65
616.66,44.65
616.68,44.65
616.69,44.65
616.70,44.65
616.72,44.64
616.73,44.64
616.75,44.64
616.76,44.64
616.78,44.64
616.79,44.64
616.81,44.64
616.82,44.64
616.84,44.64
616.85,44.64
616.87,44.63
616.88,44.63
616.90,44.63
616.91,44.63
616.93,44.63
616.94,44.63
616.95,44.63
616.97,44.63
616.98,44.63
617.00,44.63
617.01,44.62
617.03,44.62
617.04,44.62
617.06,44.62
617.07,44.62
617.09,44.62
617.10,44.62
617.12,44.62
617.13,44.62
617.15,44.62
617.16,44.62
617.18,44.61
617.19,44.61
617.20,44.61
617.22,44.61
617.23,44.61
617.25,44.61
617.26,44.61
617.28,44.61
617.29,44.61
617.31,44.61
617.32,44.60
617.34,44.60
617.35,44.60
617.37,44.60
617.38,44.60
617.40,44.60
617.41,44.60
617.43,44.60
617.44,44.60
617.46,44.60
617.47,44.59
617.48,44.59
617.50,44.59
617.51,44.59
617.53,44.59
617.54,44.59
617.56,44.59
617.57,44.59
617.59,44.59
617.60,44.59
617.62,44.58
617.63,44.58
617.65,44.58
617.66,44.58
617.68,44.58
617.69,44.58
617.71,44.58
617.72,44.58
617.73,44.58
617.75,44.58
617.76,44.57
617.78,44.57
617.79,44.57
617.81,44.57
617.82,44.57
617.84,44.57
617.85,44.57
617.87,44.57
617.88,44.57
617.90,44.57
617.91,44.56
617.93,44.56
617.94,44.56
617.96,44.56
617.97,44.56
617.98,44.56
618.00,44.56
618.01,44.56
618.03,44.56
618.04,44.56
618.06,44.56
618.07,44.55
618.09,44.55
618.10,44.55
618.12,44.55
618.13,44.55
618.15,44.55
618.16,44.55
618.18,44.55
618.19,44.55
618.21,44.55
618.22,44.54
618.23,44.54
618.25,44.54
618.26,44.54
618.28,44.54
618.29,44.54
618.31,44.54
618.32,44.54
618.34,44.54
618.35,44.54
618.37,44.53
618.38,44.53
618.40,44.53
618.41,44.53
618.43,44.53
618.44,44.53
618.46,44.53
618.47,44.53
618.48,44.53
618.50,44.53
618.51,44.52
618.53,44.52
618.54,44.52
618.56,44.52
618.57,44.52
618.59,44.52
618.60,44.52
618.62,44.52
618.63,44.52
618.65,44.52
618.66,44.52
618.68,44.51
618.69,44.51
618.71,44.51
618.72,44.51
618.73,44.51
618.75,44.51
618.76,44.51
618.78,44.51
618.79,44.51
618.81,44.51
618.82,44.50
618.84,44.50
618.85,44.50
618.87,44.50
618.88,44.50
618.90,44.50
618.91,44.50
618.93,44.50
618.94,44.50
618.96,44.50
618.97,44.49
618.99,44.49
619.00,44.49
619.01,44.49
619.03,44.49
619.04,44.49
619.06,44.49
619.07,44.49
619.09,44.49
619.10,44.49
619.12,44.48
619.13,44.48
619.15,44.48
619.16,44.48
619.18,44.48
619.19,44.48
619.21,44.48
619.22,44.48
619.24,44.48
619.25,44.48
619.26,44.48
619.28,44.47
619.29,44.47
619.31,44.47
619.32,44.47
619.34,44.47
619.35,44.47
619.37,44.47
619.38,44.47
619.40,44.47
619.41,44.47
619.43,44.46
619.44,44.46
619.46,44.46
619.47,44.46
619.49,44.46
619.50,44.46
619.51,44.46
619.53,44.46
619.54,44.46
619.56,44.46
619.57,44.45
619.59,44.45
619.60,44.45
619.62,44.45
619.63,44.45
619.65,44.45
619.66,44.45
619.68,44.45
619.69,44.45
619.71,44.45
619.72,44.45
619.74,44.44
619.75,44.44
619.76,44.44
619.78,44.44
619.79,44.44
619.81,44.44
619.82,44.44
619.84,44.44
619.85,44.44
619.87,44.44
619.88,44.43
619.90,44.43
619.91,44.43
619.93,44.43
619.94,44.43
619.96,44.43
619.97,44.43
619.99,44.43
620.00,44.43
620.01,44.43
620.03,44.42
620.04,44.42
620.06,44.42
620.07,44.42
620.09,44.42
620.10,44.42
620.12,44.42
620.13,44.42
620.15,44.42
620.16,44.42
620.18,44.42
620.19,44.41
620.21,44.41
620.22,44.41
620.24,44.41
620.25,44.41
620.26,44.41
620.28,44.41
620.29,44.41
620.31,44.41
620.32,44.41
620.34,44.41
620.35,44.41
620.37,44.41
620.38,44.41
620.40,44.41
620.41,44.41
620.43,44.41
620.44,44.41
620.46,44.41
620.47,44.40
620.49,44.40
620.50,44.40
620.52,44.40
620.53,44.40
620.54,44.40
620.56,44.40
620.57,44.40
620.59,44.40
620.60,44.40
620.62,44.39
620.63,44.39
620.65,44.39
620.66,44.39
620.68,44.39
620.69,44.39
620.71,44.39
620.72,44.39
620.74,44.39
620.75,44.39
620.77,44.38
620.78,44.38
620.79,44.38
620.81,44.38
620.82,44.38
620.84,44.38
620.85,44.38
620.87,44.38
620.88,44.38
620.90,44.38
620.91,44.38
620.93,44.38
620.94,44.38
620.96,44.38
620.97,44.38
620.99,44.38
621.00,44.38
621.02,44.38
621.03,44.38
621.04,44.38
621.06,44.38
621.07,44.38
621.09,44.38
621.10,44.38
621.12,44.38
621.13,44.38
621.15,44.38
621.16,44.38
621.18,44.38
621.19,44.38
621.21,44.38
621.22,44.38
621.24,44.38
621.25,44.38
621.27,44.38
621.28,44.38
621.29,44.38
621.31,44.38
621.32,44.38
621.34,44.38
621.35,44.38
621.37,44.38
621.38,44.38
621.40,44.38
621.41,44.38
621.43,44.38
621.44,44.38
621.46,44.38
621.47,44.38
621.49,44.38
621.50,44.38
621.52,44.38
621.53,44.38
621.54,44.38
621.56,44.38
621.57,44.38
621.59,44.38
621.60,44.38
621.62,44.38
621.63,44.38
621.65,44.38
621.66,44.38
621.68,44.38
621.69,44.38
621.71,44.38
621.72,44.38
621.74,44.38
621.75,44.37
621.77,44.37
621.78,44.37
621.79,44.37
621.81,44.37
621.82,44.37
621.84,44.37
621.85,44.37
621.87,44.37
621.88,44.37
621.90,44.37
621.91,44.37
621.93,44.37
621.94,44.37
621.96,44.37
621.97,44.37
621.99,44.37
622.00,44.37
622.02,44.37
622.03,44.37
622.05,44.37
622.06,44.37
622.07,44.36
622.09,44.36
622.10,44.36
622.12,44.36
622.13,44.36
622.15,44.36
622.16,44.36
622.18,44.36
622.19,44.36
622.21,44.36
622.22,44.35
622.24,44.35
622.25,44.35
622.27,44.35
622.28,44.35
622.30,44.35
622.31,44.35
622.32,44.35
622.34,44.35
622.35,44.35
622.37,44.35
622.38,44.34
622.40,44.34
622.41,44.35
622.43,44.35
622.44,44.35
622.46,44.35
622.47,44.35
622.49,44.35
622.50,44.35
622.52,44.36
622.53,44.36
622.55,44.36
622.56,44.36
622.57,44.36
622.59,44.36
622.60,44.37
622.62,44.37
622.63,44.37
622.65,44.37
622.66,44.37
622.68,44.37
622.69,44.37
622.71,44.38
622.72,44.38
622.74,44.38
622.75,44.38
622.77,44.38
622.78,44.38
622.80,44.39
622.81,44.39
622.82,44.39
622.84,44.39
622.85,44.39
622.87,44.39
622.88,44.39
622.90,44.40
622.91,44.40
622.93,44.40
622.94,44.40
622.96,44.40
622.97,44.40
622.99,44.41
623.00,44.41
623.02,44.41
623.03,44.41
623.05,44.41
623.06,44.41
623.07,44.41
623.09,44.42
623.10,44.42
623.12,44.42
623.13,44.42
623.15,44.42
623.16,44.42
623.18,44.43
623.19,44.43
623.21,44.43
623.22,44.43
623.24,44.43
623.25,44.43
623.27,44.43
623.28,44.44
623.30,44.44
623.31,44.44
623.32,44.44
623.34,44.44
623.35,44.44
623.37,44.44
623.38,44.45
623.40,44.45
623.41,44.45
623.43,44.45
623.44,44.45
623.46,44.45
623.47,44.46
623.49,44.46
623.50,44.46
623.52,44.46
623.53,44.46
623.55,44.46
623.56,44.46
623.58,44.47
623.59,44.47
623.60,44.47
623.62,44.47
623.63,44.47
623.65,44.47
623.66,44.48
623.68,44.48
623.69,44.48
623.71,44.48
623.72,44.48
623.74,44.48
623.75,44.48
623.77,44.49
623.78,44.49
623.80,44.49
623.81,44.49
623.83,44.49
623.84,44.49
623.85,44.50
623.87,44.50
623.88,44.50
623.90,44.50
623.91,44.50
623.93,44.50
623.94,44.50
623.96,44.50
623.97,44.50
623.99,44.50
624.00,44.50
624.02,44.50
624.03,44.50
624.05,44.50
624.06,44.50
624.08,44.50
624.09,44.49
624.10,44.49
624.12,44.49
624.13,44.49
624.15,44.49
624.16,44.49
624.18,44.49
624.19,44.49
624.21,44.49
624.22,44.49
624.24,44.48
624.25,44.48
624.27,44.48
624.28,44.48
624.30,44.48
624.31,44.48
624.33,44.48
624.34,44.48
624.35,44.48
624.37,44.48
624.38,44.48
624.40,44.47
624.41,44.47
624.43,44.47
624.44,44.47
624.46,44.47
624.47,44.47
624.49,44.47
624.50,44.47
624.52,44.47
624.53,44.47
624.55,44.46
624.56,44.46
624.58,44.46
624.59,44.46
624.60,44.46
624.62,44.46
624.63,44.46
624.65,44.46
624.66,44.46
624.68,44.46
624.69,44.45
624.71,44.45
624.72,44.45
624.74,44.45
624.75,44.45
624.77,44.45
624.78,44.45
624.80,44.45
624.81,44.45
624.83,44.45
624.84,44.44
624.85,44.44
624.87,44.44
624.88,44.44
624.90,44.44
624.91,44.44
624.93,44.44
624.94,44.44
624.96,44.44
624.97,44.44
624.99,44.44
625.00,44.43
625.02,44.43
625.03,44.43
625.05,44.43
625.06,44.43
625.08,44.43
625.09,44.43
625.11,44.43
625.12,44.43
625.13,44.43
625.15,44.42
625.16,44.42
625.18,44.42
625.19,44.42
625.21,44.42
625.22,44.42
625.24,44.42
625.25,44.42
625.27,44.42
625.28,44.42
625.30,44.42
625.31,44.41
625.33,44.41
625.34,44.41
625.36,44.41
625.37,44.41
625.38,44.41
625.40,44.41
625.41,44.41
625.43,44.41
625.44,44.41
625.46,44.40
625.47,44.40
625.49,44.40
625.50,44.40
625.52,44.40
625.53,44.40
625.55,44.40
625.56,44.40
625.58,44.40
625.59,44.40
625.61,44.39
625.62,44.39
625.63,44.39
625.65,44.39
625.66,44.39
625.68,44.39
625.69,44.39
625.71,44.39
625.72,44.39
625.74,44.39
625.75,44.39
625.77,44.38
625.78,44.38
625.80,44.38
625.81,44.38
625.83,44.38
625.84,44.38
625.86,44.38
625.87,44.38
625.88,44.38
625.90,44.38
625.91,44.37
625.93,44.37
625.94,44.37
625.96,44.37
625.97,44.37
625.99,44.37
626.00,44.37
626.02,44.37
626.03,44.37
626.05,44.37
626.06,44.36
626.08,44.36
626.09,44.36
626.11,44.36
626.12,44.36
626.13,44.36
626.15,44.36
626.16,44.36
626.18,44.36
626.19,44.36
626.21,44.36
626.22,44.35
626.24,44.35
626.25,44.35
626.27,44.35
626.28,44.35
626.30,44.35
626.31,44.35
626.33,44.35
626.34,44.35
626.36,44.35
626.37,44.34
626.38,44.34
626.40,44.34
626.41,44.34
626.43,44.34
626.44,44.34
626.46,44.34
626.47,44.34
626.49,44.34
626.50,44.34
626.52,44.34
626.53,44.33
626.55,44.33
626.56,44.33
626.58,44.33
626.59,44.33
626.61,44.33
626.62,44.33
626.64,44.33
626.65,44.33
626.66,44.33
626.68,44.32
626.69,44.32
626.71,44.32
626.72,44.32
626.74,44.32
626.75,44.32
626.77,44.32
626.78,44.32
626.80,44.32
626.81,44.32
626.83,44.32
626.84,44.31
626.86,44.31
626.87,44.31
626.89,44.31
626.90,44.31
626.91,44.31
626.93,44.31
626.94,44.31
626.96,44.31
626.97,44.31
626.99,44.30
627.00,44.30
627.02,44.30
627.03,44.30
627.05,44.30
627.06,44.30
627.08,44.30
627.09,44.30
627.11,44.30
627.12,44.30
627.14,44.30
627.15,44.29
627.16,44.29
627.18,44.29
627.19,44.29
627.21,44.29
627.22,44.29
627.24,44.29
627.25,44.29
627.27,44.29
627.28,44.29
627.30,44.28
627.31,44.28
627.33,44.28
627.34,44.28
627.36,44.28
627.37,44.28
627.39,44.28
627.40,44.28
627.41,44.28
627.43,44.28
627.44,44.28
627.46,44.27
627.47,44.27
627.49,44.27
627.50,44.27
627.52,44.27
627.53,44.27
627.55,44.27
627.56,44.27
627.58,44.27
627.59,44.27
627.61,44.26
627.62,44.26
627.64,44.26
627.65,44.26
627.66,44.26
627.68,44.26
627.69,44.26
627.71,44.26
627.72,44.26
627.74,44.26
627.75,44.26
627.77,44.25
627.78,44.25
627.80,44.25
627.81,44.25
627.83,44.25
627.84,44.25
627.86,44.25
627.87,44.25
627.89,44.25
627.90,44.25
627.91,44.25
627.93,44.25
627.94,44.25
627.96,44.25
627.97,44.25
627.99,44.25
628.00,44.25
628.02,44.25
628.03,44.25
628.05,44.25
628.06,44.25
628.08,44.25
628.09,44.25
628.11,44.25
628.12,44.25
628.14,44.25
628.15,44.25
628.17,44.25
628.18,44.25
628.19,44.25
628.21,44.25
628.22,44.25
628.24,44.25
628.25,44.25
628.27,44.25
628.28,44.25
628.30,44.24
628.31,44.24
628.33,44.24
628.34,44.24
628.36,44.24
628.37,44.24
628.39,44.24
628.40,44.24
628.42,44.24
628.43,44.24
628.44,44.24
628.46,44.24
628.47,44.24
628.49,44.24
628.50,44.24
628.52,44.24
628.53,44.24
628.55,44.24
628.56,44.24
628.58,44.24
628.59,44.24
628.61,44.24
628.62,44.24
628.64,44.24
628.65,44.24
628.67,44.24
628.68,44.24
628.69,44.24
628.71,44.24
628.72,44.24
628.74,44.24
628.75,44.24
628.77,44.24
628.78,44.24
628.80,44.24
628.81,44.24
628.83,44.24
628.84,44.24
628.86,44.24
628.87,44.25
628.89,44.25
628.90,44.25
628.92,44.25
628.93,44.25
628.94,44.25
628.96,44.25
628.97,44.26
628.99,44.26
629.00,44.26
629.02,44.26
629.03,44.26
629.05,44.26
629.06,44.27
629.08,44.27
629.09,44.27
629.11,44.27
629.12,44.27
629.14,44.27
629.15,44.27
629.17,44.28
629.18,44.28
629.19,44.28
629.21,44.28
629.22,44.28
629.24,44.28
629.25,44.29
629.27,44.29
629.28,44.29
629.30,44.29
629.31,44.29
629.33,44.29
629.34,44.29
629.36,44.30
629.37,44.30
629.39,44.30
629.40,44.30
629.42,44.30
629.43,44.30
629.44,44.31
629.46,44.31
629.47,44.31
629.49,44.31
629.50,44.31
629.52,44.31
629.53,44.31
629.55,44.32
629.56,44.32
629.58,44.32
629.59,44.32
629.61,44.32
629.62,44.32
629.64,44.33
629.65,44.33
629.67,44.33
629.68,44.33
629.70,44.33
629.71,44.33
629.72,44.33
629.74,44.34
629.75,44.34
629.77,44.34
629.78,44.34
629.80,44.34
629.81,44.34
629.83,44.35
629.84,44.34
629.86,44.34
629.87,44.34
629.89,44.34
629.90,44.34
629.92,44.34
629.93,44.34
629.95,44.34
629.96,44.34
629.97,44.34
629.99,44.34
630.00,44.33
630.02,44.33
630.03,44.33
630.05,44.33
630.06,44.33
630.08,44.33
630.09,44.33
630.11,44.33
630.12,44.33
630.14,44.33
630.15,44.32
630.17,44.32
630.18,44.32
630.20,44.32
630.21,44.32
630.22,44.32
630.24,44.32
630.25,44.32
630.27,44.32
630.28,44.32
630.30,44.32
630.31,44.32
630.33,44.32
630.34,44.32
630.36,44.32
630.37,44.32
630.39,44.32
630.40,44.32
630.42,44.32
630.43,44.32
630.45,44.32
630.46,44.32
630.47,44.32
630.49,44.32
630.50,44.31
630.52,44.31
630.53,44.31
630.55,44.31
630.56,44.31
630.58,44.31
630.59,44.31
630.61,44.31
630.62,44.31
630.64,44.31
630.65,44.31
630.67,44.31
630.68,44.31
630.70,44.31
630.71,44.31
630.72,44.31
630.74,44.31
630.75,44.31
630.77,44.31
630.78,44.31
630.80,44.31
630.81,44.31
630.83,44.31
630.84,44.31
630.86,44.31
630.87,44.31
630.89,44.31
630.90,44.31
630.92,44.31
630.93,44.31
630.95,44.31
630.96,44.31
630.97,44.31
630.99,44.31
631.00,44.31
631.02,44.31
631.03,44.31
631.05,44.31
631.06,44.31
631.08,44.31
631.09,44.31
631.11,44.31
631.12,44.31
631.14,44.31
631.15,44.31
631.17,44.31
631.18,44.31
631.20,44.31
631.21,44.30
631.23,44.30
631.24,44.31
631.25,44.31
631.27,44.31
631.28,44.31
631.30,44.31
631.31,44.31
631.33,44.31
631.34,44.32
631.36,44.32
631.37,44.32
631.39,44.32
631.40,44.32
631.42,44.32
631.43,44.33
631.45,44.33
631.46,44.33
631.48,44.33
631.49,44.33
631.50,44.33
631.52,44.34
631.53,44.34
631.55,44.34
631.56,44.34
631.58,44.34
631.59,44.34
631.61,44.34
631.62,44.35
631.64,44.35
631.65,44.35
631.67,44.35
631.68,44.35
631.70,44.35
631.71,44.36
631.73,44.36
631.74,44.36
631.75,44.36
631.77,44.36
631.78,44.36
631.80,44.36
631.81,44.36
631.83,44.36
631.84,44.36
631.86,44.36
631.87,44.36
631.89,44.36
631.90,44.36
631.92,44.36
631.93,44.36
631.95,44.36
631.96,44.36
631.98,44.36
631.99,44.36
632.00,44.37
632.02,44.37
632.03,44.37
632.05,44.37
632.06,44.37
632.08,44.37
632.09,44.38
632.11,44.38
632.12,44.38
632.14,44.38
632.15,44.38
632.17,44.38
632.18,44.38
632.20,44.39
632.21,44.39
632.23,44.39
632.24,44.39
632.25,44.39
632.27,44.39
632.28,44.40
632.30,44.40
632.31,44.40
632.33,44.40
632.34,44.40
632.36,44.40
632.37,44.40
632.39,44.41
632.40,44.41
632.42,44.41
632.43,44.41
632.45,44.41
632.46,44.41
632.48,44.42
632.49,44.42
632.50,44.42
632.52,44.42
632.53,44.42
632.55,44.42
632.56,44.42
632.58,44.43
632.59,44.43
632.61,44.43
632.62,44.43
632.64,44.43
632.65,44.43
632.67,44.44
632.68,44.44
632.70,44.44
632.71,44.44
632.73,44.44
632.74,44.44
632.75,44.44
632.77,44.45
632.78,44.45
632.80,44.45
632.81,44.45
632.83,44.45
632.84,44.45
632.86,44.46
632.87,44.46
632.89,44.46
632.90,44.46
632.92,44.46
632.93,44.46
632.95,44.46
632.96,44.47
632.98,44.47
632.99,44.47
633.01,44.47
633.02,44.47
633.03,44.47
633.05,44.47
633.06,44.47
633.08,44.47
633.09,44.46
633.11,44.46
633.12,44.46
633.14,44.46
633.15,44.46
633.17,44.46
633.18,44.46
633.20,44.46
633.21,44.46
633.23,44.46
633.24,44.46
633.26,44.45
633.27,44.45
633.28,44.45
633.30,44.45
633.31,44.45
633.33,44.45
633.34,44.45
633.36,44.45
633.37,44.45
633.39,44.45
633.40,44.44
633.42,44.44
633.43,44.44
633.45,44.44
633.46,44.44
633.48,44.44
633.49,44.44
633.51,44.44
633.52,44.44
633.53,44.44
633.55,44.43
633.56,44.43
633.58,44.43
633.59,44.43
633.61,44.43
633.62,44.43
633.64,44.43
633.65,44.43
633.67,44.43
633.68,44.43
633.70,44.43
633.71,44.42
633.73,44.42
633.74,44.42
633.76,44.42
633.77,44.42
633.78,44.42
633.80,44.42
633.81,44.42
633.83,44.42
633.84,44.42
633.86,44.41
633.87,44.41
633.89,44.41
633.90,44.41
633.92,44.41
633.93,44.41
633.95,44.41
633.96,44.41
633.98,44.41
633.99,44.41
634.01,44.40
634.02,44.40
634.03,44.40
634.05,44.40
634.06,44.40
634.08,44.40
634.09,44.40
634.11,44.40
634.12,44.40
634.14,44.40
634.15,44.40
634.17,44.39
634.18,44.39
634.20,44.39
634.21,44.39
634.23,44.39
634.24,44.39
634.26,44.39
634.27,44.39
634.28,44.39
634.30,44.39
634.31,44.39
634.33,44.39
634.34,44.39
634.36,44.39
634.37,44.39
634.39,44.39
634.40,44.39
634.42,44.39
634.43,44.39
634.45,44.39
634.46,44.39
634.48,44.39
634.49,44.39
634.51,44.39
634.52,44.39
634.54,44.39
634.55,44.39
634.56,44.39
634.58,44.39
634.59,44.39
634.61,44.39
634.62,44.39
634.64,44.39
634.65,44.39
634.67,44.39
634.68,44.39
634.70,44.39
634.71,44.39
634.73,44.39
634.74,44.39
634.76,44.39
634.77,44.39
634.79,44.39
634.80,44.39
634.81,44.39
634.83,44.39
634.84,44.39
634.86,44.39
634.87,44.39
634.89,44.39
634.90,44.38
634.92,44.38
634.93,44.38
634.95,44.38
634.96,44.38
634.98,44.38
634.99,44.38
635.01,44.38
635.02,44.38
635.04,44.38
635.05,44.38
635.06,44.38
635.08,44.38
635.09,44.38
635.11,44.38
635.12,44.38
635.14,44.38
635.15,44.38
635.17,44.38
635.18,44.37
635.20,44.37
635.21,44.37
635.23,44.37
635.24,44.37
635.26,44.37
635.27,44.37
635.29,44.37
635.30,44.37
635.31,44.37
635.33,44.36
635.34,44.36
635.36,44.36
635.37,44.36
635.39,44.36
635.40,44.36
635.42,44.36
635.43,44.36
635.45,44.36
635.46,44.36
635.48,44.36
635.49,44.36
635.51,44.36
635.52,44.37
635.54,44.37
635.55,44.37
635.56,44.37
635.58,44.37
635.59,44.37
635.61,44.37
635.62,44.38
635.64,44.38
635.65,44.38
635.67,44.38
635.68,44.38
635.70,44.38
635.71,44.39
635.73,44.39
635.74,44.39
635.76,44.39
635.77,44.39
635.79,44.39
635.80,44.39
635.81,44.40
635.83,44.40
635.84,44.40
635.86,44.40
635.87,44.40
635.89,44.40
635.90,44.40
635.92,44.41
635.93,44.41
635.95,44.41
635.96,44.41
635.98,44.41
635.99,44.41
636.01,44.42
636.02,44.42
636.04,44.42
636.05,44.42
636.07,44.42
636.08,44.42
636.09,44.42
636.11,44.43
636.12,44.43
636.14,44.43
636.15,44.43
636.17,44.43
636.18,44.43
636.20,44.44
636.21,44.44
636.23,44.44
636.24,44.44
636.26,44.44
636.27,44.44
636.29,44.44
636.30,44.45
636.32,44.45
636.33,44.45
636.34,44.45
636.36,44.45
636.37,44.45
636.39,44.46
636.40,44.46
636.42,44.46
636.43,44.46
636.45,44.46
636.46,44.46
636.48,44.46
636.49,44.47
636.51,44.47
636.52,44.47
636.54,44.47
636.55,44.47
636.57,44.47
636.58,44.48
636.59,44.48
636.61,44.48
636.62,44.48
636.64,44.48
636.65,44.48
636.67,44.48
636.68,44.49
636.70,44.49
636.71,44.49
636.73,44.49
636.74,44.49
636.76,44.49
636.77,44.50
636.79,44.50
636.80,44.50
636.82,44.50
636.83,44.50
636.84,44.50
636.86,44.50
636.87,44.50
636.89,44.49
636.90,44.49
636.92,44.49
636.93,44.49
636.95,44.49
636.96,44.49
636.98,44.49
636.99,44.49
637.01,44.49
637.02,44.49
637.04,44.49
637.05,44.48
637.07,44.48
637.08,44.48
637.09,44.48
637.11,44.48
637.12,44.48
637.14,44.48
637.15,44.48
637.17,44.48
637.18,44.48
637.20,44.47
637.21,44.47
637.23,44.47
637.24,44.47
637.26,44.47
637.27,44.47
637.29,44.47
637.30,44.47
637.32,44.47
637.33,44.47
637.34,44.46
637.36,44.46
637.37,44.46
637.39,44.46
637.40,44.46
637.42,44.46
637.43,44.46
637.45,44.46
637.46,44.46
637.48,44.46
637.49,44.46
637.51,44.45
637.52,44.45
637.54,44.45
637.55,44.45
637.57,44.45
637.58,44.45
637.60,44.45
637.61,44.45
637.62,44.45
637.64,44.45
637.65,44.44
637.67,44.44
637.68,44.44
637.70,44.44
637.71,44.44
637.73,44.44
637.74,44.44
637.76,44.44
637.77,44.44
637.79,44.44
637.80,44.43
637.82,44.43
637.83,44.43
637.85,44.43
637.86,44.43
637.87,44.43
637.89,44.43
637.90,44.43
637.92,44.43
637.93,44.43
637.95,44.43
637.96,44.42
637.98,44.42
637.99,44.42
638.01,44.42
638.02,44.42
638.04,44.42
638.05,44.42
638.07,44.42
638.08,44.42
638.10,44.42
638.11,44.41
638.12,44.41
638.14,44.41
638.15,44.41
638.17,44.41
638.18,44.41
638.20,44.41
638.21,44.41
638.23,44.41
638.24,44.41
638.26,44.40
638.27,44.40
638.29,44.40
638.30,44.40
638.32,44.40
638.33,44.40
638.35,44.40
638.36,44.40
638.37,44.40
638.39,44.40
638.40,44.40
638.42,44.40
638.43,44.40
638.45,44.40
638.46,44.40
638.48,44.40
638.49,44.40
638.51,44.40
638.52,44.40
638.54,44.40
638.55,44.40
638.57,44.40
638.58,44.40
638.60,44.40
638.61,44.40
638.62,44.40
638.64,44.40
638.65,44.40
638.67,44.40
638.68,44.40
638.70,44.40
638.71,44.40
638.73,44.40
638.74,44.40
638.76,44.40
638.77,44.40
638.79,44.40
638.80,44.40
638.82,44.40
638.83,44.40
638.85,44.40
638.86,44.40
638.87,44.39
638.89,44.39
638.90,44.39
638.92,44.39
638.93,44.39
638.95,44.39
638.96,44.39
638.98,44.39
638.99,44.39
639.01,44.39
639.02,44.39
639.04,44.39
639.05,44.39
639.07,44.39
639.08,44.39
639.10,44.39
639.11,44.39
639.13,44.39
639.14,44.39
639.15,44.39
639.17,44.39
639.18,44.39
639.20,44.39
639.21,44.39
639.23,44.39
639.24,44.39
639.26,44.39
639.27,44.39
639.29,44.39
639.30,44.39
639.32,44.39
639.33,44.39
639.35,44.39
639.36,44.39
639.38,44.39
639.39,44.39
639.40,44.39
639.42,44.39
639.43,44.39
639.45,44.38
639.46,44.38
639.48,44.38
639.49,44.38
639.51,44.38
639.52,44.38
639.54,44.38
639.55,44.39
639.57,44.39
639.58,44.39
639.60,44.39
639.61,44.39
639.63,44.39
639.64,44.39
639.65,44.40
639.67,44.40
639.68,44.40
639.70,44.40
639.71,44.40
639.73,44.40
639.74,44.41
639.76,44.41
639.77,44.41
639.79,44.41
639.80,44.41
639.82,44.41
639.83,44.41
639.85,44.42
639.86,44.42
639.88,44.42
639.89,44.42
639.90,44.42
639.92,44.42
639.93,44.43
639.95,44.43
639.96,44.43
639.98,44.43
639.99,44.43
640.01,44.43
640.02,44.43
640.04,44.44
640.05,44.44
640.07,44.44
640.08,44.44
640.10,44.44
640.11,44.44
640.13,44.45
640.14,44.45
640.15,44.45
640.17,44.45
640.18,44.45
640.20,44.45
640.21,44.45
640.23,44.46
640.24,44.46
640.26,44.46
640.27,44.46
640.29,44.46
640.30,44.46
640.32,44.47
640.33,44.47
640.35,44.47
640.36,44.47
640.38,44.47
640.39,44.47
640.40,44.47
640.42,44.47
640.43,44.47
640.45,44.47
640.46,44.47
640.48,44.47
640.49,44.47
640.51,44.47
640.52,44.47
640.54,44.47
640.55,44.47
640.57,44.47
640.58,44.47
640.60,44.47
640.61,44.47
640.63,44.47
640.64,44.48
640.66,44.48
640.67,44.48
640.68,44.48
640.70,44.48
640.71,44.48
640.73,44.48
640.74,44.49
640.76,44.49
640.77,44.49
640.79,44.49
640.80,44.49
640.82,44.49
640.83,44.50
640.85,44.50
640.86,44.50
640.88,44.50
640.89,44.50
640.91,44.50
640.92,44.50
640.93,44.51
640.95,44.51
640.96,44.51
640.98,44.51
640.99,44.51
641.01,44.51
641.02,44.52
641.04,44.52
641.05,44.52
641.07,44.52
641.08,44.52
641.10,44.52
641.11,44.52
641.13,44.53
641.14,44.53
641.16,44.53
641.17,44.53
641.18,44.53
641.20,44.53
641.21,44.53
641.23,44.54
641.24,44.54
641.26,44.54
641.27,44.54
641.29,44.54
641.30,44.54
641.32,44.55
641.33,44.55
641.35,44.55
641.36,44.55
641.38,44.55
641.39,44.55
641.41,44.55
641.42,44.55
641.43,44.55
641.45,44.55
641.46,44.55
641.48,44.55
641.49,44.55
641.51,44.55
641.52,44.55
641.54,44.55
641.55,44.54
641.57,44.54
641.58,44.54
641.60,44.54
641.61,44.54
641.63,44.54
641.64,44.54
641.66,44.54
641.67,44.54
641.68,44.54
641.70,44.54
641.71,44.53
641.73,44.53
641.74,44.53
641.76,44.53
641.77,44.53
641.79,44.53
641.80,44.53
641.82,44.53
641.83,44.53
641.85,44.53
641.86,44.52
641.88,44.52
641.89,44.52
641.91,44.52
641.92,44.52
641.93,44.52
641.95,44.52
641.96,44.52
641.98,44.52
641.99,44.52
642.01,44.51
642.02,44.51
642.04,44.51
642.05,44.51
642.07,44.51
642.08,44.51
642.10,44.51
642.11,44.51
642.13,44.51
642.14,44.51
642.16,44.50
642.17,44.50
642.19,44.50
642.20,44.50
642.21,44.50
642.23,44.50
642.24,44.50
642.26,44.50
642.27,44.50
642.29,44.50
642.30,44.50
642.32,44.49
642.33,44.49
642.35,44.49
642.36,44.49
642.38,44.49
642.39,44.49
642.41,44.49
642.42,44.49
642.44,44.49
642.45,44.49
642.46,44.48
642.48,44.48
642.49,44.48
642.51,44.48
642.52,44.48
642.54,44.48
642.55,44.48
642.57,44.48
642.58,44.48
642.60,44.48
642.61,44.47
642.63,44.47
642.64,44.47
642.66,44.47
642.67,44.47
642.69,44.47
642.70,44.47
642.71,44.47
642.73,44.47
642.74,44.47
642.76,44.46
642.77,44.46
642.79,44.46
642.80,44.46
642.82,44.46
642.83,44.46
642.85,44.46
642.86,44.46
642.88,44.46
642.89,44.46
642.91,44.46
642.92,44.45
642.94,44.45
642.95,44.45
642.96,44.45
642.98,44.45
642.99,44.45
643.01,44.45
643.02,44.45
643.04,44.45
643.05,44.45
643.07,44.44
643.08,44.44
643.10,44.44
643.11,44.44
643.13,44.44
643.14,44.44
643.16,44.44
643.17,44.44
643.19,44.44
643.20,44.44
643.21,44.43
643.23,44.43
643.24,44.43
643.26,44.43
643.27,44.43
643.29,44.43
643.30,44.43
643.32,44.43
643.33,44.43
643.35,44.43
643.36,44.43
643.38,44.42
643.39,44.42
643.41,44.42
643.42,44.42
643.44,44.42
643.45,44.42
643.46,44.42
643.48,44.42
643.49,44.42
643.51,44.42
643.52,44.41
643.54,44.41
643.55,44.41
643.57,44.41
643.58,44.41
643.60,44.41
643.61,44.41
643.63,44.41
643.64,44.41
643.66,44.41
643.67,44.41
643.69,44.41
643.70,44.41
643.72,44.41
643.73,44.41
643.74,44.41
643.76,44.41
643.77,44.41
643.79,44.41
643.80,44.41
643.82,44.41
643.83,44.41
643.85,44.41
643.86,44.41
643.88,44.41
643.89,44.41
643.91,44.41
643.92,44.41
643.94,44.41
643.95,44.41
643.97,44.41
643.98,44.41
643.99,44.41
644.01,44.41
644.02,44.41
644.04,44.41
644.05,44.41
644.07,44.41
644.08,44.41
644.10,44.41
644.11,44.41
644.13,44.41
644.14,44.41
644.16,44.41
644.17,44.41
644.19,44.41
644.20,44.40
644.22,44.40
644.23,44.40
644.24,44.40
644.26,44.40
644.27,44.40
644.29,44.40
644.30,44.40
644.32,44.40
644.33,44.40
644.35,44.40
644.36,44.40
644.38,44.40
644.39,44.40
644.41,44.40
644.42,44.40
644.44,44.40
644.45,44.40
644.47,44.40
644.48,44.40
644.49,44.40
644.51,44.40
644.52,44.40
644.54,44.40
644.55,44.40
644.57,44.40
644.58,44.40
644.60,44.40
644.61,44.40
644.63,44.40
644.64,44.40
644.66,44.40
644.67,44.40
644.69,44.40
644.70,44.40
644.72,44.40
644.73,44.40
644.74,44.40
644.76,44.40
644.77,44.40
644.79,44.40
644.80,44.39
644.82,44.39
644.83,44.39
644.85,44.39
644.86,44.39
644.88,44.39
644.89,44.39
644.91,44.39
644.92,44.39
644.94,44.39
644.95,44.38
644.97,44.38
644.98,44.38
644.99,44.38
645.01,44.38
645.02,44.38
645.04,44.38
645.05,44.38
645.07,44.38
645.08,44.38
645.10,44.38
645.11,44.37
645.13,44.37
645.14,44.38
645.16,44.38
645.17,44.38
645.19,44.38
645.20,44.38
645.22,44.38
645.23,44.38
645.25,44.39
645.26,44.39
645.27,44.39
645.29,44.39
645.30,44.39
645.32,44.39
645.33,44.40
645.35,44.40
645.36,44.40
645.38,44.40
645.39,44.40
645.41,44.40
645.42,44.40
645.44,44.41
645.45,44.41
645.47,44.41
645.48,44.41
645.50,44.41
645.51,44.41
645.52,44.42
645.54,44.42
645.55,44.42
645.57,44.42
645.58,44.42
645.60,44.42
645.61,44.42
645.63,44.43
645.64,44.43
645.66,44.43
645.67,44.43
645.69,44.43
645.70,44.43
645.72,44.44
645.73,44.44
645.75,44.44
645.76,44.44
645.77,44.44
645.79,44.44
645.80,44.44
645.82,44.45
645.83,44.45
645.85,44.45
645.86,44.45
645.88,44.45
645.89,44.45
645.91,44.46
645.92,44.46
645.94,44.46
645.95,44.46
645.97,44.46
645.98,44.46
646.00,44.46
646.01,44.47
646.02,44.47
646.04,44.47
646.05,44.47
646.07,44.47
646.08,44.47
646.10,44.47
646.11,44.48
646.13,44.48
646.14,44.48
646.16,44.48
646.17,44.48
646.19,44.48
646.20,44.49
646.22,44.49
646.23,44.49
646.25,44.49
646.26,44.49
646.27,44.49
646.29,44.49
646.30,44.50
646.32,44.50
646.33,44.50
646.35,44.50
646.36,44.50
646.38,44.50
646.39,44.51
646.41,44.51
646.42,44.51
646.44,44.51
646.45,44.51
646.47,44.51
646.48,44.51
646.50,44.52
646.51,44.52
646.52,44.52
646.54,44.52
646.55,44.52
646.57,44.52
646.58,44.53
646.60,44.53
646.61,44.53
646.63,44.53
646.64,44.53
646.66,44.53
646.67,44.52
646.69,44.52
646.70,44.52
646.72,44.52
646.73,44.52
646.75,44.52
646.76,44.52
646.78,44.52
646.79,44.52
646.80,44.52
646.82,44.51
646.83,44.51
646.85,44.51
646.86,44.51
646.88,44.51
646.89,44.51
646.91,44.51
646.92,44.51
646.94,44.51
646.95,44.51
646.97,44.50
646.98,44.50
647.00,44.50
647.01,44.50
647.03,44.50
647.04,44.50
647.05,44.50
647.07,44.50
647.08,44.50
647.10,44.50
647.11,44.50
647.13,44.49
647.14,44.49
647.16,44.49
647.17,44.49
647.19,44.49
647.20,44.49
647.22,44.49
647.23,44.49
647.25,44.49
647.26,44.49
647.28,44.48
647.29,44.48
647.30,44.48
647.32,44.48
647.33,44.48
647.35,44.48
647.36,44.48
647.38,44.48
647.39,44.48
647.41,44.48
647.42,44.47
647.44,44.47
647.45,44.47
647.47,44.47
647.48,44.47
647.50,44.47
647.51,44.47
647.53,44.47
647.54,44.47
647.55,44.47
647.57,44.46
647.58,44.46
647.60,44.46
647.61,44.46
647.63,44.46
647.64,44.46
647.66,44.46
647.67,44.46
647.69,44.46
647.70,44.46
647.72,44.46
647.73,44.45
647.75,44.45
647.76,44.45
647.78,44.45
647.79,44.45
647.80,44.45
647.82,44.45
647.83,44.45
647.85,44.45
647.86,44.45
647.88,44.44
647.89,44.44
647.91,44.44
647.92,44.44
647.94,44.44
647.95,44.44
647.97,44.44
647.98,44.44
648.00,44.44
648.01,44.44
648.03,44.43
648.04,44.43
648.05,44.43
648.07,44.43
648.08,44.43
648.10,44.43
648.11,44.43
648.13,44.43
648.14,44.43
648.16,44.43
648.17,44.43
648.19,44.42
648.20,44.42
648.22,44.42
648.23,44.42
648.25,44.42
648.26,44.42
648.28,44.42
648.29,44.42
648.31,44.42
648.32,44.42
648.33,44.41
648.35,44.41
648.36,44.41
648.38,44.41
648.39,44.41
648.41,44.41
648.42,44.41
648.44,44.41
648.45,44.41
648.47,44.41
648.48,44.41
648.50,44.40
648.51,44.40
648.53,44.40
648.54,44.40
648.56,44.40
648.57,44.40
648.58,44.40
648.60,44.40
648.61,44.40
648.63,44.40
648.64,44.39
648.66,44.39
648.67,44.39
648.69,44.39
648.70,44.39
648.72,44.39
648.73,44.39
648.75,44.39
648.76,44.39
648.78,44.39
648.79,44.38
648.81,44.38
648.82,44.38
648.83,44.38
648.85,44.38
648.86,44.38
648.88,44.38
648.89,44.38
648.91,44.38
648.92,44.38
648.94,44.38
648.95,44.37
648.97,44.37
648.98,44.37
649.00,44.37
649.01,44.37
649.03,44.37
649.04,44.37
649.06,44.37
649.07,44.37
649.08,44.37
649.10,44.36
649.11,44.36
649.13,44.36
649.14,44.36
649.16,44.36
649.17,44.36
649.19,44.36
649.20,44.36
649.22,44.36
649.23,44.36
649.25,44.35
649.26,44.35
649.28,44.35
649.29,44.35
649.31,44.35
649.32,44.35
649.33,44.35
649.35,44.35
649.36,44.35
649.38,44.35
649.39,44.35
649.41,44.34
649.42,44.34
649.44,44.34
649.45,44.34
649.47,44.34
649.48,44.34
649.50,44.34
649.51,44.34
649.53,44.34
649.54,44.34
649.56,44.33
649.57,44.33
649.58,44.33
649.60,44.33
649.61,44.33
649.63,44.33
649.64,44.33
649.66,44.33
649.67,44.33
649.69,44.33
649.70,44.33
649.72,44.32
649.73,44.32
649.75,44.32
649.76,44.32
649.78,44.32
649.79,44.32
649.81,44.32
649.82,44.32
649.84,44.32
649.85,44.32
649.86,44.31
649.88,44.31
649.89,44.31
649.91,44.31
649.92,44.31
649.94,44.31
649.95,44.31
649.97,44.31
649.98,44.31
650.00,44.31
650.01,44.31
650.03,44.31
650.04,44.31
650.06,44.31
650.07,44.31
650.09,44.31
650.10,44.31
650.11,44.31
650.13,44.31
650.14,44.31
650.16,44.31
650.17,44.31
650.19,44.31
650.20,44.31
650.22,44.31
650.23,44.31
650.25,44.31
650.26,44.31
650.28,44.31
650.29,44.31
650.31,44.31
650.32,44.31
650.34,44.31
650.35,44.31
650.36,44.31
650.38,44.31
650.39,44.31
650.41,44.31
650.42,44.31
650.44,44.31
650.45,44.31
650.47,44.31
650.48,44.31
650.50,44.31
650.51,44.31
650.53,44.31
650.54,44.31
650.56,44.31
650.57,44.31
650.59,44.31
650.60,44.31
650.61,44.31
650.63,44.31
650.64,44.31
650.66,44.31
650.67,44.31
650.69,44.31
650.70,44.31
650.72,44.31
650.73,44.31
650.75,44.31
650.76,44.31
650.78,44.31
650.79,44.31
650.81,44.31
650.82,44.31
650.84,44.31
650.85,44.31
650.86,44.31
650.88,44.31
650.89,44.31
650.91,44.31
650.92,44.31
650.94,44.30
650.95,44.30
650.97,44.30
650.98,44.30
651.00,44.30
651.01,44.30
651.03,44.30
651.04,44.30
651.06,44.30
651.07,44.30
651.09,44.30
651.10,44.29
651.11,44.29
651.13,44.29
651.14,44.29
651.16,44.29
651.17,44.29
651.19,44.29
651.20,44.29
651.22,44.29
651.23,44.30
651.25,44.30
651.26,44.30
651.28,44.30
651.29,44.30
651.31,44.30
651.32,44.31
651.34,44.31
651.35,44.31
651.37,44.31
651.38,44.31
651.39,44.31
651.41,44.31
651.42,44.32
651.44,44.32
651.45,44.32
651.47,44.32
651.48,44.32
651.50,44.32
651.51,44.33
651.53,44.33
651.54,44.33
651.56,44.33
651.57,44.33
651.59,44.33
651.60,44.33
651.62,44.34
651.63,44.34
651.64,44.34
651.66,44.34
651.67,44.34
651.69,44.34
651.70,44.35
651.72,44.35
651.73,44.35
651.75,44.35
651.76,44.35
651.78,44.35
651.79,44.36
651.81,44.36
651.82,44.36
651.84,44.36
651.85,44.36
651.87,44.36
651.88,44.36
651.89,44.37
651.91,44.37
651.92,44.37
651.94,44.37
651.95,44.37
651.97,44.37
651.98,44.38
652.00,44.38
652.01,44.38
652.03,44.38
652.04,44.38
652.06,44.38
652.07,44.38
652.09,44.39
652.10,44.39
652.12,44.39
652.13,44.39
652.14,44.39
652.16,44.39
652.17,44.40
652.19,44.40
652.20,44.40
652.22,44.40
652.23,44.40
652.25,44.40
652.26,44.40
652.28,44.41
652.29,44.41
652.31,44.41
652.32,44.41
652.34,44.41
652.35,44.41
652.37,44.42
652.38,44.42
652.39,44.42
652.41,44.42
652.42,44.42
652.44,44.42
652.45,44.42
652.47,44.43
652.48,44.43
652.50,44.43
652.51,44.43
652.53,44.43
652.54,44.43
652.56,44.44
652.57,44.44
652.59,44.44
652.60,44.44
652.62,44.44
652.63,44.44
652.64,44.44
652.66,44.45
652.67,44.45
652.69,44.45
652.70,44.45
652.72,44.44
652.73,44.44
652.75,44.44
652.76,44.44
652.78,44.44
652.79,44.44
652.81,44.44
652.82,44.44
652.84,44.44
652.85,44.44
652.87,44.43
652.88,44.43
652.89,44.43
652.91,44.43
652.92,44.43
652.94,44.43
652.95,44.43
652.97,44.43
652.98,44.43
653.00,44.43
653.01,44.43
653.03,44.42
653.04,44.42
653.06,44.42
653.07,44.42
653.09,44.42
653.10,44.42
653.12,44.42
653.13,44.42
653.15,44.42
653.16,44.42
653.17,44.41
653.19,44.41
653.20,44.41
653.22,44.41
653.23,44.41
653.25,44.41
653.26,44.41
653.28,44.41
653.29,44.41
653.31,44.41
653.32,44.40
653.34,44.40
653.35,44.40
653.37,44.40
653.38,44.40
653.40,44.40
653.41,44.40
653.42,44.40
653.44,44.40
653.45,44.40
653.47,44.40
653.48,44.39
653.50,44.39
653.51,44.39
653.53,44.39
653.54,44.39
653.56,44.39
653.57,44.39
653.59,44.39
653.60,44.39
653.62,44.39
653.63,44.38
653.65,44.38
653.66,44.38
653.67,44.38
653.69,44.38
653.70,44.38
653.72,44.38
653.73,44.38
653.75,44.38
653.76,44.38
653.78,44.38
653.79,44.37
653.81,44.37
653.82,44.37
653.84,44.37
653.85,44.37
653.87,44.37
653.88,44.37
653.90,44.37
653.91,44.37
653.92,44.37
653.94,44.36
653.95,44.36
653.97,44.36
653.98,44.36
654.00,44.36
654.01,44.36
654.03,44.36
654.04,44.36
654.06,44.36
654.07,44.36
654.09,44.35
654.10,44.35
654.12,44.35
654.13,44.35
654.15,44.35
654.16,44.35
654.17,44.35
654.19,44.35
654.20,44.35
654.22,44.35
654.23,44.35
654.25,44.35
654.26,44.35
654.28,44.35
654.29,44.35
654.31,44.35
654.32,44.35
654.34,44.35
654.35,44.35
654.37,44.35
654.38,44.35
654.40,44.35
654.41,44.35
654.42,44.35
654.44,44.35
654.45,44.35
654.47,44.35
654.48,44.35
654.50,44.35
654.51,44.35
654.53,44.35
654.54,44.35
654.56,44.35
654.57,44.35
654.59,44.35
654.60,44.35
654.62,44.35
654.63,44.35
654.65,44.35
654.66,44.35
654.68,44.35
654.69,44.35
654.70,44.35
654.72,44.35
654.73,44.35
654.75,44.35
654.76,44.35
654.78,44.35
654.79,44.35
654.81,44.35
654.82,44.35
654.84,44.35
654.85,44.35
654.87,44.35
654.88,44.35
654.90,44.35
654.91,44.35
654.93,44.34
654.94,44.34
654.95,44.34
654.97,44.34
654.98,44.34
655.00,44.34
655.01,44.34
655.03,44.34
655.04,44.34
655.06,44.34
655.07,44.34
655.09,44.34
655.10,44.34
655.12,44.34
655.13,44.34
655.15,44.34
655.16,44.34
655.18,44.34
655.19,44.34
655.20,44.34
655.22,44.34
655.23,44.34
655.25,44.34
655.26,44.34
655.28,44.34
655.29,44.33
655.31,44.33
655.32,44.33
655.34,44.33
655.35,44.33
655.37,44.33
655.38,44.33
655.40,44.33
655.41,44.33
655.43,44.33
655.44,44.32
655.45,44.33
655.47,44.33
655.48,44.33
655.50,44.33
655.51,44.33
655.53,44.33
655.54,44.34
655.56,44.34
655.57,44.34
655.59,44.34
655.60,44.34
655.62,44.34
655.63,44.35
655.65,44.35
655.66,44.35
655.68,44.35
655.69,44.35
655.70,44.35
655.72,44.35
655.73,44.36
655.75,44.36
655.76,44.36
655.78,44.36
655.79,44.36
655.81,44.36
655.82,44.37
655.84,44.37
655.85,44.37
655.87,44.37
655.88,44.37
655.90,44.37
655.91,44.37
655.93,44.38
655.94,44.38
655.95,44.38
655.97,44.38
655.98,44.38
656.00,44.38
656.01,44.39
656.03,44.39
656.04,44.39
656.06,44.39
656.07,44.39
656.09,44.39
656.10,44.39
656.12,44.40
656.13,44.40
656.15,44.40
656.16,44.40
656.18,44.40
656.19,44.40
656.21,44.41
656.22,44.41
656.23,44.41
656.25,44.41
656.26,44.41
656.28,44.41
656.29,44.41
656.31,44.42
656.32,44.42
656.34,44.42
656.35,44.42
656.37,44.42
656.38,44.42
656.40,44.43
656.41,44.43
656.43,44.43
656.44,44.43
656.46,44.43
656.47,44.43
656.48,44.43
656.50,44.44
656.51,44.44
656.53,44.44
656.54,44.44
656.56,44.44
656.57,44.44
656.59,44.45
656.60,44.45
656.62,44.45
656.63,44.45
656.65,44.45
656.66,44.45
656.68,44.45
656.69,44.46
656.71,44.46
656.72,44.46
656.73,44.46
656.75,44.46
656.76,44.46
656.78,44.47
656.79,44.47
656.81,44.47
656.82,44.47
656.84,44.47
656.85,44.47
656.87,44.47
656.88,44.48
656.90,44.48
656.91,44.48
656.93,44.48
656.94,44.48
656.96,44.48
656.97,44.49
656.98,44.49
657.00,44.49
657.01,44.49
657.03,44.49
657.04,44.49
657.06,44.49
657.07,44.49
657.09,44.49
657.10,44.48
657.12,44.48
657.13,44.48
657.15,44.48
657.16,44.48
657.18,44.48
657.19,44.48
657.21,44.48
657.22,44.48
657.23,44.48
657.25,44.47
657.26,44.47
657.28,44.47
657.29,44.47
657.31,44.47
657.32,44.47
657.34,44.47
657.35,44.47
657.37,44.47
657.38,44.47
657.40,44.46
657.41,44.46
657.43,44.46
657.44,44.46
657.46,44.46
657.47,44.46
657.48,44.46
657.50,44.46
657.51,44.46
657.53,44.46
657.54,44.45
657.56,44.45
657.57,44.45
657.59,44.45
657.60,44.45
657.62,44.45
657.63,44.45
657.65,44.45
657.66,44.45
657.68,44.45
657.69,44.45
657.71,44.44
657.72,44.44
657.74,44.44
657.75,44.44
657.76,44.44
657.78,44.44
657.79,44.44
657.81,44.44
657.82,44.44
657.84,44.44
657.85,44.43
657.87,44.43
657.88,44.43
657.90,44.43
657.91,44.43
657.93,44.43
657.94,44.43
657.96,44.43
657.97,44.43
657.99,44.43
658.00,44.43
658.01,44.43
658.03,44.43
658.04,44.43
658.06,44.43
658.07,44.43
658.09,44.43
658.10,44.43
658.12,44.43
658.13,44.43
658.15,44.43
658.16,44.43
658.18,44.43
658.19,44.43
658.21,44.43
658.22,44.43
658.24,44.43
658.25,44.43
658.26,44.43
658.28,44.43
658.29,44.43
658.31,44.43
658.32,44.43
658.34,44.43
658.35,44.43
658.37,44.42
658.38,44.42
658.40,44.42
658.41,44.42
658.43,44.43
658.44,44.43
658.46,44.43
658.47,44.43
658.49,44.43
658.50,44.43
658.51,44.43
658.53,44.44
658.54,44.44
658.56,44.44
658.57,44.44
658.59,44.44
658.60,44.44
658.62,44.45
658.63,44.45
658.65,44.45
658.66,44.45
658.68,44.45
658.69,44.45
658.71,44.45
658.72,44.46
658.74,44.46
658.75,44.46
658.76,44.46
658.78,44.46
658.79,44.46
658.81,44.47
658.82,44.47
658.84,44.47
658.85,44.47
658.87,44.47
658.88,44.47
658.90,44.47
658.91,44.48
658.93,44.48
658.94,44.48
658.96,44.48
658.97,44.48
658.99,44.48
659.00,44.48
659.01,44.48
659.03,44.48
659.04,44.48
659.06,44.48
659.07,44.48
659.09,44.48
659.10,44.48
659.12,44.48
659.13,44.48
659.15,44.48
659.16,44.48
659.18,44.48
659.19,44.48
659.21,44.48
659.22,44.48
659.24,44.48
659.25,44.47
659.27,44.47
659.28,44.47
659.29,44.47
659.31,44.47
659.32,44.47
659.34,44.47
659.35,44.47
659.37,44.47
659.38,44.47
659.40,44.47
659.41,44.46
659.43,44.46
659.44,44.46
659.46,44.46
659.47,44.46
659.49,44.46
659.50,44.46
659.52,44.46
659.53,44.46
659.54,44.46
659.56,44.46
659.57,44.46
659.59,44.46
659.60,44.46
659.62,44.47
659.63,44.47
659.65,44.47
659.66,44.47
659.68,44.47
659.69,44.47
659.71,44.48
659.72,44.48
659.74,44.48
659.75,44.48
659.77,44.48
659.78,44.48
659.79,44.48
659.81,44.49
659.82,44.49
659.84,44.49
659.85,44.49
659.87,44.49
659.88,44.49
659.90,44.49
659.91,44.49
659.93,44.49
659.94,44.49
659.96,44.49
659.97,44.49
659.99,44.49
660.00,44.49
660.02,44.49
660.03,44.49
660.04,44.49
660.06,44.49
660.07,44.49
660.09,44.49
660.10,44.49
660.12,44.49
660.13,44.49
660.15,44.49
660.16,44.49
660.18,44.49
660.19,44.49
660.21,44.49
660.22,44.49
660.24,44.48
660.25,44.48
660.27,44.48
660.28,44.48
660.29,44.48
660.31,44.48
660.32,44.48
660.34,44.48
660.35,44.48
660.37,44.48
660.38,44.48
660.40,44.48
660.41,44.48
660.43,44.48
660.44,44.48
660.46,44.48
660.47,44.48
660.49,44.48
660.50,44.48
660.52,44.48
660.53,44.48
660.54,44.48
660.56,44.48
660.57,44.48
660.59,44.48
660.60,44.48
660.62,44.48
660.63,44.48
660.65,44.48
660.66,44.48
660.68,44.48
660.69,44.48
660.71,44.48
660.72,44.48
660.74,44.48
660.75,44.48
660.77,44.48
660.78,44.48
660.80,44.48
660.81,44.48
660.82,44.48
660.84,44.48
660.85,44.48
660.87,44.48
660.88,44.48
660.90,44.48
660.91,44.48
660.93,44.48
660.94,44.48
660.96,44.48
660.97,44.48
660.99,44.48
661.00,44.48
661.02,44.48
661.03,44.48
661.05,44.48
661.06,44.48
661.07,44.48
661.09,44.48
661.10,44.47
661.12,44.47
661.13,44.47
661.15,44.47
661.16,44.47
661.18,44.47
661.19,44.47
661.21,44.47
661.22,44.47
661.24,44.47
661.25,44.47
661.27,44.47
661.28,44.47
661.30,44.47
661.31,44.47
661.32,44.47
661.34,44.47
661.35,44.46
661.37,44.46
661.38,44.46
661.40,44.46
661.41,44.46
661.43,44.46
661.44,44.46
661.46,44.46
661.47,44.46
661.49,44.46
661.50,44.45
661.52,44.45
661.53,44.45
661.55,44.45
661.56,44.45
661.57,44.45
661.59,44.45
661.60,44.45
661.62,44.45
661.63,44.45
661.65,44.45
661.66,44.44
661.68,44.44
661.69,44.44
661.71,44.44
661.72,44.44
661.74,44.44
661.75,44.44
661.77,44.44
661.78,44.44
661.80,44.44
661.81,44.44
661.82,44.44
661.84,44.45
661.85,44.45
661.87,44.45
661.88,44.45
661.90,44.45
661.91,44.45
661.93,44.45
661.94,44.46
661.96,44.46
661.97,44.46
661.99,44.46
662.00,44.46
662.02,44.46
662.03,44.47
662.05,44.47
662.06,44.47
662.07,44.47
662.09,44.47
662.10,44.47
662.12,44.47
662.13,44.48
662.15,44.48
662.16,44.48
662.18,44.48
662.19,44.48
662.21,44.48
662.22,44.49
662.24,44.49
662.25,44.49
662.27,44.49
662.28,44.49
662.30,44.49
662.31,44.49
662.33,44.50
662.34,44.50
662.35,44.50
662.37,44.50
662.38,44.50
662.40,44.50
662.41,44.51
662.43,44.51
662.44,44.51
662.46,44.51
662.47,44.51
662.49,44.51
662.50,44.51
662.52,44.52
662.53,44.52
662.55,44.52
662.56,44.52
662.58,44.52
662.59,44.52
662.60,44.52
662.62,44.53
662.63,44.53
662.65,44.53
662.66,44.53
662.68,44.53
662.69,44.53
662.71,44.54
662.72,44.54
662.74,44.54
662.75,44.54
662.77,44.54
662.78,44.54
662.80,44.54
662.81,44.55
662.83,44.55
662.84,44.55
662.85,44.55
662.87,44.55
662.88,44.55
662.90,44.56
662.91,44.56
662.93,44.56
662.94,44.56
662.96,44.56
662.97,44.56
662.99,44.56
663.00,44.57
663.02,44.57
663.03,44.57
663.05,44.57
663.06,44.56
663.08,44.56
663.09,44.56
663.10,44.56
663.12,44.56
663.13,44.56
663.15,44.56
663.16,44.56
663.18,44.56
663.19,44.56
663.21,44.55
663.22,44.55
663.24,44.55
663.25,44.55
663.27,44.55
663.28,44.55
663.30,44.55
663.31,44.55
663.33,44.55
663.34,44.55
663.35,44.55
663.37,44.54
663.38,44.54
663.40,44.54
663.41,44.54
663.43,44.54
663.44,44.54
663.46,44.54
663.47,44.54
663.49,44.54
663.50,44.54
663.52,44.53
663.53,44.53
663.55,44.53
663.56,44.53
663.58,44.53
663.59,44.53
663.60,44.53
663.62,44.53
663.63,44.53
663.65,44.53
663.66,44.52
663.68,44.52
663.69,44.52
663.71,44.52
663.72,44.52
663.74,44.52
663.75,44.52
663.77,44.52
663.78,44.52
663.80,44.52
663.81,44.51
663.83,44.51
663.84,44.51
663.86,44.51
663.87,44.51
663.88,44.51
663.90,44.51
663.91,44.51
663.93,44.51
663.94,44.51
663.96,44.51
663.97,44.50
663.99,44.50
664.00,44.50
664.02,44.50
664.03,44.50
664.05,44.50
664.06,44.50
664.08,44.50
664.09,44.50
664.11,44.50
664.12,44.49
664.13,44.49
664.15,44.49
664.16,44.49
664.18,44.49
664.19,44.49
664.21,44.49
664.22,44.49
664.24,44.49
664.25,44.49
664.27,44.48
664.28,44.48
664.30,44.48
664.31,44.48
664.33,44.48
664.34,44.48
664.36,44.48
664.37,44.48
664.38,44.48
664.40,44.48
664.41,44.47
664.43,44.47
664.44,44.47
664.46,44.47
664.47,44.47
664.49,44.47
664.50,44.47
664.52,44.47
664.53,44.47
664.55,44.47
664.56,44.47
664.58,44.46
664.59,44.46
664.61,44.46
664.62,44.46
664.63,44.46
664.65,44.46
664.66,44.46
664.68,44.46
664.69,44.46
664.71,44.46
664.72,44.45
664.74,44.45
664.75,44.45
664.77,44.45
664.78,44.45
664.80,44.45
664.81,44.45
664.83,44.45
664.84,44.45
664.86,44.45
664.87,44.44
664.88,44.44
664.90,44.44
664.91,44.44
664.93,44.44
664.94,44.44
664.96,44.44
664.97,44.44
664.99,44.44
665.00,44.44
665.02,44.44
665.03,44.43
665.05,44.43
665.06,44.43
665.08,44.43
665.09,44.43
665.11,44.43
665.12,44.43
665.13,44.43
665.15,44.43
665.16,44.43
665.18,44.42
665.19,44.42
665.21,44.42
665.22,44.42
665.24,44.42
665.25,44.42
665.27,44.42
665.28,44.42
665.30,44.42
665.31,44.42
665.33,44.42
665.34,44.42
665.36,44.42
665.37,44.42
665.39,44.42
665.40,44.42
665.41,44.42
665.43,44.42
665.44,44.42
665.46,44.42
665.47,44.42
665.49,44.42
665.50,44.42
665.52,44.42
665.53,44.42
665.55,44.42
665.56,44.42
665.58,44.42
665.59,44.42
665.61,44.42
665.62,44.42
665.64,44.42
665.65,44.42
665.66,44.42
665.68,44.42
665.69,44.42
665.71,44.42
665.72,44.42
665.74,44.41
665.75,44.42
665.77,44.42
665.78,44.42
665.80,44.42
665.81,44.42
665.83,44.42
665.84,44.43
665.86,44.43
665.87,44.43
665.89,44.43
665.90,44.43
665.91,44.43
665.93,44.43
665.94,44.44
665.96,44.44
665.97,44.44
665.99,44.44
666.00,44.44
666.02,44.44
666.03,44.44
666.05,44.44
666.06,44.44
666.08,44.44
666.09,44.43
666.11,44.43
666.12,44.43
666.14,44.43
666.15,44.43
666.16,44.43
666.18,44.43
666.19,44.43
666.21,44.43
666.22,44.43
666.24,44.43
666.25,44.43
666.27,44.43
666.28,44.43
666.30,44.43
666.31,44.43
666.33,44.43
666.34,44.43
666.36,44.43
666.37,44.43
666.39,44.42
666.40,44.42
666.41,44.42
666.43,44.42
666.44,44.42
666.46,44.42
666.47,44.42
666.49,44.42
666.50,44.42
666.52,44.42
666.53,44.42
666.55,44.42
666.56,44.42
666.58,44.42
666.59,44.42
666.61,44.42
666.62,44.42
666.64,44.43
666.65,44.43
666.66,44.43
666.68,44.43
666.69,44.43
666.71,44.43
666.72,44.44
666.74,44.44
666.75,44.44
666.77,44.44
666.78,44.44
666.80,44.44
666.81,44.44
666.83,44.45
666.84,44.45
666.86,44.45
666.87,44.45
666.89,44.45
666.90,44.45
666.92,44.46
666.93,44.46
666.94,44.46
666.96,44.46
666.97,44.46
666.99,44.46
667.00,44.46
667.02,44.47
667.03,44.47
667.05,44.47
667.06,44.47
667.08,44.47
667.09,44.47
667.11,44.48
667.12,44.48
667.14,44.48
667.15,44.48
667.17,44.48
667.18,44.48
667.19,44.48
667.21,44.49
667.22,44.49
667.24,44.49
667.25,44.49
667.27,44.49
667.28,44.49
667.30,44.49
667.31,44.49
667.33,44.49
667.34,44.49
667.36,44.49
667.37,44.49
667.39,44.49
667.40,44.49
667.42,44.49
667.43,44.49
667.44,44.48
667.46,44.48
667.47,44.48
667.49,44.48
667.50,44.48
667.52,44.48
667.53,44.48
667.55,44.48
667.56,44.48
667.58,44.48
667.59,44.48
667.61,44.48
667.62,44.48
667.64,44.48
667.65,44.48
667.67,44.48
667.68,44.48
667.69,44.48
667.71,44.48
667.72,44.48
667.74,44.48
667.75,44.48
667.77,44.48
667.78,44.48
667.80,44.48
667.81,44.48
667.83,44.48
667.84,44.48
667.86,44.48
667.87,44.48
667.89,44.48
667.90,44.48
667.92,44.48
667.93,44.48
667.94,44.48
667.96,44.48
667.97,44.48
667.99,44.48
668.00,44.48
668.02,44.47
668.03,44.47
668.05,44.47
668.06,44.47
668.08,44.47
668.09,44.47
668.11,44.47
668.12,44.47
668.14,44.47
668.15,44.47
668.17,44.46
668.18,44.46
668.19,44.46
668.21,44.46
668.22,44.46
668.24,44.46
668.25,44.46
668.27,44.46
668.28,44.46
668.30,44.46
668.31,44.45
668.33,44.45
668.34,44.45
668.36,44.45
668.37,44.45
668.39,44.45
668.40,44.45
668.42,44.45
668.43,44.45
668.45,44.45
668.46,44.45
668.47,44.44
668.49,44.44
668.50,44.44
668.52,44.44
668.53,44.44
668.55,44.44
668.56,44.44
668.58,44.44
668.59,44.44
668.61,44.44
668.62,44.43
668.64,44.43
668.65,44.43
668.67,44.43
668.68,44.43
668.70,44.43
668.71,44.43
668.72,44.43
668.74,44.43
668.75,44.44
668.77,44.44
668.78,44.44
668.80,44.44
668.81,44.44
668.83,44.44
668.84,44.45
668.86,44.45
668.87,44.45
668.89,44.45
668.90,44.45
668.92,44.45
668.93,44.45
668.95,44.46
668.96,44.46
668.97,44.46
668.99,44.46
669.00,44.46
669.02,44.46
669.03,44.47
669.05,44.47
669.06,44.47
669.08,44.47
669.09,44.47
669.11,44.47
669.12,44.47
669.14,44.48
669.15,44.48
669.17,44.48
669.18,44.48
669.20,44.48
669.21,44.48
669.22,44.49
669.24,44.49
669.25,44.49
669.27,44.49
669.28,44.49
669.30,44.49
669.31,44.49
669.33,44.50
669.34,44.50
669.36,44.49
669.37,44.49
669.39,44.49
669.40,44.49
669.42,44.49
669.43,44.49
669.45,44.49
669.46,44.49
669.47,44.49
669.49,44.49
669.50,44.48
669.52,44.48
669.53,44.48
669.55,44.48
669.56,44.48
669.58,44.48
669.59,44.48
669.61,44.48
669.62,44.48
669.64,44.48
669.65,44.47
669.67,44.47
669.68,44.47
669.70,44.47
669.71,44.47
669.72,44.47
669.74,44.47
669.75,44.47
669.77,44.47
669.78,44.47
669.80,44.47
669.81,44.46
669.83,44.46
669.84,44.46
669.86,44.46
669.87,44.46
669.89,44.46
669.90,44.46
669.92,44.46
669.93,44.46
669.95,44.46
669.96,44.45
669.98,44.45
669.99,44.45
670.00,44.45
670.02,44.45
670.03,44.45
670.05,44.45
670.06,44.45
670.08,44.45
670.09,44.45
670.11,44.44
670.12,44.44
670.14,44.44
670.15,44.44
670.17,44.44
670.18,44.44
670.20,44.44
670.21,44.44
670.23,44.44
670.24,44.44
670.25,44.44
670.27,44.43
670.28,44.43
670.30,44.43
670.31,44.43
670.33,44.43
670.34,44.43
670.36,44.43
670.37,44.43
670.39,44.43
670.40,44.43
670.42,44.43
670.43,44.43
670.45,44.43
670.46,44.43
670.48,44.43
670.49,44.43
670.50,44.43
670.52,44.43
670.53,44.43
670.55,44.43
670.56,44.43
670.58,44.43
670.59,44.43
670.61,44.43
670.62,44.43
670.64,44.43
670.65,44.43
670.67,44.43
670.68,44.43
670.70,44.43
670.71,44.43
670.73,44.43
670.74,44.43
670.75,44.43
670.77,44.43
670.78,44.43
670.80,44.43
670.81,44.43
670.83,44.43
670.84,44.43
670.86,44.43
670.87,44.43
670.89,44.43
670.90,44.43
670.92,44.43
670.93,44.44
670.95,44.44
670.96,44.44
670.98,44.44
670.99,44.44
671.00,44.44
671.02,44.44
671.03,44.45
671.05,44.45
671.06,44.45
671.08,44.45
671.09,44.45
671.11,44.45
671.12,44.46
671.14,44.46
671.15,44.46
671.17,44.46
671.18,44.46
671.20,44.46
671.21,44.46
671.23,44.47
671.24,44.47
671.25,44.47
671.27,44.47
671.28,44.47
671.30,44.47
671.31,44.48
671.33,44.48
671.34,44.48
671.36,44.48
671.37,44.48
671.39,44.48
671.40,44.48
671.42,44.48
671.43,44.48
671.45,44.48
671.46,44.48
671.48,44.48
671.49,44.48
671.51,44.48
671.52,44.48
671.53,44.48
671.55,44.48
671.56,44.48
671.58,44.48
671.59,44.48
671.61,44.48
671.62,44.48
671.64,44.48
671.65,44.48
671.67,44.48
671.68,44.48
671.70,44.48
671.71,44.48
671.73,44.48
671.74,44.48
671.76,44.47
671.77,44.47
671.78,44.47
671.80,44.47
671.81,44.47
671.83,44.47
671.84,44.48
671.86,44.48
671.87,44.48
671.89,44.48
671.90,44.48
671.92,44.48
671.93,44.49
671.95,44.49
671.96,44.49
671.98,44.49
671.99,44.49
672.01,44.49
672.02,44.49
672.03,44.50
672.05,44.50
672.06,44.50
672.08,44.50
672.09,44.50
672.11,44.50
672.12,44.51
672.14,44.51
672.15,44.51
672.17,44.51
672.18,44.51
672.20,44.51
672.21,44.51
672.23,44.52
672.24,44.52
672.26,44.52
672.27,44.52
672.28,44.52
672.30,44.52
672.31,44.53
672.33,44.53
672.34,44.53
672.36,44.53
672.37,44.53
672.39,44.53
672.40,44.53
672.42,44.54
672.43,44.54
672.45,44.54
672.46,44.54
672.48,44.54
672.49,44.54
672.51,44.55
672.52,44.55
672.53,44.55
672.55,44.55
672.56,44.55
672.58,44.55
672.59,44.55
672.61,44.56
672.62,44.56
672.64,44.56
672.65,44.56
672.67,44.56
672.68,44.56
672.70,44.57
672.71,44.57
672.73,44.57
672.74,44.57
672.76,44.57
672.77,44.57
672.78,44.57
672.80,44.58
672.81,44.58
672.83,44.58
672.84,44.58
672.86,44.58
672.87,44.58
672.89,44.58
672.90,44.59
672.92,44.59
672.93,44.59
672.95,44.59
672.96,44.59
672.98,44.59
672.99,44.60
673.01,44.60
673.02,44.60
673.03,44.60
673.05,44.60
673.06,44.60
673.08,44.60
673.09,44.61
673.11,44.61
673.12,44.61
673.14,44.61
673.15,44.61
673.17,44.61
673.18,44.61
673.20,44.61
673.21,44.61
673.23,44.61
673.24,44.61
673.26,44.61
673.27,44.61
673.29,44.61
673.30,44.60
673.31,44.60
673.33,44.60
673.34,44.60
673.36,44.60
673.37,44.60
673.39,44.60
673.40,44.60
673.42,44.60
673.43,44.60
673.45,44.59
673.46,44.59
673.48,44.59
673.49,44.59
673.51,44.59
673.52,44.59
673.54,44.59
673.55,44.59
673.56,44.59
673.58,44.59
673.59,44.59
673.61,44.58
673.62,44.58
673.64,44.58
673.65,44.58
673.67,44.58
673.68,44.58
673.70,44.58
673.71,44.58
673.73,44.58
673.74,44.58
673.76,44.58
673.77,44.58
673.79,44.58
673.80,44.58
673.81,44.58
673.83,44.58
673.84,44.58
673.86,44.58
673.87,44.58
673.89,44.58
673.90,44.58
673.92,44.58
673.93,44.58
673.95,44.58
673.96,44.58
673.98,44.58
673.99,44.58
674.01,44.58
674.02,44.58
674.04,44.58
674.05,44.58
674.06,44.58
674.08,44.58
674.09,44.58
674.11,44.58
674.12,44.58
674.14,44.58
674.15,44.58
674.17,44.58
674.18,44.58
674.20,44.58
674.21,44.58
674.23,44.58
674.24,44.58
674.26,44.58
674.27,44.58
674.29,44.58
674.30,44.58
674.31,44.58
674.33,44.57
674.34,44.57
674.36,44.57
674.37,44.57
674.39,44.57
674.40,44.57
674.42,44.57
674.43,44.57
674.45,44.57
674.46,44.57
674.48,44.57
674.49,44.57
674.51,44.57
674.52,44.57
674.54,44.58
674.55,44.58
674.56,44.58
674.58,44.58
674.59,44.58
674.61,44.58
674.62,44.59
674.64,44.59
674.65,44.59
674.67,44.59
674.68,44.59
674.70,44.59
674.71,44.59
674.73,44.60
674.74,44.60
674.76,44.60
674.77,44.60
674.79,44.60
674.80,44.60
674.82,44.60
674.83,44.60
674.84,44.60
674.86,44.60
674.87,44.60
674.89,44.60
674.90,44.60
674.92,44.60
674.93,44.60
674.95,44.60
674.96,44.59
674.98,44.59
674.99,44.59
675.01,44.59
675.02,44.59
675.04,44.59
675.05,44.59
675.07,44.59
675.08,44.59
675.09,44.59
675.11,44.59
675.12,44.59
675.14,44.59
675.15,44.59
675.17,44.59
675.18,44.59
675.20,44.58
675.21,44.58
675.23,44.58
675.24,44.58
675.26,44.58
675.27,44.58
675.29,44.58
675.30,44.58
675.32,44.58
675.33,44.58
675.34,44.57
675.36,44.57
675.37,44.57
675.39,44.57
675.40,44.57
675.42,44.57
675.43,44.57
675.45,44.57
675.46,44.57
675.48,44.57
675.49,44.56
675.51,44.56
675.52,44.57
675.54,44.57
675.55,44.57
675.57,44.57
675.58,44.57
675.59,44.57
675.61,44.57
675.62,44.58
675.64,44.58
675.65,44.58
675.67,44.58
675.68,44.58
675.70,44.58
675.71,44.59
675.73,44.59
675.74,44.59
675.76,44.59
675.77,44.59
675.79,44.59
675.80,44.59
675.82,44.60
675.83,44.60
675.84,44.60
675.86,44.60
675.87,44.60
675.89,44.60
675.90,44.61
675.92,44.61
675.93,44.61
675.95,44.61
675.96,44.61
675.98,44.61
675.99,44.61
676.01,44.62
676.02,44.62
676.04,44.62
676.05,44.62
676.07,44.62
676.08,44.62
676.09,44.62
676.11,44.63
676.12,44.63
676.14,44.63
676.15,44.63
676.17,44.63
676.18,44.63
676.20,44.64
676.21,44.64
676.23,44.64
676.24,44.64
676.26,44.64
676.27,44.64
676.29,44.64
676.30,44.65
676.32,44.65
676.33,44.65
676.35,44.65
676.36,44.65
676.37,44.65
676.39,44.66
676.40,44.66
676.42,44.66
676.43,44.66
676.45,44.66
676.46,44.66
676.48,44.66
676.49,44.67
676.51,44.67
676.52,44.67
676.54,44.67
676.55,44.67
676.57,44.67
676.58,44.67
676.60,44.68
676.61,44.68
676.62,44.68
676.64,44.68
676.65,44.68
676.67,44.68
676.68,44.69
676.70,44.69
676.71,44.69
676.73,44.69
676.74,44.69
676.76,44.69
676.77,44.69
676.79,44.70
676.80,44.70
676.82,44.70
676.83,44.70
676.85,44.70
676.86,44.70
676.87,44.70
676.89,44.70
676.90,44.70
676.92,44.70
676.93,44.70
676.95,44.70
676.96,44.70
676.98,44.70
676.99,44.69
677.01,44.69
677.02,44.69
677.04,44.69
677.05,44.69
677.07,44.69
677.08,44.69
677.10,44.69
677.11,44.69
677.12,44.69
677.14,44.68
677.15,44.68
677.17,44.68
677.18,44.68
677.20,44.68
677.21,44.68
677.23,44.68
677.24,44.68
677.26,44.68
677.27,44.68
677.29,44.67
677.30,44.67
677.32,44.67
677.33,44.67
677.35,44.67
677.36,44.67
677.37,44.67
677.39,44.67
677.40,44.67
677.42,44.67
677.43,44.66
677.45,44.66
677.46,44.66
677.48,44.66
677.49,44.66
677.51,44.66
677.52,44.66
677.54,44.66
677.55,44.66
677.57,44.66
677.58,44.65
677.60,44.65
677.61,44.65
677.62,44.65
677.64,44.65
677.65,44.65
677.67,44.65
677.68,44.65
677.70,44.65
677.71,44.65
677.73,44.64
677.74,44.64
677.76,44.64
677.77,44.64
677.79,44.64
677.80,44.64
677.82,44.64
677.83,44.64
677.85,44.64
677.86,44.64
677.88,44.63
677.89,44.63
677.90,44.63
677.92,44.63
677.93,44.63
677.95,44.63
677.96,44.63
677.98,44.63
677.99,44.63
678.01,44.63
678.02,44.62
678.04,44.62
678.05,44.62
678.07,44.62
678.08,44.62
678.10,44.62
678.11,44.62
678.13,44.62
678.14,44.62
678.15,44.62
678.17,44.62
678.18,44.62
678.20,44.62
678.21,44.62
678.23,44.62
678.24,44.62
678.26,44.62
678.27,44.62
678.29,44.62
678.30,44.62
678.32,44.62
678.33,44.62
678.35,44.62
678.36,44.62
678.38,44.62
678.39,44.62
678.40,44.62
678.42,44.62
678.43,44.62
678.45,44.62
678.46,44.62
678.48,44.62
678.49,44.62
678.51,44.62
678.52,44.62
678.54,44.62
678.55,44.62
678.57,44.61
678.58,44.61
678.60,44.61
678.61,44.61
678.63,44.61
678.64,44.61
678.65,44.61
678.67,44.61
678.68,44.61
678.70,44.61
678.71,44.61
678.73,44.61
678.74,44.61
678.76,44.61
678.77,44.61
678.79,44.61
678.80,44.61
678.82,44.61
678.83,44.61
678.85,44.61
678.86,44.61
678.88,44.61
678.89,44.61
678.90,44.61
678.92,44.61
678.93,44.61
678.95,44.61
678.96,44.61
678.98,44.60
678.99,44.60
679.01,44.60
679.02,44.60
679.04,44.60
679.05,44.60
679.07,44.60
679.08,44.60
679.10,44.60
679.11,44.60
679.13,44.60
679.14,44.59
679.15,44.59
679.17,44.59
679.18,44.59
679.20,44.59
679.21,44.59
679.23,44.59
679.24,44.59
679.26,44.59
679.27,44.59
679.29,44.59
679.30,44.59
679.32,44.59
679.33,44.59
679.35,44.60
679.36,44.60
679.38,44.60
679.39,44.60
679.41,44.60
679.42,44.60
679.43,44.60
679.45,44.61
679.46,44.61
679.48,44.61
679.49,44.61
679.51,44.61
679.52,44.61
679.54,44.62
679.55,44.62
679.57,44.62
679.58,44.62
679.60,44.62
679.61,44.62
679.63,44.62
679.64,44.63
679.66,44.63
679.67,44.63
679.68,44.63
679.70,44.63
679.71,44.63
679.73,44.64
679.74,44.64
679.76,44.64
679.77,44.64
679.79,44.64
679.80,44.64
679.82,44.64
679.83,44.65
679.85,44.65
679.86,44.65
679.88,44.65
679.89,44.65
679.91,44.65
679.92,44.65
679.93,44.66
679.95,44.66
679.96,44.66
679.98,44.66
679.99,44.66
680.01,44.66
680.02,44.67
680.04,44.67
680.05,44.67
680.07,44.67
680.08,44.67
680.10,44.67
680.11,44.67
680.13,44.67
680.14,44.67
680.16,44.67
680.17,44.67
680.18,44.67
680.20,44.67
680.21,44.67
680.23,44.67
680.24,44.67
680.26,44.67
680.27,44.67
680.29,44.67
680.30,44.67
680.32,44.67
680.33,44.67
680.35,44.67
680.36,44.67
680.38,44.67
680.39,44.67
680.41,44.67
680.42,44.67
680.43,44.67
680.45,44.67
680.46,44.67
680.48,44.67
680.49,44.67
680.51,44.66
680.52,44.66
680.54,44.66
680.55,44.66
680.57,44.66
680.58,44.66
680.60,44.66
680.61,44.66
680.63,44.66
680.64,44.66
680.66,44.66
680.67,44.66
680.68,44.66
680.70,44.66
680.71,44.66
680.73,44.66
680.74,44.66
680.76,44.66
680.77,44.66
680.79,44.66
680.80,44.66
680.82,44.66
680.83,44.66
680.85,44.66
680.86,44.66
680.88,44.66
680.89,44.65
680.91,44.65
680.92,44.65
680.94,44.65
680.95,44.65
680.96,44.65
680.98,44.65
680.99,44.65
681.01,44.65
681.02,44.65
681.04,44.64
681.05,44.64
681.07,44.64
681.08,44.64
681.10,44.64
681.11,44.64
681.13,44.64
681.14,44.64
681.16,44.64
681.17,44.64
681.19,44.64
681.20,44.64
681.21,44.64
681.23,44.64
681.24,44.64
681.26,44.64
681.27,44.64
681.29,44.64
681.30,44.64
681.32,44.64
681.33,44.64
681.35,44.64
681.36,44.64
681.38,44.64
681.39,44.64
681.41,44.64
681.42,44.64
681.44,44.64
681.45,44.64
681.46,44.64
681.48,44.64
681.49,44.64
681.51,44.64
681.52,44.64
681.54,44.64
681.55,44.64
681.57,44.64
681.58,44.64
681.60,44.64
681.61,44.64
681.63,44.64
681.64,44.63
681.66,44.63
681.67,44.63
681.69,44.63
681.70,44.63
681.71,44.63
681.73,44.64
681.74,44.64
681.76,44.64
681.77,44.64
681.79,44.64
681.80,44.64
681.82,44.65
681.83,44.65
681.85,44.65
681.86,44.65
681.88,44.65
681.89,44.65
681.91,44.65
681.92,44.66
681.94,44.66
681.95,44.66
681.96,44.66
681.98,44.66
681.99,44.66
682.01,44.67
682.02,44.67
682.04,44.67
682.05,44.67
682.07,44.67
682.08,44.67
682.10,44.67
682.11,44.68
682.13,44.68
682.14,44.68
682.16,44.68
682.17,44.68
682.19,44.68
682.20,44.68
682.21,44.69
682.23,44.69
682.24,44.69
682.26,44.69
682.27,44.69
682.29,44.69
682.30,44.70
682.32,44.70
682.33,44.70
682.35,44.70
682.36,44.70
682.38,44.70
682.39,44.70
682.41,44.71
682.42,44.71
682.44,44.71
682.45,44.71
682.47,44.71
682.48,44.71
682.49,44.71
682.51,44.72
682.52,44.72
682.54,44.72
682.55,44.72
682.57,44.72
682.58,44.72
682.60,44.73
682.61,44.73
682.63,44.73
682.64,44.73
682.66,44.73
682.67,44.73
682.69,44.73
682.70,44.74
682.72,44.74
682.73,44.74
682.74,44.74
682.76,44.74
682.77,44.74
682.79,44.74
682.80,44.75
682.82,44.75
682.83,44.75
682.85,44.75
682.86,44.75
682.88,44.75
682.89,44.76
682.91,44.76
682.92,44.76
682.94,44.76
682.95,44.76
682.97,44.76
682.98,44.76
682.99,44.77
683.01,44.77
683.02,44.77
683.04,44.77
683.05,44.77
683.07,44.77
683.08,44.77
683.10,44.77
683.11,44.77
683.13,44.77
683.14,44.77
683.16,44.77
683.17,44.77
683.19,44.77
683.20,44.77
683.22,44.77
683.23,44.77
683.24,44.77
683.26,44.77
683.27,44.77
683.29,44.77
683.30,44.77
683.32,44.77
683.33,44.77
683.35,44.76
683.36,44.76
683.38,44.76
683.39,44.76
683.41,44.76
683.42,44.76
683.44,44.76
683.45,44.76
683.47,44.76
683.48,44.76
683.49,44.76
683.51,44.76
683.52,44.76
683.54,44.76
683.55,44.76
683.57,44.76
683.58,44.76
683.60,44.76
683.61,44.76
683.63,44.76
683.64,44.76
683.66,44.76
683.67,44.75
683.69,44.75
683.70,44.75
683.72,44.75
683.73,44.75
683.74,44.75
683.76,44.75
683.77,44.75
683.79,44.75
683.80,44.75
683.82,44.74
683.83,44.74
683.85,44.74
683.86,44.74
683.88,44.74
683.89,44.74
683.91,44.74
683.92,44.74
683.94,44.74
683.95,44.74
683.97,44.73
683.98,44.73
684.00,44.73
684.01,44.73
684.02,44.73
684.04,44.73
684.05,44.73
684.07,44.73
684.08,44.73
684.10,44.74
684.11,44.74
684.13,44.74
684.14,44.74
684.16,44.74
684.17,44.74
684.19,44.74
684.20,44.75
684.22,44.75
684.23,44.75
684.25,44.75
684.26,44.75
684.27,44.75
684.29,44.76
684.30,44.76
684.32,44.76
684.33,44.76
684.35,44.76
684.36,44.76
684.38,44.76
684.39,44.77
684.41,44.77
684.42,44.77
684.44,44.77
684.45,44.77
684.47,44.77
684.48,44.77
684.50,44.78
684.51,44.78
684.52,44.78
684.54,44.78
684.55,44.78
684.57,44.78
684.58,44.79
684.60,44.79
684.61,44.79
684.63,44.79
684.64,44.79
684.66,44.79
684.67,44.79
684.69,44.80
684.70,44.80
684.72,44.80
684.73,44.80
684.75,44.80
684.76,44.80
684.77,44.80
684.79,44.81
684.80,44.81
684.82,44.81
684.83,44.81
684.85,44.81
684.86,44.81
684.88,44.81
684.89,44.82
684.91,44.82
684.92,44.82
684.94,44.82
684.95,44.82
684.97,44.82
684.98,44.83
685.00,44.83
685.01,44.83
685.02,44.83
685.04,44.83
685.05,44.83
685.07,44.83
685.08,44.83
685.10,44.83
685.11,44.83
685.13,44.83
685.14,44.83
685.16,44.83
685.17,44.83
685.19,44.83
685.20,44.83
685.22,44.83
685.23,44.83
685.25,44.83
685.26,44.83
685.27,44.83
685.29,44.82
685.30,44.82
685.32,44.82
685.33,44.82
685.35,44.82
685.36,44.82
685.38,44.82
685.39,44.82
685.41,44.82
685.42,44.82
685.44,44.82
685.45,44.82
685.47,44.82
685.48,44.82
685.50,44.82
685.51,44.82
685.53,44.82
685.54,44.82
685.55,44.82
685.57,44.82
685.58,44.82
685.60,44.82
685.61,44.82
685.63,44.82
685.64,44.82
685.66,44.82
685.67,44.82
685.69,44.82
685.70,44.82
685.72,44.82
685.73,44.82
685.75,44.82
685.76,44.81
685.78,44.81
685.79,44.81
685.80,44.81
685.82,44.81
685.83,44.81
685.85,44.81
685.86,44.81
685.88,44.81
685.89,44.81
685.91,44.80
685.92,44.80
685.94,44.80
685.95,44.80
685.97,44.80
685.98,44.81
686.00,44.81
686.01,44.81
686.03,44.81
686.04,44.81
686.05,44.81
686.07,44.81
686.08,44.82
686.10,44.82
686.11,44.82
686.13,44.82
686.14,44.82
686.16,44.82
686.17,44.82
686.19,44.83
686.20,44.83
686.22,44.83
686.23,44.83
686.25,44.83
686.26,44.83
686.28,44.84
686.29,44.84
686.30,44.84
686.32,44.84
686.33,44.84
686.35,44.84
686.36,44.84
686.38,44.85
686.39,44.85
686.41,44.85
686.42,44.85
686.44,44.85
686.45,44.85
686.47,44.85
686.48,44.86
686.50,44.86
686.51,44.86
686.53,44.86
686.54,44.86
686.55,44.86
686.57,44.86
686.58,44.86
686.60,44.86
686.61,44.86
686.63,44.86
686.64,44.86
686.66,44.86
686.67,44.86
686.69,44.86
686.70,44.86
686.72,44.86
686.73,44.87
686.75,44.87
686.76,44.87
686.78,44.87
686.79,44.87
686.80,44.87
686.82,44.87
686.83,44.87
686.85,44.87
686.86,44.87
686.88,44.87
686.89,44.87
686.91,44.87
686.92,44.87
686.94,44.87
686.95,44.87
686.97,44.87
686.98,44.87
687.00,44.88
687.01,44.88
687.03,44.88
687.04,44.88
687.06,44.88
687.07,44.88
687.08,44.88
687.10,44.88
687.11,44.88
687.13,44.88
687.14,44.88
687.16,44.88
687.17,44.88
687.19,44.88
687.20,44.88
687.22,44.88
687.23,44.88
687.25,44.88
687.26,44.89
687.28,44.89
687.29,44.89
687.31,44.89
687.32,44.89
687.33,44.89
687.35,44.89
687.36,44.89
687.38,44.88
687.39,44.88
687.41,44.88
687.42,44.88
687.44,44.88
687.45,44.88
687.47,44.88
687.48,44.88
687.50,44.88
687.51,44.88
687.53,44.87
687.54,44.87
687.56,44.87
687.57,44.87
687.58,44.87
687.60,44.87
687.61,44.87
687.63,44.87
687.64,44.87
687.66,44.86
687.67,44.86
687.69,44.86
687.70,44.86
687.72,44.86
687.73,44.86
687.75,44.86
687.76,44.86
687.78,44.86
687.79,44.86
687.81,44.85
687.82,44.85
687.83,44.85
687.85,44.85
687.86,44.85
687.88,44.85
687.89,44.85
687.91,44.85
687.92,44.85
687.94,44.85
687.95,44.84
687.97,44.84
687.98,44.84
688.00,44.84
688.01,44.84
688.03,44.84
688.04,44.84
688.06,44.84
688.07,44.84
688.08,44.84
688.10,44.83
688.11,44.83
688.13,44.83
688.14,44.83
688.16,44.83
688.17,44.83
688.19,44.83
688.20,44.83
688.22,44.83
688.23,44.83
688.25,44.82
688.26,44.82
688.28,44.82
688.29,44.82
688.31,44.82
688.32,44.82
688.33,44.82
688.35,44.82
688.36,44.82
688.38,44.82
688.39,44.81
688.41,44.81
688.42,44.81
688.44,44.81
688.45,44.81
688.47,44.81
688.48,44.81
688.50,44.81
688.51,44.81
688.53,44.81
688.54,44.80
688.56,44.80
688.57,44.80
688.59,44.80
688.60,44.80
688.61,44.80
688.63,44.80
688.64,44.80
688.66,44.80
688.67,44.80
688.69,44.79
688.70,44.79
688.72,44.79
688.73,44.79
688.75,44.79
688.76,44.79
688.78,44.79
688.79,44.79
688.81,44.79
688.82,44.79
688.84,44.78
688.85,44.78
688.86,44.78
688.88,44.78
688.89,44.78
688.91,44.78
688.92,44.78
688.94,44.78
688.95,44.78
688.97,44.78
688.98,44.77
689.00,44.77
689.01,44.77
689.03,44.77
689.04,44.77
689.06,44.77
689.07,44.77
689.09,44.77
689.10,44.77
689.11,44.77
689.13,44.77
689.14,44.77
689.16,44.77
689.17,44.77
689.19,44.77
689.20,44.77
689.22,44.77
689.23,44.77
689.25,44.77
689.26,44.77
689.28,44.77
689.29,44.77
689.31,44.77
689.32,44.77
689.34,44.77
689.35,44.77
689.36,44.76
689.38,44.76
689.39,44.76
689.41,44.76
689.42,44.76
689.44,44.76
689.45,44.76
689.47,44.76
689.48,44.76
689.50,44.76
689.51,44.76
689.53,44.76
689.54,44.76
689.56,44.76
689.57,44.76
689.59,44.76
689.60,44.76
689.61,44.76
689.63,44.76
689.64,44.76
689.66,44.76
689.67,44.76
689.69,44.76
689.70,44.76
689.72,44.76
689.73,44.76
689.75,44.76
689.76,44.76
689.78,44.76
689.79,44.76
689.81,44.76
689.82,44.76
689.84,44.76
689.85,44.76
689.86,44.76
689.88,44.76
689.89,44.76
689.91,44.76
689.92,44.76
689.94,44.76
689.95,44.76
689.97,44.76
689.98,44.76
690.00,44.76
690.01,44.76
690.03,44.76
690.04,44.76
690.06,44.76
690.07,44.76
690.09,44.76
690.10,44.76
690.12,44.76
690.13,44.76
690.14,44.76
690.16,44.76
690.17,44.76
690.19,44.75
690.20,44.75
690.22,44.75
690.23,44.75
690.25,44.75
690.26,44.75
690.28,44.75
690.29,44.75
690.31,44.75
690.32,44.75
690.34,44.75
690.35,44.75
690.37,44.75
690.38,44.75
690.39,44.76
690.41,44.76
690.42,44.76
690.44,44.76
690.45,44.76
690.47,44.76
690.48,44.76
690.50,44.77
690.51,44.77
690.53,44.77
690.54,44.77
690.56,44.77
690.57,44.77
690.59,44.77
690.60,44.78
690.62,44.78
690.63,44.78
690.64,44.78
690.66,44.78
690.67,44.78
690.69,44.79
690.70,44.79
690.72,44.79
690.73,44.79
690.75,44.79
690.76,44.79
690.78,44.79
690.79,44.80
690.81,44.80
690.82,44.80
690.84,44.80
690.85,44.80
690.87,44.80
690.88,44.80
690.89,44.81
690.91,44.81
690.92,44.81
690.94,44.81
690.95,44.81
690.97,44.81
690.98,44.82
691.00,44.82
691.01,44.82
691.03,44.82
691.04,44.82
691.06,44.82
691.07,44.82
691.09,44.83
691.10,44.83
691.12,44.83
691.13,44.83
691.14,44.83
691.16,44.83
691.17,44.83
691.19,44.84
691.20,44.84
691.22,44.84
691.23,44.84
691.25,44.84
691.26,44.84
691.28,44.85
691.29,44.85
691.31,44.85
691.32,44.85
691.34,44.85
691.35,44.85
691.37,44.85
691.38,44.86
691.39,44.86
691.41,44.86
691.42,44.86
691.44,44.86
691.45,44.86
691.47,44.86
691.48,44.87
691.50,44.87
691.51,44.87
691.53,44.87
691.54,44.87
691.56,44.87
691.57,44.87
691.59,44.88
691.60,44.88
691.62,44.88
691.63,44.88
691.65,44.88
691.66,44.88
691.67,44.89
691.69,44.89
691.70,44.89
691.72,44.89
691.73,44.89
691.75,44.89
691.76,44.89
691.78,44.90
691.79,44.90
691.81,44.90
691.82,44.90
691.84,44.90
691.85,44.90
691.87,44.90
691.88,44.90
691.90,44.90
691.91,44.90
691.92,44.90
691.94,44.91
691.95,44.91
691.97,44.91
691.98,44.91
692.00,44.91
692.01,44.91
692.03,44.90
692.04,44.90
692.06,44.90
692.07,44.90
692.09,44.90
692.10,44.90
692.12,44.90
692.13,44.90
692.15,44.90
692.16,44.89
692.17,44.89
692.19,44.89
692.20,44.89
692.22,44.89
692.23,44.89
692.25,44.89
692.26,44.89
692.28,44.89
692.29,44.89
692.31,44.88
692.32,44.88
692.34,44.88
692.35,44.88
692.37,44.88
692.38,44.88
692.40,44.88
692.41,44.88
692.42,44.88
692.44,44.88
692.45,44.87
692.47,44.87
692.48,44.87
692.50,44.87
692.51,44.87
692.53,44.87
692.54,44.87
692.56,44.87
692.57,44.87
692.59,44.87
692.60,44.86
692.62,44.86
692.63,44.86
692.65,44.86
692.66,44.86
692.67,44.86
692.69,44.86
692.70,44.86
692.72,44.86
692.73,44.86
692.75,44.85
692.76,44.85
692.78,44.85
692.79,44.85
692.81,44.85
692.82,44.85
692.84,44.85
692.85,44.85
692.87,44.85
692.88,44.85
692.90,44.85
692.91,44.85
692.92,44.85
692.94,44.85
692.95,44.85
692.97,44.85
692.98,44.84
693.00,44.84
693.01,44.84
693.03,44.84
693.04,44.84
693.06,44.84
693.07,44.84
693.09,44.84
693.10,44.84
693.12,44.84
693.13,44.84
693.15,44.84
693.16,44.84
693.17,44.84
693.19,44.84
693.20,44.84
693.22,44.84
693.23,44.84
693.25,44.84
693.26,44.84
693.28,44.84
693.29,44.84
693.31,44.84
693.32,44.84
693.34,44.84
693.35,44.84
693.37,44.84
693.38,44.84
693.40,44.84
693.41,44.84
693.43,44.84
693.44,44.84
693.45,44.84
693.47,44.84
693.48,44.84
693.50,44.84
693.51,44.84
693.53,44.84
693.54,44.84
693.56,44.83
693.57,44.83
693.59,44.84
693.60,44.84
693.62,44.84
693.63,44.84
693.65,44.84
693.66,44.84
693.68,44.84
693.69,44.85
693.70,44.85
693.72,44.85
693.73,44.85
693.75,44.85
693.76,44.85
693.78,44.85
693.79,44.86
693.81,44.86
693.82,44.86
693.84,44.86
693.85,44.86
693.87,44.86
693.88,44.87
693.90,44.87
693.91,44.87
693.93,44.87
693.94,44.87
693.95,44.87
693.97,44.87
693.98,44.88
694.00,44.88
694.01,44.88
694.03,44.88
694.04,44.88
694.06,44.88
694.07,44.88
694.09,44.89
694.10,44.89
694.12,44.89
694.13,44.89
694.15,44.89
694.16,44.89
694.18,44.89
694.19,44.89
694.20,44.89
694.22,44.89
694.23,44.89
694.25,44.89
694.26,44.89
694.28,44.89
694.29,44.89
694.31,44.89
694.32,44.89
694.34,44.89
694.35,44.89
694.37,44.89
694.38,44.89
694.40,44.89
694.41,44.89
694.43,44.89
694.44,44.89
694.45,44.89
694.47,44.89
694.48,44.89
694.50,44.89
694.51,44.89
694.53,44.89
694.54,44.89
694.56,44.89
694.57,44.89
694.59,44.89
694.60,44.89
694.62,44.89
694.63,44.89
694.65,44.89
694.66,44.89
694.68,44.89
694.69,44.89
694.70,44.89
694.72,44.89
694.73,44.89
694.75,44.88
694.76,44.88
694.78,44.88
694.79,44.88
694.81,44.88
694.82,44.88
694.84,44.88
694.85,44.88
694.87,44.88
694.88,44.88
694.90,44.87
694.91,44.87
694.93,44.87
694.94,44.87
694.96,44.87
694.97,44.87
694.98,44.87
695.00,44.87
695.01,44.87
695.03,44.87
695.04,44.86
695.06,44.86
695.07,44.86
695.09,44.86
695.10,44.86
695.12,44.86
695.13,44.86
695.15,44.86
695.16,44.86
695.18,44.87
695.19,44.87
695.21,44.87
695.22,44.87
695.23,44.87
695.25,44.87
695.26,44.87
695.28,44.88
695.29,44.88
695.31,44.88
695.32,44.88
695.34,44.88
695.35,44.88
695.37,44.88
695.38,44.89
695.40,44.89
695.41,44.89
695.43,44.89
695.44,44.89
695.46,44.89
695.47,44.88
695.48,44.88
695.50,44.88
695.51,44.88
695.53,44.88
695.54,44.88
695.56,44.88
695.57,44.88
695.59,44.88
695.60,44.88
695.62,44.88
695.63,44.88
695.65,44.88
695.66,44.88
695.68,44.88
695.69,44.88
695.71,44.88
695.72,44.88
695.73,44.88
695.75,44.88
695.76,44.88
695.78,44.88
695.79,44.88
695.81,44.88
695.82,44.88
695.84,44.88
695.85,44.88
695.87,44.88
695.88,44.87
695.90,44.87
695.91,44.87
695.93,44.87
695.94,44.87
695.96,44.87
695.97,44.87
695.98,44.87
696.00,44.87
696.01,44.87
696.03,44.86
696.04,44.86
696.06,44.86
696.07,44.86
696.09,44.86
696.10,44.86
696.12,44.86
696.13,44.86
696.15,44.86
696.16,44.87
696.18,44.87
696.19,44.87
696.21,44.87
696.22,44.87
696.23,44.87
696.25,44.87
696.26,44.88
696.28,44.88
696.29,44.88
696.31,44.88
696.32,44.88
696.34,44.88
696.35,44.89
696.37,44.89
696.38,44.89
696.40,44.89
696.41,44.89
696.43,44.89
696.44,44.89
696.46,44.90
696.47,44.90
696.49,44.90
696.50,44.90
696.51,44.90
696.53,44.90
696.54,44.90
696.56,44.91
696.57,44.91
696.59,44.91
696.60,44.91
696.62,44.91
696.63,44.91
696.65,44.91
696.66,44.91
696.68,44.91
696.69,44.91
696.71,44.91
696.72,44.91
696.74,44.91
696.75,44.91
696.76,44.91
696.78,44.91
696.79,44.91
696.81,44.91
696.82,44.91
696.84,44.91
696.85,44.91
696.87,44.91
696.88,44.91
696.90,44.91
696.91,44.91
696.93,44.91
696.94,44.91
696.96,44.91
696.97,44.91
696.99,44.91
697.00,44.91
697.01,44.91
697.03,44.90
697.04,44.90
697.06,44.90
697.07,44.90
697.09,44.90
697.10,44.90
697.12,44.90
697.13,44.90
697.15,44.90
697.16,44.90
697.18,44.89
697.19,44.89
697.21,44.89
697.22,44.89
697.24,44.89
697.25,44.89
697.26,44.89
697.28,44.89
697.29,44.89
697.31,44.89
697.32,44.88
697.34,44.88
697.35,44.88
697.37,44.88
697.38,44.88
697.40,44.88
697.41,44.89
697.43,44.89
697.44,44.89
697.46,44.89
697.47,44.89
697.49,44.89
697.50,44.90
697.51,44.90
697.53,44.90
697.54,44.90
697.56,44.90
697.57,44.90
697.59,44.90
697.60,44.91
697.62,44.91
697.63,44.91
697.65,44.91
697.66,44.91
697.68,44.91
697.69,44.91
697.71,44.92
697.72,44.92
697.74,44.92
697.75,44.92
697.76,44.92
697.78,44.92
697.79,44.92
697.81,44.93
697.82,44.93
697.84,44.93
697.85,44.93
697.87,44.93
697.88,44.93
697.90,44.94
697.91,44.94
697.93,44.94
697.94,44.94
697.96,44.94
697.97,44.94
697.99,44.94
698.00,44.94
698.02,44.94
698.03,44.95
698.04,44.95
698.06,44.95
698.07,44.95
698.09,44.95
698.10,44.95
698.12,44.95
698.13,44.95
698.15,44.95
698.16,44.95
698.18,44.95
698.19,44.95
698.21,44.95
698.22,44.95
698.24,44.95
698.25,44.95
698.27,44.95
698.28,44.95
698.29,44.96
698.31,44.96
698.32,44.96
698.34,44.96
698.35,44.96
698.37,44.96
698.38,44.96
698.40,44.96
698.41,44.96
698.43,44.96
698.44,44.96
698.46,44.96
698.47,44.96
698.49,44.96
698.50,44.96
698.52,44.96
698.53,44.96
698.54,44.96
698.56,44.97
698.57,44.97
698.59,44.97
698.60,44.97
698.62,44.97
698.63,44.97
698.65,44.97
698.66,44.97
698.68,44.97
698.69,44.97
698.71,44.97
698.72,44.97
698.74,44.97
698.75,44.97
698.77,44.97
698.78,44.97
698.79,44.96
698.81,44.96
698.82,44.96
698.84,44.96
698.85,44.96
698.87,44.96
698.88,44.96
698.90,44.96
698.91,44.96
698.93,44.96
698.94,44.95
698.96,44.95
698.97,44.95
698.99,44.95
699.00,44.95
699.02,44.95
699.03,44.95
699.04,44.95
699.06,44.95
699.07,44.95
699.09,44.94
699.10,44.94
699.12,44.94
699.13,44.94
699.15,44.94
699.16,44.94
699.18,44.94
699.19,44.94
699.21,44.94
699.22,44.94
699.24,44.93
699.25,44.93
699.27,44.93
699.28,44.93
699.29,44.93
699.31,44.93
699.32,44.93
699.34,44.93
699.35,44.93
699.37,44.93
699.38,44.92
699.40,44.92
699.41,44.92
699.43,44.92
699.44,44.92
699.46,44.92
699.47,44.92
699.49,44.92
699.50,44.92
699.52,44.91
699.53,44.91
699.55,44.91
699.56,44.91
699.57,44.91
699.59,44.91
699.60,44.91
699.62,44.91
699.63,44.91
699.65,44.91
699.66,44.90
699.68,44.90
699.69,44.90
699.71,44.90
699.72,44.90
699.74,44.90
699.75,44.90
699.77,44.90
699.78,44.90
699.80,44.90
699.81,44.89
699.82,44.89
699.84,44.89
699.85,44.89
699.87,44.89
699.88,44.89
699.90,44.89
699.91,44.89
699.93,44.89
699.94,44.89
699.96,44.88
699.97,44.88
699.99,44.88
700.00,44.88
700.02,44.88
700.03,44.88
700.05,44.88
700.06,44.88
700.07,44.88
700.09,44.88
700.10,44.87
700.12,44.87
700.13,44.87
700.15,44.87
700.16,44.87
700.18,44.87
700.19,44.87
700.21,44.87
700.22,44.87
700.24,44.87
700.25,44.86
700.27,44.86
700.28,44.86
700.30,44.86
700.31,44.86
700.32,44.86
700.34,44.86
700.35,44.86
700.37,44.86
700.38,44.86
700.40,44.85
700.41,44.85
700.43,44.85
700.44,44.85
700.46,44.85
700.47,44.85
700.49,44.85
700.50,44.85
700.52,44.85
700.53,44.85
700.55,44.84
700.56,44.84
700.57,44.84
700.59,44.84
700.60,44.84
700.62,44.84
700.63,44.84
700.65,44.84
700.66,44.84
700.68,44.83
700.69,44.83
700.71,44.83
700.72,44.83
700.74,44.83
700.75,44.83
700.77,44.83
700.78,44.83
700.80,44.83
700.81,44.83
700.82,44.82
700.84,44.82
700.85,44.82
700.87,44.82
700.88,44.82
700.90,44.82
700.91,44.82
700.93,44.82
700.94,44.82
700.96,44.82
700.97,44.81
700.99,44.81
701.00,44.81
701.02,44.81
701.03,44.81
701.05,44.81
701.06,44.81
701.08,44.81
701.09,44.81
701.10,44.81
701.12,44.80
701.13,44.80
701.15,44.80
701.16,44.80
701.18,44.80
701.19,44.80
701.21,44.80
701.22,44.80
701.24,44.80
701.25,44.80
701.27,44.79
701.28,44.79
701.30,44.79
701.31,44.79
701.33,44.79
701.34,44.79
701.35,44.79
701.37,44.79
701.38,44.79
701.40,44.79
701.41,44.78
701.43,44.78
701.44,44.78
701.46,44.78
701.47,44.78
701.49,44.78
701.50,44.78
701.52,44.78
701.53,44.78
701.55,44.78
701.56,44.77
701.58,44.77
701.59,44.77
701.60,44.77
701.62,44.77
701.63,44.77
701.65,44.77
701.66,44.77
701.68,44.77
701.69,44.77
701.71,44.76
701.72,44.76
701.74,44.76
701.75,44.76
701.77,44.76
701.78,44.76
701.80,44.76
701.81,44.76
701.83,44.76
701.84,44.76
701.85,44.75
701.87,44.75
701.88,44.75
701.90,44.75
701.91,44.75
701.93,44.75
701.94,44.75
701.96,44.75
701.97,44.75
701.99,44.75
702.00,44.74
702.02,44.74
702.03,44.74
702.05,44.74
702.06,44.74
702.08,44.74
702.09,44.74
702.10,44.74
702.12,44.74
702.13,44.74
702.15,44.73
702.16,44.73
702.18,44.73
702.19,44.73
702.21,44.73
702.22,44.73
702.24,44.73
702.25,44.73
702.27,44.73
702.28,44.73
702.30,44.72
702.31,44.72
702.33,44.72
702.34,44.72
702.35,44.72
702.37,44.72
702.38,44.72
702.40,44.72
702.41,44.72
702.43,44.72
702.44,44.71
702.46,44.71
702.47,44.71
702.49,44.71
702.50,44.71
702.52,44.71
702.53,44.71
702.55,44.71
702.56,44.71
702.58,44.71
702.59,44.70
702.61,44.70
702.62,44.70
702.63,44.70
702.65,44.70
702.66,44.70
702.68,44.70
702.69,44.70
702.71,44.70
702.72,44.70
702.74,44.69
702.75,44.69
702.77,44.69
702.78,44.69
702.80,44.69
702.81,44.69
702.83,44.69
702.84,44.69
702.86,44.69
702.87,44.69
702.88,44.68
702.90,44.68
702.91,44.68
702.93,44.68
702.94,44.68
702.96,44.68
702.97,44.68
702.99,44.68
703.00,44.68
703.02,44.68
703.03,44.67
703.05,44.67
703.06,44.67
703.08,44.67
703.09,44.67
703.11,44.67
703.12,44.67
703.13,44.67
703.15,44.67
703.16,44.67
703.18,44.67
703.19,44.66
703.21,44.66
703.22,44.66
703.24,44.66
703.25,44.66
703.27,44.66
703.28,44.66
703.30,44.66
703.31,44.66
703.33,44.66
703.34,44.65
703.36,44.65
703.37,44.65
703.38,44.65
703.40,44.65
703.41,44.65
703.43,44.65
703.44,44.65
703.46,44.65
703.47,44.65
703.49,44.64
703.50,44.64
703.52,44.64
703.53,44.64
703.55,44.64
703.56,44.64
703.58,44.64
703.59,44.64
703.61,44.64
703.62,44.64
703.63,44.63
703.65,44.63
703.66,44.63
703.68,44.63
703.69,44.63
703.71,44.63
703.72,44.63
703.74,44.63
703.75,44.63
703.77,44.63
703.78,44.62
703.80,44.62
703.81,44.62
703.83,44.62
703.84,44.62
703.86,44.62
703.87,44.62
703.88,44.62
703.90,44.62
703.91,44.62
703.93,44.61
703.94,44.61
703.96,44.61
703.97,44.61
703.99,44.61
704.00,44.61
704.02,44.61
704.03,44.61
704.05,44.61
704.06,44.61
704.08,44.61
704.09,44.61
704.11,44.61
704.12,44.61
704.14,44.61
704.15,44.61
704.16,44.61
704.18,44.61
704.19,44.60
704.21,44.60
704.22,44.60
704.24,44.60
704.25,44.60
704.27,44.60
704.28,44.60
704.30,44.60
704.31,44.60
704.33,44.60
704.34,44.60
704.36,44.59
704.37,44.59
704.39,44.59
704.40,44.59
704.41,44.59
704.43,44.59
704.44,44.59
704.46,44.59
704.47,44.59
704.49,44.59
704.50,44.58
704.52,44.58
704.53,44.58
704.55,44.58
704.56,44.58
704.58,44.58
704.59,44.58
704.61,44.58
704.62,44.58
704.64,44.58
704.65,44.58
704.66,44.58
704.68,44.58
704.69,44.58
704.71,44.58
704.72,44.58
704.74,44.58
704.75,44.58
704.77,44.58
704.78,44.58
704.80,44.58
704.81,44.58
704.83,44.58
704.84,44.58
704.86,44.58
704.87,44.58
704.89,44.58
704.90,44.58
704.91,44.58
704.93,44.58
704.94,44.58
704.96,44.58
704.97,44.58
704.99,44.58
705.00,44.58
705.02,44.58
705.03,44.58
705.05,44.58
705.06,44.58
705.08,44.58
705.09,44.58
705.11,44.58
705.12,44.57
705.14,44.57
705.15,44.57
705.16,44.57
705.18,44.57
705.19,44.57
705.21,44.57
705.22,44.57
705.24,44.57
705.25,44.57
705.27,44.57
705.28,44.57
705.30,44.57
705.31,44.57
705.33,44.57
705.34,44.57
705.36,44.57
705.37,44.57
705.39,44.57
705.40,44.57
705.41,44.57
705.43,44.57
705.44,44.57
705.46,44.57
705.47,44.57
705.49,44.57
705.50,44.57
705.52,44.57
705.53,44.57
705.55,44.57
705.56,44.57
705.58,44.57
705.59,44.57
705.61,44.57
705.62,44.57
705.64,44.57
705.65,44.57
705.67,44.57
705.68,44.57
705.69,44.57
705.71,44.57
705.72,44.57
705.74,44.57
705.75,44.57
705.77,44.57
705.78,44.56
705.80,44.56
705.81,44.56
705.83,44.56
705.84,44.56
705.86,44.56
705.87,44.56
705.89,44.56
705.90,44.56
705.92,44.56
705.93,44.55
705.94,44.55
705.96,44.55
705.97,44.55
705.99,44.55
706.00,44.55
706.02,44.55
706.03,44.55
706.05,44.55
706.06,44.55
706.08,44.55
706.09,44.54
706.11,44.54
706.12,44.54
706.14,44.54
706.15,44.54
706.17,44.54
706.18,44.54
706.19,44.54
706.21,44.54
706.22,44.54
706.24,44.54
706.25,44.55
706.27,44.55
706.28,44.55
706.30,44.55
706.31,44.55
706.33,44.55
706.34,44.56
706.36,44.56
706.37,44.56
706.39,44.56
706.40,44.56
706.42,44.56
706.43,44.56
706.44,44.57
706.46,44.57
706.47,44.57
706.49,44.57
706.50,44.57
706.52,44.57
706.53,44.58
706.55,44.58
706.56,44.58
706.58,44.58
706.59,44.58
706.61,44.58
706.62,44.58
706.64,44.59
706.65,44.59
706.67,44.59
706.68,44.59
706.69,44.59
706.71,44.59
706.72,44.60
706.74,44.60
706.75,44.60
706.77,44.60
706.78,44.60
706.80,44.60
706.81,44.60
706.83,44.61
706.84,44.61
706.86,44.61
706.87,44.61
706.89,44.61
706.90,44.61
706.92,44.62
706.93,44.62
706.94,44.62
706.96,44.62
706.97,44.62
706.99,44.62
707.00,44.62
707.02,44.63
707.03,44.63
707.05,44.63
707.06,44.63
707.08,44.63
707.09,44.63
707.11,44.63
707.12,44.64
707.14,44.64
707.15,44.64
707.17,44.64
707.18,44.64
707.20,44.64
707.21,44.65
707.22,44.65
707.24,44.65
707.25,44.65
707.27,44.65
707.28,44.65
707.30,44.65
707.31,44.66
707.33,44.66
707.34,44.66
707.36,44.66
707.37,44.66
707.39,44.66
707.40,44.67
707.42,44.67
707.43,44.67
707.45,44.67
707.46,44.67
707.47,44.67
707.49,44.67
707.50,44.68
707.52,44.68
707.53,44.68
707.55,44.68
707.56,44.68
707.58,44.68
707.59,44.68
707.61,44.69
707.62,44.69
707.64,44.69
707.65,44.69
707.67,44.69
707.68,44.69
707.70,44.70
707.71,44.70
707.72,44.70
707.74,44.70
707.75,44.70
707.77,44.70
707.78,44.69
707.80,44.69
707.81,44.69
707.83,44.69
707.84,44.69
707.86,44.69
707.87,44.69
707.89,44.69
707.90,44.69
707.92,44.69
707.93,44.68
707.95,44.68
707.96,44.68
707.97,44.68
707.99,44.68
708.00,44.68
708.02,44.68
708.03,44.68
708.05,44.68
708.06,44.68
708.08,44.67
708.09,44.67
708.11,44.67
708.12,44.67
708.14,44.67
708.15,44.67
708.17,44.67
708.18,44.67
708.20,44.67
708.21,44.67
708.22,44.66
708.24,44.66
708.25,44.66
708.27,44.66
708.28,44.66
708.30,44.66
708.31,44.66
708.33,44.66
708.34,44.66
708.36,44.66
708.37,44.65
708.39,44.65
708.40,44.65
708.42,44.65
708.43,44.65
708.45,44.65
708.46,44.65
708.47,44.65
708.49,44.65
708.50,44.65
708.52,44.64
708.53,44.64
708.55,44.64
708.56,44.64
708.58,44.64
708.59,44.64
708.61,44.64
708.62,44.64
708.64,44.64
708.65,44.64
708.67,44.64
708.68,44.63
708.70,44.63
708.71,44.63
708.73,44.63
708.74,44.63
708.75,44.63
708.77,44.63
708.78,44.63
708.80,44.63
708.81,44.63
708.83,44.62
708.84,44.62
708.86,44.62
708.87,44.62
708.89,44.62
708.90,44.62
708.92,44.62
708.93,44.62
708.95,44.62
708.96,44.62
708.98,44.61
708.99,44.61
709.00,44.61
709.02,44.61
709.03,44.61
709.05,44.61
709.06,44.61
709.08,44.61
709.09,44.61
709.11,44.61
709.12,44.60
709.14,44.60
709.15,44.60
709.17,44.60
709.18,44.60
709.20,44.60
709.21,44.60
709.23,44.60
709.24,44.60
709.25,44.60
709.27,44.59
709.28,44.59
709.30,44.59
709.31,44.59
709.33,44.59
709.34,44.59
709.36,44.59
709.37,44.59
709.39,44.59
709.40,44.59
709.42,44.58
709.43,44.58
709.45,44.58
709.46,44.58
709.48,44.58
709.49,44.58
709.50,44.58
709.52,44.58
709.53,44.58
709.55,44.58
709.56,44.58
709.58,44.57
709.59,44.57
709.61,44.57
709.62,44.57
709.64,44.57
709.65,44.57
709.67,44.57
709.68,44.57
709.70,44.57
709.71,44.57
709.73,44.56
709.74,44.56
709.75,44.56
709.77,44.56
709.78,44.56
709.80,44.56
709.81,44.56
709.83,44.56
709.84,44.56
709.86,44.56
709.87,44.55
709.89,44.55
709.90,44.55
709.92,44.55
709.93,44.55
709.95,44.55
709.96,44.55
709.98,44.55
709.99,44.55
710.00,44.55
710.02,44.54
710.03,44.54
710.05,44.54
710.06,44.54
710.08,44.54
710.09,44.54
710.11,44.54
710.12,44.54
710.14,44.54
710.15,44.54
710.17,44.53
710.18,44.53
710.20,44.53
710.21,44.53
710.23,44.53
710.24,44.53
710.26,44.53
710.27,44.53
710.28,44.53
710.30,44.53
710.31,44.53
710.33,44.52
710.34,44.52
710.36,44.52
710.37,44.52
710.39,44.52
710.40,44.52
710.42,44.52
710.43,44.52
710.45,44.52
710.46,44.52
710.48,44.51
710.49,44.51
710.51,44.51
710.52,44.51
710.53,44.51
710.55,44.51
710.56,44.51
710.58,44.51
710.59,44.51
710.61,44.51
710.62,44.50
710.64,44.50
710.65,44.50
710.67,44.50
710.68,44.50
710.70,44.50
710.71,44.50
710.73,44.50
710.74,44.50
710.76,44.50
710.77,44.49
710.78,44.49
710.80,44.49
710.81,44.49
710.83,44.49
710.84,44.49
710.86,44.49
710.87,44.49
710.89,44.49
710.90,44.49
710.92,44.49
710.93,44.48
710.95,44.48
710.96,44.48
710.98,44.48
710.99,44.48
711.01,44.48
711.02,44.48
711.03,44.48
711.05,44.48
711.06,44.48
711.08,44.47
711.09,44.47
711.11,44.47
711.12,44.47
711.14,44.47
711.15,44.47
711.17,44.47
711.18,44.47
711.20,44.47
711.21,44.47
711.23,44.46
711.24,44.46
711.26,44.46
711.27,44.46
711.28,44.46
711.30,44.46
711.31,44.46
711.33,44.46
711.34,44.46
711.36,44.46
711.37,44.46
711.39,44.45
711.40,44.45
711.42,44.45
711.43,44.45
711.45,44.45
711.46,44.45
711.48,44.45
711.49,44.45
711.51,44.45
711.52,44.45
711.53,44.44
711.55,44.44
711.56,44.44
711.58,44.44
711.59,44.44
711.61,44.44
711.62,44.44
711.64,44.44
711.65,44.44
711.67,44.44
711.68,44.44
711.70,44.44
711.71,44.44
711.73,44.44
711.74,44.44
711.76,44.44
711.77,44.44
711.79,44.44
711.80,44.44
711.81,44.44
711.83,44.44
711.84,44.44
711.86,44.44
711.87,44.44
711.89,44.44
711.90,44.44
711.92,44.44
711.93,44.43
711.95,44.43
711.96,44.43
711.98,44.43
711.99,44.43
712.01,44.43
712.02,44.43
712.04,44.43
712.05,44.43
712.06,44.43
712.08,44.43
712.09,44.43
712.11,44.43
712.12,44.43
712.14,44.43
712.15,44.43
712.17,44.43
712.18,44.43
712.20,44.43
712.21,44.43
712.23,44.43
712.24,44.43
712.26,44.43
712.27,44.43
712.29,44.43
712.30,44.43
712.31,44.43
712.33,44.43
712.34,44.43
712.36,44.43
712.37,44.43
712.39,44.43
712.40,44.43
712.42,44.43
712.43,44.43
712.45,44.43
712.46,44.43
712.48,44.43
712.49,44.43
712.51,44.43
712.52,44.43
712.54,44.43
712.55,44.42
712.56,44.42
712.58,44.43
712.59,44.43
712.61,44.43
712.62,44.43
712.64,44.43
712.65,44.43
712.67,44.43
712.68,44.44
712.70,44.44
712.71,44.44
712.73,44.44
712.74,44.44
712.76,44.44
712.77,44.45
712.79,44.45
712.80,44.45
712.81,44.45
712.83,44.45
712.84,44.45
712.86,44.45
712.87,44.46
712.89,44.46
712.90,44.46
712.92,44.46
712.93,44.46
712.95,44.46
712.96,44.47
712.98,44.47
712.99,44.47
713.01,44.47
713.02,44.47
713.04,44.47
713.05,44.47
713.06,44.48
713.08,44.48
713.09,44.48
713.11,44.48
713.12,44.48
713.14,44.48
713.15,44.49
713.17,44.49
713.18,44.49
713.20,44.49
713.21,44.49
713.23,44.49
713.24,44.49
713.26,44.50
713.27,44.50
713.29,44.50
713.30,44.50
713.31,44.50
713.33,44.50
713.34,44.51
713.36,44.51
713.37,44.51
713.39,44.51
713.40,44.51
713.42,44.51
713.43,44.51
713.45,44.52
713.46,44.52
713.48,44.52
713.49,44.52
713.51,44.52
713.52,44.52
713.54,44.53
713.55,44.53
713.57,44.53
713.58,44.53
713.59,44.53
713.61,44.53
713.62,44.53
713.64,44.53
713.65,44.53
713.67,44.53
713.68,44.53
713.70,44.53
713.71,44.53
713.73,44.53
713.74,44.52
713.76,44.52
713.77,44.52
713.79,44.52
713.80,44.52
713.82,44.52
713.83,44.52
713.84,44.52
713.86,44.52
713.87,44.52
713.89,44.51
713.90,44.51
713.92,44.51
713.93,44.51
713.95,44.51
713.96,44.51
713.98,44.51
713.99,44.51
714.01,44.51
714.02,44.51
714.04,44.51
714.05,44.50
714.07,44.50
714.08,44.50
714.09,44.50
714.11,44.50
714.12,44.50
714.14,44.50
714.15,44.50
714.17,44.50
714.18,44.50
714.20,44.50
714.21,44.50
714.23,44.50
714.24,44.50
714.26,44.50
714.27,44.50
714.29,44.50
714.30,44.50
714.32,44.50
714.33,44.50
714.34,44.50
714.36,44.50
714.37,44.50
714.39,44.50
714.40,44.50
714.42,44.50
714.43,44.50
714.45,44.50
714.46,44.50
714.48,44.50
714.49,44.50
714.51,44.50
714.52,44.50
714.54,44.50
714.55,44.50
714.57,44.50
714.58,44.50
714.59,44.50
714.61,44.50
714.62,44.50
714.64,44.50
714.65,44.50
714.67,44.50
714.68,44.50
714.70,44.50
714.71,44.50
714.73,44.50
714.74,44.50
714.76,44.50
714.77,44.50
714.79,44.50
714.80,44.50
714.82,44.50
714.83,44.50
714.84,44.50
714.86,44.50
714.87,44.50
714.89,44.50
714.90,44.50
714.92,44.50
714.93,44.49
714.95,44.49
714.96,44.49
714.98,44.49
714.99,44.49
715.01,44.49
715.02,44.49
715.04,44.49
715.05,44.49
715.07,44.50
715.08,44.50
715.10,44.50
715.11,44.50
715.12,44.50
715.14,44.50
715.15,44.51
715.17,44.51
715.18,44.51
715.20,44.51
715.21,44.51
715.23,44.51
715.24,44.51
715.26,44.52
715.27,44.52
715.29,44.52
715.30,44.52
715.32,44.52
715.33,44.52
715.35,44.53
715.36,44.53
715.37,44.53
715.39,44.53
715.40,44.53
715.42,44.53
715.43,44.53
715.45,44.54
715.46,44.54
715.48,44.54
715.49,44.54
715.51,44.54
715.52,44.54
715.54,44.55
715.55,44.55
715.57,44.55
715.58,44.55
715.60,44.55
715.61,44.55
715.62,44.55
715.64,44.55
715.65,44.54
715.67,44.54
715.68,44.54
715.70,44.54
715.71,44.54
715.73,44.55
715.74,44.55
715.76,44.55
715.77,44.55
715.79,44.55
715.80,44.55
715.82,44.56
715.83,44.56
715.85,44.56
715.86,44.56
715.87,44.56
715.89,44.56
715.90,44.56
715.92,44.57
715.93,44.57
715.95,44.57
715.96,44.57
715.98,44.57
715.99,44.57
716.01,44.58
716.02,44.58
716.04,44.58
716.05,44.58
716.07,44.58
716.08,44.58
716.10,44.58
716.11,44.59
716.12,44.59
716.14,44.59
716.15,44.59
716.17,44.59
716.18,44.59
716.20,44.60
716.21,44.60
716.23,44.60
716.24,44.60
716.26,44.60
716.27,44.60
716.29,44.60
716.30,44.61
716.32,44.61
716.33,44.61
716.35,44.61
716.36,44.61
716.37,44.61
716.39,44.61
716.40,44.62
716.42,44.62
716.43,44.62
716.45,44.62
716.46,44.62
716.48,44.62
716.49,44.63
716.51,44.63
716.52,44.63
716.54,44.63
716.55,44.63
716.57,44.63
716.58,44.63
716.60,44.64
716.61,44.64
716.63,44.64
716.64,44.64
716.65,44.64
716.67,44.64
716.68,44.65
716.70,44.65
716.71,44.65
716.73,44.65
716.74,44.65
716.76,44.65
716.77,44.65
716.79,44.66
716.80,44.66
716.82,44.65
716.83,44.65
716.85,44.65
716.86,44.65
716.88,44.65
716.89,44.65
716.90,44.65
716.92,44.65
716.93,44.65
716.95,44.65
716.96,44.64
716.98,44.64
716.99,44.64
717.01,44.64
717.02,44.64
717.04,44.64
717.05,44.64
717.07,44.64
717.08,44.64
717.10,44.64
717.11,44.63
717.13,44.63
717.14,44.63
717.15,44.63
717.17,44.63
717.18,44.63
717.20,44.63
717.21,44.63
717.23,44.63
717.24,44.63
717.26,44.62
717.27,44.62
717.29,44.62
717.30,44.62
717.32,44.62
717.33,44.62
717.35,44.62
717.36,44.62
717.38,44.62
717.39,44.62
717.40,44.61
717.42,44.61
717.43,44.61
717.45,44.61
717.46,44.61
717.48,44.61
717.49,44.61
717.51,44.61
717.52,44.61
717.54,44.61
717.55,44.60
717.57,44.60
717.58,44.60
717.60,44.60
717.61,44.60
717.63,44.60
717.64,44.60
717.65,44.60
717.67,44.60
717.68,44.60
717.70,44.59
717.71,44.59
717.73,44.59
717.74,44.59
717.76,44.59
717.77,44.59
717.79,44.59
717.80,44.59
717.82,44.59
717.83,44.59
717.85,44.58
717.86,44.58
717.88,44.58
717.89,44.58
717.90,44.58
717.92,44.58
717.93,44.58
717.95,44.58
717.96,44.58
717.98,44.58
717.99,44.58
718.01,44.58
718.02,44.57
718.04,44.57
718.05,44.57
718.07,44.57
718.08,44.57
718.10,44.57
718.11,44.57
718.13,44.57
718.14,44.57
718.16,44.57
718.17,44.57
718.18,44.57
718.20,44.57
718.21,44.57
718.23,44.57
718.24,44.57
718.26,44.57
718.27,44.57
718.29,44.57
718.30,44.57
718.32,44.57
718.33,44.57
718.35,44.57
718.36,44.57
718.38,44.57
718.39,44.57
718.41,44.57
718.42,44.57
718.43,44.57
718.45,44.57
718.46,44.57
718.48,44.57
718.49,44.57
718.51,44.57
718.52,44.57
718.54,44.57
718.55,44.57
718.57,44.57
718.58,44.57
718.60,44.57
718.61,44.57
718.63,44.57
718.64,44.57
718.66,44.57
718.67,44.57
718.68,44.57
718.70,44.57
718.71,44.57
718.73,44.57
718.74,44.57
718.76,44.57
718.77,44.57
718.79,44.57
718.80,44.57
718.82,44.57
718.83,44.57
718.85,44.56
718.86,44.56
718.88,44.56
718.89,44.56
718.91,44.56
718.92,44.56
718.93,44.56
718.95,44.56
718.96,44.56
718.98,44.56
718.99,44.56
719.01,44.55
719.02,44.55
719.04,44.55
719.05,44.55
719.07,44.55
719.08,44.55
719.10,44.55
719.11,44.55
719.13,44.55
719.14,44.55
719.16,44.54
719.17,44.54
719.18,44.54
719.20,44.54
719.21,44.54
719.23,44.54
719.24,44.54
719.26,44.54
719.27,44.54
719.29,44.55
719.30,44.55
719.32,44.55
719.33,44.55
719.35,44.55
719.36,44.55
719.38,44.56
719.39,44.56
719.41,44.56
719.42,44.56
719.43,44.56
719.45,44.56
719.46,44.56
719.48,44.57
719.49,44.57
719.51,44.57
719.52,44.57
719.54,44.57
719.55,44.57
719.57,44.58
719.58,44.58
719.60,44.58
719.61,44.58
719.63,44.58
719.64,44.58
719.66,44.58
719.67,44.59
719.69,44.59
719.70,44.59
719.71,44.59
719.73,44.59
719.74,44.59
719.76,44.59
719.77,44.60
719.79,44.60
719.80,44.60
719.82,44.60
719.83,44.60
719.85,44.60
719.86,44.61
719.88,44.61
719.89,44.61
719.91,44.61
719.92,44.61
719.94,44.61
719.95,44.61
719.96,44.62
719.98,44.62
719.99,44.62
720.01,44.62
720.02,44.62
720.04,44.62
720.05,44.63
720.07,44.63
720.08,44.63
720.10,44.63
720.11,44.63
720.13,44.63
720.14,44.63
720.16,44.64
720.17,44.64
720.19,44.64
720.20,44.64
720.21,44.64
720.23,44.64
720.24,44.65
720.26,44.65
720.27,44.65
720.29,44.65
720.30,44.65
720.32,44.65
720.33,44.65
720.35,44.66
720.36,44.66
720.38,44.66
720.39,44.66
720.41,44.66
720.42,44.66
720.44,44.67
720.45,44.67
720.46,44.67
720.48,44.67
720.49,44.67
720.51,44.67
720.52,44.67
720.54,44.68
720.55,44.68
720.57,44.68
720.58,44.68
720.60,44.68
720.61,44.68
720.63,44.68
720.64,44.68
720.66,44.68
720.67,44.68
720.69,44.68
720.70,44.67
720.71,44.67
720.73,44.67
720.74,44.67
720.76,44.67
720.77,44.67
720.79,44.67
720.80,44.67
720.82,44.67
720.83,44.67
720.85,44.66
720.86,44.66
720.88,44.66
720.89,44.66
720.91,44.66
720.92,44.66
720.94,44.66
720.95,44.66
720.96,44.66
720.98,44.66
720.99,44.66
721.01,44.65
721.02,44.65
721.04,44.65
721.05,44.65
721.07,44.65
721.08,44.65
721.10,44.65
721.11,44.65
721.13,44.65
721.14,44.65
721.16,44.64
721.17,44.64
721.19,44.64
721.20,44.64
721.22,44.64
721.23,44.64
721.24,44.64
721.26,44.64
721.27,44.64
721.29,44.64
721.30,44.63
721.32,44.63
721.33,44.63
721.35,44.63
721.36,44.63
721.38,44.63
721.39,44.63
721.41,44.63
721.42,44.63
721.44,44.63
721.45,44.62
721.47,44.62
721.48,44.62
721.49,44.62
721.51,44.62
721.52,44.62
721.54,44.62
721.55,44.62
721.57,44.62
721.58,44.62
721.60,44.61
721.61,44.61
721.63,44.61
721.64,44.61
721.66,44.61
721.67,44.61
721.69,44.61
721.70,44.61
721.72,44.61
721.73,44.61
721.74,44.60
721.76,44.60
721.77,44.60
721.79,44.60
721.80,44.60
721.82,44.60
721.83,44.60
721.85,44.60
721.86,44.60
721.88,44.60
721.89,44.59
721.91,44.59
721.92,44.59
721.94,44.59
721.95,44.59
721.97,44.59
721.98,44.59
721.99,44.59
722.01,44.59
722.02,44.59
722.04,44.59
722.05,44.58
722.07,44.58
722.08,44.58
722.10,44.58
722.11,44.58
722.13,44.58
722.14,44.58
722.16,44.58
722.17,44.58
722.19,44.58
722.20,44.58
722.22,44.58
722.23,44.58
722.24,44.58
722.26,44.58
722.27,44.58
722.29,44.58
722.30,44.58
722.32,44.58
722.33,44.58
722.35,44.58
722.36,44.58
722.38,44.58
722.39,44.58
722.41,44.58
722.42,44.58
722.44,44.58
722.45,44.58
722.47,44.58
722.48,44.58
722.49,44.58
722.51,44.58
722.52,44.58
722.54,44.58
722.55,44.58
722.57,44.58
722.58,44.58
722.60,44.58
722.61,44.58
722.63,44.57
722.64,44.57
722.66,44.57
722.67,44.57
722.69,44.57
722.70,44.57
722.72,44.57
722.73,44.57
722.75,44.57
722.76,44.57
722.77,44.57
722.79,44.57
722.80,44.57
722.82,44.57
722.83,44.57
722.85,44.57
722.86,44.57
722.88,44.57
722.89,44.57
722.91,44.57
722.92,44.57
722.94,44.57
722.95,44.57
722.97,44.57
722.98,44.57
723.00,44.57
723.01,44.57
723.02,44.57
723.04,44.57
723.05,44.57
723.07,44.57
723.08,44.57
723.10,44.57
723.11,44.57
723.13,44.57
723.14,44.57
723.16,44.57
723.17,44.57
723.19,44.57
723.20,44.57
723.22,44.56
723.23,44.56
723.25,44.56
723.26,44.56
723.27,44.56
723.29,44.56
723.30,44.56
723.32,44.56
723.33,44.56
723.35,44.57
723.36,44.57
723.38,44.57
723.39,44.57
723.41,44.57
723.42,44.57
723.44,44.58
723.45,44.58
723.47,44.58
723.48,44.58
723.50,44.58
723.51,44.58
723.52,44.58
723.54,44.59
723.55,44.59
723.57,44.59
723.58,44.59
723.60,44.59
723.61,44.59
723.63,44.60
723.64,44.60
723.66,44.60
723.67,44.60
723.69,44.60
723.70,44.60
723.72,44.60
723.73,44.61
723.75,44.61
723.76,44.61
723.77,44.61
723.79,44.61
723.80,44.61
723.82,44.62
723.83,44.62
723.85,44.62
723.86,44.62
723.88,44.62
723.89,44.62
723.91,44.62
723.92,44.63
723.94,44.63
723.95,44.63
723.97,44.63
723.98,44.63
724.00,44.63
724.01,44.64
724.02,44.64
724.04,44.64
724.05,44.64
724.07,44.64
724.08,44.64
724.10,44.64
724.11,44.65
724.13,44.65
724.14,44.65
724.16,44.65
724.17,44.65
724.19,44.65
724.20,44.65
724.22,44.65
724.23,44.65
724.25,44.65
724.26,44.65
724.28,44.65
724.29,44.65
724.30,44.65
724.32,44.65
724.33,44.65
724.35,44.65
724.36,44.65
724.38,44.65
724.39,44.65
724.41,44.65
724.42,44.65
724.44,44.66
724.45,44.66
724.47,44.66
724.48,44.66
724.50,44.66
724.51,44.66
724.53,44.66
724.54,44.67
724.55,44.67
724.57,44.67
724.58,44.67
724.60,44.67
724.61,44.67
724.63,44.68
724.64,44.68
724.66,44.68
724.67,44.68
724.69,44.68
724.70,44.68
724.72,44.68
724.73,44.69
724.75,44.69
724.76,44.69
724.78,44.69
724.79,44.69
724.80,44.69
724.82,44.70
724.83,44.70
724.85,44.70
724.86,44.70
724.88,44.70
724.89,44.70
724.91,44.70
724.92,44.71
724.94,44.71
724.95,44.71
724.97,44.71
724.98,44.71
725.00,44.71
725.01,44.71
725.03,44.72
725.04,44.72
725.05,44.72
725.07,44.72
725.08,44.72
725.10,44.72
725.11,44.73
725.13,44.73
725.14,44.73
725.16,44.73
725.17,44.73
725.19,44.73
725.20,44.73
725.22,44.73
725.23,44.73
725.25,44.73
725.26,44.73
725.28,44.73
725.29,44.73
725.30,44.73
725.32,44.72
725.33,44.72
725.35,44.72
725.36,44.72
725.38,44.72
725.39,44.72
725.41,44.72
725.42,44.72
725.44,44.72
725.45,44.72
725.47,44.71
725.48,44.71
725.50,44.71
725.51,44.71
725.53,44.71
725.54,44.71
725.55,44.71
725.57,44.71
725.58,44.71
725.60,44.71
725.61,44.70
725.63,44.70
725.64,44.70
725.66,44.70
725.67,44.70
725.69,44.70
725.70,44.70
725.72,44.70
725.73,44.70
725.75,44.70
725.76,44.69
725.78,44.69
725.79,44.69
725.81,44.69
725.82,44.69
725.83,44.69
725.85,44.69
725.86,44.69
725.88,44.69
725.89,44.69
725.91,44.68
725.92,44.68
725.94,44.68
725.95,44.68
725.97,44.68
725.98,44.68
726.00,44.68
726.01,44.68
726.03,44.68
726.04,44.68
726.06,44.67
726.07,44.67
726.08,44.67
726.10,44.67
726.11,44.67
726.13,44.67
726.14,44.67
726.16,44.67
726.17,44.67
726.19,44.67
726.20,44.66
726.22,44.66
726.23,44.66
726.25,44.66
726.26,44.66
726.28,44.66
726.29,44.66
726.31,44.66
726.32,44.66
726.33,44.66
726.35,44.65
726.36,44.65
726.38,44.65
726.39,44.65
726.41,44.65
726.42,44.65
726.44,44.65
726.45,44.65
726.47,44.65
726.48,44.65
726.50,44.64
726.51,44.64
726.53,44.64
726.54,44.64
726.56,44.64
726.57,44.64
726.58,44.64
726.60,44.64
726.61,44.64
726.63,44.64
726.64,44.63
726.66,44.63
726.67,44.63
726.69,44.63
726.70,44.63
726.72,44.63
726.73,44.63
726.75,44.63
726.76,44.63
726.78,44.63
726.79,44.62
726.81,44.62
726.82,44.62
726.83,44.62
726.85,44.62
726.86,44.62
726.88,44.62
726.89,44.62
726.91,44.62
726.92,44.62
726.94,44.61
726.95,44.61
726.97,44.61
726.98,44.61
727.00,44.61
727.01,44.61
727.03,44.61
727.04,44.61
727.06,44.61
727.07,44.61
727.08,44.61
727.10,44.60
727.11,44.60
727.13,44.60
727.14,44.60
727.16,44.60
727.17,44.60
727.19,44.60
727.20,44.60
727.22,44.60
727.23,44.60
727.25,44.59
727.26,44.59
727.28,44.59
727.29,44.59
727.31,44.59
727.32,44.59
727.34,44.59
727.35,44.59
727.36,44.59
727.38,44.59
727.39,44.59
727.41,44.59
727.42,44.59
727.44,44.59
727.45,44.59
727.47,44.59
727.48,44.59
727.50,44.59
727.51,44.59
727.53,44.58
727.54,44.58
727.56,44.58
727.57,44.58
727.59,44.58
727.60,44.58
727.61,44.58
727.63,44.58
727.64,44.58
727.66,44.58
727.67,44.58
727.69,44.58
727.70,44.58
727.72,44.58
727.73,44.58
727.75,44.58
727.76,44.58
727.78,44.58
727.79,44.58
727.81,44.58
727.82,44.58
727.84,44.58
727.85,44.58
727.86,44.58
727.88,44.58
727.89,44.58
727.91,44.58
727.92,44.58
727.94,44.58
727.95,44.58
727.97,44.58
727.98,44.58
728.00,44.58
728.01,44.58
728.03,44.58
728.04,44.58
728.06,44.58
728.07,44.58
728.09,44.58
728.10,44.58
728.11,44.58
728.13,44.58
728.14,44.58
728.16,44.58
728.17,44.58
728.19,44.58
728.20,44.58
728.22,44.58
728.23,44.58
728.25,44.58
728.26,44.58
728.28,44.58
728.29,44.58
728.31,44.58
728.32,44.58
728.34,44.58
728.35,44.58
728.36,44.58
728.38,44.58
728.39,44.58
728.41,44.58
728.42,44.58
728.44,44.58
728.45,44.58
728.47,44.57
728.48,44.57
728.50,44.57
728.51,44.57
728.53,44.57
728.54,44.57
728.56,44.57
728.57,44.57
728.59,44.57
728.60,44.57
728.61,44.57
728.63,44.57
728.64,44.56
728.66,44.56
728.67,44.56
728.69,44.56
728.70,44.56
728.72,44.56
728.73,44.56
728.75,44.56
728.76,44.56
728.78,44.56
728.79,44.56
728.81,44.55
728.82,44.55
728.84,44.55
728.85,44.55
728.87,44.55
728.88,44.55
728.89,44.55
728.91,44.55
728.92,44.55
728.94,44.55
728.95,44.55
728.97,44.55
728.98,44.56
729.00,44.56
729.01,44.56
729.03,44.56
729.04,44.56
729.06,44.56
729.07,44.56
729.09,44.57
729.10,44.57
729.12,44.57
729.13,44.57
729.14,44.57
729.16,44.57
729.17,44.58
729.19,44.58
729.20,44.58
729.22,44.58
729.23,44.58
729.25,44.58
729.26,44.58
729.28,44.59
729.29,44.59
729.31,44.59
729.32,44.59
729.34,44.59
729.35,44.59
729.37,44.60
729.38,44.60
729.39,44.60
729.41,44.60
729.42,44.60
729.44,44.60
729.45,44.60
729.47,44.61
729.48,44.61
729.50,44.61
729.51,44.61
729.53,44.61
729.54,44.61
729.56,44.62
729.57,44.62
729.59,44.62
729.60,44.62
729.62,44.62
729.63,44.62
729.64,44.62
729.66,44.63
729.67,44.63
729.69,44.63
729.70,44.63
729.72,44.63
729.73,44.63
729.75,44.64
729.76,44.64
729.78,44.64
729.79,44.64
729.81,44.64
729.82,44.64
729.84,44.64
729.85,44.65
729.87,44.65
729.88,44.65
729.89,44.65
729.91,44.65
729.92,44.65
729.94,44.65
729.95,44.66
729.97,44.66
729.98,44.66
730.00,44.66
730.01,44.66
730.03,44.66
730.04,44.67
730.06,44.67
730.07,44.67
730.09,44.67
730.10,44.67
730.12,44.67
730.13,44.67
730.14,44.68
730.16,44.68
730.17,44.68
730.19,44.68
730.20,44.68
730.22,44.68
730.23,44.69
730.25,44.69
730.26,44.69
730.28,44.69
730.29,44.69
730.31,44.69
730.32,44.69
730.34,44.70
730.35,44.70
730.37,44.70
730.38,44.70
730.40,44.70
730.41,44.70
730.42,44.70
730.44,44.70
730.45,44.70
730.47,44.70
730.48,44.70
730.50,44.70
730.51,44.69
730.53,44.69
730.54,44.69
730.56,44.69
730.57,44.69
730.59,44.69
730.60,44.69
730.62,44.69
730.63,44.69
730.65,44.69
730.66,44.68
730.67,44.68
730.69,44.68
730.70,44.68
730.72,44.68
730.73,44.68
730.75,44.68
730.76,44.68
730.78,44.68
730.79,44.68
730.81,44.67
730.82,44.67
730.84,44.67
730.85,44.67
730.87,44.67
730.88,44.67
730.90,44.67
730.91,44.67
730.92,44.67
730.94,44.67
730.95,44.66
730.97,44.66
730.98,44.66
731.00,44.66
731.01,44.66
731.03,44.66
731.04,44.66
731.06,44.66
731.07,44.66
731.09,44.66
731.10,44.65
731.12,44.65
731.13,44.65
731.15,44.65
731.16,44.65
731.17,44.65
731.19,44.65
731.20,44.65
731.22,44.65
731.23,44.65
731.25,44.64
731.26,44.64
731.28,44.64
731.29,44.64
731.31,44.64
731.32,44.64
731.34,44.64
731.35,44.64
731.37,44.64
731.38,44.64
731.40,44.63
731.41,44.63
731.42,44.63
731.44,44.63
731.45,44.63
731.47,44.63
731.48,44.63
731.50,44.63
731.51,44.63
731.53,44.63
731.54,44.62
731.56,44.62
731.57,44.62
731.59,44.62
731.60,44.62
731.62,44.62
731.63,44.62
731.65,44.62
731.66,44.62
731.67,44.62
731.69,44.62
731.70,44.61
731.72,44.61
731.73,44.61
731.75,44.61
731.76,44.61
731.78,44.61
731.79,44.61
731.81,44.61
731.82,44.61
731.84,44.61
731.85,44.60
731.87,44.60
731.88,44.60
731.90,44.60
731.91,44.60
731.93,44.60
731.94,44.60
731.95,44.60
731.97,44.60
731.98,44.60
732.00,44.59
732.01,44.59
732.03,44.59
732.04,44.59
732.06,44.59
732.07,44.59
732.09,44.59
732.10,44.59
732.12,44.59
732.13,44.59
732.15,44.58
732.16,44.58
732.18,44.58
732.19,44.58
732.20,44.58
732.22,44.58
732.23,44.58
732.25,44.58
732.26,44.58
732.28,44.58
732.29,44.57
732.31,44.57
732.32,44.57
732.34,44.57
732.35,44.57
732.37,44.57
732.38,44.57
732.40,44.57
732.41,44.57
732.43,44.57
732.44,44.56
732.45,44.56
732.47,44.56
732.48,44.56
732.50,44.56
732.51,44.56
732.53,44.56
732.54,44.56
732.56,44.56
732.57,44.56
732.59,44.56
732.60,44.55
732.62,44.55
732.63,44.55
732.65,44.55
732.66,44.55
732.68,44.55
732.69,44.55
732.70,44.55
732.72,44.55
732.73,44.55
732.75,44.54
732.76,44.54
732.78,44.54
732.79,44.54
732.81,44.54
732.82,44.54
732.84,44.54
732.85,44.54
732.87,44.54
732.88,44.54
732.90,44.53
732.91,44.53
732.93,44.53
732.94,44.53
732.95,44.53
732.97,44.53
732.98,44.53
733.00,44.53
733.01,44.53
733.03,44.53
733.04,44.52
733.06,44.52
733.07,44.52
733.09,44.52
733.10,44.52
733.12,44.52
733.13,44.52
733.15,44.52
733.16,44.52
733.18,44.52
733.19,44.51
733.20,44.51
733.22,44.51
733.23,44.51
733.25,44.51
733.26,44.51
733.28,44.51
733.29,44.51
733.31,44.51
733.32,44.51
733.34,44.51
733.35,44.50
733.37,44.50
733.38,44.50
733.40,44.50
733.41,44.50
733.43,44.50
733.44,44.50
733.45,44.50
733.47,44.50
733.48,44.50
733.50,44.49
733.51,44.49
733.53,44.49
733.54,44.49
733.56,44.49
733.57,44.49
733.59,44.49
733.60,44.49
733.62,44.49
733.63,44.49
733.65,44.48
733.66,44.48
733.68,44.48
733.69,44.48
733.71,44.48
733.72,44.48
733.73,44.48
733.75,44.48
733.76,44.48
733.78,44.48
733.79,44.48
733.81,44.48
733.82,44.48
733.84,44.48
733.85,44.48
733.87,44.48
733.88,44.48
733.90,44.48
733.91,44.48
733.93,44.48
733.94,44.48
733.96,44.48
733.97,44.48
733.98,44.48
734.00,44.48
734.01,44.48
734.03,44.48
734.04,44.48
734.06,44.48
734.07,44.48
734.09,44.48
734.10,44.48
734.12,44.48
734.13,44.48
734.15,44.48
734.16,44.48
734.18,44.48
734.19,44.48
734.21,44.48
734.22,44.48
734.23,44.48
734.25,44.48
734.26,44.48
734.28,44.48
734.29,44.48
734.31,44.48
734.32,44.48
734.34,44.48
734.35,44.48
734.37,44.48
734.38,44.48
734.40,44.48
734.41,44.48
734.43,44.48
734.44,44.48
734.46,44.48
734.47,44.48
734.48,44.48
734.50,44.48
734.51,44.48
734.53,44.48
734.54,44.48
734.56,44.48
734.57,44.48
734.59,44.48
734.60,44.48
734.62,44.48
734.63,44.48
734.65,44.48
734.66,44.48
734.68,44.47
734.69,44.47
734.71,44.47
734.72,44.47
734.73,44.47
734.75,44.47
734.76,44.47
734.78,44.47
734.79,44.47
734.81,44.47
734.82,44.47
734.84,44.47
734.85,44.46
734.87,44.46
734.88,44.46
734.90,44.46
734.91,44.46
734.93,44.46
734.94,44.46
734.96,44.46
734.97,44.46
734.98,44.46
735.00,44.46
735.01,44.46
735.03,44.47
735.04,44.47
735.06,44.47
735.07,44.47
735.09,44.47
735.10,44.47
735.12,44.48
735.13,44.48
735.15,44.48
735.16,44.48
735.18,44.48
735.19,44.48
735.21,44.49
735.22,44.49
735.24,44.49
735.25,44.49
735.26,44.49
735.28,44.49
735.29,44.49
735.31,44.50
735.32,44.50
735.34,44.50
735.35,44.50
735.37,44.50
735.38,44.50
735.40,44.51
735.41,44.51
735.43,44.51
735.44,44.51
735.46,44.51
735.47,44.51
735.49,44.51
735.50,44.52
735.51,44.52
735.53,44.52
735.54,44.52
735.56,44.52
735.57,44.52
735.59,44.53
735.60,44.53
735.62,44.53
735.63,44.53
735.65,44.53
735.66,44.53
735.68,44.53
735.69,44.54
735.71,44.54
735.72,44.54
735.74,44.54
735.75,44.54
735.76,44.54
735.78,44.55
735.79,44.55
735.81,44.55
735.82,44.55
735.84,44.55
735.85,44.55
735.87,44.55
735.88,44.56
735.90,44.56
735.91,44.56
735.93,44.56
735.94,44.56
735.96,44.56
735.97,44.57
735.99,44.57
736.00,44.57
736.01,44.57
736.03,44.57
736.04,44.57
736.06,44.57
736.07,44.58
736.09,44.58
736.10,44.58
736.12,44.58
736.13,44.58
736.15,44.58
736.16,44.59
736.18,44.59
736.19,44.59
736.21,44.59
736.22,44.59
736.24,44.59
736.25,44.59
736.26,44.60
736.28,44.60
736.29,44.60
736.31,44.60
736.32,44.60
736.34,44.60
736.35,44.61
736.37,44.61
736.38,44.61
736.40,44.61
736.41,44.61
736.43,44.61
736.44,44.61
736.46,44.62
736.47,44.62
736.49,44.61
736.50,44.61
736.51,44.61
736.53,44.61
736.54,44.61
736.56,44.61
736.57,44.61
736.59,44.61
736.60,44.61
736.62,44.61
736.63,44.60
736.65,44.60
736.66,44.60
736.68,44.60
736.69,44.60
736.71,44.60
736.72,44.60
736.74,44.60
736.75,44.60
736.77,44.60
736.78,44.59
736.79,44.59
736.81,44.59
736.82,44.59
736.84,44.59
736.85,44.59
736.87,44.59
736.88,44.59
736.90,44.59
736.91,44.59
736.93,44.58
736.94,44.58
736.96,44.58
736.97,44.58
736.99,44.58
737.00,44.58
737.02,44.58
737.03,44.58
737.04,44.58
737.06,44.58
737.07,44.57
737.09,44.57
737.10,44.57
737.12,44.57
737.13,44.57
737.15,44.57
737.16,44.57
737.18,44.57
737.19,44.57
737.21,44.57
737.22,44.56
737.24,44.56
737.25,44.56
737.27,44.56
737.28,44.56
737.29,44.56
737.31,44.56
737.32,44.56
737.34,44.56
737.35,44.56
737.37,44.56
737.38,44.55
737.40,44.55
737.41,44.55
737.43,44.55
737.44,44.55
737.46,44.55
737.47,44.55
737.49,44.55
737.50,44.55
737.52,44.55
737.53,44.54
737.54,44.54
737.56,44.54
737.57,44.54
737.59,44.54
737.60,44.54
737.62,44.54
737.63,44.54
737.65,44.54
737.66,44.54
737.68,44.53
737.69,44.53
737.71,44.53
737.72,44.53
737.74,44.53
737.75,44.53
737.77,44.53
737.78,44.53
737.79,44.53
737.81,44.53
737.82,44.52
737.84,44.52
737.85,44.52
737.87,44.52
737.88,44.52
737.90,44.52
737.91,44.52
737.93,44.52
737.94,44.52
737.96,44.52
737.97,44.52
737.99,44.52
738.00,44.52
738.02,44.52
738.03,44.52
738.04,44.52
738.06,44.52
738.07,44.52
738.09,44.52
738.10,44.52
738.12,44.52
738.13,44.52
738.15,44.52
738.16,44.52
738.18,44.52
738.19,44.52
738.21,44.52
738.22,44.52
738.24,44.52
738.25,44.52
738.27,44.52
738.28,44.52
738.30,44.52
738.31,44.52
738.32,44.52
738.34,44.51
738.35,44.51
738.37,44.51
738.38,44.51
738.40,44.51
738.41,44.51
738.43,44.51
738.44,44.51
738.46,44.51
738.47,44.51
738.49,44.51
738.50,44.51
738.52,44.51
738.53,44.51
738.55,44.51
738.56,44.51
738.57,44.51
738.59,44.51
738.60,44.51
738.62,44.51
738.63,44.51
738.65,44.51
738.66,44.51
738.68,44.51
738.69,44.51
738.71,44.51
738.72,44.51
738.74,44.51
738.75,44.51
738.77,44.51
738.78,44.51
738.80,44.51
738.81,44.51
738.82,44.51
738.84,44.51
738.85,44.51
738.87,44.51
738.88,44.51
738.90,44.51
738.91,44.51
738.93,44.51
738.94,44.51
738.96,44.51
738.97,44.51
738.99,44.51
739.00,44.51
739.02,44.50
739.03,44.50
739.05,44.50
739.06,44.50
739.07,44.50
739.09,44.50
739.10,44.50
739.12,44.50
739.13,44.50
739.15,44.50
739.16,44.49
739.18,44.49
739.19,44.49
739.21,44.49
739.22,44.49
739.24,44.49
739.25,44.49
739.27,44.50
739.28,44.50
739.30,44.50
739.31,44.50
739.32,44.50
739.34,44.50
739.35,44.50
739.37,44.51
739.38,44.51
739.40,44.51
739.41,44.51
739.43,44.51
739.44,44.51
739.46,44.52
739.47,44.52
739.49,44.52
739.50,44.52
739.52,44.52
739.53,44.52
739.55,44.52
739.56,44.53
739.57,44.53
739.59,44.53
739.60,44.53
739.62,44.53
739.63,44.53
739.65,44.54
739.66,44.54
739.68,44.54
739.69,44.54
739.71,44.54
739.72,44.54
739.74,44.55
739.75,44.55
739.77,44.55
739.78,44.55
739.80,44.55
739.81,44.55
739.83,44.55
739.84,44.56
739.85,44.56
739.87,44.56
739.88,44.56
739.90,44.56
739.91,44.56
739.93,44.57
739.94,44.57
739.96,44.57
739.97,44.57
739.99,44.57
740.00,44.57
740.02,44.57
740.03,44.58
740.05,44.58
740.06,44.58
740.08,44.58
740.09,44.58
740.10,44.58
740.12,44.59
740.13,44.59
740.15,44.59
740.16,44.59
740.18,44.59
740.19,44.59
740.21,44.59
740.22,44.60
740.24,44.60
740.25,44.60
740.27,44.60
740.28,44.60
740.30,44.60
740.31,44.61
740.33,44.61
740.34,44.61
740.35,44.61
740.37,44.61
740.38,44.61
740.40,44.61
740.41,44.62
740.43,44.62
740.44,44.62
740.46,44.62
740.47,44.62
740.49,44.62
740.50,44.63
740.52,44.63
740.53,44.63
740.55,44.63
740.56,44.63
740.58,44.63
740.59,44.63
740.60,44.64
740.62,44.64
740.63,44.64
740.65,44.64
740.66,44.64
740.68,44.64
740.69,44.65
740.71,44.65
740.72,44.65
740.74,44.65
740.75,44.65
740.77,44.65
740.78,44.65
740.80,44.66
740.81,44.65
740.83,44.65
740.84,44.65
740.85,44.65
740.87,44.65
740.88,44.65
740.90,44.65
740.91,44.65
740.93,44.65
740.94,44.65
740.96,44.64
740.97,44.64
740.99,44.64
741.00,44.64
741.02,44.64
741.03,44.64
741.05,44.64
741.06,44.64
741.08,44.64
741.09,44.64
741.10,44.63
741.12,44.63
741.13,44.63
741.15,44.63
741.16,44.63
741.18,44.63
741.19,44.63
741.21,44.63
741.22,44.63
741.24,44.63
741.25,44.63
741.27,44.62
741.28,44.62
741.30,44.62
741.31,44.62
741.33,44.62
741.34,44.62
741.36,44.62
741.37,44.62
741.38,44.62
741.40,44.62
741.41,44.61
741.43,44.61
741.44,44.61
741.46,44.61
741.47,44.61
741.49,44.61
741.50,44.61
741.52,44.61
741.53,44.61
741.55,44.61
741.56,44.60
741.58,44.60
741.59,44.60
741.61,44.60
741.62,44.60
741.63,44.60
741.65,44.60
741.66,44.60
741.68,44.60
741.69,44.60
741.71,44.60
741.72,44.60
741.74,44.60
741.75,44.60
741.77,44.60
741.78,44.60
741.80,44.60
741.81,44.60
741.83,44.60
741.84,44.59
741.86,44.59
741.87,44.59
741.88,44.59
741.90,44.59
741.91,44.59
741.93,44.59
741.94,44.59
741.96,44.59
741.97,44.59
741.99,44.59
742.00,44.59
742.02,44.59
742.03,44.59
742.05,44.59
742.06,44.59
742.08,44.59
742.09,44.59
742.11,44.59
742.12,44.59
742.13,44.59
742.15,44.59
742.16,44.59
742.18,44.59
742.19,44.59
742.21,44.59
742.22,44.59
742.24,44.59
742.25,44.59
742.27,44.60
742.28,44.60
742.30,44.60
742.31,44.60
742.33,44.60
742.34,44.60
742.36,44.61
742.37,44.61
742.38,44.61
742.40,44.61
742.41,44.61
742.43,44.61
742.44,44.61
742.46,44.62
742.47,44.62
742.49,44.62
742.50,44.62
742.52,44.62
742.53,44.62
742.55,44.63
742.56,44.63
742.58,44.63
742.59,44.63
742.61,44.63
742.62,44.63
742.63,44.63
742.65,44.64
742.66,44.64
742.68,44.64
742.69,44.64
742.71,44.64
742.72,44.64
742.74,44.64
742.75,44.64
742.77,44.64
742.78,44.64
742.80,44.64
742.81,44.64
742.83,44.64
742.84,44.64
742.86,44.64
742.87,44.64
742.89,44.64
742.90,44.64
742.91,44.64
742.93,44.64
742.94,44.64
742.96,44.64
742.97,44.64
742.99,44.64
743.00,44.64
743.02,44.64
743.03,44.64
743.05,44.64
743.06,44.64
743.08,44.64
743.09,44.63
743.11,44.63
743.12,44.63
743.14,44.63
743.15,44.63
743.16,44.63
743.18,44.63
743.19,44.63
743.21,44.63
743.22,44.63
743.24,44.63
743.25,44.62
743.27,44.62
743.28,44.62
743.30,44.62
743.31,44.62
743.33,44.62
743.34,44.62
743.36,44.63
743.37,44.63
743.39,44.63
743.40,44.63
743.41,44.63
743.43,44.63
743.44,44.63
743.46,44.64
743.47,44.64
743.49,44.64
743.50,44.64
743.52,44.64
743.53,44.64
743.55,44.65
743.56,44.65
743.58,44.65
743.59,44.65
743.61,44.65
743.62,44.65
743.64,44.65
743.65,44.65
743.66,44.65
743.68,44.65
743.69,44.65
743.71,44.65
743.72,44.65
743.74,44.65
743.75,44.65
743.77,44.65
743.78,44.65
743.80,44.65
743.81,44.65
743.83,44.65
743.84,44.65
743.86,44.65
743.87,44.65
743.89,44.65
743.90,44.65
743.91,44.65
743.93,44.65
743.94,44.65
743.96,44.65
743.97,44.65
743.99,44.65
744.00,44.65
744.02,44.65
744.03,44.65
744.05,44.65
744.06,44.65
744.08,44.65
744.09,44.65
744.11,44.65
744.12,44.65
744.14,44.65
744.15,44.65
744.16,44.65
744.18,44.65
744.19,44.65
744.21,44.65
744.22,44.65
744.24,44.65
744.25,44.65
744.27,44.65
744.28,44.65
744.30,44.65
744.31,44.65
744.33,44.65
744.34,44.65
744.36,44.64
744.37,44.64
744.39,44.64
744.40,44.64
744.42,44.64
744.43,44.64
744.44,44.64
744.46,44.64
744.47,44.64
744.49,44.64
744.50,44.64
744.52,44.64
744.53,44.64
744.55,44.64
744.56,44.64
744.58,44.64
744.59,44.64
744.61,44.64
744.62,44.64
744.64,44.64
744.65,44.64
744.67,44.64
744.68,44.64
744.69,44.64
744.71,44.64
744.72,44.64
744.74,44.64
744.75,44.64
744.77,44.64
744.78,44.64
744.80,44.64
744.81,44.64
744.83,44.64
744.84,44.64
744.86,44.64
744.87,44.64
744.89,44.64
744.90,44.64
744.92,44.64
744.93,44.64
744.94,44.64
744.96,44.64
744.97,44.64
744.99,44.64
745.00,44.64
745.02,44.63
745.03,44.63
745.05,44.63
745.06,44.63
745.08,44.63
745.09,44.63
745.11,44.63
745.12,44.63
745.14,44.63
745.15,44.63
745.17,44.63
745.18,44.62
745.19,44.62
745.21,44.62
745.22,44.62
745.24,44.62
745.25,44.62
745.27,44.62
745.28,44.62
745.30,44.62
745.31,44.62
745.33,44.61
745.34,44.61
745.36,44.61
745.37,44.61
745.39,44.61
745.40,44.61
745.42,44.61
745.43,44.61
745.44,44.61
745.46,44.61
745.47,44.60
745.49,44.60
745.50,44.60
745.52,44.60
745.53,44.60
745.55,44.60
745.56,44.60
745.58,44.60
745.59,44.60
745.61,44.61
745.62,44.61
745.64,44.61
745.65,44.61
745.67,44.61
745.68,44.61
745.69,44.62
745.71,44.62
745.72,44.62
745.74,44.62
745.75,44.62
745.77,44.62
745.78,44.62
745.80,44.63
745.81,44.63
745.83,44.63
745.84,44.63
745.86,44.63
745.87,44.63
745.89,44.64
745.90,44.64
745.92,44.64
745.93,44.64
745.95,44.64
745.96,44.64
745.97,44.64
745.99,44.65
746.00,44.65
746.02,44.65
746.03,44.65
746.05,44.65
746.06,44.65
746.08,44.66
746.09,44.66
746.11,44.66
746.12,44.66
746.14,44.66
746.15,44.66
746.17,44.66
746.18,44.67
746.20,44.67
746.21,44.67
746.22,44.67
746.24,44.67
746.25,44.67
746.27,44.68
746.28,44.68
746.30,44.68
746.31,44.68
746.33,44.68
746.34,44.68
746.36,44.68
746.37,44.69
746.39,44.69
746.40,44.69
746.42,44.69
746.43,44.69
746.45,44.69
746.46,44.69
746.47,44.70
746.49,44.70
746.50,44.70
746.52,44.70
746.53,44.70
746.55,44.70
746.56,44.71
746.58,44.71
746.59,44.71
746.61,44.71
746.62,44.71
746.64,44.71
746.65,44.71
746.67,44.72
746.68,44.72
746.70,44.72
746.71,44.72
746.72,44.72
746.74,44.72
746.75,44.73
746.77,44.73
746.78,44.73
746.80,44.73
746.81,44.73
746.83,44.73
746.84,44.73
746.86,44.73
746.87,44.73
746.89,44.72
746.90,44.72
746.92,44.72
746.93,44.72
746.95,44.72
746.96,44.72
746.97,44.72
746.99,44.72
747.00,44.72
747.02,44.72
747.03,44.71
747.05,44.71
747.06,44.71
747.08,44.71
747.09,44.71
747.11,44.71
747.12,44.71
747.14,44.71
747.15,44.71
747.17,44.71
747.18,44.70
747.20,44.70
747.21,44.70
747.22,44.70
747.24,44.70
747.25,44.70
747.27,44.70
747.28,44.70
747.30,44.70
747.31,44.70
747.33,44.69
747.34,44.69
747.36,44.69
747.37,44.69
747.39,44.69
747.40,44.69
747.42,44.69
747.43,44.69
747.45,44.69
747.46,44.69
747.48,44.68
747.49,44.68
747.50,44.68
747.52,44.68
747.53,44.68
747.55,44.68
747.56,44.68
747.58,44.68
747.59,44.68
747.61,44.68
747.62,44.67
747.64,44.67
747.65,44.67
747.67,44.67
747.68,44.67
747.70,44.67
747.71,44.67
747.73,44.67
747.74,44.67
747.75,44.67
747.77,44.66
747.78,44.66
747.80,44.66
747.81,44.66
747.83,44.66
747.84,44.66
747.86,44.66
747.87,44.66
747.89,44.66
747.90,44.66
747.92,44.65
747.93,44.65
747.95,44.65
747.96,44.65
747.98,44.65
747.99,44.65
748.00,44.65
748.02,44.65
748.03,44.65
748.05,44.65
748.06,44.64
748.08,44.64
748.09,44.64
748.11,44.64
748.12,44.64
748.14,44.64
748.15,44.64
748.17,44.64
748.18,44.64
748.20,44.64
748.21,44.63
748.23,44.63
748.24,44.63
748.25,44.63
748.27,44.63
748.28,44.63
748.30,44.63
748.31,44.63
748.33,44.63
748.34,44.63
748.36,44.62
748.37,44.62
748.39,44.62
748.40,44.62
748.42,44.62
748.43,44.62
748.45,44.62
748.46,44.62
748.48,44.62
748.49,44.62
748.50,44.61
748.52,44.61
748.53,44.61
748.55,44.61
748.56,44.61
748.58,44.61
748.59,44.61
748.61,44.61
748.62,44.61
748.64,44.61
748.65,44.61
748.67,44.60
748.68,44.60
748.70,44.60
748.71,44.60
748.73,44.60
748.74,44.60
748.75,44.60
748.77,44.60
748.78,44.60
748.80,44.60
748.81,44.59
748.83,44.59
748.84,44.59
748.86,44.59
748.87,44.59
748.89,44.59
748.90,44.59
748.92,44.59
748.93,44.59
748.95,44.59
748.96,44.58
748.98,44.58
748.99,44.58
749.01,44.58
749.02,44.58
749.03,44.58
749.05,44.58
749.06,44.58
749.08,44.58
749.09,44.58
749.11,44.58
749.12,44.58
749.14,44.58
749.15,44.58
749.17,44.58
749.18,44.58
749.20,44.58
749.21,44.58
749.23,44.58
749.24,44.58
749.26,44.58
749.27,44.58
749.28,44.58
749.30,44.58
749.31,44.58
749.33,44.58
749.34,44.58
749.36,44.58
749.37,44.58
749.39,44.58
749.40,44.58
749.42,44.58
749.43,44.58
749.45,44.58
749.46,44.58
749.48,44.58
749.49,44.57
749.51,44.57
749.52,44.57
749.53,44.58
749.55,44.58
749.56,44.58
749.58,44.58
749.59,44.58
749.61,44.58
749.62,44.59
749.64,44.59
749.65,44.59
749.67,44.59
749.68,44.59
749.70,44.59
749.71,44.59
749.73,44.60
749.74,44.60
749.76,44.60
749.77,44.60
749.78,44.60
749.80,44.60
749.81,44.60
749.83,44.59
749.84,44.59
749.86,44.59
749.87,44.59
749.89,44.59
749.90,44.59
749.92,44.59
749.93,44.59
749.95,44.59
749.96,44.59
749.98,44.59
749.99,44.59
750.01,44.59
750.02,44.59
750.03,44.59
750.05,44.59
750.06,44.59
750.08,44.59
750.09,44.59
750.11,44.59
750.12,44.59
750.14,44.59
750.15,44.59
750.17,44.58
750.18,44.58
750.20,44.58
750.21,44.58
750.23,44.58
750.24,44.58
750.26,44.58
750.27,44.58
750.28,44.58
750.30,44.58
750.31,44.57
750.33,44.58
750.34,44.58
750.36,44.58
750.37,44.58
750.39,44.58
750.40,44.58
750.42,44.59
750.43,44.59
750.45,44.59
750.46,44.59
750.48,44.59
750.49,44.59
750.51,44.59
750.52,44.60
750.54,44.60
750.55,44.60
750.56,44.60
750.58,44.60
750.59,44.60
750.61,44.61
750.62,44.61
750.64,44.61
750.65,44.61
750.67,44.61
750.68,44.61
750.70,44.61
750.71,44.62
750.73,44.62
750.74,44.62
750.76,44.62
750.77,44.62
750.79,44.62
750.80,44.63
750.81,44.63
750.83,44.63
750.84,44.63
750.86,44.63
750.87,44.63
750.89,44.63
750.90,44.64
750.92,44.64
750.93,44.64
750.95,44.64
750.96,44.64
750.98,44.64
750.99,44.65
751.01,44.65
751.02,44.65
751.04,44.65
751.05,44.65
751.06,44.65
751.08,44.65
751.09,44.65
751.11,44.65
751.12,44.65
751.14,44.65
751.15,44.64
751.17,44.64
751.18,44.64
751.20,44.64
751.21,44.64
751.23,44.64
751.24,44.64
751.26,44.64
751.27,44.64
751.29,44.64
751.30,44.64
751.31,44.64
751.33,44.64
751.34,44.64
751.36,44.64
751.37,44.64
751.39,44.64
751.40,44.64
751.42,44.64
751.43,44.64
751.45,44.64
751.46,44.64
751.48,44.64
751.49,44.64
751.51,44.64
751.52,44.64
751.54,44.64
751.55,44.64
751.56,44.64
751.58,44.64
751.59,44.64
751.61,44.64
751.62,44.64
751.64,44.64
751.65,44.64
751.67,44.64
751.68,44.64
751.70,44.64
751.71,44.64
751.73,44.64
751.74,44.64
751.76,44.64
751.77,44.63
751.79,44.63
751.80,44.63
751.81,44.63
751.83,44.63
751.84,44.63
751.86,44.63
751.87,44.63
751.89,44.63
751.90,44.63
751.92,44.63
751.93,44.62
751.95,44.62
751.96,44.62
751.98,44.62
751.99,44.62
752.01,44.62
752.02,44.62
752.04,44.62
752.05,44.62
752.07,44.62
752.08,44.61
752.09,44.61
752.11,44.61
752.12,44.61
752.14,44.61
752.15,44.61
752.17,44.61
752.18,44.61
752.20,44.61
752.21,44.61
752.23,44.60
752.24,44.60
752.26,44.60
752.27,44.60
752.29,44.60
752.30,44.60
752.32,44.60
752.33,44.60
752.34,44.60
752.36,44.60
752.37,44.59
752.39,44.59
752.40,44.59
752.42,44.59
752.43,44.59
752.45,44.59
752.46,44.59
752.48,44.59
752.49,44.59
752.51,44.59
752.52,44.59
752.54,44.59
752.55,44.60
752.57,44.60
752.58,44.60
752.59,44.60
752.61,44.60
752.62,44.60
752.64,44.61
752.65,44.61
752.67,44.61
752.68,44.61
752.70,44.61
752.71,44.61
752.73,44.61
752.74,44.62
752.76,44.62
752.77,44.62
752.79,44.62
752.80,44.62
752.82,44.62
752.83,44.63
752.84,44.63
752.86,44.63
752.87,44.63
752.89,44.63
752.90,44.63
752.92,44.63
752.93,44.64
752.95,44.64
752.96,44.64
752.98,44.64
752.99,44.64
753.01,44.64
753.02,44.65
753.04,44.65
753.05,44.65
753.07,44.65
753.08,44.65
753.09,44.65
753.11,44.65
753.12,44.65
753.14,44.65
753.15,44.65
753.17,44.65
753.18,44.65
753.20,44.65
753.21,44.65
753.23,44.65
753.24,44.65
753.26,44.64
753.27,44.64
753.29,44.64
753.30,44.64
753.32,44.64
753.33,44.64
753.34,44.64
753.36,44.64
753.37,44.64
753.39,44.64
753.40,44.63
753.42,44.63
753.43,44.63
753.45,44.63
753.46,44.63
753.48,44.63
753.49,44.63
753.51,44.63
753.52,44.63
753.54,44.63
753.55,44.62
753.57,44.62
753.58,44.62
753.59,44.62
753.61,44.62
753.62,44.62
753.64,44.62
753.65,44.62
753.67,44.62
753.68,44.62
753.70,44.61
753.71,44.61
753.73,44.61
753.74,44.61
753.76,44.61
753.77,44.61
753.79,44.61
753.80,44.61
753.82,44.61
753.83,44.61
753.85,44.60
753.86,44.60
753.87,44.60
753.89,44.60
753.90,44.60
753.92,44.60
753.93,44.60
753.95,44.60
753.96,44.60
753.98,44.60
753.99,44.60
754.01,44.59
754.02,44.59
754.04,44.59
754.05,44.59
754.07,44.59
754.08,44.59
754.10,44.59
754.11,44.59
754.12,44.59
754.14,44.59
754.15,44.59
754.17,44.59
754.18,44.59
754.20,44.59
754.21,44.59
754.23,44.59
754.24,44.59
754.26,44.59
754.27,44.59
754.29,44.59
754.30,44.59
754.32,44.59
754.33,44.59
754.35,44.59
754.36,44.59
754.37,44.59
754.39,44.59
754.40,44.59
754.42,44.59
754.43,44.59
754.45,44.59
754.46,44.59
754.48,44.59
754.49,44.59
754.51,44.59
754.52,44.59
754.54,44.59
754.55,44.59
754.57,44.59
754.58,44.59
754.60,44.58
754.61,44.58
754.62,44.58
754.64,44.58
754.65,44.59
754.67,44.59
754.68,44.59
754.70,44.59
754.71,44.59
754.73,44.59
754.74,44.59
754.76,44.60
754.77,44.60
754.79,44.60
754.80,44.60
754.82,44.60
754.83,44.60
754.85,44.61
754.86,44.61
754.87,44.61
754.89,44.61
754.90,44.61
754.92,44.61
754.93,44.62
754.95,44.62
754.96,44.62
754.98,44.62
754.99,44.62
755.01,44.62
755.02,44.62
755.04,44.63
755.05,44.63
755.07,44.63
755.08,44.63
755.10,44.63
755.11,44.63
755.12,44.64
755.14,44.64
755.15,44.64
755.17,44.64
755.18,44.64
755.20,44.64
755.21,44.64
755.23,44.64
755.24,44.64
755.26,44.64
755.27,44.64
755.29,44.64
755.30,44.64
755.32,44.64
755.33,44.64
755.35,44.64
755.36,44.64
755.38,44.64
755.39,44.64
755.40,44.64
755.42,44.64
755.43,44.64
755.45,44.64
755.46,44.64
755.48,44.63
755.49,44.63
755.51,44.63
755.52,44.63
755.54,44.63
755.55,44.63
755.57,44.63
755.58,44.63
755.60,44.63
755.61,44.63
755.63,44.63
755.64,44.63
755.65,44.64
755.67,44.64
755.68,44.64
755.70,44.64
755.71,44.64
755.73,44.64
755.74,44.65
755.76,44.65
755.77,44.65
755.79,44.65
755.80,44.65
755.82,44.65
755.83,44.65
755.85,44.66
755.86,44.66
755.88,44.66
755.89,44.66
755.90,44.66
755.92,44.66
755.93,44.67
755.95,44.67
755.96,44.67
755.98,44.67
755.99,44.67
756.01,44.67
756.02,44.67
756.04,44.68
756.05,44.68
756.07,44.68
756.08,44.68
756.10,44.68
756.11,44.68
756.13,44.69
756.14,44.69
756.15,44.69
756.17,44.69
756.18,44.69
756.20,44.69
756.21,44.69
756.23,44.70
756.24,44.70
756.26,44.70
756.27,44.70
756.29,44.70
756.30,44.70
756.32,44.71
756.33,44.71
756.35,44.71
756.36,44.71
756.38,44.71
756.39,44.71
756.40,44.71
756.42,44.72
756.43,44.72
756.45,44.72
756.46,44.72
756.48,44.72
756.49,44.72
756.51,44.73
756.52,44.73
756.54,44.73
756.55,44.73
756.57,44.73
756.58,44.73
756.60,44.73
756.61,44.74
756.63,44.74
756.64,44.74
756.65,44.74
756.67,44.74
756.68,44.74
756.70,44.74
756.71,44.75
756.73,44.75
756.74,44.75
756.76,44.75
756.77,44.75
756.79,44.75
756.80,44.76
756.82,44.76
756.83,44.76
756.85,44.76
756.86,44.76
756.88,44.76
756.89,44.76
756.91,44.77
756.92,44.77
756.93,44.77
756.95,44.77
756.96,44.77
756.98,44.77
756.99,44.77
757.01,44.77
757.02,44.77
757.04,44.76
757.05,44.76
757.07,44.76
757.08,44.76
757.10,44.76
757.11,44.76
757.13,44.76
757.14,44.76
757.16,44.76
757.17,44.76
757.18,44.75
757.20,44.75
757.21,44.75
757.23,44.75
757.24,44.75
757.26,44.75
757.27,44.75
757.29,44.75
757.30,44.75
757.32,44.75
757.33,44.74
757.35,44.74
757.36,44.74
757.38,44.74
757.39,44.74
757.41,44.74
757.42,44.74
757.43,44.74
757.45,44.74
757.46,44.74
757.48,44.74
757.49,44.74
757.51,44.74
757.52,44.74
757.54,44.74
757.55,44.74
757.57,44.74
757.58,44.74
757.60,44.74
757.61,44.74
757.63,44.74
757.64,44.74
757.66,44.74
757.67,44.74
757.68,44.74
757.70,44.74
757.71,44.74
757.73,44.74
757.74,44.74
757.76,44.74
757.77,44.74
757.79,44.73
757.80,44.73
757.82,44.73
757.83,44.73
757.85,44.73
757.86,44.73
757.88,44.73
757.89,44.73
757.91,44.73
757.92,44.73
757.93,44.73
757.95,44.73
757.96,44.73
757.98,44.73
757.99,44.73
758.01,44.73
758.02,44.73
758.04,44.73
758.05,44.73
758.07,44.73
758.08,44.73
758.10,44.73
758.11,44.73
758.13,44.73
758.14,44.73
758.16,44.73
758.17,44.73
758.18,44.73
758.20,44.72
758.21,44.72
758.23,44.72
758.24,44.72
758.26,44.73
758.27,44.73
758.29,44.73
758.30,44.73
758.32,44.73
758.33,44.73
758.35,44.74
758.36,44.74
758.38,44.74
758.39,44.74
758.41,44.74
758.42,44.74
758.44,44.74
758.45,44.75
758.46,44.75
758.48,44.75
758.49,44.75
758.51,44.75
758.52,44.75
758.54,44.75
758.55,44.75
758.57,44.75
758.58,44.75
758.60,44.75
758.61,44.75
758.63,44.75
758.64,44.75
758.66,44.75
758.67,44.75
758.69,44.75
758.70,44.75
758.71,44.75
758.73,44.75
758.74,44.75
758.76,44.75
758.77,44.75
758.79,44.75
758.80,44.75
758.82,44.75
758.83,44.75
758.85,44.75
758.86,44.75
758.88,44.75
758.89,44.75
758.91,44.75
758.92,44.74
758.94,44.74
758.95,44.74
758.96,44.74
758.98,44.74
758.99,44.74
759.01,44.74
759.02,44.74
759.04,44.74
759.05,44.74
759.07,44.73
759.08,44.73
759.10,44.73
759.11,44.73
759.13,44.73
759.14,44.73
759.16,44.73
759.17,44.73
759.19,44.73
759.20,44.73
759.21,44.72
759.23,44.72
759.24,44.72
759.26,44.72
759.27,44.72
759.29,44.72
759.30,44.72
759.32,44.72
759.33,44.72
759.35,44.73
759.36,44.73
759.38,44.73
759.39,44.73
759.41,44.73
759.42,44.73
759.44,44.73
759.45,44.74
759.46,44.74
759.48,44.74
759.49,44.74
759.51,44.74
759.52,44.74
759.54,44.75
759.55,44.75
759.57,44.75
759.58,44.75
759.60,44.75
759.61,44.75
759.63,44.75
759.64,44.76
759.66,44.76
759.67,44.76
759.69,44.76
759.70,44.76
759.71,44.76
759.73,44.77
759.74,44.77
759.76,44.77
759.77,44.77
759.79,44.77
759.80,44.77
759.82,44.77
759.83,44.78
759.85,44.78
759.86,44.78
759.88,44.78
759.89,44.78
759.91,44.78
759.92,44.79
759.94,44.79
759.95,44.79
759.97,44.79
759.98,44.79
759.99,44.79
760.01,44.79
760.02,44.80
760.04,44.80
760.05,44.80
760.07,44.80
760.08,44.80
760.10,44.80
760.11,44.81
760.13,44.81
760.14,44.81
760.16,44.81
760.17,44.81
760.19,44.81
760.20,44.81
760.22,44.82
760.23,44.82
760.24,44.82
760.26,44.82
760.27,44.82
760.29,44.82
760.30,44.82
760.32,44.83
760.33,44.83
760.35,44.83
760.36,44.83
760.38,44.83
760.39,44.83
760.41,44.84
760.42,44.84
760.44,44.84
760.45,44.84
760.47,44.84
760.48,44.84
760.49,44.84
760.51,44.85
760.52,44.85
760.54,44.85
760.55,44.85
760.57,44.85
760.58,44.85
760.60,44.86
760.61,44.86
760.63,44.86
760.64,44.86
760.66,44.86
760.67,44.86
760.69,44.86
760.70,44.86
760.72,44.85
760.73,44.85
760.74,44.85
760.76,44.85
760.77,44.85
760.79,44.85
760.80,44.85
760.82,44.85
760.83,44.85
760.85,44.85
760.86,44.84
760.88,44.84
760.89,44.84
760.91,44.84
760.92,44.84
760.94,44.84
760.95,44.84
760.97,44.84
760.98,44.84
760.99,44.84
761.01,44.83
761.02,44.83
761.04,44.83
761.05,44.83
761.07,44.83
761.08,44.83
761.10,44.83
761.11,44.83
761.13,44.83
761.14,44.83
761.16,44.82
761.17,44.82
761.19,44.82
761.20,44.82
761.22,44.82
761.23,44.82
761.24,44.82
761.26,44.82
761.27,44.82
761.29,44.82
761.30,44.81
761.32,44.81
761.33,44.81
761.35,44.81
761.36,44.81
761.38,44.81
761.39,44.81
761.41,44.81
761.42,44.81
761.44,44.81
761.45,44.80
761.47,44.80
761.48,44.80
761.50,44.80
761.51,44.80
761.52,44.80
761.54,44.80
761.55,44.80
761.57,44.80
761.58,44.80
761.60,44.79
761.61,44.79
761.63,44.79
761.64,44.79
761.66,44.79
761.67,44.79
761.69,44.79
761.70,44.79
761.72,44.79
761.73,44.79
761.75,44.78
761.76,44.78
761.77,44.78
761.79,44.78
761.80,44.78
761.82,44.78
761.83,44.78
761.85,44.78
761.86,44.78
761.88,44.78
761.89,44.78
761.91,44.77
761.92,44.77
761.94,44.77
761.95,44.77
761.97,44.77
761.98,44.77
762.00,44.77
762.01,44.77
762.02,44.77
762.04,44.77
762.05,44.77
762.07,44.77
762.08,44.77
762.10,44.77
762.11,44.77
762.13,44.77
762.14,44.77
762.16,44.77
762.17,44.77
762.19,44.77
762.20,44.77
762.22,44.77
762.23,44.77
762.25,44.77
762.26,44.77
762.27,44.77
762.29,44.77
762.30,44.77
762.32,44.77
762.33,44.77
762.35,44.77
762.36,44.77
762.38,44.77
762.39,44.77
762.41,44.77
762.42,44.77
762.44,44.77
762.45,44.77
762.47,44.77
762.48,44.77
762.50,44.77
762.51,44.77
762.52,44.77
762.54,44.77
762.55,44.77
762.57,44.77
762.58,44.77
762.60,44.77
762.61,44.77
762.63,44.77
762.64,44.77
762.66,44.77
762.67,44.77
762.69,44.76
762.70,44.76
762.72,44.76
762.73,44.76
762.75,44.76
762.76,44.76
762.77,44.76
762.79,44.76
762.80,44.76
762.82,44.76
762.83,44.75
762.85,44.75
762.86,44.75
762.88,44.75
762.89,44.75
762.91,44.75
762.92,44.75
762.94,44.75
762.95,44.75
762.97,44.75
762.98,44.74
763.00,44.74
763.01,44.74
763.03,44.74
763.04,44.74
763.05,44.74
763.07,44.74
763.08,44.75
763.10,44.75
763.11,44.75
763.13,44.75
763.14,44.75
763.16,44.75
763.17,44.75
763.19,44.76
763.20,44.76
763.22,44.76
763.23,44.76
763.25,44.76
763.26,44.76
763.28,44.77
763.29,44.77
763.30,44.77
763.32,44.77
763.33,44.77
763.35,44.77
763.36,44.77
763.38,44.78
763.39,44.78
763.41,44.78
763.42,44.78
763.44,44.78
763.45,44.78
763.47,44.79
763.48,44.79
763.50,44.79
763.51,44.79
763.53,44.79
763.54,44.79
763.55,44.79
763.57,44.80
763.58,44.80
763.60,44.80
763.61,44.80
763.63,44.80
763.64,44.80
763.66,44.81
763.67,44.81
763.69,44.81
763.70,44.81
763.72,44.81
763.73,44.81
763.75,44.81
763.76,44.82
763.78,44.82
763.79,44.82
763.80,44.82
763.82,44.82
763.83,44.82
763.85,44.82
763.86,44.82
763.88,44.82
763.89,44.82
763.91,44.82
763.92,44.82
763.94,44.82
763.95,44.82
763.97,44.82
763.98,44.82
764.00,44.82
764.01,44.82
764.03,44.82
764.04,44.82
764.05,44.82
764.07,44.82
764.08,44.82
764.10,44.82
764.11,44.82
764.13,44.82
764.14,44.82
764.16,44.82
764.17,44.82
764.19,44.82
764.20,44.82
764.22,44.82
764.23,44.82
764.25,44.82
764.26,44.82
764.28,44.82
764.29,44.82
764.30,44.82
764.32,44.82
764.33,44.82
764.35,44.82
764.36,44.82
764.38,44.82
764.39,44.82
764.41,44.82
764.42,44.82
764.44,44.82
764.45,44.82
764.47,44.82
764.48,44.82
764.50,44.82
764.51,44.82
764.53,44.82
764.54,44.82
764.56,44.82
764.57,44.82
764.58,44.81
764.60,44.81
764.61,44.81
764.63,44.81
764.64,44.81
764.66,44.81
764.67,44.81
764.69,44.81
764.70,44.81
764.72,44.81
764.73,44.80
764.75,44.80
764.76,44.80
764.78,44.80
764.79,44.80
764.81,44.80
764.82,44.80
764.83,44.80
764.85,44.80
764.86,44.80
764.88,44.80
764.89,44.80
764.91,44.80
764.92,44.80
764.94,44.80
764.95,44.80
764.97,44.80
764.98,44.80
765.00,44.80
765.01,44.80
765.03,44.80
765.04,44.80
765.06,44.80
765.07,44.79
765.08,44.79
765.10,44.79
765.11,44.79
765.13,44.79
765.14,44.79
765.16,44.79
765.17,44.79
765.19,44.79
765.20,44.79
765.22,44.79
765.23,44.79
765.25,44.79
765.26,44.79
765.28,44.79
765.29,44.79
765.31,44.79
765.32,44.79
765.33,44.79
765.35,44.79
765.36,44.79
765.38,44.79
765.39,44.79
765.41,44.79
765.42,44.79
765.44,44.79
765.45,44.79
765.47,44.79
765.48,44.79
765.50,44.79
765.51,44.79
765.53,44.79
765.54,44.79
765.56,44.79
765.57,44.80
765.58,44.80
765.60,44.80
765.61,44.80
765.63,44.80
765.64,44.80
765.66,44.81
765.67,44.81
765.69,44.81
765.70,44.81
765.72,44.81
765.73,44.81
765.75,44.81
765.76,44.82
765.78,44.82
765.79,44.82
765.81,44.82
765.82,44.82
765.83,44.82
765.85,44.83
765.86,44.83
765.88,44.83
765.89,44.83
765.91,44.83
765.92,44.83
765.94,44.83
765.95,44.84
765.97,44.84
765.98,44.84
766.00,44.84
766.01,44.84
766.03,44.84
766.04,44.85
766.06,44.85
766.07,44.85
766.09,44.85
766.10,44.85
766.11,44.85
766.13,44.85
766.14,44.86
766.16,44.86
766.17,44.86
766.19,44.86
766.20,44.86
766.22,44.86
766.23,44.86
766.25,44.87
766.26,44.87
766.28,44.87
766.29,44.87
766.31,44.87
766.32,44.87
766.34,44.88
766.35,44.88
766.36,44.88
766.38,44.88
766.39,44.88
766.41,44.88
766.42,44.88
766.44,44.89
766.45,44.89
766.47,44.89
766.48,44.89
766.50,44.89
766.51,44.89
766.53,44.90
766.54,44.90
766.56,44.90
766.57,44.90
766.59,44.90
766.60,44.90
766.61,44.90
766.63,44.91
766.64,44.91
766.66,44.91
766.67,44.91
766.69,44.91
766.70,44.91
766.72,44.91
766.73,44.92
766.75,44.92
766.76,44.92
766.78,44.92
766.79,44.92
766.81,44.92
766.82,44.92
766.84,44.92
766.85,44.92
766.86,44.92
766.88,44.92
766.89,44.92
766.91,44.92
766.92,44.92
766.94,44.92
766.95,44.92
766.97,44.92
766.98,44.92
767.00,44.92
767.01,44.92
767.03,44.92
767.04,44.92
767.06,44.92
767.07,44.92
767.09,44.92
767.10,44.92
767.11,44.92
767.13,44.92
767.14,44.92
767.16,44.92
767.17,44.92
767.19,44.92
767.20,44.92
767.22,44.92
767.23,44.92
767.25,44.92
767.26,44.92
767.28,44.92
767.29,44.92
767.31,44.92
767.32,44.92
767.34,44.92
767.35,44.92
767.36,44.91
767.38,44.91
767.39,44.91
767.41,44.91
767.42,44.91
767.44,44.91
767.45,44.91
767.47,44.91
767.48,44.91
767.50,44.91
767.51,44.90
767.53,44.90
767.54,44.90
767.56,44.90
767.57,44.90
767.59,44.90
767.60,44.90
767.62,44.90
767.63,44.90
767.64,44.90
767.66,44.89
767.67,44.89
767.69,44.89
767.70,44.89
767.72,44.89
767.73,44.89
767.75,44.89
767.76,44.89
767.78,44.89
767.79,44.89
767.81,44.88
767.82,44.88
767.84,44.89
767.85,44.89
767.87,44.89
767.88,44.89
767.89,44.89
767.91,44.89
767.92,44.89
767.94,44.90
767.95,44.90
767.97,44.90
767.98,44.90
768.00,44.90
768.01,44.90
768.03,44.91
768.04,44.91
768.06,44.91
768.07,44.91
768.09,44.91
768.10,44.91
768.12,44.91
768.13,44.92
768.14,44.92
768.16,44.92
768.17,44.92
768.19,44.92
768.20,44.92
768.22,44.92
768.23,44.93
768.25,44.93
768.26,44.93
768.28,44.93
768.29,44.93
768.31,44.93
768.32,44.94
768.34,44.94
768.35,44.94
768.37,44.94
768.38,44.94
768.39,44.94
768.41,44.94
768.42,44.95
768.44,44.95
768.45,44.95
768.47,44.95
768.48,44.95
768.50,44.95
768.51,44.95
768.53,44.96
768.54,44.96
768.56,44.96
768.57,44.96
768.59,44.96
768.60,44.96
768.62,44.97
768.63,44.97
768.64,44.97
768.66,44.97
768.67,44.97
768.69,44.97
768.70,44.97
768.72,44.98
768.73,44.98
768.75,44.98
768.76,44.98
768.78,44.98
768.79,44.98
768.81,44.98
768.82,44.98
768.84,44.98
768.85,44.98
768.87,44.98
768.88,44.98
768.89,44.98
768.91,44.98
768.92,44.98
768.94,44.98
768.95,44.98
768.97,44.98
768.98,44.98
769.00,44.98
769.01,44.98
769.03,44.98
769.04,44.98
769.06,44.98
769.07,44.98
769.09,44.98
769.10,44.98
769.12,44.98
769.13,44.98
769.15,44.98
769.16,44.98
769.17,44.98
769.19,44.98
769.20,44.98
769.22,44.98
769.23,44.98
769.25,44.98
769.26,44.98
769.28,44.98
769.29,44.98
769.31,44.98
769.32,44.98
769.34,44.98
769.35,44.98
769.37,44.98
769.38,44.98
769.40,44.98
769.41,44.98
769.42,44.98
769.44,44.97
769.45,44.97
769.47,44.97
769.48,44.97
769.50,44.97
769.51,44.97
769.53,44.97
769.54,44.97
769.56,44.97
769.57,44.97
769.59,44.97
769.60,44.97
769.62,44.96
769.63,44.96
769.65,44.96
769.66,44.96
769.67,44.96
769.69,44.96
769.70,44.96
769.72,44.96
769.73,44.96
769.75,44.96
769.76,44.96
769.78,44.96
769.79,44.96
769.81,44.96
769.82,44.97
769.84,44.97
769.85,44.97
769.87,44.97
769.88,44.97
769.90,44.97
769.91,44.97
769.92,44.98
769.94,44.98
769.95,44.98
769.97,44.98
769.98,44.98
770.00,44.98
770.01,44.99
770.03,44.99
770.04,44.99
770.06,44.99
770.07,44.99
770.09,44.99
770.10,44.99
770.12,45.00
770.13,45.00
770.15,45.00
770.16,45.00
770.17,45.00
770.19,45.00
770.20,45.00
770.22,45.01
770.23,45.01
770.25,45.01
770.26,45.01
770.28,45.01
770.29,45.01
770.31,45.01
770.32,45.01
770.34,45.01
770.35,45.02
770.37,45.02
770.38,45.02
770.40,45.02
770.41,45.02
770.42,45.02
770.44,45.02
770.45,45.02
770.47,45.02
770.48,45.02
770.50,45.02
770.51,45.02
770.53,45.02
770.54,45.02
770.56,45.02
770.57,45.02
770.59,45.02
770.60,45.02
770.62,45.02
770.63,45.03
770.65,45.03
770.66,45.03
770.68,45.03
770.69,45.03
770.70,45.03
770.72,45.03
770.73,45.03
770.75,45.03
770.76,45.03
770.78,45.03
770.79,45.03
770.81,45.03
770.82,45.03
770.84,45.03
770.85,45.03
770.87,45.03
770.88,45.03
770.90,45.03
770.91,45.04
770.93,45.04
770.94,45.04
770.95,45.04
770.97,45.04
770.98,45.04
771.00,45.04
771.01,45.04
771.03,45.04
771.04,45.04
771.06,45.04
771.07,45.04
771.09,45.04
771.10,45.04
771.12,45.04
771.13,45.04
771.15,45.04
771.16,45.04
771.18,45.04
771.19,45.04
771.20,45.04
771.22,45.04
771.23,45.03
771.25,45.03
771.26,45.03
771.28,45.03
771.29,45.03
771.31,45.03
771.32,45.03
771.34,45.03
771.35,45.03
771.37,45.02
771.38,45.02
771.40,45.02
771.41,45.02
771.43,45.02
771.44,45.02
771.45,45.02
771.47,45.02
771.48,45.02
771.50,45.02
771.51,45.01
771.53,45.01
771.54,45.01
771.56,45.01
771.57,45.01
771.59,45.01
771.60,45.01
771.62,45.01
771.63,45.01
771.65,45.01
771.66,45.00
771.68,45.00
771.69,45.00
771.70,45.00
771.72,45.00
771.73,45.00
771.75,45.00
771.76,45.00
771.78,45.00
771.79,45.00
771.81,44.99
771.82,44.99
771.84,44.99
771.85,44.99
771.87,44.99
771.88,44.99
771.90,44.99
771.91,44.99
771.93,44.99
771.94,44.98
771.95,44.98
771.97,44.98
771.98,44.98
772.00,44.98
772.01,44.98
772.03,44.98
772.04,44.98
772.06,44.98
772.07,44.98
772.09,44.97
772.10,44.97
772.12,44.97
772.13,44.97
772.15,44.97
772.16,44.97
772.18,44.97
772.19,44.97
772.21,44.97
772.22,44.97
772.23,44.96
772.25,44.96
772.26,44.96
772.28,44.96
772.29,44.96
772.31,44.96
772.32,44.96
772.34,44.96
772.35,44.96
772.37,44.96
772.38,44.95
772.40,44.95
772.41,44.95
772.43,44.95
772.44,44.95
772.46,44.95
772.47,44.95
772.48,44.95
772.50,44.95
772.51,44.95
772.53,44.94
772.54,44.94
772.56,44.94
772.57,44.94
772.59,44.94
772.60,44.94
772.62,44.94
772.63,44.94
772.65,44.94
772.66,44.93
772.68,44.93
772.69,44.93
772.71,44.93
772.72,44.93
772.73,44.93
772.75,44.93
772.76,44.93
772.78,44.93
772.79,44.93
772.81,44.92
772.82,44.92
772.84,44.92
772.85,44.92
772.87,44.92
772.88,44.92
772.90,44.92
772.91,44.92
772.93,44.92
772.94,44.92
772.96,44.92
772.97,44.92
772.98,44.92
773.00,44.92
773.01,44.92
773.03,44.92
773.04,44.92
773.06,44.92
773.07,44.92
773.09,44.92
773.10,44.92
773.12,44.92
773.13,44.92
773.15,44.92
773.16,44.92
773.18,44.92
773.19,44.92
773.21,44.92
773.22,44.92
773.23,44.92
773.25,44.92
773.26,44.92
773.28,44.92
773.29,44.92
773.31,44.92
773.32,44.92
773.34,44.92
773.35,44.92
773.37,44.92
773.38,44.92
773.40,44.91
773.41,44.91
773.43,44.91
773.44,44.91
773.46,44.91
773.47,44.91
773.48,44.91
773.50,44.91
773.51,44.91
773.53,44.91
773.54,44.91
773.56,44.91
773.57,44.91
773.59,44.91
773.60,44.91
773.62,44.91
773.63,44.91
773.65,44.91
773.66,44.91
773.68,44.91
773.69,44.91
773.71,44.91
773.72,44.91
773.74,44.91
773.75,44.91
773.76,44.91
773.78,44.91
773.79,44.91
773.81,44.91
773.82,44.91
773.84,44.91
773.85,44.91
773.87,44.91
773.88,44.91
773.90,44.91
773.91,44.91
773.93,44.91
773.94,44.91
773.96,44.91
773.97,44.91
773.99,44.91
774.00,44.91
774.01,44.91
774.03,44.91
774.04,44.91
774.06,44.91
774.07,44.90
774.09,44.90
774.10,44.90
774.12,44.90
774.13,44.90
774.15,44.91
774.16,44.91
774.18,44.91
774.19,44.91
774.21,44.91
774.22,44.91
774.24,44.91
774.25,44.92
774.26,44.92
774.28,44.92
774.29,44.92
774.31,44.92
774.32,44.92
774.34,44.92
774.35,44.93
774.37,44.93
774.38,44.93
774.40,44.93
774.41,44.93
774.43,44.93
774.44,44.94
774.46,44.94
774.47,44.94
774.49,44.94
774.50,44.94
774.51,44.94
774.53,44.94
774.54,44.95
774.56,44.95
774.57,44.95
774.59,44.95
774.60,44.95
774.62,44.95
774.63,44.96
774.65,44.96
774.66,44.96
774.68,44.96
774.69,44.96
774.71,44.96
774.72,44.96
774.74,44.97
774.75,44.97
774.76,44.97
774.78,44.97
774.79,44.97
774.81,44.97
774.82,44.97
774.84,44.98
774.85,44.98
774.87,44.98
774.88,44.98
774.90,44.98
774.91,44.98
774.93,44.99
774.94,44.99
774.96,44.99
774.97,44.99
774.99,44.99
775.00,44.99
775.01,44.99
775.03,45.00
775.04,45.00
775.06,45.00
775.07,45.00
775.09,45.00
775.10,45.00
775.12,45.00
775.13,45.01
775.15,45.01
775.16,45.01
775.18,45.01
775.19,45.01
775.21,45.01
775.22,45.02
775.24,45.02
775.25,45.02
775.26,45.02
775.28,45.02
775.29,45.02
775.31,45.02
775.32,45.03
775.34,45.03
775.35,45.03
775.37,45.03
775.38,45.03
775.40,45.03
775.41,45.03
775.43,45.04
775.44,45.04
775.46,45.04
775.47,45.04
775.49,45.04
775.50,45.04
775.52,45.05
775.53,45.05
775.54,45.05
775.56,45.05
775.57,45.05
775.59,45.05
775.60,45.05
775.62,45.06
775.63,45.06
775.65,45.06
775.66,45.06
775.68,45.06
775.69,45.06
775.71,45.06
775.72,45.06
775.74,45.06
775.75,45.06
775.77,45.06
775.78,45.06
775.79,45.06
775.81,45.06
775.82,45.06
775.84,45.06
775.85,45.06
775.87,45.05
775.88,45.05
775.90,45.05
775.91,45.05
775.93,45.05
775.94,45.05
775.96,45.05
775.97,45.05
775.99,45.05
776.00,45.05
776.02,45.04
776.03,45.04
776.04,45.04
776.06,45.04
776.07,45.04
776.09,45.04
776.10,45.04
776.12,45.04
776.13,45.04
776.15,45.03
776.16,45.03
776.18,45.03
776.19,45.03
776.21,45.03
776.22,45.03
776.24,45.03
776.25,45.03
776.27,45.03
776.28,45.03
776.29,45.02
776.31,45.02
776.32,45.02
776.34,45.02
776.35,45.02
776.37,45.02
776.38,45.02
776.40,45.02
776.41,45.02
776.43,45.02
776.44,45.01
776.46,45.01
776.47,45.01
776.49,45.01
776.50,45.01
776.52,45.01
776.53,45.01
776.54,45.01
776.56,45.01
776.57,45.00
776.59,45.00
776.60,45.00
776.62,45.00
776.63,45.00
776.65,45.00
776.66,45.00
776.68,45.00
776.69,45.00
776.71,45.00
776.72,45.00
776.74,45.00
776.75,45.00
776.77,45.00
776.78,45.00
776.79,45.00
776.81,45.00
776.82,45.00
776.84,45.00
776.85,45.00
776.87,45.00
776.88,45.00
776.90,45.00
776.91,45.00
776.93,45.00
776.94,45.00
776.96,45.00
776.97,45.00
776.99,45.00
777.00,45.00
777.02,45.00
777.03,44.99
777.05,44.99
777.06,44.99
777.07,44.99
777.09,44.99
777.10,44.99
777.12,44.99
777.13,44.99
777.15,44.99
777.16,44.99
777.18,44.99
777.19,44.99
777.21,44.99
777.22,44.99
777.24,44.99
777.25,44.99
777.27,44.99
777.28,44.99
777.30,44.99
777.31,44.99
777.32,44.99
777.34,44.99
777.35,44.99
777.37,44.99
777.38,44.99
777.40,44.99
777.41,44.99
777.43,44.99
777.44,45.00
777.46,45.00
777.47,45.00
777.49,45.00
777.50,45.00
777.52,45.00
777.53,45.01
777.55,45.01
777.56,45.01
777.57,45.01
777.59,45.01
777.60,45.01
777.62,45.01
777.63,45.02
777.65,45.02
777.66,45.02
777.68,45.02
777.69,45.02
777.71,45.02
777.72,45.02
777.74,45.03
777.75,45.03
777.77,45.03
777.78,45.03
777.80,45.03
777.81,45.03
777.82,45.04
777.84,45.04
777.85,45.04
777.87,45.04
777.88,45.04
777.90,45.04
777.91,45.04
777.93,45.05
777.94,45.05
777.96,45.05
777.97,45.05
777.99,45.05
778.00,45.05
778.02,45.05
778.03,45.05
778.05,45.05
778.06,45.05
778.07,45.05
778.09,45.05
778.10,45.05
778.12,45.05
778.13,45.05
778.15,45.05
778.16,45.05
778.18,45.05
778.19,45.05
778.21,45.05
778.22,45.05
778.24,45.05
778.25,45.04
778.27,45.04
778.28,45.04
778.30,45.04
778.31,45.04
778.32,45.04
778.34,45.04
778.35,45.04
778.37,45.04
778.38,45.04
778.40,45.04
778.41,45.04
778.43,45.04
778.44,45.04
778.46,45.04
778.47,45.04
778.49,45.04
778.50,45.04
778.52,45.04
778.53,45.04
778.55,45.04
778.56,45.04
778.58,45.03
778.59,45.03
778.60,45.03
778.62,45.03
778.63,45.03
778.65,45.03
778.66,45.03
778.68,45.03
778.69,45.03
778.71,45.03
778.72,45.02
778.74,45.02
778.75,45.02
778.77,45.02
778.78,45.02
778.80,45.02
778.81,45.02
778.83,45.02
778.84,45.02
778.85,45.02
778.87,45.01
778.88,45.01
778.90,45.01
778.91,45.01
778.93,45.02
778.94,45.02
778.96,45.02
778.97,45.02
778.99,45.02
779.00,45.02
779.02,45.02
779.03,45.03
779.05,45.03
779.06,45.03
779.08,45.03
779.09,45.03
779.10,45.03
779.12,45.04
779.13,45.04
779.15,45.04
779.16,45.04
779.18,45.04
779.19,45.04
779.21,45.04
779.22,45.04
779.24,45.04
779.25,45.04
779.27,45.04
779.28,45.04
779.30,45.04
779.31,45.04
779.33,45.04
779.34,45.04
779.35,45.04
779.37,45.04
779.38,45.04
779.40,45.04
779.41,45.04
779.43,45.04
779.44,45.04
779.46,45.04
779.47,45.04
779.49,45.04
779.50,45.04
779.52,45.04
779.53,45.03
779.55,45.03
779.56,45.03
779.58,45.03
779.59,45.03
779.60,45.03
779.62,45.03
779.63,45.03
779.65,45.03
779.66,45.03
779.68,45.03
779.69,45.03
779.71,45.03
779.72,45.02
779.74,45.02
779.75,45.02
779.77,45.02
779.78,45.02
779.80,45.02
779.81,45.02
779.83,45.02
779.84,45.02
779.85,45.01
779.87,45.01
779.88,45.01
779.90,45.01
779.91,45.02
779.93,45.02
779.94,45.02
779.96,45.02
779.97,45.02
779.99,45.02
780.00,45.03
780.02,45.03
780.03,45.03
780.05,45.03
780.06,45.03
780.08,45.03
780.09,45.03
780.11,45.04
780.12,45.04
780.13,45.04
780.15,45.04
780.16,45.04
780.18,45.04
780.19,45.04
780.21,45.05
780.22,45.05
780.24,45.05
780.25,45.05
780.27,45.05
780.28,45.05
780.30,45.06
780.31,45.06
780.33,45.06
780.34,45.06
780.36,45.06
780.37,45.06
780.38,45.06
780.40,45.07
780.41,45.07
780.43,45.07
780.44,45.07
780.46,45.07
780.47,45.06
780.49,45.06
780.50,45.06
780.52,45.06
780.53,45.06
780.55,45.06
780.56,45.06
780.58,45.06
780.59,45.06
780.61,45.06
780.62,45.06
780.63,45.06
780.65,45.06
780.66,45.06
780.68,45.06
780.69,45.06
780.71,45.06
780.72,45.06
780.74,45.06
780.75,45.06
780.77,45.06
780.78,45.06
780.80,45.06
780.81,45.06
780.83,45.06
780.84,45.06
780.86,45.06
780.87,45.05
780.88,45.05
780.90,45.05
780.91,45.05
780.93,45.05
780.94,45.05
780.96,45.05
780.97,45.05
780.99,45.05
781.00,45.05
781.02,45.04
781.03,45.04
781.05,45.04
781.06,45.04
781.08,45.04
781.09,45.04
781.11,45.04
781.12,45.04
781.13,45.04
781.15,45.04
781.16,45.04
781.18,45.04
781.19,45.04
781.21,45.04
781.22,45.04
781.24,45.04
781.25,45.05
781.27,45.05
781.28,45.05
781.30,45.05
781.31,45.05
781.33,45.05
781.34,45.05
781.36,45.06
781.37,45.06
781.38,45.06
781.40,45.06
781.41,45.06
781.43,45.06
781.44,45.07
781.46,45.07
781.47,45.07
781.49,45.07
781.50,45.07
781.52,45.07
781.53,45.07
781.55,45.08
781.56,45.08
781.58,45.08
781.59,45.08
781.61,45.08
781.62,45.08
781.64,45.08
781.65,45.09
781.66,45.09
781.68,45.09
781.69,45.09
781.71,45.09
781.72,45.09
781.74,45.10
781.75,45.10
781.77,45.10
781.78,45.10
781.80,45.10
781.81,45.10
781.83,45.10
781.84,45.10
781.86,45.10
781.87,45.10
781.89,45.10
781.90,45.10
781.91,45.10
781.93,45.10
781.94,45.10
781.96,45.11
781.97,45.11
781.99,45.11
782.00,45.11
782.02,45.11
782.03,45.11
782.05,45.11
782.06,45.11
782.08,45.11
782.09,45.11
782.11,45.11
782.12,45.11
782.14,45.11
782.15,45.11
782.16,45.11
782.18,45.11
782.19,45.11
782.21,45.11
782.22,45.11
782.24,45.12
782.25,45.12
782.27,45.12
782.28,45.12
782.30,45.12
782.31,45.12
782.33,45.12
782.34,45.12
782.36,45.12
782.37,45.12
782.39,45.12
782.40,45.12
782.41,45.12
782.43,45.12
782.44,45.12
782.46,45.12
782.47,45.12
782.49,45.12
782.50,45.12
782.52,45.12
782.53,45.12
782.55,45.12
782.56,45.12
782.58,45.12
782.59,45.12
782.61,45.12
782.62,45.12
782.64,45.12
782.65,45.11
782.66,45.11
782.68,45.11
782.69,45.11
782.71,45.11
782.72,45.11
782.74,45.11
782.75,45.11
782.77,45.11
782.78,45.11
782.80,45.10
782.81,45.10
782.83,45.10
782.84,45.10
782.86,45.10
782.87,45.10
782.89,45.10
782.90,45.10
782.91,45.10
782.93,45.09
782.94,45.09
782.96,45.09
782.97,45.09
782.99,45.09
783.00,45.09
783.02,45.09
783.03,45.09
783.05,45.09
783.06,45.09
783.08,45.08
783.09,45.08
783.11,45.08
783.12,45.08
783.14,45.08
783.15,45.08
783.17,45.08
783.18,45.08
783.19,45.08
783.21,45.08
783.22,45.07
783.24,45.07
783.25,45.07
783.27,45.07
783.28,45.07
783.30,45.07
783.31,45.07
783.33,45.07
783.34,45.07
783.36,45.06
783.37,45.06
783.39,45.06
783.40,45.06
783.42,45.06
783.43,45.06
783.44,45.06
783.46,45.06
783.47,45.06
783.49,45.06
783.50,45.05
783.52,45.05
783.53,45.05
783.55,45.05
783.56,45.05
783.58,45.05
783.59,45.05
783.61,45.05
783.62,45.05
783.64,45.05
783.65,45.04
783.67,45.04
783.68,45.04
783.69,45.04
783.71,45.04
783.72,45.04
783.74,45.04
783.75,45.04
783.77,45.04
783.78,45.03
783.80,45.03
783.81,45.03
783.83,45.03
783.84,45.03
783.86,45.03
783.87,45.03
783.89,45.03
783.90,45.03
783.92,45.03
783.93,45.02
783.94,45.02
783.96,45.02
783.97,45.02
783.99,45.02
784.00,45.02
784.02,45.02
784.03,45.02
784.05,45.02
784.06,45.02
784.08,45.01
784.09,45.01
784.11,45.01
784.12,45.01
784.14,45.01
784.15,45.01
784.17,45.01
784.18,45.01
784.19,45.01
784.21,45.01
784.22,45.00
784.24,45.00
784.25,45.00
784.27,45.00
784.28,45.00
784.30,45.00
784.31,45.00
784.33,45.00
784.34,45.00
784.36,44.99
784.37,44.99
784.39,44.99
784.40,44.99
784.42,44.99
784.43,44.99
784.44,44.99
784.46,44.99
784.47,44.99
784.49,44.99
784.50,44.98
784.52,44.98
784.53,44.98
784.55,44.98
784.56,44.98
784.58,44.98
784.59,44.98
784.61,44.98
784.62,44.98
784.64,44.98
784.65,44.97
784.67,44.97
784.68,44.97
784.70,44.97
784.71,44.97
784.72,44.97
784.74,44.97
784.75,44.97
784.77,44.97
784.78,44.97
784.80,44.96
784.81,44.96
784.83,44.96
784.84,44.96
784.86,44.96
784.87,44.96
784.89,44.96
784.90,44.96
784.92,44.96
784.93,44.95
784.95,44.95
784.96,44.95
784.97,44.95
784.99,44.95
785.00,44.95
785.02,44.95
785.03,44.95
785.05,44.95
785.06,44.95
785.08,44.94
785.09,44.94
785.11,44.94
785.12,44.94
785.14,44.94
785.15,44.94
785.17,44.94
785.18,44.94
785.20,44.94
785.21,44.94
785.22,44.93
785.24,44.93
785.25,44.93
785.27,44.93
785.28,44.93
785.30,44.93
785.31,44.93
785.33,44.93
785.34,44.93
785.36,44.93
785.37,44.92
785.39,44.92
785.40,44.92
785.42,44.92
785.43,44.92
785.45,44.92
785.46,44.92
785.47,44.92
785.49,44.92
785.50,44.92
785.52,44.91
785.53,44.91
785.55,44.91
785.56,44.91
785.58,44.91
785.59,44.91
785.61,44.91
785.62,44.91
785.64,44.91
785.65,44.91
785.67,44.90
785.68,44.90
785.70,44.90
785.71,44.90
785.72,44.90
785.74,44.90
785.75,44.90
785.77,44.90
785.78,44.90
785.80,44.89
785.81,44.89
785.83,44.89
785.84,44.89
785.86,44.89
785.87,44.89
785.89,44.89
785.90,44.89
785.92,44.89
785.93,44.89
785.95,44.88
785.96,44.88
785.97,44.88
785.99,44.88
786.00,44.88
786.02,44.88
786.03,44.88
786.05,44.88
786.06,44.88
786.08,44.88
786.09,44.87
786.11,44.87
786.12,44.87
786.14,44.87
786.15,44.87
786.17,44.87
786.18,44.87
786.20,44.87
786.21,44.87
786.23,44.87
786.24,44.86
786.25,44.86
786.27,44.86
786.28,44.86
786.30,44.86
786.31,44.86
786.33,44.86
786.34,44.86
786.36,44.86
786.37,44.86
786.39,44.85
786.40,44.85
786.42,44.85
786.43,44.85
786.45,44.85
786.46,44.85
786.48,44.85
786.49,44.85
786.50,44.85
786.52,44.85
786.53,44.84
786.55,44.84
786.56,44.84
786.58,44.84
786.59,44.84
786.61,44.84
786.62,44.84
786.64,44.84
786.65,44.84
786.67,44.84
786.68,44.83
786.70,44.83
786.71,44.83
786.73,44.83
786.74,44.83
786.75,44.83
786.77,44.83
786.78,44.83
786.80,44.83
786.81,44.83
786.83,44.82
786.84,44.82
786.86,44.82
786.87,44.82
786.89,44.82
786.90,44.82
786.92,44.82
786.93,44.82
786.95,44.82
786.96,44.82
786.98,44.81
786.99,44.81
787.00,44.81
787.02,44.81
787.03,44.81
787.05,44.81
787.06,44.81
787.08,44.81
787.09,44.81
787.11,44.81
787.12,44.80
787.14,44.80
787.15,44.80
787.17,44.80
787.18,44.80
787.20,44.80
787.21,44.80
787.23,44.80
787.24,44.80
787.25,44.79
787.27,44.79
787.28,44.79
787.30,44.79
787.31,44.79
787.33,44.79
787.34,44.79
787.36,44.79
787.37,44.79
787.39,44.79
787.40,44.78
787.42,44.78
787.43,44.78
787.45,44.78
787.46,44.78
787.48,44.78
787.49,44.78
787.50,44.78
787.52,44.78
787.53,44.78
787.55,44.77
787.56,44.77
787.58,44.77
787.59,44.77
787.61,44.77
787.62,44.77
787.64,44.77
787.65,44.77
787.67,44.77
787.68,44.77
787.70,44.76
787.71,44.76
787.73,44.76
787.74,44.76
787.76,44.76
787.77,44.76
787.78,44.76
787.80,44.76
787.81,44.76
787.83,44.76
787.84,44.76
787.86,44.76
787.87,44.76
787.89,44.76
787.90,44.76
787.92,44.75
787.93,44.75
787.95,44.75
787.96,44.75
787.98,44.75
787.99,44.75
788.01,44.75
788.02,44.75
788.03,44.75
788.05,44.75
788.06,44.75
788.08,44.75
788.09,44.75
788.11,44.75
788.12,44.74
788.14,44.74
788.15,44.74
788.17,44.74
788.18,44.74
788.20,44.74
788.21,44.74
788.23,44.74
788.24,44.74
788.26,44.74
788.27,44.73
788.28,44.73
788.30,44.73
788.31,44.73
788.33,44.73
788.34,44.73
788.36,44.73
788.37,44.73
788.39,44.73
788.40,44.73
788.42,44.73
788.43,44.73
788.45,44.73
788.46,44.73
788.48,44.73
788.49,44.73
788.51,44.73
788.52,44.73
788.53,44.73
788.55,44.73
788.56,44.73
788.58,44.73
788.59,44.73
788.61,44.73
788.62,44.73
788.64,44.73
788.65,44.73
788.67,44.73
788.68,44.73
788.70,44.73
788.71,44.73
788.73,44.73
788.74,44.73
788.76,44.73
788.77,44.72
788.78,44.72
788.80,44.72
788.81,44.72
788.83,44.72
788.84,44.72
788.86,44.72
788.87,44.72
788.89,44.72
788.90,44.72
788.92,44.72
788.93,44.72
788.95,44.72
788.96,44.72
788.98,44.72
788.99,44.72
789.01,44.72
789.02,44.72
789.03,44.72
789.05,44.72
789.06,44.72
789.08,44.72
789.09,44.72
789.11,44.72
789.12,44.72
789.14,44.72
789.15,44.72
789.17,44.72
789.18,44.72
789.20,44.72
789.21,44.72
789.23,44.72
789.24,44.72
789.26,44.72
789.27,44.72
789.29,44.72
789.30,44.72
789.31,44.72
789.33,44.72
789.34,44.72
789.36,44.72
789.37,44.72
789.39,44.72
789.40,44.72
789.42,44.72
789.43,44.72
789.45,44.72
789.46,44.72
789.48,44.72
789.49,44.72
789.51,44.72
789.52,44.72
789.54,44.72
789.55,44.71
789.56,44.71
789.58,44.71
789.59,44.71
789.61,44.71
789.62,44.71
789.64,44.71
789.65,44.71
789.67,44.71
789.68,44.71
789.70,44.70
789.71,44.70
789.73,44.70
789.74,44.70
789.76,44.70
789.77,44.70
789.79,44.70
789.80,44.70
789.81,44.70
789.83,44.70
789.84,44.69
789.86,44.69
789.87,44.69
789.89,44.69
789.90,44.69
789.92,44.69
789.93,44.69
789.95,44.69
789.96,44.69
789.98,44.69
789.99,44.69
790.01,44.69
790.02,44.69
790.04,44.69
790.05,44.70
790.06,44.70
790.08,44.70
790.09,44.70
790.11,44.70
790.12,44.70
790.14,44.71
790.15,44.71
790.17,44.71
790.18,44.71
790.20,44.71
790.21,44.71
790.23,44.71
790.24,44.72
790.26,44.72
790.27,44.72
790.29,44.72
790.30,44.72
790.31,44.72
790.33,44.73
790.34,44.73
790.36,44.73
790.37,44.73
790.39,44.73
790.40,44.73
790.42,44.73
790.43,44.74
790.45,44.74
790.46,44.74
790.48,44.74
790.49,44.74
790.51,44.74
790.52,44.75
790.54,44.75
790.55,44.75
790.56,44.75
790.58,44.75
790.59,44.75
790.61,44.75
790.62,44.76
790.64,44.76
790.65,44.76
790.67,44.76
790.68,44.76
790.70,44.76
790.71,44.77
790.73,44.77
790.74,44.77
790.76,44.77
790.77,44.77
790.79,44.77
790.80,44.78
790.82,44.78
790.83,44.78
790.84,44.78
790.86,44.78
790.87,44.78
790.89,44.78
790.90,44.79
790.92,44.79
790.93,44.79
790.95,44.79
790.96,44.79
790.98,44.79
790.99,44.80
791.01,44.80
791.02,44.80
791.04,44.80
791.05,44.80
791.07,44.80
791.08,44.80
791.09,44.81
791.11,44.81
791.12,44.81
791.14,44.81
791.15,44.81
791.17,44.81
791.18,44.82
791.20,44.82
791.21,44.82
791.23,44.82
791.24,44.82
791.26,44.82
791.27,44.82
791.29,44.83
791.30,44.83
791.32,44.83
791.33,44.83
791.34,44.83
791.36,44.83
791.37,44.84
791.39,44.84
791.40,44.84
791.42,44.84
791.43,44.84
791.45,44.84
791.46,44.84
791.48,44.85
791.49,44.85
791.51,44.85
791.52,44.85
791.54,44.85
791.55,44.85
791.57,44.85
791.58,44.84
791.59,44.84
791.61,44.84
791.62,44.84
791.64,44.84
791.65,44.84
791.67,44.84
791.68,44.84
791.70,44.84
791.71,44.84
791.73,44.83
791.74,44.83
791.76,44.83
791.77,44.83
791.79,44.83
791.80,44.83
791.82,44.83
791.83,44.83
791.84,44.83
791.86,44.82
791.87,44.82
791.89,44.82
791.90,44.82
791.92,44.82
791.93,44.82
791.95,44.82
791.96,44.82
791.98,44.82
791.99,44.82
792.01,44.81
792.02,44.81
792.04,44.81
792.05,44.81
792.07,44.81
792.08,44.81
792.09,44.81
792.11,44.81
792.12,44.81
792.14,44.81
792.15,44.80
792.17,44.80
792.18,44.80
792.20,44.80
792.21,44.80
792.23,44.80
792.24,44.80
792.26,44.80
792.27,44.80
792.29,44.80
792.30,44.79
792.32,44.79
792.33,44.79
792.35,44.79
792.36,44.79
792.37,44.79
792.39,44.79
792.40,44.79
792.42,44.79
792.43,44.79
792.45,44.78
792.46,44.78
792.48,44.78
792.49,44.78
792.51,44.78
792.52,44.78
792.54,44.78
792.55,44.78
792.57,44.78
792.58,44.78
792.60,44.77
792.61,44.77
792.62,44.77
792.64,44.77
792.65,44.77
792.67,44.77
792.68,44.77
792.70,44.77
792.71,44.77
792.73,44.77
792.74,44.76
792.76,44.76
792.77,44.76
792.79,44.76
792.80,44.76
792.82,44.76
792.83,44.76
792.85,44.76
792.86,44.76
792.87,44.76
792.89,44.75
792.90,44.75
792.92,44.75
792.93,44.75
792.95,44.75
792.96,44.75
792.98,44.75
792.99,44.75
793.01,44.75
793.02,44.75
793.04,44.74
793.05,44.74
793.07,44.74
793.08,44.74
793.10,44.74
793.11,44.74
793.12,44.74
793.14,44.74
793.15,44.74
793.17,44.74
793.18,44.73
793.20,44.73
793.21,44.73
793.23,44.73
793.24,44.73
793.26,44.73
793.27,44.73
793.29,44.73
793.30,44.73
793.32,44.73
793.33,44.72
793.35,44.72
793.36,44.72
793.37,44.72
793.39,44.72
793.40,44.72
793.42,44.72
793.43,44.72
793.45,44.72
793.46,44.72
793.48,44.71
793.49,44.71
793.51,44.71
793.52,44.71
793.54,44.71
793.55,44.71
793.57,44.71
793.58,44.71
793.60,44.71
793.61,44.71
793.62,44.70
793.64,44.70
793.65,44.70
793.67,44.70
793.68,44.70
793.70,44.70
793.71,44.70
793.73,44.70
793.74,44.70
793.76,44.70
793.77,44.69
793.79,44.69
793.80,44.69
793.82,44.69
793.83,44.69
793.85,44.69
793.86,44.69
793.88,44.69
793.89,44.69
793.90,44.69
793.92,44.68
793.93,44.68
793.95,44.68
793.96,44.68
793.98,44.68
793.99,44.68
794.01,44.68
794.02,44.68
794.04,44.68
794.05,44.68
794.07,44.67
794.08,44.67
794.10,44.67
794.11,44.67
794.13,44.67
794.14,44.67
794.15,44.67
794.17,44.67
794.18,44.67
794.20,44.67
794.21,44.67
794.23,44.66
794.24,44.66
794.26,44.66
794.27,44.66
794.29,44.66
794.30,44.66
794.32,44.66
794.33,44.66
794.35,44.66
794.36,44.66
794.38,44.65
794.39,44.65
794.40,44.65
794.42,44.65
794.43,44.65
794.45,44.65
794.46,44.65
794.48,44.65
794.49,44.65
794.51,44.65
794.52,44.64
794.54,44.64
794.55,44.64
794.57,44.64
794.58,44.64
794.60,44.64
794.61,44.64
794.63,44.64
794.64,44.64
794.65,44.64
794.67,44.63
794.68,44.63
794.70,44.63
794.71,44.63
794.73,44.63
794.74,44.63
794.76,44.63
794.77,44.63
794.79,44.63
794.80,44.63
794.82,44.62
794.83,44.62
794.85,44.62
794.86,44.62
794.88,44.62
794.89,44.62
794.90,44.62
794.92,44.62
794.93,44.62
794.95,44.62
794.96,44.61
794.98,44.61
794.99,44.61
795.01,44.61
795.02,44.61
795.04,44.61
795.05,44.61
795.07,44.61
795.08,44.61
795.10,44.61
795.11,44.60
795.13,44.60
795.14,44.60
795.15,44.60
795.17,44.60
795.18,44.60
795.20,44.60
795.21,44.60
795.23,44.60
795.24,44.60
795.26,44.59
795.27,44.59
795.29,44.59
795.30,44.59
795.32,44.59
795.33,44.59
795.35,44.59
795.36,44.59
795.38,44.59
795.39,44.59
795.40,44.59
795.42,44.58
795.43,44.58
795.45,44.58
795.46,44.58
795.48,44.58
795.49,44.58
795.51,44.58
795.52,44.58
795.54,44.58
795.55,44.58
795.57,44.58
795.58,44.58
795.60,44.58
795.61,44.58
795.63,44.58
795.64,44.58
795.66,44.58
795.67,44.58
795.68,44.58
795.70,44.58
795.71,44.58
795.73,44.58
795.74,44.58
795.76,44.58
795.77,44.58
795.79,44.58
795.80,44.58
795.82,44.58
795.83,44.58
795.85,44.58
795.86,44.58
795.88,44.58
795.89,44.58
795.91,44.58
795.92,44.58
795.93,44.58
795.95,44.58
795.96,44.58
795.98,44.58
795.99,44.58
796.01,44.58
796.02,44.58
796.04,44.58
796.05,44.58
796.07,44.58
796.08,44.58
796.10,44.58
796.11,44.58
796.13,44.58
796.14,44.58
796.16,44.58
796.17,44.58
796.18,44.58
796.20,44.58
796.21,44.58
796.23,44.58
796.24,44.58
796.26,44.57
796.27,44.57
796.29,44.57
796.30,44.57
796.32,44.57
796.33,44.57
796.35,44.57
796.36,44.57
796.38,44.57
796.39,44.57
796.41,44.58
796.42,44.58
796.43,44.58
796.45,44.58
796.46,44.58
796.48,44.58
796.49,44.59
796.51,44.59
796.52,44.59
796.54,44.59
796.55,44.59
796.57,44.59
796.58,44.60
796.60,44.60
796.61,44.60
796.63,44.60
796.64,44.60
796.66,44.60
796.67,44.60
796.68,44.61
796.70,44.61
796.71,44.61
796.73,44.61
796.74,44.61
796.76,44.61
796.77,44.62
796.79,44.62
796.80,44.62
796.82,44.62
796.83,44.62
796.85,44.62
796.86,44.63
796.88,44.63
796.89,44.63
796.91,44.63
796.92,44.63
796.93,44.63
796.95,44.63
796.96,44.64
796.98,44.64
796.99,44.64
797.01,44.64
797.02,44.64
797.04,44.64
797.05,44.65
797.07,44.65
797.08,44.65
797.10,44.65
797.11,44.65
797.13,44.65
797.14,44.66
797.16,44.66
797.17,44.66
797.19,44.66
797.20,44.66
797.21,44.66
797.23,44.66
797.24,44.67
797.26,44.67
797.27,44.67
797.29,44.67
797.30,44.67
797.32,44.67
797.33,44.68
797.35,44.68
797.36,44.68
797.38,44.68
797.39,44.68
797.41,44.68
797.42,44.68
797.44,44.68
797.45,44.68
797.46,44.68
797.48,44.68
797.49,44.67
797.51,44.67
797.52,44.67
797.54,44.67
797.55,44.67
797.57,44.67
797.58,44.67
797.60,44.67
797.61,44.67
797.63,44.67
797.64,44.66
797.66,44.66
797.67,44.66
797.69,44.66
797.70,44.66
797.71,44.66
797.73,44.66
797.74,44.66
797.76,44.66
797.77,44.66
797.79,44.65
797.80,44.65
797.82,44.65
797.83,44.65
797.85,44.65
797.86,44.65
797.88,44.65
797.89,44.65
797.91,44.65
797.92,44.65
797.94,44.65
797.95,44.65
797.96,44.65
797.98,44.65
797.99,44.65
798.01,44.65
798.02,44.65
798.04,44.65
798.05,44.65
798.07,44.65
798.08,44.65
798.10,44.65
798.11,44.65
798.13,44.65
798.14,44.65
798.16,44.65
798.17,44.65
798.19,44.65
798.20,44.65
798.21,44.65
798.23,44.65
798.24,44.65
798.26,44.65
798.27,44.65
798.29,44.65
798.30,44.65
798.32,44.65
798.33,44.65
798.35,44.65
798.36,44.65
798.38,44.65
798.39,44.65
798.41,44.65
798.42,44.65
798.44,44.65
798.45,44.65
798.46,44.65
798.48,44.65
798.49,44.65
798.51,44.65
798.52,44.65
798.54,44.64
798.55,44.64
798.57,44.64
798.58,44.64
798.60,44.64
798.61,44.64
798.63,44.64
798.64,44.64
798.66,44.64
798.67,44.64
798.69,44.64
798.70,44.64
798.72,44.64
798.73,44.64
798.74,44.64
798.76,44.64
798.77,44.64
798.79,44.64
798.80,44.64
798.82,44.64
798.83,44.64
798.85,44.64
798.86,44.65
798.88,44.65
798.89,44.65
798.91,44.65
798.92,44.65
798.94,44.65
798.95,44.66
798.97,44.66
798.98,44.66
798.99,44.66
799.01,44.66
799.02,44.66
799.04,44.66
799.05,44.67
799.07,44.67
799.08,44.67
799.10,44.67
799.11,44.67
799.13,44.67
799.14,44.68
799.16,44.68
799.17,44.68
799.19,44.68
799.20,44.68
799.22,44.68
799.23,44.69
799.24,44.69
799.26,44.69
799.27,44.69
799.29,44.69
799.30,44.69
799.32,44.69
799.33,44.70
799.35,44.70
799.36,44.70
799.38,44.70
799.39,44.70
799.41,44.70
799.42,44.69
799.44,44.69
799.45,44.69
799.47,44.69
799.48,44.69
799.49,44.69
799.51,44.69
799.52,44.70
799.54,44.70
799.55,44.70
799.57,44.70
799.58,44.70
799.60,44.70
799.61,44.71
799.63,44.71
799.64,44.71
799.66,44.71
799.67,44.71
799.69,44.71
799.70,44.72
799.72,44.72
799.73,44.72
799.74,44.72
799.76,44.72
799.77,44.72
799.79,44.72
799.80,44.73
799.82,44.73
799.83,44.73
799.85,44.73
799.86,44.73
799.88,44.73
799.89,44.74
799.91,44.74
799.92,44.74
799.94,44.74
799.95,44.74
799.97,44.74
799.98,44.74
799.99,44.75
800.01,44.75
800.02,44.75
800.04,44.75
800.05,44.75
800.07,44.75
800.08,44.76
800.10,44.76
800.11,44.76
800.13,44.76
800.14,44.76
800.16,44.76
800.17,44.77
800.19,44.77
800.20,44.77
800.22,44.77
800.23,44.77
800.25,44.77
800.26,44.77
800.27,44.78
800.29,44.78
800.30,44.78
800.32,44.78
800.33,44.78
800.35,44.78
800.36,44.79
800.38,44.79
800.39,44.79
800.41,44.79
800.42,44.79
800.44,44.79
800.45,44.79
800.47,44.80
800.48,44.80
800.50,44.80
800.51,44.80
800.52,44.80
800.54,44.80
800.55,44.81
800.57,44.81
800.58,44.81
800.60,44.81
800.61,44.80
800.63,44.80
800.64,44.80
800.66,44.80
800.67,44.80
800.69,44.80
800.70,44.80
800.72,44.80
800.73,44.80
800.75,44.80
800.76,44.79
800.77,44.79
800.79,44.79
800.80,44.79
800.82,44.79
800.83,44.79
800.85,44.79
800.86,44.79
800.88,44.79
800.89,44.78
800.91,44.78
800.92,44.78
800.94,44.78
800.95,44.78
800.97,44.78
800.98,44.78
801.00,44.78
801.01,44.78
801.02,44.78
801.04,44.77
801.05,44.77
801.07,44.77
801.08,44.77
801.10,44.77
801.11,44.77
801.13,44.77
801.14,44.77
801.16,44.77
801.17,44.77
801.19,44.76
801.20,44.76
801.22,44.76
801.23,44.76
801.25,44.76
801.26,44.76
801.27,44.76
801.29,44.76
801.30,44.76
801.32,44.76
801.33,44.75
801.35,44.75
801.36,44.75
801.38,44.75
801.39,44.75
801.41,44.75
801.42,44.75
801.44,44.75
801.45,44.75
801.47,44.75
801.48,44.74
801.50,44.74
801.51,44.74
801.52,44.74
801.54,44.74
801.55,44.74
801.57,44.74
801.58,44.74
801.60,44.74
801.61,44.74
801.63,44.73
801.64,44.73
801.66,44.73
801.67,44.73
801.69,44.73
801.70,44.73
801.72,44.73
801.73,44.73
801.75,44.73
801.76,44.73
801.78,44.72
801.79,44.72
801.80,44.72
801.82,44.72
801.83,44.72
801.85,44.72
801.86,44.72
801.88,44.72
801.89,44.72
801.91,44.72
801.92,44.72
801.94,44.72
801.95,44.72
801.97,44.72
801.98,44.72
802.00,44.72
802.01,44.72
802.03,44.72
802.04,44.72
802.05,44.72
802.07,44.72
802.08,44.72
802.10,44.72
802.11,44.72
802.13,44.72
802.14,44.72
802.16,44.72
802.17,44.72
802.19,44.72
802.20,44.72
802.22,44.72
802.23,44.72
802.25,44.72
802.26,44.72
802.28,44.72
802.29,44.72
802.30,44.72
802.32,44.72
802.33,44.72
802.35,44.72
802.36,44.72
802.38,44.72
802.39,44.72
802.41,44.72
802.42,44.72
802.44,44.72
802.45,44.72
802.47,44.72
802.48,44.72
802.50,44.72
802.51,44.72
802.53,44.72
802.54,44.72
802.55,44.72
802.57,44.72
802.58,44.72
802.60,44.72
802.61,44.72
802.63,44.71
802.64,44.71
802.66,44.71
802.67,44.71
802.69,44.71
802.70,44.71
802.72,44.71
802.73,44.71
802.75,44.71
802.76,44.71
802.78,44.70
802.79,44.70
802.80,44.70
802.82,44.70
802.83,44.70
802.85,44.70
802.86,44.70
802.88,44.70
802.89,44.70
802.91,44.70
802.92,44.69
802.94,44.69
802.95,44.69
802.97,44.69
802.98,44.69
803.00,44.69
803.01,44.69
803.03,44.69
803.04,44.69
803.05,44.69
803.07,44.70
803.08,44.70
803.10,44.70
803.11,44.70
803.13,44.70
803.14,44.70
803.16,44.70
803.17,44.71
803.19,44.71
803.20,44.71
803.22,44.71
803.23,44.71
803.25,44.71
803.26,44.72
803.28,44.72
803.29,44.72
803.31,44.72
803.32,44.72
803.33,44.72
803.35,44.73
803.36,44.73
803.38,44.73
803.39,44.73
803.41,44.73
803.42,44.73
803.44,44.73
803.45,44.74
803.47,44.74
803.48,44.74
803.50,44.74
803.51,44.74
803.53,44.74
803.54,44.75
803.56,44.75
803.57,44.75
803.58,44.75
803.60,44.75
803.61,44.75
803.63,44.75
803.64,44.76
803.66,44.76
803.67,44.76
803.69,44.76
803.70,44.76
803.72,44.76
803.73,44.77
803.75,44.77
803.76,44.77
803.78,44.77
803.79,44.77
803.81,44.77
803.82,44.78
803.83,44.78
803.85,44.78
803.86,44.78
803.88,44.78
803.89,44.78
803.91,44.78
803.92,44.79
803.94,44.79
803.95,44.79
803.97,44.79
803.98,44.79
804.00,44.79
804.01,44.80
804.03,44.80
804.04,44.80
804.06,44.80
804.07,44.80
804.08,44.80
804.10,44.80
804.11,44.81
804.13,44.81
804.14,44.81
804.16,44.81
804.17,44.81
804.19,44.81
804.20,44.82
804.22,44.82
804.23,44.82
804.25,44.82
804.26,44.82
804.28,44.82
804.29,44.83
804.31,44.83
804.32,44.83
804.33,44.83
804.35,44.83
804.36,44.83
804.38,44.83
804.39,44.83
804.41,44.83
804.42,44.83
804.44,44.83
804.45,44.83
804.47,44.83
804.48,44.83
804.50,44.83
804.51,44.83
804.53,44.82
804.54,44.82
804.56,44.82
804.57,44.82
804.58,44.82
804.60,44.82
804.61,44.82
804.63,44.82
804.64,44.82
804.66,44.82
804.67,44.81
804.69,44.81
804.70,44.81
804.72,44.81
804.73,44.81
804.75,44.81
804.76,44.81
804.78,44.81
804.79,44.81
804.81,44.81
804.82,44.80
804.84,44.80
804.85,44.80
804.86,44.80
804.88,44.80
804.89,44.80
804.91,44.80
804.92,44.80
804.94,44.80
804.95,44.80
804.97,44.79
804.98,44.79
805.00,44.79
805.01,44.79
805.03,44.79
805.04,44.79
805.06,44.79
805.07,44.79
805.09,44.79
805.10,44.79
805.11,44.78
805.13,44.78
805.14,44.78
805.16,44.78
805.17,44.78
805.19,44.78
805.20,44.78
805.22,44.78
805.23,44.78
805.25,44.78
805.26,44.77
805.28,44.77
805.29,44.77
805.31,44.77
805.32,44.77
805.34,44.77
805.35,44.77
805.36,44.77
805.38,44.77
805.39,44.77
805.41,44.76
805.42,44.76
805.44,44.76
805.45,44.76
805.47,44.76
805.48,44.76
805.50,44.76
805.51,44.76
805.53,44.76
805.54,44.76
805.56,44.75
805.57,44.75
805.59,44.75
805.60,44.75
805.61,44.75
805.63,44.75
805.64,44.75
805.66,44.75
805.67,44.75
805.69,44.75
805.70,44.74
805.72,44.74
805.73,44.74
805.75,44.74
805.76,44.74
805.78,44.74
805.79,44.74
805.81,44.74
805.82,44.74
805.84,44.74
805.85,44.73
805.86,44.73
805.88,44.73
805.89,44.73
805.91,44.73
805.92,44.73
805.94,44.73
805.95,44.73
805.97,44.73
805.98,44.73
806.00,44.73
806.01,44.73
806.03,44.73
806.04,44.73
806.06,44.73
806.07,44.73
806.09,44.73
806.10,44.73
806.11,44.73
806.13,44.73
806.14,44.73
806.16,44.73
806.17,44.73
806.19,44.73
806.20,44.73
806.22,44.73
806.23,44.73
806.25,44.73
806.26,44.73
806.28,44.73
806.29,44.73
806.31,44.73
806.32,44.73
806.34,44.73
806.35,44.73
806.37,44.73
806.38,44.73
806.39,44.73
806.41,44.73
806.42,44.73
806.44,44.73
806.45,44.73
806.47,44.73
806.48,44.72
806.50,44.72
806.51,44.72
806.53,44.72
806.54,44.72
806.56,44.72
806.57,44.72
806.59,44.72
806.60,44.72
806.62,44.72
806.63,44.72
806.64,44.72
806.66,44.72
806.67,44.72
806.69,44.72
806.70,44.72
806.72,44.72
806.73,44.72
806.75,44.72
806.76,44.72
806.78,44.72
806.79,44.72
806.81,44.72
806.82,44.72
806.84,44.72
806.85,44.72
806.87,44.72
806.88,44.72
806.89,44.72
806.91,44.72
806.92,44.72
806.94,44.72
806.95,44.72
806.97,44.72
806.98,44.72
807.00,44.72
807.01,44.71
807.03,44.71
807.04,44.71
807.06,44.71
807.07,44.71
807.09,44.71
807.10,44.71
807.12,44.72
807.13,44.72
807.14,44.72
807.16,44.72
807.17,44.72
807.19,44.72
807.20,44.72
807.22,44.73
807.23,44.73
807.25,44.73
807.26,44.73
807.28,44.73
807.29,44.73
807.31,44.74
807.32,44.74
807.34,44.74
807.35,44.74
807.37,44.74
807.38,44.74
807.39,44.75
807.41,44.75
807.42,44.75
807.44,44.75
807.45,44.75
807.47,44.75
807.48,44.75
807.50,44.76
807.51,44.76
807.53,44.76
807.54,44.76
807.56,44.76
807.57,44.76
807.59,44.77
807.60,44.77
807.62,44.77
807.63,44.77
807.64,44.77
807.66,44.77
807.67,44.78
807.69,44.78
807.70,44.78
807.72,44.78
807.73,44.78
807.75,44.78
807.76,44.78
807.78,44.79
807.79,44.79
807.81,44.79
807.82,44.79
807.84,44.79
807.85,44.79
807.87,44.80
807.88,44.80
807.90,44.80
807.91,44.80
807.92,44.80
807.94,44.80
807.95,44.80
807.97,44.81
807.98,44.81
808.00,44.81
808.01,44.81
808.03,44.80
808.04,44.80
808.06,44.80
808.07,44.80
808.09,44.80
808.10,44.80
808.12,44.80
808.13,44.80
808.15,44.80
808.16,44.80
808.17,44.80
808.19,44.81
808.20,44.81
808.22,44.81
808.23,44.81
808.25,44.81
808.26,44.81
808.28,44.81
808.29,44.82
808.31,44.82
808.32,44.82
808.34,44.82
808.35,44.82
808.37,44.82
808.38,44.83
808.40,44.83
808.41,44.83
808.42,44.83
808.44,44.83
808.45,44.83
808.47,44.84
808.48,44.84
808.50,44.84
808.51,44.84
808.53,44.84
808.54,44.84
808.56,44.84
808.57,44.85
808.59,44.85
808.60,44.85
808.62,44.85
808.63,44.85
808.65,44.85
808.66,44.86
808.67,44.86
808.69,44.86
808.70,44.86
808.72,44.86
808.73,44.86
808.75,44.86
808.76,44.87
808.78,44.87
808.79,44.87
808.81,44.87
808.82,44.87
808.84,44.87
808.85,44.88
808.87,44.88
808.88,44.88
808.90,44.88
808.91,44.88
808.92,44.88
808.94,44.88
808.95,44.89
808.97,44.89
808.98,44.89
809.00,44.89
809.01,44.88
809.03,44.88
809.04,44.88
809.06,44.88
809.07,44.88
809.09,44.88
809.10,44.88
809.12,44.88
809.13,44.88
809.15,44.88
809.16,44.87
809.17,44.87
809.19,44.87
809.20,44.87
809.22,44.87
809.23,44.87
809.25,44.87
809.26,44.87
809.28,44.87
809.29,44.87
809.31,44.86
809.32,44.86
809.34,44.86
809.35,44.86
809.37,44.86
809.38,44.86
809.40,44.86
809.41,44.86
809.43,44.86
809.44,44.86
809.45,44.85
809.47,44.85
809.48,44.85
809.50,44.85
809.51,44.85
809.53,44.85
809.54,44.85
809.56,44.85
809.57,44.85
809.59,44.85
809.60,44.84
809.62,44.84
809.63,44.84
809.65,44.84
809.66,44.84
809.68,44.84
809.69,44.84
809.70,44.84
809.72,44.84
809.73,44.84
809.75,44.83
809.76,44.83
809.78,44.83
809.79,44.83
809.81,44.83
809.82,44.83
809.84,44.83
809.85,44.83
809.87,44.83
809.88,44.83
809.90,44.82
809.91,44.82
809.93,44.82
809.94,44.82
809.95,44.82
809.97,44.82
809.98,44.82
810.00,44.82
810.01,44.82
810.03,44.82
810.04,44.81
810.06,44.81
810.07,44.81
810.09,44.81
810.10,44.81
810.12,44.81
810.13,44.81
810.15,44.81
810.16,44.81
810.18,44.81
810.19,44.80
810.20,44.80
810.22,44.80
810.23,44.80
810.25,44.80
810.26,44.80
810.28,44.80
810.29,44.80
810.31,44.80
810.32,44.80
810.34,44.79
810.35,44.79
810.37,44.79
810.38,44.79
810.40,44.79
810.41,44.79
810.43,44.79
810.44,44.79
810.45,44.79
810.47,44.79
810.48,44.78
810.50,44.78
810.51,44.78
810.53,44.78
810.54,44.78
810.56,44.78
810.57,44.78
810.59,44.78
810.60,44.78
810.62,44.78
810.63,44.77
810.65,44.77
810.66,44.77
810.68,44.77
810.69,44.77
810.70,44.77
810.72,44.77
810.73,44.77
810.75,44.77
810.76,44.77
810.78,44.76
810.79,44.76
810.81,44.76
810.82,44.76
810.84,44.76
810.85,44.76
810.87,44.76
810.88,44.76
810.90,44.76
810.91,44.76
810.93,44.75
810.94,44.75
810.96,44.75
810.97,44.75
810.98,44.75
811.00,44.75
811.01,44.75
811.03,44.75
811.04,44.75
811.06,44.75
811.07,44.74
811.09,44.74
811.10,44.74
811.12,44.74
811.13,44.74
811.15,44.74
811.16,44.74
811.18,44.74
811.19,44.74
811.21,44.74
811.22,44.74
811.23,44.74
811.25,44.74
811.26,44.74
811.28,44.74
811.29,44.74
811.31,44.74
811.32,44.74
811.34,44.74
811.35,44.74
811.37,44.74
811.38,44.74
811.40,44.74
811.41,44.74
811.43,44.74
811.44,44.74
811.46,44.74
811.47,44.74
811.48,44.74
811.50,44.74
811.51,44.74
811.53,44.74
811.54,44.74
811.56,44.73
811.57,44.73
811.59,44.73
811.60,44.73
811.62,44.73
811.63,44.73
811.65,44.73
811.66,44.73
811.68,44.73
811.69,44.73
811.71,44.73
811.72,44.73
811.73,44.73
811.75,44.73
811.76,44.73
811.78,44.73
811.79,44.73
811.81,44.73
811.82,44.73
811.84,44.73
811.85,44.73
811.87,44.73
811.88,44.73
811.90,44.73
811.91,44.73
811.93,44.73
811.94,44.73
811.96,44.73
811.97,44.73
811.98,44.73
812.00,44.73
812.01,44.73
812.03,44.73
812.04,44.73
812.06,44.73
812.07,44.73
812.09,44.73
812.10,44.73
812.12,44.73
812.13,44.73
812.15,44.73
812.16,44.73
812.18,44.73
812.19,44.73
812.21,44.73
812.22,44.73
812.23,44.73
812.25,44.73
812.26,44.73
812.28,44.73
812.29,44.73
812.31,44.73
812.32,44.72
812.34,44.72
812.35,44.72
812.37,44.72
812.38,44.72
812.40,44.72
812.41,44.72
812.43,44.72
812.44,44.72
812.46,44.72
812.47,44.71
812.49,44.71
812.50,44.71
812.51,44.71
812.53,44.71
812.54,44.71
812.56,44.71
812.57,44.71
812.59,44.71
812.60,44.71
812.62,44.70
812.63,44.70
812.65,44.70
812.66,44.70
812.68,44.70
812.69,44.70
812.71,44.70
812.72,44.70
812.74,44.70
812.75,44.71
812.76,44.71
812.78,44.71
812.79,44.71
812.81,44.71
812.82,44.71
812.84,44.72
812.85,44.72
812.87,44.72
812.88,44.72
812.90,44.72
812.91,44.72
812.93,44.73
812.94,44.73
812.96,44.73
812.97,44.73
812.99,44.73
813.00,44.73
813.01,44.73
813.03,44.74
813.04,44.74
813.06,44.74
813.07,44.74
813.09,44.74
813.10,44.74
813.12,44.75
813.13,44.75
813.15,44.75
813.16,44.75
813.18,44.75
813.19,44.75
813.21,44.76
813.22,44.76
813.24,44.76
813.25,44.76
813.26,44.76
813.28,44.76
813.29,44.76
813.31,44.77
813.32,44.77
813.34,44.77
813.35,44.77
813.37,44.77
813.38,44.77
813.40,44.78
813.41,44.78
813.43,44.78
813.44,44.78
813.46,44.78
813.47,44.78
813.49,44.78
813.50,44.79
813.51,44.79
813.53,44.79
813.54,44.79
813.56,44.79
813.57,44.79
813.59,44.80
813.60,44.80
813.62,44.80
813.63,44.80
813.65,44.80
813.66,44.80
813.68,44.81
813.69,44.81
813.71,44.81
813.72,44.81
813.74,44.81
813.75,44.81
813.76,44.81
813.78,44.82
813.79,44.82
813.81,44.82
813.82,44.82
813.84,44.82
813.85,44.82
813.87,44.83
813.88,44.83
813.90,44.83
813.91,44.83
813.93,44.83
813.94,44.83
813.96,44.84
813.97,44.84
813.99,44.84
814.00,44.84
814.02,44.84
814.03,44.84
814.04,44.84
814.06,44.85
814.07,44.85
814.09,44.85
814.10,44.85
814.12,44.85
814.13,44.85
814.15,44.86
814.16,44.86
814.18,44.86
814.19,44.86
814.21,44.86
814.22,44.86
814.24,44.85
814.25,44.85
814.27,44.85
814.28,44.85
814.29,44.85
814.31,44.85
814.32,44.85
814.34,44.85
814.35,44.85
814.37,44.85
814.38,44.84
814.40,44.84
814.41,44.84
814.43,44.84
814.44,44.84
814.46,44.84
814.47,44.84
814.49,44.84
814.50,44.84
814.52,44.84
814.53,44.83
814.54,44.83
814.56,44.83
814.57,44.83
814.59,44.83
814.60,44.83
814.62,44.83
814.63,44.83
814.65,44.83
814.66,44.83
814.68,44.82
814.69,44.82
814.71,44.82
814.72,44.82
814.74,44.82
814.75,44.82
814.77,44.82
814.78,44.82
814.79,44.82
814.81,44.82
814.82,44.81
814.84,44.81
814.85,44.81
814.87,44.81
814.88,44.81
814.90,44.81
814.91,44.81
814.93,44.81
814.94,44.81
814.96,44.81
814.97,44.80
814.99,44.80
815.00,44.80
815.02,44.80
815.03,44.80
815.04,44.80
815.06,44.80
815.07,44.80
815.09,44.80
815.10,44.80
815.12,44.79
815.13,44.79
815.15,44.79
815.16,44.79
815.18,44.79
815.19,44.79
815.21,44.79
815.22,44.79
815.24,44.79
815.25,44.78
815.27,44.78
815.28,44.78
815.29,44.78
815.31,44.78
815.32,44.78
815.34,44.78
815.35,44.78
815.37,44.78
815.38,44.78
815.40,44.77
815.41,44.77
815.43,44.77
815.44,44.77
815.46,44.77
815.47,44.77
815.49,44.77
815.50,44.77
815.52,44.77
815.53,44.77
815.54,44.76
815.56,44.76
815.57,44.76
815.59,44.76
815.60,44.76
815.62,44.76
815.63,44.76
815.65,44.76
815.66,44.76
815.68,44.76
815.69,44.75
815.71,44.75
815.72,44.75
815.74,44.75
815.75,44.75
815.77,44.75
815.78,44.75
815.80,44.75
815.81,44.75
815.82,44.75
815.84,44.74
815.85,44.74
815.87,44.74
815.88,44.74
815.90,44.74
815.91,44.74
815.93,44.74
815.94,44.74
815.96,44.74
815.97,44.74
815.99,44.73
816.00,44.73
816.02,44.73
816.03,44.73
816.05,44.73
816.06,44.73
816.07,44.73
816.09,44.73
816.10,44.73
816.12,44.73
816.13,44.72
816.15,44.72
816.16,44.72
816.18,44.72
816.19,44.72
816.21,44.72
816.22,44.72
816.24,44.72
816.25,44.72
816.27,44.72
816.28,44.72
816.30,44.71
816.31,44.71
816.32,44.71
816.34,44.71
816.35,44.71
816.37,44.71
816.38,44.71
816.40,44.71
816.41,44.71
816.43,44.71
816.44,44.70
816.46,44.70
816.47,44.70
816.49,44.70
816.50,44.70
816.52,44.70
816.53,44.70
816.55,44.70
816.56,44.70
816.57,44.70
816.59,44.69
816.60,44.69
816.62,44.69
816.63,44.69
816.65,44.69
816.66,44.69
816.68,44.69
816.69,44.69
816.71,44.69
816.72,44.69
816.74,44.68
816.75,44.68
816.77,44.68
816.78,44.68
816.80,44.68
816.81,44.68
816.82,44.68
816.84,44.68
816.85,44.68
816.87,44.68
816.88,44.67
816.90,44.67
816.91,44.67
816.93,44.67
816.94,44.67
816.96,44.67
816.97,44.67
816.99,44.67
817.00,44.67
817.02,44.67
817.03,44.66
817.05,44.66
817.06,44.66
817.07,44.66
817.09,44.66
817.10,44.66
817.12,44.66
817.13,44.66
817.15,44.66
817.16,44.66
817.18,44.65
817.19,44.65
817.21,44.65
817.22,44.65
817.24,44.65
817.25,44.65
817.27,44.65
817.28,44.65
817.30,44.65
817.31,44.65
817.33,44.64
817.34,44.64
817.35,44.64
817.37,44.64
817.38,44.64
817.40,44.64
817.41,44.64
817.43,44.64
817.44,44.64
817.46,44.64
817.47,44.64
817.49,44.64
817.50,44.64
817.52,44.64
817.53,44.64
817.55,44.64
817.56,44.64
817.58,44.64
817.59,44.64
817.60,44.64
817.62,44.64
817.63,44.64
817.65,44.64
817.66,44.64
817.68,44.64
817.69,44.64
817.71,44.64
817.72,44.63
817.74,44.63
817.75,44.63
817.77,44.63
817.78,44.63
817.80,44.63
817.81,44.63
817.83,44.63
817.84,44.63
817.85,44.63
817.87,44.63
817.88,44.63
817.90,44.63
817.91,44.63
817.93,44.63
817.94,44.63
817.96,44.63
817.97,44.63
817.99,44.63
818.00,44.63
818.02,44.63
818.03,44.63
818.05,44.63
818.06,44.63
818.08,44.63
818.09,44.63
818.10,44.63
818.12,44.63
818.13,44.63
818.15,44.63
818.16,44.63
818.18,44.63
818.19,44.63
818.21,44.63
818.22,44.63
818.24,44.63
818.25,44.63
818.27,44.63
818.28,44.63
818.30,44.63
818.31,44.63
818.33,44.63
818.34,44.63
818.35,44.63
818.37,44.63
818.38,44.63
818.40,44.63
818.41,44.63
818.43,44.63
818.44,44.63
818.46,44.63
818.47,44.63
818.49,44.63
818.50,44.63
818.52,44.63
818.53,44.62
818.55,44.62
818.56,44.62
818.58,44.62
818.59,44.62
818.60,44.62
818.62,44.62
818.63,44.62
818.65,44.62
818.66,44.62
818.68,44.61
818.69,44.61
818.71,44.61
818.72,44.61
818.74,44.61
818.75,44.61
818.77,44.61
818.78,44.62
818.80,44.62
818.81,44.62
818.83,44.62
818.84,44.62
818.86,44.62
818.87,44.63
818.88,44.63
818.90,44.63
818.91,44.63
818.93,44.63
818.94,44.63
818.96,44.64
818.97,44.64
818.99,44.64
819.00,44.64
819.02,44.64
819.03,44.64
819.05,44.64
819.06,44.65
819.08,44.65
819.09,44.65
819.11,44.65
819.12,44.65
819.13,44.65
819.15,44.66
819.16,44.66
819.18,44.66
819.19,44.66
819.21,44.66
819.22,44.66
819.24,44.67
819.25,44.67
819.27,44.67
819.28,44.67
819.30,44.67
819.31,44.67
819.33,44.68
819.34,44.68
819.36,44.68
819.37,44.68
819.38,44.68
819.40,44.68
819.41,44.68
819.43,44.69
819.44,44.69
819.46,44.69
819.47,44.69
819.49,44.69
819.50,44.69
819.52,44.70
819.53,44.70
819.55,44.70
819.56,44.70
819.58,44.70
819.59,44.70
819.61,44.71
819.62,44.71
819.63,44.71
819.65,44.71
819.66,44.71
819.68,44.71
819.69,44.71
819.71,44.72
819.72,44.72
819.74,44.72
819.75,44.72
819.77,44.72
819.78,44.72
819.80,44.73
819.81,44.73
819.83,44.73
819.84,44.73
819.86,44.73
819.87,44.73
819.88,44.74
819.90,44.74
819.91,44.74
819.93,44.74
819.94,44.74
819.96,44.74
819.97,44.74
819.99,44.75
820.00,44.75
820.02,44.75
820.03,44.75
820.05,44.75
820.06,44.75
820.08,44.76
820.09,44.76
820.11,44.76
820.12,44.76
820.13,44.76
820.15,44.76
820.16,44.77
820.18,44.77
820.19,44.77
820.21,44.77
820.22,44.77
820.24,44.77
820.25,44.77
820.27,44.77
820.28,44.77
820.30,44.77
820.31,44.77
820.33,44.77
820.34,44.77
820.36,44.77
820.37,44.76
820.39,44.76
820.40,44.76
820.41,44.76
820.43,44.76
820.44,44.76
820.46,44.76
820.47,44.76
820.49,44.76
820.50,44.76
820.52,44.75
820.53,44.75
820.55,44.75
820.56,44.75
820.58,44.75
820.59,44.75
820.61,44.75
820.62,44.75
820.64,44.75
820.65,44.75
820.66,44.74
820.68,44.74
820.69,44.74
820.71,44.74
820.72,44.74
820.74,44.74
820.75,44.74
820.77,44.74
820.78,44.74
820.80,44.74
820.81,44.73
820.83,44.73
820.84,44.73
820.86,44.73
820.87,44.73
820.89,44.73
820.90,44.73
820.91,44.73
820.93,44.73
820.94,44.73
820.96,44.72
820.97,44.72
820.99,44.72
821.00,44.72
821.02,44.72
821.03,44.72
821.05,44.72
821.06,44.72
821.08,44.72
821.09,44.72
821.11,44.71
821.12,44.71
821.14,44.71
821.15,44.71
821.16,44.71
821.18,44.71
821.19,44.71
821.21,44.71
821.22,44.71
821.24,44.71
821.25,44.70
821.27,44.70
821.28,44.70
821.30,44.70
821.31,44.70
821.33,44.70
821.34,44.70
821.36,44.70
821.37,44.70
821.39,44.70
821.40,44.69
821.41,44.69
821.43,44.69
821.44,44.69
821.46,44.69
821.47,44.69
821.49,44.69
821.50,44.69
821.52,44.69
821.53,44.69
821.55,44.68
821.56,44.68
821.58,44.68
821.59,44.68
821.61,44.68
821.62,44.68
821.64,44.68
821.65,44.68
821.66,44.68
821.68,44.68
821.69,44.67
821.71,44.67
821.72,44.67
821.74,44.67
821.75,44.67
821.77,44.67
821.78,44.67
821.80,44.67
821.81,44.67
821.83,44.67
821.84,44.67
821.86,44.67
821.87,44.67
821.89,44.67
821.90,44.67
821.92,44.67
821.93,44.67
821.94,44.67
821.96,44.67
821.97,44.67
821.99,44.67
822.00,44.67
822.02,44.67
822.03,44.67
822.05,44.67
822.06,44.67
822.08,44.67
822.09,44.67
822.11,44.67
822.12,44.67
822.14,44.67
822.15,44.67
822.17,44.67
822.18,44.67
822.19,44.67
822.21,44.67
822.22,44.67
822.24,44.67
822.25,44.67
822.27,44.67
822.28,44.67
822.30,44.67
822.31,44.67
822.33,44.67
822.34,44.67
822.36,44.67
822.37,44.67
822.39,44.67
822.40,44.67
822.42,44.67
822.43,44.67
822.44,44.67
822.46,44.67
822.47,44.67
822.49,44.67
822.50,44.67
822.52,44.67
822.53,44.67
822.55,44.67
822.56,44.67
822.58,44.67
822.59,44.67
822.61,44.67
822.62,44.67
822.64,44.67
822.65,44.67
822.67,44.67
822.68,44.67
822.69,44.66
822.71,44.66
822.72,44.66
822.74,44.66
822.75,44.66
822.77,44.66
822.78,44.66
822.80,44.66
822.81,44.66
822.83,44.66
822.84,44.66
822.86,44.66
822.87,44.65
822.89,44.65
822.90,44.65
822.92,44.65
822.93,44.65
822.94,44.65
822.96,44.65
822.97,44.65
822.99,44.65
823.00,44.65
823.02,44.65
823.03,44.65
823.05,44.65
823.06,44.65
823.08,44.65
823.09,44.66
823.11,44.66
823.12,44.66
823.14,44.66
823.15,44.66
823.17,44.66
823.18,44.67
823.19,44.67
823.21,44.67
823.22,44.67
823.24,44.67
823.25,44.67
823.27,44.67
823.28,44.68
823.30,44.68
823.31,44.68
823.33,44.68
823.34,44.68
823.36,44.68
823.37,44.69
823.39,44.69
823.40,44.69
823.42,44.69
823.43,44.69
823.45,44.69
823.46,44.70
823.47,44.70
823.49,44.70
823.50,44.70
823.52,44.70
823.53,44.70
823.55,44.71
823.56,44.71
823.58,44.71
823.59,44.71
823.61,44.71
823.62,44.71
823.64,44.71
823.65,44.72
823.67,44.72
823.68,44.72
823.70,44.72
823.71,44.72
823.72,44.72
823.74,44.73
823.75,44.73
823.77,44.73
823.78,44.73
823.80,44.73
823.81,44.73
823.83,44.74
823.84,44.74
823.86,44.74
823.87,44.74
823.89,44.74
823.90,44.74
823.92,44.74
823.93,44.75
823.95,44.75
823.96,44.75
823.97,44.75
823.99,44.75
824.00,44.75
824.02,44.76
824.03,44.76
824.05,44.76
824.06,44.76
824.08,44.76
824.09,44.76
824.11,44.77
824.12,44.77
824.14,44.77
824.15,44.77
824.17,44.77
824.18,44.77
824.20,44.78
824.21,44.78
824.22,44.78
824.24,44.78
824.25,44.78
824.27,44.78
824.28,44.78
824.30,44.79
824.31,44.79
824.33,44.79
824.34,44.79
824.36,44.79
824.37,44.79
824.39,44.80
824.40,44.80
824.42,44.80
824.43,44.80
824.45,44.80
824.46,44.80
824.47,44.81
824.49,44.81
824.50,44.81
824.52,44.81
824.53,44.81
824.55,44.81
824.56,44.81
824.58,44.82
824.59,44.82
824.61,44.81
824.62,44.81
824.64,44.81
824.65,44.81
824.67,44.81
824.68,44.81
824.70,44.81
824.71,44.81
824.72,44.81
824.74,44.81
824.75,44.80
824.77,44.80
824.78,44.80
824.80,44.80
824.81,44.80
824.83,44.80
824.84,44.80
824.86,44.80
824.87,44.80
824.89,44.80
824.90,44.79
824.92,44.79
824.93,44.79
824.95,44.79
824.96,44.79
824.98,44.79
824.99,44.79
825.00,44.79
825.02,44.79
825.03,44.78
825.05,44.78
825.06,44.78
825.08,44.78
825.09,44.78
825.11,44.78
825.12,44.78
825.14,44.78
825.15,44.78
825.17,44.78
825.18,44.77
825.20,44.77
825.21,44.77
825.23,44.77
825.24,44.77
825.25,44.77
825.27,44.77
825.28,44.77
825.30,44.77
825.31,44.77
825.33,44.76
825.34,44.76
825.36,44.76
825.37,44.76
825.39,44.76
825.40,44.76
825.42,44.76
825.43,44.76
825.45,44.76
825.46,44.76
825.48,44.76
825.49,44.76
825.50,44.76
825.52,44.76
825.53,44.76
825.55,44.76
825.56,44.75
825.58,44.75
825.59,44.75
825.61,44.75
825.62,44.75
825.64,44.75
825.65,44.75
825.67,44.75
825.68,44.75
825.70,44.75
825.71,44.75
825.73,44.75
825.74,44.75
825.75,44.75
825.77,44.75
825.78,44.75
825.80,44.75
825.81,44.75
825.83,44.75
825.84,44.75
825.86,44.75
825.87,44.75
825.89,44.75
825.90,44.75
825.92,44.75
825.93,44.75
825.95,44.75
825.96,44.75
825.98,44.75
825.99,44.75
826.00,44.75
826.02,44.75
826.03,44.75
826.05,44.76
826.06,44.76
826.08,44.76
826.09,44.76
826.11,44.76
826.12,44.76
826.14,44.77
826.15,44.77
826.17,44.77
826.18,44.77
826.20,44.77
826.21,44.77
826.23,44.77
826.24,44.78
826.25,44.78
826.27,44.78
826.28,44.78
826.30,44.78
826.31,44.78
826.33,44.79
826.34,44.79
826.36,44.79
826.37,44.79
826.39,44.79
826.40,44.79
826.42,44.80
826.43,44.80
826.45,44.80
826.46,44.80
826.48,44.80
826.49,44.80
826.51,44.81
826.52,44.80
826.53,44.80
826.55,44.80
826.56,44.80
826.58,44.80
826.59,44.80
826.61,44.80
826.62,44.80
826.64,44.80
826.65,44.80
826.67,44.80
826.68,44.80
826.70,44.80
826.71,44.80
826.73,44.80
826.74,44.80
826.76,44.80
826.77,44.80
826.78,44.80
826.80,44.80
826.81,44.80
826.83,44.80
826.84,44.80
826.86,44.80
826.87,44.80
826.89,44.80
826.90,44.79
826.92,44.79
826.93,44.79
826.95,44.79
826.96,44.79
826.98,44.79
826.99,44.79
827.01,44.79
827.02,44.79
827.03,44.79
827.05,44.78
827.06,44.78
827.08,44.78
827.09,44.78
827.11,44.78
827.12,44.78
827.14,44.79
827.15,44.79
827.17,44.79
827.18,44.79
827.20,44.79
827.21,44.79
827.23,44.80
827.24,44.80
827.26,44.80
827.27,44.80
827.28,44.80
827.30,44.80
827.31,44.81
827.33,44.81
827.34,44.81
827.36,44.81
827.37,44.81
827.39,44.81
827.40,44.81
827.42,44.81
827.43,44.81
827.45,44.81
827.46,44.81
827.48,44.81
827.49,44.81
827.51,44.81
827.52,44.81
827.53,44.81
827.55,44.81
827.56,44.81
827.58,44.81
827.59,44.81
827.61,44.81
827.62,44.81
827.64,44.81
827.65,44.81
827.67,44.81
827.68,44.81
827.70,44.81
827.71,44.81
827.73,44.81
827.74,44.81
827.76,44.81
827.77,44.81
827.78,44.81
827.80,44.81
827.81,44.81
827.83,44.81
827.84,44.81
827.86,44.81
827.87,44.81
827.89,44.81
827.90,44.81
827.92,44.81
827.93,44.81
827.95,44.81
827.96,44.81
827.98,44.81
827.99,44.81
828.01,44.81
828.02,44.81
828.04,44.81
828.05,44.81
828.06,44.81
828.08,44.81
828.09,44.81
828.11,44.81
828.12,44.81
828.14,44.81
828.15,44.81
828.17,44.81
828.18,44.81
828.20,44.81
828.21,44.81
828.23,44.81
828.24,44.81
828.26,44.81
828.27,44.81
828.29,44.81
828.30,44.81
828.31,44.81
828.33,44.80
828.34,44.80
828.36,44.80
828.37,44.80
828.39,44.80
828.40,44.80
828.42,44.80
828.43,44.80
828.45,44.80
828.46,44.80
828.48,44.80
828.49,44.80
828.51,44.80
828.52,44.80
828.54,44.80
828.55,44.80
828.56,44.80
828.58,44.80
828.59,44.80
828.61,44.80
828.62,44.80
828.64,44.80
828.65,44.80
828.67,44.80
828.68,44.80
828.70,44.80
828.71,44.80
828.73,44.80
828.74,44.80
828.76,44.80
828.77,44.80
828.79,44.80
828.80,44.80
828.81,44.80
828.83,44.80
828.84,44.79
828.86,44.79
828.87,44.79
828.89,44.79
828.90,44.79
828.92,44.79
828.93,44.79
828.95,44.79
828.96,44.79
828.98,44.79
828.99,44.78
829.01,44.78
829.02,44.78
829.04,44.78
829.05,44.78
829.06,44.78
829.08,44.78
829.09,44.78
829.11,44.78
829.12,44.78
829.14,44.77
829.15,44.77
829.17,44.77
829.18,44.77
829.20,44.77
829.21,44.77
829.23,44.77
829.24,44.77
829.26,44.77
829.27,44.77
829.29,44.76
829.30,44.76
829.31,44.76
829.33,44.76
829.34,44.76
829.36,44.76
829.37,44.77
829.39,44.77
829.40,44.77
829.42,44.77
829.43,44.77
829.45,44.77
829.46,44.78
829.48,44.78
829.49,44.78
829.51,44.78
829.52,44.78
829.54,44.78
829.55,44.79
829.57,44.79
829.58,44.79
829.59,44.79
829.61,44.79
829.62,44.79
829.64,44.79
829.65,44.80
829.67,44.80
829.68,44.80
829.70,44.80
829.71,44.80
829.73,44.80
829.74,44.81
829.76,44.81
829.77,44.81
829.79,44.81
829.80,44.81
829.82,44.81
829.83,44.82
829.84,44.82
829.86,44.82
829.87,44.82
829.89,44.82
829.90,44.82
829.92,44.82
829.93,44.83
829.95,44.83
829.96,44.83
829.98,44.83
829.99,44.83
830.01,44.83
830.02,44.84
830.04,44.84
830.05,44.84
830.07,44.84
830.08,44.84
830.09,44.84
830.11,44.85
830.12,44.85
830.14,44.85
830.15,44.85
830.17,44.85
830.18,44.85
830.20,44.85
830.21,44.86
830.23,44.86
830.24,44.86
830.26,44.86
830.27,44.86
830.29,44.86
830.30,44.87
830.32,44.87
830.33,44.87
830.34,44.87
830.36,44.87
830.37,44.87
830.39,44.88
830.40,44.88
830.42,44.88
830.43,44.88
830.45,44.88
830.46,44.88
830.48,44.88
830.49,44.89
830.51,44.89
830.52,44.89
830.54,44.89
830.55,44.89
830.57,44.89
830.58,44.90
830.59,44.89
830.61,44.89
830.62,44.89
830.64,44.89
830.65,44.89
830.67,44.89
830.68,44.89
830.70,44.89
830.71,44.89
830.73,44.89
830.74,44.88
830.76,44.88
830.77,44.88
830.79,44.88
830.80,44.88
830.82,44.88
830.83,44.88
830.84,44.88
830.86,44.88
830.87,44.88
830.89,44.87
830.90,44.87
830.92,44.87
830.93,44.87
830.95,44.87
830.96,44.87
830.98,44.87
830.99,44.87
831.01,44.87
831.02,44.87
831.04,44.86
831.05,44.86
831.07,44.86
831.08,44.86
831.10,44.86
831.11,44.86
831.12,44.86
831.14,44.86
831.15,44.86
831.17,44.86
831.18,44.85
831.20,44.85
831.21,44.85
831.23,44.85
831.24,44.85
831.26,44.85
831.27,44.85
831.29,44.85
831.30,44.85
831.32,44.85
831.33,44.84
831.35,44.84
831.36,44.84
831.37,44.84
831.39,44.84
831.40,44.84
831.42,44.84
831.43,44.84
831.45,44.84
831.46,44.84
831.48,44.83
831.49,44.83
831.51,44.83
831.52,44.83
831.54,44.83
831.55,44.83
831.57,44.83
831.58,44.83
831.60,44.83
831.61,44.83
831.62,44.82
831.64,44.82
831.65,44.82
831.67,44.82
831.68,44.82
831.70,44.82
831.71,44.82
831.73,44.82
831.74,44.82
831.76,44.82
831.77,44.81
831.79,44.81
831.80,44.81
831.82,44.81
831.83,44.81
831.85,44.81
831.86,44.81
831.87,44.81
831.89,44.81
831.90,44.80
831.92,44.80
831.93,44.80
831.95,44.80
831.96,44.80
831.98,44.80
831.99,44.80
832.01,44.80
832.02,44.80
832.04,44.80
832.05,44.79
832.07,44.79
832.08,44.79
832.10,44.79
832.11,44.79
832.12,44.79
832.14,44.79
832.15,44.79
832.17,44.79
832.18,44.79
832.20,44.78
832.21,44.78
832.23,44.78
832.24,44.78
832.26,44.78
832.27,44.78
832.29,44.78
832.30,44.78
832.32,44.78
832.33,44.78
832.35,44.77
832.36,44.77
832.37,44.77
832.39,44.77
832.40,44.77
832.42,44.77
832.43,44.77
832.45,44.77
832.46,44.77
832.48,44.77
832.49,44.76
832.51,44.76
832.52,44.76
832.54,44.76
832.55,44.76
832.57,44.76
832.58,44.76
832.60,44.76
832.61,44.76
832.63,44.76
832.64,44.75
832.65,44.75
832.67,44.75
832.68,44.75
832.70,44.75
832.71,44.75
832.73,44.75
832.74,44.75
832.76,44.75
832.77,44.75
832.79,44.74
832.80,44.74
832.82,44.74
832.83,44.74
832.85,44.74
832.86,44.74
832.88,44.74
832.89,44.74
832.90,44.74
832.92,44.74
832.93,44.74
832.95,44.74
832.96,44.74
832.98,44.74
832.99,44.74
833.01,44.74
833.02,44.74
833.04,44.74
833.05,44.74
833.07,44.74
833.08,44.74
833.10,44.74
833.11,44.74
833.13,44.74
833.14,44.74
833.15,44.74
833.17,44.74
833.18,44.74
833.20,44.74
833.21,44.74
833.23,44.74
833.24,44.74
833.26,44.74
833.27,44.74
833.29,44.74
833.30,44.74
833.32,44.74
833.33,44.74
833.35,44.74
833.36,44.74
833.38,44.75
833.39,44.75
833.40,44.75
833.42,44.75
833.43,44.75
833.45,44.75
833.46,44.76
833.48,44.76
833.49,44.76
833.51,44.76
833.52,44.76
833.54,44.76
833.55,44.76
833.57,44.76
833.58,44.76
833.60,44.76
833.61,44.76
833.63,44.76
833.64,44.76
833.65,44.76
833.67,44.76
833.68,44.76
833.70,44.76
833.71,44.76
833.73,44.76
833.74,44.76
833.76,44.76
833.77,44.76
833.79,44.76
833.80,44.76
833.82,44.76
833.83,44.76
833.85,44.76
833.86,44.75
833.88,44.75
833.89,44.75
833.90,44.75
833.92,44.75
833.93,44.75
833.95,44.75
833.96,44.75
833.98,44.75
833.99,44.75
834.01,44.74
834.02,44.74
834.04,44.74
834.05,44.74
834.07,44.74
834.08,44.74
834.10,44.74
834.11,44.74
834.13,44.74
834.14,44.74
834.16,44.74
834.17,44.75
834.18,44.75
834.20,44.75
834.21,44.75
834.23,44.75
834.24,44.75
834.26,44.76
834.27,44.76
834.29,44.76
834.30,44.76
834.32,44.76
834.33,44.76
834.35,44.77
834.36,44.77
834.38,44.77
834.39,44.77
834.41,44.77
834.42,44.77
834.43,44.78
834.45,44.78
834.46,44.78
834.48,44.78
834.49,44.78
834.51,44.78
834.52,44.78
834.54,44.79
834.55,44.79
834.57,44.79
834.58,44.79
834.60,44.79
834.61,44.79
834.63,44.80
834.64,44.80
834.66,44.80
834.67,44.80
834.68,44.80
834.70,44.80
834.71,44.81
834.73,44.81
834.74,44.81
834.76,44.81
834.77,44.81
834.79,44.81
834.80,44.81
834.82,44.82
834.83,44.82
834.85,44.81
834.86,44.81
834.88,44.81
834.89,44.81
834.91,44.81
834.92,44.81
834.93,44.81
834.95,44.81
834.96,44.81
834.98,44.81
834.99,44.81
835.01,44.81
835.02,44.81
835.04,44.81
835.05,44.81
835.07,44.81
835.08,44.81
835.10,44.81
835.11,44.81
835.13,44.81
835.14,44.81
835.16,44.81
835.17,44.81
835.18,44.81
835.20,44.81
835.21,44.81
835.23,44.81
835.24,44.81
835.26,44.81
835.27,44.81
835.29,44.81
835.30,44.81
835.32,44.81
835.33,44.81
835.35,44.81
835.36,44.81
835.38,44.81
835.39,44.81
835.41,44.81
835.42,44.81
835.43,44.81
835.45,44.81
835.46,44.81
835.48,44.81
835.49,44.80
835.51,44.80
835.52,44.80
835.54,44.80
835.55,44.80
835.57,44.80
835.58,44.80
835.60,44.80
835.61,44.80
835.63,44.80
835.64,44.80
835.66,44.79
835.67,44.79
835.68,44.79
835.70,44.79
835.71,44.79
835.73,44.79
835.74,44.79
835.76,44.79
835.77,44.79
835.79,44.79
835.80,44.78
835.82,44.78
835.83,44.78
835.85,44.78
835.86,44.78
835.88,44.78
835.89,44.78
835.91,44.78
835.92,44.78
835.94,44.78
835.95,44.77
835.96,44.77
835.98,44.77
835.99,44.77
836.01,44.77
836.02,44.77
836.04,44.77
836.05,44.77
836.07,44.77
836.08,44.77
836.10,44.76
836.11,44.76
836.13,44.76
836.14,44.76
836.16,44.76
836.17,44.76
836.19,44.76
836.20,44.76
836.21,44.76
836.23,44.76
836.24,44.75
836.26,44.75
836.27,44.76
836.29,44.76
836.30,44.76
836.32,44.76
836.33,44.76
836.35,44.76
836.36,44.76
836.38,44.77
836.39,44.77
836.41,44.77
836.42,44.77
836.44,44.77
836.45,44.77
836.46,44.78
836.48,44.78
836.49,44.78
836.51,44.78
836.52,44.78
836.54,44.78
836.55,44.79
836.57,44.79
836.58,44.79
836.60,44.79
836.61,44.79
836.63,44.79
836.64,44.80
836.66,44.80
836.67,44.80
836.69,44.80
836.70,44.80
836.71,44.80
836.73,44.80
836.74,44.81
836.76,44.81
836.77,44.81
836.79,44.81
836.80,44.81
836.82,44.81
836.83,44.82
836.85,44.82
836.86,44.82
836.88,44.82
836.89,44.82
836.91,44.82
836.92,44.82
836.94,44.82
836.95,44.82
836.96,44.82
836.98,44.82
836.99,44.82
837.01,44.81
837.02,44.81
837.04,44.81
837.05,44.81
837.07,44.81
837.08,44.81
837.10,44.81
837.11,44.81
837.13,44.81
837.14,44.81
837.16,44.80
837.17,44.80
837.19,44.80
837.20,44.80
837.21,44.80
837.23,44.80
837.24,44.80
837.26,44.80
837.27,44.80
837.29,44.80
837.30,44.79
837.32,44.79
837.33,44.79
837.35,44.79
837.36,44.79
837.38,44.79
837.39,44.79
837.41,44.79
837.42,44.79
837.44,44.79
837.45,44.78
837.47,44.78
837.48,44.78
837.49,44.78
837.51,44.78
837.52,44.78
837.54,44.78
837.55,44.78
837.57,44.78
837.58,44.77
837.60,44.77
837.61,44.77
837.63,44.77
837.64,44.77
837.66,44.77
837.67,44.77
837.69,44.77
837.70,44.77
837.72,44.77
837.73,44.76
837.74,44.76
837.76,44.76
837.77,44.76
837.79,44.76
837.80,44.76
837.82,44.76
837.83,44.76
837.85,44.76
837.86,44.76
837.88,44.76
837.89,44.76
837.91,44.76
837.92,44.76
837.94,44.76
837.95,44.76
837.97,44.76
837.98,44.76
837.99,44.76
838.01,44.76
838.02,44.76
838.04,44.76
838.05,44.76
838.07,44.76
838.08,44.76
838.10,44.76
838.11,44.76
838.13,44.76
838.14,44.76
838.16,44.76
838.17,44.76
838.19,44.75
838.20,44.75
838.22,44.75
838.23,44.75
838.24,44.75
838.26,44.75
838.27,44.75
838.29,44.75
838.30,44.75
838.32,44.75
838.33,44.75
838.35,44.75
838.36,44.75
838.38,44.75
838.39,44.75
838.41,44.75
838.42,44.75
838.44,44.75
838.45,44.75
838.47,44.76
838.48,44.76
838.49,44.76
838.51,44.76
838.52,44.76
838.54,44.76
838.55,44.77
838.57,44.77
838.58,44.77
838.60,44.77
838.61,44.77
838.63,44.77
838.64,44.77
838.66,44.78
838.67,44.78
838.69,44.78
838.70,44.78
838.72,44.78
838.73,44.78
838.74,44.79
838.76,44.79
838.77,44.79
838.79,44.79
838.80,44.79
838.82,44.79
838.83,44.80
838.85,44.80
838.86,44.80
838.88,44.80
838.89,44.80
838.91,44.80
838.92,44.81
838.94,44.81
838.95,44.81
838.97,44.81
838.98,44.81
839.00,44.81
839.01,44.81
839.02,44.81
839.04,44.81
839.05,44.81
839.07,44.81
839.08,44.81
839.10,44.81
839.11,44.81
839.13,44.81
839.14,44.81
839.16,44.81
839.17,44.81
839.19,44.81
839.20,44.81
839.22,44.81
839.23,44.81
839.25,44.80
839.26,44.80
839.27,44.80
839.29,44.80
839.30,44.80
839.32,44.80
839.33,44.80
839.35,44.80
839.36,44.80
839.38,44.80
839.39,44.80
839.41,44.80
839.42,44.80
839.44,44.81
839.45,44.81
839.47,44.81
839.48,44.81
839.50,44.81
839.51,44.81
839.52,44.81
839.54,44.82
839.55,44.82
839.57,44.82
839.58,44.82
839.60,44.82
839.61,44.82
839.63,44.83
839.64,44.83
839.66,44.83
839.67,44.83
839.69,44.83
839.70,44.83
839.72,44.84
839.73,44.84
839.75,44.84
839.76,44.84
839.77,44.84
839.79,44.84
839.80,44.84
839.82,44.85
839.83,44.85
839.85,44.85
839.86,44.85
839.88,44.85
839.89,44.85
839.91,44.86
839.92,44.86
839.94,44.86
839.95,44.86
839.97,44.86
839.98,44.86
840.00,44.87
840.01,44.87
840.02,44.87
840.04,44.87
840.05,44.87
840.07,44.87
840.08,44.88
840.10,44.88
840.11,44.88
840.13,44.88
840.14,44.88
840.16,44.88
840.17,44.88
840.19,44.89
840.20,44.89
840.22,44.89
840.23,44.89
840.25,44.89
840.26,44.89
840.27,44.90
840.29,44.90
840.30,44.90
840.32,44.90
840.33,44.90
840.35,44.90
840.36,44.91
840.38,44.91
840.39,44.91
840.41,44.91
840.42,44.91
840.44,44.91
840.45,44.91
840.47,44.92
840.48,44.92
840.50,44.92
840.51,44.92
840.53,44.92
840.54,44.92
840.55,44.93
840.57,44.93
840.58,44.93
840.60,44.93
840.61,44.93
840.63,44.93
840.64,44.94
840.66,44.94
840.67,44.94
840.69,44.94
840.70,44.94
840.72,44.94
840.73,44.94
840.75,44.94
840.76,44.94
840.78,44.94
840.79,44.94
840.80,44.94
840.82,44.94
840.83,44.94
840.85,44.94
840.86,44.94
840.88,44.93
840.89,44.93
840.91,44.93
840.92,44.93
840.94,44.93
840.95,44.93
840.97,44.93
840.98,44.93
841.00,44.93
841.01,44.93
841.03,44.92
841.04,44.92
841.05,44.92
841.07,44.92
841.08,44.92
841.10,44.92
841.11,44.92
841.13,44.92
841.14,44.92
841.16,44.92
841.17,44.91
841.19,44.91
841.20,44.91
841.22,44.91
841.23,44.91
841.25,44.91
841.26,44.91
841.28,44.91
841.29,44.91
841.30,44.91
841.32,44.91
841.33,44.91
841.35,44.91
841.36,44.91
841.38,44.91
841.39,44.91
841.41,44.91
841.42,44.91
841.44,44.91
841.45,44.91
841.47,44.91
841.48,44.91
841.50,44.91
841.51,44.91
841.53,44.91
841.54,44.91
841.55,44.91
841.57,44.91
841.58,44.91
841.60,44.91
841.61,44.91
841.63,44.91
841.64,44.91
841.66,44.91
841.67,44.91
841.69,44.91
841.70,44.91
841.72,44.91
841.73,44.91
841.75,44.91
841.76,44.91
841.78,44.91
841.79,44.91
841.80,44.91
841.82,44.91
841.83,44.91
841.85,44.91
841.86,44.91
841.88,44.90
841.89,44.90
841.91,44.90
841.92,44.90
841.94,44.90
841.95,44.90
841.97,44.90
841.98,44.90
842.00,44.90
842.01,44.90
842.03,44.90
842.04,44.90
842.06,44.90
842.07,44.90
842.08,44.90
842.10,44.91
842.11,44.91
842.13,44.91
842.14,44.91
842.16,44.91
842.17,44.91
842.19,44.92
842.20,44.92
842.22,44.92
842.23,44.92
842.25,44.92
842.26,44.92
842.28,44.93
842.29,44.93
842.31,44.93
842.32,44.93
842.33,44.93
842.35,44.93
842.36,44.93
842.38,44.93
842.39,44.93
842.41,44.93
842.42,44.93
842.44,44.93
842.45,44.93
842.47,44.93
842.48,44.93
842.50,44.93
842.51,44.93
842.53,44.93
842.54,44.93
842.56,44.93
842.57,44.93
842.58,44.93
842.60,44.92
842.61,44.92
842.63,44.92
842.64,44.92
842.66,44.92
842.67,44.92
842.69,44.92
842.70,44.92
842.72,44.92
842.73,44.92
842.75,44.92
842.76,44.91
842.78,44.91
842.79,44.91
842.81,44.91
842.82,44.91
842.83,44.91
842.85,44.91
842.86,44.91
842.88,44.91
842.89,44.91
842.91,44.90
842.92,44.90
842.94,44.90
842.95,44.90
842.97,44.90
842.98,44.90
843.00,44.90
843.01,44.90
843.03,44.90
843.04,44.90
843.06,44.89
843.07,44.89
843.08,44.90
843.10,44.90
843.11,44.90
843.13,44.90
843.14,44.90
843.16,44.90
843.17,44.90
843.19,44.91
843.20,44.91
843.22,44.91
843.23,44.91
843.25,44.91
843.26,44.91
843.28,44.92
843.29,44.92
843.31,44.92
843.32,44.92
843.33,44.92
843.35,44.92
843.36,44.93
843.38,44.93
843.39,44.93
843.41,44.93
843.42,44.93
843.44,44.93
843.45,44.94
843.47,44.94
843.48,44.94
843.50,44.94
843.51,44.94
843.53,44.94
843.54,44.94
843.56,44.95
843.57,44.95
843.59,44.95
843.60,44.95
843.61,44.95
843.63,44.95
843.64,44.96
843.66,44.96
843.67,44.96
843.69,44.96
843.70,44.96
843.72,44.96
843.73,44.97
843.75,44.97
843.76,44.97
843.78,44.97
843.79,44.97
843.81,44.97
843.82,44.97
843.84,44.98
843.85,44.98
843.86,44.98
843.88,44.98
843.89,44.98
843.91,44.98
843.92,44.99
843.94,44.99
843.95,44.99
843.97,44.99
843.98,44.99
844.00,44.99
844.01,45.00
844.03,45.00
844.04,45.00
844.06,45.00
844.07,45.00
844.09,45.00
844.10,45.00
844.11,45.01
844.13,45.01
844.14,45.01
844.16,45.01
844.17,45.01
844.19,45.01
844.20,45.02
844.22,45.02
844.23,45.02
844.25,45.02
844.26,45.02
844.28,45.02
844.29,45.03
844.31,45.03
844.32,45.03
844.34,45.03
844.35,45.03
844.36,45.03
844.38,45.03
844.39,45.04
844.41,45.04
844.42,45.04
844.44,45.04
844.45,45.04
844.47,45.04
844.48,45.04
844.50,45.03
844.51,45.03
844.53,45.03
844.54,45.03
844.56,45.03
844.57,45.03
844.59,45.03
844.60,45.03
844.61,45.03
844.63,45.02
844.64,45.02
844.66,45.02
844.67,45.02
844.69,45.02
844.70,45.02
844.72,45.02
844.73,45.02
844.75,45.02
844.76,45.02
844.78,45.01
844.79,45.01
844.81,45.01
844.82,45.01
844.84,45.01
844.85,45.01
844.86,45.01
844.88,45.01
844.89,45.01
844.91,45.01
844.92,45.00
844.94,45.00
844.95,45.00
844.97,45.00
844.98,45.00
845.00,45.00
845.01,45.00
845.03,45.00
845.04,45.00
845.06,45.00
845.07,44.99
845.09,44.99
845.10,44.99
845.12,44.99
845.13,44.99
845.14,44.99
845.16,44.99
845.17,44.99
845.19,44.99
845.20,44.98
845.22,44.98
845.23,44.98
845.25,44.98
845.26,44.98
845.28,44.98
845.29,44.98
845.31,44.98
845.32,44.98
845.34,44.98
845.35,44.97
845.37,44.97
845.38,44.97
845.39,44.97
845.41,44.97
845.42,44.97
845.44,44.97
845.45,44.97
845.47,44.97
845.48,44.97
845.50,44.96
845.51,44.96
845.53,44.96
845.54,44.96
845.56,44.96
845.57,44.96
845.59,44.96
845.60,44.96
845.62,44.96
845.63,44.96
845.64,44.95
845.66,44.95
845.67,44.95
845.69,44.95
845.70,44.95
845.72,44.95
845.73,44.95
845.75,44.95
845.76,44.95
845.78,44.95
845.79,44.95
845.81,44.95
845.82,44.95
845.84,44.95
845.85,44.95
845.87,44.95
845.88,44.95
845.89,44.95
845.91,44.95
845.92,44.95
845.94,44.95
845.95,44.95
845.97,44.95
845.98,44.95
846.00,44.95
846.01,44.95
846.03,44.95
846.04,44.95
846.06,44.95
846.07,44.95
846.09,44.95
846.10,44.95
846.12,44.95
846.13,44.95
846.14,44.95
846.16,44.95
846.17,44.95
846.19,44.95
846.20,44.95
846.22,44.95
846.23,44.95
846.25,44.95
846.26,44.95
846.28,44.95
846.29,44.95
846.31,44.95
846.32,44.95
846.34,44.95
846.35,44.95
846.37,44.95
846.38,44.95
846.39,44.94
846.41,44.94
846.42,44.94
846.44,44.94
846.45,44.94
846.47,44.94
846.48,44.94
846.50,44.94
846.51,44.94
846.53,44.94
846.54,44.94
846.56,44.94
846.57,44.94
846.59,44.93
846.60,44.93
846.62,44.93
846.63,44.93
846.65,44.93
846.66,44.93
846.67,44.93
846.69,44.93
846.70,44.93
846.72,44.93
846.73,44.92
846.75,44.92
846.76,44.92
846.78,44.92
846.79,44.92
846.81,44.92
846.82,44.92
846.84,44.92
846.85,44.92
846.87,44.92
846.88,44.93
846.90,44.93
846.91,44.93
846.92,44.93
846.94,44.93
846.95,44.93
846.97,44.93
846.98,44.94
847.00,44.94
847.01,44.94
847.03,44.94
847.04,44.94
847.06,44.94
847.07,44.95
847.09,44.95
847.10,44.95
847.12,44.95
847.13,44.95
847.15,44.95
847.16,44.96
847.17,44.96
847.19,44.96
847.20,44.96
847.22,44.96
847.23,44.96
847.25,44.96
847.26,44.97
847.28,44.97
847.29,44.97
847.31,44.97
847.32,44.97
847.34,44.97
847.35,44.98
847.37,44.98
847.38,44.98
847.40,44.98
847.41,44.98
847.42,44.98
847.44,44.99
847.45,44.99
847.47,44.99
847.48,44.99
847.50,44.99
847.51,44.99
847.53,44.99
847.54,45.00
847.56,45.00
847.57,45.00
847.59,45.00
847.60,45.00
847.62,45.00
847.63,45.01
847.65,45.01
847.66,45.01
847.67,45.01
847.69,45.01
847.70,45.01
847.72,45.00
847.73,45.00
847.75,45.00
847.76,45.00
847.78,45.00
847.79,45.00
847.81,45.00
847.82,45.00
847.84,45.00
847.85,45.00
847.87,45.00
847.88,45.00
847.90,45.00
847.91,45.00
847.92,45.00
847.94,45.00
847.95,45.00
847.97,45.00
847.98,45.00
848.00,45.00
848.01,45.00
848.03,45.00
848.04,45.00
848.06,45.00
848.07,45.00
848.09,45.00
848.10,45.00
848.12,45.00
848.13,45.00
848.15,45.00
848.16,45.00
848.18,45.00
848.19,45.00
848.20,45.00
848.22,45.00
848.23,45.00
848.25,45.00
848.26,45.00
848.28,45.00
848.29,45.00
848.31,45.00
848.32,45.00
848.34,45.00
848.35,45.00
848.37,45.00
848.38,44.99
848.40,44.99
848.41,44.99
848.43,44.99
848.44,44.99
848.45,44.99
848.47,44.99
848.48,44.99
848.50,44.99
848.51,44.99
848.53,44.98
848.54,44.98
848.56,44.98
848.57,44.98
848.59,44.98
848.60,44.98
848.62,44.98
848.63,44.98
848.65,44.98
848.66,44.98
848.68,44.98
848.69,44.98
848.70,44.98
848.72,44.98
848.73,44.98
848.75,44.98
848.76,44.98
848.78,44.98
848.79,44.98
848.81,44.98
848.82,44.98
848.84,44.98
848.85,44.98
848.87,44.98
848.88,44.98
848.90,44.98
848.91,44.98
848.93,44.97
848.94,44.97
848.95,44.97
848.97,44.97
848.98,44.97
849.00,44.97
849.01,44.97
849.03,44.97
849.04,44.97
849.06,44.97
849.07,44.97
849.09,44.97
849.10,44.97
849.12,44.97
849.13,44.97
849.15,44.97
849.16,44.97
849.18,44.97
849.19,44.97
849.20,44.97
849.22,44.97
849.23,44.97
849.25,44.97
849.26,44.97
849.28,44.97
849.29,44.97
849.31,44.97
849.32,44.97
849.34,44.98
849.35,44.98
849.37,44.98
849.38,44.98
849.40,44.98
849.41,44.98
849.43,44.99
849.44,44.99
849.45,44.99
849.47,44.99
849.48,44.99
849.50,44.99
849.51,45.00
849.53,45.00
849.54,45.00
849.56,45.00
849.57,45.00
849.59,45.00
849.60,45.00
849.62,45.01
849.63,45.01
849.65,45.01
849.66,45.01
849.68,45.01
849.69,45.01
849.71,45.02
849.72,45.02
849.73,45.02
849.75,45.02
849.76,45.02
849.78,45.02
849.79,45.03
849.81,45.03
849.82,45.03
849.84,45.03
849.85,45.03
849.87,45.03
849.88,45.03
849.90,45.04
849.91,45.04
849.93,45.04
849.94,45.04
849.96,45.04
849.97,45.04
849.98,45.05
850.00,45.05
850.01,45.05
850.03,45.05
850.04,45.05
850.06,45.05
850.07,45.06
850.09,45.06
850.10,45.06
850.12,45.06
850.13,45.06
850.15,45.06
850.16,45.06
850.18,45.07
850.19,45.07
850.21,45.07
850.22,45.07
850.23,45.07
850.25,45.07
850.26,45.08
850.28,45.08
850.29,45.08
850.31,45.08
850.32,45.08
850.34,45.08
850.35,45.09
850.37,45.09
850.38,45.09
850.40,45.09
850.41,45.09
850.43,45.09
850.44,45.09
850.46,45.10
850.47,45.10
850.48,45.10
850.50,45.10
850.51,45.10
850.53,45.10
850.54,45.11
850.56,45.11
850.57,45.11
850.59,45.11
850.60,45.11
850.62,45.11
850.63,45.11
850.65,45.11
850.66,45.11
850.68,45.11
850.69,45.11
850.71,45.11
850.72,45.11
850.73,45.11
850.75,45.11
850.76,45.11
850.78,45.11
850.79,45.11
850.81,45.11
850.82,45.11
850.84,45.11
850.85,45.11
850.87,45.11
850.88,45.11
850.90,45.11
850.91,45.11
850.93,45.11
850.94,45.11
850.96,45.11
850.97,45.11
850.98,45.11
851.00,45.11
851.01,45.10
851.03,45.10
851.04,45.10
851.06,45.10
851.07,45.10
851.09,45.10
851.10,45.10
851.12,45.10
851.13,45.10
851.15,45.10
851.16,45.10
851.18,45.10
851.19,45.10
851.21,45.10
851.22,45.10
851.24,45.10
851.25,45.09
851.26,45.09
851.28,45.09
851.29,45.09
851.31,45.09
851.32,45.09
851.34,45.09
851.35,45.09
851.37,45.09
851.38,45.08
851.40,45.08
851.41,45.08
851.43,45.08
851.44,45.08
851.46,45.08
851.47,45.08
851.49,45.08
851.50,45.08
851.51,45.08
851.53,45.07
851.54,45.07
851.56,45.07
851.57,45.07
851.59,45.07
851.60,45.07
851.62,45.07
851.63,45.07
851.65,45.07
851.66,45.08
851.68,45.08
851.69,45.08
851.71,45.08
851.72,45.08
851.74,45.08
851.75,45.09
851.76,45.09
851.78,45.09
851.79,45.09
851.81,45.09
851.82,45.09
851.84,45.10
851.85,45.10
851.87,45.10
851.88,45.10
851.90,45.10
851.91,45.10
851.93,45.10
851.94,45.11
851.96,45.11
851.97,45.11
851.99,45.11
852.00,45.11
852.01,45.11
852.03,45.12
852.04,45.12
852.06,45.12
852.07,45.12
852.09,45.12
852.10,45.12
852.12,45.12
852.13,45.13
852.15,45.13
852.16,45.13
852.18,45.13
852.19,45.13
852.21,45.13
852.22,45.14
852.24,45.14
852.25,45.14
852.26,45.14
852.28,45.14
852.29,45.14
852.31,45.15
852.32,45.15
852.34,45.15
852.35,45.15
852.37,45.15
852.38,45.15
852.40,45.15
852.41,45.16
852.43,45.16
852.44,45.16
852.46,45.16
852.47,45.16
852.49,45.16
852.50,45.17
852.51,45.17
852.53,45.17
852.54,45.17
852.56,45.17
852.57,45.17
852.59,45.17
852.60,45.17
852.62,45.17
852.63,45.17
852.65,45.17
852.66,45.17
852.68,45.17
852.69,45.17
852.71,45.17
852.72,45.17
852.74,45.17
852.75,45.17
852.77,45.17
852.78,45.17
852.79,45.17
852.81,45.17
852.82,45.17
852.84,45.17
852.85,45.17
852.87,45.17
852.88,45.17
852.90,45.17
852.91,45.17
852.93,45.17
852.94,45.17
852.96,45.17
852.97,45.17
852.99,45.17
853.00,45.17
853.02,45.17
853.03,45.17
853.04,45.17
853.06,45.17
853.07,45.17
853.09,45.17
853.10,45.17
853.12,45.17
853.13,45.17
853.15,45.17
853.16,45.17
853.18,45.17
853.19,45.17
853.21,45.17
853.22,45.17
853.24,45.16
853.25,45.16
853.27,45.16
853.28,45.16
853.29,45.16
853.31,45.16
853.32,45.16
853.34,45.16
853.35,45.16
853.37,45.16
853.38,45.16
853.40,45.15
853.41,45.15
853.43,45.15
853.44,45.15
853.46,45.15
853.47,45.15
853.49,45.15
853.50,45.15
853.52,45.15
853.53,45.15
853.54,45.15
853.56,45.15
853.57,45.15
853.59,45.15
853.60,45.16
853.62,45.16
853.63,45.16
853.65,45.16
853.66,45.16
853.68,45.16
853.69,45.17
853.71,45.17
853.72,45.17
853.74,45.17
853.75,45.17
853.77,45.17
853.78,45.17
853.79,45.18
853.81,45.18
853.82,45.18
853.84,45.18
853.85,45.18
853.87,45.18
853.88,45.19
853.90,45.19
853.91,45.19
853.93,45.19
853.94,45.19
853.96,45.19
853.97,45.20
853.99,45.20
854.00,45.20
854.02,45.20
854.03,45.20
854.04,45.20
854.06,45.20
854.07,45.20
854.09,45.21
854.10,45.21
854.12,45.21
854.13,45.21
854.15,45.21
854.16,45.21
854.18,45.21
854.19,45.21
854.21,45.21
854.22,45.21
854.24,45.21
854.25,45.21
854.27,45.21
854.28,45.21
854.30,45.21
854.31,45.21
854.32,45.21
854.34,45.22
854.35,45.22
854.37,45.22
854.38,45.22
854.40,45.22
854.41,45.22
854.43,45.22
854.44,45.22
854.46,45.22
854.47,45.22
854.49,45.22
854.50,45.22
854.52,45.22
854.53,45.22
854.55,45.22
854.56,45.22
854.57,45.22
854.59,45.23
854.60,45.23
854.62,45.23
854.63,45.23
854.65,45.23
854.66,45.23
854.68,45.23
854.69,45.23
854.71,45.23
854.72,45.23
854.74,45.23
854.75,45.23
854.77,45.23
854.78,45.23
854.80,45.23
854.81,45.23
854.82,45.23
854.84,45.23
854.85,45.24
854.87,45.24
854.88,45.24
854.90,45.24
854.91,45.24
854.93,45.23
854.94,45.23
854.96,45.23
854.97,45.23
854.99,45.23
855.00,45.23
855.02,45.23
855.03,45.23
855.05,45.23
855.06,45.22
855.07,45.22
855.09,45.22
855.10,45.22
855.12,45.22
855.13,45.22
855.15,45.22
855.16,45.22
855.18,45.22
855.19,45.22
855.21,45.21
855.22,45.21
855.24,45.21
855.25,45.21
855.27,45.21
855.28,45.21
855.30,45.21
855.31,45.21
855.32,45.21
855.34,45.20
855.35,45.20
855.37,45.20
855.38,45.20
855.40,45.20
855.41,45.20
855.43,45.20
855.44,45.20
855.46,45.20
855.47,45.20
855.49,45.19
855.50,45.19
855.52,45.19
855.53,45.19
855.55,45.19
855.56,45.19
855.57,45.19
855.59,45.19
855.60,45.19
855.62,45.19
855.63,45.18
855.65,45.18
855.66,45.18
855.68,45.18
855.69,45.18
855.71,45.18
855.72,45.18
855.74,45.18
855.75,45.18
855.77,45.17
855.78,45.17
855.80,45.17
855.81,45.17
855.82,45.17
855.84,45.17
855.85,45.17
855.87,45.17
855.88,45.17
855.90,45.17
855.91,45.16
855.93,45.16
855.94,45.16
855.96,45.16
855.97,45.16
855.99,45.16
856.00,45.16
856.02,45.16
856.03,45.16
856.05,45.15
856.06,45.15
856.08,45.15
856.09,45.15
856.10,45.15
856.12,45.15
856.13,45.15
856.15,45.15
856.16,45.15
856.18,45.15
856.19,45.14
856.21,45.14
856.22,45.14
856.24,45.14
856.25,45.14
856.27,45.14
856.28,45.14
856.30,45.14
856.31,45.14
856.33,45.14
856.34,45.13
856.35,45.13
856.37,45.13
856.38,45.13
856.40,45.13
856.41,45.13
856.43,45.13
856.44,45.13
856.46,45.13
856.47,45.12
856.49,45.12
856.50,45.12
856.52,45.12
856.53,45.12
856.55,45.12
856.56,45.12
856.58,45.12
856.59,45.12
856.60,45.12
856.62,45.11
856.63,45.11
856.65,45.11
856.66,45.11
856.68,45.11
856.69,45.11
856.71,45.11
856.72,45.11
856.74,45.11
856.75,45.11
856.77,45.11
856.78,45.11
856.80,45.11
856.81,45.11
856.83,45.11
856.84,45.11
856.85,45.11
856.87,45.11
856.88,45.11
856.90,45.11
856.91,45.11
856.93,45.11
856.94,45.11
856.96,45.11
856.97,45.11
856.99,45.11
857.00,45.11
857.02,45.11
857.03,45.11
857.05,45.11
857.06,45.11
857.08,45.11
857.09,45.11
857.10,45.11
857.12,45.11
857.13,45.11
857.15,45.11
857.16,45.11
857.18,45.11
857.19,45.11
857.21,45.11
857.22,45.11
857.24,45.11
857.25,45.11
857.27,45.11
857.28,45.11
857.30,45.11
857.31,45.11
857.33,45.10
857.34,45.10
857.35,45.10
857.37,45.10
857.38,45.10
857.40,45.10
857.41,45.10
857.43,45.10
857.44,45.10
857.46,45.10
857.47,45.10
857.49,45.10
857.50,45.10
857.52,45.10
857.53,45.10
857.55,45.10
857.56,45.10
857.58,45.10
857.59,45.10
857.61,45.10
857.62,45.10
857.63,45.10
857.65,45.10
857.66,45.10
857.68,45.10
857.69,45.10
857.71,45.10
857.72,45.10
857.74,45.10
857.75,45.10
857.77,45.10
857.78,45.10
857.80,45.10
857.81,45.10
857.83,45.10
857.84,45.10
857.86,45.10
857.87,45.10
857.88,45.09
857.90,45.09
857.91,45.10
857.93,45.10
857.94,45.10
857.96,45.10
857.97,45.10
857.99,45.10
858.00,45.11
858.02,45.11
858.03,45.11
858.05,45.11
858.06,45.11
858.08,45.11
858.09,45.11
858.11,45.12
858.12,45.12
858.13,45.12
858.15,45.12
858.16,45.12
858.18,45.12
858.19,45.13
858.21,45.13
858.22,45.13
858.24,45.13
858.25,45.13
858.27,45.13
858.28,45.14
858.30,45.14
858.31,45.14
858.33,45.14
858.34,45.14
858.36,45.14
858.37,45.14
858.38,45.15
858.40,45.15
858.41,45.15
858.43,45.15
858.44,45.15
858.46,45.15
858.47,45.16
858.49,45.16
858.50,45.16
858.52,45.16
858.53,45.16
858.55,45.16
858.56,45.16
858.58,45.17
858.59,45.17
858.61,45.17
858.62,45.17
858.63,45.17
858.65,45.17
858.66,45.18
858.68,45.18
858.69,45.18
858.71,45.18
858.72,45.18
858.74,45.18
858.75,45.19
858.77,45.19
858.78,45.19
858.80,45.19
858.81,45.19
858.83,45.19
858.84,45.19
858.86,45.20
858.87,45.20
858.88,45.20
858.90,45.20
858.91,45.20
858.93,45.20
858.94,45.21
858.96,45.21
858.97,45.21
858.99,45.21
859.00,45.21
859.02,45.21
859.03,45.22
859.05,45.22
859.06,45.22
859.08,45.22
859.09,45.22
859.11,45.22
859.12,45.22
859.14,45.23
859.15,45.23
859.16,45.23
859.18,45.23
859.19,45.23
859.21,45.23
859.22,45.24
859.24,45.24
859.25,45.24
859.27,45.24
859.28,45.24
859.30,45.24
859.31,45.24
859.33,45.25
859.34,45.25
859.36,45.25
859.37,45.25
859.39,45.25
859.40,45.25
859.41,45.26
859.43,45.26
859.44,45.26
859.46,45.26
859.47,45.26
859.49,45.26
859.50,45.26
859.52,45.26
859.53,45.26
859.55,45.26
859.56,45.26
859.58,45.26
859.59,45.26
859.61,45.26
859.62,45.26
859.64,45.25
859.65,45.25
859.66,45.25
859.68,45.25
859.69,45.25
859.71,45.25
859.72,45.25
859.74,45.25
859.75,45.25
859.77,45.24
859.78,45.24
859.80,45.24
859.81,45.24
859.83,45.24
859.84,45.24
859.86,45.24
859.87,45.24
859.89,45.24
859.90,45.24
859.91,45.23
859.93,45.23
859.94,45.23
859.96,45.23
859.97,45.23
859.99,45.23
860.00,45.23
860.02,45.23
860.03,45.23
860.05,45.22
860.06,45.22
860.08,45.22
860.09,45.22
860.11,45.22
860.12,45.22
860.14,45.22
860.15,45.22
860.16,45.22
860.18,45.22
860.19,45.21
860.21,45.21
860.22,45.21
860.24,45.21
860.25,45.21
860.27,45.21
860.28,45.21
860.30,45.21
860.31,45.21
860.33,45.20
860.34,45.20
860.36,45.20
860.37,45.20
860.39,45.20
860.40,45.20
860.41,45.20
860.43,45.20
860.44,45.20
860.46,45.20
860.47,45.20
860.49,45.20
860.50,45.20
860.52,45.20
860.53,45.20
860.55,45.20
860.56,45.20
860.58,45.20
860.59,45.20
860.61,45.20
860.62,45.20
860.64,45.19
860.65,45.19
860.67,45.19
860.68,45.19
860.69,45.19
860.71,45.19
860.72,45.19
860.74,45.19
860.75,45.19
860.77,45.19
860.78,45.19
860.80,45.19
860.81,45.19
860.83,45.19
860.84,45.19
860.86,45.19
860.87,45.19
860.89,45.19
860.90,45.19
860.92,45.19
860.93,45.19
860.94,45.19
860.96,45.19
860.97,45.19
860.99,45.19
861.00,45.19
861.02,45.19
861.03,45.19
861.05,45.19
861.06,45.19
861.08,45.19
861.09,45.19
861.11,45.19
861.12,45.19
861.14,45.18
861.15,45.19
861.17,45.19
861.18,45.19
861.19,45.19
861.21,45.19
861.22,45.19
861.24,45.20
861.25,45.20
861.27,45.20
861.28,45.20
861.30,45.20
861.31,45.20
861.33,45.21
861.34,45.21
861.36,45.21
861.37,45.21
861.39,45.21
861.40,45.21
861.42,45.21
861.43,45.22
861.44,45.22
861.46,45.22
861.47,45.22
861.49,45.22
861.50,45.22
861.52,45.23
861.53,45.23
861.55,45.23
861.56,45.23
861.58,45.23
861.59,45.23
861.61,45.24
861.62,45.24
861.64,45.24
861.65,45.24
861.67,45.24
861.68,45.24
861.69,45.24
861.71,45.25
861.72,45.25
861.74,45.25
861.75,45.25
861.77,45.25
861.78,45.25
861.80,45.25
861.81,45.25
861.83,45.25
861.84,45.25
861.86,45.25
861.87,45.25
861.89,45.25
861.90,45.25
861.92,45.25
861.93,45.25
861.94,45.25
861.96,45.25
861.97,45.25
861.99,45.25
862.00,45.25
862.02,45.25
862.03,45.25
862.05,45.25
862.06,45.24
862.08,45.24
862.09,45.24
862.11,45.24
862.12,45.24
862.14,45.24
862.15,45.24
862.17,45.24
862.18,45.24
862.20,45.24
862.21,45.24
862.22,45.24
862.24,45.24
862.25,45.24
862.27,45.24
862.28,45.24
862.30,45.24
862.31,45.24
862.33,45.24
862.34,45.24
862.36,45.24
862.37,45.23
862.39,45.23
862.40,45.23
862.42,45.23
862.43,45.23
862.45,45.23
862.46,45.23
862.47,45.23
862.49,45.23
862.50,45.22
862.52,45.22
862.53,45.22
862.55,45.22
862.56,45.22
862.58,45.22
862.59,45.22
862.61,45.22
862.62,45.22
862.64,45.22
862.65,45.21
862.67,45.21
862.68,45.21
862.70,45.21
862.71,45.22
862.72,45.22
862.74,45.22
862.75,45.22
862.77,45.22
862.78,45.22
862.80,45.23
862.81,45.23
862.83,45.23
862.84,45.23
862.86,45.23
862.87,45.23
862.89,45.23
862.90,45.24
862.92,45.24
862.93,45.24
862.95,45.24
862.96,45.24
862.97,45.24
862.99,45.24
863.00,45.24
863.02,45.24
863.03,45.24
863.05,45.24
863.06,45.24
863.08,45.24
863.09,45.24
863.11,45.24
863.12,45.24
863.14,45.24
863.15,45.24
863.17,45.24
863.18,45.24
863.20,45.24
863.21,45.24
863.22,45.24
863.24,45.24
863.25,45.24
863.27,45.24
863.28,45.24
863.30,45.24
863.31,45.24
863.33,45.24
863.34,45.24
863.36,45.24
863.37,45.23
863.39,45.23
863.40,45.23
863.42,45.23
863.43,45.23
863.45,45.23
863.46,45.23
863.47,45.23
863.49,45.23
863.50,45.23
863.52,45.22
863.53,45.22
863.55,45.22
863.56,45.22
863.58,45.22
863.59,45.22
863.61,45.22
863.62,45.22
863.64,45.22
863.65,45.21
863.67,45.21
863.68,45.22
863.70,45.22
863.71,45.22
863.73,45.22
863.74,45.22
863.75,45.22
863.77,45.23
863.78,45.23
863.80,45.23
863.81,45.23
863.83,45.23
863.84,45.23
863.86,45.23
863.87,45.24
863.89,45.24
863.90,45.24
863.92,45.24
863.93,45.24
863.95,45.24
863.96,45.25
863.98,45.25
863.99,45.25
864.00,45.25
864.02,45.25
864.03,45.25
864.05,45.25
864.06,45.26
864.08,45.26
864.09,45.26
864.11,45.26
864.12,45.26
864.14,45.26
864.15,45.27
864.17,45.27
864.18,45.27
864.20,45.27
864.21,45.27
864.23,45.27
864.24,45.27
864.25,45.27
864.27,45.27
864.28,45.27
864.30,45.27
864.31,45.27
864.33,45.27
864.34,45.27
864.36,45.27
864.37,45.27
864.39,45.27
864.40,45.27
864.42,45.27
864.43,45.27
864.45,45.27
864.46,45.27
864.48,45.27
864.49,45.26
864.50,45.26
864.52,45.26
864.53,45.26
864.55,45.26
864.56,45.26
864.58,45.26
864.59,45.26
864.61,45.26
864.62,45.26
864.64,45.26
864.65,45.26
864.67,45.26
864.68,45.26
864.70,45.25
864.71,45.25
864.73,45.25
864.74,45.25
864.75,45.25
864.77,45.25
864.78,45.25
864.80,45.25
864.81,45.25
864.83,45.25
864.84,45.24
864.86,45.24
864.87,45.24
864.89,45.24
864.90,45.24
864.92,45.24
864.93,45.24
864.95,45.24
864.96,45.24
864.98,45.24
864.99,45.24
865.00,45.25
865.02,45.25
865.03,45.25
865.05,45.25
865.06,45.25
865.08,45.25
865.09,45.26
865.11,45.26
865.12,45.26
865.14,45.26
865.15,45.26
865.17,45.26
865.18,45.26
865.20,45.27
865.21,45.27
865.23,45.27
865.24,45.27
865.26,45.27
865.27,45.27
865.28,45.28
865.30,45.28
865.31,45.28
865.33,45.28
865.34,45.28
865.36,45.28
865.37,45.29
865.39,45.29
865.40,45.29
865.42,45.29
865.43,45.29
865.45,45.29
865.46,45.29
865.48,45.30
865.49,45.30
865.51,45.30
865.52,45.30
865.53,45.30
865.55,45.30
865.56,45.30
865.58,45.30
865.59,45.31
865.61,45.31
865.62,45.31
865.64,45.31
865.65,45.31
865.67,45.31
865.68,45.31
865.70,45.31
865.71,45.31
865.73,45.31
865.74,45.31
865.76,45.31
865.77,45.31
865.78,45.31
865.80,45.31
865.81,45.31
865.83,45.31
865.84,45.31
865.86,45.32
865.87,45.32
865.89,45.32
865.90,45.32
865.92,45.32
865.93,45.32
865.95,45.32
865.96,45.32
865.98,45.32
865.99,45.32
866.01,45.32
866.02,45.32
866.03,45.32
866.05,45.32
866.06,45.32
866.08,45.32
866.09,45.32
866.11,45.33
866.12,45.33
866.14,45.33
866.15,45.33
866.17,45.33
866.18,45.33
866.20,45.33
866.21,45.33
866.23,45.33
866.24,45.33
866.26,45.33
866.27,45.33
866.28,45.33
866.30,45.33
866.31,45.33
866.33,45.33
866.34,45.33
866.36,45.33
866.37,45.33
866.39,45.32
866.40,45.32
866.42,45.32
866.43,45.32
866.45,45.32
866.46,45.32
866.48,45.32
866.49,45.32
866.51,45.32
866.52,45.31
866.53,45.31
866.55,45.31
866.56,45.31
866.58,45.31
866.59,45.31
866.61,45.31
866.62,45.31
866.64,45.31
866.65,45.31
866.67,45.30
866.68,45.30
866.70,45.30
866.71,45.30
866.73,45.30
866.74,45.30
866.76,45.30
866.77,45.30
866.79,45.30
866.80,45.29
866.81,45.29
866.83,45.29
866.84,45.29
866.86,45.29
866.87,45.29
866.89,45.29
866.90,45.29
866.92,45.29
866.93,45.29
866.95,45.28
866.96,45.28
866.98,45.28
866.99,45.28
867.01,45.28
867.02,45.28
867.04,45.28
867.05,45.28
867.06,45.28
867.08,45.27
867.09,45.27
867.11,45.27
867.12,45.27
867.14,45.27
867.15,45.27
867.17,45.27
867.18,45.27
867.20,45.27
867.21,45.27
867.23,45.26
867.24,45.26
867.26,45.26
867.27,45.26
867.29,45.26
867.30,45.26
867.31,45.26
867.33,45.26
867.34,45.26
867.36,45.25
867.37,45.25
867.39,45.25
867.40,45.25
867.42,45.25
867.43,45.25
867.45,45.25
867.46,45.25
867.48,45.25
867.49,45.25
867.51,45.24
867.52,45.24
867.54,45.24
867.55,45.24
867.56,45.24
867.58,45.24
867.59,45.24
867.61,45.24
867.62,45.24
867.64,45.23
867.65,45.23
867.67,45.23
867.68,45.23
867.70,45.23
867.71,45.23
867.73,45.23
867.74,45.23
867.76,45.23
867.77,45.23
867.79,45.22
867.80,45.22
867.81,45.22
867.83,45.22
867.84,45.22
867.86,45.22
867.87,45.22
867.89,45.22
867.90,45.22
867.92,45.21
867.93,45.21
867.95,45.21
867.96,45.21
867.98,45.21
867.99,45.21
868.01,45.21
868.02,45.21
868.04,45.21
868.05,45.21
868.06,45.20
868.08,45.20
868.09,45.20
868.11,45.20
868.12,45.20
868.14,45.20
868.15,45.20
868.17,45.20
868.18,45.20
868.20,45.20
868.21,45.19
868.23,45.19
868.24,45.19
868.26,45.19
868.27,45.19
868.29,45.19
868.30,45.19
868.32,45.19
868.33,45.19
868.34,45.18
868.36,45.18
868.37,45.18
868.39,45.18
868.40,45.18
868.42,45.18
868.43,45.18
868.45,45.18
868.46,45.18
868.48,45.18
868.49,45.17
868.51,45.17
868.52,45.17
868.54,45.17
868.55,45.17
868.57,45.17
868.58,45.17
868.59,45.17
868.61,45.17
868.62,45.16
868.64,45.16
868.65,45.16
868.67,45.16
868.68,45.16
868.70,45.16
868.71,45.16
868.73,45.16
868.74,45.16
868.76,45.16
868.77,45.15
868.79,45.15
868.80,45.15
868.82,45.15
868.83,45.15
868.84,45.15
868.86,45.15
868.87,45.15
868.89,45.15
868.90,45.15
868.92,45.14
868.93,45.14
868.95,45.14
868.96,45.14
868.98,45.14
868.99,45.14
869.01,45.14
869.02,45.14
869.04,45.14
869.05,45.13
869.07,45.13
869.08,45.13
869.09,45.13
869.11,45.13
869.12,45.13
869.14,45.13
869.15,45.13
869.17,45.13
869.18,45.13
869.20,45.12
869.21,45.12
869.23,45.12
869.24,45.12
869.26,45.12
869.27,45.12
869.29,45.12
869.30,45.12
869.32,45.12
869.33,45.11
869.34,45.11
869.36,45.11
869.37,45.11
869.39,45.11
869.40,45.11
869.42,45.11
869.43,45.11
869.45,45.11
869.46,45.11
869.48,45.10
869.49,45.10
869.51,45.10
869.52,45.10
869.54,45.10
869.55,45.10
869.57,45.10
869.58,45.10
869.59,45.10
869.61,45.10
869.62,45.09
869.64,45.09
869.65,45.09
869.67,45.09
869.68,45.09
869.70,45.09
869.71,45.09
869.73,45.09
869.74,45.09
869.76,45.08
869.77,45.08
869.79,45.08
869.80,45.08
869.82,45.08
869.83,45.08
869.85,45.08
869.86,45.08
869.87,45.08
869.89,45.08
869.90,45.07
869.92,45.07
869.93,45.07
869.95,45.07
869.96,45.07
869.98,45.07
869.99,45.07
870.01,45.07
870.02,45.07
870.04,45.07
870.05,45.06
870.07,45.06
870.08,45.06
870.10,45.06
870.11,45.06
870.12,45.06
870.14,45.06
870.15,45.06
870.17,45.06
870.18,45.05
870.20,45.05
870.21,45.05
870.23,45.05
870.24,45.05
870.26,45.05
870.27,45.05
870.29,45.05
870.30,45.05
870.32,45.05
870.33,45.04
870.35,45.04
870.36,45.04
870.37,45.04
870.39,45.04
870.40,45.04
870.42,45.04
870.43,45.04
870.45,45.04
870.46,45.04
870.48,45.03
870.49,45.03
870.51,45.03
870.52,45.03
870.54,45.03
870.55,45.03
870.57,45.03
870.58,45.03
870.60,45.03
870.61,45.03
870.62,45.02
870.64,45.02
870.65,45.02
870.67,45.02
870.68,45.02
870.70,45.02
870.71,45.02
870.73,45.02
870.74,45.02
870.76,45.01
870.77,45.01
870.79,45.01
870.80,45.01
870.82,45.01
870.83,45.01
870.85,45.01
870.86,45.01
870.87,45.01
870.89,45.01
870.90,45.00
870.92,45.00
870.93,45.00
870.95,45.00
870.96,45.00
870.98,45.00
870.99,45.00
871.01,45.00
871.02,45.00
871.04,45.00
871.05,44.99
871.07,44.99
871.08,44.99
871.10,44.99
871.11,44.99
871.12,44.99
871.14,44.99
871.15,44.99
871.17,44.99
871.18,44.99
871.20,44.98
871.21,44.98
871.23,44.98
871.24,44.98
871.26,44.98
871.27,44.98
871.29,44.98
871.30,44.98
871.32,44.98
871.33,44.97
871.35,44.97
871.36,44.97
871.38,44.97
871.39,44.97
871.40,44.97
871.42,44.97
871.43,44.97
871.45,44.97
871.46,44.97
871.48,44.96
871.49,44.96
871.51,44.96
871.52,44.96
871.54,44.96
871.55,44.96
871.57,44.96
871.58,44.96
871.60,44.96
871.61,44.96
871.63,44.96
871.64,44.96
871.65,44.96
871.67,44.95
871.68,44.95
871.70,44.95
871.71,44.95
871.73,44.95
871.74,44.95
871.76,44.95
871.77,44.95
871.79,44.95
871.80,44.95
871.82,44.95
871.83,44.95
871.85,44.95
871.86,44.95
871.88,44.95
871.89,44.94
871.90,44.94
871.92,44.94
871.93,44.94
871.95,44.94
871.96,44.94
871.98,44.94
871.99,44.94
872.01,44.94
872.02,44.94
872.04,44.93
872.05,44.93
872.07,44.93
872.08,44.93
872.10,44.93
872.11,44.93
872.13,44.93
872.14,44.93
872.15,44.93
872.17,44.93
872.18,44.93
872.20,44.93
872.21,44.93
872.23,44.93
872.24,44.93
872.26,44.93
872.27,44.93
872.29,44.93
872.30,44.93
872.32,44.93
872.33,44.93
872.35,44.93
872.36,44.93
872.38,44.93
872.39,44.93
872.40,44.93
872.42,44.93
872.43,44.93
872.45,44.93
872.46,44.93
872.48,44.93
872.49,44.92
872.51,44.92
872.52,44.92
872.54,44.92
872.55,44.92
872.57,44.92
872.58,44.92
872.60,44.92
872.61,44.92
872.63,44.92
872.64,44.92
872.65,44.92
872.67,44.92
872.68,44.92
872.70,44.92
872.71,44.92
872.73,44.92
872.74,44.92
872.76,44.92
872.77,44.92
872.79,44.92
872.80,44.92
872.82,44.92
872.83,44.92
872.85,44.92
872.86,44.92
872.88,44.92
872.89,44.92
872.91,44.92
872.92,44.92
872.93,44.92
872.95,44.92
872.96,44.92
872.98,44.92
872.99,44.92
873.01,44.92
873.02,44.92
873.04,44.92
873.05,44.92
873.07,44.92
873.08,44.92
873.10,44.92
873.11,44.92
873.13,44.92
873.14,44.92
873.16,44.92
873.17,44.92
873.18,44.92
873.20,44.92
873.21,44.92
873.23,44.92
873.24,44.92
873.26,44.92
873.27,44.92
873.29,44.92
873.30,44.92
873.32,44.91
873.33,44.91
873.35,44.91
873.36,44.91
873.38,44.91
873.39,44.91
873.41,44.91
873.42,44.91
873.43,44.91
873.45,44.91
873.46,44.90
873.48,44.90
873.49,44.90
873.51,44.90
873.52,44.90
873.54,44.90
873.55,44.90
873.57,44.90
873.58,44.90
873.60,44.90
873.61,44.89
873.63,44.89
873.64,44.89
873.66,44.89
873.67,44.89
873.68,44.89
873.70,44.89
873.71,44.89
873.73,44.89
873.74,44.89
873.76,44.89
873.77,44.89
873.79,44.89
873.80,44.89
873.82,44.89
873.83,44.90
873.85,44.90
873.86,44.90
873.88,44.90
873.89,44.90
873.91,44.90
873.92,44.90
873.93,44.91
873.95,44.91
873.96,44.91
873.98,44.91
873.99,44.91
874.01,44.91
874.02,44.92
874.04,44.92
874.05,44.92
874.07,44.92
874.08,44.92
874.10,44.92
874.11,44.93
874.13,44.93
874.14,44.93
874.16,44.93
874.17,44.93
874.18,44.93
874.20,44.94
874.21,44.94
874.23,44.94
874.24,44.94
874.26,44.94
874.27,44.94
874.29,44.95
874.30,44.95
874.32,44.95
874.33,44.95
874.35,44.95
874.36,44.95
874.38,44.96
874.39,44.96
874.41,44.96
874.42,44.96
874.44,44.96
874.45,44.96
874.46,44.96
874.48,44.97
874.49,44.97
874.51,44.97
874.52,44.97
874.54,44.97
874.55,44.97
874.57,44.98
874.58,44.98
874.60,44.98
874.61,44.98
874.63,44.98
874.64,44.98
874.66,44.99
874.67,44.99
874.69,44.99
874.70,44.99
874.71,44.99
874.73,44.99
874.74,45.00
874.76,45.00
874.77,45.00
874.79,45.00
874.80,45.00
874.82,45.00
874.83,45.01
874.85,45.01
874.86,45.01
874.88,45.01
874.89,45.01
874.91,45.01
874.92,45.01
874.94,45.02
874.95,45.02
874.96,45.02
874.98,45.02
874.99,45.02
875.01,45.02
875.02,45.03
875.04,45.03
875.05,45.03
875.07,45.03
875.08,45.03
875.10,45.03
875.11,45.04
875.13,45.04
875.14,45.04
875.16,45.04
875.17,45.04
875.19,45.04
875.20,45.05
875.21,45.05
875.23,45.05
875.24,45.05
875.26,45.05
875.27,45.05
875.29,45.06
875.30,45.05
875.32,45.05
875.33,45.05
875.35,45.05
875.36,45.05
875.38,45.05
875.39,45.05
875.41,45.05
875.42,45.05
875.44,45.04
875.45,45.04
875.46,45.04
875.48,45.04
875.49,45.04
875.51,45.04
875.52,45.04
875.54,45.04
875.55,45.04
875.57,45.04
875.58,45.03
875.60,45.03
875.61,45.03
875.63,45.03
875.64,45.03
875.66,45.03
875.67,45.03
875.69,45.03
875.70,45.03
875.71,45.03
875.73,45.02
875.74,45.02
875.76,45.02
875.77,45.02
875.79,45.02
875.80,45.02
875.82,45.02
875.83,45.02
875.85,45.02
875.86,45.02
875.88,45.01
875.89,45.01
875.91,45.01
875.92,45.01
875.94,45.01
875.95,45.01
875.96,45.01
875.98,45.01
875.99,45.01
876.01,45.00
876.02,45.00
876.04,45.00
876.05,45.00
876.07,45.00
876.08,45.00
876.10,45.00
876.11,45.00
876.13,45.00
876.14,45.00
876.16,44.99
876.17,44.99
876.19,44.99
876.20,44.99
876.22,44.99
876.23,44.99
876.24,44.99
876.26,44.99
876.27,44.99
876.29,44.99
876.30,44.98
876.32,44.98
876.33,44.98
876.35,44.98
876.36,44.98
876.38,44.98
876.39,44.98
876.41,44.98
876.42,44.98
876.44,44.98
876.45,44.97
876.47,44.97
876.48,44.97
876.49,44.97
876.51,44.97
876.52,44.97
876.54,44.97
876.55,44.97
876.57,44.97
876.58,44.96
876.60,44.96
876.61,44.96
876.63,44.96
876.64,44.96
876.66,44.96
876.67,44.96
876.69,44.96
876.70,44.96
876.72,44.96
876.73,44.95
876.74,44.95
876.76,44.95
876.77,44.95
876.79,44.95
876.80,44.95
876.82,44.95
876.83,44.95
876.85,44.95
876.86,44.95
876.88,44.94
876.89,44.94
876.91,44.94
876.92,44.94
876.94,44.94
876.95,44.94
876.97,44.94
876.98,44.94
876.99,44.94
877.01,44.94
877.02,44.93
877.04,44.93
877.05,44.93
877.07,44.93
877.08,44.93
877.10,44.93
877.11,44.93
877.13,44.93
877.14,44.93
877.16,44.93
877.17,44.92
877.19,44.92
877.20,44.92
877.22,44.92
877.23,44.92
877.24,44.92
877.26,44.92
877.27,44.92
877.29,44.92
877.30,44.91
877.32,44.91
877.33,44.91
877.35,44.91
877.36,44.91
877.38,44.91
877.39,44.91
877.41,44.91
877.42,44.91
877.44,44.91
877.45,44.90
877.47,44.90
877.48,44.90
877.49,44.90
877.51,44.90
877.52,44.90
877.54,44.90
877.55,44.90
877.57,44.90
877.58,44.90
877.60,44.89
877.61,44.89
877.63,44.89
877.64,44.89
877.66,44.89
877.67,44.89
877.69,44.89
877.70,44.89
877.72,44.89
877.73,44.89
877.75,44.88
877.76,44.88
877.77,44.88
877.79,44.88
877.80,44.88
877.82,44.88
877.83,44.88
877.85,44.88
877.86,44.88
877.88,44.88
877.89,44.87
877.91,44.87
877.92,44.87
877.94,44.87
877.95,44.87
877.97,44.87
877.98,44.87
878.00,44.87
878.01,44.87
878.02,44.87
878.04,44.86
878.05,44.86
878.07,44.86
878.08,44.86
878.10,44.86
878.11,44.86
878.13,44.86
878.14,44.86
878.16,44.86
878.17,44.86
878.19,44.85
878.20,44.85
878.22,44.85
878.23,44.85
878.25,44.85
878.26,44.85
878.27,44.85
878.29,44.85
878.30,44.85
878.32,44.85
878.33,44.84
878.35,44.84
878.36,44.84
878.38,44.84
878.39,44.84
878.41,44.84
878.42,44.84
878.44,44.84
878.45,44.84
878.47,44.83
878.48,44.83
878.50,44.83
878.51,44.83
878.52,44.83
878.54,44.83
878.55,44.83
878.57,44.83
878.58,44.83
878.60,44.83
878.61,44.82
878.63,44.82
878.64,44.82
878.66,44.82
878.67,44.82
878.69,44.82
878.70,44.82
878.72,44.82
878.73,44.82
878.75,44.82
878.76,44.81
878.77,44.81
878.79,44.81
878.80,44.81
878.82,44.81
878.83,44.81
878.85,44.81
878.86,44.81
878.88,44.81
878.89,44.81
878.91,44.80
878.92,44.80
878.94,44.80
878.95,44.80
878.97,44.80
878.98,44.80
879.00,44.80
879.01,44.80
879.02,44.80
879.04,44.80
879.05,44.79
879.07,44.79
879.08,44.79
879.10,44.79
879.11,44.79
879.13,44.79
879.14,44.79
879.16,44.79
879.17,44.79
879.19,44.79
879.20,44.78
879.22,44.78
879.23,44.78
879.25,44.78
879.26,44.78
879.28,44.78
879.29,44.78
879.30,44.78
879.32,44.78
879.33,44.78
879.35,44.78
879.36,44.78
879.38,44.78
879.39,44.78
879.41,44.78
879.42,44.78
879.44,44.78
879.45,44.78
879.47,44.78
879.48,44.78
879.50,44.78
879.51,44.78
879.53,44.78
879.54,44.78
879.55,44.78
879.57,44.78
879.58,44.78
879.60,44.78
879.61,44.78
879.63,44.78
879.64,44.78
879.66,44.78
879.67,44.78
879.69,44.78
879.70,44.78
879.72,44.78
879.73,44.78
879.75,44.78
879.76,44.78
879.78,44.78
879.79,44.78
879.80,44.78
879.82,44.78
879.83,44.78
879.85,44.78
879.86,44.78
879.88,44.78
879.89,44.78
879.91,44.78
879.92,44.78
879.94,44.78
879.95,44.78
879.97,44.78
879.98,44.78
880.00,44.78
880.01,44.78
880.03,44.78
880.04,44.78
880.05,44.78
880.07,44.77
880.08,44.77
880.10,44.77
880.11,44.77
880.13,44.77
880.14,44.77
880.16,44.77
880.17,44.78
880.19,44.78
880.20,44.78
880.22,44.78
880.23,44.78
880.25,44.78
880.26,44.79
880.28,44.79
880.29,44.79
880.30,44.79
880.32,44.79
880.33,44.79
880.35,44.80
880.36,44.80
880.38,44.80
880.39,44.80
880.41,44.80
880.42,44.80
880.44,44.81
880.45,44.81
880.47,44.81
880.48,44.81
880.50,44.81
880.51,44.81
880.53,44.82
880.54,44.82
880.55,44.82
880.57,44.82
880.58,44.82
880.60,44.82
880.61,44.83
880.63,44.83
880.64,44.83
880.66,44.83
880.67,44.83
880.69,44.83
880.70,44.83
880.72,44.84
880.73,44.84
880.75,44.84
880.76,44.84
880.78,44.84
880.79,44.84
880.81,44.85
880.82,44.85
880.83,44.85
880.85,44.85
880.86,44.85
880.88,44.85
880.89,44.86
880.91,44.86
880.92,44.86
880.94,44.86
880.95,44.86
880.97,44.86
880.98,44.87
881.00,44.87
881.01,44.87
881.03,44.87
881.04,44.87
881.06,44.87
881.07,44.88
881.08,44.88
881.10,44.88
881.11,44.88
881.13,44.88
881.14,44.88
881.16,44.89
881.17,44.89
881.19,44.89
881.20,44.89
881.22,44.88
881.23,44.88
881.25,44.88
881.26,44.88
881.28,44.88
881.29,44.88
881.31,44.88
881.32,44.88
881.33,44.88
881.35,44.88
881.36,44.87
881.38,44.87
881.39,44.87
881.41,44.87
881.42,44.87
881.44,44.87
881.45,44.87
881.47,44.87
881.48,44.87
881.50,44.87
881.51,44.86
881.53,44.86
881.54,44.86
881.56,44.86
881.57,44.86
881.58,44.86
881.60,44.86
881.61,44.86
881.63,44.86
881.64,44.86
881.66,44.86
881.67,44.86
881.69,44.86
881.70,44.86
881.72,44.86
881.73,44.86
881.75,44.86
881.76,44.86
881.78,44.86
881.79,44.86
881.81,44.86
881.82,44.86
881.83,44.85
881.85,44.85
881.86,44.85
881.88,44.85
881.89,44.85
881.91,44.85
881.92,44.85
881.94,44.85
881.95,44.85
881.97,44.85
881.98,44.85
882.00,44.85
882.01,44.85
882.03,44.85
882.04,44.85
882.06,44.85
882.07,44.85
882.08,44.85
882.10,44.85
882.11,44.85
882.13,44.85
882.14,44.85
882.16,44.85
882.17,44.85
882.19,44.85
882.20,44.85
882.22,44.85
882.23,44.85
882.25,44.85
882.26,44.85
882.28,44.85
882.29,44.85
882.31,44.85
882.32,44.85
882.34,44.85
882.35,44.85
882.36,44.85
882.38,44.85
882.39,44.85
882.41,44.85
882.42,44.85
882.44,44.85
882.45,44.85
882.47,44.85
882.48,44.85
882.50,44.85
882.51,44.85
882.53,44.85
882.54,44.84
882.56,44.84
882.57,44.84
882.59,44.84
882.60,44.85
882.61,44.85
882.63,44.85
882.64,44.85
882.66,44.85
882.67,44.85
882.69,44.86
882.70,44.86
882.72,44.86
882.73,44.86
882.75,44.86
882.76,44.86
882.78,44.87
882.79,44.87
882.81,44.87
882.82,44.87
882.84,44.87
882.85,44.87
882.86,44.88
882.88,44.88
882.89,44.88
882.91,44.88
882.92,44.88
882.94,44.88
882.95,44.89
882.97,44.89
882.98,44.89
883.00,44.89
883.01,44.89
883.03,44.89
883.04,44.90
883.06,44.90
883.07,44.90
883.09,44.90
883.10,44.90
883.11,44.90
883.13,44.90
883.14,44.90
883.16,44.90
883.17,44.90
883.19,44.90
883.20,44.90
883.22,44.90
883.23,44.90
883.25,44.90
883.26,44.90
883.28,44.90
883.29,44.90
883.31,44.90
883.32,44.91
883.34,44.91
883.35,44.91
883.36,44.91
883.38,44.91
883.39,44.91
883.41,44.92
883.42,44.92
883.44,44.92
883.45,44.92
883.47,44.92
883.48,44.92
883.50,44.93
883.51,44.93
883.53,44.93
883.54,44.93
883.56,44.93
883.57,44.93
883.59,44.94
883.60,44.94
883.61,44.94
883.63,44.94
883.64,44.94
883.66,44.94
883.67,44.95
883.69,44.95
883.70,44.95
883.72,44.95
883.73,44.95
883.75,44.95
883.76,44.95
883.78,44.96
883.79,44.96
883.81,44.96
883.82,44.96
883.84,44.96
883.85,44.96
883.87,44.97
883.88,44.97
883.89,44.97
883.91,44.97
883.92,44.97
883.94,44.97
883.95,44.98
883.97,44.98
883.98,44.98
884.00,44.98
884.01,44.98
884.03,44.98
884.04,44.99
884.06,44.99
884.07,44.99
884.09,44.99
884.10,44.99
884.12,44.99
884.13,45.00
884.14,45.00
884.16,45.00
884.17,45.00
884.19,45.00
884.20,45.00
884.22,45.01
884.23,45.01
884.25,45.01
884.26,45.01
884.28,45.01
884.29,45.01
884.31,45.02
884.32,45.02
884.34,45.02
884.35,45.02
884.37,45.02
884.38,45.02
884.39,45.02
884.41,45.02
884.42,45.01
884.44,45.01
884.45,45.01
884.47,45.01
884.48,45.01
884.50,45.01
884.51,45.01
884.53,45.01
884.54,45.01
884.56,45.01
884.57,45.00
884.59,45.00
884.60,45.00
884.62,45.00
884.63,45.00
884.64,45.00
884.66,45.00
884.67,45.00
884.69,45.00
884.70,45.00
884.72,44.99
884.73,44.99
884.75,44.99
884.76,44.99
884.78,44.99
884.79,44.99
884.81,44.99
884.82,44.99
884.84,44.99
884.85,44.99
884.87,44.98
884.88,44.98
884.89,44.98
884.91,44.98
884.92,44.98
884.94,44.98
884.95,44.98
884.97,44.98
884.98,44.98
885.00,44.97
885.01,44.97
885.03,44.97
885.04,44.97
885.06,44.97
885.07,44.97
885.09,44.97
885.10,44.97
885.12,44.97
885.13,44.97
885.14,44.96
885.16,44.96
885.17,44.96
885.19,44.96
885.20,44.96
885.22,44.96
885.23,44.96
885.25,44.96
885.26,44.96
885.28,44.96
885.29,44.95
885.31,44.95
885.32,44.95
885.34,44.95
885.35,44.95
885.37,44.95
885.38,44.95
885.40,44.95
885.41,44.95
885.42,44.95
885.44,44.94
885.45,44.94
885.47,44.94
885.48,44.94
885.50,44.94
885.51,44.94
885.53,44.94
885.54,44.94
885.56,44.94
885.57,44.94
885.59,44.94
885.60,44.94
885.62,44.94
885.63,44.94
885.65,44.94
885.66,44.94
885.67,44.93
885.69,44.93
885.70,44.93
885.72,44.93
885.73,44.93
885.75,44.93
885.76,44.93
885.78,44.93
885.79,44.93
885.81,44.93
885.82,44.93
885.84,44.93
885.85,44.93
885.87,44.93
885.88,44.93
885.90,44.93
885.91,44.93
885.92,44.93
885.94,44.93
885.95,44.93
885.97,44.93
885.98,44.93
886.00,44.93
886.01,44.93
886.03,44.93
886.04,44.93
886.06,44.93
886.07,44.93
886.09,44.93
886.10,44.93
886.12,44.93
886.13,44.93
886.15,44.93
886.16,44.93
886.17,44.93
886.19,44.93
886.20,44.93
886.22,44.93
886.23,44.93
886.25,44.93
886.26,44.93
886.28,44.93
886.29,44.93
886.31,44.93
886.32,44.93
886.34,44.93
886.35,44.93
886.37,44.93
886.38,44.93
886.40,44.93
886.41,44.93
886.42,44.92
886.44,44.92
886.45,44.92
886.47,44.92
886.48,44.92
886.50,44.92
886.51,44.92
886.53,44.92
886.54,44.92
886.56,44.92
886.57,44.91
886.59,44.91
886.60,44.91
886.62,44.91
886.63,44.91
886.65,44.91
886.66,44.91
886.67,44.91
886.69,44.91
886.70,44.91
886.72,44.90
886.73,44.90
886.75,44.90
886.76,44.90
886.78,44.90
886.79,44.90
886.81,44.90
886.82,44.90
886.84,44.90
886.85,44.91
886.87,44.91
886.88,44.91
886.90,44.91
886.91,44.91
886.93,44.91
886.94,44.92
886.95,44.92
886.97,44.92
886.98,44.92
887.00,44.92
887.01,44.92
887.03,44.93
887.04,44.93
887.06,44.93
887.07,44.93
887.09,44.93
887.10,44.93
887.12,44.94
887.13,44.94
887.15,44.94
887.16,44.94
887.18,44.94
887.19,44.94
887.20,44.95
887.22,44.95
887.23,44.95
887.25,44.95
887.26,44.95
887.28,44.95
887.29,44.96
887.31,44.96
887.32,44.96
887.34,44.96
887.35,44.96
887.37,44.96
887.38,44.97
887.40,44.97
887.41,44.97
887.43,44.97
887.44,44.97
887.45,44.97
887.47,44.97
887.48,44.98
887.50,44.98
887.51,44.98
887.53,44.98
887.54,44.98
887.56,44.98
887.57,44.99
887.59,44.99
887.60,44.99
887.62,44.99
887.63,44.99
887.65,44.99
887.66,45.00
887.68,45.00
887.69,45.00
887.70,45.00
887.72,45.00
887.73,45.00
887.75,45.01
887.76,45.01
887.78,45.01
887.79,45.01
887.81,45.01
887.82,45.01
887.84,45.02
887.85,45.02
887.87,45.02
887.88,45.02
887.90,45.02
887.91,45.02
887.93,45.03
887.94,45.03
887.95,45.03
887.97,45.03
887.98,45.03
888.00,45.03
888.01,45.04
888.03,45.04
888.04,45.04
888.06,45.04
888.07,45.04
888.09,45.04
888.10,45.04
888.12,45.05
888.13,45.05
888.15,45.05
888.16,45.05
888.18,45.05
888.19,45.05
888.20,45.05
888.22,45.05
888.23,45.05
888.25,45.05
888.26,45.04
888.28,45.04
888.29,45.04
888.31,45.04
888.32,45.04
888.34,45.04
888.35,45.04
888.37,45.04
888.38,45.04
888.40,45.03
888.41,45.03
888.43,45.03
888.44,45.03
888.46,45.03
888.47,45.03
888.48,45.03
888.50,45.03
888.51,45.03
888.53,45.03
888.54,45.02
888.56,45.02
888.57,45.02
888.59,45.02
888.60,45.02
888.62,45.02
888.63,45.02
888.65,45.02
888.66,45.02
888.68,45.02
888.69,45.01
888.71,45.01
888.72,45.01
888.73,45.01
888.75,45.01
888.76,45.01
888.78,45.01
888.79,45.01
888.81,45.01
888.82,45.01
888.84,45.00
888.85,45.00
888.87,45.00
888.88,45.00
888.90,45.00
888.91,45.00
888.93,45.00
888.94,45.00
888.96,45.00
888.97,44.99
888.98,44.99
889.00,44.99
889.01,44.99
889.03,44.99
889.04,44.99
889.06,44.99
889.07,44.99
889.09,44.99
889.10,44.99
889.12,44.98
889.13,44.98
889.15,44.98
889.16,44.98
889.18,44.98
889.19,44.98
889.21,44.98
889.22,44.98
889.23,44.98
889.25,44.98
889.26,44.97
889.28,44.97
889.29,44.97
889.31,44.97
889.32,44.97
889.34,44.97
889.35,44.97
889.37,44.97
889.38,44.97
889.40,44.97
889.41,44.96
889.43,44.96
889.44,44.96
889.46,44.96
889.47,44.96
889.48,44.96
889.50,44.96
889.51,44.96
889.53,44.96
889.54,44.96
889.56,44.95
889.57,44.95
889.59,44.95
889.60,44.95
889.62,44.95
889.63,44.95
889.65,44.95
889.66,44.95
889.68,44.95
889.69,44.95
889.71,44.95
889.72,44.95
889.73,44.95
889.75,44.95
889.76,44.95
889.78,44.94
889.79,44.94
889.81,44.94
889.82,44.94
889.84,44.94
889.85,44.94
889.87,44.94
889.88,44.94
889.90,44.94
889.91,44.94
889.93,44.94
889.94,44.94
889.96,44.94
889.97,44.94
889.99,44.94
890.00,44.94
890.01,44.94
890.03,44.94
890.04,44.94
890.06,44.94
890.07,44.94
890.09,44.94
890.10,44.94
890.12,44.94
890.13,44.94
890.15,44.94
890.16,44.94
890.18,44.94
890.19,44.94
890.21,44.94
890.22,44.94
890.24,44.94
890.25,44.94
890.26,44.94
890.28,44.94
890.29,44.94
890.31,44.94
890.32,44.94
890.34,44.94
890.35,44.94
890.37,44.94
890.38,44.94
890.40,44.94
890.41,44.94
890.43,44.94
890.44,44.94
890.46,44.94
890.47,44.94
890.49,44.94
890.50,44.94
890.51,44.94
890.53,44.94
890.54,44.94
890.56,44.94
890.57,44.94
890.59,44.94
890.60,44.94
890.62,44.94
890.63,44.94
890.65,44.94
890.66,44.94
890.68,44.94
890.69,44.94
890.71,44.94
890.72,44.93
890.74,44.93
890.75,44.93
890.76,44.93
890.78,44.93
890.79,44.93
890.81,44.93
890.82,44.93
890.84,44.93
890.85,44.93
890.87,44.93
890.88,44.93
890.90,44.93
890.91,44.93
890.93,44.93
890.94,44.94
890.96,44.94
890.97,44.94
890.99,44.94
891.00,44.94
891.01,44.94
891.03,44.95
891.04,44.95
891.06,44.95
891.07,44.95
891.09,44.95
891.10,44.95
891.12,44.96
891.13,44.96
891.15,44.96
891.16,44.96
891.18,44.96
891.19,44.96
891.21,44.96
891.22,44.97
891.24,44.97
891.25,44.97
891.26,44.97
891.28,44.97
891.29,44.97
891.31,44.98
891.32,44.98
891.34,44.98
891.35,44.98
891.37,44.98
891.38,44.98
891.40,44.99
891.41,44.99
891.43,44.99
891.44,44.99
891.46,44.99
891.47,44.99
891.49,45.00
891.50,45.00
891.52,45.00
891.53,45.00
891.54,45.00
891.56,45.00
891.57,45.01
891.59,45.01
891.60,45.01
891.62,45.01
891.63,45.01
891.65,45.01
891.66,45.02
891.68,45.02
891.69,45.02
891.71,45.02
891.72,45.02
891.74,45.02
891.75,45.03
891.77,45.02
891.78,45.02
891.79,45.02
891.81,45.02
891.82,45.02
891.84,45.02
891.85,45.02
891.87,45.02
891.88,45.02
891.90,45.02
891.91,45.02
891.93,45.02
891.94,45.02
891.96,45.02
891.97,45.02
891.99,45.03
892.00,45.03
892.02,45.03
892.03,45.03
892.04,45.03
892.06,45.03
892.07,45.04
892.09,45.04
892.10,45.04
892.12,45.04
892.13,45.04
892.15,45.04
892.16,45.05
892.18,45.05
892.19,45.05
892.21,45.05
892.22,45.05
892.24,45.05
892.25,45.06
892.27,45.06
892.28,45.06
892.29,45.06
892.31,45.06
892.32,45.06
892.34,45.07
892.35,45.07
892.37,45.07
892.38,45.07
892.40,45.07
892.41,45.07
892.43,45.08
892.44,45.08
892.46,45.08
892.47,45.08
892.49,45.08
892.50,45.08
892.52,45.08
892.53,45.09
892.54,45.09
892.56,45.09
892.57,45.09
892.59,45.09
892.60,45.09
892.62,45.10
892.63,45.10
892.65,45.10
892.66,45.10
892.68,45.10
892.69,45.10
892.71,45.11
892.72,45.11
892.74,45.11
892.75,45.11
892.77,45.11
892.78,45.11
892.79,45.11
892.81,45.11
892.82,45.11
892.84,45.10
892.85,45.10
892.87,45.10
892.88,45.10
892.90,45.10
892.91,45.10
892.93,45.10
892.94,45.10
892.96,45.10
892.97,45.10
892.99,45.09
893.00,45.09
893.02,45.09
893.03,45.09
893.05,45.09
893.06,45.09
893.07,45.09
893.09,45.09
893.10,45.09
893.12,45.08
893.13,45.08
893.15,45.08
893.16,45.08
893.18,45.08
893.19,45.08
893.21,45.08
893.22,45.08
893.24,45.08
893.25,45.08
893.27,45.07
893.28,45.07
893.30,45.07
893.31,45.07
893.32,45.07
893.34,45.07
893.35,45.07
893.37,45.07
893.38,45.07
893.40,45.07
893.41,45.06
893.43,45.06
893.44,45.06
893.46,45.06
893.47,45.06
893.49,45.06
893.50,45.06
893.52,45.06
893.53,45.06
893.55,45.05
893.56,45.05
893.57,45.05
893.59,45.05
893.60,45.05
893.62,45.05
893.63,45.05
893.65,45.05
893.66,45.05
893.68,45.05
893.69,45.04
893.71,45.04
893.72,45.04
893.74,45.04
893.75,45.04
893.77,45.04
893.78,45.04
893.80,45.04
893.81,45.04
893.82,45.04
893.84,45.03
893.85,45.03
893.87,45.03
893.88,45.03
893.90,45.03
893.91,45.03
893.93,45.03
893.94,45.03
893.96,45.03
893.97,45.03
893.99,45.02
894.00,45.02
894.02,45.02
894.03,45.02
894.05,45.02
894.06,45.02
894.07,45.02
894.09,45.02
894.10,45.02
894.12,45.01
894.13,45.01
894.15,45.01
894.16,45.01
894.18,45.01
894.19,45.01
894.21,45.01
894.22,45.01
894.24,45.01
894.25,45.01
894.27,45.00
894.28,45.00
894.30,45.00
894.31,45.00
894.32,45.00
894.34,45.00
894.35,45.00
894.37,45.00
894.38,45.00
894.40,45.00
894.41,44.99
894.43,44.99
894.44,44.99
894.46,44.99
894.47,44.99
894.49,44.99
894.50,44.99
894.52,44.99
894.53,44.99
894.55,44.99
894.56,44.98
894.58,44.98
894.59,44.98
894.60,44.98
894.62,44.98
894.63,44.98
894.65,44.98
894.66,44.98
894.68,44.98
894.69,44.97
894.71,44.97
894.72,44.97
894.74,44.97
894.75,44.97
894.77,44.97
894.78,44.97
894.80,44.97
894.81,44.97
894.83,44.97
894.84,44.96
894.85,44.96
894.87,44.96
894.88,44.96
894.90,44.96
894.91,44.96
894.93,44.96
894.94,44.96
894.96,44.96
894.97,44.96
894.99,44.96
895.00,44.96
895.02,44.96
895.03,44.96
895.05,44.96
895.06,44.96
895.08,44.96
895.09,44.96
895.10,44.96
895.12,44.96
895.13,44.96
895.15,44.96
895.16,44.96
895.18,44.96
895.19,44.96
895.21,44.96
895.22,44.96
895.24,44.96
895.25,44.96
895.27,44.96
895.28,44.96
895.30,44.95
895.31,44.95
895.33,44.95
895.34,44.95
895.35,44.95
895.37,44.95
895.38,44.95
895.40,44.95
895.41,44.95
895.43,44.95
895.44,44.95
895.46,44.95
895.47,44.95
895.49,44.95
895.50,44.95
895.52,44.95
895.53,44.95
895.55,44.95
895.56,44.95
895.58,44.95
895.59,44.95
895.60,44.95
895.62,44.95
895.63,44.95
895.65,44.95
895.66,44.95
895.68,44.95
895.69,44.95
895.71,44.95
895.72,44.95
895.74,44.95
895.75,44.95
895.77,44.95
895.78,44.95
895.80,44.95
895.81,44.95
895.83,44.95
895.84,44.95
895.85,44.95
895.87,44.95
895.88,44.95
895.90,44.95
895.91,44.95
895.93,44.95
895.94,44.95
895.96,44.95
895.97,44.95
895.99,44.95
896.00,44.95
896.02,44.95
896.03,44.95
896.05,44.95
896.06,44.95
896.08,44.95
896.09,44.94
896.10,44.94
896.12,44.94
896.13,44.94
896.15,44.94
896.16,44.94
896.18,44.94
896.19,44.94
896.21,44.94
896.22,44.94
896.24,44.93
896.25,44.93
896.27,44.93
896.28,44.93
896.30,44.93
896.31,44.93
896.33,44.93
896.34,44.93
896.36,44.93
896.37,44.93
896.38,44.92
896.40,44.92
896.41,44.92
896.43,44.92
896.44,44.92
896.46,44.92
896.47,44.92
896.49,44.92
896.50,44.92
896.52,44.92
896.53,44.93
896.55,44.93
896.56,44.93
896.58,44.93
896.59,44.93
896.61,44.93
896.62,44.94
896.63,44.94
896.65,44.94
896.66,44.94
896.68,44.94
896.69,44.94
896.71,44.95
896.72,44.95
896.74,44.95
896.75,44.95
896.77,44.95
896.78,44.95
896.80,44.96
896.81,44.96
896.83,44.96
896.84,44.96
896.86,44.96
896.87,44.96
896.88,44.97
896.90,44.97
896.91,44.97
896.93,44.97
896.94,44.97
896.96,44.97
896.97,44.97
896.99,44.98
897.00,44.98
897.02,44.98
897.03,44.98
897.05,44.98
897.06,44.98
897.08,44.99
897.09,44.99
897.11,44.99
897.12,44.99
897.13,44.99
897.15,44.99
897.16,45.00
897.18,45.00
897.19,45.00
897.21,45.00
897.22,45.00
897.24,45.00
897.25,45.01
897.27,45.01
897.28,45.01
897.30,45.01
897.31,45.01
897.33,45.01
897.34,45.02
897.36,45.02
897.37,45.02
897.38,45.02
897.40,45.02
897.41,45.02
897.43,45.03
897.44,45.03
897.46,45.03
897.47,45.03
897.49,45.03
897.50,45.03
897.52,45.04
897.53,45.04
897.55,45.04
897.56,45.04
897.58,45.04
897.59,45.04
897.61,45.05
897.62,45.05
897.63,45.05
897.65,45.05
897.66,45.05
897.68,45.05
897.69,45.06
897.71,45.06
897.72,45.06
897.74,45.06
897.75,45.06
897.77,45.06
897.78,45.06
897.80,45.07
897.81,45.07
897.83,45.07
897.84,45.07
897.86,45.07
897.87,45.07
897.89,45.08
897.90,45.08
897.91,45.08
897.93,45.08
897.94,45.08
897.96,45.08
897.97,45.08
897.99,45.08
898.00,45.08
898.02,45.08
898.03,45.08
898.05,45.08
898.06,45.08
898.08,45.08
898.09,45.08
898.11,45.07
898.12,45.07
898.14,45.07
898.15,45.07
898.16,45.07
898.18,45.07
898.19,45.07
898.21,45.07
898.22,45.07
898.24,45.06
898.25,45.06
898.27,45.06
898.28,45.06
898.30,45.06
898.31,45.06
898.33,45.06
898.34,45.06
898.36,45.06
898.37,45.06
898.39,45.05
898.40,45.05
898.41,45.05
898.43,45.05
898.44,45.05
898.46,45.05
898.47,45.05
898.49,45.05
898.50,45.05
898.52,45.05
898.53,45.04
898.55,45.04
898.56,45.04
898.58,45.04
898.59,45.04
898.61,45.04
898.62,45.04
898.64,45.04
898.65,45.04
898.66,45.03
898.68,45.03
898.69,45.03
898.71,45.03
898.72,45.03
898.74,45.03
898.75,45.03
898.77,45.03
898.78,45.03
898.80,45.03
898.81,45.02
898.83,45.02
898.84,45.02
898.86,45.02
898.87,45.02
898.89,45.02
898.90,45.02
898.91,45.02
898.93,45.02
898.94,45.02
898.96,45.01
898.97,45.01
898.99,45.01
899.00,45.01
899.02,45.01
899.03,45.01
899.05,45.01
899.06,45.01
899.08,45.01
899.09,45.01
899.11,45.00
899.12,45.00
899.14,45.00
899.15,45.00
899.16,45.00
899.18,45.00
899.19,45.00
899.21,45.00
899.22,45.00
899.24,44.99
899.25,44.99
899.27,44.99
899.28,44.99
899.30,44.99
899.31,44.99
899.33,44.99
899.34,44.99
899.36,44.99
899.37,44.99
899.39,44.98
899.40,44.98
899.42,44.98
899.43,44.98
899.44,44.98
899.46,44.98
899.47,44.98
899.49,44.98
899.50,44.98
899.52,44.98
899.53,44.97
899.55,44.97
899.56,44.97
899.58,44.97
899.59,44.97
899.61,44.97
899.62,44.97
899.64,44.97
899.65,44.97
899.67,44.97
899.68,44.96
899.69,44.96
899.71,44.96
899.72,44.96
899.74,44.96
899.75,44.96
899.77,44.96
899.78,44.96
899.80,44.96
899.81,44.95
899.83,44.95
899.84,44.95
899.86,44.95
899.87,44.95
899.89,44.95
899.90,44.95
899.92,44.95
899.93,44.95
899.94,44.95
899.96,44.94
899.97,44.94
899.99,44.94
900.00,44.94
900.02,44.94
900.03,44.94
900.05,44.94
900.06,44.94
900.08,44.94
900.09,44.94
900.11,44.93
900.12,44.93
900.14,44.93
900.15,44.93
900.17,44.93
900.18,44.93
900.19,44.93
900.21,44.93
900.22,44.93
900.24,44.93
900.25,44.92
900.27,44.92
900.28,44.92
900.30,44.92
900.31,44.92
900.33,44.92
900.34,44.92
900.36,44.92
900.37,44.92
900.39,44.92
900.40,44.91
900.42,44.91
900.43,44.91
900.44,44.91
900.46,44.91
900.47,44.91
900.49,44.91
900.50,44.91
900.52,44.91
900.53,44.91
900.55,44.90
900.56,44.90
900.58,44.90
900.59,44.90
900.61,44.90
900.62,44.90
900.64,44.90
900.65,44.90
900.67,44.90
900.68,44.89
900.69,44.89
900.71,44.89
900.72,44.89
900.74,44.89
900.75,44.89
900.77,44.89
900.78,44.89
900.80,44.89
900.81,44.89
900.83,44.88
900.84,44.88
900.86,44.88
900.87,44.88
900.89,44.88
900.90,44.88
900.92,44.88
900.93,44.88
900.95,44.88
900.96,44.88
900.97,44.87
900.99,44.87
901.00,44.87
901.02,44.87
901.03,44.87
901.05,44.87
901.06,44.87
901.08,44.87
901.09,44.87
901.11,44.87
901.12,44.86
901.14,44.86
901.15,44.86
901.17,44.86
901.18,44.86
901.20,44.86
901.21,44.86
901.22,44.86
901.24,44.86
901.25,44.86
901.27,44.86
901.28,44.86
901.30,44.86
901.31,44.86
901.33,44.86
901.34,44.86
901.36,44.86
901.37,44.86
901.39,44.86
901.40,44.86
901.42,44.86
901.43,44.86
901.45,44.86
901.46,44.86
901.47,44.86
901.49,44.86
901.50,44.86
901.52,44.86
901.53,44.86
901.55,44.86
901.56,44.86
901.58,44.86
901.59,44.85
901.61,44.85
901.62,44.85
901.64,44.85
901.65,44.85
901.67,44.85
901.68,44.85
901.70,44.85
901.71,44.85
901.72,44.85
901.74,44.85
901.75,44.85
901.77,44.85
901.78,44.85
901.80,44.85
901.81,44.85
901.83,44.85
901.84,44.85
901.86,44.85
901.87,44.85
901.89,44.85
901.90,44.85
901.92,44.85
901.93,44.85
901.95,44.85
901.96,44.85
901.97,44.85
901.99,44.85
902.00,44.85
902.02,44.85
902.03,44.85
902.05,44.85
902.06,44.85
902.08,44.85
902.09,44.85
902.11,44.85
902.12,44.85
902.14,44.85
902.15,44.85
902.17,44.85
902.18,44.85
902.20,44.85
902.21,44.85
902.22,44.85
902.24,44.85
902.25,44.85
902.27,44.85
902.28,44.85
902.30,44.85
902.31,44.85
902.33,44.84
902.34,44.84
902.36,44.84
902.37,44.84
902.39,44.84
902.40,44.84
902.42,44.84
902.43,44.84
902.45,44.84
902.46,44.84
902.48,44.83
902.49,44.83
902.50,44.83
902.52,44.83
902.53,44.83
902.55,44.84
902.56,44.84
902.58,44.84
902.59,44.84
902.61,44.84
902.62,44.84
902.64,44.85
902.65,44.85
902.67,44.85
902.68,44.85
902.70,44.85
902.71,44.85
902.73,44.86
902.74,44.86
902.75,44.86
902.77,44.86
902.78,44.86
902.80,44.86
902.81,44.87
902.83,44.87
902.84,44.87
902.86,44.87
902.87,44.87
902.89,44.87
902.90,44.88
902.92,44.88
902.93,44.88
902.95,44.88
902.96,44.88
902.98,44.88
902.99,44.89
903.00,44.89
903.02,44.89
903.03,44.89
903.05,44.89
903.06,44.89
903.08,44.90
903.09,44.90
903.11,44.90
903.12,44.90
903.14,44.90
903.15,44.90
903.17,44.90
903.18,44.91
903.20,44.91
903.21,44.91
903.23,44.91
903.24,44.91
903.25,44.91
903.27,44.92
903.28,44.92
903.30,44.92
903.31,44.92
903.33,44.92
903.34,44.92
903.36,44.93
903.37,44.93
903.39,44.93
903.40,44.93
903.42,44.93
903.43,44.93
903.45,44.94
903.46,44.94
903.48,44.94
903.49,44.94
903.50,44.94
903.52,44.94
903.53,44.95
903.55,44.95
903.56,44.95
903.58,44.95
903.59,44.95
903.61,44.95
903.62,44.96
903.64,44.96
903.65,44.96
903.67,44.96
903.68,44.96
903.70,44.96
903.71,44.97
903.73,44.97
903.74,44.97
903.75,44.97
903.77,44.97
903.78,44.97
903.80,44.98
903.81,44.98
903.83,44.98
903.84,44.98
903.86,44.98
903.87,44.98
903.89,44.99
903.90,44.99
903.92,44.99
903.93,44.99
903.95,44.99
903.96,44.99
903.98,45.00
903.99,45.00
904.01,45.00
904.02,45.00
904.03,45.00
904.05,45.00
904.06,45.00
904.08,45.00
904.09,45.00
904.11,44.99
904.12,44.99
904.14,44.99
904.15,44.99
904.17,44.99
904.18,44.99
904.20,44.99
904.21,44.99
904.23,44.99
904.24,44.99
904.26,44.98
904.27,44.98
904.28,44.98
904.30,44.98
904.31,44.98
904.33,44.98
904.34,44.98
904.36,44.98
904.37,44.98
904.39,44.98
904.40,44.97
904.42,44.97
904.43,44.97
904.45,44.97
904.46,44.97
904.48,44.97
904.49,44.97
904.51,44.97
904.52,44.97
904.53,44.96
904.55,44.96
904.56,44.96
904.58,44.96
904.59,44.96
904.61,44.96
904.62,44.96
904.64,44.96
904.65,44.96
904.67,44.96
904.68,44.95
904.70,44.95
904.71,44.95
904.73,44.95
904.74,44.95
904.76,44.95
904.77,44.95
904.78,44.95
904.80,44.95
904.81,44.95
904.83,44.94
904.84,44.94
904.86,44.94
904.87,44.94
904.89,44.94
904.90,44.94
904.92,44.94
904.93,44.94
904.95,44.94
904.96,44.94
904.98,44.93
904.99,44.93
905.01,44.93
905.02,44.93
905.03,44.93
905.05,44.93
905.06,44.93
905.08,44.93
905.09,44.93
905.11,44.93
905.12,44.92
905.14,44.92
905.15,44.92
905.17,44.92
905.18,44.92
905.20,44.92
905.21,44.92
905.23,44.92
905.24,44.92
905.26,44.91
905.27,44.91
905.28,44.91
905.30,44.91
905.31,44.91
905.33,44.91
905.34,44.91
905.36,44.91
905.37,44.91
905.39,44.91
905.40,44.90
905.42,44.90
905.43,44.90
905.45,44.90
905.46,44.90
905.48,44.90
905.49,44.90
905.51,44.90
905.52,44.90
905.54,44.90
905.55,44.90
905.56,44.90
905.58,44.90
905.59,44.90
905.61,44.90
905.62,44.90
905.64,44.90
905.65,44.90
905.67,44.90
905.68,44.90
905.70,44.90
905.71,44.90
905.73,44.90
905.74,44.90
905.76,44.90
905.77,44.90
905.79,44.90
905.80,44.90
905.81,44.90
905.83,44.90
905.84,44.90
905.86,44.90
905.87,44.90
905.89,44.90
905.90,44.90
905.92,44.90
905.93,44.90
905.95,44.90
905.96,44.90
905.98,44.89
905.99,44.89
906.01,44.89
906.02,44.89
906.04,44.89
906.05,44.89
906.06,44.89
906.08,44.89
906.09,44.89
906.11,44.89
906.12,44.89
906.14,44.89
906.15,44.89
906.17,44.89
906.18,44.89
906.20,44.89
906.21,44.89
906.23,44.89
906.24,44.89
906.26,44.89
906.27,44.89
906.29,44.89
906.30,44.89
906.31,44.89
906.33,44.89
906.34,44.89
906.36,44.89
906.37,44.89
906.39,44.89
906.40,44.89
906.42,44.89
906.43,44.89
906.45,44.89
906.46,44.89
906.48,44.89
906.49,44.89
906.51,44.89
906.52,44.89
906.54,44.89
906.55,44.89
906.56,44.89
906.58,44.88
906.59,44.88
906.61,44.88
906.62,44.88
906.64,44.88
906.65,44.88
906.67,44.88
906.68,44.88
906.70,44.88
906.71,44.88
906.73,44.87
906.74,44.87
906.76,44.87
906.77,44.87
906.79,44.87
906.80,44.87
906.81,44.87
906.83,44.88
906.84,44.88
906.86,44.88
906.87,44.88
906.89,44.88
906.90,44.88
906.92,44.89
906.93,44.89
906.95,44.89
906.96,44.89
906.98,44.89
906.99,44.89
907.01,44.90
907.02,44.90
907.04,44.90
907.05,44.90
907.07,44.90
907.08,44.90
907.09,44.91
907.11,44.91
907.12,44.91
907.14,44.91
907.15,44.91
907.17,44.91
907.18,44.92
907.20,44.92
907.21,44.92
907.23,44.92
907.24,44.92
907.26,44.92
907.27,44.93
907.29,44.93
907.30,44.93
907.32,44.93
907.33,44.93
907.34,44.93
907.36,44.94
907.37,44.94
907.39,44.94
907.40,44.94
907.42,44.94
907.43,44.94
907.45,44.95
907.46,44.95
907.48,44.95
907.49,44.95
907.51,44.95
907.52,44.95
907.54,44.96
907.55,44.96
907.57,44.96
907.58,44.96
907.59,44.96
907.61,44.96
907.62,44.97
907.64,44.97
907.65,44.97
907.67,44.97
907.68,44.97
907.70,44.97
907.71,44.98
907.73,44.98
907.74,44.98
907.76,44.98
907.77,44.98
907.79,44.98
907.80,44.99
907.82,44.99
907.83,44.99
907.84,44.99
907.86,44.99
907.87,44.99
907.89,45.00
907.90,45.00
907.92,45.00
907.93,45.00
907.95,45.00
907.96,45.00
907.98,45.01
907.99,45.01
908.01,45.01
908.02,45.01
908.04,45.01
908.05,45.01
908.07,45.01
908.08,45.02
908.09,45.02
908.11,45.02
908.12,45.02
908.14,45.02
908.15,45.02
908.17,45.03
908.18,45.03
908.20,45.03
908.21,45.03
908.23,45.03
908.24,45.03
908.26,45.04
908.27,45.04
908.29,45.04
908.30,45.04
908.32,45.04
908.33,45.04
908.34,45.05
908.36,45.05
908.37,45.05
908.39,45.05
908.40,45.04
908.42,45.04
908.43,45.04
908.45,45.04
908.46,45.04
908.48,45.04
908.49,45.04
908.51,45.04
908.52,45.04
908.54,45.04
908.55,45.03
908.57,45.03
908.58,45.03
908.60,45.03
908.61,45.03
908.62,45.03
908.64,45.03
908.65,45.03
908.67,45.03
908.68,45.03
908.70,45.02
908.71,45.02
908.73,45.02
908.74,45.02
908.76,45.02
908.77,45.02
908.79,45.02
908.80,45.02
908.82,45.02
908.83,45.01
908.85,45.01
908.86,45.01
908.87,45.01
908.89,45.01
908.90,45.01
908.92,45.01
908.93,45.01
908.95,45.01
908.96,45.01
908.98,45.00
908.99,45.00
909.01,45.00
909.02,45.00
909.04,45.00
909.05,45.00
909.07,45.00
909.08,45.00
909.10,45.00
909.11,45.00
909.12,44.99
909.14,44.99
909.15,44.99
909.17,44.99
909.18,44.99
909.20,44.99
909.21,44.99
909.23,44.99
909.24,44.99
909.26,44.99
909.27,44.99
909.29,44.99
909.30,44.99
909.32,44.99
909.33,44.99
909.35,44.99
909.36,44.99
909.37,44.99
909.39,44.98
909.40,44.98
909.42,44.98
909.43,44.98
909.45,44.98
909.46,44.98
909.48,44.98
909.49,44.98
909.51,44.98
909.52,44.98
909.54,44.98
909.55,44.98
909.57,44.98
909.58,44.98
909.60,44.98
909.61,44.98
909.62,44.98
909.64,44.98
909.65,44.98
909.67,44.98
909.68,44.98
909.70,44.98
909.71,44.98
909.73,44.98
909.74,44.98
909.76,44.98
909.77,44.98
909.79,44.98
909.80,44.98
909.82,44.98
909.83,44.99
909.85,44.99
909.86,44.99
909.87,44.99
909.89,44.99
909.90,44.99
909.92,45.00
909.93,45.00
909.95,45.00
909.96,45.00
909.98,45.00
909.99,45.00
910.01,45.01
910.02,45.01
910.04,45.01
910.05,45.01
910.07,45.01
910.08,45.01
910.10,45.02
910.11,45.02
910.13,45.02
910.14,45.02
910.15,45.02
910.17,45.02
910.18,45.03
910.20,45.03
910.21,45.03
910.23,45.03
910.24,45.03
910.26,45.03
910.27,45.04
910.29,45.04
910.30,45.04
910.32,45.04
910.33,45.04
910.35,45.04
910.36,45.04
910.38,45.04
910.39,45.04
910.40,45.04
910.42,45.04
910.43,45.04
910.45,45.04
910.46,45.04
910.48,45.04
910.49,45.04
910.51,45.04
910.52,45.04
910.54,45.03
910.55,45.03
910.57,45.03
910.58,45.03
910.60,45.03
910.61,45.03
910.63,45.03
910.64,45.03
910.65,45.03
910.67,45.03
910.68,45.03
910.70,45.03
910.71,45.02
910.73,45.02
910.74,45.02
910.76,45.02
910.77,45.02
910.79,45.02
910.80,45.02
910.82,45.02
910.83,45.02
910.85,45.02
910.86,45.01
910.88,45.01
910.89,45.02
910.90,45.02
910.92,45.02
910.93,45.02
910.95,45.02
910.96,45.02
910.98,45.03
910.99,45.03
911.01,45.03
911.02,45.03
911.04,45.03
911.05,45.03
911.07,45.04
911.08,45.04
911.10,45.04
911.11,45.04
911.13,45.04
911.14,45.04
911.15,45.04
911.17,45.05
911.18,45.05
911.20,45.05
911.21,45.05
911.23,45.05
911.24,45.05
911.26,45.05
911.27,45.05
911.29,45.05
911.30,45.05
911.32,45.05
911.33,45.05
911.35,45.05
911.36,45.05
911.38,45.05
911.39,45.05
911.40,45.05
911.42,45.05
911.43,45.05
911.45,45.05
911.46,45.05
911.48,45.05
911.49,45.04
911.51,45.04
911.52,45.04
911.54,45.04
911.55,45.04
911.57,45.04
911.58,45.04
911.60,45.04
911.61,45.04
911.63,45.04
911.64,45.04
911.66,45.04
911.67,45.04
911.68,45.04
911.70,45.04
911.71,45.04
911.73,45.04
911.74,45.04
911.76,45.04
911.77,45.04
911.79,45.04
911.80,45.04
911.82,45.04
911.83,45.04
911.85,45.04
911.86,45.04
911.88,45.04
911.89,45.04
911.91,45.04
911.92,45.04
911.93,45.04
911.95,45.04
911.96,45.04
911.98,45.04
911.99,45.04
912.01,45.04
912.02,45.04
912.04,45.04
912.05,45.04
912.07,45.04
912.08,45.04
912.10,45.04
912.11,45.04
912.13,45.04
912.14,45.04
912.16,45.04
912.17,45.04
912.18,45.04
912.20,45.04
912.21,45.04
912.23,45.04
912.24,45.04
912.26,45.04
912.27,45.04
912.29,45.04
912.30,45.03
912.32,45.03
912.33,45.03
912.35,45.03
912.36,45.03
912.38,45.03
912.39,45.03
912.41,45.03
912.42,45.03
912.43,45.03
912.45,45.03
912.46,45.03
912.48,45.03
912.49,45.03
912.51,45.03
912.52,45.03
912.54,45.03
912.55,45.03
912.57,45.03
912.58,45.03
912.60,45.03
912.61,45.03
912.63,45.03
912.64,45.03
912.66,45.03
912.67,45.02
912.68,45.02
912.70,45.02
912.71,45.02
912.73,45.02
912.74,45.02
912.76,45.02
912.77,45.02
912.79,45.02
912.80,45.02
912.82,45.01
912.83,45.01
912.85,45.01
912.86,45.01
912.88,45.01
912.89,45.01
912.91,45.01
912.92,45.01
912.93,45.01
912.95,45.00
912.96,45.00
912.98,45.00
912.99,45.00
913.01,45.00
913.02,45.00
913.04,45.00
913.05,45.00
913.07,45.00
913.08,45.00
913.10,44.99
913.11,44.99
913.13,45.00
913.14,45.00
913.16,45.00
913.17,45.00
913.19,45.00
913.20,45.00
913.21,45.01
913.23,45.01
913.24,45.01
913.26,45.01
913.27,45.01
913.29,45.01
913.30,45.02
913.32,45.02
913.33,45.02
913.35,45.02
913.36,45.02
913.38,45.02
913.39,45.03
913.41,45.03
913.42,45.03
913.44,45.03
913.45,45.03
913.46,45.03
913.48,45.04
913.49,45.04
913.51,45.04
913.52,45.04
913.54,45.04
913.55,45.04
913.57,45.05
913.58,45.05
913.60,45.05
913.61,45.05
913.63,45.05
913.64,45.05
913.66,45.05
913.67,45.06
913.69,45.06
913.70,45.06
913.71,45.06
913.73,45.06
913.74,45.06
913.76,45.07
913.77,45.07
913.79,45.07
913.80,45.07
913.82,45.07
913.83,45.07
913.85,45.08
913.86,45.08
913.88,45.08
913.89,45.08
913.91,45.08
913.92,45.08
913.94,45.09
913.95,45.09
913.96,45.09
913.98,45.09
913.99,45.09
914.01,45.09
914.02,45.10
914.04,45.10
914.05,45.10
914.07,45.10
914.08,45.10
914.10,45.10
914.11,45.11
914.13,45.11
914.14,45.11
914.16,45.11
914.17,45.11
914.19,45.11
914.20,45.12
914.21,45.12
914.23,45.12
914.24,45.12
914.26,45.12
914.27,45.12
914.29,45.13
914.30,45.13
914.32,45.13
914.33,45.13
914.35,45.13
914.36,45.13
914.38,45.13
914.39,45.13
914.41,45.13
914.42,45.13
914.44,45.13
914.45,45.13
914.46,45.13
914.48,45.13
914.49,45.12
914.51,45.12
914.52,45.12
914.54,45.12
914.55,45.12
914.57,45.12
914.58,45.12
914.60,45.12
914.61,45.12
914.63,45.11
914.64,45.11
914.66,45.11
914.67,45.11
914.69,45.11
914.70,45.11
914.72,45.11
914.73,45.11
914.74,45.11
914.76,45.11
914.77,45.10
914.79,45.10
914.80,45.10
914.82,45.10
914.83,45.10
914.85,45.10
914.86,45.10
914.88,45.10
914.89,45.10
914.91,45.10
914.92,45.09
914.94,45.09
914.95,45.09
914.97,45.09
914.98,45.09
914.99,45.09
915.01,45.09
915.02,45.09
915.04,45.09
915.05,45.08
915.07,45.08
915.08,45.08
915.10,45.08
915.11,45.08
915.13,45.08
915.14,45.08
915.16,45.08
915.17,45.08
915.19,45.08
915.20,45.07
915.22,45.07
915.23,45.07
915.24,45.07
915.26,45.07
915.27,45.07
915.29,45.07
915.30,45.07
915.32,45.07
915.33,45.07
915.35,45.06
915.36,45.06
915.38,45.06
915.39,45.06
915.41,45.06
915.42,45.06
915.44,45.06
915.45,45.06
915.47,45.06
915.48,45.05
915.49,45.05
915.51,45.05
915.52,45.05
915.54,45.05
915.55,45.05
915.57,45.05
915.58,45.05
915.60,45.05
915.61,45.05
915.63,45.04
915.64,45.04
915.66,45.04
915.67,45.04
915.69,45.04
915.70,45.04
915.72,45.04
915.73,45.04
915.74,45.04
915.76,45.04
915.77,45.03
915.79,45.03
915.80,45.03
915.82,45.03
915.83,45.03
915.85,45.03
915.86,45.03
915.88,45.03
915.89,45.03
915.91,45.03
915.92,45.02
915.94,45.02
915.95,45.02
915.97,45.02
915.98,45.02
915.99,45.02
916.01,45.02
916.02,45.02
916.04,45.02
916.05,45.01
916.07,45.01
916.08,45.01
916.10,45.01
916.11,45.01
916.13,45.01
916.14,45.01
916.16,45.01
916.17,45.01
916.19,45.01
916.20,45.00
916.22,45.00
916.23,45.00
916.25,45.00
916.26,45.00
916.27,45.00
916.29,45.00
916.30,45.00
916.32,45.00
916.33,45.00
916.35,44.99
916.36,44.99
916.38,44.99
916.39,44.99
916.41,44.99
916.42,44.99
916.44,44.99
916.45,44.99
916.47,44.99
916.48,44.99
916.50,44.98
916.51,44.98
916.52,44.98
916.54,44.98
916.55,44.98
916.57,44.98
916.58,44.98
916.60,44.98
916.61,44.98
916.63,44.98
916.64,44.98
916.66,44.98
916.67,44.98
916.69,44.98
916.70,44.98
916.72,44.98
916.73,44.98
916.75,44.98
916.76,44.98
916.77,44.98
916.79,44.98
916.80,44.98
916.82,44.98
916.83,44.98
916.85,44.98
916.86,44.98
916.88,44.98
916.89,44.97
916.91,44.97
916.92,44.97
916.94,44.97
916.95,44.97
916.97,44.97
916.98,44.97
917.00,44.97
917.01,44.97
917.02,44.97
917.04,44.97
917.05,44.97
917.07,44.97
917.08,44.97
917.10,44.97
917.11,44.98
917.13,44.98
917.14,44.98
917.16,44.98
917.17,44.98
917.19,44.98
917.20,44.99
917.22,44.99
917.23,44.99
917.25,44.99
917.26,44.99
917.27,44.99
917.29,44.99
917.30,44.99
917.32,44.99
917.33,44.99
917.35,44.99
917.36,44.99
917.38,44.99
917.39,44.99
917.41,44.99
917.42,44.99
917.44,44.99
917.45,44.99
917.47,44.99
917.48,44.99
917.50,44.99
917.51,44.99
917.52,44.99
917.54,44.99
917.55,44.99
917.57,44.99
917.58,44.99
917.60,44.99
917.61,44.99
917.63,44.99
917.64,44.99
917.66,44.99
917.67,44.99
917.69,44.99
917.70,44.98
917.72,44.98
917.73,44.98
917.75,44.98
917.76,44.98
917.77,44.98
917.79,44.98
917.80,44.98
917.82,44.98
917.83,44.98
917.85,44.97
917.86,44.97
917.88,44.97
917.89,44.97
917.91,44.98
917.92,44.98
917.94,44.98
917.95,44.98
917.97,44.98
917.98,44.98
918.00,44.99
918.01,44.99
918.03,44.99
918.04,44.99
918.05,44.99
918.07,44.99
918.08,45.00
918.10,45.00
918.11,45.00
918.13,45.00
918.14,45.00
918.16,45.00
918.17,45.01
918.19,45.01
918.20,45.01
918.22,45.01
918.23,45.01
918.25,45.01
918.26,45.02
918.28,45.02
918.29,45.02
918.30,45.02
918.32,45.02
918.33,45.02
918.35,45.03
918.36,45.03
918.38,45.03
918.39,45.03
918.41,45.03
918.42,45.03
918.44,45.04
918.45,45.04
918.47,45.04
918.48,45.04
918.50,45.04
918.51,45.04
918.53,45.05
918.54,45.05
918.55,45.05
918.57,45.05
918.58,45.05
918.60,45.05
918.61,45.05
918.63,45.05
918.64,45.05
918.66,45.05
918.67,45.05
918.69,45.05
918.70,45.05
918.72,45.05
918.73,45.05
918.75,45.05
918.76,45.05
918.78,45.05
918.79,45.05
918.80,45.05
918.82,45.05
918.83,45.05
918.85,45.05
918.86,45.05
918.88,45.05
918.89,45.05
918.91,45.05
918.92,45.05
918.94,45.05
918.95,45.05
918.97,45.05
918.98,45.05
919.00,45.05
919.01,45.05
919.03,45.05
919.04,45.04
919.05,45.04
919.07,45.04
919.08,45.04
919.10,45.04
919.11,45.04
919.13,45.04
919.14,45.04
919.16,45.04
919.17,45.04
919.19,45.04
919.20,45.04
919.22,45.04
919.23,45.04
919.25,45.04
919.26,45.04
919.28,45.04
919.29,45.04
919.30,45.04
919.32,45.04
919.33,45.04
919.35,45.04
919.36,45.04
919.38,45.04
919.39,45.03
919.41,45.03
919.42,45.03
919.44,45.03
919.45,45.03
919.47,45.03
919.48,45.03
919.50,45.03
919.51,45.03
919.53,45.03
919.54,45.02
919.56,45.02
919.57,45.02
919.58,45.02
919.60,45.02
919.61,45.02
919.63,45.02
919.64,45.02
919.66,45.02
919.67,45.01
919.69,45.01
919.70,45.01
919.72,45.01
919.73,45.01
919.75,45.01
919.76,45.01
919.78,45.01
919.79,45.01
919.81,45.01
919.82,45.00
919.83,45.00
919.85,45.00
919.86,45.00
919.88,45.00
919.89,45.00
919.91,45.00
919.92,45.00
919.94,45.00
919.95,45.00
919.97,44.99
919.98,44.99
920.00,44.99
920.01,44.99
920.03,44.99
920.04,44.99
920.06,44.99
920.07,44.99
920.08,44.99
920.10,45.00
920.11,45.00
920.13,45.00
920.14,45.00
920.16,45.00
920.17,45.00
920.19,45.01
920.20,45.01
920.22,45.01
920.23,45.01
920.25,45.01
920.26,45.01
920.28,45.02
920.29,45.02
920.31,45.02
920.32,45.02
920.33,45.02
920.35,45.02
920.36,45.03
920.38,45.03
920.39,45.03
920.41,45.03
920.42,45.03
920.44,45.03
920.45,45.04
920.47,45.04
920.48,45.04
920.50,45.04
920.51,45.04
920.53,45.04
920.54,45.05
920.56,45.05
920.57,45.05
920.58,45.05
920.60,45.05
920.61,45.05
920.63,45.06
920.64,45.06
920.66,45.06
920.67,45.06
920.69,45.06
920.70,45.06
920.72,45.06
920.73,45.06
920.75,45.06
920.76,45.05
920.78,45.05
920.79,45.05
920.81,45.05
920.82,45.05
920.83,45.05
920.85,45.05
920.86,45.05
920.88,45.05
920.89,45.05
920.91,45.04
920.92,45.04
920.94,45.04
920.95,45.04
920.97,45.04
920.98,45.04
921.00,45.04
921.01,45.04
921.03,45.04
921.04,45.03
921.06,45.03
921.07,45.03
921.09,45.03
921.10,45.03
921.11,45.03
921.13,45.03
921.14,45.03
921.16,45.03
921.17,45.03
921.19,45.02
921.20,45.02
921.22,45.02
921.23,45.02
921.25,45.02
921.26,45.02
921.28,45.02
921.29,45.02
921.31,45.02
921.32,45.02
921.34,45.01
921.35,45.01
921.36,45.01
921.38,45.01
921.39,45.01
921.41,45.01
921.42,45.01
921.44,45.01
921.45,45.01
921.47,45.01
921.48,45.00
921.50,45.00
921.51,45.00
921.53,45.00
921.54,45.00
921.56,45.00
921.57,45.00
921.59,45.00
921.60,45.00
921.61,45.00
921.63,45.00
921.64,45.00
921.66,45.00
921.67,45.00
921.69,45.00
921.70,44.99
921.72,44.99
921.73,44.99
921.75,44.99
921.76,44.99
921.78,44.99
921.79,44.99
921.81,44.99
921.82,44.99
921.84,44.99
921.85,44.99
921.86,44.99
921.88,44.99
921.89,44.99
921.91,44.99
921.92,44.99
921.94,44.99
921.95,44.99
921.97,44.99
921.98,44.99
922.00,44.99
922.01,44.99
922.03,44.99
922.04,44.99
922.06,44.99
922.07,44.99
922.09,44.99
922.10,44.99
922.11,44.99
922.13,44.99
922.14,44.99
922.16,44.99
922.17,44.99
922.19,44.99
922.20,44.99
922.22,44.99
922.23,44.99
922.25,44.99
922.26,44.99
922.28,45.00
922.29,45.00
922.31,45.00
922.32,45.00
922.34,45.00
922.35,45.00
922.36,45.01
922.38,45.01
922.39,45.01
922.41,45.01
922.42,45.01
922.44,45.01
922.45,45.02
922.47,45.02
922.48,45.02
922.50,45.02
922.51,45.02
922.53,45.02
922.54,45.03
922.56,45.03
922.57,45.03
922.59,45.03
922.60,45.03
922.62,45.03
922.63,45.04
922.64,45.04
922.66,45.04
922.67,45.04
922.69,45.04
922.70,45.04
922.72,45.05
922.73,45.05
922.75,45.05
922.76,45.05
922.78,45.05
922.79,45.05
922.81,45.05
922.82,45.05
922.84,45.05
922.85,45.05
922.87,45.05
922.88,45.05
922.89,45.05
922.91,45.05
922.92,45.05
922.94,45.05
922.95,45.05
922.97,45.04
922.98,45.04
923.00,45.04
923.01,45.04
923.03,45.04
923.04,45.04
923.06,45.04
923.07,45.04
923.09,45.04
923.10,45.04
923.12,45.04
923.13,45.04
923.14,45.04
923.16,45.04
923.17,45.04
923.19,45.04
923.20,45.04
923.22,45.04
923.23,45.05
923.25,45.05
923.26,45.05
923.28,45.05
923.29,45.05
923.31,45.05
923.32,45.06
923.34,45.06
923.35,45.06
923.37,45.06
923.38,45.06
923.39,45.06
923.41,45.07
923.42,45.07
923.44,45.07
923.45,45.07
923.47,45.07
923.48,45.07
923.50,45.08
923.51,45.08
923.53,45.08
923.54,45.08
923.56,45.08
923.57,45.08
923.59,45.09
923.60,45.09
923.62,45.09
923.63,45.09
923.64,45.09
923.66,45.09
923.67,45.10
923.69,45.10
923.70,45.10
923.72,45.10
923.73,45.10
923.75,45.10
923.76,45.11
923.78,45.11
923.79,45.11
923.81,45.11
923.82,45.11
923.84,45.11
923.85,45.12
923.87,45.12
923.88,45.12
923.89,45.12
923.91,45.12
923.92,45.12
923.94,45.12
923.95,45.13
923.97,45.13
923.98,45.13
924.00,45.13
924.01,45.13
924.03,45.13
924.04,45.14
924.06,45.14
924.07,45.14
924.09,45.14
924.10,45.14
924.12,45.14
924.13,45.15
924.15,45.15
924.16,45.15
924.17,45.15
924.19,45.15
924.20,45.15
924.22,45.16
924.23,45.16
924.25,45.16
924.26,45.16
924.28,45.16
924.29,45.16
924.31,45.17
924.32,45.17
924.34,45.17
924.35,45.17
924.37,45.17
924.38,45.17
924.40,45.18
924.41,45.18
924.42,45.18
924.44,45.18
924.45,45.18
924.47,45.18
924.48,45.19
924.50,45.19
924.51,45.19
924.53,45.19
924.54,45.19
924.56,45.19
924.57,45.18
924.59,45.18
924.60,45.18
924.62,45.18
924.63,45.18
924.65,45.18
924.66,45.18
924.67,45.18
924.69,45.18
924.70,45.18
924.72,45.17
924.73,45.17
924.75,45.17
924.76,45.17
924.78,45.17
924.79,45.17
924.81,45.17
924.82,45.17
924.84,45.17
924.85,45.16
924.87,45.16
924.88,45.16
924.90,45.16
924.91,45.16
924.92,45.16
924.94,45.16
924.95,45.16
924.97,45.16
924.98,45.16
925.00,45.16
925.01,45.16
925.03,45.15
925.04,45.15
925.06,45.15
925.07,45.15
925.09,45.15
925.10,45.15
925.12,45.15
925.13,45.15
925.15,45.15
925.16,45.15
925.17,45.15
925.19,45.15
925.20,45.15
925.22,45.15
925.23,45.15
925.25,45.15
925.26,45.15
925.28,45.15
925.29,45.15
925.31,45.15
925.32,45.15
925.34,45.15
925.35,45.15
925.37,45.15
925.38,45.15
925.40,45.15
925.41,45.15
925.42,45.15
925.44,45.15
925.45,45.15
925.47,45.15
925.48,45.15
925.50,45.15
925.51,45.15
925.53,45.15
925.54,45.15
925.56,45.15
925.57,45.15
925.59,45.15
925.60,45.15
925.62,45.15
925.63,45.15
925.65,45.15
925.66,45.15
925.68,45.15
925.69,45.15
925.70,45.14
925.72,45.14
925.73,45.14
925.75,45.14
925.76,45.14
925.78,45.14
925.79,45.14
925.81,45.14
925.82,45.14
925.84,45.14
925.85,45.15
925.87,45.15
925.88,45.15
925.90,45.15
925.91,45.15
925.93,45.15
925.94,45.16
925.95,45.16
925.97,45.16
925.98,45.16
926.00,45.16
926.01,45.16
926.03,45.17
926.04,45.17
926.06,45.17
926.07,45.17
926.09,45.17
926.10,45.17
926.12,45.17
926.13,45.17
926.15,45.17
926.16,45.17
926.18,45.17
926.19,45.17
926.20,45.17
926.22,45.17
926.23,45.17
926.25,45.17
926.26,45.17
926.28,45.17
926.29,45.17
926.31,45.17
926.32,45.17
926.34,45.17
926.35,45.17
926.37,45.17
926.38,45.17
926.40,45.17
926.41,45.17
926.43,45.17
926.44,45.17
926.45,45.16
926.47,45.16
926.48,45.16
926.50,45.16
926.51,45.16
926.53,45.16
926.54,45.16
926.56,45.16
926.57,45.16
926.59,45.16
926.60,45.15
926.62,45.15
926.63,45.15
926.65,45.15
926.66,45.15
926.68,45.15
926.69,45.15
926.70,45.15
926.72,45.15
926.73,45.14
926.75,45.14
926.76,45.14
926.78,45.14
926.79,45.14
926.81,45.14
926.82,45.14
926.84,45.14
926.85,45.14
926.87,45.14
926.88,45.14
926.90,45.14
926.91,45.14
926.93,45.14
926.94,45.15
926.95,45.15
926.97,45.15
926.98,45.15
927.00,45.15
927.01,45.15
927.03,45.16
927.04,45.16
927.06,45.16
927.07,45.16
927.09,45.16
927.10,45.16
927.12,45.17
927.13,45.17
927.15,45.17
927.16,45.17
927.18,45.17
927.19,45.17
927.21,45.18
927.22,45.18
927.23,45.18
927.25,45.18
927.26,45.18
927.28,45.18
927.29,45.19
927.31,45.19
927.32,45.19
927.34,45.19
927.35,45.19
927.37,45.19
927.38,45.20
927.40,45.20
927.41,45.20
927.43,45.20
927.44,45.20
927.46,45.20
927.47,45.21
927.48,45.21
927.50,45.21
927.51,45.21
927.53,45.21
927.54,45.21
927.56,45.22
927.57,45.22
927.59,45.22
927.60,45.22
927.62,45.22
927.63,45.22
927.65,45.23
927.66,45.23
927.68,45.23
927.69,45.23
927.71,45.23
927.72,45.23
927.73,45.23
927.75,45.24
927.76,45.24
927.78,45.24
927.79,45.24
927.81,45.24
927.82,45.24
927.84,45.25
927.85,45.25
927.87,45.25
927.88,45.25
927.90,45.25
927.91,45.25
927.93,45.26
927.94,45.26
927.96,45.26
927.97,45.26
927.98,45.26
928.00,45.26
928.01,45.27
928.03,45.27
928.04,45.27
928.06,45.27
928.07,45.27
928.09,45.27
928.10,45.28
928.12,45.28
928.13,45.28
928.15,45.28
928.16,45.28
928.18,45.28
928.19,45.29
928.21,45.29
928.22,45.29
928.23,45.28
928.25,45.28
928.26,45.28
928.28,45.28
928.29,45.28
928.31,45.28
928.32,45.28
928.34,45.28
928.35,45.28
928.37,45.28
928.38,45.27
928.40,45.27
928.41,45.27
928.43,45.27
928.44,45.27
928.46,45.27
928.47,45.27
928.48,45.27
928.50,45.27
928.51,45.26
928.53,45.26
928.54,45.26
928.56,45.26
928.57,45.26
928.59,45.26
928.60,45.26
928.62,45.26
928.63,45.26
928.65,45.26
928.66,45.25
928.68,45.25
928.69,45.25
928.71,45.25
928.72,45.25
928.74,45.25
928.75,45.25
928.76,45.25
928.78,45.25
928.79,45.24
928.81,45.24
928.82,45.24
928.84,45.24
928.85,45.24
928.87,45.24
928.88,45.24
928.90,45.24
928.91,45.24
928.93,45.24
928.94,45.23
928.96,45.23
928.97,45.23
928.99,45.23
929.00,45.23
929.01,45.23
929.03,45.23
929.04,45.23
929.06,45.23
929.07,45.22
929.09,45.22
929.10,45.22
929.12,45.22
929.13,45.22
929.15,45.22
929.16,45.22
929.18,45.22
929.19,45.22
929.21,45.22
929.22,45.21
929.24,45.21
929.25,45.21
929.26,45.21
929.28,45.21
929.29,45.21
929.31,45.21
929.32,45.21
929.34,45.21
929.35,45.20
929.37,45.20
929.38,45.20
929.40,45.20
929.41,45.20
929.43,45.20
929.44,45.20
929.46,45.20
929.47,45.20
929.49,45.20
929.50,45.20
929.51,45.20
929.53,45.20
929.54,45.20
929.56,45.20
929.57,45.20
929.59,45.20
929.60,45.20
929.62,45.20
929.63,45.20
929.65,45.20
929.66,45.20
929.68,45.20
929.69,45.20
929.71,45.20
929.72,45.20
929.74,45.20
929.75,45.20
929.76,45.20
929.78,45.19
929.79,45.19
929.81,45.19
929.82,45.19
929.84,45.19
929.85,45.19
929.87,45.19
929.88,45.19
929.90,45.19
929.91,45.19
929.93,45.19
929.94,45.19
929.96,45.19
929.97,45.19
929.99,45.19
930.00,45.19
930.01,45.19
930.03,45.19
930.04,45.19
930.06,45.19
930.07,45.19
930.09,45.19
930.10,45.19
930.12,45.19
930.13,45.19
930.15,45.19
930.16,45.19
930.18,45.19
930.19,45.19
930.21,45.19
930.22,45.19
930.24,45.19
930.25,45.19
930.27,45.19
930.28,45.19
930.29,45.18
930.31,45.18
930.32,45.18
930.34,45.18
930.35,45.18
930.37,45.18
930.38,45.18
930.40,45.18
930.41,45.18
930.43,45.18
930.44,45.17
930.46,45.17
930.47,45.17
930.49,45.17
930.50,45.17
930.52,45.17
930.53,45.17
930.54,45.17
930.56,45.17
930.57,45.16
930.59,45.16
930.60,45.16
930.62,45.17
930.63,45.17
930.65,45.17
930.66,45.17
930.68,45.17
930.69,45.17
930.71,45.17
930.72,45.18
930.74,45.18
930.75,45.18
930.77,45.18
930.78,45.18
930.79,45.18
930.81,45.19
930.82,45.19
930.84,45.19
930.85,45.19
930.87,45.19
930.88,45.19
930.90,45.20
930.91,45.20
930.93,45.20
930.94,45.20
930.96,45.20
930.97,45.20
930.99,45.21
931.00,45.21
931.02,45.21
931.03,45.21
931.04,45.21
931.06,45.21
931.07,45.22
931.09,45.22
931.10,45.22
931.12,45.22
931.13,45.22
931.15,45.22
931.16,45.23
931.18,45.23
931.19,45.23
931.21,45.23
931.22,45.23
931.24,45.23
931.25,45.24
931.27,45.24
931.28,45.24
931.29,45.24
931.31,45.24
931.32,45.24
931.34,45.25
931.35,45.25
931.37,45.25
931.38,45.25
931.40,45.25
931.41,45.25
931.43,45.25
931.44,45.25
931.46,45.25
931.47,45.25
931.49,45.25
931.50,45.25
931.52,45.25
931.53,45.25
931.54,45.25
931.56,45.25
931.57,45.25
931.59,45.25
931.60,45.25
931.62,45.25
931.63,45.25
931.65,45.25
931.66,45.25
931.68,45.25
931.69,45.25
931.71,45.25
931.72,45.25
931.74,45.25
931.75,45.25
931.77,45.25
931.78,45.25
931.80,45.25
931.81,45.25
931.82,45.25
931.84,45.25
931.85,45.25
931.87,45.25
931.88,45.25
931.90,45.25
931.91,45.25
931.93,45.25
931.94,45.25
931.96,45.25
931.97,45.25
931.99,45.25
932.00,45.25
932.02,45.25
932.03,45.25
932.05,45.25
932.06,45.25
932.07,45.25
932.09,45.25
932.10,45.24
932.12,45.24
932.13,45.24
932.15,45.24
932.16,45.24
932.18,45.24
932.19,45.24
932.21,45.24
932.22,45.24
932.24,45.24
932.25,45.24
932.27,45.23
932.28,45.23
932.30,45.23
932.31,45.23
932.32,45.23
932.34,45.23
932.35,45.23
932.37,45.23
932.38,45.23
932.40,45.23
932.41,45.23
932.43,45.22
932.44,45.22
932.46,45.22
932.47,45.22
932.49,45.22
932.50,45.22
932.52,45.22
932.53,45.22
932.55,45.22
932.56,45.22
932.57,45.22
932.59,45.22
932.60,45.22
932.62,45.22
932.63,45.22
932.65,45.22
932.66,45.22
932.68,45.22
932.69,45.22
932.71,45.22
932.72,45.22
932.74,45.22
932.75,45.22
932.77,45.22
932.78,45.22
932.80,45.22
932.81,45.22
932.82,45.22
932.84,45.22
932.85,45.22
932.87,45.22
932.88,45.22
932.90,45.22
932.91,45.22
932.93,45.22
932.94,45.22
932.96,45.22
932.97,45.22
932.99,45.22
933.00,45.21
933.02,45.21
933.03,45.21
933.05,45.21
933.06,45.22
933.07,45.22
933.09,45.22
933.10,45.22
933.12,45.22
933.13,45.22
933.15,45.23
933.16,45.23
933.18,45.23
933.19,45.23
933.21,45.23
933.22,45.23
933.24,45.24
933.25,45.24
933.27,45.24
933.28,45.24
933.30,45.24
933.31,45.24
933.33,45.25
933.34,45.25
933.35,45.25
933.37,45.25
933.38,45.25
933.40,45.25
933.41,45.26
933.43,45.26
933.44,45.26
933.46,45.26
933.47,45.26
933.49,45.26
933.50,45.27
933.52,45.27
933.53,45.27
933.55,45.27
933.56,45.27
933.58,45.27
933.59,45.27
933.60,45.28
933.62,45.28
933.63,45.28
933.65,45.28
933.66,45.28
933.68,45.28
933.69,45.29
933.71,45.29
933.72,45.29
933.74,45.29
933.75,45.29
933.77,45.29
933.78,45.30
933.80,45.30
933.81,45.30
933.83,45.30
933.84,45.30
933.85,45.30
933.87,45.31
933.88,45.31
933.90,45.31
933.91,45.31
933.93,45.31
933.94,45.31
933.96,45.32
933.97,45.32
933.99,45.32
934.00,45.32
934.02,45.32
934.03,45.32
934.05,45.33
934.06,45.33
934.08,45.33
934.09,45.33
934.10,45.33
934.12,45.33
934.13,45.34
934.15,45.34
934.16,45.34
934.18,45.34
934.19,45.34
934.21,45.34
934.22,45.34
934.24,45.35
934.25,45.35
934.27,45.35
934.28,45.35
934.30,45.35
934.31,45.35
934.33,45.36
934.34,45.36
934.35,45.36
934.37,45.36
934.38,45.36
934.40,45.36
934.41,45.36
934.43,45.36
934.44,45.36
934.46,45.36
934.47,45.36
934.49,45.36
934.50,45.36
934.52,45.36
934.53,45.36
934.55,45.36
934.56,45.36
934.58,45.36
934.59,45.36
934.60,45.36
934.62,45.36
934.63,45.36
934.65,45.36
934.66,45.36
934.68,45.36
934.69,45.36
934.71,45.36
934.72,45.36
934.74,45.36
934.75,45.36
934.77,45.36
934.78,45.36
934.80,45.36
934.81,45.36
934.83,45.36
934.84,45.35
934.86,45.35
934.87,45.35
934.88,45.35
934.90,45.35
934.91,45.35
934.93,45.35
934.94,45.35
934.96,45.35
934.97,45.35
934.99,45.35
935.00,45.35
935.02,45.35
935.03,45.34
935.05,45.34
935.06,45.34
935.08,45.34
935.09,45.34
935.11,45.34
935.12,45.34
935.13,45.34
935.15,45.34
935.16,45.33
935.18,45.33
935.19,45.33
935.21,45.33
935.22,45.33
935.24,45.33
935.25,45.33
935.27,45.33
935.28,45.33
935.30,45.33
935.31,45.32
935.33,45.32
935.34,45.32
935.36,45.32
935.37,45.32
935.38,45.32
935.40,45.32
935.41,45.32
935.43,45.32
935.44,45.33
935.46,45.33
935.47,45.33
935.49,45.33
935.50,45.33
935.52,45.33
935.53,45.34
935.55,45.34
935.56,45.34
935.58,45.34
935.59,45.34
935.61,45.34
935.62,45.35
935.63,45.35
935.65,45.35
935.66,45.35
935.68,45.35
935.69,45.35
935.71,45.36
935.72,45.36
935.74,45.36
935.75,45.36
935.77,45.36
935.78,45.36
935.80,45.36
935.81,45.37
935.83,45.37
935.84,45.37
935.86,45.37
935.87,45.37
935.88,45.37
935.90,45.38
935.91,45.38
935.93,45.38
935.94,45.38
935.96,45.38
935.97,45.38
935.99,45.39
936.00,45.39
936.02,45.39
936.03,45.39
936.05,45.39
936.06,45.39
936.08,45.40
936.09,45.40
936.11,45.40
936.12,45.40
936.13,45.40
936.15,45.40
936.16,45.41
936.18,45.41
936.19,45.41
936.21,45.41
936.22,45.41
936.24,45.41
936.25,45.41
936.27,45.42
936.28,45.42
936.30,45.42
936.31,45.42
936.33,45.42
936.34,45.42
936.36,45.43
936.37,45.43
936.39,45.43
936.40,45.43
936.41,45.43
936.43,45.42
936.44,45.42
936.46,45.42
936.47,45.42
936.49,45.42
936.50,45.42
936.52,45.42
936.53,45.42
936.55,45.42
936.56,45.42
936.58,45.42
936.59,45.42
936.61,45.42
936.62,45.42
936.64,45.42
936.65,45.42
936.66,45.42
936.68,45.42
936.69,45.42
936.71,45.42
936.72,45.42
936.74,45.42
936.75,45.42
936.77,45.42
936.78,45.42
936.80,45.42
936.81,45.42
936.83,45.42
936.84,45.42
936.86,45.42
936.87,45.42
936.89,45.42
936.90,45.42
936.91,45.42
936.93,45.42
936.94,45.42
936.96,45.42
936.97,45.42
936.99,45.42
937.00,45.42
937.02,45.42
937.03,45.42
937.05,45.42
937.06,45.41
937.08,45.41
937.09,45.41
937.11,45.41
937.12,45.41
937.14,45.41
937.15,45.41
937.16,45.41
937.18,45.41
937.19,45.41
937.21,45.40
937.22,45.40
937.24,45.40
937.25,45.40
937.27,45.40
937.28,45.40
937.30,45.40
937.31,45.40
937.33,45.40
937.34,45.40
937.36,45.40
937.37,45.41
937.39,45.41
937.40,45.41
937.41,45.41
937.43,45.41
937.44,45.41
937.46,45.42
937.47,45.42
937.49,45.42
937.50,45.42
937.52,45.42
937.53,45.42
937.55,45.43
937.56,45.43
937.58,45.43
937.59,45.43
937.61,45.43
937.62,45.43
937.64,45.44
937.65,45.44
937.66,45.44
937.68,45.44
937.69,45.44
937.71,45.44
937.72,45.44
937.74,45.45
937.75,45.45
937.77,45.45
937.78,45.45
937.80,45.45
937.81,45.45
937.83,45.46
937.84,45.46
937.86,45.46
937.87,45.46
937.89,45.46
937.90,45.46
937.91,45.46
937.93,45.46
937.94,45.46
937.96,45.46
937.97,45.46
937.99,45.46
938.00,45.46
938.02,45.46
938.03,45.47
938.05,45.47
938.06,45.47
938.08,45.47
938.09,45.47
938.11,45.47
938.12,45.47
938.14,45.47
938.15,45.47
938.17,45.47
938.18,45.47
938.19,45.47
938.21,45.47
938.22,45.47
938.24,45.47
938.25,45.47
938.27,45.47
938.28,45.48
938.30,45.48
938.31,45.48
938.33,45.48
938.34,45.48
938.36,45.48
938.37,45.48
938.39,45.48
938.40,45.48
938.42,45.48
938.43,45.48
938.44,45.48
938.46,45.48
938.47,45.48
938.49,45.48
938.50,45.48
938.52,45.49
938.53,45.49
938.55,45.49
938.56,45.49
938.58,45.49
938.59,45.49
938.61,45.49
938.62,45.49
938.64,45.49
938.65,45.49
938.67,45.49
938.68,45.49
938.69,45.49
938.71,45.49
938.72,45.49
938.74,45.49
938.75,45.49
938.77,45.48
938.78,45.48
938.80,45.48
938.81,45.48
938.83,45.48
938.84,45.48
938.86,45.48
938.87,45.48
938.89,45.48
938.90,45.47
938.92,45.47
938.93,45.47
938.94,45.47
938.96,45.47
938.97,45.47
938.99,45.47
939.00,45.47
939.02,45.47
939.03,45.46
939.05,45.46
939.06,45.46
939.08,45.46
939.09,45.46
939.11,45.46
939.12,45.46
939.14,45.46
939.15,45.46
939.17,45.46
939.18,45.45
939.19,45.45
939.21,45.45
939.22,45.45
939.24,45.45
939.25,45.45
939.27,45.45
939.28,45.45
939.30,45.45
939.31,45.44
939.33,45.44
939.34,45.44
939.36,45.44
939.37,45.44
939.39,45.44
939.40,45.44
939.42,45.44
939.43,45.44
939.44,45.43
939.46,45.43
939.47,45.43
939.49,45.43
939.50,45.43
939.52,45.43
939.53,45.43
939.55,45.43
939.56,45.43
939.58,45.43
939.59,45.42
939.61,45.42
939.62,45.42
939.64,45.42
939.65,45.42
939.67,45.42
939.68,45.42
939.70,45.42
939.71,45.42
939.72,45.41
939.74,45.41
939.75,45.41
939.77,45.41
939.78,45.41
939.80,45.41
939.81,45.41
939.83,45.41
939.84,45.41
939.86,45.40
939.87,45.40
939.89,45.40
939.90,45.40
939.92,45.40
939.93,45.40
939.95,45.40
939.96,45.40
939.97,45.40
939.99,45.40
940.00,45.39
940.02,45.39
940.03,45.39
940.05,45.39
940.06,45.39
940.08,45.39
940.09,45.39
940.11,45.39
940.12,45.39
940.14,45.38
940.15,45.38
940.17,45.38
940.18,45.38
940.20,45.38
940.21,45.38
940.22,45.38
940.24,45.38
940.25,45.38
940.27,45.37
940.28,45.37
940.30,45.37
940.31,45.37
940.33,45.37
940.34,45.37
940.36,45.37
940.37,45.37
940.39,45.37
940.40,45.37
940.42,45.36
940.43,45.36
940.45,45.36
940.46,45.36
940.47,45.36
940.49,45.36
940.50,45.36
940.52,45.36
940.53,45.36
940.55,45.36
940.56,45.36
940.58,45.36
940.59,45.36
940.61,45.36
940.62,45.36
940.64,45.36
940.65,45.36
940.67,45.36
940.68,45.36
940.70,45.36
940.71,45.36
940.72,45.36
940.74,45.36
940.75,45.36
940.77,45.36
940.78,45.36
940.80,45.36
940.81,45.36
940.83,45.36
940.84,45.36
940.86,45.36
940.87,45.36
940.89,45.36
940.90,45.36
940.92,45.36
940.93,45.36
940.95,45.36
940.96,45.36
940.97,45.36
940.99,45.36
941.00,45.36
941.02,45.36
941.03,45.36
941.05,45.36
941.06,45.36
941.08,45.36
941.09,45.36
941.11,45.36
941.12,45.36
941.14,45.36
941.15,45.36
941.17,45.35
941.18,45.35
941.20,45.35
941.21,45.35
941.23,45.35
941.24,45.35
941.25,45.35
941.27,45.35
941.28,45.35
941.30,45.35
941.31,45.35
941.33,45.35
941.34,45.35
941.36,45.35
941.37,45.35
941.39,45.35
941.40,45.35
941.42,45.35
941.43,45.35
941.45,45.35
941.46,45.35
941.48,45.35
941.49,45.35
941.50,45.35
941.52,45.35
941.53,45.35
941.55,45.35
941.56,45.35
941.58,45.35
941.59,45.35
941.61,45.35
941.62,45.35
941.64,45.35
941.65,45.35
941.67,45.34
941.68,45.34
941.70,45.35
941.71,45.35
941.73,45.35
941.74,45.35
941.75,45.35
941.77,45.35
941.78,45.36
941.80,45.36
941.81,45.36
941.83,45.36
941.84,45.36
941.86,45.36
941.87,45.37
941.89,45.37
941.90,45.37
941.92,45.37
941.93,45.37
941.95,45.37
941.96,45.38
941.98,45.38
941.99,45.38
942.00,45.38
942.02,45.38
942.03,45.38
942.05,45.38
942.06,45.39
942.08,45.39
942.09,45.39
942.11,45.39
942.12,45.39
942.14,45.39
942.15,45.40
942.17,45.40
942.18,45.40
942.20,45.40
942.21,45.40
942.23,45.40
942.24,45.41
942.25,45.41
942.27,45.41
942.28,45.41
942.30,45.41
942.31,45.41
942.33,45.42
942.34,45.42
942.36,45.42
942.37,45.42
942.39,45.42
942.40,45.42
942.42,45.43
942.43,45.43
942.45,45.43
942.46,45.43
942.48,45.43
942.49,45.43
942.50,45.43
942.52,45.44
942.53,45.44
942.55,45.44
942.56,45.44
942.58,45.44
942.59,45.44
942.61,45.45
942.62,45.45
942.64,45.45
942.65,45.45
942.67,45.45
942.68,45.45
942.70,45.46
942.71,45.46
942.73,45.46
942.74,45.46
942.76,45.46
942.77,45.46
942.78,45.47
942.80,45.47
942.81,45.47
942.83,45.47
942.84,45.47
942.86,45.47
942.87,45.47
942.89,45.48
942.90,45.48
942.92,45.48
942.93,45.48
942.95,45.48
942.96,45.48
942.98,45.49
942.99,45.49
943.01,45.49
943.02,45.49
943.03,45.49
943.05,45.49
943.06,45.50
943.08,45.50
943.09,45.50
943.11,45.50
943.12,45.50
943.14,45.50
943.15,45.51
943.17,45.51
943.18,45.51
943.20,45.51
943.21,45.51
943.23,45.51
943.24,45.51
943.26,45.51
943.27,45.51
943.28,45.51
943.30,45.51
943.31,45.51
943.33,45.51
943.34,45.51
943.36,45.51
943.37,45.51
943.39,45.51
943.40,45.51
943.42,45.51
943.43,45.51
943.45,45.51
943.46,45.51
943.48,45.50
943.49,45.50
943.51,45.50
943.52,45.50
943.53,45.50
943.55,45.50
943.56,45.50
943.58,45.50
943.59,45.50
943.61,45.49
943.62,45.49
943.64,45.49
943.65,45.49
943.67,45.49
943.68,45.49
943.70,45.49
943.71,45.49
943.73,45.49
943.74,45.48
943.76,45.48
943.77,45.48
943.78,45.48
943.80,45.48
943.81,45.48
943.83,45.48
943.84,45.48
943.86,45.48
943.87,45.48
943.89,45.47
943.90,45.47
943.92,45.47
943.93,45.47
943.95,45.47
943.96,45.47
943.98,45.47
943.99,45.47
944.01,45.47
944.02,45.46
944.03,45.46
944.05,45.46
944.06,45.46
944.08,45.46
944.09,45.46
944.11,45.46
944.12,45.46
944.14,45.46
944.15,45.45
944.17,45.45
944.18,45.45
944.20,45.45
944.21,45.45
944.23,45.45
944.24,45.45
944.26,45.45
944.27,45.45
944.29,45.45
944.30,45.45
944.31,45.45
944.33,45.45
944.34,45.45
944.36,45.45
944.37,45.45
944.39,45.45
944.40,45.45
944.42,45.45
944.43,45.45
944.45,45.45
944.46,45.45
944.48,45.45
944.49,45.45
944.51,45.45
944.52,45.45
944.54,45.45
944.55,45.45
944.56,45.45
944.58,45.45
944.59,45.45
944.61,45.45
944.62,45.44
944.64,45.44
944.65,45.44
944.67,45.44
944.68,45.44
944.70,45.44
944.71,45.44
944.73,45.44
944.74,45.44
944.76,45.44
944.77,45.44
944.79,45.44
944.80,45.44
944.81,45.44
944.83,45.44
944.84,45.44
944.86,45.44
944.87,45.44
944.89,45.44
944.90,45.44
944.92,45.44
944.93,45.44
944.95,45.44
944.96,45.44
944.98,45.44
944.99,45.45
945.01,45.45
945.02,45.45
945.04,45.45
945.05,45.45
945.06,45.45
945.08,45.45
945.09,45.46
945.11,45.46
945.12,45.46
945.14,45.46
945.15,45.46
945.17,45.46
945.18,45.47
945.20,45.47
945.21,45.47
945.23,45.47
945.24,45.47
945.26,45.47
945.27,45.48
945.29,45.48
945.30,45.48
945.31,45.48
945.33,45.48
945.34,45.48
945.36,45.49
945.37,45.49
945.39,45.49
945.40,45.49
945.42,45.49
945.43,45.49
945.45,45.50
945.46,45.50
945.48,45.50
945.49,45.50
945.51,45.50
945.52,45.50
945.54,45.50
945.55,45.50
945.56,45.50
945.58,45.50
945.59,45.50
945.61,45.50
945.62,45.50
945.64,45.50
945.65,45.50
945.67,45.50
945.68,45.50
945.70,45.50
945.71,45.50
945.73,45.50
945.74,45.50
945.76,45.50
945.77,45.50
945.79,45.50
945.80,45.50
945.82,45.50
945.83,45.50
945.84,45.50
945.86,45.50
945.87,45.50
945.89,45.50
945.90,45.50
945.92,45.50
945.93,45.50
945.95,45.50
945.96,45.50
945.98,45.50
945.99,45.50
946.01,45.50
946.02,45.50
946.04,45.50
946.05,45.50
946.07,45.49
946.08,45.49
946.09,45.49
946.11,45.49
946.12,45.49
946.14,45.49
946.15,45.49
946.17,45.49
946.18,45.49
946.20,45.48
946.21,45.48
946.23,45.48
946.24,45.48
946.26,45.48
946.27,45.48
946.29,45.48
946.30,45.48
946.32,45.48
946.33,45.47
946.34,45.47
946.36,45.47
946.37,45.47
946.39,45.47
946.40,45.47
946.42,45.47
946.43,45.47
946.45,45.47
946.46,45.47
946.48,45.47
946.49,45.47
946.51,45.47
946.52,45.47
946.54,45.47
946.55,45.48
946.57,45.48
946.58,45.48
946.59,45.48
946.61,45.48
946.62,45.48
946.64,45.48
946.65,45.49
946.67,45.49
946.68,45.49
946.70,45.49
946.71,45.49
946.73,45.49
946.74,45.49
946.76,45.49
946.77,45.49
946.79,45.49
946.80,45.49
946.82,45.49
946.83,45.49
946.84,45.49
946.86,45.49
946.87,45.49
946.89,45.49
946.90,45.49
946.92,45.49
946.93,45.49
946.95,45.49
946.96,45.49
946.98,45.49
946.99,45.49
947.01,45.49
947.02,45.49
947.04,45.49
947.05,45.49
947.07,45.49
947.08,45.49
947.09,45.49
947.11,45.49
947.12,45.49
947.14,45.49
947.15,45.49
947.17,45.49
947.18,45.49
947.20,45.48
947.21,45.48
947.23,45.48
947.24,45.48
947.26,45.48
947.27,45.48
947.29,45.48
947.30,45.48
947.32,45.48
947.33,45.47
947.35,45.47
947.36,45.47
947.37,45.47
947.39,45.47
947.40,45.47
947.42,45.47
947.43,45.47
947.45,45.47
947.46,45.47
947.48,45.47
947.49,45.47
947.51,45.47
947.52,45.47
947.54,45.48
947.55,45.48
947.57,45.48
947.58,45.48
947.60,45.48
947.61,45.48
947.62,45.49
947.64,45.49
947.65,45.49
947.67,45.49
947.68,45.49
947.70,45.49
947.71,45.50
947.73,45.50
947.74,45.50
947.76,45.50
947.77,45.50
947.79,45.50
947.80,45.51
947.82,45.51
947.83,45.51
947.85,45.51
947.86,45.51
947.87,45.51
947.89,45.51
947.90,45.52
947.92,45.52
947.93,45.52
947.95,45.52
947.96,45.52
947.98,45.52
947.99,45.52
948.01,45.52
948.02,45.52
948.04,45.52
948.05,45.52
948.07,45.52
948.08,45.52
948.10,45.52
948.11,45.52
948.12,45.52
948.14,45.52
948.15,45.52
948.17,45.52
948.18,45.52
948.20,45.52
948.21,45.52
948.23,45.52
948.24,45.52
948.26,45.52
948.27,45.52
948.29,45.52
948.30,45.52
948.32,45.52
948.33,45.52
948.35,45.52
948.36,45.52
948.37,45.52
948.39,45.51
948.40,45.51
948.42,45.51
948.43,45.51
948.45,45.51
948.46,45.51
948.48,45.51
948.49,45.51
948.51,45.51
948.52,45.50
948.54,45.50
948.55,45.50
948.57,45.50
948.58,45.50
948.60,45.50
948.61,45.50
948.62,45.50
948.64,45.50
948.65,45.50
948.67,45.49
948.68,45.49
948.70,45.49
948.71,45.49
948.73,45.49
948.74,45.49
948.76,45.50
948.77,45.50
948.79,45.50
948.80,45.50
948.82,45.50
948.83,45.50
948.85,45.51
948.86,45.51
948.88,45.51
948.89,45.51
948.90,45.51
948.92,45.51
948.93,45.52
948.95,45.52
948.96,45.52
948.98,45.52
948.99,45.52
949.01,45.52
949.02,45.52
949.04,45.53
949.05,45.53
949.07,45.53
949.08,45.53
949.10,45.53
949.11,45.53
949.13,45.54
949.14,45.54
949.15,45.54
949.17,45.54
949.18,45.54
949.20,45.54
949.21,45.55
949.23,45.55
949.24,45.55
949.26,45.55
949.27,45.55
949.29,45.55
949.30,45.56
949.32,45.56
949.33,45.56
949.35,45.56
949.36,45.56
949.38,45.56
949.39,45.56
949.40,45.56
949.42,45.56
949.43,45.56
949.45,45.56
949.46,45.56
949.48,45.56
949.49,45.56
949.51,45.57
949.52,45.57
949.54,45.57
949.55,45.57
949.57,45.57
949.58,45.57
949.60,45.57
949.61,45.57
949.63,45.57
949.64,45.57
949.65,45.57
949.67,45.57
949.68,45.57
949.70,45.57
949.71,45.57
949.73,45.57
949.74,45.57
949.76,45.58
949.77,45.58
949.79,45.58
949.80,45.58
949.82,45.58
949.83,45.58
949.85,45.58
949.86,45.58
949.88,45.58
949.89,45.58
949.90,45.58
949.92,45.58
949.93,45.58
949.95,45.58
949.96,45.58
949.98,45.58
949.99,45.58
950.01,45.59
950.02,45.59
950.04,45.59
950.05,45.59
950.07,45.59
950.08,45.59
950.10,45.58
950.11,45.58
950.13,45.58
950.14,45.58
950.15,45.58
950.17,45.58
950.18,45.58
950.20,45.58
950.21,45.58
950.23,45.57
950.24,45.57
950.26,45.57
950.27,45.57
950.29,45.57
950.30,45.57
950.32,45.57
950.33,45.57
950.35,45.57
950.36,45.57
950.38,45.56
950.39,45.56
950.41,45.56
950.42,45.56
950.43,45.56
950.45,45.56
950.46,45.56
950.48,45.56
950.49,45.56
950.51,45.55
950.52,45.55
950.54,45.55
950.55,45.55
950.57,45.55
950.58,45.55
950.60,45.55
950.61,45.55
950.63,45.55
950.64,45.54
950.66,45.54
950.67,45.54
950.68,45.54
950.70,45.54
950.71,45.54
950.73,45.54
950.74,45.54
950.76,45.54
950.77,45.53
950.79,45.53
950.80,45.53
950.82,45.53
950.83,45.53
950.85,45.53
950.86,45.53
950.88,45.53
950.89,45.53
950.91,45.53
950.92,45.52
950.93,45.52
950.95,45.52
950.96,45.52
950.98,45.52
950.99,45.52
951.01,45.52
951.02,45.52
951.04,45.52
951.05,45.51
951.07,45.51
951.08,45.51
951.10,45.51
951.11,45.51
951.13,45.51
951.14,45.51
951.16,45.51
951.17,45.51
951.18,45.50
951.20,45.50
951.21,45.50
951.23,45.50
951.24,45.50
951.26,45.50
951.27,45.50
951.29,45.50
951.30,45.50
951.32,45.49
951.33,45.49
951.35,45.49
951.36,45.49
951.38,45.49
951.39,45.49
951.41,45.49
951.42,45.49
951.43,45.49
951.45,45.49
951.46,45.48
951.48,45.48
951.49,45.48
951.51,45.48
951.52,45.48
951.54,45.48
951.55,45.48
951.57,45.48
951.58,45.48
951.60,45.47
951.61,45.47
951.63,45.47
951.64,45.47
951.66,45.47
951.67,45.47
951.68,45.47
951.70,45.47
951.71,45.47
951.73,45.46
951.74,45.46
951.76,45.46
951.77,45.46
951.79,45.46
951.80,45.46
951.82,45.46
951.83,45.46
951.85,45.46
951.86,45.46
951.88,45.45
951.89,45.45
951.91,45.45
951.92,45.45
951.94,45.45
951.95,45.45
951.96,45.45
951.98,45.45
951.99,45.45
952.01,45.44
952.02,45.44
952.04,45.44
952.05,45.44
952.07,45.44
952.08,45.44
952.10,45.44
952.11,45.44
952.13,45.44
952.14,45.43
952.16,45.43
952.17,45.43
952.19,45.43
952.20,45.43
952.21,45.43
952.23,45.43
952.24,45.43
952.26,45.43
952.27,45.43
952.29,45.42
952.30,45.42
952.32,45.42
952.33,45.42
952.35,45.42
952.36,45.42
952.38,45.42
952.39,45.42
952.41,45.42
952.42,45.41
952.44,45.41
952.45,45.41
952.46,45.41
952.48,45.41
952.49,45.41
952.51,45.41
952.52,45.41
952.54,45.41
952.55,45.40
952.57,45.40
952.58,45.40
952.60,45.40
952.61,45.40
952.63,45.40
952.64,45.40
952.66,45.40
952.67,45.40
952.69,45.40
952.70,45.39
952.71,45.39
952.73,45.39
952.74,45.39
952.76,45.39
952.77,45.39
952.79,45.39
952.80,45.39
952.82,45.39
952.83,45.38
952.85,45.38
952.86,45.38
952.88,45.38
952.89,45.38
952.91,45.38
952.92,45.38
952.94,45.38
952.95,45.38
952.96,45.38
952.98,45.37
952.99,45.37
953.01,45.37
953.02,45.37
953.04,45.37
953.05,45.37
953.07,45.37
953.08,45.37
953.10,45.37
953.11,45.36
953.13,45.36
953.14,45.36
953.16,45.36
953.17,45.36
953.19,45.36
953.20,45.36
953.21,45.36
953.23,45.36
953.24,45.35
953.26,45.35
953.27,45.35
953.29,45.35
953.30,45.35
953.32,45.35
953.33,45.35
953.35,45.35
953.36,45.35
953.38,45.35
953.39,45.34
953.41,45.34
953.42,45.34
953.44,45.34
953.45,45.34
953.47,45.34
953.48,45.34
953.49,45.34
953.51,45.34
953.52,45.33
953.54,45.33
953.55,45.33
953.57,45.33
953.58,45.33
953.60,45.33
953.61,45.33
953.63,45.33
953.64,45.33
953.66,45.33
953.67,45.32
953.69,45.32
953.70,45.32
953.72,45.32
953.73,45.32
953.74,45.32
953.76,45.32
953.77,45.32
953.79,45.32
953.80,45.31
953.82,45.31
953.83,45.31
953.85,45.31
953.86,45.31
953.88,45.31
953.89,45.31
953.91,45.31
953.92,45.31
953.94,45.31
953.95,45.30
953.97,45.30
953.98,45.30
953.99,45.30
954.01,45.30
954.02,45.30
954.04,45.30
954.05,45.30
954.07,45.30
954.08,45.29
954.10,45.29
954.11,45.29
954.13,45.29
954.14,45.29
954.16,45.29
954.17,45.29
954.19,45.29
954.20,45.29
954.22,45.29
954.23,45.28
954.24,45.28
954.26,45.28
954.27,45.28
954.29,45.28
954.30,45.28
954.32,45.28
954.33,45.28
954.35,45.28
954.36,45.27
954.38,45.27
954.39,45.27
954.41,45.27
954.42,45.27
954.44,45.27
954.45,45.27
954.47,45.27
954.48,45.27
954.49,45.27
954.51,45.26
954.52,45.26
954.54,45.26
954.55,45.26
954.57,45.26
954.58,45.26
954.60,45.26
954.61,45.26
954.63,45.26
954.64,45.25
954.66,45.25
954.67,45.25
954.69,45.25
954.70,45.25
954.72,45.25
954.73,45.25
954.74,45.25
954.76,45.25
954.77,45.25
954.79,45.24
954.80,45.24
954.82,45.24
954.83,45.24
954.85,45.24
954.86,45.24
954.88,45.24
954.89,45.24
954.91,45.24
954.92,45.23
954.94,45.23
954.95,45.23
954.97,45.23
954.98,45.23
955.00,45.23
955.01,45.23
955.02,45.23
955.04,45.23
955.05,45.23
955.07,45.22
955.08,45.22
955.10,45.22
955.11,45.22
955.13,45.22
955.14,45.22
955.16,45.22
955.17,45.22
955.19,45.22
955.20,45.21
955.22,45.21
955.23,45.21
955.25,45.21
955.26,45.21
955.27,45.21
955.29,45.21
955.30,45.21
955.32,45.21
955.33,45.21
955.35,45.20
955.36,45.20
955.38,45.20
955.39,45.20
955.41,45.20
955.42,45.20
955.44,45.20
955.45,45.20
955.47,45.20
955.48,45.20
955.50,45.20
955.51,45.20
955.52,45.20
955.54,45.20
955.55,45.20
955.57,45.20
955.58,45.20
955.60,45.20
955.61,45.19
955.63,45.19
955.64,45.19
955.66,45.19
955.67,45.19
955.69,45.19
955.70,45.19
955.72,45.19
955.73,45.19
955.75,45.18
955.76,45.18
955.77,45.18
955.79,45.18
955.80,45.18
955.82,45.18
955.83,45.18
955.85,45.18
955.86,45.18
955.88,45.18
955.89,45.17
955.91,45.17
955.92,45.17
955.94,45.17
955.95,45.17
955.97,45.17
955.98,45.17
956.00,45.17
956.01,45.17
956.02,45.17
956.04,45.17
956.05,45.17
956.07,45.17
956.08,45.17
956.10,45.17
956.11,45.17
956.13,45.17
956.14,45.17
956.16,45.17
956.17,45.17
956.19,45.17
956.20,45.17
956.22,45.17
956.23,45.17
956.25,45.17
956.26,45.17
956.27,45.17
956.29,45.17
956.30,45.17
956.32,45.17
956.33,45.17
956.35,45.17
956.36,45.17
956.38,45.17
956.39,45.17
956.41,45.17
956.42,45.17
956.44,45.17
956.45,45.17
956.47,45.17
956.48,45.17
956.50,45.17
956.51,45.17
956.53,45.17
956.54,45.17
956.55,45.17
956.57,45.17
956.58,45.17
956.60,45.17
956.61,45.17
956.63,45.17
956.64,45.17
956.66,45.17
956.67,45.17
956.69,45.16
956.70,45.16
956.72,45.16
956.73,45.16
956.75,45.16
956.76,45.16
956.78,45.16
956.79,45.16
956.80,45.16
956.82,45.16
956.83,45.16
956.85,45.16
956.86,45.16
956.88,45.16
956.89,45.16
956.91,45.16
956.92,45.16
956.94,45.16
956.95,45.16
956.97,45.16
956.98,45.16
957.00,45.16
957.01,45.16
957.03,45.16
957.04,45.16
957.05,45.16
957.07,45.16
957.08,45.16
957.10,45.16
957.11,45.16
957.13,45.16
957.14,45.16
957.16,45.15
957.17,45.15
957.19,45.15
957.20,45.15
957.22,45.15
957.23,45.15
957.25,45.15
957.26,45.15
957.28,45.15
957.29,45.15
957.30,45.14
957.32,45.14
957.33,45.14
957.35,45.14
957.36,45.14
957.38,45.14
957.39,45.14
957.41,45.14
957.42,45.14
957.44,45.13
957.45,45.13
957.47,45.13
957.48,45.13
957.50,45.13
957.51,45.13
957.53,45.13
957.54,45.13
957.55,45.13
957.57,45.13
957.58,45.14
957.60,45.14
957.61,45.14
957.63,45.14
957.64,45.14
957.66,45.14
957.67,45.15
957.69,45.15
957.70,45.15
957.72,45.15
957.73,45.15
957.75,45.15
957.76,45.16
957.78,45.16
957.79,45.16
957.80,45.16
957.82,45.16
957.83,45.16
957.85,45.17
957.86,45.17
957.88,45.17
957.89,45.17
957.91,45.17
957.92,45.17
957.94,45.18
957.95,45.18
957.97,45.18
957.98,45.18
958.00,45.18
958.01,45.18
958.03,45.19
958.04,45.19
958.05,45.19
958.07,45.19
958.08,45.19
958.10,45.19
958.11,45.20
958.13,45.20
958.14,45.20
958.16,45.20
958.17,45.20
958.19,45.20
958.20,45.20
958.22,45.21
958.23,45.21
958.25,45.21
958.26,45.21
958.28,45.21
958.29,45.21
958.31,45.22
958.32,45.22
958.33,45.22
958.35,45.22
958.36,45.22
958.38,45.22
958.39,45.23
958.41,45.23
958.42,45.23
958.44,45.23
958.45,45.23
958.47,45.23
958.48,45.24
958.50,45.24
958.51,45.24
958.53,45.24
958.54,45.24
958.56,45.24
958.57,45.25
958.58,45.25
958.60,45.25
958.61,45.25
958.63,45.25
958.64,45.25
958.66,45.26
958.67,45.26
958.69,45.26
958.70,45.26
958.72,45.26
958.73,45.26
958.75,45.27
958.76,45.27
958.78,45.27
958.79,45.27
958.81,45.27
958.82,45.27
958.83,45.28
958.85,45.28
958.86,45.28
958.88,45.28
958.89,45.28
958.91,45.28
958.92,45.29
958.94,45.29
958.95,45.29
958.97,45.29
958.98,45.29
959.00,45.29
959.01,45.30
959.03,45.30
959.04,45.30
959.06,45.30
959.07,45.30
959.08,45.30
959.10,45.30
959.11,45.30
959.13,45.30
959.14,45.30
959.16,45.30
959.17,45.29
959.19,45.29
959.20,45.29
959.22,45.29
959.23,45.29
959.25,45.29
959.26,45.29
959.28,45.29
959.29,45.29
959.31,45.29
959.32,45.28
959.33,45.28
959.35,45.28
959.36,45.28
959.38,45.28
959.39,45.28
959.41,45.28
959.42,45.28
959.44,45.28
959.45,45.27
959.47,45.27
959.48,45.27
959.50,45.27
959.51,45.27
959.53,45.27
959.54,45.27
959.56,45.27
959.57,45.27
959.58,45.27
959.60,45.26
959.61,45.26
959.63,45.26
959.64,45.26
959.66,45.26
959.67,45.26
959.69,45.26
959.70,45.26
959.72,45.26
959.73,45.25
959.75,45.25
959.76,45.25
959.78,45.25
959.79,45.25
959.81,45.25
959.82,45.25
959.84,45.25
959.85,45.25
959.86,45.25
959.88,45.24
959.89,45.24
959.91,45.24
959.92,45.24
959.94,45.24
959.95,45.24
959.97,45.24
959.98,45.24
960.00,45.24
960.01,45.23
960.03,45.23
960.04,45.23
960.06,45.23
960.07,45.23
960.09,45.23
960.10,45.23
960.11,45.23
960.13,45.23
960.14,45.23
960.16,45.22
960.17,45.22
960.19,45.22
960.20,45.22
960.22,45.22
960.23,45.22
960.25,45.22
960.26,45.22
960.28,45.22
960.29,45.21
960.31,45.21
960.32,45.21
960.34,45.21
960.35,45.21
960.36,45.21
960.38,45.21
960.39,45.21
960.41,45.21
960.42,45.21
960.44,45.20
960.45,45.20
960.47,45.20
960.48,45.20
960.50,45.20
960.51,45.20
960.53,45.20
960.54,45.20
960.56,45.20
960.57,45.19
960.59,45.19
960.60,45.19
960.61,45.19
960.63,45.19
960.64,45.19
960.66,45.19
960.67,45.19
960.69,45.19
960.70,45.19
960.72,45.18
960.73,45.18
960.75,45.18
960.76,45.18
960.78,45.18
960.79,45.18
960.81,45.18
960.82,45.18
960.84,45.18
960.85,45.17
960.86,45.17
960.88,45.17
960.89,45.17
960.91,45.17
960.92,45.17
960.94,45.17
960.95,45.17
960.97,45.17
960.98,45.17
961.00,45.16
961.01,45.16
961.03,45.16
961.04,45.16
961.06,45.16
961.07,45.16
961.09,45.16
961.10,45.16
961.11,45.16
961.13,45.16
961.14,45.15
961.16,45.15
961.17,45.15
961.19,45.15
961.20,45.15
961.22,45.15
961.23,45.15
961.25,45.15
961.26,45.15
961.28,45.14
961.29,45.14
961.31,45.14
961.32,45.14
961.34,45.14
961.35,45.14
961.37,45.14
961.38,45.14
961.39,45.14
961.41,45.14
961.42,45.13
961.44,45.13
961.45,45.13
961.47,45.13
961.48,45.13
961.50,45.13
961.51,45.13
961.53,45.13
961.54,45.13
961.56,45.13
961.57,45.12
961.59,45.12
961.60,45.12
961.62,45.12
961.63,45.12
961.64,45.12
961.66,45.12
961.67,45.12
961.69,45.12
961.70,45.11
961.72,45.11
961.73,45.11
961.75,45.11
961.76,45.11
961.78,45.11
961.79,45.11
961.81,45.11
961.82,45.11
961.84,45.11
961.85,45.10
961.87,45.10
961.88,45.10
961.89,45.10
961.91,45.10
961.92,45.10
961.94,45.10
961.95,45.10
961.97,45.10
961.98,45.09
962.00,45.09
962.01,45.09
962.03,45.09
962.04,45.09
962.06,45.09
962.07,45.09
962.09,45.09
962.10,45.09
962.12,45.09
962.13,45.08
962.14,45.08
962.16,45.08
962.17,45.08
962.19,45.08
962.20,45.08
962.22,45.08
962.23,45.08
962.25,45.08
962.26,45.08
962.28,45.07
962.29,45.07
962.31,45.07
962.32,45.07
962.34,45.07
962.35,45.07
962.37,45.07
962.38,45.07
962.39,45.07
962.41,45.06
962.42,45.06
962.44,45.06
962.45,45.06
962.47,45.06
962.48,45.06
962.50,45.06
962.51,45.06
962.53,45.06
962.54,45.06
962.56,45.05
962.57,45.05
962.59,45.05
962.60,45.05
962.62,45.05
962.63,45.05
962.64,45.05
962.66,45.05
962.67,45.05
962.69,45.05
962.70,45.04
962.72,45.04
962.73,45.04
962.75,45.04
962.76,45.04
962.78,45.04
962.79,45.04
962.81,45.04
962.82,45.04
962.84,45.04
962.85,45.03
962.87,45.03
962.88,45.03
962.90,45.03
962.91,45.03
962.92,45.03
962.94,45.03
962.95,45.03
962.97,45.03
962.98,45.02
963.00,45.02
963.01,45.02
963.03,45.02
963.04,45.02
963.06,45.02
963.07,45.02
963.09,45.02
963.10,45.02
963.12,45.02
963.13,45.02
963.15,45.02
963.16,45.02
963.17,45.02
963.19,45.02
963.20,45.02
963.22,45.02
963.23,45.02
963.25,45.02
963.26,45.02
963.28,45.02
963.29,45.02
963.31,45.02
963.32,45.02
963.34,45.02
963.35,45.02
963.37,45.02
963.38,45.02
963.40,45.02
963.41,45.02
963.42,45.02
963.44,45.02
963.45,45.02
963.47,45.02
963.48,45.02
963.50,45.02
963.51,45.02
963.53,45.02
963.54,45.02
963.56,45.02
963.57,45.02
963.59,45.02
963.60,45.02
963.62,45.02
963.63,45.02
963.65,45.02
963.66,45.02
963.67,45.02
963.69,45.02
963.70,45.02
963.72,45.02
963.73,45.02
963.75,45.02
963.76,45.02
963.78,45.02
963.79,45.02
963.81,45.02
963.82,45.02
963.84,45.01
963.85,45.01
963.87,45.01
963.88,45.01
963.90,45.01
963.91,45.01
963.92,45.01
963.94,45.01
963.95,45.02
963.97,45.02
963.98,45.02
964.00,45.02
964.01,45.02
964.03,45.02
964.04,45.03
964.06,45.03
964.07,45.03
964.09,45.03
964.10,45.03
964.12,45.03
964.13,45.04
964.15,45.04
964.16,45.04
964.17,45.04
964.19,45.04
964.20,45.04
964.22,45.05
964.23,45.05
964.25,45.05
964.26,45.05
964.28,45.05
964.29,45.05
964.31,45.06
964.32,45.06
964.34,45.06
964.35,45.06
964.37,45.06
964.38,45.06
964.40,45.07
964.41,45.07
964.43,45.07
964.44,45.07
964.45,45.07
964.47,45.07
964.48,45.08
964.50,45.08
964.51,45.08
964.53,45.08
964.54,45.08
964.56,45.08
964.57,45.09
964.59,45.09
964.60,45.09
964.62,45.09
964.63,45.09
964.65,45.09
964.66,45.10
964.68,45.10
964.69,45.10
964.70,45.10
964.72,45.10
964.73,45.10
964.75,45.11
964.76,45.11
964.78,45.11
964.79,45.11
964.81,45.11
964.82,45.11
964.84,45.12
964.85,45.12
964.87,45.12
964.88,45.12
964.90,45.12
964.91,45.12
964.93,45.13
964.94,45.13
964.95,45.13
964.97,45.13
964.98,45.13
965.00,45.13
965.01,45.12
965.03,45.12
965.04,45.12
965.06,45.12
965.07,45.12
965.09,45.12
965.10,45.12
965.12,45.12
965.13,45.12
965.15,45.12
965.16,45.11
965.18,45.11
965.19,45.11
965.20,45.11
965.22,45.11
965.23,45.11
965.25,45.11
965.26,45.11
965.28,45.11
965.29,45.11
965.31,45.10
965.32,45.10
965.34,45.10
965.35,45.10
965.37,45.10
965.38,45.10
965.40,45.10
965.41,45.10
965.43,45.10
965.44,45.10
965.45,45.10
965.47,45.10
965.48,45.10
965.50,45.10
965.51,45.10
965.53,45.10
965.54,45.10
965.56,45.10
965.57,45.10
965.59,45.10
965.60,45.10
965.62,45.10
965.63,45.10
965.65,45.10
965.66,45.10
965.68,45.10
965.69,45.09
965.70,45.09
965.72,45.09
965.73,45.09
965.75,45.09
965.76,45.09
965.78,45.09
965.79,45.09
965.81,45.09
965.82,45.09
965.84,45.09
965.85,45.09
965.87,45.09
965.88,45.09
965.90,45.09
965.91,45.09
965.93,45.09
965.94,45.09
965.96,45.09
965.97,45.09
965.98,45.09
966.00,45.09
966.01,45.09
966.03,45.09
966.04,45.09
966.06,45.09
966.07,45.09
966.09,45.09
966.10,45.09
966.12,45.09
966.13,45.09
966.15,45.09
966.16,45.09
966.18,45.09
966.19,45.09
966.21,45.09
966.22,45.09
966.23,45.09
966.25,45.09
966.26,45.09
966.28,45.09
966.29,45.09
966.31,45.09
966.32,45.08
966.34,45.08
966.35,45.08
966.37,45.09
966.38,45.09
966.40,45.09
966.41,45.09
966.43,45.09
966.44,45.09
966.46,45.10
966.47,45.10
966.48,45.10
966.50,45.10
966.51,45.10
966.53,45.10
966.54,45.11
966.56,45.11
966.57,45.11
966.59,45.11
966.60,45.11
966.62,45.11
966.63,45.12
966.65,45.12
966.66,45.12
966.68,45.12
966.69,45.12
966.71,45.12
966.72,45.13
966.73,45.13
966.75,45.13
966.76,45.13
966.78,45.13
966.79,45.13
966.81,45.14
966.82,45.14
966.84,45.14
966.85,45.14
966.87,45.14
966.88,45.14
966.90,45.15
966.91,45.14
966.93,45.14
966.94,45.14
966.96,45.14
966.97,45.14
966.98,45.14
967.00,45.14
967.01,45.14
967.03,45.14
967.04,45.14
967.06,45.14
967.07,45.14
967.09,45.15
967.10,45.15
967.12,45.15
967.13,45.15
967.15,45.15
967.16,45.15
967.18,45.16
967.19,45.16
967.21,45.16
967.22,45.16
967.23,45.16
967.25,45.16
967.26,45.17
967.28,45.17
967.29,45.17
967.31,45.17
967.32,45.17
967.34,45.17
967.35,45.18
967.37,45.18
967.38,45.18
967.40,45.18
967.41,45.18
967.43,45.18
967.44,45.19
967.46,45.19
967.47,45.19
967.49,45.19
967.50,45.19
967.51,45.19
967.53,45.20
967.54,45.20
967.56,45.20
967.57,45.20
967.59,45.20
967.60,45.20
967.62,45.21
967.63,45.21
967.65,45.21
967.66,45.21
967.68,45.21
967.69,45.21
967.71,45.22
967.72,45.22
967.74,45.22
967.75,45.22
967.76,45.22
967.78,45.22
967.79,45.23
967.81,45.23
967.82,45.23
967.84,45.23
967.85,45.23
967.87,45.23
967.88,45.24
967.90,45.24
967.91,45.24
967.93,45.24
967.94,45.24
967.96,45.24
967.97,45.25
967.99,45.25
968.00,45.25
968.01,45.25
968.03,45.25
968.04,45.25
968.06,45.26
968.07,45.26
968.09,45.26
968.10,45.26
968.12,45.26
968.13,45.26
968.15,45.26
968.16,45.26
968.18,45.26
968.19,45.26
968.21,45.26
968.22,45.26
968.24,45.26
968.25,45.25
968.26,45.25
968.28,45.25
968.29,45.25
968.31,45.25
968.32,45.25
968.34,45.25
968.35,45.25
968.37,45.25
968.38,45.25
968.40,45.24
968.41,45.24
968.43,45.24
968.44,45.24
968.46,45.24
968.47,45.24
968.49,45.24
968.50,45.24
968.51,45.24
968.53,45.23
968.54,45.23
968.56,45.23
968.57,45.23
968.59,45.23
968.60,45.23
968.62,45.23
968.63,45.23
968.65,45.23
968.66,45.23
968.68,45.22
968.69,45.22
968.71,45.22
968.72,45.22
968.74,45.22
968.75,45.22
968.76,45.22
968.78,45.22
968.79,45.22
968.81,45.22
968.82,45.21
968.84,45.21
968.85,45.21
968.87,45.21
968.88,45.21
968.90,45.21
968.91,45.21
968.93,45.21
968.94,45.21
968.96,45.20
968.97,45.20
968.99,45.20
969.00,45.20
969.02,45.20
969.03,45.20
969.04,45.20
969.06,45.20
969.07,45.20
969.09,45.20
969.10,45.19
969.12,45.19
969.13,45.19
969.15,45.19
969.16,45.19
969.18,45.19
969.19,45.19
969.21,45.19
969.22,45.19
969.24,45.18
969.25,45.18
969.27,45.18
969.28,45.18
969.29,45.18
969.31,45.18
969.32,45.18
969.34,45.18
969.35,45.18
969.37,45.18
969.38,45.18
969.40,45.18
969.41,45.18
969.43,45.18
969.44,45.18
969.46,45.18
969.47,45.18
969.49,45.18
969.50,45.18
969.52,45.18
969.53,45.18
969.54,45.18
969.56,45.18
969.57,45.17
969.59,45.17
969.60,45.17
969.62,45.17
969.63,45.17
969.65,45.17
969.66,45.17
969.68,45.17
969.69,45.17
969.71,45.17
969.72,45.17
969.74,45.17
969.75,45.17
969.77,45.17
969.78,45.17
969.79,45.17
969.81,45.17
969.82,45.17
969.84,45.17
969.85,45.17
969.87,45.17
969.88,45.17
969.90,45.17
969.91,45.17
969.93,45.17
969.94,45.17
969.96,45.17
969.97,45.17
969.99,45.17
970.00,45.17
970.02,45.17
970.03,45.17
970.04,45.17
970.06,45.17
970.07,45.17
970.09,45.17
970.10,45.17
970.12,45.17
970.13,45.17
970.15,45.17
970.16,45.17
970.18,45.17
970.19,45.17
970.21,45.17
970.22,45.16
970.24,45.16
970.25,45.16
970.27,45.16
970.28,45.16
970.29,45.16
970.31,45.16
970.32,45.16
970.34,45.16
970.35,45.16
970.37,45.15
970.38,45.15
970.40,45.15
970.41,45.15
970.43,45.15
970.44,45.15
970.46,45.15
970.47,45.15
970.49,45.15
970.50,45.14
970.52,45.14
970.53,45.14
970.55,45.14
970.56,45.14
970.57,45.14
970.59,45.14
970.60,45.14
970.62,45.14
970.63,45.15
970.65,45.15
970.66,45.15
970.68,45.15
970.69,45.15
970.71,45.15
970.72,45.16
970.74,45.16
970.75,45.16
970.77,45.16
970.78,45.16
970.80,45.16
970.81,45.17
970.82,45.17
970.84,45.17
970.85,45.17
970.87,45.17
970.88,45.17
970.90,45.18
970.91,45.18
970.93,45.18
970.94,45.18
970.96,45.18
970.97,45.18
970.99,45.19
971.00,45.19
971.02,45.19
971.03,45.19
971.05,45.19
971.06,45.19
971.07,45.20
971.09,45.20
971.10,45.20
971.12,45.20
971.13,45.20
971.15,45.20
971.16,45.21
971.18,45.21
971.19,45.21
971.21,45.21
971.22,45.21
971.24,45.21
971.25,45.22
971.27,45.22
971.28,45.22
971.30,45.22
971.31,45.22
971.32,45.22
971.34,45.23
971.35,45.23
971.37,45.23
971.38,45.23
971.40,45.23
971.41,45.23
971.43,45.24
971.44,45.24
971.46,45.24
971.47,45.24
971.49,45.24
971.50,45.24
971.52,45.25
971.53,45.25
971.55,45.25
971.56,45.25
971.57,45.25
971.59,45.25
971.60,45.26
971.62,45.26
971.63,45.26
971.65,45.26
971.66,45.26
971.68,45.26
971.69,45.27
971.71,45.27
971.72,45.27
971.74,45.27
971.75,45.27
971.77,45.27
971.78,45.28
971.80,45.28
971.81,45.28
971.82,45.28
971.84,45.28
971.85,45.28
971.87,45.29
971.88,45.29
971.90,45.29
971.91,45.29
971.93,45.29
971.94,45.29
971.96,45.29
971.97,45.29
971.99,45.29
972.00,45.29
972.02,45.29
972.03,45.29
972.05,45.29
972.06,45.29
972.08,45.28
972.09,45.28
972.10,45.28
972.12,45.28
972.13,45.28
972.15,45.28
972.16,45.28
972.18,45.28
972.19,45.28
972.21,45.28
972.22,45.27
972.24,45.27
972.25,45.27
972.27,45.27
972.28,45.27
972.30,45.27
972.31,45.27
972.33,45.27
972.34,45.27
972.35,45.26
972.37,45.26
972.38,45.26
972.40,45.26
972.41,45.26
972.43,45.26
972.44,45.26
972.46,45.26
972.47,45.26
972.49,45.26
972.50,45.25
972.52,45.25
972.53,45.25
972.55,45.25
972.56,45.25
972.58,45.25
972.59,45.25
972.60,45.25
972.62,45.25
972.63,45.24
972.65,45.24
972.66,45.24
972.68,45.24
972.69,45.24
972.71,45.24
972.72,45.24
972.74,45.24
972.75,45.24
972.77,45.24
972.78,45.23
972.80,45.23
972.81,45.23
972.83,45.23
972.84,45.23
972.85,45.23
972.87,45.23
972.88,45.23
972.90,45.23
972.91,45.22
972.93,45.22
972.94,45.22
972.96,45.22
972.97,45.22
972.99,45.22
973.00,45.22
973.02,45.22
973.03,45.22
973.05,45.22
973.06,45.21
973.08,45.21
973.09,45.21
973.10,45.21
973.12,45.21
973.13,45.21
973.15,45.21
973.16,45.21
973.18,45.21
973.19,45.20
973.21,45.20
973.22,45.20
973.24,45.20
973.25,45.20
973.27,45.20
973.28,45.20
973.30,45.20
973.31,45.20
973.33,45.20
973.34,45.19
973.35,45.19
973.37,45.19
973.38,45.19
973.40,45.19
973.41,45.19
973.43,45.19
973.44,45.19
973.46,45.19
973.47,45.19
973.49,45.19
973.50,45.19
973.52,45.19
973.53,45.19
973.55,45.19
973.56,45.19
973.58,45.18
973.59,45.18
973.61,45.18
973.62,45.18
973.63,45.18
973.65,45.18
973.66,45.18
973.68,45.18
973.69,45.18
973.71,45.18
973.72,45.18
973.74,45.18
973.75,45.18
973.77,45.18
973.78,45.18
973.80,45.18
973.81,45.18
973.83,45.18
973.84,45.18
973.86,45.18
973.87,45.18
973.88,45.18
973.90,45.18
973.91,45.18
973.93,45.18
973.94,45.18
973.96,45.18
973.97,45.18
973.99,45.18
974.00,45.18
974.02,45.18
974.03,45.18
974.05,45.18
974.06,45.18
974.08,45.18
974.09,45.18
974.11,45.18
974.12,45.18
974.13,45.18
974.15,45.18
974.16,45.18
974.18,45.18
974.19,45.18
974.21,45.18
974.22,45.18
974.24,45.18
974.25,45.18
974.27,45.18
974.28,45.18
974.30,45.18
974.31,45.18
974.33,45.18
974.34,45.18
974.36,45.18
974.37,45.18
974.38,45.18
974.40,45.18
974.41,45.18
974.43,45.18
974.44,45.18
974.46,45.18
974.47,45.18
974.49,45.18
974.50,45.17
974.52,45.17
974.53,45.17
974.55,45.17
974.56,45.17
974.58,45.17
974.59,45.17
974.61,45.17
974.62,45.17
974.63,45.16
974.65,45.17
974.66,45.17
974.68,45.17
974.69,45.17
974.71,45.17
974.72,45.18
974.74,45.18
974.75,45.18
974.77,45.18
974.78,45.18
974.80,45.18
974.81,45.19
974.83,45.19
974.84,45.19
974.86,45.19
974.87,45.19
974.88,45.19
974.90,45.20
974.91,45.20
974.93,45.20
974.94,45.20
974.96,45.20
974.97,45.20
974.99,45.21
975.00,45.21
975.02,45.21
975.03,45.21
975.05,45.21
975.06,45.21
975.08,45.22
975.09,45.22
975.11,45.22
975.12,45.22
975.14,45.22
975.15,45.22
975.16,45.23
975.18,45.23
975.19,45.23
975.21,45.23
975.22,45.23
975.24,45.23
975.25,45.24
975.27,45.24
975.28,45.24
975.30,45.24
975.31,45.24
975.33,45.24
975.34,45.25
975.36,45.25
975.37,45.25
975.39,45.25
975.40,45.25
975.41,45.25
975.43,45.26
975.44,45.26
975.46,45.26
975.47,45.26
975.49,45.26
975.50,45.26
975.52,45.26
975.53,45.27
975.55,45.27
975.56,45.27
975.58,45.27
975.59,45.27
975.61,45.27
975.62,45.26
975.64,45.26
975.65,45.26
975.66,45.26
975.68,45.26
975.69,45.26
975.71,45.26
975.72,45.26
975.74,45.26
975.75,45.27
975.77,45.27
975.78,45.27
975.80,45.27
975.81,45.27
975.83,45.27
975.84,45.28
975.86,45.28
975.87,45.28
975.89,45.28
975.90,45.28
975.91,45.28
975.93,45.29
975.94,45.29
975.96,45.29
975.97,45.29
975.99,45.29
976.00,45.29
976.02,45.30
976.03,45.30
976.05,45.30
976.06,45.30
976.08,45.30
976.09,45.30
976.11,45.31
976.12,45.31
976.14,45.31
976.15,45.31
976.16,45.31
976.18,45.31
976.19,45.32
976.21,45.32
976.22,45.32
976.24,45.32
976.25,45.32
976.27,45.32
976.28,45.33
976.30,45.33
976.31,45.33
976.33,45.33
976.34,45.33
976.36,45.33
976.37,45.34
976.39,45.34
976.40,45.34
976.41,45.34
976.43,45.34
976.44,45.34
976.46,45.35
976.47,45.35
976.49,45.35
976.50,45.35
976.52,45.35
976.53,45.35
976.55,45.35
976.56,45.35
976.58,45.35
976.59,45.35
976.61,45.35
976.62,45.35
976.64,45.35
976.65,45.35
976.67,45.34
976.68,45.34
976.69,45.34
976.71,45.34
976.72,45.34
976.74,45.34
976.75,45.34
976.77,45.34
976.78,45.34
976.80,45.33
976.81,45.33
976.83,45.33
976.84,45.33
976.86,45.33
976.87,45.33
976.89,45.33
976.90,45.33
976.92,45.33
976.93,45.33
976.94,45.32
976.96,45.32
976.97,45.32
976.99,45.32
977.00,45.32
977.02,45.32
977.03,45.32
977.05,45.32
977.06,45.32
977.08,45.31
977.09,45.31
977.11,45.31
977.12,45.31
977.14,45.31
977.15,45.31
977.17,45.31
977.18,45.31
977.19,45.31
977.21,45.31
977.22,45.30
977.24,45.30
977.25,45.30
977.27,45.30
977.28,45.30
977.30,45.30
977.31,45.30
977.33,45.30
977.34,45.30
977.36,45.29
977.37,45.29
977.39,45.29
977.40,45.29
977.42,45.29
977.43,45.29
977.44,45.29
977.46,45.29
977.47,45.29
977.49,45.29
977.50,45.28
977.52,45.28
977.53,45.28
977.55,45.28
977.56,45.28
977.58,45.28
977.59,45.28
977.61,45.28
977.62,45.28
977.64,45.27
977.65,45.27
977.67,45.27
977.68,45.27
977.69,45.27
977.71,45.27
977.72,45.27
977.74,45.27
977.75,45.27
977.77,45.27
977.78,45.26
977.80,45.26
977.81,45.26
977.83,45.26
977.84,45.26
977.86,45.26
977.87,45.26
977.89,45.26
977.90,45.26
977.92,45.25
977.93,45.25
977.94,45.25
977.96,45.25
977.97,45.25
977.99,45.25
978.00,45.25
978.02,45.25
978.03,45.25
978.05,45.25
978.06,45.24
978.08,45.24
978.09,45.24
978.11,45.24
978.12,45.24
978.14,45.24
978.15,45.24
978.17,45.24
978.18,45.24
978.19,45.23
978.21,45.23
978.22,45.23
978.24,45.23
978.25,45.23
978.27,45.23
978.28,45.23
978.30,45.23
978.31,45.23
978.33,45.23
978.34,45.22
978.36,45.22
978.37,45.22
978.39,45.22
978.40,45.22
978.42,45.22
978.43,45.22
978.45,45.22
978.46,45.22
978.47,45.21
978.49,45.21
978.50,45.21
978.52,45.21
978.53,45.21
978.55,45.21
978.56,45.21
978.58,45.21
978.59,45.21
978.61,45.21
978.62,45.20
978.64,45.20
978.65,45.20
978.67,45.20
978.68,45.20
978.70,45.20
978.71,45.20
978.72,45.20
978.74,45.20
978.75,45.20
978.77,45.20
978.78,45.20
978.80,45.20
978.81,45.20
978.83,45.20
978.84,45.20
978.86,45.20
978.87,45.20
978.89,45.20
978.90,45.20
978.92,45.20
978.93,45.20
978.95,45.20
978.96,45.20
978.97,45.20
978.99,45.20
979.00,45.20
979.02,45.19
979.03,45.19
979.05,45.19
979.06,45.19
979.08,45.19
979.09,45.19
979.11,45.19
979.12,45.19
979.14,45.19
979.15,45.19
979.17,45.19
979.18,45.19
979.20,45.19
979.21,45.19
979.22,45.19
979.24,45.19
979.25,45.19
979.27,45.19
979.28,45.19
979.30,45.19
979.31,45.19
979.33,45.19
979.34,45.19
979.36,45.19
979.37,45.19
979.39,45.19
979.40,45.19
979.42,45.19
979.43,45.19
979.45,45.19
979.46,45.19
979.47,45.19
979.49,45.19
979.50,45.19
979.52,45.19
979.53,45.19
979.55,45.19
979.56,45.19
979.58,45.19
979.59,45.19
979.61,45.19
979.62,45.19
979.64,45.19
979.65,45.19
979.67,45.19
979.68,45.19
979.70,45.19
979.71,45.19
979.72,45.19
979.74,45.19
979.75,45.19
979.77,45.19
979.78,45.19
979.80,45.19
979.81,45.19
979.83,45.19
979.84,45.19
979.86,45.19
979.87,45.18
979.89,45.18
979.90,45.18
979.92,45.18
979.93,45.18
979.95,45.18
979.96,45.18
979.98,45.18
979.99,45.18
980.00,45.17
980.02,45.17
980.03,45.17
980.05,45.17
980.06,45.17
980.08,45.17
980.09,45.17
980.11,45.17
980.12,45.17
980.14,45.17
980.15,45.16
980.17,45.16
980.18,45.16
980.20,45.16
980.21,45.16
980.23,45.16
980.24,45.16
980.25,45.16
980.27,45.16
980.28,45.16
980.30,45.16
980.31,45.16
980.33,45.17
980.34,45.17
980.36,45.17
980.37,45.17
980.39,45.17
980.40,45.17
980.42,45.18
980.43,45.18
980.45,45.18
980.46,45.18
980.48,45.18
980.49,45.18
980.50,45.19
980.52,45.19
980.53,45.19
980.55,45.19
980.56,45.19
980.58,45.19
980.59,45.20
980.61,45.20
980.62,45.20
980.64,45.20
980.65,45.20
980.67,45.20
980.68,45.21
980.70,45.21
980.71,45.21
980.73,45.21
980.74,45.21
980.75,45.21
980.77,45.22
980.78,45.22
980.80,45.22
980.81,45.22
980.83,45.22
980.84,45.22
980.86,45.23
980.87,45.23
980.89,45.23
980.90,45.23
980.92,45.23
980.93,45.23
980.95,45.24
980.96,45.24
980.98,45.24
980.99,45.24
981.00,45.24
981.02,45.24
981.03,45.25
981.05,45.25
981.06,45.25
981.08,45.25
981.09,45.25
981.11,45.25
981.12,45.26
981.14,45.26
981.15,45.26
981.17,45.26
981.18,45.26
981.20,45.27
981.21,45.27
981.23,45.27
981.24,45.27
981.25,45.27
981.27,45.27
981.28,45.28
981.30,45.28
981.31,45.28
981.33,45.28
981.34,45.28
981.36,45.28
981.37,45.29
981.39,45.29
981.40,45.29
981.42,45.29
981.43,45.29
981.45,45.29
981.46,45.30
981.48,45.30
981.49,45.30
981.51,45.30
981.52,45.30
981.53,45.30
981.55,45.31
981.56,45.31
981.58,45.31
981.59,45.31
981.61,45.31
981.62,45.31
981.64,45.32
981.65,45.32
981.67,45.32
981.68,45.32
981.70,45.32
981.71,45.32
981.73,45.33
981.74,45.33
981.76,45.33
981.77,45.33
981.78,45.32
981.80,45.32
981.81,45.32
981.83,45.32
981.84,45.32
981.86,45.32
981.87,45.32
981.89,45.32
981.90,45.32
981.92,45.31
981.93,45.31
981.95,45.31
981.96,45.31
981.98,45.31
981.99,45.31
982.01,45.31
982.02,45.31
982.03,45.31
982.05,45.31
982.06,45.30
982.08,45.30
982.09,45.30
982.11,45.30
982.12,45.30
982.14,45.30
982.15,45.30
982.17,45.30
982.18,45.30
982.20,45.29
982.21,45.29
982.23,45.29
982.24,45.29
982.26,45.29
982.27,45.29
982.28,45.29
982.30,45.29
982.31,45.29
982.33,45.29
982.34,45.28
982.36,45.28
982.37,45.28
982.39,45.28
982.40,45.28
982.42,45.28
982.43,45.28
982.45,45.28
982.46,45.28
982.48,45.27
982.49,45.27
982.51,45.27
982.52,45.27
982.53,45.27
982.55,45.27
982.56,45.27
982.58,45.27
982.59,45.27
982.61,45.27
982.62,45.26
982.64,45.26
982.65,45.26
982.67,45.26
982.68,45.26
982.70,45.26
982.71,45.26
982.73,45.26
982.74,45.26
982.76,45.25
982.77,45.25
982.78,45.25
982.80,45.25
982.81,45.25
982.83,45.25
982.84,45.25
982.86,45.25
982.87,45.25
982.89,45.25
982.90,45.24
982.92,45.24
982.93,45.24
982.95,45.24
982.96,45.24
982.98,45.24
982.99,45.24
983.01,45.24
983.02,45.24
983.04,45.23
983.05,45.23
983.06,45.23
983.08,45.23
983.09,45.23
983.11,45.23
983.12,45.23
983.14,45.23
983.15,45.23
983.17,45.23
983.18,45.22
983.20,45.22
983.21,45.22
983.23,45.22
983.24,45.22
983.26,45.22
983.27,45.22
983.29,45.22
983.30,45.22
983.31,45.21
983.33,45.21
983.34,45.21
983.36,45.21
983.37,45.21
983.39,45.21
983.40,45.21
983.42,45.21
983.43,45.21
983.45,45.21
983.46,45.20
983.48,45.20
983.49,45.20
983.51,45.20
983.52,45.20
983.54,45.20
983.55,45.20
983.56,45.20
983.58,45.20
983.59,45.19
983.61,45.19
983.62,45.19
983.64,45.19
983.65,45.19
983.67,45.19
983.68,45.19
983.70,45.19
983.71,45.19
983.73,45.19
983.74,45.18
983.76,45.18
983.77,45.18
983.79,45.18
983.80,45.18
983.81,45.18
983.83,45.18
983.84,45.18
983.86,45.18
983.87,45.18
983.89,45.17
983.90,45.17
983.92,45.17
983.93,45.17
983.95,45.17
983.96,45.17
983.98,45.17
983.99,45.17
984.01,45.17
984.02,45.16
984.04,45.16
984.05,45.16
984.06,45.16
984.08,45.16
984.09,45.16
984.11,45.16
984.12,45.16
984.14,45.16
984.15,45.16
984.17,45.15
984.18,45.15
984.20,45.15
984.21,45.15
984.23,45.15
984.24,45.15
984.26,45.15
984.27,45.15
984.29,45.15
984.30,45.14
984.31,45.14
984.33,45.14
984.34,45.14
984.36,45.14
984.37,45.14
984.39,45.14
984.40,45.14
984.42,45.14
984.43,45.14
984.45,45.13
984.46,45.13
984.48,45.13
984.49,45.13
984.51,45.13
984.52,45.13
984.54,45.13
984.55,45.13
984.57,45.13
984.58,45.13
984.59,45.12
984.61,45.12
984.62,45.12
984.64,45.12
984.65,45.12
984.67,45.12
984.68,45.12
984.70,45.12
984.71,45.12
984.73,45.11
984.74,45.11
984.76,45.11
984.77,45.11
984.79,45.11
984.80,45.11
984.82,45.11
984.83,45.11
984.84,45.11
984.86,45.11
984.87,45.10
984.89,45.10
984.90,45.10
984.92,45.10
984.93,45.10
984.95,45.10
984.96,45.10
984.98,45.10
984.99,45.10
985.01,45.10
985.02,45.10
985.04,45.10
985.05,45.10
985.07,45.10
985.08,45.10
985.09,45.10
985.11,45.10
985.12,45.09
985.14,45.09
985.15,45.09
985.17,45.09
985.18,45.09
985.20,45.09
985.21,45.09
985.23,45.09
985.24,45.09
985.26,45.09
985.27,45.09
985.29,45.09
985.30,45.09
985.32,45.09
985.33,45.09
985.34,45.09
985.36,45.09
985.37,45.09
985.39,45.09
985.40,45.09
985.42,45.09
985.43,45.09
985.45,45.09
985.46,45.09
985.48,45.09
985.49,45.09
985.51,45.09
985.52,45.09
985.54,45.09
985.55,45.09
985.57,45.09
985.58,45.09
985.59,45.09
985.61,45.09
985.62,45.09
985.64,45.09
985.65,45.09
985.67,45.09
985.68,45.09
985.70,45.09
985.71,45.09
985.73,45.09
985.74,45.09
985.76,45.09
985.77,45.09
985.79,45.09
985.80,45.09
985.82,45.09
985.83,45.09
985.84,45.09
985.86,45.09
985.87,45.09
985.89,45.09
985.90,45.09
985.92,45.09
985.93,45.09
985.95,45.09
985.96,45.09
985.98,45.09
985.99,45.09
986.01,45.09
986.02,45.09
986.04,45.09
986.05,45.09
986.07,45.09
986.08,45.08
986.10,45.08
986.11,45.08
986.12,45.08
986.14,45.08
986.15,45.08
986.17,45.08
986.18,45.08
986.20,45.08
986.21,45.07
986.23,45.07
986.24,45.07
986.26,45.07
986.27,45.07
986.29,45.07
986.30,45.07
986.32,45.07
986.33,45.07
986.35,45.07
986.36,45.08
986.37,45.08
986.39,45.08
986.40,45.08
986.42,45.08
986.43,45.08
986.45,45.09
986.46,45.09
986.48,45.09
986.49,45.09
986.51,45.09
986.52,45.09
986.54,45.10
986.55,45.10
986.57,45.10
986.58,45.10
986.60,45.10
986.61,45.11
986.62,45.11
986.64,45.11
986.65,45.11
986.67,45.11
986.68,45.11
986.70,45.12
986.71,45.12
986.73,45.12
986.74,45.12
986.76,45.12
986.77,45.12
986.79,45.13
986.80,45.13
986.82,45.13
986.83,45.13
986.85,45.13
986.86,45.13
986.87,45.14
986.89,45.14
986.90,45.14
986.92,45.14
986.93,45.14
986.95,45.14
986.96,45.15
986.98,45.15
986.99,45.15
987.01,45.15
987.02,45.15
987.04,45.15
987.05,45.16
987.07,45.16
987.08,45.16
987.10,45.16
987.11,45.16
987.12,45.17
987.14,45.17
987.15,45.17
987.17,45.17
987.18,45.17
987.20,45.17
987.21,45.18
987.23,45.18
987.24,45.18
987.26,45.18
987.27,45.18
987.29,45.18
987.30,45.19
987.32,45.19
987.33,45.19
987.35,45.19
987.36,45.19
987.37,45.19
987.39,45.20
987.40,45.20
987.42,45.20
987.43,45.20
987.45,45.20
987.46,45.20
987.48,45.21
987.49,45.21
987.51,45.21
987.52,45.21
987.54,45.21
987.55,45.22
987.57,45.22
987.58,45.22
987.60,45.22
987.61,45.22
987.63,45.22
987.64,45.23
987.65,45.23
987.67,45.23
987.68,45.23
987.70,45.23
987.71,45.23
987.73,45.24
987.74,45.24
987.76,45.24
987.77,45.24
987.79,45.24
987.80,45.24
987.82,45.24
987.83,45.24
987.85,45.24
987.86,45.24
987.88,45.24
987.89,45.24
987.90,45.24
987.92,45.24
987.93,45.24
987.95,45.23
987.96,45.23
987.98,45.23
987.99,45.23
988.01,45.23
988.02,45.23
988.04,45.23
988.05,45.23
988.07,45.23
988.08,45.22
988.10,45.22
988.11,45.22
988.13,45.22
988.14,45.22
988.15,45.22
988.17,45.22
988.18,45.22
988.20,45.22
988.21,45.22
988.23,45.21
988.24,45.21
988.26,45.21
988.27,45.21
988.29,45.21
988.30,45.21
988.32,45.21
988.33,45.21
988.35,45.21
988.36,45.20
988.38,45.20
988.39,45.20
988.40,45.20
988.42,45.20
988.43,45.20
988.45,45.20
988.46,45.20
988.48,45.20
988.49,45.20
988.51,45.19
988.52,45.19
988.54,45.19
988.55,45.19
988.57,45.19
988.58,45.19
988.60,45.19
988.61,45.19
988.63,45.19
988.64,45.19
988.65,45.18
988.67,45.18
988.68,45.18
988.70,45.18
988.71,45.18
988.73,45.18
988.74,45.18
988.76,45.18
988.77,45.18
988.79,45.17
988.80,45.17
988.82,45.17
988.83,45.17
988.85,45.17
988.86,45.17
988.88,45.17
988.89,45.17
988.90,45.17
988.92,45.17
988.93,45.16
988.95,45.16
988.96,45.16
988.98,45.16
988.99,45.16
989.01,45.16
989.02,45.16
989.04,45.16
989.05,45.16
989.07,45.15
989.08,45.15
989.10,45.15
989.11,45.15
989.13,45.15
989.14,45.15
989.16,45.15
989.17,45.15
989.18,45.15
989.20,45.15
989.21,45.14
989.23,45.14
989.24,45.14
989.26,45.14
989.27,45.14
989.29,45.14
989.30,45.14
989.32,45.14
989.33,45.14
989.35,45.14
989.36,45.14
989.38,45.14
989.39,45.14
989.41,45.14
989.42,45.14
989.43,45.14
989.45,45.14
989.46,45.14
989.48,45.14
989.49,45.14
989.51,45.14
989.52,45.14
989.54,45.14
989.55,45.14
989.57,45.14
989.58,45.14
989.60,45.14
989.61,45.14
989.63,45.14
989.64,45.14
989.66,45.14
989.67,45.14
989.68,45.14
989.70,45.14
989.71,45.14
989.73,45.14
989.74,45.14
989.76,45.14
989.77,45.14
989.79,45.14
989.80,45.14
989.82,45.14
989.83,45.14
989.85,45.14
989.86,45.14
989.88,45.14
989.89,45.14
989.91,45.14
989.92,45.14
989.93,45.14
989.95,45.14
989.96,45.13
989.98,45.13
989.99,45.13
990.01,45.13
990.02,45.13
990.04,45.13
990.05,45.13
990.07,45.13
990.08,45.13
990.10,45.13
990.11,45.13
990.13,45.13
990.14,45.13
990.16,45.13
990.17,45.13
990.18,45.13
990.20,45.13
990.21,45.13
990.23,45.13
990.24,45.13
990.26,45.13
990.27,45.13
990.29,45.13
990.30,45.13
990.32,45.13
990.33,45.13
990.35,45.13
990.36,45.13
990.38,45.13
990.39,45.12
990.41,45.12
990.42,45.12
990.43,45.12
990.45,45.12
990.46,45.12
990.48,45.12
990.49,45.12
990.51,45.12
990.52,45.12
990.54,45.11
990.55,45.11
990.57,45.11
990.58,45.11
990.60,45.12
990.61,45.12
990.63,45.12
990.64,45.12
990.66,45.12
990.67,45.12
990.69,45.13
990.70,45.13
990.71,45.13
990.73,45.13
990.74,45.13
990.76,45.14
990.77,45.14
990.79,45.14
990.80,45.14
990.82,45.14
990.83,45.14
990.85,45.15
990.86,45.15
990.88,45.15
990.89,45.15
990.91,45.15
990.92,45.15
990.94,45.16
990.95,45.16
990.96,45.16
990.98,45.16
990.99,45.16
991.01,45.16
991.02,45.17
991.04,45.17
991.05,45.17
991.07,45.17
991.08,45.17
991.10,45.18
991.11,45.18
991.13,45.18
991.14,45.18
991.16,45.18
991.17,45.18
991.19,45.19
991.20,45.19
991.21,45.19
991.23,45.19
991.24,45.19
991.26,45.19
991.27,45.20
991.29,45.20
991.30,45.20
991.32,45.20
991.33,45.20
991.35,45.21
991.36,45.21
991.38,45.21
991.39,45.21
991.41,45.21
991.42,45.21
991.44,45.22
991.45,45.22
991.46,45.22
991.48,45.22
991.49,45.22
991.51,45.22
991.52,45.23
991.54,45.23
991.55,45.23
991.57,45.23
991.58,45.23
991.60,45.23
991.61,45.24
991.63,45.24
991.64,45.24
991.66,45.24
991.67,45.24
991.69,45.25
991.70,45.25
991.71,45.25
991.73,45.25
991.74,45.25
991.76,45.25
991.77,45.26
991.79,45.26
991.80,45.26
991.82,45.26
991.83,45.26
991.85,45.26
991.86,45.27
991.88,45.27
991.89,45.27
991.91,45.27
991.92,45.27
991.94,45.28
991.95,45.28
991.96,45.28
991.98,45.28
991.99,45.28
992.01,45.28
992.02,45.29
992.04,45.29
992.05,45.29
992.07,45.29
992.08,45.29
992.10,45.29
992.11,45.30
992.13,45.30
992.14,45.30
992.16,45.30
992.17,45.30
992.19,45.30
992.20,45.30
992.22,45.29
992.23,45.29
992.24,45.29
992.26,45.29
992.27,45.29
992.29,45.29
992.30,45.29
992.32,45.29
992.33,45.29
992.35,45.29
992.36,45.28
992.38,45.28
992.39,45.28
992.41,45.28
992.42,45.28
992.44,45.28
992.45,45.28
992.47,45.28
992.48,45.28
992.49,45.27
992.51,45.27
992.52,45.27
992.54,45.27
992.55,45.27
992.57,45.27
992.58,45.27
992.60,45.27
992.61,45.27
992.63,45.27
992.64,45.26
992.66,45.26
992.67,45.26
992.69,45.26
992.70,45.26
992.72,45.26
992.73,45.26
992.74,45.26
992.76,45.26
992.77,45.25
992.79,45.25
992.80,45.25
992.82,45.25
992.83,45.25
992.85,45.25
992.86,45.25
992.88,45.25
992.89,45.25
992.91,45.25
992.92,45.24
992.94,45.24
992.95,45.24
992.97,45.24
992.98,45.24
992.99,45.24
993.01,45.24
993.02,45.24
993.04,45.24
993.05,45.24
993.07,45.24
993.08,45.24
993.10,45.24
993.11,45.24
993.13,45.24
993.14,45.24
993.16,45.24
993.17,45.24
993.19,45.24
993.20,45.24
993.22,45.24
993.23,45.24
993.24,45.24
993.26,45.23
993.27,45.23
993.29,45.23
993.30,45.23
993.32,45.23
993.33,45.23
993.35,45.23
993.36,45.23
993.38,45.23
993.39,45.23
993.41,45.23
993.42,45.23
993.44,45.23
993.45,45.23
993.47,45.23
993.48,45.23
993.49,45.23
993.51,45.23
993.52,45.23
993.54,45.23
993.55,45.23
993.57,45.23
993.58,45.23
993.60,45.24
993.61,45.24
993.63,45.24
993.64,45.24
993.66,45.24
993.67,45.25
993.69,45.25
993.70,45.25
993.72,45.25
993.73,45.25
993.75,45.25
993.76,45.26
993.77,45.26
993.79,45.26
993.80,45.26
993.82,45.26
993.83,45.27
993.85,45.27
993.86,45.27
993.88,45.27
993.89,45.27
993.91,45.27
993.92,45.28
993.94,45.28
993.95,45.28
993.97,45.28
993.98,45.28
994.00,45.28
994.01,45.29
994.02,45.29
994.04,45.29
994.05,45.29
994.07,45.29
994.08,45.29
994.10,45.29
994.11,45.29
994.13,45.29
994.14,45.29
994.16,45.29
994.17,45.29
994.19,45.29
994.20,45.29
994.22,45.29
994.23,45.29
994.25,45.29
994.26,45.29
994.27,45.29
994.29,45.29
994.30,45.29
994.32,45.29
994.33,45.29
994.35,45.29
994.36,45.29
994.38,45.29
994.39,45.29
994.41,45.29
994.42,45.29
994.44,45.28
994.45,45.28
994.47,45.28
994.48,45.28
994.50,45.28
994.51,45.28
994.52,45.28
994.54,45.28
994.55,45.28
994.57,45.28
994.58,45.27
994.60,45.27
994.61,45.27
994.63,45.27
994.64,45.27
994.66,45.27
994.67,45.27
994.69,45.27
994.70,45.27
994.72,45.28
994.73,45.28
994.75,45.28
994.76,45.28
994.77,45.28
994.79,45.29
994.80,45.29
994.82,45.29
994.83,45.29
994.85,45.29
994.86,45.29
994.88,45.30
994.89,45.30
994.91,45.30
994.92,45.30
994.94,45.30
994.95,45.31
994.97,45.31
994.98,45.31
995.00,45.31
995.01,45.31
995.02,45.31
995.04,45.31
995.05,45.31
995.07,45.31
995.08,45.31
995.10,45.31
995.11,45.31
995.13,45.31
995.14,45.31
995.16,45.31
995.17,45.31
995.19,45.31
995.20,45.31
995.22,45.30
995.23,45.30
995.25,45.30
995.26,45.30
995.28,45.30
995.29,45.30
995.30,45.30
995.32,45.30
995.33,45.30
995.35,45.30
995.36,45.30
995.38,45.30
995.39,45.30
995.41,45.30
995.42,45.30
995.44,45.30
995.45,45.30
995.47,45.30
995.48,45.30
995.50,45.30
995.51,45.30
995.53,45.30
995.54,45.30
995.55,45.30
995.57,45.30
995.58,45.30
995.60,45.30
995.61,45.30
995.63,45.30
995.64,45.30
995.66,45.30
995.67,45.30
995.69,45.30
995.70,45.30
995.72,45.30
995.73,45.30
995.75,45.30
995.76,45.30
995.78,45.30
995.79,45.30
995.80,45.30
995.82,45.30
995.83,45.30
995.85,45.30
995.86,45.30
995.88,45.30
995.89,45.30
995.91,45.30
995.92,45.30
995.94,45.30
995.95,45.30
995.97,45.30
995.98,45.30
996.00,45.30
996.01,45.30
996.03,45.30
996.04,45.30
996.05,45.30
996.07,45.30
996.08,45.30
996.10,45.30
996.11,45.29
996.13,45.29
996.14,45.29
996.16,45.29
996.17,45.29
996.19,45.29
996.20,45.29
996.22,45.29
996.23,45.29
996.25,45.29
996.26,45.29
996.28,45.29
996.29,45.29
996.30,45.29
996.32,45.29
996.33,45.29
996.35,45.29
996.36,45.29
996.38,45.29
996.39,45.29
996.41,45.29
996.42,45.29
996.44,45.29
996.45,45.28
996.47,45.28
996.48,45.28
996.50,45.28
996.51,45.28
996.53,45.28
996.54,45.28
996.55,45.28
996.57,45.28
996.58,45.28
996.60,45.27
996.61,45.27
996.63,45.27
996.64,45.27
996.66,45.27
996.67,45.27
996.69,45.27
996.70,45.27
996.72,45.27
996.73,45.26
996.75,45.26
996.76,45.26
996.78,45.26
996.79,45.26
996.81,45.26
996.82,45.26
996.83,45.26
996.85,45.26
996.86,45.26
996.88,45.25
996.89,45.25
996.91,45.26
996.92,45.26
996.94,45.26
996.95,45.26
996.97,45.26
996.98,45.26
997.00,45.27
997.01,45.27
997.03,45.27
997.04,45.27
997.06,45.27
997.07,45.27
997.08,45.28
997.10,45.28
997.11,45.28
997.13,45.28
997.14,45.28
997.16,45.29
997.17,45.29
997.19,45.29
997.20,45.29
997.22,45.29
997.23,45.29
997.25,45.30
997.26,45.30
997.28,45.30
997.29,45.30
997.31,45.30
997.32,45.31
997.33,45.31
997.35,45.31
997.36,45.31
997.38,45.31
997.39,45.31
997.41,45.32
997.42,45.32
997.44,45.32
997.45,45.32
997.47,45.32
997.48,45.32
997.50,45.33
997.51,45.33
997.53,45.33
997.54,45.33
997.56,45.33
997.57,45.34
997.58,45.34
997.60,45.34
997.61,45.34
997.63,45.34
997.64,45.34
997.66,45.35
997.67,45.35
997.69,45.35
997.70,45.35
997.72,45.35
997.73,45.36
997.75,45.36
997.76,45.36
997.78,45.36
997.79,45.36
997.81,45.36
997.82,45.37
997.83,45.37
997.85,45.37
997.86,45.37
997.88,45.37
997.89,45.37
997.91,45.38
997.92,45.38
997.94,45.38
997.95,45.38
997.97,45.38
997.98,45.39
998.00,45.39
998.01,45.39
998.03,45.39
998.04,45.39
998.06,45.39
998.07,45.40
998.08,45.40
998.10,45.40
998.11,45.40
998.13,45.40
998.14,45.41
998.16,45.40
998.17,45.40
998.19,45.40
998.20,45.40
998.22,45.40
998.23,45.40
998.25,45.40
998.26,45.40
998.28,45.40
998.29,45.39
998.31,45.39
998.32,45.39
998.33,45.39
998.35,45.39
998.36,45.39
998.38,45.39
998.39,45.39
998.41,45.39
998.42,45.39
998.44,45.38
998.45,45.38
998.47,45.38
998.48,45.38
998.50,45.38
998.51,45.38
998.53,45.38
998.54,45.38
998.56,45.38
998.57,45.37
998.59,45.37
998.60,45.37
998.61,45.37
998.63,45.37
998.64,45.37
998.66,45.37
998.67,45.37
998.69,45.37
998.70,45.37
998.72,45.36
998.73,45.36
998.75,45.36
998.76,45.36
998.78,45.36
998.79,45.36
998.81,45.36
998.82,45.36
998.84,45.36
998.85,45.35
998.86,45.35
998.88,45.35
998.89,45.35
998.91,45.35
998.92,45.35
998.94,45.35
998.95,45.35
998.97,45.35
998.98,45.34
999.00,45.34
999.01,45.34
999.03,45.34
999.04,45.34
999.06,45.34
999.07,45.34
999.09,45.34
999.10,45.34
999.11,45.34
999.13,45.33
999.14,45.33
999.16,45.33
999.17,45.33
999.19,45.33
999.20,45.33
999.22,45.33
999.23,45.33
999.25,45.33
999.26,45.32
999.28,45.32
999.29,45.32
999.31,45.32
999.32,45.32
999.34,45.32
999.35,45.32
999.36,45.32
999.38,45.32
999.39,45.32
999.41,45.31
999.42,45.31
999.44,45.31
999.45,45.31
999.47,45.31
999.48,45.31
999.50,45.31
999.51,45.31
999.53,45.31
999.54,45.30
999.56,45.30
999.57,45.30
999.59,45.30
999.60,45.30
999.61,45.30
999.63,45.30
999.64,45.30
999.66,45.30
999.67,45.30
999.69,45.29
999.70,45.29
999.72,45.29
999.73,45.29
999.75,45.29
999.76,45.29
999.78,45.29
999.79,45.29
999.81,45.29
999.82,45.28
999.84,45.28
999.85,45.28
999.86,45.28
999.88,45.28
999.89,45.28
999.91,45.28
999.92,45.28
999.94,45.28
999.95,45.28
999.97,45.27
999.98,45.27
1000.00,45.27
1000.01,45.27
1000.03,45.27
1000.04,45.27
1000.06,45.27
1000.07,45.27
1000.09,45.27
1000.10,45.26
1000.12,45.26
1000.13,45.26
1000.14,45.26
1000.16,45.26
1000.17,45.26
1000.19,45.26
1000.20,45.26
1000.22,45.26
1000.23,45.26
1000.25,45.25
1000.26,45.25
1000.28,45.25
1000.29,45.25
1000.31,45.25
1000.32,45.25
1000.34,45.25
1000.35,45.25
1000.37,45.25
1000.38,45.25
1000.39,45.25
1000.41,45.25
1000.42,45.25
1000.44,45.25
1000.45,45.25
1000.47,45.25
1000.48,45.24
1000.50,45.24
1000.51,45.24
1000.53,45.24
1000.54,45.24
1000.56,45.24
1000.57,45.24
1000.59,45.24
1000.60,45.24
1000.62,45.24
1000.63,45.24
1000.64,45.24
1000.66,45.24
1000.67,45.24
1000.69,45.24
1000.70,45.24
1000.72,45.24
1000.73,45.24
1000.75,45.24
1000.76,45.24
1000.78,45.24
1000.79,45.24
1000.81,45.24
1000.82,45.24
1000.84,45.24
1000.85,45.24
1000.87,45.24
1000.88,45.24
1000.89,45.24
1000.91,45.25
1000.92,45.25
1000.94,45.25
1000.95,45.25
1000.97,45.25
1000.98,45.26
1001.00,45.26
1001.01,45.26
1001.03,45.26
1001.04,45.26
1001.06,45.26
1001.07,45.27
1001.09,45.27
1001.10,45.27
1001.12,45.27
1001.13,45.27
1001.14,45.27
1001.16,45.27
1001.17,45.27
1001.19,45.27
1001.20,45.27
1001.22,45.26
1001.23,45.26
1001.25,45.26
1001.26,45.26
1001.28,45.26
1001.29,45.26
1001.31,45.26
1001.32,45.26
1001.34,45.26
1001.35,45.26
1001.37,45.26
1001.38,45.26
1001.39,45.26
1001.41,45.26
1001.42,45.26
1001.44,45.26
1001.45,45.26
1001.47,45.26
1001.48,45.26
1001.50,45.26
1001.51,45.25
1001.53,45.25
1001.54,45.25
1001.56,45.25
1001.57,45.25
1001.59,45.25
1001.60,45.25
1001.62,45.25
1001.63,45.25
1001.65,45.24
1001.66,45.24
1001.67,45.25
1001.69,45.25
1001.70,45.25
1001.72,45.25
1001.73,45.25
1001.75,45.26
1001.76,45.26
1001.78,45.26
1001.79,45.26
1001.81,45.26
1001.82,45.26
1001.84,45.27
1001.85,45.27
1001.87,45.27
1001.88,45.27
1001.90,45.27
1001.91,45.28
1001.92,45.28
1001.94,45.28
1001.95,45.28
1001.97,45.28
1001.98,45.28
1002.00,45.29
1002.01,45.29
1002.03,45.29
1002.04,45.29
1002.06,45.29
1002.07,45.30
1002.09,45.30
1002.10,45.30
1002.12,45.30
1002.13,45.30
1002.15,45.30
1002.16,45.31
1002.17,45.31
1002.19,45.31
1002.20,45.31
1002.22,45.31
1002.23,45.32
1002.25,45.32
1002.26,45.32
1002.28,45.32
1002.29,45.32
1002.31,45.33
1002.32,45.33
1002.34,45.33
1002.35,45.33
1002.37,45.33
1002.38,45.33
1002.40,45.33
1002.41,45.33
1002.42,45.33
1002.44,45.33
1002.45,45.33
1002.47,45.33
1002.48,45.33
1002.50,45.33
1002.51,45.33
1002.53,45.33
1002.54,45.33
1002.56,45.33
1002.57,45.33
1002.59,45.33
1002.60,45.33
1002.62,45.33
1002.63,45.33
1002.65,45.33
1002.66,45.33
1002.67,45.33
1002.69,45.33
1002.70,45.33
1002.72,45.33
1002.73,45.33
1002.75,45.33
1002.76,45.33
1002.78,45.33
1002.79,45.33
1002.81,45.33
1002.82,45.33
1002.84,45.33
1002.85,45.33
1002.87,45.33
1002.88,45.33
1002.90,45.33
1002.91,45.33
1002.92,45.33
1002.94,45.33
1002.95,45.33
1002.97,45.33
1002.98,45.32
1003.00,45.32
1003.01,45.32
1003.03,45.32
1003.04,45.32
1003.06,45.32
1003.07,45.32
1003.09,45.32
1003.10,45.32
1003.12,45.32
1003.13,45.32
1003.15,45.32
1003.16,45.32
1003.18,45.32
1003.19,45.31
1003.20,45.31
1003.22,45.31
1003.23,45.31
1003.25,45.31
1003.26,45.31
1003.28,45.31
1003.29,45.31
1003.31,45.31
1003.32,45.31
1003.34,45.30
1003.35,45.30
1003.37,45.30
1003.38,45.30
1003.40,45.30
1003.41,45.30
1003.43,45.30
1003.44,45.30
1003.45,45.30
1003.47,45.29
1003.48,45.29
1003.50,45.29
1003.51,45.29
1003.53,45.29
1003.54,45.29
1003.56,45.29
1003.57,45.29
1003.59,45.29
1003.60,45.29
1003.62,45.28
1003.63,45.28
1003.65,45.28
1003.66,45.28
1003.68,45.28
1003.69,45.28
1003.70,45.28
1003.72,45.28
1003.73,45.28
1003.75,45.27
1003.76,45.27
1003.78,45.27
1003.79,45.27
1003.81,45.27
1003.82,45.27
1003.84,45.27
1003.85,45.27
1003.87,45.28
1003.88,45.28
1003.90,45.28
1003.91,45.28
1003.93,45.28
1003.94,45.28
1003.95,45.29
1003.97,45.29
1003.98,45.29
1004.00,45.29
1004.01,45.29
1004.03,45.30
1004.04,45.30
1004.06,45.30
1004.07,45.30
1004.09,45.30
1004.10,45.31
1004.12,45.31
1004.13,45.31
1004.15,45.31
1004.16,45.31
1004.18,45.31
1004.19,45.32
1004.20,45.32
1004.22,45.32
1004.23,45.32
1004.25,45.32
1004.26,45.33
1004.28,45.33
1004.29,45.33
1004.31,45.33
1004.32,45.33
1004.34,45.34
1004.35,45.34
1004.37,45.34
1004.38,45.34
1004.40,45.34
1004.41,45.34
1004.43,45.35
1004.44,45.35
1004.45,45.35
1004.47,45.35
1004.48,45.35
1004.50,45.35
1004.51,45.35
1004.53,45.34
1004.54,45.34
1004.56,45.34
1004.57,45.34
1004.59,45.34
1004.60,45.34
1004.62,45.34
1004.63,45.34
1004.65,45.34
1004.66,45.34
1004.68,45.33
1004.69,45.33
1004.71,45.33
1004.72,45.33
1004.73,45.33
1004.75,45.33
1004.76,45.33
1004.78,45.33
1004.79,45.33
1004.81,45.32
1004.82,45.32
1004.84,45.32
1004.85,45.32
1004.87,45.32
1004.88,45.32
1004.90,45.32
1004.91,45.32
1004.93,45.32
1004.94,45.32
1004.96,45.31
1004.97,45.31
1004.98,45.31
1005.00,45.31
1005.01,45.31
1005.03,45.31
1005.04,45.31
1005.06,45.31
1005.07,45.31
1005.09,45.30
1005.10,45.30
1005.12,45.30
1005.13,45.30
1005.15,45.30
1005.16,45.30
1005.18,45.30
1005.19,45.30
1005.21,45.30
1005.22,45.30
1005.23,45.29
1005.25,45.29
1005.26,45.29
1005.28,45.29
1005.29,45.29
1005.31,45.29
1005.32,45.29
1005.34,45.29
1005.35,45.29
1005.37,45.28
